ts_ms,ts_utc,open,high,low,close,base_vol,quote_vol
1786549200000,2026-08-12T15:40:00Z,148.47,148.88,148.29,148.76,114.86,17084.7758
1786549500000,2026-08-12T15:45:00Z,148.76,148.76,148.23,148.23,19.55,2903.1211
1786549800000,2026-08-12T15:50:00Z,148.23,148.47,148.23,148.33,14.82,2198.701
1786550100000,2026-08-12T15:55:00Z,148.33,148.53,148.32,148.53,20.87,3096.9121
1786550400000,2026-08-12T16:00:00Z,148.53,148.69,148.5,148.66,6.12,909.29
1786550700000,2026-08-12T16:05:00Z,148.66,148.84,148.55,148.63,12.13,1802.7906
1786551000000,2026-08-12T16:10:00Z,148.63,148.7,148.5,148.7,3.31,491.9422
1786551300000,2026-08-12T16:15:00Z,148.7,148.7,148.56,148.7,11.85,1761.6563
1786551600000,2026-08-12T16:20:00Z,148.7,148.76,148.68,148.73,2.56,380.698
1786551900000,2026-08-12T16:25:00Z,148.73,148.79,148.61,148.64,3.74,556.0275
1786552200000,2026-08-12T16:30:00Z,148.64,148.74,148.62,148.62,5.42,805.8205
1786552500000,2026-08-12T16:35:00Z,148.62,148.82,148.6,148.82,19.28,2865.5451
1786552800000,2026-08-12T16:40:00Z,148.82,148.82,148.5,148.57,41.61,6180.0337
1786553100000,2026-08-12T16:45:00Z,148.57,148.9,148.57,148.82,5.96,886.7003
1786553400000,2026-08-12T16:50:00Z,148.82,148.82,148.67,148.69,15.28,2272.9809
1786553700000,2026-08-12T16:55:00Z,148.69,148.87,148.59,148.87,2.11,313.7131
1786554000000,2026-08-12T17:00:00Z,148.87,148.87,148.65,148.66,255.82,38042.2341
1786554300000,2026-08-12T17:05:00Z,148.66,148.66,148.45,148.45,31.3,4649.1948
1786554600000,2026-08-12T17:10:00Z,148.45,148.61,148.4,148.61,6.97,1034.8562
1786554900000,2026-08-12T17:15:00Z,148.61,148.61,148.48,148.58,7.18,1066.6296
1786555200000,2026-08-12T17:20:00Z,148.58,148.67,148.44,148.59,5.91,877.6361
1786555500000,2026-08-12T17:25:00Z,148.59,148.65,148.51,148.58,5.56,825.9421
1786555800000,2026-08-12T17:30:00Z,148.58,148.81,148.49,148.81,10.66,1585.7457
1786556100000,2026-08-12T17:35:00Z,148.81,148.81,148.62,148.64,5.33,792.5739
1786556400000,2026-08-12T17:40:00Z,148.64,148.64,148.5,148.57,3.76,558.5439
1786556700000,2026-08-12T17:45:00Z,148.57,148.57,148.41,148.57,26.04,3866.209
1786557000000,2026-08-12T17:50:00Z,148.57,148.66,148.54,148.54,8.07,1199.2275
1786557300000,2026-08-12T17:55:00Z,148.54,148.93,148.44,148.93,35.91,5345.089
1786557600000,2026-08-12T18:00:00Z,148.93,148.95,148.8,148.8,38.41,5717.0407
1786557900000,2026-08-12T18:05:00Z,148.8,149.08,148.8,149.07,35.14,5231.9941
1786558200000,2026-08-12T18:10:00Z,149.07,149.3,149.01,149.12,92.95,13865.3331
1786558500000,2026-08-12T18:15:00Z,149.12,149.12,148.67,148.69,10.73,1597.1273
1786558800000,2026-08-12T18:20:00Z,148.69,148.77,148.51,148.63,17.98,2671.4606
1786559100000,2026-08-12T18:25:00Z,148.63,148.89,148.63,148.89,2.61,388.4267
1786559400000,2026-08-12T18:30:00Z,148.89,149.56,148.89,149.55,30.02,4485.3485
1786559700000,2026-08-12T18:35:00Z,149.55,149.75,149.43,149.43,14.84,2221.3061
1786560000000,2026-08-12T18:40:00Z,149.43,149.71,149.42,149.71,46.6,6970.162
1786560300000,2026-08-12T18:45:00Z,149.71,149.71,149.45,149.45,6.64,992.4819
1786560600000,2026-08-12T18:50:00Z,149.45,149.76,149.39,149.66,9.72,1454.5003
1786560900000,2026-08-12T18:55:00Z,149.66,149.93,149.63,149.77,17.36,2600.5748
1786561200000,2026-08-12T19:00:00Z,149.77,150.2,149.77,150.09,11,1651.1305
1786561500000,2026-08-12T19:05:00Z,150.09,150.77,150.09,150.28,116.09,17481.7894
1786561800000,2026-08-12T19:10:00Z,150.28,150.28,149.56,149.58,50.42,7561.5155
1786562100000,2026-08-12T19:15:00Z,149.58,149.91,149.58,149.84,11.18,1674.4697
1786562400000,2026-08-12T19:20:00Z,149.84,149.84,149.72,149.72,0.16,23.9552
1786562700000,2026-08-12T19:25:00Z,149.72,150.7,149.72,150.05,128.36,19270.5355
1786563000000,2026-08-12T19:30:00Z,150.05,150.05,149.77,149.91,25.57,3832.6181
1786563300000,2026-08-12T19:35:00Z,149.91,149.91,149.24,149.24,13.21,1972.66
1786563600000,2026-08-12T19:40:00Z,149.24,149.37,148.96,148.98,151.12,22520.0895
1786563900000,2026-08-12T19:45:00Z,148.98,149.07,148.71,148.71,36.82,5477.159
1786564200000,2026-08-12T19:50:00Z,148.71,148.96,148.34,148.96,205.45,30540.6854
1786564500000,2026-08-12T19:55:00Z,148.96,149.35,148.81,149.28,64.19,9565.5011
1786564800000,2026-08-12T20:00:00Z,149.28,149.66,149.28,149.62,10.32,1543.1513
1786565100000,2026-08-12T20:05:00Z,149.62,149.62,149.36,149.36,34.67,5179.4085
1786565400000,2026-08-12T20:10:00Z,149.36,149.54,149.36,149.52,10.73,1603.4351
1786565700000,2026-08-12T20:15:00Z,149.52,149.56,149.41,149.56,17.68,2642.5753
1786566000000,2026-08-12T20:20:00Z,149.56,149.58,149.48,149.5,21.65,3236.7419
1786566300000,2026-08-12T20:25:00Z,149.5,149.64,149.5,149.63,0.66,98.7333
1786566600000,2026-08-12T20:30:00Z,149.63,149.71,149.58,149.71,2.98,445.9241
1786566900000,2026-08-12T20:35:00Z,149.71,149.71,149.65,149.71,0.85,127.236
1786567200000,2026-08-12T20:40:00Z,149.71,149.79,149.7,149.79,2.1,314.4944
1786567500000,2026-08-12T20:45:00Z,149.79,149.79,149.46,149.52,24.92,3727.7902
1786567800000,2026-08-12T20:50:00Z,149.52,149.63,149.52,149.59,1.99,297.6683
1786568100000,2026-08-12T20:55:00Z,149.59,149.67,149.52,149.61,5.14,769.0444
1786568400000,2026-08-12T21:00:00Z,149.61,149.74,149.5,149.68,12.19,1823.0136
1786568700000,2026-08-12T21:05:00Z,149.68,149.71,149.68,149.71,0.61,91.3231
1786569000000,2026-08-12T21:10:00Z,149.71,149.81,149.68,149.77,6.51,974.9145
1786569300000,2026-08-12T21:15:00Z,149.77,149.77,149.75,149.75,0.01,1.4975
1786569600000,2026-08-12T21:20:00Z,149.75,149.75,149.75,149.75,0,0
1786569900000,2026-08-12T21:25:00Z,149.75,149.75,149.52,149.53,5.73,856.7817
1786570200000,2026-08-12T21:30:00Z,149.53,149.59,149.51,149.52,6.89,1030.1757
1786570500000,2026-08-12T21:35:00Z,149.52,149.62,149.48,149.62,508.69,76063.5103
1786570800000,2026-08-12T21:40:00Z,149.62,149.81,149.46,149.46,24.15,3612.4487
1786571100000,2026-08-12T21:45:00Z,149.46,149.64,149.46,149.64,0.19,28.4281
1786571400000,2026-08-12T21:50:00Z,149.64,149.69,149.64,149.69,8.7,1302.303
1786571700000,2026-08-12T21:55:00Z,149.69,149.69,149.4,149.4,0.53,79.209
1786572000000,2026-08-12T22:00:00Z,149.4,149.43,149.39,149.39,46.84,6998.4832
1786572300000,2026-08-12T22:05:00Z,149.39,149.49,149.39,149.49,3.49,521.7142
1786572600000,2026-08-12T22:10:00Z,149.49,149.55,149.49,149.55,3.34,499.497
1786572900000,2026-08-12T22:15:00Z,149.55,149.66,149.55,149.66,0.34,50.8814
1786573200000,2026-08-12T22:20:00Z,149.66,149.66,149.66,149.66,0,0
1786573500000,2026-08-12T22:25:00Z,149.66,149.66,149.48,149.49,3.69,551.6185
1786573800000,2026-08-12T22:30:00Z,149.49,149.49,149.42,149.42,3.3,493.086
1786574100000,2026-08-12T22:35:00Z,149.42,149.43,149.42,149.43,3.01,449.7843
1786574400000,2026-08-12T22:40:00Z,149.43,149.43,149.36,149.43,14.29,2134.9618
1786574700000,2026-08-12T22:45:00Z,149.43,149.43,149.43,149.43,0,0
1786575000000,2026-08-12T22:50:00Z,149.43,149.54,149.42,149.51,15.85,2368.5345
1786575300000,2026-08-12T22:55:00Z,149.51,149.53,149.51,149.53,0.16,23.9248
1786575600000,2026-08-12T23:00:00Z,149.53,149.53,149.52,149.52,0.3,44.856
1786575900000,2026-08-12T23:05:00Z,149.52,149.56,149.52,149.56,0.3,44.868
1786576200000,2026-08-12T23:10:00Z,149.56,149.56,149.54,149.54,0.31,46.3574
1786576500000,2026-08-12T23:15:00Z,149.54,149.54,149.49,149.49,0.9,134.541
1786576800000,2026-08-12T23:20:00Z,149.49,149.49,149.49,149.49,0,0
1786577100000,2026-08-12T23:25:00Z,149.49,149.52,149.49,149.52,0.3,44.856
1786577400000,2026-08-12T23:30:00Z,149.52,149.52,149.52,149.52,0,0
1786577700000,2026-08-12T23:35:00Z,149.52,149.58,149.51,149.51,19.9,2975.2546
1786578000000,2026-08-12T23:40:00Z,149.51,149.51,149.51,149.51,0,0
1786578300000,2026-08-12T23:45:00Z,149.51,149.53,149.51,149.53,0.07,10.4671
1786578600000,2026-08-12T23:50:00Z,149.53,149.53,149.48,149.48,13.64,2039.183
1786578900000,2026-08-12T23:55:00Z,149.48,149.49,149.48,149.49,13.37,1998.6813
1786579200000,2026-08-13T00:00:00Z,149.49,149.92,149.49,149.7,14.01,2096.9568
1786579500000,2026-08-13T00:05:00Z,149.7,149.89,149.7,149.87,4.9,734.1716
1786579800000,2026-08-13T00:10:00Z,149.87,149.96,149.8,149.88,22.13,3316.8121
1786580100000,2026-08-13T00:15:00Z,149.88,149.92,149.84,149.91,22.53,3376.9325
1786580400000,2026-08-13T00:20:00Z,149.91,149.93,149.89,149.89,7.68,1151.2884
1786580700000,2026-08-13T00:25:00Z,149.89,149.89,149.74,149.74,8.69,1301.4384
1786581000000,2026-08-13T00:30:00Z,149.74,149.98,149.68,149.73,16.96,2541.6637
1786581300000,2026-08-13T00:35:00Z,149.73,149.94,149.73,149.83,33.32,4995.4934
1786581600000,2026-08-13T00:40:00Z,149.83,149.85,149.75,149.82,3.44,515.3941
1786581900000,2026-08-13T00:45:00Z,149.82,150,149.82,150,1.43,214.4207
1786582200000,2026-08-13T00:50:00Z,150,150.02,150,150.02,0.82,123.0164
1786582500000,2026-08-13T00:55:00Z,150.02,150.02,149.89,149.89,14.25,2136.7666
1786582800000,2026-08-13T01:00:00Z,149.89,149.89,149.75,149.75,2.56,383.494
1786583100000,2026-08-13T01:05:00Z,149.75,149.8,149.73,149.73,0.63,94.3532
1786583400000,2026-08-13T01:10:00Z,149.73,149.84,149.73,149.84,0.47,70.4219
1786583700000,2026-08-13T01:15:00Z,149.84,149.84,149.82,149.83,1.39,208.2508
1786584000000,2026-08-13T01:20:00Z,149.83,149.83,149.67,149.67,0.29,43.4043
1786584300000,2026-08-13T01:25:00Z,149.67,149.67,149.39,149.39,25.68,3837.4473
1786584600000,2026-08-13T01:30:00Z,149.39,149.49,149.39,149.49,29.75,4445.3574
1786584900000,2026-08-13T01:35:00Z,149.49,149.63,149.49,149.63,1.95,291.7539
1786585200000,2026-08-13T01:40:00Z,149.63,149.63,149.53,149.54,0.6,89.751
1786585500000,2026-08-13T01:45:00Z,149.54,149.58,149.54,149.58,33.43,5000.007
1786585800000,2026-08-13T01:50:00Z,149.58,149.67,149.58,149.67,1.87,279.8531
1786586100000,2026-08-13T01:55:00Z,149.67,149.73,149.67,149.73,0.97,145.2381
1786586400000,2026-08-13T02:00:00Z,149.73,149.73,149.64,149.69,16.21,2426.4744
1786586700000,2026-08-13T02:05:00Z,149.69,149.69,149.69,149.69,0,0
1786587000000,2026-08-13T02:10:00Z,149.69,149.69,149.69,149.69,0.08,11.9752
1786587300000,2026-08-13T02:15:00Z,149.69,149.69,149.69,149.69,0.08,11.9752
1786587600000,2026-08-13T02:20:00Z,149.69,149.69,149.62,149.62,0.39,58.3566
1786587900000,2026-08-13T02:25:00Z,149.62,149.67,149.62,149.67,0.6,89.802
1786588200000,2026-08-13T02:30:00Z,149.67,149.67,149.21,149.21,133.33,19898.1607
1786588500000,2026-08-13T02:35:00Z,149.21,149.44,149.21,149.44,1.17,174.7427
1786588800000,2026-08-13T02:40:00Z,149.44,149.64,149.44,149.64,27.4,4097.6721
1786589100000,2026-08-13T02:45:00Z,149.64,149.77,149.64,149.77,0.19,28.4433
1786589400000,2026-08-13T02:50:00Z,149.77,149.77,149.71,149.71,0.6,89.826
1786589700000,2026-08-13T02:55:00Z,149.71,149.71,149.71,149.71,0,0
1786590000000,2026-08-13T03:00:00Z,149.71,149.71,149.71,149.71,0,0
1786590300000,2026-08-13T03:05:00Z,149.71,149.71,149.66,149.7,36.16,5411.8142
1786590600000,2026-08-13T03:10:00Z,149.7,149.76,149.7,149.76,0.31,46.4256
1786590900000,2026-08-13T03:15:00Z,149.76,149.76,149.76,149.76,0,0
1786591200000,2026-08-13T03:20:00Z,149.76,149.98,149.76,149.98,23.65,3545.1078
1786591500000,2026-08-13T03:25:00Z,149.98,149.98,149.88,149.88,1.06,158.9142
1786591800000,2026-08-13T03:30:00Z,149.88,149.96,149.88,149.93,13.98,2095.8264
1786592100000,2026-08-13T03:35:00Z,149.93,149.93,149.88,149.92,13.2,1978.5015
1786592400000,2026-08-13T03:40:00Z,149.92,149.92,149.87,149.87,11.68,1750.5428
1786592700000,2026-08-13T03:45:00Z,149.87,149.87,149.87,149.87,0.31,46.4597
1786593000000,2026-08-13T03:50:00Z,149.87,150.02,149.87,150.02,0.76,114.0066
1786593300000,2026-08-13T03:55:00Z,150.02,150.02,149.94,149.94,6.62,992.9628
1786593600000,2026-08-13T04:00:00Z,149.94,149.94,149.87,149.87,6.32,947.225
1786593900000,2026-08-13T04:05:00Z,149.87,149.97,149.87,149.97,6.39,957.9923
1786594200000,2026-08-13T04:10:00Z,149.97,149.97,149.87,149.87,27.51,4122.9859
1786594500000,2026-08-13T04:15:00Z,149.87,149.87,149.8,149.8,0.98,146.8275
1786594800000,2026-08-13T04:20:00Z,149.8,149.8,149.64,149.65,6.27,938.2804
1786595100000,2026-08-13T04:25:00Z,149.65,149.65,149.65,149.65,0,0
1786595400000,2026-08-13T04:30:00Z,149.65,149.84,149.65,149.84,0.05,7.492
1786595700000,2026-08-13T04:35:00Z,149.84,149.92,149.84,149.91,4.37,655.1052
1786596000000,2026-08-13T04:40:00Z,149.91,150,149.91,149.96,5.44,815.8342
1786596300000,2026-08-13T04:45:00Z,149.96,150.03,149.94,150.02,23.59,3538.3232
1786596600000,2026-08-13T04:50:00Z,150.02,150.12,150,150.05,7.13,1069.7607
1786596900000,2026-08-13T04:55:00Z,150.05,150.08,149.99,149.99,3.73,559.6617
1786597200000,2026-08-13T05:00:00Z,149.99,150.13,149.94,150.13,2.9,435.136
1786597500000,2026-08-13T05:05:00Z,150.13,150.25,150.12,150.12,11.9,1786.8621
1786597800000,2026-08-13T05:10:00Z,150.12,150.24,150.12,150.14,18.88,2834.6701
1786598100000,2026-08-13T05:15:00Z,150.14,150.28,150.14,150.28,0.07,10.5196
1786598400000,2026-08-13T05:20:00Z,150.28,150.29,150.22,150.22,1.56,234.4002
1786598700000,2026-08-13T05:25:00Z,150.22,150.32,150.22,150.29,6.58,988.9804
1786599000000,2026-08-13T05:30:00Z,150.29,150.41,150.25,150.34,12.3,1849.1178
1786599300000,2026-08-13T05:35:00Z,150.34,150.35,150.29,150.29,11.16,1677.5981
1786599600000,2026-08-13T05:40:00Z,150.29,150.35,150.26,150.26,23.66,3556.3375
1786599900000,2026-08-13T05:45:00Z,150.26,150.34,150.26,150.32,7.78,1169.3716
1786600200000,2026-08-13T05:50:00Z,150.32,150.35,150.26,150.26,1.32,198.4166
1786600500000,2026-08-13T05:55:00Z,150.26,150.26,150.12,150.12,16.31,2449.6943
1786600800000,2026-08-13T06:00:00Z,150.12,150.3,150.04,150.09,22.62,3398.201
1786601100000,2026-08-13T06:05:00Z,150.09,150.09,150.09,150.09,0,0
1786601400000,2026-08-13T06:10:00Z,150.09,150.13,150.08,150.13,0.38,57.0454
1786601700000,2026-08-13T06:15:00Z,150.13,150.2,150.06,150.2,5.08,762.5666
1786602000000,2026-08-13T06:20:00Z,150.2,150.22,149.95,149.96,9.29,1393.4667
1786602300000,2026-08-13T06:25:00Z,149.96,149.96,149.96,149.96,0,0
1786602600000,2026-08-13T06:30:00Z,149.96,149.96,149.88,149.9,1.37,205.3519
1786602900000,2026-08-13T06:35:00Z,149.9,149.9,149.81,149.81,1.34,200.78
1786603200000,2026-08-13T06:40:00Z,149.81,149.81,149.73,149.76,208.27,31197.723
1786603500000,2026-08-13T06:45:00Z,149.76,150.02,149.76,149.88,26.3,3941.499
1786603800000,2026-08-13T06:50:00Z,149.88,150.12,149.87,150.03,20.27,3040.1543
1786604100000,2026-08-13T06:55:00Z,150.03,150.19,150.03,150.16,5.98,898.0487
1786604400000,2026-08-13T07:00:00Z,150.16,150.24,150.07,150.24,4.28,642.6396
1786604700000,2026-08-13T07:05:00Z,150.24,150.24,150.05,150.05,2.75,412.8037
1786605000000,2026-08-13T07:10:00Z,150.05,150.15,150.04,150.04,4.83,724.7646
1786605300000,2026-08-13T07:15:00Z,150.04,150.16,149.94,149.94,14.99,2248.504
1786605600000,2026-08-13T07:20:00Z,149.94,150.16,149.87,149.99,13.67,2050.2601
1786605900000,2026-08-13T07:25:00Z,149.99,149.99,149.99,149.99,0,0
1786606200000,2026-08-13T07:30:00Z,149.99,150.02,149.99,150.02,0.3,45.006
1786606500000,2026-08-13T07:35:00Z,150.02,150.09,150.02,150.04,0.72,108.0431
1786606800000,2026-08-13T07:40:00Z,150.04,150.04,150.04,150.04,0,0
1786607100000,2026-08-13T07:45:00Z,150.04,150.04,149.92,149.92,0.62,92.9566
1786607400000,2026-08-13T07:50:00Z,149.92,149.92,149.87,149.87,3.86,578.4982
1786607700000,2026-08-13T07:55:00Z,149.87,149.99,149.8,149.92,4.34,650.266
1786608000000,2026-08-13T08:00:00Z,149.92,150.1,149.81,150,26.24,3934.5216
1786608300000,2026-08-13T08:05:00Z,150,150.32,149.77,149.77,77.86,11682.014
1786608600000,2026-08-13T08:10:00Z,149.77,149.79,149.71,149.79,31.45,4710.784
1786608900000,2026-08-13T08:15:00Z,149.79,149.79,149.62,149.62,4.45,666.2929
1786609200000,2026-08-13T08:20:00Z,149.62,149.89,149.62,149.89,1.13,169.2495
1786609500000,2026-08-13T08:25:00Z,149.89,149.89,149.8,149.8,0.13,19.474
1786609800000,2026-08-13T08:30:00Z,149.8,149.82,149.76,149.81,0.93,139.3067
1786610100000,2026-08-13T08:35:00Z,149.81,149.81,149.66,149.76,8.6,1287.5694
1786610400000,2026-08-13T08:40:00Z,149.76,149.89,149.75,149.84,8.03,1203.1529
1786610700000,2026-08-13T08:45:00Z,149.84,149.84,149.63,149.68,13.66,2045.3507
1786611000000,2026-08-13T08:50:00Z,149.68,149.79,149.61,149.61,9.46,1416.1259
1786611300000,2026-08-13T08:55:00Z,149.61,149.7,149.57,149.65,13.84,2070.8897
1786611600000,2026-08-13T09:00:00Z,149.65,149.67,149.59,149.62,4.53,677.8663
1786611900000,2026-08-13T09:05:00Z,149.62,149.62,149.55,149.57,5.75,860.0273
1786612200000,2026-08-13T09:10:00Z,149.57,149.7,149.51,149.54,17.25,2581.2889
1786612500000,2026-08-13T09:15:00Z,149.54,149.54,149.27,149.42,28.77,4296.6647
1786612800000,2026-08-13T09:20:00Z,149.42,149.42,149.42,149.42,0,0
1786613100000,2026-08-13T09:25:00Z,149.42,149.42,149.3,149.35,23.55,3517.0753
1786613400000,2026-08-13T09:30:00Z,149.35,149.53,149.35,149.53,5.54,828.2908
1786613700000,2026-08-13T09:35:00Z,149.53,149.55,149.53,149.54,3.61,539.8696
1786614000000,2026-08-13T09:40:00Z,149.54,149.59,149.54,149.59,2.67,399.3626
1786614300000,2026-08-13T09:45:00Z,149.59,149.66,149.59,149.66,2.1,314.218
1786614600000,2026-08-13T09:50:00Z,149.66,149.73,149.66,149.73,1.18,176.6675
1786614900000,2026-08-13T09:55:00Z,149.73,149.82,149.73,149.82,2.39,358.003
1786615200000,2026-08-13T10:00:00Z,149.82,149.85,149.59,149.59,10.16,1521.6908
1786615500000,2026-08-13T10:05:00Z,149.59,149.8,149.58,149.64,17.45,2611.0424
1786615800000,2026-08-13T10:10:00Z,149.64,149.77,149.64,149.68,2.37,354.8544
1786616100000,2026-08-13T10:15:00Z,149.68,149.75,149.68,149.74,14.65,2193.4153
1786616400000,2026-08-13T10:20:00Z,149.74,149.74,149.54,149.54,4.45,665.8154
1786616700000,2026-08-13T10:25:00Z,149.54,149.59,149.47,149.48,2.24,334.8662
1786617000000,2026-08-13T10:30:00Z,149.48,149.48,149.29,149.33,2.68,400.3523
1786617300000,2026-08-13T10:35:00Z,149.33,149.33,149.22,149.22,1.8,268.6861
1786617600000,2026-08-13T10:40:00Z,149.22,149.27,149.21,149.21,0.68,101.4902
1786617900000,2026-08-13T10:45:00Z,149.21,149.35,149.21,149.35,4.93,735.7884
1786618200000,2026-08-13T10:50:00Z,149.35,149.35,149.35,149.35,0,0
1786618500000,2026-08-13T10:55:00Z,149.35,149.35,149.24,149.25,1.97,294.0058
1786618800000,2026-08-13T11:00:00Z,149.25,149.41,149.25,149.41,3.63,542.2459
1786619100000,2026-08-13T11:05:00Z,149.41,149.41,149.26,149.26,10.77,1607.8737
1786619400000,2026-08-13T11:10:00Z,149.26,149.26,149.22,149.22,0.75,111.9181
1786619700000,2026-08-13T11:15:00Z,149.22,149.22,149.22,149.22,0,0
1786620000000,2026-08-13T11:20:00Z,149.22,149.22,149,149,43,6407.4414
1786620300000,2026-08-13T11:25:00Z,149,149.03,148.97,148.99,0.58,86.4144
1786620600000,2026-08-13T11:30:00Z,148.99,149.31,148.99,149.16,3.25,484.9729
1786620900000,2026-08-13T11:35:00Z,149.16,149.16,149.04,149.08,0.91,135.6402
1786621200000,2026-08-13T11:40:00Z,149.08,149.31,149.08,149.31,0.81,120.9101
1786621500000,2026-08-13T11:45:00Z,149.31,149.43,149.31,149.43,7.01,1046.9692
1786621800000,2026-08-13T11:50:00Z,149.43,149.43,149.16,149.26,1.35,201.4542
1786622100000,2026-08-13T11:55:00Z,149.26,149.26,149.26,149.26,0,0
1786622400000,2026-08-13T12:00:00Z,149.26,149.26,149.12,149.12,3.63,541.4878
1786622700000,2026-08-13T12:05:00Z,149.12,149.12,149.08,149.08,0.07,10.4356
1786623000000,2026-08-13T12:10:00Z,149.08,149.17,149.07,149.08,3.52,524.8933
1786623300000,2026-08-13T12:15:00Z,149.08,149.09,149.07,149.07,2.3,342.8614
1786623600000,2026-08-13T12:20:00Z,149.07,149.07,149.07,149.07,0,0
1786623900000,2026-08-13T12:25:00Z,149.07,149.29,149.05,149.29,14.53,2166.2997
1786624200000,2026-08-13T12:30:00Z,149.29,149.63,148.98,149.3,57.6,8601.6989
1786624500000,2026-08-13T12:35:00Z,149.3,149.35,149.3,149.34,0.56,83.6305
1786624800000,2026-08-13T12:40:00Z,149.34,149.34,149.22,149.22,0.88,131.3376
1786625100000,2026-08-13T12:45:00Z,149.22,149.22,149.22,149.22,0,0
1786625400000,2026-08-13T12:50:00Z,149.22,149.59,149.22,149.58,12.21,1824.26
1786625700000,2026-08-13T12:55:00Z,149.58,149.76,149.58,149.76,2.1,314.404
1786626000000,2026-08-13T13:00:00Z,149.76,149.88,149.76,149.86,8.8,1318.5425
1786626300000,2026-08-13T13:05:00Z,149.86,150.02,149.86,150.02,0.83,124.5132
1786626600000,2026-08-13T13:10:00Z,150.02,150.07,150.02,150.07,1.29,193.5734
1786626900000,2026-08-13T13:15:00Z,150.07,150.07,149.82,149.82,1.58,236.7893
1786627200000,2026-08-13T13:20:00Z,149.82,149.82,149.59,149.59,6.59,986.0306
1786627500000,2026-08-13T13:25:00Z,149.59,149.7,149.39,149.54,23.34,3489.7331
1786627800000,2026-08-13T13:30:00Z,149.54,152.23,148.91,152.19,1136.78,171906.2125
1786628100000,2026-08-13T13:35:00Z,152.19,153.11,151.5,153.11,379,57752.2842
1786628400000,2026-08-13T13:40:00Z,153.11,153.35,152.12,152.35,719.57,110076.0348
1786628700000,2026-08-13T13:45:00Z,152.35,152.35,150.58,151.12,231.21,35025.222
1786629000000,2026-08-13T13:50:00Z,151.12,151.87,150.81,151.64,433.8,65652.2544
1786629300000,2026-08-13T13:55:00Z,151.64,151.73,150.98,151.09,253.13,38300.9125
1786629600000,2026-08-13T14:00:00Z,151.09,151.82,151.09,151.52,68.86,10435.0326
1786629900000,2026-08-13T14:05:00Z,151.52,151.87,151.22,151.29,192.47,29157.9741
1786630200000,2026-08-13T14:10:00Z,151.29,151.75,151.17,151.35,221.99,33629.3447
1786630500000,2026-08-13T14:15:00Z,151.35,151.82,151.21,151.64,44.2,6700.9029
1786630800000,2026-08-13T14:20:00Z,151.64,151.82,151.27,151.51,113.88,17250.2893
1786631100000,2026-08-13T14:25:00Z,151.51,151.51,150.37,150.92,494.49,74480.9161
1786631400000,2026-08-13T14:30:00Z,150.92,151.08,150.47,150.82,97.2,14660.2948
1786631700000,2026-08-13T14:35:00Z,150.82,151.19,150.82,150.95,134.98,20372.9888
1786632000000,2026-08-13T14:40:00Z,150.95,150.95,150.62,150.93,27.47,4141.3048
1786632300000,2026-08-13T14:45:00Z,150.93,150.93,150.27,150.39,75.03,11277.1833
1786632600000,2026-08-13T14:50:00Z,150.39,150.59,149.76,149.88,176.21,26480.0019
1786632900000,2026-08-13T14:55:00Z,149.88,149.88,149.57,149.8,7.86,1177.1014
1786633200000,2026-08-13T15:00:00Z,149.8,150.37,149.8,150.06,128.47,19309.2526
1786633500000,2026-08-13T15:05:00Z,150.06,150.06,149,149.11,26.43,3945.928
1786633800000,2026-08-13T15:10:00Z,149.11,149.11,148.53,148.53,46.77,6970.4835
1786634100000,2026-08-13T15:15:00Z,148.53,149.12,148.5,149.12,52.33,7790.4801
1786634400000,2026-08-13T15:20:00Z,149.12,149.17,148.51,148.51,87.17,12997.8846
1786634700000,2026-08-13T15:25:00Z,148.51,148.53,148.42,148.44,8.99,1334.6877
1786635000000,2026-08-13T15:30:00Z,148.44,148.9,148.41,148.85,20.69,3075.5337
1786635300000,2026-08-13T15:35:00Z,148.85,149.12,148.82,148.88,75.13,11190.3071
1786635600000,2026-08-13T15:40:00Z,148.88,149.05,148.62,148.62,4.23,629.8326
1786635900000,2026-08-13T15:45:00Z,148.62,148.63,148.09,148.2,42.2,6255.3249
1786636200000,2026-08-13T15:50:00Z,148.2,148.49,148.07,148.08,85.18,12628.4747
1786636500000,2026-08-13T15:55:00Z,148.08,148.17,147.79,147.79,337.1,49919.7647
1786636800000,2026-08-13T16:00:00Z,147.79,148.34,147.79,148.34,14.87,2204.8482
1786637100000,2026-08-13T16:05:00Z,148.34,148.51,148.01,148.01,28.71,4253.8178
1786637400000,2026-08-13T16:10:00Z,148.01,148.03,147.8,147.84,5.01,741.2021
1786637700000,2026-08-13T16:15:00Z,147.84,148.18,147.84,148.18,4.45,659.2525
1786638000000,2026-08-13T16:20:00Z,148.18,148.5,148,148.35,64.14,9516.6128
1786638300000,2026-08-13T16:25:00Z,148.35,148.47,148.35,148.39,11.45,1698.8801
1786638600000,2026-08-13T16:30:00Z,148.39,148.48,148.31,148.47,8.98,1332.6149
1786638900000,2026-08-13T16:35:00Z,148.47,148.47,147.67,147.67,181.28,26828.6671
1786639200000,2026-08-13T16:40:00Z,147.67,147.67,147.24,147.42,421.19,62104.2117
1786639500000,2026-08-13T16:45:00Z,147.42,148.06,147.42,148,140.78,20779.6465
1786639800000,2026-08-13T16:50:00Z,148,148,147.88,147.93,0.47,69.5191
1786640100000,2026-08-13T16:55:00Z,147.93,148.16,147.93,148.16,71.95,10649.7356
1786640400000,2026-08-13T17:00:00Z,148.16,148.23,148.04,148.18,19.19,2842.3323
1786640700000,2026-08-13T17:05:00Z,148.18,148.44,148.18,148.44,211.16,31295.0222
1786641000000,2026-08-13T17:10:00Z,148.44,148.72,148.39,148.57,6.25,928.8146
1786641300000,2026-08-13T17:15:00Z,148.57,149.13,148.57,149.08,77.43,11530.4046
1786641600000,2026-08-13T17:20:00Z,149.08,149.08,148.76,148.95,6.09,906.5077
1786641900000,2026-08-13T17:25:00Z,148.95,149.15,148.81,148.81,14.59,2173.5531
1786642200000,2026-08-13T17:30:00Z,148.81,148.96,148.74,148.96,11.32,1684.0354
1786642500000,2026-08-13T17:35:00Z,148.96,149.09,148.61,148.79,22.07,3286.4093
1786642800000,2026-08-13T17:40:00Z,148.79,149.57,148.79,149.52,180.62,26973.7733
1786643100000,2026-08-13T17:45:00Z,149.52,149.72,149.48,149.58,42.6,6372.3758
1786643400000,2026-08-13T17:50:00Z,149.58,149.72,149.55,149.55,592.92,88713.8632
1786643700000,2026-08-13T17:55:00Z,149.55,149.64,149.34,149.34,43.02,6434.0355
1786644000000,2026-08-13T18:00:00Z,149.34,149.51,149.34,149.49,3.31,494.8179
1786644300000,2026-08-13T18:05:00Z,149.49,149.54,149.37,149.37,4.73,707.0352
1786644600000,2026-08-13T18:10:00Z,149.37,149.5,149.32,149.37,4.83,721.583
1786644900000,2026-08-13T18:15:00Z,149.37,149.37,149.21,149.28,9.91,1479.1152
1786645200000,2026-08-13T18:20:00Z,149.28,149.46,149.12,149.12,21.93,3273.932
1786645500000,2026-08-13T18:25:00Z,149.12,149.3,149.12,149.12,3.7,552.1126
1786645800000,2026-08-13T18:30:00Z,149.12,149.36,149.12,149.19,6.15,917.7879
1786646100000,2026-08-13T18:35:00Z,149.19,149.53,149.18,149.53,3.71,554.3178
1786646400000,2026-08-13T18:40:00Z,149.53,149.91,149.44,149.91,99.14,14831.9888
1786646700000,2026-08-13T18:45:00Z,149.91,150.7,149.91,150.7,188,28288.6468
1786647000000,2026-08-13T18:50:00Z,150.7,151.37,150.58,151.26,317.47,47977.406
1786647300000,2026-08-13T18:55:00Z,151.26,151.48,151.11,151.39,576.15,87095.3682
1786647600000,2026-08-13T19:00:00Z,151.39,152.04,151.39,151.94,516.6,78401.4998
1786647900000,2026-08-13T19:05:00Z,151.94,152.86,151.94,152.77,264.22,40312.0593
1786648200000,2026-08-13T19:10:00Z,152.77,152.89,152.37,152.52,185.4,28302.8018
1786648500000,2026-08-13T19:15:00Z,152.52,152.57,152.27,152.48,21.98,3348.8135
1786648800000,2026-08-13T19:20:00Z,152.48,153.13,152.48,152.89,85.17,13016.1804
1786649100000,2026-08-13T19:25:00Z,152.89,152.89,152.5,152.56,0.68,103.7404
1786649400000,2026-08-13T19:30:00Z,152.56,153.12,152.56,152.88,106.02,16204.632
1786649700000,2026-08-13T19:35:00Z,152.88,153.02,152.6,153.02,38.68,5907.4297
1786650000000,2026-08-13T19:40:00Z,153.02,153.8,153.02,153.79,198.05,30393.5927
1786650300000,2026-08-13T19:45:00Z,153.79,154.4,153.71,154.4,199.61,30787.5935
1786650600000,2026-08-13T19:50:00Z,154.4,154.58,153.87,153.97,100.02,15429.349
1786650900000,2026-08-13T19:55:00Z,153.97,154.54,153.97,154.21,115.78,17866.8248
1786651200000,2026-08-13T20:00:00Z,154.21,154.31,154.02,154.16,77.83,11996.2667
1786651500000,2026-08-13T20:05:00Z,154.16,154.47,154.16,154.2,24.48,3775.8157
1786651800000,2026-08-13T20:10:00Z,154.2,154.26,153.72,153.72,28.4,4370.7934
1786652100000,2026-08-13T20:15:00Z,153.72,154,153.65,154,16.55,2546.7315
1786652400000,2026-08-13T20:20:00Z,154,154,153.72,153.73,168.27,25885.6789
1786652700000,2026-08-13T20:25:00Z,153.73,153.73,153.56,153.57,2.61,400.9586
1786653000000,2026-08-13T20:30:00Z,153.57,153.78,153.56,153.71,16.08,2471.7961
1786653300000,2026-08-13T20:35:00Z,153.71,153.71,153.51,153.51,44.62,6850.8816
1786653600000,2026-08-13T20:40:00Z,153.51,153.69,153.51,153.69,2.16,331.7908
1786653900000,2026-08-13T20:45:00Z,153.69,153.72,153.65,153.67,0.94,144.457
1786654200000,2026-08-13T20:50:00Z,153.67,153.68,153.53,153.68,1.12,171.9944
1786654500000,2026-08-13T20:55:00Z,153.68,153.7,153.62,153.62,13.59,2087.7378
1786654800000,2026-08-13T21:00:00Z,153.62,153.72,153.6,153.7,16.67,2561.908
1786655100000,2026-08-13T21:05:00Z,153.7,153.7,153.52,153.52,6.24,958.4516
1786655400000,2026-08-13T21:10:00Z,153.52,153.6,153.45,153.45,4.36,669.115
1786655700000,2026-08-13T21:15:00Z,153.45,153.5,153.45,153.5,0.37,56.795
1786656000000,2026-08-13T21:20:00Z,153.5,153.59,153.5,153.59,20.27,3112.0444
1786656300000,2026-08-13T21:25:00Z,153.59,153.77,153.49,153.58,93.61,14376.4966
1786656600000,2026-08-13T21:30:00Z,153.58,153.58,153.51,153.51,0.39,59.8689
1786656900000,2026-08-13T21:35:00Z,153.51,153.51,153.48,153.49,4.44,681.4733
1786657200000,2026-08-13T21:40:00Z,153.49,153.59,153.48,153.48,9.34,1433.542
1786657500000,2026-08-13T21:45:00Z,153.48,153.6,153.48,153.53,0.4,61.4134
1786657800000,2026-08-13T21:50:00Z,153.53,153.53,153.53,153.53,0,0
1786658100000,2026-08-13T21:55:00Z,153.53,153.53,153.44,153.44,6.97,1069.7257
1786658400000,2026-08-13T22:00:00Z,153.44,153.63,153.44,153.63,203.96,31308.1606
1786658700000,2026-08-13T22:05:00Z,153.63,153.73,153.63,153.73,0.32,49.192
1786659000000,2026-08-13T22:10:00Z,153.73,153.74,153.73,153.74,0.04,6.1496
1786659300000,2026-08-13T22:15:00Z,153.74,153.8,153.74,153.75,0.56,86.1112
1786659600000,2026-08-13T22:20:00Z,153.75,153.75,153.58,153.58,16.34,2509.5129
1786659900000,2026-08-13T22:25:00Z,153.58,153.72,153.58,153.65,12.04,1849.8464
1786660200000,2026-08-13T22:30:00Z,153.65,153.67,153.65,153.65,7,1075.5854
1786660500000,2026-08-13T22:35:00Z,153.65,153.65,153.65,153.65,0,0
1786660800000,2026-08-13T22:40:00Z,153.65,153.74,153.65,153.74,1.62,249.0588
1786661100000,2026-08-13T22:45:00Z,153.74,153.74,153.68,153.68,1.6,245.888
1786661400000,2026-08-13T22:50:00Z,153.68,153.7,153.68,153.7,0.35,53.795
1786661700000,2026-08-13T22:55:00Z,153.7,153.72,153.66,153.72,30.86,4742.1793
1786662000000,2026-08-13T23:00:00Z,153.72,153.85,153.72,153.78,106.81,16432.5197
1786662300000,2026-08-13T23:05:00Z,153.78,153.78,153.74,153.76,5.7,876.3753
1786662600000,2026-08-13T23:10:00Z,153.76,153.77,153.76,153.77,0.31,47.6687
1786662900000,2026-08-13T23:15:00Z,153.77,153.77,153.68,153.68,0.31,47.6408
1786663200000,2026-08-13T23:20:00Z,153.68,153.71,153.56,153.56,10.18,1564.432
1786663500000,2026-08-13T23:25:00Z,153.56,153.56,153.56,153.56,0.66,101.3496
1786663800000,2026-08-13T23:30:00Z,153.56,153.6,153.51,153.59,224.58,34479.6853
1786664100000,2026-08-13T23:35:00Z,153.59,153.59,153.55,153.55,0.31,47.6005
1786664400000,2026-08-13T23:40:00Z,153.55,153.6,153.55,153.6,7.6,1167.36
1786664700000,2026-08-13T23:45:00Z,153.6,153.6,153.56,153.56,0.3,46.068
1786665000000,2026-08-13T23:50:00Z,153.56,153.58,153.51,153.53,17.25,2648.665
1786665300000,2026-08-13T23:55:00Z,153.53,153.63,153.53,153.63,0.16,24.5808
1786665600000,2026-08-14T00:00:00Z,153.63,153.81,153.63,153.66,11.08,1703.4637
1786665900000,2026-08-14T00:05:00Z,153.66,153.92,153.47,153.64,126.81,19506.2765
1786666200000,2026-08-14T00:10:00Z,153.64,153.64,153.56,153.58,40.33,6193.879
1786666500000,2026-08-14T00:15:00Z,153.58,153.6,153.47,153.47,18.41,2825.4939
1786666800000,2026-08-14T00:20:00Z,153.47,153.71,153.47,153.71,1.2,184.4344
1786667100000,2026-08-14T00:25:00Z,153.71,153.71,153.56,153.56,2.14,328.7737
1786667400000,2026-08-14T00:30:00Z,153.56,153.56,153.55,153.55,0.08,12.284
1786667700000,2026-08-14T00:35:00Z,153.55,153.55,153.55,153.55,0,0
1786668000000,2026-08-14T00:40:00Z,153.55,153.87,153.55,153.87,1.22,187.636
1786668300000,2026-08-14T00:45:00Z,153.87,153.89,153.72,153.73,15.08,2318.7547
1786668600000,2026-08-14T00:50:00Z,153.73,153.86,153.73,153.81,2.66,409.199
1786668900000,2026-08-14T00:55:00Z,153.81,153.81,153.81,153.81,0,0
1786669200000,2026-08-14T01:00:00Z,153.81,153.86,153.68,153.86,8.32,1279.3024
1786669500000,2026-08-14T01:05:00Z,153.86,153.86,153.78,153.78,0.05,7.689
1786669800000,2026-08-14T01:10:00Z,153.78,153.78,153.66,153.66,6.87,1055.7622
1786670100000,2026-08-14T01:15:00Z,153.66,153.74,153.66,153.73,14.8,2274.7006
1786670400000,2026-08-14T01:20:00Z,153.73,154,153.73,154,0.58,89.2828
1786670700000,2026-08-14T01:25:00Z,154,154,153.85,153.87,1.47,226.2031
1786671000000,2026-08-14T01:30:00Z,153.87,153.87,153.85,153.85,0.64,98.464
1786671300000,2026-08-14T01:35:00Z,153.85,153.94,153.85,153.94,2.13,327.8218
1786671600000,2026-08-14T01:40:00Z,153.94,153.97,153.94,153.97,1.84,283.304
1786671900000,2026-08-14T01:45:00Z,153.97,153.97,153.81,153.83,2.77,426.101
1786672200000,2026-08-14T01:50:00Z,153.83,153.91,153.83,153.88,16.13,2482.4771
1786672500000,2026-08-14T01:55:00Z,153.88,153.88,153.88,153.88,0,0
1786672800000,2026-08-14T02:00:00Z,153.88,154.13,153.88,154.13,2.07,319.0086
1786673100000,2026-08-14T02:05:00Z,154.13,154.2,154.13,154.19,10.33,1592.7443
1786673400000,2026-08-14T02:10:00Z,154.19,154.31,154.17,154.17,9.62,1483.5773
1786673700000,2026-08-14T02:15:00Z,154.17,154.17,154.09,154.09,0.87,134.0638
1786674000000,2026-08-14T02:20:00Z,154.09,154.18,154.09,154.18,7.11,1095.9744
1786674300000,2026-08-14T02:25:00Z,154.18,154.18,154.18,154.18,0,0
1786674600000,2026-08-14T02:30:00Z,154.18,154.18,154.08,154.08,0.25,38.52
1786674900000,2026-08-14T02:35:00Z,154.08,154.14,153.99,154.07,13.23,2037.7477
1786675200000,2026-08-14T02:40:00Z,154.07,154.09,154.07,154.09,0.3,46.227
1786675500000,2026-08-14T02:45:00Z,154.09,154.2,154.09,154.16,1.55,238.9856
1786675800000,2026-08-14T02:50:00Z,154.16,154.28,154.16,154.2,10.34,1594.774
1786676100000,2026-08-14T02:55:00Z,154.2,154.2,154.18,154.18,0.21,32.3778
1786676400000,2026-08-14T03:00:00Z,154.18,154.18,153.71,153.78,220.53,33911.0447
1786676700000,2026-08-14T03:05:00Z,153.78,153.87,153.78,153.84,3.76,578.5264
1786677000000,2026-08-14T03:10:00Z,153.84,153.84,153.84,153.84,0,0
1786677300000,2026-08-14T03:15:00Z,153.84,154.11,153.84,154.11,3.91,601.9848
1786677600000,2026-08-14T03:20:00Z,154.11,154.14,154.11,154.14,0.17,26.2038
1786677900000,2026-08-14T03:25:00Z,154.14,154.14,154.04,154.04,5.52,850.3128
1786678200000,2026-08-14T03:30:00Z,154.04,154.04,153.9,153.9,0.86,132.3612
1786678500000,2026-08-14T03:35:00Z,153.9,153.9,153.66,153.66,35.58,5468.2213
1786678800000,2026-08-14T03:40:00Z,153.66,153.67,153.5,153.56,40.59,6234.0775
1786679100000,2026-08-14T03:45:00Z,153.56,153.65,153.56,153.57,6.81,1046.1664
1786679400000,2026-08-14T03:50:00Z,153.57,153.63,153.57,153.63,0.84,129.0457
1786679700000,2026-08-14T03:55:00Z,153.63,153.63,153.44,153.44,0.4,61.376
1786680000000,2026-08-14T04:00:00Z,153.44,153.45,153.34,153.45,2.55,391.1153
1786680300000,2026-08-14T04:05:00Z,153.45,153.55,153.41,153.55,19.32,2965.9195
1786680600000,2026-08-14T04:10:00Z,153.55,153.55,153.55,153.55,0.32,49.136
1786680900000,2026-08-14T04:15:00Z,153.55,153.67,153.51,153.67,7.77,1193.3312
1786681200000,2026-08-14T04:20:00Z,153.67,153.67,153.49,153.5,1.45,222.5864
1786681500000,2026-08-14T04:25:00Z,153.5,153.59,153.45,153.56,14.92,2290.874
1786681800000,2026-08-14T04:30:00Z,153.56,153.58,153.52,153.55,4.81,738.5522
1786682100000,2026-08-14T04:35:00Z,153.55,153.66,153.55,153.66,9.36,1437.8526
1786682400000,2026-08-14T04:40:00Z,153.66,153.76,153.57,153.76,4.95,760.9193
1786682700000,2026-08-14T04:45:00Z,153.76,153.76,153.62,153.7,16.87,2592.6895
1786683000000,2026-08-14T04:50:00Z,153.7,153.7,153.58,153.58,3.21,493.047
1786683300000,2026-08-14T04:55:00Z,153.58,153.63,153.57,153.57,4.89,750.9597
1786683600000,2026-08-14T05:00:00Z,153.57,153.62,153.49,153.55,6.92,1062.5908
1786683900000,2026-08-14T05:05:00Z,153.55,153.55,153.41,153.54,8.97,1376.6553
1786684200000,2026-08-14T05:10:00Z,153.54,153.54,153.32,153.36,7.49,1149.147
1786684500000,2026-08-14T05:15:00Z,153.36,153.58,153.36,153.4,3.81,585.0627
1786684800000,2026-08-14T05:20:00Z,153.4,153.68,153.4,153.67,6.18,949.45
1786685100000,2026-08-14T05:25:00Z,153.67,153.67,153.48,153.48,3.32,509.5536
1786685400000,2026-08-14T05:30:00Z,153.48,153.48,153.48,153.48,0,0
1786685700000,2026-08-14T05:35:00Z,153.48,153.6,153.48,153.6,0.4,61.44
1786686000000,2026-08-14T05:40:00Z,153.6,153.61,153.57,153.61,64.14,9851.2991
1786686300000,2026-08-14T05:45:00Z,153.61,153.72,153.61,153.72,3.53,542.5652
1786686600000,2026-08-14T05:50:00Z,153.72,153.73,153.64,153.64,1.51,232.0855
1786686900000,2026-08-14T05:55:00Z,153.64,153.64,153.64,153.64,0,0
1786687200000,2026-08-14T06:00:00Z,153.64,153.64,153.46,153.46,1.36,208.7848
1786687500000,2026-08-14T06:05:00Z,153.46,153.52,153.33,153.52,12.33,1891.0129
1786687800000,2026-08-14T06:10:00Z,153.52,153.52,153.45,153.46,20.2,3099.7337
1786688100000,2026-08-14T06:15:00Z,153.46,153.46,153.26,153.26,1.27,194.654
1786688400000,2026-08-14T06:20:00Z,153.26,153.29,153.25,153.27,5.68,870.521
1786688700000,2026-08-14T06:25:00Z,153.27,153.31,153.25,153.25,11.51,1764.359
1786689000000,2026-08-14T06:30:00Z,153.25,153.29,153.25,153.27,0.6,91.9702
1786689300000,2026-08-14T06:35:00Z,153.27,153.27,153.2,153.2,4.44,680.3293
1786689600000,2026-08-14T06:40:00Z,153.2,153.21,153.14,153.15,1.97,301.7367
1786689900000,2026-08-14T06:45:00Z,153.15,153.21,153.15,153.2,0.78,119.486
1786690200000,2026-08-14T06:50:00Z,153.2,153.22,152.92,152.94,61.67,9438.3513
1786690500000,2026-08-14T06:55:00Z,152.94,152.99,152.88,152.88,0.39,59.6331
1786690800000,2026-08-14T07:00:00Z,152.88,152.88,152.69,152.69,202.28,30894.1504
1786691100000,2026-08-14T07:05:00Z,152.69,152.78,152.69,152.71,0.92,140.5177
1786691400000,2026-08-14T07:10:00Z,152.71,152.72,152.64,152.64,8.05,1229.1086
1786691700000,2026-08-14T07:15:00Z,152.64,152.92,152.64,152.92,2.07,316.2737
1786692000000,2026-08-14T07:20:00Z,152.92,152.92,152.91,152.91,0.6,91.746
1786692300000,2026-08-14T07:25:00Z,152.91,152.94,152.91,152.93,13.52,2067.7461
1786692600000,2026-08-14T07:30:00Z,152.93,152.93,152.83,152.89,5.14,785.8124
1786692900000,2026-08-14T07:35:00Z,152.89,153,152.89,152.91,2.43,371.7081
1786693200000,2026-08-14T07:40:00Z,152.91,153,152.9,152.95,69.83,10677.8953
1786693500000,2026-08-14T07:45:00Z,152.95,152.97,152.8,152.8,2.5,382.1926
1786693800000,2026-08-14T07:50:00Z,152.8,152.82,152.61,152.73,25.96,3962.7688
1786694100000,2026-08-14T07:55:00Z,152.73,152.94,152.72,152.72,2.84,434.0097
1786694400000,2026-08-14T08:00:00Z,152.72,153.1,152.72,152.93,278.47,42584.726
1786694700000,2026-08-14T08:05:00Z,152.93,152.93,152.9,152.9,0.78,119.2726
1786695000000,2026-08-14T08:10:00Z,152.9,152.9,152.55,152.55,3.12,476.292
1786695300000,2026-08-14T08:15:00Z,152.55,152.88,152.55,152.71,15.58,2378.3506
1786695600000,2026-08-14T08:20:00Z,152.71,152.71,152.51,152.51,4.09,624.1244
1786695900000,2026-08-14T08:25:00Z,152.51,152.54,152.28,152.33,32.61,4968.4096
1786696200000,2026-08-14T08:30:00Z,152.33,152.51,152.13,152.32,27.59,4202.4292
1786696500000,2026-08-14T08:35:00Z,152.32,152.74,152.32,152.74,25.13,3833.0771
1786696800000,2026-08-14T08:40:00Z,152.74,152.74,152.59,152.61,29.33,4475.5691
1786697100000,2026-08-14T08:45:00Z,152.61,152.84,152.58,152.84,2.01,306.8448
1786697400000,2026-08-14T08:50:00Z,152.84,152.84,152.78,152.78,0.58,88.6124
1786697700000,2026-08-14T08:55:00Z,152.78,152.78,152.63,152.63,2.23,340.4855
1786698000000,2026-08-14T09:00:00Z,152.63,152.65,152.63,152.65,0.46,70.2158
1786698300000,2026-08-14T09:05:00Z,152.65,152.65,152.6,152.6,0.31,47.306
1786698600000,2026-08-14T09:10:00Z,152.6,152.74,152.59,152.67,5.43,829.0771
1786698900000,2026-08-14T09:15:00Z,152.67,152.67,152.51,152.51,27.1,4134.9798
1786699200000,2026-08-14T09:20:00Z,152.51,152.79,152.51,152.79,5.83,890.5414
1786699500000,2026-08-14T09:25:00Z,152.79,152.79,152.5,152.52,55.19,8420.824
1786699800000,2026-08-14T09:30:00Z,152.52,152.52,152.23,152.43,16,2438.2628
1786700100000,2026-08-14T09:35:00Z,152.43,152.46,152.32,152.34,0.5,76.1868
1786700400000,2026-08-14T09:40:00Z,152.34,152.41,152.17,152.36,33.49,5098.3344
1786700700000,2026-08-14T09:45:00Z,152.36,152.41,152.15,152.41,26.63,4056.1751
1786701000000,2026-08-14T09:50:00Z,152.41,152.51,152.41,152.48,8.93,1361.4283
1786701300000,2026-08-14T09:55:00Z,152.48,152.49,152.36,152.49,9.71,1480.2125
1786701600000,2026-08-14T10:00:00Z,152.49,152.49,152.39,152.39,0.17,25.9095
1786701900000,2026-08-14T10:05:00Z,152.39,152.46,152.36,152.39,2.03,309.4081
1786702200000,2026-08-14T10:10:00Z,152.39,152.53,152.37,152.53,7.22,1100.6482
1786702500000,2026-08-14T10:15:00Z,152.53,152.53,152.43,152.53,5.36,817.2187
1786702800000,2026-08-14T10:20:00Z,152.53,152.53,152.26,152.29,10.43,1588.7469
1786703100000,2026-08-14T10:25:00Z,152.29,152.29,152.1,152.19,16.96,2581.0819
1786703400000,2026-08-14T10:30:00Z,152.19,152.32,152.19,152.32,0.57,86.7845
1786703700000,2026-08-14T10:35:00Z,152.32,152.36,152.13,152.18,11.97,1822.5959
1786704000000,2026-08-14T10:40:00Z,152.18,152.23,152.08,152.23,6.08,925.1774
1786704300000,2026-08-14T10:45:00Z,152.23,152.23,152.04,152.04,4.17,634.2203
1786704600000,2026-08-14T10:50:00Z,152.04,152.07,152.04,152.07,2.95,448.6065
1786704900000,2026-08-14T10:55:00Z,152.07,152.25,152.07,152.25,8.25,1255.2261
1786705200000,2026-08-14T11:00:00Z,152.25,152.38,152.15,152.21,30.27,4608.6904
1786705500000,2026-08-14T11:05:00Z,152.21,152.38,152.21,152.37,4.66,709.8542
1786705800000,2026-08-14T11:10:00Z,152.37,152.43,152.22,152.22,34.87,5312.2222
1786706100000,2026-08-14T11:15:00Z,152.22,152.4,152.22,152.4,2.16,328.8824
1786706400000,2026-08-14T11:20:00Z,152.4,152.53,152.4,152.46,38.71,5901.887
1786706700000,2026-08-14T11:25:00Z,152.46,152.72,152.43,152.43,9.26,1413.4287
1786707000000,2026-08-14T11:30:00Z,152.43,152.53,152.36,152.53,12.72,1938.3925
1786707300000,2026-08-14T11:35:00Z,152.53,152.77,152.43,152.77,46.65,7116.5642
1786707600000,2026-08-14T11:40:00Z,152.77,152.77,152.66,152.66,0.3,45.798
1786707900000,2026-08-14T11:45:00Z,152.66,152.91,152.66,152.91,6.46,987.5294
1786708200000,2026-08-14T11:50:00Z,152.91,152.91,152.69,152.69,1.35,206.2041
1786708500000,2026-08-14T11:55:00Z,152.69,152.69,152.57,152.57,1.28,195.3402
1786708800000,2026-08-14T12:00:00Z,152.57,152.61,152.52,152.52,1.59,242.5946
1786709100000,2026-08-14T12:05:00Z,152.52,152.59,152.38,152.54,13.01,1983.8779
1786709400000,2026-08-14T12:10:00Z,152.54,152.6,152.27,152.51,60.63,9235.1735
1786709700000,2026-08-14T12:15:00Z,152.51,152.64,152.38,152.4,20.28,3091.3369
1786710000000,2026-08-14T12:20:00Z,152.4,152.51,152.37,152.37,52.63,8023.4955
1786710300000,2026-08-14T12:25:00Z,152.37,152.69,152.37,152.69,1.22,186.1994
1786710600000,2026-08-14T12:30:00Z,152.69,152.75,152.58,152.67,5.34,815.3951
1786710900000,2026-08-14T12:35:00Z,152.67,152.67,152.49,152.53,5.34,814.7029
1786711200000,2026-08-14T12:40:00Z,152.53,152.53,152.49,152.49,0.3,45.747
1786711500000,2026-08-14T12:45:00Z,152.49,152.49,152.17,152.17,35.02,5331.3679
1786711800000,2026-08-14T12:50:00Z,152.17,152.21,152.17,152.21,0.04,6.0884
1786712100000,2026-08-14T12:55:00Z,152.21,152.33,152.15,152.17,7.33,1116.0001
1786712400000,2026-08-14T13:00:00Z,152.17,152.17,151.88,151.89,25.66,3898.8016
1786712700000,2026-08-14T13:05:00Z,151.89,151.94,151.51,151.51,23.19,3519.2682
1786713000000,2026-08-14T13:10:00Z,151.51,151.67,151.27,151.35,2848.41,431194.9929
1786713300000,2026-08-14T13:15:00Z,151.35,151.4,150.93,150.98,274.98,41549.1742
1786713600000,2026-08-14T13:20:00Z,150.98,151.08,150.9,150.91,41.75,6301.7482
1786713900000,2026-08-14T13:25:00Z,150.91,151.6,150.6,151.51,228.76,34578.4321
1786714200000,2026-08-14T13:30:00Z,151.51,152.75,150.93,152.1,533.24,80962.1956
1786714500000,2026-08-14T13:35:00Z,152.1,152.3,150.25,150.62,350.9,53125.7333
1786714800000,2026-08-14T13:40:00Z,150.62,151.51,150.62,150.62,276.79,41838.6394
1786715100000,2026-08-14T13:45:00Z,150.62,151.19,150.55,150.68,75.13,11345.1882
1786715400000,2026-08-14T13:50:00Z,150.68,151.07,149.83,150.51,295.54,44423.0931
1786715700000,2026-08-14T13:55:00Z,150.51,151.04,150.09,150.62,316.26,47583.4016
1786716000000,2026-08-14T14:00:00Z,150.62,150.92,150.23,150.65,198.3,29877.9189
1786716300000,2026-08-14T14:05:00Z,150.65,150.65,149.28,149.45,53.29,7976.1193
1786716600000,2026-08-14T14:10:00Z,149.45,149.73,148.99,148.99,79.67,11893.2755
1786716900000,2026-08-14T14:15:00Z,148.99,149.74,148.68,148.68,376.42,56197.2587
1786717200000,2026-08-14T14:20:00Z,148.68,149.07,148.6,148.65,601.13,89439.6897
1786717500000,2026-08-14T14:25:00Z,148.65,149.67,148.55,149.4,226.43,33777.4677
1786717800000,2026-08-14T14:30:00Z,149.4,149.53,148.96,149.26,276.89,41288.1226
1786718100000,2026-08-14T14:35:00Z,149.26,149.66,149.18,149.66,57.59,8608.6022
1786718400000,2026-08-14T14:40:00Z,149.66,149.66,149.16,149.23,54.98,8209.7187
1786718700000,2026-08-14T14:45:00Z,149.23,149.46,149,149,79.35,11852.1738
1786719000000,2026-08-14T14:50:00Z,149,149.22,148.75,148.88,10.44,1555.2771
1786719300000,2026-08-14T14:55:00Z,148.88,148.88,148.5,148.61,88.43,13139.7601
1786719600000,2026-08-14T15:00:00Z,148.61,149.02,148.61,148.92,15.09,2246.3574
1786719900000,2026-08-14T15:05:00Z,148.92,149.33,148.92,149.2,42.18,6292.9812
1786720200000,2026-08-14T15:10:00Z,149.2,149.45,149.2,149.41,3.35,500.3676
1786720500000,2026-08-14T15:15:00Z,149.41,149.55,149.4,149.49,31.43,4698.3048
1786720800000,2026-08-14T15:20:00Z,149.49,149.53,149.25,149.31,8.53,1274.3712
1786721100000,2026-08-14T15:25:00Z,149.31,149.31,149.07,149.24,14.2,2118.4264
1786721400000,2026-08-14T15:30:00Z,149.24,149.47,149.14,149.43,12.97,1935.87
1786721700000,2026-08-14T15:35:00Z,149.43,150,149.43,150,30.36,4542.0257
1786722000000,2026-08-14T15:40:00Z,150,150.48,149.92,150.48,363.92,54646.9328
1786722300000,2026-08-14T15:45:00Z,150.48,150.77,150.41,150.43,49.61,7471.9989
1786722600000,2026-08-14T15:50:00Z,150.43,150.6,150.19,150.4,160.9,24210.7938
1786722900000,2026-08-14T15:55:00Z,150.4,150.82,150.28,150.39,145.1,21859.0422
1786723200000,2026-08-14T16:00:00Z,150.39,151.05,150.39,150.79,40.44,6099.561
1786723500000,2026-08-14T16:05:00Z,150.79,150.95,150.38,150.5,142.98,21545.844
1786723800000,2026-08-14T16:10:00Z,150.5,151.01,150.44,150.97,103.53,15610.4727
1786724100000,2026-08-14T16:15:00Z,150.97,151.27,150.8,151.14,90.86,13728.7704
1786724400000,2026-08-14T16:20:00Z,151.14,151.57,151.14,151.17,115.38,17463.6083
1786724700000,2026-08-14T16:25:00Z,151.17,151.29,151.02,151.17,376.07,56814.4061
1786725000000,2026-08-14T16:30:00Z,151.17,151.23,150.82,151.14,19.29,2913.3638
1786725300000,2026-08-14T16:35:00Z,151.14,151.54,151.08,151.08,52.56,7955.2281
1786725600000,2026-08-14T16:40:00Z,151.08,151.2,150.75,150.75,28.13,4247.7193
1786725900000,2026-08-14T16:45:00Z,150.75,151.27,150.73,151.15,27.24,4110.0941
1786726200000,2026-08-14T16:50:00Z,151.15,151.15,150.92,150.96,30.94,4673.831
1786726500000,2026-08-14T16:55:00Z,150.96,151.2,150.96,151.15,2.53,382.3435
1786726800000,2026-08-14T17:00:00Z,151.15,151.22,150.99,150.99,3.32,501.7196
1786727100000,2026-08-14T17:05:00Z,150.99,151.2,150.98,151.11,7.83,1182.9906
1786727400000,2026-08-14T17:10:00Z,151.11,151.53,151.1,151.53,6.23,942.7056
1786727700000,2026-08-14T17:15:00Z,151.53,151.58,151.26,151.26,57.76,8744.9098
1786728000000,2026-08-14T17:20:00Z,151.26,151.66,151.26,151.44,15.79,2393.1317
1786728300000,2026-08-14T17:25:00Z,151.44,151.44,151.12,151.21,8.79,1329.3586
1786728600000,2026-08-14T17:30:00Z,151.21,151.31,151.03,151.05,52.51,7934.2209
1786728900000,2026-08-14T17:35:00Z,151.05,151.05,150.2,150.39,149.74,22544.5934
1786729200000,2026-08-14T17:40:00Z,150.39,150.57,150.36,150.42,101.88,15319.9675
1786729500000,2026-08-14T17:45:00Z,150.42,150.5,150.34,150.38,89.8,13504.423
1786729800000,2026-08-14T17:50:00Z,150.38,150.38,149.89,150.09,8.17,1226.1375
1786730100000,2026-08-14T17:55:00Z,150.09,150.27,150.07,150.23,16.19,2430.5826
1786730400000,2026-08-14T18:00:00Z,150.23,150.23,149.73,149.85,5.57,835.5207
1786730700000,2026-08-14T18:05:00Z,149.85,149.85,149.22,149.52,100.05,14939.4076
1786731000000,2026-08-14T18:10:00Z,149.52,149.66,149.4,149.64,83.06,12422.2431
1786731300000,2026-08-14T18:15:00Z,149.64,149.86,149.64,149.86,2.48,371.369
1786731600000,2026-08-14T18:20:00Z,149.86,150,149.74,149.93,32.89,4929.1714
1786731900000,2026-08-14T18:25:00Z,149.93,150.05,149.33,149.35,28.75,4298.6156
1786732200000,2026-08-14T18:30:00Z,149.35,149.52,149.03,149.31,137.73,20560.3804
1786732500000,2026-08-14T18:35:00Z,149.31,149.46,149.28,149.28,32.8,4900.4114
1786732800000,2026-08-14T18:40:00Z,149.28,149.41,149.15,149.24,3.62,540.409
1786733100000,2026-08-14T18:45:00Z,149.24,149.35,149.06,149.2,22.13,3302.6823
1786733400000,2026-08-14T18:50:00Z,149.2,149.4,148.99,149.14,48.34,7207.2624
1786733700000,2026-08-14T18:55:00Z,149.14,149.16,148.79,148.79,11.08,1650.4097
1786734000000,2026-08-14T19:00:00Z,148.79,149.07,148.67,148.69,237.15,35267.8097
1786734300000,2026-08-14T19:05:00Z,148.69,148.69,148.44,148.53,275.33,40905.3434
1786734600000,2026-08-14T19:10:00Z,148.53,148.55,148.19,148.31,38.24,5671.2388
1786734900000,2026-08-14T19:15:00Z,148.31,148.39,148.26,148.3,136.81,20288.7712
1786735200000,2026-08-14T19:20:00Z,148.3,148.84,148.3,148.84,132.12,19620.328
1786735500000,2026-08-14T19:25:00Z,148.84,149.38,148.84,149.38,12.71,1896.1977
1786735800000,2026-08-14T19:30:00Z,149.38,149.62,149.25,149.59,14.38,2149.2003
1786736100000,2026-08-14T19:35:00Z,149.59,149.78,149.5,149.74,9.53,1425.6145
1786736400000,2026-08-14T19:40:00Z,149.74,149.74,149.45,149.63,266.85,39894.9076
1786736700000,2026-08-14T19:45:00Z,149.63,149.71,149.21,149.21,1.07,159.8151
1786737000000,2026-08-14T19:50:00Z,149.21,149.62,149.08,149.4,33.36,4977.3724
1786737300000,2026-08-14T19:55:00Z,149.4,149.45,148.65,148.65,98.75,14738.9159
1786737600000,2026-08-14T20:00:00Z,148.65,149.05,148.48,148.83,394.06,58634.332
1786737900000,2026-08-14T20:05:00Z,148.83,148.92,148.75,148.92,2.8,416.7816
1786738200000,2026-08-14T20:10:00Z,148.92,148.92,148.8,148.8,0.3,44.64
1786738500000,2026-08-14T20:15:00Z,148.8,148.8,148.8,148.8,1.6,238.08
1786738800000,2026-08-14T20:20:00Z,148.8,148.88,148.79,148.88,17.03,2534.71
1786739100000,2026-08-14T20:25:00Z,148.88,149,148.88,149,0.89,132.5994
1786739400000,2026-08-14T20:30:00Z,149,149.03,148.97,149.02,6.26,932.7026
1786739700000,2026-08-14T20:35:00Z,149.02,149.07,149,149,9.09,1354.8017
1786740000000,2026-08-14T20:40:00Z,149,149.02,149,149.02,0.03,4.4706
1786740300000,2026-08-14T20:45:00Z,149.02,149.06,149.02,149.06,0.3,44.718
1786740600000,2026-08-14T20:50:00Z,149.06,149.06,149.03,149.03,0.62,92.4076
1786740900000,2026-08-14T20:55:00Z,149.03,149.05,148.97,149.01,8.33,1241.4517
1786741200000,2026-08-14T21:00:00Z,149.01,149.01,148.9,148.9,4.27,635.949
1786741500000,2026-08-14T21:05:00Z,148.9,149.11,148.9,149.05,4.39,654.3961
1786741800000,2026-08-14T21:10:00Z,149.05,149.08,149.05,149.08,0.31,46.2148
1786742100000,2026-08-14T21:15:00Z,149.08,149.08,148.9,148.9,3.45,513.8377
1786742400000,2026-08-14T21:20:00Z,148.9,149.02,148.9,149.02,3.91,582.3678
1786742700000,2026-08-14T21:25:00Z,149.02,149.07,149.02,149.02,25.89,3858.7301
1786743000000,2026-08-14T21:30:00Z,149.02,149.02,149,149,1.84,274.1731
1786743300000,2026-08-14T21:35:00Z,149,149.04,149,149.04,18.23,2716.3454
1786743600000,2026-08-14T21:40:00Z,149.04,149.31,149.04,149.31,23.07,3442.191
1786743900000,2026-08-14T21:45:00Z,149.31,149.31,148.99,148.99,1.03,153.4968
1786744200000,2026-08-14T21:50:00Z,148.99,148.99,148.99,148.99,0,0
1786744500000,2026-08-14T21:55:00Z,148.99,148.99,148.99,148.99,0,0
1786744800000,2026-08-14T22:00:00Z,148.99,148.99,148.96,148.96,50.7,7553.772
1786745100000,2026-08-14T22:05:00Z,148.96,148.96,148.96,148.96,0,0
1786745400000,2026-08-14T22:10:00Z,148.96,148.96,148.81,148.81,0.67,99.7027
1786745700000,2026-08-14T22:15:00Z,148.81,148.81,148.81,148.81,0,0
1786746000000,2026-08-14T22:20:00Z,148.81,148.94,148.81,148.94,0.09,13.4046
1786746300000,2026-08-14T22:25:00Z,148.94,148.94,148.84,148.88,17.13,2550.1883
1786746600000,2026-08-14T22:30:00Z,148.88,148.88,148.88,148.88,0,0
1786746900000,2026-08-14T22:35:00Z,148.88,148.88,148.88,148.88,0,0
1786747200000,2026-08-14T22:40:00Z,148.88,148.95,148.88,148.95,0.21,31.2795
1786747500000,2026-08-14T22:45:00Z,148.95,148.95,148.94,148.94,0.2,29.788
1786747800000,2026-08-14T22:50:00Z,148.94,148.94,148.94,148.94,0,0
1786748100000,2026-08-14T22:55:00Z,148.94,149,148.94,149,0.9,134.1
1786748400000,2026-08-14T23:00:00Z,149,149,148.96,149,9.27,1380.9146
1786748700000,2026-08-14T23:05:00Z,149,149.02,149,149.02,0.11,16.3922
1786749000000,2026-08-14T23:10:00Z,149.02,149.02,149.02,149.02,0.2,29.804
1786749300000,2026-08-14T23:15:00Z,149.02,149.05,149.02,149.02,1,149.0372
1786749600000,2026-08-14T23:20:00Z,149.02,149.09,149.02,149.09,16.8,2504.5965
1786749900000,2026-08-14T23:25:00Z,149.09,149.11,149.06,149.11,2.33,347.3464
1786750200000,2026-08-14T23:30:00Z,149.11,149.12,149.11,149.12,0.3,44.736
1786750500000,2026-08-14T23:35:00Z,149.12,149.17,149.12,149.14,12.93,1928.4337
1786750800000,2026-08-14T23:40:00Z,149.14,149.14,149.1,149.14,23.37,3485.2036
1786751100000,2026-08-14T23:45:00Z,149.14,149.19,149.11,149.16,6.47,965.1282
1786751400000,2026-08-14T23:50:00Z,149.16,149.16,149.1,149.1,4.61,687.519
1786751700000,2026-08-14T23:55:00Z,149.1,149.18,149.1,149.18,1.4,208.7516
1786752000000,2026-08-15T00:00:00Z,149.18,149.53,149.18,149.5,5.79,865.0351
1786752300000,2026-08-15T00:05:00Z,149.5,149.5,149.33,149.44,3.64,543.8748
1786752600000,2026-08-15T00:10:00Z,149.44,149.47,149.42,149.47,0.2,29.889
1786752900000,2026-08-15T00:15:00Z,149.47,149.47,149.47,149.47,0,0
1786753200000,2026-08-15T00:20:00Z,149.47,149.47,149.4,149.4,3.32,496.166
1786753500000,2026-08-15T00:25:00Z,149.4,149.48,149.37,149.37,0.39,58.2653
1786753800000,2026-08-15T00:30:00Z,149.37,149.45,149.37,149.4,0.6,89.659
1786754100000,2026-08-15T00:35:00Z,149.4,149.44,149.4,149.44,0.3,44.828
1786754400000,2026-08-15T00:40:00Z,149.44,149.44,149.44,149.44,0,0
1786754700000,2026-08-15T00:45:00Z,149.44,149.44,149.44,149.44,0,0
1786755000000,2026-08-15T00:50:00Z,149.44,149.44,149.44,149.44,0,0
1786755300000,2026-08-15T00:55:00Z,149.44,149.54,149.44,149.54,0.3,44.862
1786755600000,2026-08-15T01:00:00Z,149.54,149.54,149.51,149.51,0.95,142.043
1786755900000,2026-08-15T01:05:00Z,149.51,149.51,149.38,149.38,5.84,872.5105
1786756200000,2026-08-15T01:10:00Z,149.38,149.41,149.32,149.39,4.18,624.3216
1786756500000,2026-08-15T01:15:00Z,149.39,149.39,149.39,149.39,0,0
1786756800000,2026-08-15T01:20:00Z,149.39,149.39,149.39,149.39,0,0
1786757100000,2026-08-15T01:25:00Z,149.39,149.47,149.39,149.47,1.91,285.4877
1786757400000,2026-08-15T01:30:00Z,149.47,149.47,149.45,149.47,7.54,1126.861
1786757700000,2026-08-15T01:35:00Z,149.47,149.53,149.47,149.53,2.01,300.5162
1786758000000,2026-08-15T01:40:00Z,149.53,149.53,149.51,149.51,1.42,212.3042
1786758300000,2026-08-15T01:45:00Z,149.51,149.54,149.51,149.54,0.21,31.4034
1786758600000,2026-08-15T01:50:00Z,149.54,149.56,149.54,149.56,0.32,47.8576
1786758900000,2026-08-15T01:55:00Z,149.56,149.56,149.56,149.56,0,0
1786759200000,2026-08-15T02:00:00Z,149.56,149.56,149.56,149.56,0.23,34.3988
1786759500000,2026-08-15T02:05:00Z,149.56,149.57,149.56,149.57,0.67,100.2119
1786759800000,2026-08-15T02:10:00Z,149.57,149.57,149.56,149.56,0.24,35.8944
1786760100000,2026-08-15T02:15:00Z,149.56,149.64,149.56,149.64,1.55,231.9178
1786760400000,2026-08-15T02:20:00Z,149.64,149.64,149.64,149.64,0,0
1786760700000,2026-08-15T02:25:00Z,149.64,149.76,149.64,149.76,1.32,197.6607
1786761000000,2026-08-15T02:30:00Z,149.76,149.82,149.76,149.82,20.77,3111.5773
1786761300000,2026-08-15T02:35:00Z,149.82,149.82,149.74,149.74,0.33,49.4173
1786761600000,2026-08-15T02:40:00Z,149.74,149.74,149.72,149.72,6.68,1000.1935
1786761900000,2026-08-15T02:45:00Z,149.72,149.72,149.72,149.72,0,0
1786762200000,2026-08-15T02:50:00Z,149.72,149.72,149.72,149.72,0,0
1786762500000,2026-08-15T02:55:00Z,149.72,149.72,149.72,149.72,0,0
1786762800000,2026-08-15T03:00:00Z,149.72,149.73,149.69,149.69,1.92,287.4293
1786763100000,2026-08-15T03:05:00Z,149.69,149.72,149.69,149.7,1.07,160.1936
1786763400000,2026-08-15T03:10:00Z,149.7,149.72,149.7,149.71,0.62,92.8233
1786763700000,2026-08-15T03:15:00Z,149.71,149.71,149.68,149.68,2.06,308.3639
1786764000000,2026-08-15T03:20:00Z,149.68,149.68,149.68,149.68,0,0
1786764300000,2026-08-15T03:25:00Z,149.68,149.68,149.68,149.68,0,0
1786764600000,2026-08-15T03:30:00Z,149.68,149.68,149.61,149.62,13.34,1995.8292
1786764900000,2026-08-15T03:35:00Z,149.62,149.62,149.55,149.55,1.64,245.2823
1786765200000,2026-08-15T03:40:00Z,149.55,149.55,149.55,149.55,0,0
1786765500000,2026-08-15T03:45:00Z,149.55,149.55,149.44,149.49,2.71,405.0089
1786765800000,2026-08-15T03:50:00Z,149.49,149.5,149.47,149.5,0.23,34.3829
1786766100000,2026-08-15T03:55:00Z,149.5,149.5,149.49,149.49,0.16,23.9184
1786766400000,2026-08-15T04:00:00Z,149.49,149.72,149.49,149.72,2.65,396.5166
1786766700000,2026-08-15T04:05:00Z,149.72,149.83,149.65,149.83,7.94,1189.2045
1786767000000,2026-08-15T04:10:00Z,149.83,149.83,149.83,149.83,0,0
1786767300000,2026-08-15T04:15:00Z,149.83,149.83,149.83,149.83,0,0
1786767600000,2026-08-15T04:20:00Z,149.83,149.83,149.83,149.83,0,0
1786767900000,2026-08-15T04:25:00Z,149.83,149.83,149.83,149.83,0,0
1786768200000,2026-08-15T04:30:00Z,149.83,149.83,149.68,149.69,0.35,52.391
1786768500000,2026-08-15T04:35:00Z,149.69,149.69,149.69,149.69,0,0
1786768800000,2026-08-15T04:40:00Z,149.69,149.69,149.69,149.69,0,0
1786769100000,2026-08-15T04:45:00Z,149.69,149.69,149.65,149.65,0.26,38.909
1786769400000,2026-08-15T04:50:00Z,149.65,149.79,149.65,149.79,2.47,369.8325
1786769700000,2026-08-15T04:55:00Z,149.79,149.79,149.71,149.71,0.48,71.8688
1786770000000,2026-08-15T05:00:00Z,149.71,149.71,149.57,149.57,1.07,160.0594
1786770300000,2026-08-15T05:05:00Z,149.57,149.57,149.57,149.57,0,0
1786770600000,2026-08-15T05:10:00Z,149.57,149.57,149.57,149.57,0,0
1786770900000,2026-08-15T05:15:00Z,149.57,149.59,149.57,149.59,0.3,44.877
1786771200000,2026-08-15T05:20:00Z,149.59,149.59,149.56,149.56,0.1,14.956
1786771500000,2026-08-15T05:25:00Z,149.56,149.56,149.56,149.56,0,0
1786771800000,2026-08-15T05:30:00Z,149.56,149.56,149.55,149.55,3.33,498.0015
1786772100000,2026-08-15T05:35:00Z,149.55,149.55,149.48,149.48,18.92,2828.8021
1786772400000,2026-08-15T05:40:00Z,149.48,149.54,149.47,149.54,1.43,213.8186
1786772700000,2026-08-15T05:45:00Z,149.54,149.59,149.54,149.59,0.62,92.7458
1786773000000,2026-08-15T05:50:00Z,149.59,149.59,149.59,149.59,0,0
1786773300000,2026-08-15T05:55:00Z,149.59,149.59,149.5,149.5,6.65,994.1868
1786773600000,2026-08-15T06:00:00Z,149.5,149.5,149.48,149.48,0.73,109.1235
1786773900000,2026-08-15T06:05:00Z,149.48,149.49,149.42,149.43,3.83,572.3907
1786774200000,2026-08-15T06:10:00Z,149.43,149.43,149.38,149.39,20.49,3060.9978
1786774500000,2026-08-15T06:15:00Z,149.39,149.39,149.39,149.39,0,0
1786774800000,2026-08-15T06:20:00Z,149.39,149.47,149.39,149.47,0.18,26.9046
1786775100000,2026-08-15T06:25:00Z,149.47,149.47,149.43,149.43,0.22,32.8746
1786775400000,2026-08-15T06:30:00Z,149.43,149.43,149.16,149.16,6.28,937.6519
1786775700000,2026-08-15T06:35:00Z,149.16,149.17,149.16,149.17,0.3,44.751
1786776000000,2026-08-15T06:40:00Z,149.17,149.17,149.15,149.16,0.4,59.663
1786776300000,2026-08-15T06:45:00Z,149.16,149.16,149.12,149.16,0.98,146.1481
1786776600000,2026-08-15T06:50:00Z,149.16,149.27,149.16,149.27,5.04,752.1759
1786776900000,2026-08-15T06:55:00Z,149.27,149.27,149.27,149.27,0,0
1786777200000,2026-08-15T07:00:00Z,149.27,149.27,149.27,149.27,0,0
1786777500000,2026-08-15T07:05:00Z,149.27,149.27,149.27,149.27,0,0
1786777800000,2026-08-15T07:10:00Z,149.27,149.38,149.27,149.38,1.85,276.2893
1786778100000,2026-08-15T07:15:00Z,149.38,149.38,149.38,149.38,0,0
1786778400000,2026-08-15T07:20:00Z,149.38,149.38,149.31,149.31,0.74,110.5066
1786778700000,2026-08-15T07:25:00Z,149.31,149.31,149.31,149.31,0,0
1786779000000,2026-08-15T07:30:00Z,149.31,149.31,149.02,149.06,97.96,14614.5488
1786779300000,2026-08-15T07:35:00Z,149.06,149.06,149.06,149.06,0,0
1786779600000,2026-08-15T07:40:00Z,149.06,149.14,149.06,149.13,0.93,138.6903
1786779900000,2026-08-15T07:45:00Z,149.13,149.13,149.12,149.12,19.68,2934.6816
1786780200000,2026-08-15T07:50:00Z,149.12,149.17,149.12,149.16,3.56,531.0127
1786780500000,2026-08-15T07:55:00Z,149.16,149.16,149.16,149.16,0,0
1786780800000,2026-08-15T08:00:00Z,149.16,149.33,149.16,149.31,9.35,1395.4698
1786781100000,2026-08-15T08:05:00Z,149.31,149.31,149.31,149.31,0.14,20.9034
1786781400000,2026-08-15T08:10:00Z,149.31,149.31,149.27,149.27,0.58,86.5766
1786781700000,2026-08-15T08:15:00Z,149.27,149.34,149.27,149.33,3.06,456.8898
1786782000000,2026-08-15T08:20:00Z,149.33,149.33,149.33,149.33,0,0
1786782300000,2026-08-15T08:25:00Z,149.33,149.33,149.25,149.29,35.78,5340.243
1786782600000,2026-08-15T08:30:00Z,149.29,149.29,149.23,149.23,0.54,80.5981
1786782900000,2026-08-15T08:35:00Z,149.23,149.25,149.16,149.16,2.11,314.7916
1786783200000,2026-08-15T08:40:00Z,149.16,149.16,149.07,149.07,12.94,1929.1168
1786783500000,2026-08-15T08:45:00Z,149.07,149.11,149.07,149.11,0.49,73.0531
1786783800000,2026-08-15T08:50:00Z,149.11,149.11,149.08,149.08,0.09,13.4172
1786784100000,2026-08-15T08:55:00Z,149.08,149.08,149,149,0.09,13.41
1786784400000,2026-08-15T09:00:00Z,149,149,148.91,148.91,7.86,1170.5751
1786784700000,2026-08-15T09:05:00Z,148.91,148.91,148.91,148.91,0,0
1786785000000,2026-08-15T09:10:00Z,148.91,149,148.91,149,0.08,11.92
1786785300000,2026-08-15T09:15:00Z,149,149.06,149,149.06,0.98,146.0667
1786785600000,2026-08-15T09:20:00Z,149.06,149.06,149.06,149.06,0,0
1786785900000,2026-08-15T09:25:00Z,149.06,149.07,149.06,149.07,0.6,89.442
1786786200000,2026-08-15T09:30:00Z,149.07,149.16,149.07,149.12,26.52,3955.3852
1786786500000,2026-08-15T09:35:00Z,149.12,149.12,149.12,149.12,0,0
1786786800000,2026-08-15T09:40:00Z,149.12,149.12,149.12,149.12,0,0
1786787100000,2026-08-15T09:45:00Z,149.12,149.12,149.12,149.12,0.16,23.8592
1786787400000,2026-08-15T09:50:00Z,149.12,149.17,149.12,149.17,1.64,244.6094
1786787700000,2026-08-15T09:55:00Z,149.17,149.17,149.17,149.17,0,0
1786788000000,2026-08-15T10:00:00Z,149.17,149.26,149.17,149.25,7.1,1059.5115
1786788300000,2026-08-15T10:05:00Z,149.25,149.25,149.12,149.12,1.22,181.949
1786788600000,2026-08-15T10:10:00Z,149.12,149.14,149.12,149.12,0.46,68.5984
1786788900000,2026-08-15T10:15:00Z,149.12,149.12,149.11,149.11,0.41,61.1351
1786789200000,2026-08-15T10:20:00Z,149.11,149.11,149.07,149.07,0.32,47.7024
1786789500000,2026-08-15T10:25:00Z,149.07,149.11,149.07,149.11,0.3,44.733
1786789800000,2026-08-15T10:30:00Z,149.11,149.11,149.05,149.05,0.2,29.8111
1786790100000,2026-08-15T10:35:00Z,149.05,149.05,149.02,149.02,4.49,669.1772
1786790400000,2026-08-15T10:40:00Z,149.02,149.04,149.02,149.04,0.19,28.3176
1786790700000,2026-08-15T10:45:00Z,149.04,149.04,149.02,149.02,0.09,13.4118
1786791000000,2026-08-15T10:50:00Z,149.02,149.02,149.02,149.02,0,0
1786791300000,2026-08-15T10:55:00Z,149.02,149.02,149.02,149.02,0,0
1786791600000,2026-08-15T11:00:00Z,149.02,149.03,149.02,149.03,0.31,46.1993
1786791900000,2026-08-15T11:05:00Z,149.03,149.03,149.03,149.03,0,0
1786792200000,2026-08-15T11:10:00Z,149.03,149.07,149.02,149.07,0.88,131.1516
1786792500000,2026-08-15T11:15:00Z,149.07,149.07,149.05,149.06,0.5,74.527
1786792800000,2026-08-15T11:20:00Z,149.06,149.06,149.01,149.01,0.31,46.1951
1786793100000,2026-08-15T11:25:00Z,149.01,149.02,149.01,149.02,0.3,44.706
1786793400000,2026-08-15T11:30:00Z,149.02,149.02,149.02,149.02,0.12,17.8824
1786793700000,2026-08-15T11:35:00Z,149.02,149.02,149.01,149.01,0.3,44.703
1786794000000,2026-08-15T11:40:00Z,149.01,149.01,149.01,149.01,0,0
1786794300000,2026-08-15T11:45:00Z,149.01,149.06,149.01,149.06,32.23,4804.1976
1786794600000,2026-08-15T11:50:00Z,149.06,149.06,149.06,149.06,0,0
1786794900000,2026-08-15T11:55:00Z,149.06,149.06,148.99,148.99,3.11,463.4846
1786795200000,2026-08-15T12:00:00Z,148.99,149.1,148.99,149.1,4.9,730.5524
1786795500000,2026-08-15T12:05:00Z,149.1,149.12,149.07,149.12,2.12,316.0473
1786795800000,2026-08-15T12:10:00Z,149.12,149.12,149.12,149.12,0,0
1786796100000,2026-08-15T12:15:00Z,149.12,149.14,149.12,149.14,0.3,44.742
1786796400000,2026-08-15T12:20:00Z,149.14,149.14,149.13,149.13,0.31,46.2303
1786796700000,2026-08-15T12:25:00Z,149.13,149.13,149.13,149.13,0,0
1786797000000,2026-08-15T12:30:00Z,149.13,149.13,149.02,149.02,15.49,2309.3538
1786797300000,2026-08-15T12:35:00Z,149.02,149.02,149.02,149.02,0,0
1786797600000,2026-08-15T12:40:00Z,149.02,149.09,149.02,149.09,0.33,49.1895
1786797900000,2026-08-15T12:45:00Z,149.09,149.09,149.07,149.07,5.52,822.8664
1786798200000,2026-08-15T12:50:00Z,149.07,149.07,149.07,149.07,0,0
1786798500000,2026-08-15T12:55:00Z,149.07,149.17,149.07,149.17,4.15,618.9807
1786798800000,2026-08-15T13:00:00Z,149.17,149.19,149.15,149.19,1.28,190.9359
1786799100000,2026-08-15T13:05:00Z,149.19,149.19,149.18,149.18,0.79,117.8522
1786799400000,2026-08-15T13:10:00Z,149.18,149.18,149.15,149.15,0.05,7.4575
1786799700000,2026-08-15T13:15:00Z,149.15,149.17,149.15,149.17,0.48,71.6
1786800000000,2026-08-15T13:20:00Z,149.17,149.17,149.17,149.17,0,0
1786800300000,2026-08-15T13:25:00Z,149.17,149.17,149.17,149.17,0,0
1786800600000,2026-08-15T13:30:00Z,149.17,149.17,149.14,149.16,13.72,2046.207
1786800900000,2026-08-15T13:35:00Z,149.16,149.16,149.14,149.14,0.9,134.2322
1786801200000,2026-08-15T13:40:00Z,149.14,149.14,149.11,149.11,1.07,159.5635
1786801500000,2026-08-15T13:45:00Z,149.11,149.14,149.11,149.14,1.38,205.7952
1786801800000,2026-08-15T13:50:00Z,149.14,149.14,149.13,149.14,0.94,140.1886
1786802100000,2026-08-15T13:55:00Z,149.14,149.14,149.14,149.14,0,0
1786802400000,2026-08-15T14:00:00Z,149.14,149.14,149.13,149.13,0.64,95.4432
1786802700000,2026-08-15T14:05:00Z,149.13,149.14,149.13,149.14,17.52,2612.9264
1786803000000,2026-08-15T14:10:00Z,149.14,149.14,149.14,149.14,0,0
1786803300000,2026-08-15T14:15:00Z,149.14,149.14,149.02,149.02,3.09,460.6127
1786803600000,2026-08-15T14:20:00Z,149.02,149.02,149.01,149.01,6.28,935.7858
1786803900000,2026-08-15T14:25:00Z,149.01,149.01,149.01,149.01,0,0
1786804200000,2026-08-15T14:30:00Z,149.01,149.08,149.01,149.08,2.27,338.3527
1786804500000,2026-08-15T14:35:00Z,149.08,149.08,149.07,149.07,3.49,520.2578
1786804800000,2026-08-15T14:40:00Z,149.07,149.07,149.07,149.07,0,0
1786805100000,2026-08-15T14:45:00Z,149.07,149.08,149.07,149.08,0.36,53.6688
1786805400000,2026-08-15T14:50:00Z,149.08,149.15,149.08,149.15,2.92,435.4251
1786805700000,2026-08-15T14:55:00Z,149.15,149.15,149.11,149.11,2.23,332.5153
1786806000000,2026-08-15T15:00:00Z,149.11,149.11,149.06,149.08,0.48,71.5516
1786806300000,2026-08-15T15:05:00Z,149.08,149.2,149.08,149.2,6.87,1024.6896
1786806600000,2026-08-15T15:10:00Z,149.2,149.2,149.2,149.2,0,0
1786806900000,2026-08-15T15:15:00Z,149.2,149.27,149.13,149.27,5.86,874.37
1786807200000,2026-08-15T15:20:00Z,149.27,149.27,149.27,149.27,0,0
1786807500000,2026-08-15T15:25:00Z,149.27,149.27,149.14,149.14,0.31,46.2334
1786807800000,2026-08-15T15:30:00Z,149.14,149.15,149.14,149.15,1.27,189.417
1786808100000,2026-08-15T15:35:00Z,149.15,149.24,149.15,149.24,1.77,264.0794
1786808400000,2026-08-15T15:40:00Z,149.24,149.24,149.2,149.2,0.38,56.6976
1786808700000,2026-08-15T15:45:00Z,149.2,149.22,149.2,149.2,1.33,198.4525
1786809000000,2026-08-15T15:50:00Z,149.2,149.2,149.2,149.2,0,0
1786809300000,2026-08-15T15:55:00Z,149.2,149.2,149.12,149.17,3.5,522.0026
1786809600000,2026-08-15T16:00:00Z,149.17,149.17,149.13,149.13,11.43,1704.745
1786809900000,2026-08-15T16:05:00Z,149.13,149.16,149.11,149.13,24.12,3597.1829
1786810200000,2026-08-15T16:10:00Z,149.13,149.15,149.1,149.1,1.25,186.3965
1786810500000,2026-08-15T16:15:00Z,149.1,149.1,149.1,149.1,0,0
1786810800000,2026-08-15T16:20:00Z,149.1,149.14,149.1,149.14,1.37,204.3004
1786811100000,2026-08-15T16:25:00Z,149.14,149.14,149.14,149.14,0.81,120.8034
1786811400000,2026-08-15T16:30:00Z,149.14,149.15,149.11,149.11,2.71,404.1582
1786811700000,2026-08-15T16:35:00Z,149.11,149.18,149.11,149.14,1.89,281.9018
1786812000000,2026-08-15T16:40:00Z,149.14,149.14,149.13,149.13,0.52,77.5476
1786812300000,2026-08-15T16:45:00Z,149.13,149.14,149.13,149.14,1.22,181.9447
1786812600000,2026-08-15T16:50:00Z,149.14,149.14,149.12,149.13,1.51,225.1833
1786812900000,2026-08-15T16:55:00Z,149.13,149.13,149.11,149.11,0.31,46.2241
1786813200000,2026-08-15T17:00:00Z,149.11,149.11,149.07,149.1,2.86,426.3999
1786813500000,2026-08-15T17:05:00Z,149.1,149.16,149.05,149.05,4.56,679.9235
1786813800000,2026-08-15T17:10:00Z,149.05,149.09,149.05,149.09,1.37,204.2428
1786814100000,2026-08-15T17:15:00Z,149.09,149.09,149.08,149.08,0.31,46.2148
1786814400000,2026-08-15T17:20:00Z,149.08,149.09,149.07,149.07,1.25,186.3511
1786814700000,2026-08-15T17:25:00Z,149.07,149.08,149.07,149.08,0.42,62.6124
1786815000000,2026-08-15T17:30:00Z,149.08,149.1,149.08,149.09,1.85,275.8101
1786815300000,2026-08-15T17:35:00Z,149.09,149.11,149.09,149.11,1.74,259.4409
1786815600000,2026-08-15T17:40:00Z,149.11,149.19,149.11,149.19,6.83,1018.6238
1786815900000,2026-08-15T17:45:00Z,149.19,149.2,149.16,149.16,3.07,458.0112
1786816200000,2026-08-15T17:50:00Z,149.16,149.16,149.16,149.16,0,0
1786816500000,2026-08-15T17:55:00Z,149.16,149.16,149.16,149.16,0,0
1786816800000,2026-08-15T18:00:00Z,149.16,149.16,149.13,149.14,1.25,186.4216
1786817100000,2026-08-15T18:05:00Z,149.14,149.14,149.13,149.14,1.31,195.37
1786817400000,2026-08-15T18:10:00Z,149.14,149.22,149.14,149.22,2.69,401.3108
1786817700000,2026-08-15T18:15:00Z,149.22,149.22,149.22,149.22,0,0
1786818000000,2026-08-15T18:20:00Z,149.22,149.22,149.14,149.14,0.36,53.6904
1786818300000,2026-08-15T18:25:00Z,149.14,149.2,149.14,149.15,0.71,105.9117
1786818600000,2026-08-15T18:30:00Z,149.15,149.15,149.15,149.15,0,0
1786818900000,2026-08-15T18:35:00Z,149.15,149.15,149.13,149.15,1.48,220.7279
1786819200000,2026-08-15T18:40:00Z,149.15,149.15,149.14,149.14,0.59,87.9945
1786819500000,2026-08-15T18:45:00Z,149.14,149.21,149.14,149.21,1.01,150.6756
1786819800000,2026-08-15T18:50:00Z,149.21,149.21,149.15,149.15,3.71,553.4787
1786820100000,2026-08-15T18:55:00Z,149.15,149.17,149.15,149.17,0.61,90.9937
1786820400000,2026-08-15T19:00:00Z,149.17,149.17,149.17,149.17,0.3,44.751
1786820700000,2026-08-15T19:05:00Z,149.17,149.17,149.17,149.17,0,0
1786821000000,2026-08-15T19:10:00Z,149.17,149.17,149.17,149.17,0,0
1786821300000,2026-08-15T19:15:00Z,149.17,149.17,149.17,149.17,0,0
1786821600000,2026-08-15T19:20:00Z,149.17,149.17,149.17,149.17,0,0
1786821900000,2026-08-15T19:25:00Z,149.17,149.17,149.17,149.17,0,0
1786822200000,2026-08-15T19:30:00Z,149.17,149.18,149.17,149.17,0.35,52.2126
1786822500000,2026-08-15T19:35:00Z,149.17,149.18,149.17,149.18,0.04,5.9672
1786822800000,2026-08-15T19:40:00Z,149.18,149.18,149.15,149.15,2.84,423.6025
1786823100000,2026-08-15T19:45:00Z,149.15,149.15,149.15,149.15,0,0
1786823400000,2026-08-15T19:50:00Z,149.15,149.15,149.15,149.15,0,0
1786823700000,2026-08-15T19:55:00Z,149.15,149.15,149.15,149.15,0,0
1786824000000,2026-08-15T20:00:00Z,149.15,149.21,149.15,149.21,0.61,91.0181
1786824300000,2026-08-15T20:05:00Z,149.21,149.21,149.21,149.21,0,0
1786824600000,2026-08-15T20:10:00Z,149.21,149.21,149.21,149.21,0,0
1786824900000,2026-08-15T20:15:00Z,149.21,149.21,149.18,149.18,0.47,70.1177
1786825200000,2026-08-15T20:20:00Z,149.18,149.26,149.18,149.26,2.35,350.7313
1786825500000,2026-08-15T20:25:00Z,149.26,149.26,149.26,149.26,0,0
1786825800000,2026-08-15T20:30:00Z,149.26,149.26,149.26,149.26,0,0
1786826100000,2026-08-15T20:35:00Z,149.26,149.26,149.22,149.22,0.84,125.3477
1786826400000,2026-08-15T20:40:00Z,149.22,149.23,149.22,149.23,0.5,74.615
1786826700000,2026-08-15T20:45:00Z,149.23,149.23,149.2,149.21,0.3,44.762
1786827000000,2026-08-15T20:50:00Z,149.21,149.21,149.21,149.21,0,0
1786827300000,2026-08-15T20:55:00Z,149.21,149.24,149.21,149.24,0.09,13.4316
1786827600000,2026-08-15T21:00:00Z,149.24,149.24,149.24,149.24,0,0
1786827900000,2026-08-15T21:05:00Z,149.24,149.24,149.23,149.23,0.09,13.4307
1786828200000,2026-08-15T21:10:00Z,149.23,149.23,149.19,149.19,1.8,268.5764
1786828500000,2026-08-15T21:15:00Z,149.19,149.19,149.19,149.19,0,0
1786828800000,2026-08-15T21:20:00Z,149.19,149.31,149.19,149.31,0.85,126.8935
1786829100000,2026-08-15T21:25:00Z,149.31,149.36,149.24,149.24,18.49,2759.5497
1786829400000,2026-08-15T21:30:00Z,149.24,149.24,149.21,149.21,0.06,8.9526
1786829700000,2026-08-15T21:35:00Z,149.21,149.35,149.21,149.35,0.23,34.3505
1786830000000,2026-08-15T21:40:00Z,149.35,149.35,149.19,149.19,2.49,371.521
1786830300000,2026-08-15T21:45:00Z,149.19,149.19,149.19,149.19,0,0
1786830600000,2026-08-15T21:50:00Z,149.19,149.21,149.19,149.21,0.23,34.3183
1786830900000,2026-08-15T21:55:00Z,149.21,149.21,149.21,149.21,0,0
1786831200000,2026-08-15T22:00:00Z,149.21,149.21,149.21,149.21,0,0
1786831500000,2026-08-15T22:05:00Z,149.21,149.32,149.21,149.32,0.4,59.706
1786831800000,2026-08-15T22:10:00Z,149.32,149.32,149.19,149.31,0.18,26.865
1786832100000,2026-08-15T22:15:00Z,149.31,149.31,149.21,149.22,0.57,85.0525
1786832400000,2026-08-15T22:20:00Z,149.22,149.22,149.22,149.22,0,0
1786832700000,2026-08-15T22:25:00Z,149.22,149.22,149.22,149.22,0,0
1786833000000,2026-08-15T22:30:00Z,149.22,149.22,149.22,149.22,0,0
1786833300000,2026-08-15T22:35:00Z,149.22,149.24,149.22,149.24,0.2,29.848
1786833600000,2026-08-15T22:40:00Z,149.24,149.25,149.24,149.25,0.25,37.3125
1786833900000,2026-08-15T22:45:00Z,149.25,149.25,149.25,149.25,0,0
1786834200000,2026-08-15T22:50:00Z,149.25,149.28,149.25,149.28,0.16,23.8848
1786834500000,2026-08-15T22:55:00Z,149.28,149.28,149.28,149.28,0.07,10.4496
1786834800000,2026-08-15T23:00:00Z,149.28,149.28,149.28,149.28,0,0
1786835100000,2026-08-15T23:05:00Z,149.28,149.28,149.26,149.26,0.14,20.8964
1786835400000,2026-08-15T23:10:00Z,149.26,149.26,149.25,149.25,0.11,16.4175
1786835700000,2026-08-15T23:15:00Z,149.25,149.25,149.25,149.25,0.07,10.4475
1786836000000,2026-08-15T23:20:00Z,149.25,149.25,149.25,149.25,0,0
1786836300000,2026-08-15T23:25:00Z,149.25,149.25,149.24,149.24,0.31,46.2644
1786836600000,2026-08-15T23:30:00Z,149.24,149.24,149.24,149.24,0.79,117.8996
1786836900000,2026-08-15T23:35:00Z,149.24,149.24,149.24,149.24,0,0
1786837200000,2026-08-15T23:40:00Z,149.24,149.24,149.24,149.24,0,0
1786837500000,2026-08-15T23:45:00Z,149.24,149.28,149.24,149.28,0.08,11.9424
1786837800000,2026-08-15T23:50:00Z,149.28,149.35,149.28,149.35,1.23,183.6631
1786838100000,2026-08-15T23:55:00Z,149.35,149.35,149.35,149.35,0,0
1786838400000,2026-08-16T00:00:00Z,149.35,149.37,149.26,149.26,1.41,210.5274
1786838700000,2026-08-16T00:05:00Z,149.26,149.33,149.26,149.33,0.14,20.9062
1786839000000,2026-08-16T00:10:00Z,149.33,149.33,149.33,149.33,0,0
1786839300000,2026-08-16T00:15:00Z,149.33,149.33,149.33,149.33,0,0
1786839600000,2026-08-16T00:20:00Z,149.33,149.33,149.29,149.29,0.47,70.1694
1786839900000,2026-08-16T00:25:00Z,149.29,149.29,149.29,149.29,0.31,46.2799
1786840200000,2026-08-16T00:30:00Z,149.29,149.29,149.29,149.29,0,0
1786840500000,2026-08-16T00:35:00Z,149.29,149.29,149.29,149.29,0,0
1786840800000,2026-08-16T00:40:00Z,149.29,149.29,149.29,149.29,0,0
1786841100000,2026-08-16T00:45:00Z,149.29,149.29,149.28,149.28,0.17,25.3776
1786841400000,2026-08-16T00:50:00Z,149.28,149.29,149.28,149.29,0.25,37.3225
1786841700000,2026-08-16T00:55:00Z,149.29,149.29,149.22,149.29,5.24,782.0805
1786842000000,2026-08-16T01:00:00Z,149.29,149.29,149.29,149.29,0,0
1786842300000,2026-08-16T01:05:00Z,149.29,149.29,149.29,149.29,0.32,47.7728
1786842600000,2026-08-16T01:10:00Z,149.29,149.29,149.28,149.28,0.28,41.7984
1786842900000,2026-08-16T01:15:00Z,149.28,149.28,149.28,149.28,0.04,5.9712
1786843200000,2026-08-16T01:20:00Z,149.28,149.31,149.16,149.16,2.67,398.4639
1786843500000,2026-08-16T01:25:00Z,149.16,149.19,149.16,149.19,0.61,90.9963
1786843800000,2026-08-16T01:30:00Z,149.19,149.22,149.03,149.21,79.59,11863.6619
1786844100000,2026-08-16T01:35:00Z,149.21,149.21,149.15,149.15,10.97,1636.6478
1786844400000,2026-08-16T01:40:00Z,149.15,149.15,149.15,149.15,0,0
1786844700000,2026-08-16T01:45:00Z,149.15,149.23,149.15,149.23,0.17,25.3691
1786845000000,2026-08-16T01:50:00Z,149.23,149.23,149.23,149.23,0,0
1786845300000,2026-08-16T01:55:00Z,149.23,149.28,149.23,149.26,3.32,495.5415
1786845600000,2026-08-16T02:00:00Z,149.26,149.26,149.26,149.26,0.59,88.0634
1786845900000,2026-08-16T02:05:00Z,149.26,149.26,149.26,149.26,0.03,4.4778
1786846200000,2026-08-16T02:10:00Z,149.26,149.26,149.24,149.26,1.11,165.6598
1786846500000,2026-08-16T02:15:00Z,149.26,149.26,149.26,149.26,0,0
1786846800000,2026-08-16T02:20:00Z,149.26,149.34,149.26,149.34,3.24,483.7186
1786847100000,2026-08-16T02:25:00Z,149.34,149.35,149.34,149.35,0.47,70.1945
1786847400000,2026-08-16T02:30:00Z,149.35,149.37,149.34,149.37,14.37,2146.0399
1786847700000,2026-08-16T02:35:00Z,149.37,149.37,149.33,149.33,0.63,94.081
1786848000000,2026-08-16T02:40:00Z,149.33,149.45,149.33,149.45,2.05,306.3363
1786848300000,2026-08-16T02:45:00Z,149.45,149.45,149.45,149.45,0,0
1786848600000,2026-08-16T02:50:00Z,149.45,149.45,149.45,149.45,0.08,11.956
1786848900000,2026-08-16T02:55:00Z,149.45,149.45,149.45,149.45,0,0
1786849200000,2026-08-16T03:00:00Z,149.45,149.45,149.43,149.43,0.32,47.8176
1786849500000,2026-08-16T03:05:00Z,149.43,149.43,149.43,149.43,4.68,699.3324
1786849800000,2026-08-16T03:10:00Z,149.43,149.43,149.43,149.43,0,0
1786850100000,2026-08-16T03:15:00Z,149.43,149.43,149.43,149.43,0,0
1786850400000,2026-08-16T03:20:00Z,149.43,149.5,149.43,149.49,2.81,420.0566
1786850700000,2026-08-16T03:25:00Z,149.49,149.52,149.49,149.52,0.62,92.6964
1786851000000,2026-08-16T03:30:00Z,149.52,149.55,149.52,149.55,1.86,278.1532
1786851300000,2026-08-16T03:35:00Z,149.55,149.55,149.51,149.52,6.33,946.4739
1786851600000,2026-08-16T03:40:00Z,149.52,149.52,149.52,149.52,0,0
1786851900000,2026-08-16T03:45:00Z,149.52,149.52,149.51,149.51,0.32,47.8432
1786852200000,2026-08-16T03:50:00Z,149.51,149.51,149.4,149.4,7.15,1068.5171
1786852500000,2026-08-16T03:55:00Z,149.4,149.48,149.4,149.43,3.75,560.3788
1786852800000,2026-08-16T04:00:00Z,149.43,149.43,149.43,149.43,0,0
1786853100000,2026-08-16T04:05:00Z,149.43,149.46,149.43,149.46,0.24,35.8704
1786853400000,2026-08-16T04:10:00Z,149.46,149.46,149.43,149.43,3.1,463.2642
1786853700000,2026-08-16T04:15:00Z,149.43,149.43,149.42,149.42,0.21,31.3782
1786854000000,2026-08-16T04:20:00Z,149.42,149.43,149.42,149.43,1.47,219.6621
1786854300000,2026-08-16T04:25:00Z,149.43,149.43,149.43,149.43,0,0
1786854600000,2026-08-16T04:30:00Z,149.43,149.43,149.43,149.43,0,0
1786854900000,2026-08-16T04:35:00Z,149.43,149.43,149.43,149.43,0,0
1786855200000,2026-08-16T04:40:00Z,149.43,149.43,149.39,149.39,0.26,38.8414
1786855500000,2026-08-16T04:45:00Z,149.39,149.39,149.39,149.39,0.16,23.9024
1786855800000,2026-08-16T04:50:00Z,149.39,149.39,149.39,149.39,0,0
1786856100000,2026-08-16T04:55:00Z,149.39,149.57,149.37,149.57,8.49,1268.8907
1786856400000,2026-08-16T05:00:00Z,149.57,149.57,149.53,149.53,2,299.06
1786856700000,2026-08-16T05:05:00Z,149.53,149.53,149.53,149.53,0,0
1786857000000,2026-08-16T05:10:00Z,149.53,149.53,149.53,149.53,0,0
1786857300000,2026-08-16T05:15:00Z,149.53,149.53,149.53,149.53,0,0
1786857600000,2026-08-16T05:20:00Z,149.53,149.53,149.52,149.52,0.25,37.38
1786857900000,2026-08-16T05:25:00Z,149.52,149.52,149.52,149.52,0.16,23.9232
1786858200000,2026-08-16T05:30:00Z,149.52,149.52,149.52,149.52,0.06,8.9712
1786858500000,2026-08-16T05:35:00Z,149.52,149.55,149.52,149.55,0.57,85.2419
1786858800000,2026-08-16T05:40:00Z,149.55,149.56,149.55,149.56,0.31,46.3636
1786859100000,2026-08-16T05:45:00Z,149.56,149.62,149.56,149.62,5.43,812.3478
1786859400000,2026-08-16T05:50:00Z,149.62,149.62,149.62,149.62,0,0
1786859700000,2026-08-16T05:55:00Z,149.62,149.72,149.62,149.66,15.86,2373.793
1786860000000,2026-08-16T06:00:00Z,149.66,149.66,149.65,149.65,0.12,17.958
1786860300000,2026-08-16T06:05:00Z,149.65,149.65,149.65,149.65,0,0
1786860600000,2026-08-16T06:10:00Z,149.65,149.72,149.64,149.64,9.84,1472.8594
1786860900000,2026-08-16T06:15:00Z,149.64,149.64,149.64,149.64,0,0
1786861200000,2026-08-16T06:20:00Z,149.64,149.64,149.64,149.64,0,0
1786861500000,2026-08-16T06:25:00Z,149.64,149.64,149.64,149.64,0,0
1786861800000,2026-08-16T06:30:00Z,149.64,149.64,149.64,149.64,0,0
1786862100000,2026-08-16T06:35:00Z,149.64,149.73,149.64,149.73,0.25,37.4325
1786862400000,2026-08-16T06:40:00Z,149.73,149.73,149.69,149.69,0.11,16.4659
1786862700000,2026-08-16T06:45:00Z,149.69,149.69,149.69,149.69,0,0
1786863000000,2026-08-16T06:50:00Z,149.69,149.8,149.69,149.8,1.39,208.1905
1786863300000,2026-08-16T06:55:00Z,149.8,149.8,149.8,149.8,0,0
1786863600000,2026-08-16T07:00:00Z,149.8,149.8,149.8,149.8,0,0
1786863900000,2026-08-16T07:05:00Z,149.8,149.8,149.8,149.8,0,0
1786864200000,2026-08-16T07:10:00Z,149.8,149.8,149.8,149.8,0,0
1786864500000,2026-08-16T07:15:00Z,149.8,149.85,149.79,149.79,5.56,832.9743
1786864800000,2026-08-16T07:20:00Z,149.79,149.84,149.79,149.84,37.73,5652.7208
1786865100000,2026-08-16T07:25:00Z,149.84,149.84,149.84,149.84,0.32,47.9488
1786865400000,2026-08-16T07:30:00Z,149.84,149.84,149.84,149.84,0,0
1786865700000,2026-08-16T07:35:00Z,149.84,149.84,149.84,149.84,0,0
1786866000000,2026-08-16T07:40:00Z,149.84,149.86,149.84,149.86,0.16,23.9776
1786866300000,2026-08-16T07:45:00Z,149.86,149.86,149.86,149.86,0,0
1786866600000,2026-08-16T07:50:00Z,149.86,149.86,149.86,149.86,0,0
1786866900000,2026-08-16T07:55:00Z,149.86,149.86,149.86,149.86,0,0
1786867200000,2026-08-16T08:00:00Z,149.86,149.86,149.85,149.85,0.1,14.985
1786867500000,2026-08-16T08:05:00Z,149.85,149.85,149.85,149.85,0,0
1786867800000,2026-08-16T08:10:00Z,149.85,149.85,149.85,149.85,0,0
1786868100000,2026-08-16T08:15:00Z,149.85,149.91,149.85,149.91,1.1,164.8902
1786868400000,2026-08-16T08:20:00Z,149.91,149.91,149.91,149.91,0,0
1786868700000,2026-08-16T08:25:00Z,149.91,149.92,149.88,149.88,10.09,1512.2928
1786869000000,2026-08-16T08:30:00Z,149.88,149.88,149.83,149.83,2.23,334.1746
1786869300000,2026-08-16T08:35:00Z,149.83,149.84,149.83,149.84,0.31,46.4504
1786869600000,2026-08-16T08:40:00Z,149.84,149.85,149.8,149.8,4.96,743.1154
1786869900000,2026-08-16T08:45:00Z,149.8,149.8,149.8,149.8,0,0
1786870200000,2026-08-16T08:50:00Z,149.8,149.8,149.79,149.79,0.14,20.9706
1786870500000,2026-08-16T08:55:00Z,149.79,149.85,149.79,149.85,0.16,23.976
1786870800000,2026-08-16T09:00:00Z,149.85,149.85,149.75,149.75,2.31,345.9907
1786871100000,2026-08-16T09:05:00Z,149.75,149.75,149.75,149.75,0,0
1786871400000,2026-08-16T09:10:00Z,149.75,149.75,149.73,149.73,0.79,118.2929
1786871700000,2026-08-16T09:15:00Z,149.73,149.73,149.72,149.72,0.32,47.9104
1786872000000,2026-08-16T09:20:00Z,149.72,149.83,149.72,149.83,3.87,579.8037
1786872300000,2026-08-16T09:25:00Z,149.83,149.91,149.83,149.91,9.93,1488.1062
1786872600000,2026-08-16T09:30:00Z,149.91,149.91,149.89,149.89,0.14,20.9846
1786872900000,2026-08-16T09:35:00Z,149.89,149.89,149.89,149.89,0,0
1786873200000,2026-08-16T09:40:00Z,149.89,149.89,149.89,149.89,0,0
1786873500000,2026-08-16T09:45:00Z,149.89,149.89,149.76,149.76,0.32,47.9232
1786873800000,2026-08-16T09:50:00Z,149.76,149.76,149.7,149.76,9.09,1361.2998
1786874100000,2026-08-16T09:55:00Z,149.76,149.76,149.71,149.71,0.1,14.971
1786874400000,2026-08-16T10:00:00Z,149.71,149.72,149.71,149.72,0.19,28.4468
1786874700000,2026-08-16T10:05:00Z,149.72,149.72,149.71,149.71,0.14,20.9594
1786875000000,2026-08-16T10:10:00Z,149.71,149.71,149.71,149.71,0,0
1786875300000,2026-08-16T10:15:00Z,149.71,149.75,149.51,149.61,24.88,3723.5257
1786875600000,2026-08-16T10:20:00Z,149.61,149.61,149.61,149.61,0,0
1786875900000,2026-08-16T10:25:00Z,149.61,149.61,149.53,149.53,0.66,98.693
1786876200000,2026-08-16T10:30:00Z,149.53,149.56,149.47,149.56,7.18,1073.3163
1786876500000,2026-08-16T10:35:00Z,149.56,149.56,149.56,149.56,10,1495.6
1786876800000,2026-08-16T10:40:00Z,149.56,149.56,149.56,149.56,0,0
1786877100000,2026-08-16T10:45:00Z,149.56,149.62,149.56,149.62,0.05,7.481
1786877400000,2026-08-16T10:50:00Z,149.62,149.62,149.62,149.62,0,0
1786877700000,2026-08-16T10:55:00Z,149.62,149.62,149.62,149.62,0.17,25.4354
1786878000000,2026-08-16T11:00:00Z,149.62,149.67,149.62,149.67,2.51,375.5883
1786878300000,2026-08-16T11:05:00Z,149.67,149.67,149.67,149.67,0,0
1786878600000,2026-08-16T11:10:00Z,149.67,149.67,149.67,149.67,0,0
1786878900000,2026-08-16T11:15:00Z,149.67,149.71,149.67,149.69,16.71,2501.062
1786879200000,2026-08-16T11:20:00Z,149.69,149.71,149.67,149.67,1.18,176.611
1786879500000,2026-08-16T11:25:00Z,149.67,149.7,149.66,149.7,1.41,211.0468
1786879800000,2026-08-16T11:30:00Z,149.7,149.7,149.7,149.7,0,0
1786880100000,2026-08-16T11:35:00Z,149.7,149.72,149.7,149.72,1.36,203.6112
1786880400000,2026-08-16T11:40:00Z,149.72,149.72,149.72,149.72,0,0
1786880700000,2026-08-16T11:45:00Z,149.72,149.72,149.68,149.68,2.91,435.572
1786881000000,2026-08-16T11:50:00Z,149.68,149.68,149.68,149.68,0,0
1786881300000,2026-08-16T11:55:00Z,149.68,149.73,149.68,149.73,0.1,14.973
1786881600000,2026-08-16T12:00:00Z,149.73,149.74,149.7,149.7,1.48,221.5752
1786881900000,2026-08-16T12:05:00Z,149.7,149.7,149.7,149.7,0,0
1786882200000,2026-08-16T12:10:00Z,149.7,149.73,149.7,149.73,0.78,116.7784
1786882500000,2026-08-16T12:15:00Z,149.73,149.73,149.73,149.73,0,0
1786882800000,2026-08-16T12:20:00Z,149.73,149.73,149.73,149.73,0,0
1786883100000,2026-08-16T12:25:00Z,149.73,149.73,149.71,149.71,0.32,47.9072
1786883400000,2026-08-16T12:30:00Z,149.71,149.73,149.71,149.73,0.09,13.4757
1786883700000,2026-08-16T12:35:00Z,149.73,149.73,149.73,149.73,0,0
1786884000000,2026-08-16T12:40:00Z,149.73,149.73,149.71,149.71,0.1,14.971
1786884300000,2026-08-16T12:45:00Z,149.71,149.73,149.71,149.73,0.63,94.3268
1786884600000,2026-08-16T12:50:00Z,149.73,149.73,149.71,149.71,0.32,47.9072
1786884900000,2026-08-16T12:55:00Z,149.71,149.71,149.69,149.71,1.06,158.68
1786885200000,2026-08-16T13:00:00Z,149.71,149.71,149.71,149.71,0.1,14.971
1786885500000,2026-08-16T13:05:00Z,149.71,149.74,149.71,149.74,0.32,47.9168
1786885800000,2026-08-16T13:10:00Z,149.74,149.74,149.69,149.71,2.16,323.3543
1786886100000,2026-08-16T13:15:00Z,149.71,149.71,149.7,149.7,0.4,59.88
1786886400000,2026-08-16T13:20:00Z,149.7,149.7,149.7,149.7,0,0
1786886700000,2026-08-16T13:25:00Z,149.7,149.7,149.7,149.7,0,0
1786887000000,2026-08-16T13:30:00Z,149.7,149.7,149.7,149.7,0.11,16.467
1786887300000,2026-08-16T13:35:00Z,149.7,149.7,149.65,149.65,2.37,354.7127
1786887600000,2026-08-16T13:40:00Z,149.65,149.7,149.65,149.7,1.28,191.6
1786887900000,2026-08-16T13:45:00Z,149.7,149.7,149.67,149.67,0.63,94.2986
1786888200000,2026-08-16T13:50:00Z,149.67,149.74,149.66,149.74,1.68,251.5171
1786888500000,2026-08-16T13:55:00Z,149.74,149.74,149.74,149.74,0,0
1786888800000,2026-08-16T14:00:00Z,149.74,149.74,149.64,149.64,2,299.332
1786889100000,2026-08-16T14:05:00Z,149.64,149.64,149.64,149.64,0,0
1786889400000,2026-08-16T14:10:00Z,149.64,149.64,149.64,149.64,0,0
1786889700000,2026-08-16T14:15:00Z,149.64,149.7,149.64,149.7,0.23,34.431
1786890000000,2026-08-16T14:20:00Z,149.7,149.77,149.62,149.63,9.24,1383.5011
1786890300000,2026-08-16T14:25:00Z,149.63,149.63,149.63,149.63,0,0
1786890600000,2026-08-16T14:30:00Z,149.63,149.63,149.63,149.63,0,0
1786890900000,2026-08-16T14:35:00Z,149.63,149.8,149.63,149.8,4.01,600.551
1786891200000,2026-08-16T14:40:00Z,149.8,149.82,149.79,149.82,2.55,382.0182
1786891500000,2026-08-16T14:45:00Z,149.82,149.88,149.82,149.88,0.82,122.8984
1786891800000,2026-08-16T14:50:00Z,149.88,149.88,149.82,149.82,1.45,217.239
1786892100000,2026-08-16T14:55:00Z,149.82,149.82,149.81,149.81,3.98,596.2438
1786892400000,2026-08-16T15:00:00Z,149.81,149.81,149.81,149.81,0,0
1786892700000,2026-08-16T15:05:00Z,149.81,149.81,149.81,149.81,0,0
1786893000000,2026-08-16T15:10:00Z,149.81,149.81,149.81,149.81,0,0
1786893300000,2026-08-16T15:15:00Z,149.81,149.84,149.81,149.84,0.17,25.4728
1786893600000,2026-08-16T15:20:00Z,149.84,149.84,149.84,149.84,0,0
1786893900000,2026-08-16T15:25:00Z,149.84,149.84,149.84,149.84,0.1,14.984
1786894200000,2026-08-16T15:30:00Z,149.84,149.84,149.84,149.84,0,0
1786894500000,2026-08-16T15:35:00Z,149.84,149.84,149.84,149.84,0.1,14.984
1786894800000,2026-08-16T15:40:00Z,149.84,149.84,149.8,149.8,0.77,115.3505
1786895100000,2026-08-16T15:45:00Z,149.8,149.8,149.8,149.8,0,0
1786895400000,2026-08-16T15:50:00Z,149.8,149.8,149.8,149.8,0,0
1786895700000,2026-08-16T15:55:00Z,149.8,149.82,149.79,149.79,6.95,1041.0672
1786896000000,2026-08-16T16:00:00Z,149.79,149.79,149.79,149.79,0,0
1786896300000,2026-08-16T16:05:00Z,149.79,149.79,149.79,149.79,0,0
1786896600000,2026-08-16T16:10:00Z,149.79,149.95,149.79,149.85,11.03,1653.1842
1786896900000,2026-08-16T16:15:00Z,149.85,150.19,149.85,150.16,34.68,5203.9396
1786897200000,2026-08-16T16:20:00Z,150.16,150.19,150.12,150.16,6.48,972.9245
1786897500000,2026-08-16T16:25:00Z,150.16,150.2,150.16,150.19,33.17,4981.9531
1786897800000,2026-08-16T16:30:00Z,150.19,150.19,149.99,149.99,805.84,120962.7188
1786898100000,2026-08-16T16:35:00Z,149.99,150.1,149.99,149.99,8.71,1306.5745
1786898400000,2026-08-16T16:40:00Z,149.99,149.99,149.99,149.99,0,0
1786898700000,2026-08-16T16:45:00Z,149.99,150,149.96,149.98,0.6,89.988
1786899000000,2026-08-16T16:50:00Z,149.98,149.98,149.95,149.95,0.51,76.4745
1786899300000,2026-08-16T16:55:00Z,149.95,150,149.95,150,0.32,48
1786899600000,2026-08-16T17:00:00Z,150,150,150,150,0,0
1786899900000,2026-08-16T17:05:00Z,150,150,149.99,149.99,0.26,38.9974
1786900200000,2026-08-16T17:10:00Z,149.99,149.99,149.92,149.98,1.92,287.8804
1786900500000,2026-08-16T17:15:00Z,149.98,149.98,149.97,149.98,1.12,167.9744
1786900800000,2026-08-16T17:20:00Z,149.98,149.99,149.98,149.99,1.13,169.4824
1786901100000,2026-08-16T17:25:00Z,149.99,149.99,149.99,149.99,0,0
1786901400000,2026-08-16T17:30:00Z,149.99,150.11,149.94,149.94,4.72,708.1968
1786901700000,2026-08-16T17:35:00Z,149.94,149.95,149.94,149.95,12.84,1925.3549
1786902000000,2026-08-16T17:40:00Z,149.95,149.95,149.91,149.91,0.19,28.4829
1786902300000,2026-08-16T17:45:00Z,149.91,149.91,149.91,149.91,0,0
1786902600000,2026-08-16T17:50:00Z,149.91,149.91,149.91,149.91,0,0
1786902900000,2026-08-16T17:55:00Z,149.91,149.98,149.91,149.97,2.93,439.3936
1786903200000,2026-08-16T18:00:00Z,149.97,150.04,149.97,149.98,4.56,684.0698
1786903500000,2026-08-16T18:05:00Z,149.98,149.98,149.89,149.89,2.65,397.2948
1786903800000,2026-08-16T18:10:00Z,149.89,149.99,149.89,149.99,16.78,2516.016
1786904100000,2026-08-16T18:15:00Z,149.99,149.99,149.99,149.99,0,0
1786904400000,2026-08-16T18:20:00Z,149.99,149.99,149.97,149.97,0.06,8.9982
1786904700000,2026-08-16T18:25:00Z,149.97,149.97,149.9,149.9,0.83,124.443
1786905000000,2026-08-16T18:30:00Z,149.9,149.93,149.9,149.93,0.51,76.4643
1786905300000,2026-08-16T18:35:00Z,149.93,149.93,149.92,149.92,0.48,71.9648
1786905600000,2026-08-16T18:40:00Z,149.92,149.98,149.92,149.98,2.14,320.9177
1786905900000,2026-08-16T18:45:00Z,149.98,149.98,149.98,149.98,0,0
1786906200000,2026-08-16T18:50:00Z,149.98,149.98,149.95,149.95,0.31,46.4845
1786906500000,2026-08-16T18:55:00Z,149.95,149.98,149.94,149.94,0.84,125.9772
1786906800000,2026-08-16T19:00:00Z,149.94,150.1,149.94,150.1,14.6,2190.6258
1786907100000,2026-08-16T19:05:00Z,150.1,150.1,149.97,150.01,9.08,1361.929
1786907400000,2026-08-16T19:10:00Z,150.01,150.07,150.01,150.07,1.32,198.0874
1786907700000,2026-08-16T19:15:00Z,150.07,150.08,150.07,150.08,2.03,304.6624
1786908000000,2026-08-16T19:20:00Z,150.08,150.08,150.08,150.08,0,0
1786908300000,2026-08-16T19:25:00Z,150.08,150.08,150.08,150.08,0,0
1786908600000,2026-08-16T19:30:00Z,150.08,150.08,150.08,150.08,0,0
1786908900000,2026-08-16T19:35:00Z,150.08,150.11,150.08,150.11,0.81,121.5891
1786909200000,2026-08-16T19:40:00Z,150.11,150.11,150.02,150.02,1.84,276.0785
1786909500000,2026-08-16T19:45:00Z,150.02,150.1,150.02,150.1,0.66,99.066
1786909800000,2026-08-16T19:50:00Z,150.1,150.12,150.09,150.09,81.36,12213.1493
1786910100000,2026-08-16T19:55:00Z,150.09,150.09,149.9,149.9,7.88,1182.1232
1786910400000,2026-08-16T20:00:00Z,149.9,149.91,149.82,149.82,2.64,395.6502
1786910700000,2026-08-16T20:05:00Z,149.82,149.82,149.81,149.82,3.28,491.4076
1786911000000,2026-08-16T20:10:00Z,149.82,149.82,149.82,149.82,0,0
1786911300000,2026-08-16T20:15:00Z,149.82,149.82,149.82,149.82,0,0
1786911600000,2026-08-16T20:20:00Z,149.82,149.82,149.82,149.82,0,0
1786911900000,2026-08-16T20:25:00Z,149.82,149.84,149.82,149.84,0.19,28.4696
1786912200000,2026-08-16T20:30:00Z,149.84,149.84,149.83,149.83,0.09,13.4847
1786912500000,2026-08-16T20:35:00Z,149.83,149.83,149.83,149.83,0,0
1786912800000,2026-08-16T20:40:00Z,149.83,149.83,149.82,149.82,0.16,23.9712
1786913100000,2026-08-16T20:45:00Z,149.82,149.82,149.82,149.82,0,0
1786913400000,2026-08-16T20:50:00Z,149.82,149.82,149.76,149.76,1.02,152.7708
1786913700000,2026-08-16T20:55:00Z,149.76,149.76,149.76,149.76,0,0
1786914000000,2026-08-16T21:00:00Z,149.76,149.76,149.76,149.76,0,0
1786914300000,2026-08-16T21:05:00Z,149.76,149.79,149.68,149.79,4.72,706.6186
1786914600000,2026-08-16T21:10:00Z,149.79,149.79,149.69,149.69,3.87,579.3201
1786914900000,2026-08-16T21:15:00Z,149.69,149.78,149.69,149.78,18.24,2731.2058
1786915200000,2026-08-16T21:20:00Z,149.78,149.78,149.71,149.71,1.12,167.7018
1786915500000,2026-08-16T21:25:00Z,149.71,149.71,149.65,149.65,1.9,284.3583
1786915800000,2026-08-16T21:30:00Z,149.65,149.65,149.65,149.65,0,0
1786916100000,2026-08-16T21:35:00Z,149.65,149.65,149.62,149.62,0.02,2.9924
1786916400000,2026-08-16T21:40:00Z,149.62,149.62,149.33,149.53,14.15,2115.1081
1786916700000,2026-08-16T21:45:00Z,149.53,149.53,149.53,149.53,0,0
1786917000000,2026-08-16T21:50:00Z,149.53,149.56,149.53,149.56,0.13,19.4428
1786917300000,2026-08-16T21:55:00Z,149.56,149.58,149.56,149.58,0.1,14.958
1786917600000,2026-08-16T22:00:00Z,149.58,149.58,149.42,149.43,3.48,520.0157
1786917900000,2026-08-16T22:05:00Z,149.43,149.43,149.32,149.32,0.08,11.9456
1786918200000,2026-08-16T22:10:00Z,149.32,149.51,149.32,149.51,1.82,272.0326
1786918500000,2026-08-16T22:15:00Z,149.51,149.52,149.51,149.52,13.56,2027.3577
1786918800000,2026-08-16T22:20:00Z,149.52,149.52,149.51,149.51,0.39,58.3103
1786919100000,2026-08-16T22:25:00Z,149.51,149.51,149.4,149.4,0.23,34.3744
1786919400000,2026-08-16T22:30:00Z,149.4,149.4,149.11,149.17,18.95,2827.7327
1786919700000,2026-08-16T22:35:00Z,149.17,149.18,149,149,20.41,3043.1413
1786920000000,2026-08-16T22:40:00Z,149,149.03,148.98,148.98,8.22,1224.6171
1786920300000,2026-08-16T22:45:00Z,148.98,149.12,148.98,149.12,0.02,2.9824
1786920600000,2026-08-16T22:50:00Z,149.12,149.17,149.12,149.13,6.22,927.6651
1786920900000,2026-08-16T22:55:00Z,149.13,149.13,149.13,149.13,0,0
1786921200000,2026-08-16T23:00:00Z,149.13,149.46,149.13,149.46,16.52,2467.1752
1786921500000,2026-08-16T23:05:00Z,149.46,149.46,149.46,149.46,0,0
1786921800000,2026-08-16T23:10:00Z,149.46,149.46,149.3,149.3,0.64,95.5551
1786922100000,2026-08-16T23:15:00Z,149.3,149.3,149.3,149.3,0,0
1786922400000,2026-08-16T23:20:00Z,149.3,149.3,149.3,149.3,0,0
1786922700000,2026-08-16T23:25:00Z,149.3,149.3,149.16,149.16,4.43,660.7788
1786923000000,2026-08-16T23:30:00Z,149.16,149.23,149.16,149.23,1.61,240.2402
1786923300000,2026-08-16T23:35:00Z,149.23,149.23,149.21,149.21,0.16,23.8736
1786923600000,2026-08-16T23:40:00Z,149.21,149.21,149.21,149.21,0,0
1786923900000,2026-08-16T23:45:00Z,149.21,149.28,149.21,149.27,3.25,485.1262
1786924200000,2026-08-16T23:50:00Z,149.27,149.31,149.27,149.29,0.58,86.5962
1786924500000,2026-08-16T23:55:00Z,149.29,149.31,149.29,149.31,0.47,70.1757
1786924800000,2026-08-17T00:00:00Z,149.31,149.31,148.81,149.07,91.84,13691.4352
1786925100000,2026-08-17T00:05:00Z,149.07,149.07,148.91,148.91,0.26,38.7166
1786925400000,2026-08-17T00:10:00Z,148.91,148.91,148.88,148.88,3.01,448.1288
1786925700000,2026-08-17T00:15:00Z,148.88,148.88,148.67,148.67,15.68,2333.9881
1786926000000,2026-08-17T00:20:00Z,148.67,148.74,148.67,148.68,20.23,3007.6687
1786926300000,2026-08-17T00:25:00Z,148.68,148.81,148.57,148.8,9.46,1406.8833
1786926600000,2026-08-17T00:30:00Z,148.8,148.8,148.76,148.76,0.4,59.504
1786926900000,2026-08-17T00:35:00Z,148.76,148.76,148.61,148.73,27.94,4153.847
1786927200000,2026-08-17T00:40:00Z,148.73,148.96,148.73,148.96,2.45,364.6971
1786927500000,2026-08-17T00:45:00Z,148.96,148.96,148.96,148.96,0,0
1786927800000,2026-08-17T00:50:00Z,148.96,148.96,148.88,148.88,0.47,69.9736
1786928100000,2026-08-17T00:55:00Z,148.88,149.06,148.88,148.98,10.08,1501.9358
1786928400000,2026-08-17T01:00:00Z,148.98,149.43,148.98,149.43,21.42,3196.4044
1786928700000,2026-08-17T01:05:00Z,149.43,149.57,149.43,149.47,4.45,665.2548
1786929000000,2026-08-17T01:10:00Z,149.47,149.47,149.36,149.36,0.55,82.158
1786929300000,2026-08-17T01:15:00Z,149.36,149.54,149.36,149.46,15.21,2273.1607
1786929600000,2026-08-17T01:20:00Z,149.46,149.46,149.4,149.43,3.59,536.3914
1786929900000,2026-08-17T01:25:00Z,149.43,149.43,149.38,149.42,1.21,180.7608
1786930200000,2026-08-17T01:30:00Z,149.42,149.61,149.42,149.42,3.86,576.9337
1786930500000,2026-08-17T01:35:00Z,149.42,149.42,149.34,149.35,103.64,15480.1849
1786930800000,2026-08-17T01:40:00Z,149.35,149.35,149.35,149.35,0.31,46.2985
1786931100000,2026-08-17T01:45:00Z,149.35,149.43,149.35,149.43,1.34,200.1844
1786931400000,2026-08-17T01:50:00Z,149.43,149.43,149.27,149.28,1.49,222.5435
1786931700000,2026-08-17T01:55:00Z,149.28,149.3,149.28,149.3,2.02,301.586
1786932000000,2026-08-17T02:00:00Z,149.3,149.36,149.27,149.27,1.67,249.369
1786932300000,2026-08-17T02:05:00Z,149.27,149.27,149.22,149.22,0.16,23.8752
1786932600000,2026-08-17T02:10:00Z,149.22,149.22,149.22,149.22,0,0
1786932900000,2026-08-17T02:15:00Z,149.22,149.36,149.22,149.28,7.22,1077.7239
1786933200000,2026-08-17T02:20:00Z,149.28,149.37,149.28,149.35,3.08,460.0292
1786933500000,2026-08-17T02:25:00Z,149.35,149.45,149.34,149.45,3.33,497.3374
1786933800000,2026-08-17T02:30:00Z,149.45,149.68,149.31,149.65,23.6,3528.5856
1786934100000,2026-08-17T02:35:00Z,149.65,149.65,149.5,149.5,0.16,23.92
1786934400000,2026-08-17T02:40:00Z,149.5,149.7,149.5,149.65,14.59,2183.0856
1786934700000,2026-08-17T02:45:00Z,149.65,149.71,149.65,149.71,6.25,935.6293
1786935000000,2026-08-17T02:50:00Z,149.71,150.24,149.71,150.18,14.94,2240.6667
1786935300000,2026-08-17T02:55:00Z,150.18,150.18,149.98,149.98,103.76,15570.3775
1786935600000,2026-08-17T03:00:00Z,149.98,150.09,149.98,150,10.09,1513.7957
1786935900000,2026-08-17T03:05:00Z,150,150.01,149.97,150,4.42,663.0071
1786936200000,2026-08-17T03:10:00Z,150,150.04,149.93,150.04,6.36,953.9672
1786936500000,2026-08-17T03:15:00Z,150.04,150.1,150.04,150.1,5.51,826.9396
1786936800000,2026-08-17T03:20:00Z,150.1,150.15,150,150.07,9.56,1434.916
1786937100000,2026-08-17T03:25:00Z,150.07,150.27,150.07,150.1,9.4,1411.8595
1786937400000,2026-08-17T03:30:00Z,150.1,150.12,149.99,150.03,10.48,1572.2003
1786937700000,2026-08-17T03:35:00Z,150.03,150.05,149.97,150.04,8.49,1273.327
1786938000000,2026-08-17T03:40:00Z,150.04,150.07,149.99,150.04,32.29,4844.3434
1786938300000,2026-08-17T03:45:00Z,150.04,150.09,150.03,150.09,3.65,547.7844
1786938600000,2026-08-17T03:50:00Z,150.09,150.1,150.09,150.1,3.01,451.801
1786938900000,2026-08-17T03:55:00Z,150.1,150.13,150.1,150.13,0.25,37.5325
1786939200000,2026-08-17T04:00:00Z,150.13,150.19,150.13,150.19,15,2252.85
1786939500000,2026-08-17T04:05:00Z,150.19,150.19,150.1,150.1,0.42,63.0519
1786939800000,2026-08-17T04:10:00Z,150.1,150.13,150.1,150.13,0.23,34.5269
1786940100000,2026-08-17T04:15:00Z,150.13,150.13,150.13,150.13,0,0
1786940400000,2026-08-17T04:20:00Z,150.13,150.13,150.13,150.13,0,0
1786940700000,2026-08-17T04:25:00Z,150.13,150.18,150.13,150.18,5.37,806.4461
1786941000000,2026-08-17T04:30:00Z,150.18,150.18,150.07,150.07,0.39,58.5273
1786941300000,2026-08-17T04:35:00Z,150.07,150.09,150.07,150.09,0.04,6.0036
1786941600000,2026-08-17T04:40:00Z,150.09,150.15,150.09,150.14,0.46,69.0676
1786941900000,2026-08-17T04:45:00Z,150.14,150.14,150.14,150.14,0,0
1786942200000,2026-08-17T04:50:00Z,150.14,150.25,150.13,150.13,68.97,10362.4854
1786942500000,2026-08-17T04:55:00Z,150.13,150.13,150.07,150.07,0.98,147.0882
1786942800000,2026-08-17T05:00:00Z,150.07,150.15,150.07,150.15,1.3,195.195
1786943100000,2026-08-17T05:05:00Z,150.15,150.15,150.02,150.02,5.23,784.7361
1786943400000,2026-08-17T05:10:00Z,150.02,150.15,150.02,150.15,3.36,504.382
1786943700000,2026-08-17T05:15:00Z,150.15,150.15,150.15,150.15,0,0
1786944000000,2026-08-17T05:20:00Z,150.15,150.21,150.15,150.2,3.11,467.1252
1786944300000,2026-08-17T05:25:00Z,150.2,150.22,150.13,150.13,7.57,1136.967
1786944600000,2026-08-17T05:30:00Z,150.13,150.26,150.13,150.21,11.61,1743.4609
1786944900000,2026-08-17T05:35:00Z,150.21,150.21,150.12,150.12,1.31,196.6732
1786945200000,2026-08-17T05:40:00Z,150.12,150.12,150.11,150.11,0.04,6.0044
1786945500000,2026-08-17T05:45:00Z,150.11,150.15,150.11,150.15,0.31,46.5465
1786945800000,2026-08-17T05:50:00Z,150.15,150.2,150.15,150.2,0.24,36.048
1786946100000,2026-08-17T05:55:00Z,150.2,150.21,150.2,150.2,4.4,660.8863
1786946400000,2026-08-17T06:00:00Z,150.2,150.25,150.16,150.2,24.69,3708.4728
1786946700000,2026-08-17T06:05:00Z,150.2,150.26,150.2,150.21,9.51,1428.6615
1786947000000,2026-08-17T06:10:00Z,150.21,150.28,150.21,150.21,30.54,4589.5281
1786947300000,2026-08-17T06:15:00Z,150.21,150.21,150.2,150.2,0.32,48.064
1786947600000,2026-08-17T06:20:00Z,150.2,150.23,150.19,150.19,1.03,154.7167
1786947900000,2026-08-17T06:25:00Z,150.19,150.19,150.19,150.19,0,0
1786948200000,2026-08-17T06:30:00Z,150.19,150.27,150.19,150.27,1.31,196.8506
1786948500000,2026-08-17T06:35:00Z,150.27,150.27,150.27,150.27,0,0
1786948800000,2026-08-17T06:40:00Z,150.27,150.29,150.14,150.25,24.31,3651.3519
1786949100000,2026-08-17T06:45:00Z,150.25,150.48,150.25,150.47,5.76,866.1905
1786949400000,2026-08-17T06:50:00Z,150.47,150.47,150.41,150.41,0.31,46.6271
1786949700000,2026-08-17T06:55:00Z,150.41,150.43,150.36,150.36,33.74,5074.8973
1786950000000,2026-08-17T07:00:00Z,150.36,150.65,150.36,150.42,16.67,2508.817
1786950300000,2026-08-17T07:05:00Z,150.42,150.44,150.37,150.39,11.03,1658.7848
1786950600000,2026-08-17T07:10:00Z,150.39,150.39,150.28,150.28,9.96,1497.3622
1786950900000,2026-08-17T07:15:00Z,150.28,150.28,150.13,150.13,2.4,360.421
1786951200000,2026-08-17T07:20:00Z,150.13,150.13,150.05,150.1,13.14,1972.2559
1786951500000,2026-08-17T07:25:00Z,150.1,150.15,150.1,150.15,1.99,298.7753
1786951800000,2026-08-17T07:30:00Z,150.15,150.15,150.08,150.08,1.42,213.1198
1786952100000,2026-08-17T07:35:00Z,150.08,150.21,150.06,150.16,8.69,1304.3581
1786952400000,2026-08-17T07:40:00Z,150.16,150.16,150.16,150.16,0,0
1786952700000,2026-08-17T07:45:00Z,150.16,150.21,150.16,150.21,2.8,420.5862
1786953000000,2026-08-17T07:50:00Z,150.21,150.21,150.13,150.17,0.5,75.075
1786953300000,2026-08-17T07:55:00Z,150.17,150.21,150.11,150.11,2.12,318.3276
1786953600000,2026-08-17T08:00:00Z,150.11,150.49,149.99,150.05,104.4,15687.107
1786953900000,2026-08-17T08:05:00Z,150.05,150.15,149.96,150.08,9.16,1374.4425
1786954200000,2026-08-17T08:10:00Z,150.08,150.1,149.92,149.93,19.79,2968.0827
1786954500000,2026-08-17T08:15:00Z,149.93,150.05,149.9,150.04,83.36,12496.9284
1786954800000,2026-08-17T08:20:00Z,150.04,150.04,149.81,149.81,2.99,448.0515
1786955100000,2026-08-17T08:25:00Z,149.81,150,149.74,149.78,59.82,8961.8463
1786955400000,2026-08-17T08:30:00Z,149.78,149.86,149.75,149.75,3,449.3916
1786955700000,2026-08-17T08:35:00Z,149.75,149.81,149.69,149.81,3.99,597.4401
1786956000000,2026-08-17T08:40:00Z,149.81,149.81,149.77,149.77,0.11,16.4755
1786956300000,2026-08-17T08:45:00Z,149.77,149.78,149.71,149.72,0.71,106.302
1786956600000,2026-08-17T08:50:00Z,149.72,149.75,149.72,149.75,0.31,46.4225
1786956900000,2026-08-17T08:55:00Z,149.75,149.92,149.73,149.8,10.29,1541.8343
1786957200000,2026-08-17T09:00:00Z,149.8,149.8,149.67,149.68,3.49,522.4767
1786957500000,2026-08-17T09:05:00Z,149.68,149.68,149.63,149.68,3.51,525.2751
1786957800000,2026-08-17T09:10:00Z,149.68,149.75,149.56,149.57,8.03,1201.6017
1786958100000,2026-08-17T09:15:00Z,149.57,149.61,149.51,149.56,2.51,375.4003
1786958400000,2026-08-17T09:20:00Z,149.56,149.56,149.31,149.52,16.91,2526.6065
1786958700000,2026-08-17T09:25:00Z,149.52,149.64,149.48,149.62,41.27,6174.0122
1786959000000,2026-08-17T09:30:00Z,149.62,149.65,149.53,149.55,23.16,3463.3558
1786959300000,2026-08-17T09:35:00Z,149.55,149.61,149.55,149.58,0.29,43.383
1786959600000,2026-08-17T09:40:00Z,149.58,149.59,149.58,149.59,0.08,11.9672
1786959900000,2026-08-17T09:45:00Z,149.59,149.59,149.59,149.59,0,0
1786960200000,2026-08-17T09:50:00Z,149.59,149.59,149.59,149.59,0,0
1786960500000,2026-08-17T09:55:00Z,149.59,149.59,149.42,149.44,1.61,240.5934
1786960800000,2026-08-17T10:00:00Z,149.44,149.53,149.44,149.53,10.51,1570.8024
1786961100000,2026-08-17T10:05:00Z,149.53,149.56,149.41,149.41,0.83,124.0668
1786961400000,2026-08-17T10:10:00Z,149.41,149.58,149.41,149.57,2.14,320.058
1786961700000,2026-08-17T10:15:00Z,149.57,149.6,149.5,149.6,1.91,285.635
1786962000000,2026-08-17T10:20:00Z,149.6,149.6,149.6,149.6,0,0
1786962300000,2026-08-17T10:25:00Z,149.6,149.84,149.4,149.84,13.85,2071.4355
1786962600000,2026-08-17T10:30:00Z,149.84,149.93,149.78,149.85,1.52,227.7555
1786962900000,2026-08-17T10:35:00Z,149.85,149.98,149.78,149.96,2.84,425.719
1786963200000,2026-08-17T10:40:00Z,149.96,150.09,149.92,150.09,23.27,3490.3682
1786963500000,2026-08-17T10:45:00Z,150.09,150.18,150.09,150.18,152.78,22935.6011
1786963800000,2026-08-17T10:50:00Z,150.18,150.18,150.02,150.02,0.93,139.5341
1786964100000,2026-08-17T10:55:00Z,150.02,150.02,149.9,150.01,22.33,3348.5784
1786964400000,2026-08-17T11:00:00Z,150.01,150.13,149.88,150.04,29.06,4360.3259
1786964700000,2026-08-17T11:05:00Z,150.04,150.11,149.99,149.99,15.37,2305.8263
1786965000000,2026-08-17T11:10:00Z,149.99,150,149.8,149.83,13.71,2055.1664
1786965300000,2026-08-17T11:15:00Z,149.83,149.89,149.79,149.84,15.91,2383.6765
1786965600000,2026-08-17T11:20:00Z,149.84,149.96,149.84,149.93,5.86,878.6393
1786965900000,2026-08-17T11:25:00Z,149.93,149.93,149.76,149.77,4.59,687.4838
1786966200000,2026-08-17T11:30:00Z,149.77,149.94,149.76,149.92,2.53,379.2719
1786966500000,2026-08-17T11:35:00Z,149.92,149.92,149.91,149.91,0.31,46.4721
1786966800000,2026-08-17T11:40:00Z,149.91,150,149.89,149.94,10.06,1508.0796
1786967100000,2026-08-17T11:45:00Z,149.94,150.39,149.94,150.3,18.54,2785.5651
1786967400000,2026-08-17T11:50:00Z,150.3,150.32,150.03,150.08,87.42,13121.9831
1786967700000,2026-08-17T11:55:00Z,150.08,150.13,149.99,149.99,4.79,718.939
1786968000000,2026-08-17T12:00:00Z,149.99,149.99,149.79,149.9,18.95,2839.2668
1786968300000,2026-08-17T12:05:00Z,149.9,150,149.84,149.97,1.8,269.8771
1786968600000,2026-08-17T12:10:00Z,149.97,150.2,149.97,150.2,3.73,559.8694
1786968900000,2026-08-17T12:15:00Z,150.2,150.2,150.15,150.16,0.38,57.0577
1786969200000,2026-08-17T12:20:00Z,150.16,150.16,150.05,150.12,4.27,640.956
1786969500000,2026-08-17T12:25:00Z,150.12,150.12,149.54,149.71,223.93,33534.4947
1786969800000,2026-08-17T12:30:00Z,149.71,149.79,149.45,149.45,16.22,2426.8514
1786970100000,2026-08-17T12:35:00Z,149.45,149.45,149.31,149.31,3.53,527.3398
1786970400000,2026-08-17T12:40:00Z,149.31,149.51,149.25,149.25,30.1,4496.6024
1786970700000,2026-08-17T12:45:00Z,149.25,149.36,149.2,149.2,20.07,2996.1297
1786971000000,2026-08-17T12:50:00Z,149.2,149.23,149.01,149.01,17.05,2542.3663
1786971300000,2026-08-17T12:55:00Z,149.01,149.13,149.01,149.05,15.36,2290.4302
1786971600000,2026-08-17T13:00:00Z,149.05,149.12,148.92,149.12,28.44,4237.3959
1786971900000,2026-08-17T13:05:00Z,149.12,149.16,149.06,149.06,6.2,924.4319
1786972200000,2026-08-17T13:10:00Z,149.06,149.15,149.01,149.01,11.39,1697.67
1786972500000,2026-08-17T13:15:00Z,149.01,149.03,148.78,148.98,39.44,5872.8761
1786972800000,2026-08-17T13:20:00Z,148.98,148.98,148.83,148.97,34.04,5069.872
1786973100000,2026-08-17T13:25:00Z,148.97,149.17,148.53,148.9,578.85,86167.5853
1786973400000,2026-08-17T13:30:00Z,148.9,150.85,147.53,149.99,718.66,106890.3693
1786973700000,2026-08-17T13:35:00Z,149.99,151.32,149.62,150.85,161.69,24377.3153
1786974000000,2026-08-17T13:40:00Z,150.85,151.41,149.39,149.55,885.55,133790.3196
1786974300000,2026-08-17T13:45:00Z,149.55,150.19,148.5,150.19,516.4,76813.9872
1786974600000,2026-08-17T13:50:00Z,150.19,150.99,149.91,150.57,601.21,90328.7303
1786974900000,2026-08-17T13:55:00Z,150.57,150.67,150.12,150.56,86.05,12945.893
1786975200000,2026-08-17T14:00:00Z,150.56,150.56,149.62,149.86,226.09,33913.7142
1786975500000,2026-08-17T14:05:00Z,149.86,150.12,149.56,150.12,155.5,23292.6838
1786975800000,2026-08-17T14:10:00Z,150.12,151.03,149.84,150.19,408.35,61461.0044
1786976100000,2026-08-17T14:15:00Z,150.19,150.46,149.73,150.06,180.48,27111.228
1786976400000,2026-08-17T14:20:00Z,150.06,150.14,149.52,149.76,41.11,6163.3268
1786976700000,2026-08-17T14:25:00Z,149.76,150.06,149.55,149.88,47.88,7177.4727
1786977000000,2026-08-17T14:30:00Z,149.88,150.05,149.74,149.89,18.05,2705.8936
1786977300000,2026-08-17T14:35:00Z,149.89,149.89,149.23,149.23,16.59,2479.8658
1786977600000,2026-08-17T14:40:00Z,149.23,149.57,149.23,149.48,9.5,1420.02
1786977900000,2026-08-17T14:45:00Z,149.48,149.74,149.17,149.74,42.99,6425.838
1786978200000,2026-08-17T14:50:00Z,149.74,150.24,149.74,149.88,136.22,20436.5441
1786978500000,2026-08-17T14:55:00Z,149.88,150.55,149.87,150.55,68.7,10318.7178
1786978800000,2026-08-17T15:00:00Z,150.55,151.1,150.5,150.66,118.07,17783.3831
1786979100000,2026-08-17T15:05:00Z,150.66,151.18,150.6,150.83,279.64,42199.1317
1786979400000,2026-08-17T15:10:00Z,150.83,151.05,150.24,150.24,40.12,6051.2681
1786979700000,2026-08-17T15:15:00Z,150.24,150.56,149.91,149.96,326.13,48996.4393
1786980000000,2026-08-17T15:20:00Z,149.96,150.54,149.87,150.26,167.93,25228.3947
1786980300000,2026-08-17T15:25:00Z,150.26,151.24,150.26,151.03,102.79,15492.9145
1786980600000,2026-08-17T15:30:00Z,151.03,151.37,150.64,150.72,171.34,25864.1283
1786980900000,2026-08-17T15:35:00Z,150.72,151.04,150.44,150.67,101.71,15330.6674
1786981200000,2026-08-17T15:40:00Z,150.67,151.28,150.67,151.08,15.64,2362.4227
1786981500000,2026-08-17T15:45:00Z,151.08,151.37,150.93,151.23,173.54,26208.9613
1786981800000,2026-08-17T15:50:00Z,151.23,152.33,151.2,152.24,686.84,104283.1798
1786982100000,2026-08-17T15:55:00Z,152.24,152.27,151.75,152.26,408.48,62109.9311
1786982400000,2026-08-17T16:00:00Z,152.26,152.36,151.84,152.05,42.48,6458.0585
1786982700000,2026-08-17T16:05:00Z,152.05,152.64,151.52,151.52,2604.81,397214.8679
1786983000000,2026-08-17T16:10:00Z,151.52,151.95,151.52,151.58,151.56,22991.4754
1786983300000,2026-08-17T16:15:00Z,151.58,151.7,150.92,151.03,1197.85,181136.6427
1786983600000,2026-08-17T16:20:00Z,151.03,151.16,150.47,150.47,123.36,18625.2774
1786983900000,2026-08-17T16:25:00Z,150.47,150.88,150.29,150.87,112.96,17021.9083
1786984200000,2026-08-17T16:30:00Z,150.87,150.92,150.47,150.59,91.61,13793.6881
1786984500000,2026-08-17T16:35:00Z,150.59,151.51,150.59,151.46,74.32,11244.4737
1786984800000,2026-08-17T16:40:00Z,151.46,151.58,151.11,151.11,0.82,124.2576
1786985100000,2026-08-17T16:45:00Z,151.11,151.11,150.9,151.09,8.7,1313.367
1786985400000,2026-08-17T16:50:00Z,151.09,151.09,150.61,150.67,10.85,1636.6458
1786985700000,2026-08-17T16:55:00Z,150.67,150.91,150.56,150.91,12.07,1819.0937
1786986000000,2026-08-17T17:00:00Z,150.91,151.63,150.82,151.37,53.08,8038.9967
1786986300000,2026-08-17T17:05:00Z,151.37,151.64,151.37,151.4,51.86,7858.2577
1786986600000,2026-08-17T17:10:00Z,151.4,151.46,150.99,150.99,223.62,33813.4854
1786986900000,2026-08-17T17:15:00Z,150.99,151.97,150.98,151.71,1838.75,279130.21
1786987200000,2026-08-17T17:20:00Z,151.71,152.04,151.48,151.48,139.63,21195.1876
1786987500000,2026-08-17T17:25:00Z,151.48,151.57,150.99,151.03,1901.39,287660.6848
1786987800000,2026-08-17T17:30:00Z,151.03,151.09,150.7,150.79,87.91,13265.9091
1786988100000,2026-08-17T17:35:00Z,150.79,151.07,150.5,150.87,77.34,11657.675
1786988400000,2026-08-17T17:40:00Z,150.87,150.89,150.64,150.78,62.77,9463.4579
1786988700000,2026-08-17T17:45:00Z,150.78,150.9,150.65,150.72,19.99,3012.9126
1786989000000,2026-08-17T17:50:00Z,150.72,150.78,150.47,150.57,23.33,3514.6463
1786989300000,2026-08-17T17:55:00Z,150.57,150.75,150.55,150.57,16.38,2468.0691
1786989600000,2026-08-17T18:00:00Z,150.57,150.82,150.45,150.81,56.05,8445.1847
1786989900000,2026-08-17T18:05:00Z,150.81,150.92,150.64,150.64,48.76,7351.1732
1786990200000,2026-08-17T18:10:00Z,150.64,151.51,150.62,151.23,97.29,14708.6979
1786990500000,2026-08-17T18:15:00Z,151.23,151.72,151.15,151.43,31.46,4763.4725
1786990800000,2026-08-17T18:20:00Z,151.43,151.82,151.26,151.63,35.3,5347.2267
1786991100000,2026-08-17T18:25:00Z,151.63,151.91,151.62,151.73,127.48,19344.8359
1786991400000,2026-08-17T18:30:00Z,151.73,151.87,151.48,151.59,116.8,17719.6602
1786991700000,2026-08-17T18:35:00Z,151.59,151.8,151.35,151.35,138.6,21033.1797
1786992000000,2026-08-17T18:40:00Z,151.35,151.35,150.92,150.92,11.23,1696.8839
1786992300000,2026-08-17T18:45:00Z,150.92,150.92,150.62,150.71,9.64,1452.9533
1786992600000,2026-08-17T18:50:00Z,150.71,151.05,150.71,150.94,39.88,6018.7644
1786992900000,2026-08-17T18:55:00Z,150.94,151.02,150.85,151.02,33.5,5058.5823
1786993200000,2026-08-17T19:00:00Z,151.02,151.09,150.86,151.09,33.27,5023.7226
1786993500000,2026-08-17T19:05:00Z,151.09,151.15,151.05,151.05,28.92,4368.7375
1786993800000,2026-08-17T19:10:00Z,151.05,151.05,150.49,150.49,34.17,5156.0178
1786994100000,2026-08-17T19:15:00Z,150.49,150.97,150.46,150.71,6.05,912.3583
1786994400000,2026-08-17T19:20:00Z,150.71,151.24,150.71,151.15,38.71,5851.1844
1786994700000,2026-08-17T19:25:00Z,151.15,151.47,151.15,151.46,5.5,832.3128
1786995000000,2026-08-17T19:30:00Z,151.46,151.48,151.23,151.23,3.12,472.2353
1786995300000,2026-08-17T19:35:00Z,151.23,151.4,150.93,151.27,28.73,4348.5188
1786995600000,2026-08-17T19:40:00Z,151.27,151.75,151.27,151.48,30.08,4556.0082
1786995900000,2026-08-17T19:45:00Z,151.48,151.65,151.42,151.61,156.21,23664.2863
1786996200000,2026-08-17T19:50:00Z,151.61,151.81,151.04,151.17,72.71,11012.1554
1786996500000,2026-08-17T19:55:00Z,151.17,151.26,150.74,150.79,156.54,23646.6312
1786996800000,2026-08-17T20:00:00Z,150.79,151,150.73,150.78,41.07,6195.6805
1786997100000,2026-08-17T20:05:00Z,150.78,150.78,150.67,150.7,0.71,106.9961
1786997400000,2026-08-17T20:10:00Z,150.7,150.73,150.65,150.71,1.52,229.0328
1786997700000,2026-08-17T20:15:00Z,150.71,150.71,150.7,150.7,0.31,46.717
1786998000000,2026-08-17T20:20:00Z,150.7,150.7,150.62,150.69,55.42,8349.9108
1786998300000,2026-08-17T20:25:00Z,150.69,150.72,150.56,150.65,96.45,14531.8105
1786998600000,2026-08-17T20:30:00Z,150.65,150.65,150.58,150.58,0.32,48.1856
1786998900000,2026-08-17T20:35:00Z,150.58,150.58,150.58,150.58,0,0
1786999200000,2026-08-17T20:40:00Z,150.58,150.79,150.58,150.76,1.71,257.8228
1786999500000,2026-08-17T20:45:00Z,150.76,150.76,150.73,150.74,1.21,182.3923
1786999800000,2026-08-17T20:50:00Z,150.74,150.79,150.74,150.79,16.01,2413.7318
1787000100000,2026-08-17T20:55:00Z,150.79,150.81,150.76,150.76,1.13,170.3786
1787000400000,2026-08-17T21:00:00Z,150.76,150.95,150.72,150.8,19.04,2871.6807
1787000700000,2026-08-17T21:05:00Z,150.8,150.8,150.72,150.72,21.44,3232.8394
1787001000000,2026-08-17T21:10:00Z,150.72,150.81,150.72,150.8,6.25,942.3963
1787001300000,2026-08-17T21:15:00Z,150.8,150.89,150.78,150.89,2.58,389.2031
1787001600000,2026-08-17T21:20:00Z,150.89,150.99,150.89,150.92,7.13,1076.2113
1787001900000,2026-08-17T21:25:00Z,150.92,150.97,150.84,150.95,7.04,1062.3636
1787002200000,2026-08-17T21:30:00Z,150.95,151.03,150.85,150.85,7.53,1136.8821
1787002500000,2026-08-17T21:35:00Z,150.85,150.85,150.85,150.85,0,0
1787002800000,2026-08-17T21:40:00Z,150.85,151.18,150.85,151.18,531.82,80302.2366
1787003100000,2026-08-17T21:45:00Z,151.18,151.18,151,151.03,0.12,18.1212
1787003400000,2026-08-17T21:50:00Z,151.03,151.03,150.95,150.95,2.41,363.7895
1787003700000,2026-08-17T21:55:00Z,150.95,150.95,150.95,150.95,0,0
1787004000000,2026-08-17T22:00:00Z,150.95,150.95,150.9,150.9,0.84,126.7573
1787004300000,2026-08-17T22:05:00Z,150.9,150.94,150.9,150.94,13.16,1986.3704
1787004600000,2026-08-17T22:10:00Z,150.94,150.94,150.94,150.94,0,0
1787004900000,2026-08-17T22:15:00Z,150.94,150.94,150.81,150.81,0.09,13.5729
1787005200000,2026-08-17T22:20:00Z,150.81,150.81,150.81,150.81,0,0
1787005500000,2026-08-17T22:25:00Z,150.81,150.81,150.81,150.81,0,0
1787005800000,2026-08-17T22:30:00Z,150.81,150.92,150.81,150.9,6.56,989.806
1787006100000,2026-08-17T22:35:00Z,150.9,150.9,150.9,150.9,0,0
1787006400000,2026-08-17T22:40:00Z,150.9,150.95,150.9,150.95,3.31,499.6445
1787006700000,2026-08-17T22:45:00Z,150.95,150.95,150.95,150.95,0,0
1787007000000,2026-08-17T22:50:00Z,150.95,150.95,150.95,150.95,0.09,13.5855
1787007300000,2026-08-17T22:55:00Z,150.95,150.95,150.95,150.95,0,0
1787007600000,2026-08-17T23:00:00Z,150.95,150.95,150.93,150.93,0.18,27.1674
1787007900000,2026-08-17T23:05:00Z,150.93,151,150.93,151,0.16,24.16
1787008200000,2026-08-17T23:10:00Z,151,151.01,151,151.01,0.31,46.8131
1787008500000,2026-08-17T23:15:00Z,151.01,151.01,150.81,150.81,24.06,3630.0374
1787008800000,2026-08-17T23:20:00Z,150.81,150.89,150.78,150.78,7.48,1127.9555
1787009100000,2026-08-17T23:25:00Z,150.78,150.92,150.75,150.92,10.81,1630.0883
1787009400000,2026-08-17T23:30:00Z,150.92,151.03,150.92,151.03,1.47,221.9897
1787009700000,2026-08-17T23:35:00Z,151.03,151.03,150.98,150.98,0.8,120.7954
1787010000000,2026-08-17T23:40:00Z,150.98,150.98,150.96,150.96,3.31,499.6776
1787010300000,2026-08-17T23:45:00Z,150.96,150.96,150.89,150.93,23.38,3528.4897
1787010600000,2026-08-17T23:50:00Z,150.93,150.93,150.89,150.89,0.38,57.3413
1787010900000,2026-08-17T23:55:00Z,150.89,150.96,150.89,150.96,0.31,46.7976
1787011200000,2026-08-18T00:00:00Z,150.96,151.26,150.78,151.1,156.61,23668.1629
1787011500000,2026-08-18T00:05:00Z,151.1,151.18,151.1,151.16,1.56,235.8334
1787011800000,2026-08-18T00:10:00Z,151.16,151.16,150.99,150.99,1.3,196.287
1787012100000,2026-08-18T00:15:00Z,150.99,151.1,150.99,151.1,0.24,36.264
1787012400000,2026-08-18T00:20:00Z,151.1,151.22,151.1,151.16,2.26,341.656
1787012700000,2026-08-18T00:25:00Z,151.16,151.16,151.08,151.08,4.31,651.1548
1787013000000,2026-08-18T00:30:00Z,151.08,151.1,151.07,151.1,43,6496.4964
1787013300000,2026-08-18T00:35:00Z,151.1,151.1,151.1,151.1,0,0
1787013600000,2026-08-18T00:40:00Z,151.1,151.1,151.01,151.01,8.9,1344.004
1787013900000,2026-08-18T00:45:00Z,151.01,151.01,151.01,151.01,0,0
1787014200000,2026-08-18T00:50:00Z,151.01,151.21,151.01,151.07,3.2,483.8291
1787014500000,2026-08-18T00:55:00Z,151.07,151.07,150.94,150.94,0.04,6.0376
1787014800000,2026-08-18T01:00:00Z,150.94,150.94,150.81,150.81,24.13,3640.4213
1787015100000,2026-08-18T01:05:00Z,150.81,150.81,150.62,150.62,82.26,12391.6047
1787015400000,2026-08-18T01:10:00Z,150.62,150.77,150.62,150.77,0.3,45.231
1787015700000,2026-08-18T01:15:00Z,150.77,150.77,150.66,150.66,0.57,85.8926
1787016000000,2026-08-18T01:20:00Z,150.66,150.72,150.66,150.72,13.27,2000.0544
1787016300000,2026-08-18T01:25:00Z,150.72,150.75,150.72,150.75,0.3,45.224
1787016600000,2026-08-18T01:30:00Z,150.75,150.75,150.72,150.72,0.11,16.5792
1787016900000,2026-08-18T01:35:00Z,150.72,150.72,150.72,150.72,0.06,9.0432
1787017200000,2026-08-18T01:40:00Z,150.72,150.72,150.44,150.44,14.62,2201.5924
1787017500000,2026-08-18T01:45:00Z,150.44,150.48,150.25,150.28,556.97,83730.3197
1787017800000,2026-08-18T01:50:00Z,150.28,150.28,150,150.04,8.66,1299.5824
1787018100000,2026-08-18T01:55:00Z,150.04,150.07,150.04,150.07,0.16,24.0112
1787018400000,2026-08-18T02:00:00Z,150.07,150.23,150.07,150.23,0.24,36.0552
1787018700000,2026-08-18T02:05:00Z,150.23,150.23,150.22,150.22,0.12,18.0264
1787019000000,2026-08-18T02:10:00Z,150.22,150.22,149.92,149.92,4.87,730.1567
1787019300000,2026-08-18T02:15:00Z,149.92,150.02,149.73,149.94,79.17,11862.1374
1787019600000,2026-08-18T02:20:00Z,149.94,149.94,149.88,149.88,0.3,44.964
1787019900000,2026-08-18T02:25:00Z,149.88,149.88,149.88,149.88,0,0
1787020200000,2026-08-18T02:30:00Z,149.88,149.88,149.72,149.78,3.14,470.2814
1787020500000,2026-08-18T02:35:00Z,149.78,149.97,149.78,149.97,25.38,3806.0575
1787020800000,2026-08-18T02:40:00Z,149.97,149.99,149.62,149.62,15.17,2273.611
1787021100000,2026-08-18T02:45:00Z,149.62,149.62,149.45,149.59,38.73,5790.9671
1787021400000,2026-08-18T02:50:00Z,149.59,149.59,149.55,149.55,3.45,515.993
1787021700000,2026-08-18T02:55:00Z,149.55,149.55,149.39,149.49,2.85,425.8763
1787022000000,2026-08-18T03:00:00Z,149.49,149.55,149.48,149.55,1.22,182.3818
1787022300000,2026-08-18T03:05:00Z,149.55,149.55,149.52,149.52,0.09,13.4568
1787022600000,2026-08-18T03:10:00Z,149.52,149.52,149.37,149.39,0.73,109.0417
1787022900000,2026-08-18T03:15:00Z,149.39,149.47,149.39,149.47,1.37,204.7293
1787023200000,2026-08-18T03:20:00Z,149.47,149.47,149.2,149.2,4.87,726.9487
1787023500000,2026-08-18T03:25:00Z,149.2,149.33,149.2,149.33,1.31,195.5586
1787023800000,2026-08-18T03:30:00Z,149.33,149.33,149.2,149.2,15.61,2329.5448
1787024100000,2026-08-18T03:35:00Z,149.2,149.48,149.12,149.48,2.6,388.4043
1787024400000,2026-08-18T03:40:00Z,149.48,149.81,149.48,149.81,52.95,7922.9136
1787024700000,2026-08-18T03:45:00Z,149.81,149.86,149.81,149.81,0.65,97.3915
1787025000000,2026-08-18T03:50:00Z,149.81,149.81,149.81,149.81,0,0
1787025300000,2026-08-18T03:55:00Z,149.81,149.81,149.74,149.74,0.16,23.9584
1787025600000,2026-08-18T04:00:00Z,149.74,149.74,149.61,149.64,0.64,95.7636
1787025900000,2026-08-18T04:05:00Z,149.64,149.8,149.64,149.79,1.43,214.083
1787026200000,2026-08-18T04:10:00Z,149.79,149.97,149.79,149.87,38.07,5707.4101
1787026500000,2026-08-18T04:15:00Z,149.87,149.87,149.78,149.78,0.16,23.9675
1787026800000,2026-08-18T04:20:00Z,149.78,149.78,149.57,149.57,6,897.4236
1787027100000,2026-08-18T04:25:00Z,149.57,149.77,149.57,149.77,0.14,20.9678
1787027400000,2026-08-18T04:30:00Z,149.77,149.77,149.75,149.75,13.49,2020.1284
1787027700000,2026-08-18T04:35:00Z,149.75,149.8,149.75,149.8,0.09,13.482
1787028000000,2026-08-18T04:40:00Z,149.8,149.8,149.78,149.78,0.14,20.9702
1787028300000,2026-08-18T04:45:00Z,149.78,149.78,149.67,149.76,1.21,181.1927
1787028600000,2026-08-18T04:50:00Z,149.76,149.76,149.71,149.71,0.31,46.4165
1787028900000,2026-08-18T04:55:00Z,149.71,149.71,149.71,149.71,0,0
1787029200000,2026-08-18T05:00:00Z,149.71,149.72,149.59,149.59,2.6,389.0324
1787029500000,2026-08-18T05:05:00Z,149.59,149.69,149.59,149.65,1.72,257.3915
1787029800000,2026-08-18T05:10:00Z,149.65,149.65,149.52,149.53,14.31,2139.9864
1787030100000,2026-08-18T05:15:00Z,149.53,149.58,149.53,149.58,0.09,13.4622
1787030400000,2026-08-18T05:20:00Z,149.58,149.67,149.5,149.5,1.64,245.3245
1787030700000,2026-08-18T05:25:00Z,149.5,149.55,149.46,149.55,7.22,1079.1249
1787031000000,2026-08-18T05:30:00Z,149.55,149.59,149.51,149.52,10.73,1604.588
1787031300000,2026-08-18T05:35:00Z,149.52,149.52,149.44,149.48,5.69,850.4893
1787031600000,2026-08-18T05:40:00Z,149.48,149.62,149.48,149.62,2.75,411.3929
1787031900000,2026-08-18T05:45:00Z,149.62,149.62,149.49,149.52,0.41,61.3029
1787032200000,2026-08-18T05:50:00Z,149.52,149.52,149.38,149.5,0.87,130.0096
1787032500000,2026-08-18T05:55:00Z,149.5,149.5,149.4,149.43,4.09,611.3241
1787032800000,2026-08-18T06:00:00Z,149.43,149.43,149.13,149.34,67.57,10083.5443
1787033100000,2026-08-18T06:05:00Z,149.34,149.34,149.34,149.34,0,0
1787033400000,2026-08-18T06:10:00Z,149.34,149.48,149.34,149.48,13.16,1965.9798
1787033700000,2026-08-18T06:15:00Z,149.48,149.62,149.48,149.62,1.32,197.4775
1787034000000,2026-08-18T06:20:00Z,149.62,149.75,149.62,149.75,6.3,942.8098
1787034300000,2026-08-18T06:25:00Z,149.75,149.76,149.69,149.69,0.4,59.8872
1787034600000,2026-08-18T06:30:00Z,149.69,149.88,149.69,149.86,33.77,5061.1122
1787034900000,2026-08-18T06:35:00Z,149.86,150.02,149.85,150.02,21.17,3173.4929
1787035200000,2026-08-18T06:40:00Z,150.02,150.02,150.02,150.02,0,0
1787035500000,2026-08-18T06:45:00Z,150.02,150.09,149.88,149.88,57.59,8635.9703
1787035800000,2026-08-18T06:50:00Z,149.88,149.89,149.87,149.89,1.9,284.7652
1787036100000,2026-08-18T06:55:00Z,149.89,149.89,149.88,149.88,0.04,5.9952
1787036400000,2026-08-18T07:00:00Z,149.88,149.88,149.83,149.83,0.57,85.4161
1787036700000,2026-08-18T07:05:00Z,149.83,149.92,149.57,149.66,35.33,5289.4272
1787037000000,2026-08-18T07:10:00Z,149.66,149.66,149.63,149.63,0.31,46.3853
1787037300000,2026-08-18T07:15:00Z,149.63,149.77,149.63,149.77,7.95,1190.1724
1787037600000,2026-08-18T07:20:00Z,149.77,149.77,149.64,149.7,3.04,455.0414
1787037900000,2026-08-18T07:25:00Z,149.7,149.7,149.6,149.64,1.66,248.3806
1787038200000,2026-08-18T07:30:00Z,149.64,149.64,149.5,149.5,0.41,61.311
1787038500000,2026-08-18T07:35:00Z,149.5,149.5,149.48,149.48,0.81,121.0788
1787038800000,2026-08-18T07:40:00Z,149.48,149.48,149.48,149.48,0,0
1787039100000,2026-08-18T07:45:00Z,149.48,149.53,149.43,149.49,10.07,1505.4393
1787039400000,2026-08-18T07:50:00Z,149.49,149.49,149.49,149.49,0,0
1787039700000,2026-08-18T07:55:00Z,149.49,149.49,149.36,149.36,6.28,938.4073
1787040000000,2026-08-18T08:00:00Z,149.36,149.54,149,149.09,121.06,18070.1532
1787040300000,2026-08-18T08:05:00Z,149.09,149.09,148.67,148.75,85.78,12767.4528
1787040600000,2026-08-18T08:10:00Z,148.75,149,148.67,148.99,124.85,18585.8042
1787040900000,2026-08-18T08:15:00Z,148.99,149.43,148.99,149.4,20.39,3043.9837
1787041200000,2026-08-18T08:20:00Z,149.4,149.48,149.17,149.41,26.86,4010.2116
1787041500000,2026-08-18T08:25:00Z,149.41,149.63,149.29,149.45,127.17,19009.4864
1787041800000,2026-08-18T08:30:00Z,149.45,149.62,149.41,149.52,12.67,1894.9002
1787042100000,2026-08-18T08:35:00Z,149.52,149.81,149.49,149.79,74.71,11182.1464
1787042400000,2026-08-18T08:40:00Z,149.79,149.79,149.6,149.65,1.27,190.0416
1787042700000,2026-08-18T08:45:00Z,149.65,149.65,149.43,149.43,9.48,1416.9286
1787043000000,2026-08-18T08:50:00Z,149.43,149.43,149.1,149.21,35.68,5322.7669
1787043300000,2026-08-18T08:55:00Z,149.21,149.27,149,149.07,6.4,954.0997
1787043600000,2026-08-18T09:00:00Z,149.07,149.15,148.96,149.03,17.64,2629.5257
1787043900000,2026-08-18T09:05:00Z,149.03,149.03,148.79,148.92,42.71,6358.9979
1787044200000,2026-08-18T09:10:00Z,148.92,149.06,148.92,149.01,7.05,1050.5558
1787044500000,2026-08-18T09:15:00Z,149.01,149.01,148.71,148.73,27.09,4032.2633
1787044800000,2026-08-18T09:20:00Z,148.73,148.78,148.6,148.64,22.58,3357.0851
1787045100000,2026-08-18T09:25:00Z,148.64,148.84,148.62,148.84,25.77,3830.797
1787045400000,2026-08-18T09:30:00Z,148.84,148.84,148.75,148.78,7.13,1060.8159
1787045700000,2026-08-18T09:35:00Z,148.78,148.78,148.69,148.69,0.08,11.896
1787046000000,2026-08-18T09:40:00Z,148.69,148.69,148.53,148.68,90.17,13395.514
1787046300000,2026-08-18T09:45:00Z,148.68,148.95,148.68,148.8,14.03,2088.3863
1787046600000,2026-08-18T09:50:00Z,148.8,148.93,148.61,148.93,16.25,2416.1143
1787046900000,2026-08-18T09:55:00Z,148.93,149.1,148.93,149.01,19.37,2886.7277
1787047200000,2026-08-18T10:00:00Z,149.01,149.01,148.78,148.92,11.33,1686.7806
1787047500000,2026-08-18T10:05:00Z,148.92,148.92,148.74,148.78,30.87,4592.5656
1787047800000,2026-08-18T10:10:00Z,148.78,148.82,148.78,148.78,30.81,4584.083
1787048100000,2026-08-18T10:15:00Z,148.78,148.99,148.77,148.77,26.9,4004.7978
1787048400000,2026-08-18T10:20:00Z,148.77,148.88,148.69,148.69,6.23,927.2324
1787048700000,2026-08-18T10:25:00Z,148.69,148.78,148.66,148.77,10.07,1497.9234
1787049000000,2026-08-18T10:30:00Z,148.77,149.09,148.77,149.06,5.86,873.2036
1787049300000,2026-08-18T10:35:00Z,149.06,149.06,149,149.03,0.34,50.6675
1787049600000,2026-08-18T10:40:00Z,149.03,149.03,148.9,148.92,0.84,125.1253
1787049900000,2026-08-18T10:45:00Z,148.92,149.07,148.77,148.99,61.94,9224.1329
1787050200000,2026-08-18T10:50:00Z,148.99,149.04,148.98,148.98,3.18,473.8792
1787050500000,2026-08-18T10:55:00Z,148.98,149.05,148.98,149.03,4.35,648.2028
1787050800000,2026-08-18T11:00:00Z,149.03,149.32,148.83,149.32,67.59,10073.8839
1787051100000,2026-08-18T11:05:00Z,149.32,149.37,149.25,149.33,36.62,5467.9159
1787051400000,2026-08-18T11:10:00Z,149.33,149.33,149.3,149.3,0.31,46.283
1787051700000,2026-08-18T11:15:00Z,149.3,149.69,149.3,149.48,54.61,8162.0914
1787052000000,2026-08-18T11:20:00Z,149.48,149.48,149.28,149.28,19.27,2878.479
1787052300000,2026-08-18T11:25:00Z,149.28,149.38,149.28,149.38,16.59,2477.7415
1787052600000,2026-08-18T11:30:00Z,149.38,149.38,149.08,149.08,46.91,6998.6267
1787052900000,2026-08-18T11:35:00Z,149.08,149.53,149.08,149.45,30.5,4556.5522
1787053200000,2026-08-18T11:40:00Z,149.45,149.63,149.45,149.63,0.55,82.251
1787053500000,2026-08-18T11:45:00Z,149.63,149.68,149.59,149.64,2.68,401.0655
1787053800000,2026-08-18T11:50:00Z,149.64,149.64,149.29,149.29,9.3,1388.9304
1787054100000,2026-08-18T11:55:00Z,149.29,149.29,149.29,149.29,0,0
1787054400000,2026-08-18T12:00:00Z,149.29,149.38,149.22,149.38,4.75,709.0785
1787054700000,2026-08-18T12:05:00Z,149.38,149.38,149.05,149.05,27.22,4060.0356
1787055000000,2026-08-18T12:10:00Z,149.05,149.05,148.9,148.9,6.08,905.4776
1787055300000,2026-08-18T12:15:00Z,148.9,148.99,148.9,148.99,2.13,317.2984
1787055600000,2026-08-18T12:20:00Z,148.99,149.33,148.99,149.22,2.84,423.7367
1787055900000,2026-08-18T12:25:00Z,149.22,149.22,149.02,149.02,2.17,323.4296
1787056200000,2026-08-18T12:30:00Z,149.02,149.15,148.98,149.15,17.78,2649.649
1787056500000,2026-08-18T12:35:00Z,149.15,149.15,148.8,148.8,9.59,1427.5225
1787056800000,2026-08-18T12:40:00Z,148.8,148.86,148.7,148.86,14.1,2098.23
1787057100000,2026-08-18T12:45:00Z,148.86,148.86,148.64,148.76,35.11,5221.3822
1787057400000,2026-08-18T12:50:00Z,148.76,148.76,148.71,148.72,14.5,2156.5815
1787057700000,2026-08-18T12:55:00Z,148.72,148.72,148.6,148.6,11.67,1734.8081
1787058000000,2026-08-18T13:00:00Z,148.6,148.6,148.49,148.49,148.77,22093.9632
1787058300000,2026-08-18T13:05:00Z,148.49,148.49,148.37,148.42,6.34,941.1119
1787058600000,2026-08-18T13:10:00Z,148.42,148.49,148.37,148.39,19.38,2876.3339
1787058900000,2026-08-18T13:15:00Z,148.39,148.4,148.29,148.4,134.95,20017.4428
1787059200000,2026-08-18T13:20:00Z,148.4,148.42,148.26,148.26,265.14,39328.7122
1787059500000,2026-08-18T13:25:00Z,148.26,148.87,148,148.1,409.86,60823.915
1787059800000,2026-08-18T13:30:00Z,148.1,150.08,147.5,148.35,1430.16,212272.067
1787060100000,2026-08-18T13:35:00Z,148.35,149.7,148.21,149.67,290,43151.3223
1787060400000,2026-08-18T13:40:00Z,149.67,149.67,147.93,148.26,192.92,28778.7865
1787060700000,2026-08-18T13:45:00Z,148.26,148.59,147.9,147.91,349.61,51818.0437
1787061000000,2026-08-18T13:50:00Z,147.91,148.38,147.09,147.19,684.61,101036.9469
1787061300000,2026-08-18T13:55:00Z,147.19,147.59,147,147.57,492.43,72503.293
1787061600000,2026-08-18T14:00:00Z,147.57,148.27,147.27,148.24,59.52,8806.233
1787061900000,2026-08-18T14:05:00Z,148.24,148.26,147.55,147.72,67.14,9928.716
1787062200000,2026-08-18T14:10:00Z,147.72,147.72,146.88,147.05,311.78,45892.9333
1787062500000,2026-08-18T14:15:00Z,147.05,148.41,147.05,148.36,291.7,42982.5981
1787062800000,2026-08-18T14:20:00Z,148.36,149.11,147.79,149.01,137.56,20401.9876
1787063100000,2026-08-18T14:25:00Z,149.01,150.62,149.01,150.42,444.64,66698.0369
1787063400000,2026-08-18T14:30:00Z,150.42,150.94,149.08,149.08,1252.1,188312.722
1787063700000,2026-08-18T14:35:00Z,149.08,150.04,149.08,149.74,95.09,14233.9877
1787064000000,2026-08-18T14:40:00Z,149.74,149.84,149.32,149.32,102.46,15336.0657
1787064300000,2026-08-18T14:45:00Z,149.32,149.8,149.22,149.8,74.62,11151.7658
1787064600000,2026-08-18T14:50:00Z,149.8,149.92,148.72,148.85,243.16,36301.2699
1787064900000,2026-08-18T14:55:00Z,148.85,148.95,148.21,148.43,136.06,20230.3483
1787065200000,2026-08-18T15:00:00Z,148.43,148.43,147.77,148.22,129.21,19140.5355
1787065500000,2026-08-18T15:05:00Z,148.22,148.33,147.94,147.97,61.39,9087.5248
1787065800000,2026-08-18T15:10:00Z,147.97,148.13,147.7,148.11,98.14,14505.7645
1787066100000,2026-08-18T15:15:00Z,148.11,148.57,147.88,147.95,165.58,24553.8481
1787066400000,2026-08-18T15:20:00Z,147.95,148.23,147.95,148.21,62.18,9208.5721
1787066700000,2026-08-18T15:25:00Z,148.21,148.83,148.21,148.65,25.82,3839.2498
1787067000000,2026-08-18T15:30:00Z,148.65,148.73,148,148.3,53.83,7989.8496
1787067300000,2026-08-18T15:35:00Z,148.3,148.48,148.14,148.31,12.42,1841.9015
1787067600000,2026-08-18T15:40:00Z,148.31,148.9,148.31,148.49,76.34,11359.9287
1787067900000,2026-08-18T15:45:00Z,148.49,149.2,148.49,148.51,70.04,10427.2509
1787068200000,2026-08-18T15:50:00Z,148.51,148.82,148.3,148.46,12.29,1825.4783
1787068500000,2026-08-18T15:55:00Z,148.46,148.76,148.33,148.72,29.16,4332.1687
1787068800000,2026-08-18T16:00:00Z,148.72,149.12,148.72,148.81,3.57,531.6194
1787069100000,2026-08-18T16:05:00Z,148.81,148.98,148.55,148.55,11.51,1712.1199
1787069400000,2026-08-18T16:10:00Z,148.55,148.74,148.55,148.74,5.79,860.5268
1787069700000,2026-08-18T16:15:00Z,148.74,148.83,148.47,148.57,10.26,1524.8985
1787070000000,2026-08-18T16:20:00Z,148.57,148.61,148.52,148.59,6.32,938.9409
1787070300000,2026-08-18T16:25:00Z,148.59,148.64,148.24,148.33,15.21,2257.1276
1787070600000,2026-08-18T16:30:00Z,148.33,148.5,148.12,148.45,26.32,3903.1173
1787070900000,2026-08-18T16:35:00Z,148.45,148.81,148.45,148.8,4.65,691.0037
1787071200000,2026-08-18T16:40:00Z,148.8,149.04,148.8,149.01,22.71,3383.6925
1787071500000,2026-08-18T16:45:00Z,149.01,149.4,149.01,149.17,9.12,1361.3554
1787071800000,2026-08-18T16:50:00Z,149.17,149.5,149.15,149.5,1.89,282.215
1787072100000,2026-08-18T16:55:00Z,149.5,149.5,149.11,149.14,17.19,2563.6714
1787072400000,2026-08-18T17:00:00Z,149.14,149.18,148.58,148.88,143.51,21362.7218
1787072700000,2026-08-18T17:05:00Z,148.88,148.88,148.5,148.56,16.1,2393.0993
1787073000000,2026-08-18T17:10:00Z,148.56,148.76,148.3,148.51,48.04,7142.4648
1787073300000,2026-08-18T17:15:00Z,148.51,148.66,148.15,148.55,101.56,15084.5886
1787073600000,2026-08-18T17:20:00Z,148.55,148.6,148.42,148.42,7.32,1087.1023
1787073900000,2026-08-18T17:25:00Z,148.42,148.98,148.31,148.93,183.7,27310.2344
1787074200000,2026-08-18T17:30:00Z,148.93,149.15,148.78,148.87,16.36,2436.3327
1787074500000,2026-08-18T17:35:00Z,148.87,148.87,148.55,148.58,12.52,1861.5824
1787074800000,2026-08-18T17:40:00Z,148.58,148.58,148.34,148.47,19.07,2831.672
1787075100000,2026-08-18T17:45:00Z,148.47,148.47,148.08,148.11,82.21,12188.8014
1787075400000,2026-08-18T17:50:00Z,148.11,148.16,147.76,147.81,487.94,72178.7198
1787075700000,2026-08-18T17:55:00Z,147.81,147.96,147.22,147.28,236.8,34912.8246
1787076000000,2026-08-18T18:00:00Z,147.28,147.45,147.17,147.23,26.32,3878.6552
1787076300000,2026-08-18T18:05:00Z,147.23,147.45,147.17,147.27,39.54,5824.3298
1787076600000,2026-08-18T18:10:00Z,147.27,147.53,147.27,147.53,1.94,286.0488
1787076900000,2026-08-18T18:15:00Z,147.53,147.69,147.5,147.69,4.2,620.0222
1787077200000,2026-08-18T18:20:00Z,147.69,147.89,147.57,147.57,2.81,414.9625
1787077500000,2026-08-18T18:25:00Z,147.57,147.61,147.46,147.53,32.04,4727.2368
1787077800000,2026-08-18T18:30:00Z,147.53,147.64,147.53,147.64,5.9,870.8366
1787078100000,2026-08-18T18:35:00Z,147.64,147.93,147.64,147.66,10.5,1551.5172
1787078400000,2026-08-18T18:40:00Z,147.66,147.66,147.35,147.4,113.94,16808.0496
1787078700000,2026-08-18T18:45:00Z,147.4,147.57,147.17,147.57,27.85,4104.1907
1787079000000,2026-08-18T18:50:00Z,147.57,147.57,147.2,147.32,13.23,1950.0285
1787079300000,2026-08-18T18:55:00Z,147.32,147.32,147.08,147.21,35.32,5198.0456
1787079600000,2026-08-18T19:00:00Z,147.21,147.21,147.04,147.16,14.46,2126.9144
1787079900000,2026-08-18T19:05:00Z,147.16,147.25,146.95,147.05,166.96,24551.1481
1787080200000,2026-08-18T19:10:00Z,147.05,147.18,146.92,146.92,32.36,4758.8985
1787080500000,2026-08-18T19:15:00Z,146.92,147.04,146.85,146.91,177.53,26088.2702
1787080800000,2026-08-18T19:20:00Z,146.91,147.35,146.91,147.28,71.23,10482.5211
1787081100000,2026-08-18T19:25:00Z,147.28,147.87,147.28,147.87,0.9,132.9403
1787081400000,2026-08-18T19:30:00Z,147.87,148.29,147.76,148.02,53.68,7944.6956
1787081700000,2026-08-18T19:35:00Z,148.02,148.02,147.5,147.5,6.48,957.8597
1787082000000,2026-08-18T19:40:00Z,147.5,147.5,147.21,147.38,3.66,539.021
1787082300000,2026-08-18T19:45:00Z,147.38,147.61,147.2,147.2,23.66,3489.671
1787082600000,2026-08-18T19:50:00Z,147.2,147.4,146.82,146.99,36.44,5367.8727
1787082900000,2026-08-18T19:55:00Z,146.99,147.08,146.45,146.47,148.61,21799.5916
1787083200000,2026-08-18T20:00:00Z,146.47,146.71,146.47,146.5,13.22,1937.9578
1787083500000,2026-08-18T20:05:00Z,146.5,146.65,146.32,146.53,104.15,15252.3894
1787083800000,2026-08-18T20:10:00Z,146.53,146.57,146.46,146.57,22.47,3292.8456
1787084100000,2026-08-18T20:15:00Z,146.57,146.65,146.57,146.59,4.58,671.4387
1787084400000,2026-08-18T20:20:00Z,146.59,146.77,146.56,146.73,7.13,1045.908
1787084700000,2026-08-18T20:25:00Z,146.73,146.75,146.71,146.71,0.99,145.2599
1787085000000,2026-08-18T20:30:00Z,146.71,146.73,146.68,146.68,1.97,288.9955
1787085300000,2026-08-18T20:35:00Z,146.68,146.76,146.59,146.73,9.59,1406.7622
1787085600000,2026-08-18T20:40:00Z,146.73,146.73,146.55,146.55,21.92,3213.7143
1787085900000,2026-08-18T20:45:00Z,146.55,146.62,146.46,146.58,24.59,3603.0165
1787086200000,2026-08-18T20:50:00Z,146.58,146.78,146.58,146.78,23.5,3448.4899
1787086500000,2026-08-18T20:55:00Z,146.78,146.79,146.73,146.77,2.76,405.0001
1787086800000,2026-08-18T21:00:00Z,146.77,146.9,146.7,146.7,9.79,1437.1808
1787087100000,2026-08-18T21:05:00Z,146.7,146.77,146.7,146.77,0.35,51.3695
1787087400000,2026-08-18T21:10:00Z,146.77,146.82,146.77,146.78,1.35,198.1738
1787087700000,2026-08-18T21:15:00Z,146.78,146.83,146.75,146.75,0.71,104.2067
1787088000000,2026-08-18T21:20:00Z,146.75,146.75,146.75,146.75,0,0
1787088300000,2026-08-18T21:25:00Z,146.75,146.82,146.68,146.68,10.97,1610.1861
1787088600000,2026-08-18T21:30:00Z,146.68,146.88,146.65,146.65,8.91,1307.7496
1787088900000,2026-08-18T21:35:00Z,146.65,146.7,146.63,146.7,7.15,1048.6389
1787089200000,2026-08-18T21:40:00Z,146.7,146.87,146.68,146.76,12.78,1875.9552
1787089500000,2026-08-18T21:45:00Z,146.76,146.76,146.76,146.76,0,0
1787089800000,2026-08-18T21:50:00Z,146.76,146.76,146.66,146.66,3.94,577.8904
1787090100000,2026-08-18T21:55:00Z,146.66,146.7,146.58,146.7,3.68,539.4959
1787090400000,2026-08-18T22:00:00Z,146.7,146.82,146.7,146.82,1,146.82
1787090700000,2026-08-18T22:05:00Z,146.82,146.82,146.82,146.82,0,0
1787091000000,2026-08-18T22:10:00Z,146.82,146.82,146.73,146.75,24.84,3644.8269
1787091300000,2026-08-18T22:15:00Z,146.75,146.77,146.75,146.77,2,293.5369
1787091600000,2026-08-18T22:20:00Z,146.77,146.8,146.7,146.7,10.4,1526.21
1787091900000,2026-08-18T22:25:00Z,146.7,146.71,146.66,146.67,25.76,3779.0861
1787092200000,2026-08-18T22:30:00Z,146.67,146.67,146.67,146.67,0,0
1787092500000,2026-08-18T22:35:00Z,146.67,146.74,146.64,146.67,12.5,1834.0535
1787092800000,2026-08-18T22:40:00Z,146.67,146.68,146.64,146.67,12.04,1765.8195
1787093100000,2026-08-18T22:45:00Z,146.67,146.67,146.52,146.54,13.6,1992.916
1787093400000,2026-08-18T22:50:00Z,146.54,146.57,146.52,146.57,7.96,1166.3862
1787093700000,2026-08-18T22:55:00Z,146.57,146.59,146.54,146.59,3.93,575.9405
1787094000000,2026-08-18T23:00:00Z,146.59,146.59,146.47,146.47,2.42,354.4996
1787094300000,2026-08-18T23:05:00Z,146.47,146.7,146.47,146.7,2.3,337.3638
1787094600000,2026-08-18T23:10:00Z,146.7,146.8,146.7,146.8,13.7,2011.156
1787094900000,2026-08-18T23:15:00Z,146.8,146.8,146.57,146.57,4.34,636.2711
1787095200000,2026-08-18T23:20:00Z,146.57,146.68,146.55,146.68,2.73,400.154
1787095500000,2026-08-18T23:25:00Z,146.68,146.68,146.56,146.56,2,293.21
1787095800000,2026-08-18T23:30:00Z,146.56,146.63,146.56,146.63,0.4,58.6475
1787096100000,2026-08-18T23:35:00Z,146.63,146.84,146.63,146.84,37.85,5556.2088
1787096400000,2026-08-18T23:40:00Z,146.84,146.94,146.84,146.88,0.58,85.2077
1787096700000,2026-08-18T23:45:00Z,146.88,147.06,146.88,147.06,2.43,357.2797
1787097000000,2026-08-18T23:50:00Z,147.06,147.06,147.04,147.04,0.14,20.5856
1787097300000,2026-08-18T23:55:00Z,147.04,147.04,147.02,147.02,0.68,99.9782
1787097600000,2026-08-19T00:00:00Z,147.02,147.02,146.68,146.68,82.54,12121.3937
1787097900000,2026-08-19T00:05:00Z,146.68,146.68,146.41,146.64,20.24,2964.2598
1787098200000,2026-08-19T00:10:00Z,146.64,146.64,146.4,146.43,14.37,2104.026
1787098500000,2026-08-19T00:15:00Z,146.43,146.54,146.43,146.54,5.54,811.7485
1787098800000,2026-08-19T00:20:00Z,146.54,146.79,146.54,146.79,14.12,2072.6698
1787099100000,2026-08-19T00:25:00Z,146.79,146.79,146.63,146.63,1.78,261.0014
1787099400000,2026-08-19T00:30:00Z,146.63,146.88,146.63,146.83,3.57,524.2042
1787099700000,2026-08-19T00:35:00Z,146.83,147.12,146.83,147.12,5.67,832.9701
1787100000000,2026-08-19T00:40:00Z,147.12,147.12,146.86,146.98,1.26,185.173
1787100300000,2026-08-19T00:45:00Z,146.98,147.01,146.98,147.01,0.01,1.4701
1787100600000,2026-08-19T00:50:00Z,147.01,147.01,146.82,146.82,1.15,168.8649
1787100900000,2026-08-19T00:55:00Z,146.82,146.82,146.71,146.72,34.74,5097.0186
1787101200000,2026-08-19T01:00:00Z,146.72,146.72,146.6,146.65,2.64,387.0834
1787101500000,2026-08-19T01:05:00Z,146.65,146.99,146.65,146.99,32.49,4769.5723
1787101800000,2026-08-19T01:10:00Z,146.99,147.02,146.92,146.92,12.61,1853.4991
1787102100000,2026-08-19T01:15:00Z,146.92,147,146.7,146.95,12.2,1792.2311
1787102400000,2026-08-19T01:20:00Z,146.95,146.99,146.95,146.99,13.62,2001.9176
1787102700000,2026-08-19T01:25:00Z,146.99,146.99,146.82,146.82,4.47,656.343
1787103000000,2026-08-19T01:30:00Z,146.82,146.82,146.71,146.71,0.08,11.7372
1787103300000,2026-08-19T01:35:00Z,146.71,146.71,146.63,146.63,0.1,14.663
1787103600000,2026-08-19T01:40:00Z,146.63,146.65,146.51,146.54,15.48,2269.11
1787103900000,2026-08-19T01:45:00Z,146.54,146.54,146.51,146.54,5.14,753.1778
1787104200000,2026-08-19T01:50:00Z,146.54,146.54,146.54,146.54,0,0
1787104500000,2026-08-19T01:55:00Z,146.54,146.56,146.54,146.56,6.66,976.0889
1787104800000,2026-08-19T02:00:00Z,146.56,146.56,146.45,146.46,8.37,1225.9014
1787105100000,2026-08-19T02:05:00Z,146.46,146.46,146.4,146.4,5.31,777.384
1787105400000,2026-08-19T02:10:00Z,146.4,146.44,146.4,146.44,2.96,433.4624
1787105700000,2026-08-19T02:15:00Z,146.44,146.44,146.44,146.44,0,0
1787106000000,2026-08-19T02:20:00Z,146.44,146.5,146.35,146.5,0.29,42.479
1787106300000,2026-08-19T02:25:00Z,146.5,146.56,146.48,146.48,0.8,117.2106
1787106600000,2026-08-19T02:30:00Z,146.48,146.5,146.48,146.5,0.31,45.415
1787106900000,2026-08-19T02:35:00Z,146.5,146.51,146.5,146.51,30,4395.3
1787107200000,2026-08-19T02:40:00Z,146.51,146.51,146.43,146.44,28.67,4198.4213
1787107500000,2026-08-19T02:45:00Z,146.44,146.48,146.44,146.48,0.4,58.592
1787107800000,2026-08-19T02:50:00Z,146.48,146.48,146.43,146.43,1.68,246.0024
1787108100000,2026-08-19T02:55:00Z,146.43,146.53,146.43,146.53,0.32,46.8896
1787108400000,2026-08-19T03:00:00Z,146.53,146.54,146.53,146.54,5,732.6968
1787108700000,2026-08-19T03:05:00Z,146.54,146.54,146.47,146.49,2.32,339.8114
1787109000000,2026-08-19T03:10:00Z,146.49,146.5,146.45,146.5,0.36,52.7245
1787109300000,2026-08-19T03:15:00Z,146.5,146.62,146.5,146.62,13.64,1999.8968
1787109600000,2026-08-19T03:20:00Z,146.62,146.62,146.47,146.48,3.08,451.1554
1787109900000,2026-08-19T03:25:00Z,146.48,146.48,146.48,146.48,0,0
1787110200000,2026-08-19T03:30:00Z,146.48,146.58,146.48,146.55,0.7,102.5972
1787110500000,2026-08-19T03:35:00Z,146.55,146.66,146.53,146.53,9.57,1402.8181
1787110800000,2026-08-19T03:40:00Z,146.53,146.53,146.48,146.48,78.11,11442.3328
1787111100000,2026-08-19T03:45:00Z,146.48,146.48,146.42,146.44,7.5,1098.5038
1787111400000,2026-08-19T03:50:00Z,146.44,146.55,146.44,146.47,3.66,536.345
1787111700000,2026-08-19T03:55:00Z,146.47,146.47,146.44,146.45,0.44,64.4418
1787112000000,2026-08-19T04:00:00Z,146.45,146.45,146.4,146.42,3.84,562.2468
1787112300000,2026-08-19T04:05:00Z,146.42,146.42,146.39,146.39,0.1,14.639
1787112600000,2026-08-19T04:10:00Z,146.39,146.39,146.33,146.34,5.3,775.599
1787112900000,2026-08-19T04:15:00Z,146.34,146.4,146.34,146.4,13.64,1996.8896
1787113200000,2026-08-19T04:20:00Z,146.4,146.45,146.4,146.45,0.3,43.935
1787113500000,2026-08-19T04:25:00Z,146.45,146.45,146.41,146.41,2.01,294.301
1787113800000,2026-08-19T04:30:00Z,146.41,146.41,146.41,146.41,0,0
1787114100000,2026-08-19T04:35:00Z,146.41,146.43,146.41,146.42,0.82,120.0676
1787114400000,2026-08-19T04:40:00Z,146.42,146.42,146.4,146.41,3.27,478.7576
1787114700000,2026-08-19T04:45:00Z,146.41,146.41,146.41,146.41,0,0
1787115000000,2026-08-19T04:50:00Z,146.41,146.41,146.22,146.22,15.28,2235.0247
1787115300000,2026-08-19T04:55:00Z,146.22,146.22,146.16,146.16,5.87,858.2337
1787115600000,2026-08-19T05:00:00Z,146.16,146.43,146.16,146.43,10.84,1586.7537
1787115900000,2026-08-19T05:05:00Z,146.43,146.45,146.43,146.45,0.27,39.5415
1787116200000,2026-08-19T05:10:00Z,146.45,146.45,146.4,146.4,0.32,46.848
1787116500000,2026-08-19T05:15:00Z,146.4,146.4,146.22,146.22,15.21,2225.1446
1787116800000,2026-08-19T05:20:00Z,146.22,146.37,146.22,146.37,1.36,199.0632
1787117100000,2026-08-19T05:25:00Z,146.37,146.37,146.36,146.36,0.93,136.1148
1787117400000,2026-08-19T05:30:00Z,146.36,146.42,146.36,146.36,6.42,939.6492
1787117700000,2026-08-19T05:35:00Z,146.36,146.36,146.3,146.31,60.87,8907.1288
1787118000000,2026-08-19T05:40:00Z,146.31,146.31,146.29,146.29,8,1170.32
1787118300000,2026-08-19T05:45:00Z,146.29,146.29,146.26,146.26,0.22,32.1772
1787118600000,2026-08-19T05:50:00Z,146.26,146.26,146.18,146.18,15,2193.15
1787118900000,2026-08-19T05:55:00Z,146.18,146.18,146.18,146.18,0,0
1787119200000,2026-08-19T06:00:00Z,146.18,146.18,146,146.02,166.81,24364.2605
1787119500000,2026-08-19T06:05:00Z,146.02,146.11,146,146.11,24.54,3583.6364
1787119800000,2026-08-19T06:10:00Z,146.11,146.16,146,146.01,103.92,15176.6009
1787120100000,2026-08-19T06:15:00Z,146.01,146.23,146.01,146.22,63.73,9315.5517
1787120400000,2026-08-19T06:20:00Z,146.22,146.36,146.22,146.34,19.83,2901.1955
1787120700000,2026-08-19T06:25:00Z,146.34,146.34,146.19,146.19,2.97,434.2683
1787121000000,2026-08-19T06:30:00Z,146.19,146.19,146.19,146.19,0,0
1787121300000,2026-08-19T06:35:00Z,146.19,146.22,146.19,146.2,0.63,92.1122
1787121600000,2026-08-19T06:40:00Z,146.2,146.2,146.19,146.19,2.81,410.7939
1787121900000,2026-08-19T06:45:00Z,146.19,146.62,146.19,146.62,18.19,2663.8861
1787122200000,2026-08-19T06:50:00Z,146.62,146.74,146.62,146.74,5.8,850.6446
1787122500000,2026-08-19T06:55:00Z,146.74,146.87,146.74,146.79,36.52,5363.1708
1787122800000,2026-08-19T07:00:00Z,146.79,146.79,146.77,146.77,44.03,6462.3893
1787123100000,2026-08-19T07:05:00Z,146.77,146.77,146.44,146.67,84.45,12376.261
1787123400000,2026-08-19T07:10:00Z,146.67,146.69,146.6,146.69,14.16,2076.3903
1787123700000,2026-08-19T07:15:00Z,146.69,146.69,146.64,146.64,1.14,167.1824
1787124000000,2026-08-19T07:20:00Z,146.64,146.76,146.53,146.7,16.86,2472.5789
1787124300000,2026-08-19T07:25:00Z,146.7,146.79,146.7,146.78,10.54,1546.4953
1787124600000,2026-08-19T07:30:00Z,146.78,146.78,146.68,146.74,28.06,4116.6281
1787124900000,2026-08-19T07:35:00Z,146.74,146.8,146.7,146.72,25.17,3693.9889
1787125200000,2026-08-19T07:40:00Z,146.72,146.72,146.62,146.69,22.74,3335.0315
1787125500000,2026-08-19T07:45:00Z,146.69,146.76,146.68,146.68,2.19,321.3412
1787125800000,2026-08-19T07:50:00Z,146.68,146.82,146.63,146.63,28.54,4186.9752
1787126100000,2026-08-19T07:55:00Z,146.63,146.66,146.46,146.51,45.23,6628.5413
1787126400000,2026-08-19T08:00:00Z,146.51,146.83,146.5,146.66,85.42,12529.9626
1787126700000,2026-08-19T08:05:00Z,146.66,146.68,146.39,146.44,15.57,2281.8681
1787127000000,2026-08-19T08:10:00Z,146.44,146.64,146.44,146.47,6.88,1008.4452
1787127300000,2026-08-19T08:15:00Z,146.47,146.68,146.46,146.66,11.1,1627.0731
1787127600000,2026-08-19T08:20:00Z,146.66,146.66,146.6,146.6,1,146.6
1787127900000,2026-08-19T08:25:00Z,146.6,146.75,146.53,146.69,25.23,3700.1635
1787128200000,2026-08-19T08:30:00Z,146.69,146.86,146.59,146.81,10.77,1580.7305
1787128500000,2026-08-19T08:35:00Z,146.81,147.2,146.8,147.1,4.81,707.3301
1787128800000,2026-08-19T08:40:00Z,147.1,147.1,147.1,147.1,0,0
1787129100000,2026-08-19T08:45:00Z,147.1,147.35,147.1,147.23,11,1619.8397
1787129400000,2026-08-19T08:50:00Z,147.23,147.23,147.14,147.14,4.62,679.9609
1787129700000,2026-08-19T08:55:00Z,147.14,147.15,146.85,146.88,40.69,5978.0739
1787130000000,2026-08-19T09:00:00Z,146.88,147.09,146.88,147.08,10.7,1573.3451
1787130300000,2026-08-19T09:05:00Z,147.08,147.08,146.62,146.62,6.84,1003.6647
1787130600000,2026-08-19T09:10:00Z,146.62,146.75,146.62,146.62,2.29,335.9621
1787130900000,2026-08-19T09:15:00Z,146.62,146.62,146.62,146.62,0,0
1787131200000,2026-08-19T09:20:00Z,146.62,146.68,146.62,146.68,9.42,1381.4402
1787131500000,2026-08-19T09:25:00Z,146.68,146.68,146.49,146.49,4.1,600.7242
1787131800000,2026-08-19T09:30:00Z,146.49,146.49,146.46,146.48,1.7,249.009
1787132100000,2026-08-19T09:35:00Z,146.48,146.57,146.48,146.57,0.66,96.7104
1787132400000,2026-08-19T09:40:00Z,146.57,146.57,146.42,146.51,23.38,3424.8472
1787132700000,2026-08-19T09:45:00Z,146.51,146.63,146.51,146.58,2.17,318.0959
1787133000000,2026-08-19T09:50:00Z,146.58,146.58,146.55,146.55,1.1,161.205
1787133300000,2026-08-19T09:55:00Z,146.55,146.73,146.55,146.73,2.29,335.8872
1787133600000,2026-08-19T10:00:00Z,146.73,146.77,146.65,146.66,3.04,445.9327
1787133900000,2026-08-19T10:05:00Z,146.66,146.66,146.66,146.66,0,0
1787134200000,2026-08-19T10:10:00Z,146.66,146.66,146.57,146.57,0.12,17.5884
1787134500000,2026-08-19T10:15:00Z,146.57,146.62,146.57,146.62,0.14,20.5268
1787134800000,2026-08-19T10:20:00Z,146.62,146.62,146.51,146.51,0.25,36.6283
1787135100000,2026-08-19T10:25:00Z,146.51,146.51,146.51,146.51,0,0
1787135400000,2026-08-19T10:30:00Z,146.51,146.58,146.48,146.5,3.83,561.1837
1787135700000,2026-08-19T10:35:00Z,146.5,146.5,146.5,146.5,0,0
1787136000000,2026-08-19T10:40:00Z,146.5,146.65,146.5,146.64,3,439.8681
1787136300000,2026-08-19T10:45:00Z,146.64,146.64,146.49,146.49,0.88,128.923
1787136600000,2026-08-19T10:50:00Z,146.49,146.61,146.48,146.56,1.79,262.3424
1787136900000,2026-08-19T10:55:00Z,146.56,146.57,146.55,146.55,0.62,90.8672
1787137200000,2026-08-19T11:00:00Z,146.55,146.96,146.55,146.92,126.1,18521.5639
1787137500000,2026-08-19T11:05:00Z,146.92,147,146.92,147,0.13,19.1084
1787137800000,2026-08-19T11:10:00Z,147,147,147,147,2.01,295.47
1787138100000,2026-08-19T11:15:00Z,147,147,146.75,146.82,17.97,2637.5371
1787138400000,2026-08-19T11:20:00Z,146.82,146.85,146.82,146.85,1.64,240.834
1787138700000,2026-08-19T11:25:00Z,146.85,146.85,146.74,146.75,0.48,70.4383
1787139000000,2026-08-19T11:30:00Z,146.75,146.75,146.61,146.61,0.17,24.9237
1787139300000,2026-08-19T11:35:00Z,146.61,146.66,146.61,146.66,2.14,313.8214
1787139600000,2026-08-19T11:40:00Z,146.66,146.66,146.37,146.48,31.12,4556.8398
1787139900000,2026-08-19T11:45:00Z,146.48,146.57,146.44,146.52,1.84,269.549
1787140200000,2026-08-19T11:50:00Z,146.52,146.7,146.52,146.7,7.2,1055.3802
1787140500000,2026-08-19T11:55:00Z,146.7,146.7,146.7,146.7,0,0
1787140800000,2026-08-19T12:00:00Z,146.7,146.7,146.35,146.35,2.94,430.4068
1787141100000,2026-08-19T12:05:00Z,146.35,146.47,146.31,146.36,14.26,2087.1446
1787141400000,2026-08-19T12:10:00Z,146.36,146.41,146.36,146.41,0.06,8.7846
1787141700000,2026-08-19T12:15:00Z,146.41,146.41,146.35,146.35,0.31,45.3685
1787142000000,2026-08-19T12:20:00Z,146.35,146.56,146.35,146.56,2.1,307.6478
1787142300000,2026-08-19T12:25:00Z,146.56,146.56,146.56,146.56,1,146.56
1787142600000,2026-08-19T12:30:00Z,146.56,147.14,146.53,147.11,14.51,2132.7141
1787142900000,2026-08-19T12:35:00Z,147.11,147.77,146.96,147.77,37.52,5540.0204
1787143200000,2026-08-19T12:40:00Z,147.77,148.09,147.77,148.09,10.03,1483.5675
1787143500000,2026-08-19T12:45:00Z,148.09,148.26,148.02,148.02,19.56,2899.2851
1787143800000,2026-08-19T12:50:00Z,148.02,148.02,148.02,148.02,0,0
1787144100000,2026-08-19T12:55:00Z,148.02,148.23,148.02,148.21,10.15,1504.1519
1787144400000,2026-08-19T13:00:00Z,148.21,148.21,148,148.06,10.6,1569.1837
1787144700000,2026-08-19T13:05:00Z,148.06,148.06,147.98,147.99,2.61,386.2498
1787145000000,2026-08-19T13:10:00Z,147.99,148.45,147.99,148.25,15.58,2311.3921
1787145300000,2026-08-19T13:15:00Z,148.25,148.29,148.14,148.27,20.04,2970.7555
1787145600000,2026-08-19T13:20:00Z,148.27,148.45,148.27,148.45,2.68,397.8326
1787145900000,2026-08-19T13:25:00Z,148.45,148.78,147.27,147.96,1131.96,167446.5691
1787146200000,2026-08-19T13:30:00Z,147.96,152,147.96,151.13,5140,774228.5649
1787146500000,2026-08-19T13:35:00Z,151.13,152.34,149.74,149.84,770.44,116288.8614
1787146800000,2026-08-19T13:40:00Z,149.84,151.11,149.84,150.8,207.79,31306.2905
1787147100000,2026-08-19T13:45:00Z,150.8,151.8,150.34,150.84,279.9,42340.1818
1787147400000,2026-08-19T13:50:00Z,150.84,151.66,150.14,150.99,360.93,54470.2443
1787147700000,2026-08-19T13:55:00Z,150.99,152.5,150.94,152.37,128.66,19528.9309
1787148000000,2026-08-19T14:00:00Z,152.37,153.5,151.75,153.22,393.47,60029.8755
1787148300000,2026-08-19T14:05:00Z,153.22,154.65,153.13,153.83,346.95,53387.1928
1787148600000,2026-08-19T14:10:00Z,153.83,153.88,152.6,153.37,243.8,37365.0222
1787148900000,2026-08-19T14:15:00Z,153.37,155.81,153.32,155.22,302.58,46937.17
1787149200000,2026-08-19T14:20:00Z,155.22,155.89,154.84,154.98,195.05,30303.8427
1787149500000,2026-08-19T14:25:00Z,154.98,155.6,154.6,155.04,342.45,53115.6444
1787149800000,2026-08-19T14:30:00Z,155.04,155.59,154.56,155.13,228.51,35446.5544
1787150100000,2026-08-19T14:35:00Z,155.13,157.23,155.13,156.59,2588.33,405972.065
1787150400000,2026-08-19T14:40:00Z,156.59,156.79,156.19,156.76,134.76,21084.0212
1787150700000,2026-08-19T14:45:00Z,156.76,158.3,156.7,158.3,1915.33,300683.8472
1787151000000,2026-08-19T14:50:00Z,158.3,160.09,158.28,160.09,2279.67,362239.8051
1787151300000,2026-08-19T14:55:00Z,160.09,160.78,159.75,160.74,1745.23,279253.2769
1787151600000,2026-08-19T15:00:00Z,160.74,161,159.92,160.12,210.45,33770.6633
1787151900000,2026-08-19T15:05:00Z,160.12,160.89,159.84,160.02,226.59,36333.5049
1787152200000,2026-08-19T15:10:00Z,160.02,160.72,159.29,160.29,173.69,27740.0826
1787152500000,2026-08-19T15:15:00Z,160.29,160.83,159.5,159.5,250.77,40212.3273
1787152800000,2026-08-19T15:20:00Z,159.5,160.72,159.5,160.55,85.95,13759.3207
1787153100000,2026-08-19T15:25:00Z,160.55,162.72,160.15,161.68,380.51,61720.1637
1787153400000,2026-08-19T15:30:00Z,161.68,163.05,161.68,163.05,263.27,42809.0719
1787153700000,2026-08-19T15:35:00Z,163.05,163.39,162.72,163.2,508.44,82857.4813
1787154000000,2026-08-19T15:40:00Z,163.2,164.47,162.97,164.25,387.3,63431.1346
1787154300000,2026-08-19T15:45:00Z,164.25,164.38,163.02,163.02,122.25,20021.0526
1787154600000,2026-08-19T15:50:00Z,163.02,163.21,162.09,162.09,152.05,24722.8697
1787154900000,2026-08-19T15:55:00Z,162.09,163.49,162.09,163.49,56.65,9230.5743
1787155200000,2026-08-19T16:00:00Z,163.49,164,162.95,163.91,245.97,40308.1704
1787155500000,2026-08-19T16:05:00Z,163.91,164.4,163.84,164.4,43.74,7171.9981
1787155800000,2026-08-19T16:10:00Z,164.4,164.67,164.02,164.5,150.51,24732.6657
1787156100000,2026-08-19T16:15:00Z,164.5,164.83,164.21,164.83,33,5427.473
1787156400000,2026-08-19T16:20:00Z,164.83,165.07,164.68,165.07,79.5,13104.3446
1787156700000,2026-08-19T16:25:00Z,165.07,165.8,165.07,165.8,92.54,15312.8088
1787157000000,2026-08-19T16:30:00Z,165.8,165.8,165.07,165.32,33.16,5483.4021
1787157300000,2026-08-19T16:35:00Z,165.32,165.71,165.13,165.13,560.53,92634.7334
1787157600000,2026-08-19T16:40:00Z,165.13,165.33,164.67,165.11,27.65,4561.3453
1787157900000,2026-08-19T16:45:00Z,165.11,165.21,164.89,165.13,44.18,7290.6271
1787158200000,2026-08-19T16:50:00Z,165.13,165.13,164.5,164.72,11.26,1854.9178
1787158500000,2026-08-19T16:55:00Z,164.72,164.97,164.69,164.95,148.07,24408.8628
1787158800000,2026-08-19T17:00:00Z,164.95,165.03,163.51,163.62,1416.04,232022.2571
1787159100000,2026-08-19T17:05:00Z,163.62,163.67,162.92,163.13,111.01,18107.7941
1787159400000,2026-08-19T17:10:00Z,163.13,163.37,162.96,163.14,82.68,13488.3735
1787159700000,2026-08-19T17:15:00Z,163.14,163.2,162.5,162.5,649.24,105636.0505
1787160000000,2026-08-19T17:20:00Z,162.5,162.5,161.55,161.55,170.16,27571.0486
1787160300000,2026-08-19T17:25:00Z,161.55,161.85,161.33,161.72,54.58,8823.4164
1787160600000,2026-08-19T17:30:00Z,161.72,161.72,160.29,160.85,1595.17,256400.9882
1787160900000,2026-08-19T17:35:00Z,160.85,160.85,159.99,160.09,63.23,10132.8987
1787161200000,2026-08-19T17:40:00Z,160.09,160.67,160.05,160.6,187.47,30086.1838
1787161500000,2026-08-19T17:45:00Z,160.6,160.92,160.5,160.76,111.74,17961.9125
1787161800000,2026-08-19T17:50:00Z,160.76,161.1,160.76,160.83,13.79,2220.2255
1787162100000,2026-08-19T17:55:00Z,160.83,161.41,160.75,161.36,7.02,1131.7962
1787162400000,2026-08-19T18:00:00Z,161.36,161.83,161.25,161.32,64.24,10388.3231
1787162700000,2026-08-19T18:05:00Z,161.32,161.32,160.14,160.14,65.56,10536.1178
1787163000000,2026-08-19T18:10:00Z,160.14,160.23,159.82,160.2,27.78,4444.001
1787163300000,2026-08-19T18:15:00Z,160.2,160.44,160.03,160.37,58.38,9352.3012
1787163600000,2026-08-19T18:20:00Z,160.37,160.91,160.22,160.28,44.55,7155.621
1787163900000,2026-08-19T18:25:00Z,160.28,160.68,160.18,160.59,19.65,3152.4324
1787164200000,2026-08-19T18:30:00Z,160.59,160.59,159.5,159.72,118.31,18917.5222
1787164500000,2026-08-19T18:35:00Z,159.72,159.72,158.96,159.5,85.83,13658.736
1787164800000,2026-08-19T18:40:00Z,159.5,160.28,159.5,160.24,26.76,4282.0351
1787165100000,2026-08-19T18:45:00Z,160.24,160.42,159.98,160.41,49.71,7964.8476
1787165400000,2026-08-19T18:50:00Z,160.41,160.41,159.84,160.03,22.57,3614.0962
1787165700000,2026-08-19T18:55:00Z,160.03,160.03,159.5,159.67,21.13,3375.4418
1787166000000,2026-08-19T19:00:00Z,159.67,159.86,159.55,159.72,78.84,12587.538
1787166300000,2026-08-19T19:05:00Z,159.72,160.41,159.72,160.41,131.19,20987.279
1787166600000,2026-08-19T19:10:00Z,160.41,160.8,157.45,158.71,3210.07,510129.7183
1787166900000,2026-08-19T19:15:00Z,158.71,159.33,158,158.92,734.27,116596.632
1787167200000,2026-08-19T19:20:00Z,158.92,159.1,157.55,157.94,258.92,40944.924
1787167500000,2026-08-19T19:25:00Z,157.94,158.56,157.46,158.45,451.52,71391.5922
1787167800000,2026-08-19T19:30:00Z,158.45,158.85,157.99,158.49,314.17,49781.2085
1787168100000,2026-08-19T19:35:00Z,158.49,158.78,157.87,158.67,99.87,15812.0741
1787168400000,2026-08-19T19:40:00Z,158.67,159.88,158.67,159.42,312.06,49768.0611
1787168700000,2026-08-19T19:45:00Z,159.42,159.61,158.67,158.69,91.98,14624.1639
1787169000000,2026-08-19T19:50:00Z,158.69,159.66,158.64,159.5,1112.08,176938.9769
1787169300000,2026-08-19T19:55:00Z,159.5,160.68,159.15,160.44,423.29,67632.5206
1787169600000,2026-08-19T20:00:00Z,160.44,161.05,160.11,161.05,129.05,20700.5455
1787169900000,2026-08-19T20:05:00Z,161.05,161.93,160.91,161.72,404.34,65174.0653
1787170200000,2026-08-19T20:10:00Z,161.72,161.72,161.14,161.41,92.24,14881.649
1787170500000,2026-08-19T20:15:00Z,161.41,161.44,161.12,161.21,134.11,21628.5198
1787170800000,2026-08-19T20:20:00Z,161.21,162.21,161.21,162.12,302.8,49006.3106
1787171100000,2026-08-19T20:25:00Z,162.12,162.12,161.64,161.74,33.81,5471.2217
1787171400000,2026-08-19T20:30:00Z,161.74,161.95,161.74,161.88,41.43,6706.1635
1787171700000,2026-08-19T20:35:00Z,161.88,161.88,161.74,161.85,41.92,6781.6426
1787172000000,2026-08-19T20:40:00Z,161.85,161.92,161.72,161.9,9.99,1616.3917
1787172300000,2026-08-19T20:45:00Z,161.9,162.21,161.85,162.21,35,5667.4904
1787172600000,2026-08-19T20:50:00Z,162.21,163.73,162.19,163.14,817.29,133088.5187
1787172900000,2026-08-19T20:55:00Z,163.14,163.5,162.97,163.4,127.46,20811.0852
1787173200000,2026-08-19T21:00:00Z,163.4,164.17,163.27,163.96,131.75,21570.9903
1787173500000,2026-08-19T21:05:00Z,163.96,165.09,163.9,164.74,952.75,157005.5679
1787173800000,2026-08-19T21:10:00Z,164.74,164.84,164.07,164.84,89.03,14636.4089
1787174100000,2026-08-19T21:15:00Z,164.84,164.84,164.09,164.23,147.37,24205.7687
1787174400000,2026-08-19T21:20:00Z,164.23,165.29,164.23,164.97,124.73,20558.6223
1787174700000,2026-08-19T21:25:00Z,164.97,165.71,164.75,165.48,95.62,15797.6146
1787175000000,2026-08-19T21:30:00Z,165.48,166.33,165.29,165.93,84.98,14087.468
1787175300000,2026-08-19T21:35:00Z,165.93,165.93,165.33,165.33,26.51,4391.7996
1787175600000,2026-08-19T21:40:00Z,165.33,165.43,164.82,164.82,70.46,11644.4921
1787175900000,2026-08-19T21:45:00Z,164.82,165.37,164.82,165.18,6.81,1126.1026
1787176200000,2026-08-19T21:50:00Z,165.18,165.49,165.18,165.28,79.5,13144.2359
1787176500000,2026-08-19T21:55:00Z,165.28,165.68,164.89,165.07,12.86,2124.0428
1787176800000,2026-08-19T22:00:00Z,165.07,165.08,164.71,164.84,45.37,7483.1529
1787177100000,2026-08-19T22:05:00Z,164.84,165.48,164.78,165.41,68.13,11248.6213
1787177400000,2026-08-19T22:10:00Z,165.41,165.5,165.12,165.42,24.28,4014.2304
1787177700000,2026-08-19T22:15:00Z,165.42,165.42,165.27,165.32,4.83,798.6399
1787178000000,2026-08-19T22:20:00Z,165.32,165.38,165.18,165.25,96.91,16010.9146
1787178300000,2026-08-19T22:25:00Z,165.25,165.26,165.1,165.26,0.96,158.5072
1787178600000,2026-08-19T22:30:00Z,165.26,165.26,165.05,165.14,47.06,7768.3707
1787178900000,2026-08-19T22:35:00Z,165.14,166.51,165.14,166.5,58.33,9700.1233
1787179200000,2026-08-19T22:40:00Z,166.5,166.55,166.24,166.24,39.64,6594.4783
1787179500000,2026-08-19T22:45:00Z,166.24,166.24,165.56,165.56,16.6,2753.1069
1787179800000,2026-08-19T22:50:00Z,165.56,165.71,165.5,165.5,4.54,752.1851
1787180100000,2026-08-19T22:55:00Z,165.5,165.71,165.5,165.5,29.05,4812.0115
1787180400000,2026-08-19T23:00:00Z,165.5,165.8,165.39,165.44,17.5,2898.4754
1787180700000,2026-08-19T23:05:00Z,165.44,165.57,165.33,165.57,8.25,1363.9877
1787181000000,2026-08-19T23:10:00Z,165.57,165.78,165.57,165.62,33.25,5509.7071
1787181300000,2026-08-19T23:15:00Z,165.62,166,165.62,166,18.3,3034.0301
1787181600000,2026-08-19T23:20:00Z,166,166.16,165.84,165.84,9.38,1557.4864
1787181900000,2026-08-19T23:25:00Z,165.84,166.08,165.84,166.08,0.07,11.6256
1787182200000,2026-08-19T23:30:00Z,166.08,166.08,165.73,165.73,10.87,1803.6938
1787182500000,2026-08-19T23:35:00Z,165.73,165.8,165.7,165.7,6.23,1032.5622
1787182800000,2026-08-19T23:40:00Z,165.7,166.01,165.7,166.01,44.12,7323.3562
1787183100000,2026-08-19T23:45:00Z,166.01,166.01,165.81,165.82,38.6,6401.9979
1787183400000,2026-08-19T23:50:00Z,165.82,165.82,165.48,165.65,15.93,2639.0376
1787183700000,2026-08-19T23:55:00Z,165.65,166,165.65,166,6,994.888
1787184000000,2026-08-20T00:00:00Z,166,166.62,165.14,166.62,115.26,19100.7637
1787184300000,2026-08-20T00:05:00Z,166.62,166.78,166.17,166.73,179.53,29926.9213
1787184600000,2026-08-20T00:10:00Z,166.73,166.96,166.7,166.87,36.39,6069.0265
1787184900000,2026-08-20T00:15:00Z,166.87,167.43,166.84,167.27,11.26,1881.8337
1787185200000,2026-08-20T00:20:00Z,167.27,167.39,166.94,167.05,76.19,12744.7122
1787185500000,2026-08-20T00:25:00Z,167.05,167.05,166.65,166.65,172.3,28761.2862
1787185800000,2026-08-20T00:30:00Z,166.65,166.72,166.34,166.67,41.92,6981.992
1787186100000,2026-08-20T00:35:00Z,166.67,166.79,166.58,166.72,8.55,1425.0772
1787186400000,2026-08-20T00:40:00Z,166.72,166.72,166.42,166.47,52.7,8775.6066
1787186700000,2026-08-20T00:45:00Z,166.47,166.9,166.47,166.58,38.29,6384.2673
1787187000000,2026-08-20T00:50:00Z,166.58,166.67,166.22,166.29,28.35,4715.8905
1787187300000,2026-08-20T00:55:00Z,166.29,166.29,165.95,165.95,31.65,5254.566
1787187600000,2026-08-20T01:00:00Z,165.95,166.21,165.9,166,24.82,4121.0644
1787187900000,2026-08-20T01:05:00Z,166,166,165.65,165.67,293.38,48603.3207
1787188200000,2026-08-20T01:10:00Z,165.67,165.89,165.61,165.8,3.79,628.1275
1787188500000,2026-08-20T01:15:00Z,165.8,165.94,165.54,165.94,31.39,5200.0502
1787188800000,2026-08-20T01:20:00Z,165.94,166.02,165.74,165.86,112.88,18728.6487
1787189100000,2026-08-20T01:25:00Z,165.86,165.86,165.74,165.76,3.7,613.3057
1787189400000,2026-08-20T01:30:00Z,165.76,165.8,165.48,165.74,33.67,5576.6123
1787189700000,2026-08-20T01:35:00Z,165.74,166,165.74,166,13.12,2177.0673
1787190000000,2026-08-20T01:40:00Z,166,166.01,165.7,165.78,21.85,3623.0835
1787190300000,2026-08-20T01:45:00Z,165.78,166.13,165.78,166.13,0.97,161.0636
1787190600000,2026-08-20T01:50:00Z,166.13,166.41,166.03,166.08,4.83,802.9667
1787190900000,2026-08-20T01:55:00Z,166.08,166.08,165.53,165.74,54.93,9098.5604
1787191200000,2026-08-20T02:00:00Z,165.74,166.16,165.74,166.11,14.47,2401.4835
1787191500000,2026-08-20T02:05:00Z,166.11,166.17,165.92,166.12,8.25,1370.1171
1787191800000,2026-08-20T02:10:00Z,166.12,166.21,165.88,166.12,7.48,1241.8412
1787192100000,2026-08-20T02:15:00Z,166.12,166.16,165.93,165.93,35.4,5878.9703
1787192400000,2026-08-20T02:20:00Z,165.93,165.93,165.75,165.82,41.79,6929.2575
1787192700000,2026-08-20T02:25:00Z,165.82,165.82,165.82,165.82,0,0
1787193000000,2026-08-20T02:30:00Z,165.82,165.82,165.54,165.68,2.62,434.0503
1787193300000,2026-08-20T02:35:00Z,165.68,165.68,165.4,165.44,8.06,1333.766
1787193600000,2026-08-20T02:40:00Z,165.44,165.44,165.22,165.22,191.44,31649.6223
1787193900000,2026-08-20T02:45:00Z,165.22,165.44,165.22,165.44,25.98,4295.1465
1787194200000,2026-08-20T02:50:00Z,165.44,165.44,164.95,165.02,13.36,2205.6155
1787194500000,2026-08-20T02:55:00Z,165.02,165.13,165.02,165.13,9.19,1517.2791
1787194800000,2026-08-20T03:00:00Z,165.13,165.13,164.67,164.71,27.43,4521.0371
1787195100000,2026-08-20T03:05:00Z,164.71,164.82,164.31,164.31,31.68,5210.5422
1787195400000,2026-08-20T03:10:00Z,164.31,164.33,164.13,164.29,7.93,1302.9042
1787195700000,2026-08-20T03:15:00Z,164.29,164.5,164.26,164.5,7.9,1299.0254
1787196000000,2026-08-20T03:20:00Z,164.5,164.78,164.47,164.47,9.65,1589.8057
1787196300000,2026-08-20T03:25:00Z,164.47,164.47,164.23,164.35,23.27,3822.381
1787196600000,2026-08-20T03:30:00Z,164.35,164.54,164.32,164.5,36.39,5985.101
1787196900000,2026-08-20T03:35:00Z,164.5,164.69,164.5,164.69,1.88,309.5707
1787197200000,2026-08-20T03:40:00Z,164.69,164.9,164.59,164.9,21.92,3609.2036
1787197500000,2026-08-20T03:45:00Z,164.9,165.11,164.88,164.99,8.68,1432.1858
1787197800000,2026-08-20T03:50:00Z,164.99,165.13,164.99,164.99,1.16,191.4248
1787198100000,2026-08-20T03:55:00Z,164.99,165.01,164.85,164.89,26.2,4320.9556
1787198400000,2026-08-20T04:00:00Z,164.89,165.05,164.79,165.05,4.39,724.0388
1787198700000,2026-08-20T04:05:00Z,165.05,165.3,165.02,165.3,239.09,39491.7675
1787199000000,2026-08-20T04:10:00Z,165.3,165.48,165.27,165.33,21.71,3591.1289
1787199300000,2026-08-20T04:15:00Z,165.33,165.46,165.27,165.27,3.26,539.0305
1787199600000,2026-08-20T04:20:00Z,165.27,165.39,165.26,165.39,1.34,221.6025
1787199900000,2026-08-20T04:25:00Z,165.39,165.49,165.36,165.44,14.17,2343.9987
1787200200000,2026-08-20T04:30:00Z,165.44,165.44,165.22,165.22,12.83,2120.4504
1787200500000,2026-08-20T04:35:00Z,165.22,165.26,165.09,165.23,23.96,3957.0516
1787200800000,2026-08-20T04:40:00Z,165.23,165.38,165.23,165.38,9.31,1538.7956
1787201100000,2026-08-20T04:45:00Z,165.38,165.43,165.34,165.38,0.84,138.9212
1787201400000,2026-08-20T04:50:00Z,165.38,166.02,165.38,165.7,101.57,16840.648
1787201700000,2026-08-20T04:55:00Z,165.7,165.7,165.55,165.64,2.12,351.1675
1787202000000,2026-08-20T05:00:00Z,165.64,165.73,165.44,165.59,15.57,2577.0774
1787202300000,2026-08-20T05:05:00Z,165.59,165.75,165.55,165.6,8.82,1460.7639
1787202600000,2026-08-20T05:10:00Z,165.6,165.7,165.24,165.31,17.93,2964.7486
1787202900000,2026-08-20T05:15:00Z,165.31,165.58,165.24,165.58,14.97,2473.8807
1787203200000,2026-08-20T05:20:00Z,165.58,165.75,165.46,165.73,0.86,142.5142
1787203500000,2026-08-20T05:25:00Z,165.73,165.92,165.7,165.81,32.84,5445.7408
1787203800000,2026-08-20T05:30:00Z,165.81,165.9,165.79,165.82,6.75,1119.474
1787204100000,2026-08-20T05:35:00Z,165.82,165.82,165.41,165.41,35.02,5796.4912
1787204400000,2026-08-20T05:40:00Z,165.41,165.53,165.32,165.53,13.8,2281.8844
1787204700000,2026-08-20T05:45:00Z,165.53,165.53,165.39,165.47,0.31,51.2841
1787205000000,2026-08-20T05:50:00Z,165.47,165.47,164.86,164.96,245.92,40571.4125
1787205300000,2026-08-20T05:55:00Z,164.96,164.96,164.96,164.96,0,0
1787205600000,2026-08-20T06:00:00Z,164.96,165.12,164.92,165.12,56.6,9335.1234
1787205900000,2026-08-20T06:05:00Z,165.12,165.35,165.12,165.26,13.11,2167.0862
1787206200000,2026-08-20T06:10:00Z,165.26,165.29,165.19,165.26,1.5,247.8364
1787206500000,2026-08-20T06:15:00Z,165.26,165.38,165.26,165.38,0.6,99.198
1787206800000,2026-08-20T06:20:00Z,165.38,165.68,165.22,165.68,7.92,1310.7003
1787207100000,2026-08-20T06:25:00Z,165.68,165.68,165.53,165.6,1.65,273.2117
1787207400000,2026-08-20T06:30:00Z,165.6,165.87,165.6,165.79,9,1492.0949
1787207700000,2026-08-20T06:35:00Z,165.79,165.9,165.7,165.76,26.72,4429.9084
1787208000000,2026-08-20T06:40:00Z,165.76,165.92,165.73,165.92,13.09,2169.6165
1787208300000,2026-08-20T06:45:00Z,165.92,166.09,165.92,165.98,7.32,1215.1192
1787208600000,2026-08-20T06:50:00Z,165.98,166.07,165.98,166.07,3.04,504.8135
1787208900000,2026-08-20T06:55:00Z,166.07,166.14,166.07,166.14,4.16,691.0783
1787209200000,2026-08-20T07:00:00Z,166.14,166.23,166.04,166.23,3.77,626.1957
1787209500000,2026-08-20T07:05:00Z,166.23,166.64,166.21,166.62,34.42,5730.0636
1787209800000,2026-08-20T07:10:00Z,166.62,166.62,166.25,166.31,23.15,3853.0899
1787210100000,2026-08-20T07:15:00Z,166.31,166.31,165.84,165.95,32.46,5387.6855
1787210400000,2026-08-20T07:20:00Z,165.95,166.02,165.85,165.85,13.27,2201.8873
1787210700000,2026-08-20T07:25:00Z,165.85,165.85,165.6,165.69,27.69,4587.587
1787211000000,2026-08-20T07:30:00Z,165.69,165.69,165.31,165.55,26.02,4306.1798
1787211300000,2026-08-20T07:35:00Z,165.55,165.64,165.44,165.49,8.93,1477.6666
1787211600000,2026-08-20T07:40:00Z,165.49,165.55,165.47,165.55,24.04,3979.6856
1787211900000,2026-08-20T07:45:00Z,165.55,165.7,165.53,165.69,3.1,513.2572
1787212200000,2026-08-20T07:50:00Z,165.69,165.77,165.53,165.75,2.4,397.5534
1787212500000,2026-08-20T07:55:00Z,165.75,165.75,165.59,165.68,23.87,3954.7745
1787212800000,2026-08-20T08:00:00Z,165.68,166.41,165.61,166.16,33.68,5590.4636
1787213100000,2026-08-20T08:05:00Z,166.16,168.81,166.15,168.62,302.56,50860.0178
1787213400000,2026-08-20T08:10:00Z,168.62,171.44,168.27,171.43,591.36,100369.282
1787213700000,2026-08-20T08:15:00Z,171.43,172.76,170.55,172.02,135.99,23358.7966
1787214000000,2026-08-20T08:20:00Z,172.02,172.02,170.81,171.36,401.4,68772.523
1787214300000,2026-08-20T08:25:00Z,171.36,172.05,170.78,171.82,153.02,26260.1239
1787214600000,2026-08-20T08:30:00Z,171.82,171.83,169.65,169.88,110.89,18885.2113
1787214900000,2026-08-20T08:35:00Z,169.88,171.02,169.5,170.9,46.96,7994.5771
1787215200000,2026-08-20T08:40:00Z,170.9,171.53,170.9,171.01,6.36,1088.2865
1787215500000,2026-08-20T08:45:00Z,171.01,171.57,170.88,170.88,302.07,51776.9114
1787215800000,2026-08-20T08:50:00Z,170.88,171.41,170.78,171.3,59.56,10194.7766
1787216100000,2026-08-20T08:55:00Z,171.3,171.3,170.25,170.25,326.31,55808.9829
1787216400000,2026-08-20T09:00:00Z,170.25,170.28,169.86,170.11,68.48,11643.4484
1787216700000,2026-08-20T09:05:00Z,170.11,171.31,170.11,171.31,243.43,41577.5331
1787217000000,2026-08-20T09:10:00Z,171.31,171.93,171.06,171.55,527.52,90386.374
1787217300000,2026-08-20T09:15:00Z,171.55,171.55,170.76,171.14,303.12,51859.1423
1787217600000,2026-08-20T09:20:00Z,171.14,172.22,171.08,172.22,274.84,47173.5148
1787217900000,2026-08-20T09:25:00Z,172.22,172.44,171.72,171.78,33.43,5752.6823
1787218200000,2026-08-20T09:30:00Z,171.78,171.78,171.15,171.66,708.11,121441.4624
1787218500000,2026-08-20T09:35:00Z,171.66,171.68,171.17,171.17,30.18,5174.1142
1787218800000,2026-08-20T09:40:00Z,171.17,171.58,171.17,171.41,45.28,7762.5529
1787219100000,2026-08-20T09:45:00Z,171.41,173.13,171.41,172.63,255.83,44097.4062
1787219400000,2026-08-20T09:50:00Z,172.63,172.7,171.38,171.71,124.75,21458.3698
1787219700000,2026-08-20T09:55:00Z,171.71,172.44,171.59,172.37,16.61,2860.5442
1787220000000,2026-08-20T10:00:00Z,172.37,172.66,172.13,172.55,53.93,9302.1123
1787220300000,2026-08-20T10:05:00Z,172.55,173.09,172.11,173,175.7,30362.5837
1787220600000,2026-08-20T10:10:00Z,173,174.03,172.93,174.03,531.97,92103.1763
1787220900000,2026-08-20T10:15:00Z,174.03,175.01,173.93,174.54,253.29,44187.5112
1787221200000,2026-08-20T10:20:00Z,174.54,174.66,173.66,174.03,871.42,151652.3133
1787221500000,2026-08-20T10:25:00Z,174.03,174.03,173.13,173.31,110.72,19207.8738
1787221800000,2026-08-20T10:30:00Z,173.31,173.36,172.67,172.76,22.83,3951.1875
1787222100000,2026-08-20T10:35:00Z,172.76,172.92,172.64,172.76,43.14,7454.7646
1787222400000,2026-08-20T10:40:00Z,172.76,173,172.69,172.9,82.29,14223.7037
1787222700000,2026-08-20T10:45:00Z,172.9,173.37,172.84,173.16,155.26,26871.7088
1787223000000,2026-08-20T10:50:00Z,173.16,174.52,172.94,173.31,132.82,23068.2043
1787223300000,2026-08-20T10:55:00Z,173.31,173.99,173.3,173.59,71.53,12410.4454
1787223600000,2026-08-20T11:00:00Z,173.59,174.4,173.29,173.88,147.84,25698.8527
1787223900000,2026-08-20T11:05:00Z,173.88,173.88,172.67,172.78,66.34,11483.5124
1787224200000,2026-08-20T11:10:00Z,172.78,173.24,172.46,173.07,103.49,17896.0068
1787224500000,2026-08-20T11:15:00Z,173.07,173.07,172.48,172.48,51.85,8951.2762
1787224800000,2026-08-20T11:20:00Z,172.48,173.32,172.25,172.72,165.89,28673.9794
1787225100000,2026-08-20T11:25:00Z,172.72,172.81,171.58,171.63,173.21,29804.8033
1787225400000,2026-08-20T11:30:00Z,171.63,172.77,171.25,172.77,209.17,35891.4742
1787225700000,2026-08-20T11:35:00Z,172.77,173.18,172.54,173.18,34.64,5991.1278
1787226000000,2026-08-20T11:40:00Z,173.18,173.18,172.45,172.45,142.47,24620.2909
1787226300000,2026-08-20T11:45:00Z,172.45,172.45,171.87,171.87,88.97,15315.9232
1787226600000,2026-08-20T11:50:00Z,171.87,172.3,171.46,171.54,319.04,54836.2215
1787226900000,2026-08-20T11:55:00Z,171.54,171.54,170.57,170.63,82.48,14089.225
1787227200000,2026-08-20T12:00:00Z,170.63,170.67,169.81,169.86,82.62,14045.318
1787227500000,2026-08-20T12:05:00Z,169.86,170.65,169.82,170.64,401.46,68337.6858
1787227800000,2026-08-20T12:10:00Z,170.64,170.65,169.52,169.64,185.36,31511.3465
1787228100000,2026-08-20T12:15:00Z,169.64,169.9,169.02,169.05,57.8,9790.5522
1787228400000,2026-08-20T12:20:00Z,169.05,169.62,169.05,169.55,309.09,52340.5661
1787228700000,2026-08-20T12:25:00Z,169.55,169.83,169.27,169.45,63.57,10778.7925
1787229000000,2026-08-20T12:30:00Z,169.45,169.72,168.47,168.47,85.85,14517.8622
1787229300000,2026-08-20T12:35:00Z,168.47,168.69,168.31,168.56,53.44,9009.7422
1787229600000,2026-08-20T12:40:00Z,168.56,168.97,168.38,168.42,127.37,21479.044
1787229900000,2026-08-20T12:45:00Z,168.42,168.92,168.26,168.78,199.26,33613.0123
1787230200000,2026-08-20T12:50:00Z,168.78,169.57,168.76,169.51,204.61,34604.5674
1787230500000,2026-08-20T12:55:00Z,169.51,169.96,169.5,169.9,33.39,5667.5031
1787230800000,2026-08-20T13:00:00Z,169.9,170.16,169.8,170.14,46.16,7847.3332
1787231100000,2026-08-20T13:05:00Z,170.14,170.2,169.91,170,42.24,7181.9184
1787231400000,2026-08-20T13:10:00Z,170,170,169.79,169.81,23.86,4052.8924
1787231700000,2026-08-20T13:15:00Z,169.81,170.07,169.64,169.67,12.41,2108.1802
1787232000000,2026-08-20T13:20:00Z,169.67,170.69,169.67,170.65,75.64,12883.9684
1787232300000,2026-08-20T13:25:00Z,170.65,173.26,170.32,172.9,821.92,140911.8739
1787232600000,2026-08-20T13:30:00Z,172.9,173.86,166.5,168.25,1177.63,200057.5417
1787232900000,2026-08-20T13:35:00Z,168.25,169.23,166.52,168.67,620.38,103976.1485
1787233200000,2026-08-20T13:40:00Z,168.67,172.11,167.78,172.11,219.24,37193.8915
1787233500000,2026-08-20T13:45:00Z,172.11,172.32,170,171.51,164.86,28236.2812
1787233800000,2026-08-20T13:50:00Z,171.51,171.58,169.68,169.83,95.82,16354.1564
1787234100000,2026-08-20T13:55:00Z,169.83,171.1,169.83,170.61,184.47,31455.7907
1787234400000,2026-08-20T14:00:00Z,170.61,172.05,170.47,171.88,143.58,24590.8794
1787234700000,2026-08-20T14:05:00Z,171.88,172.33,171.32,171.32,262.75,45106.5459
1787235000000,2026-08-20T14:10:00Z,171.32,172.13,170.92,171.03,184.79,31721.3646
1787235300000,2026-08-20T14:15:00Z,171.03,171.31,169.9,170.97,371.76,63545.3487
1787235600000,2026-08-20T14:20:00Z,170.97,170.97,169.3,169.57,1129.25,192360.1875
1787235900000,2026-08-20T14:25:00Z,169.57,169.61,169,169.3,169.52,28670.6025
1787236200000,2026-08-20T14:30:00Z,169.3,170.11,169.27,169.42,47.42,8047.8685
1787236500000,2026-08-20T14:35:00Z,169.42,170.13,169.2,169.81,197.79,33557.3645
1787236800000,2026-08-20T14:40:00Z,169.81,170.39,169.33,169.81,90.12,15333.7703
1787237100000,2026-08-20T14:45:00Z,169.81,170.15,169.64,170.1,61.22,10399.6837
1787237400000,2026-08-20T14:50:00Z,170.1,171,169.89,170.92,142.36,24251.9153
1787237700000,2026-08-20T14:55:00Z,170.92,171.12,170.8,171.12,54.22,9268.9555
1787238000000,2026-08-20T15:00:00Z,171.12,174.38,171.09,173.64,152.34,26336.5496
1787238300000,2026-08-20T15:05:00Z,173.64,174.1,172.26,173.76,238.38,41336.9497
1787238600000,2026-08-20T15:10:00Z,173.76,174.38,173.23,173.64,288.01,50065.4075
1787238900000,2026-08-20T15:15:00Z,173.64,174.47,173.24,174.3,138.1,24013.4532
1787239200000,2026-08-20T15:20:00Z,174.3,174.47,172.5,172.65,175.99,30421.656
1787239500000,2026-08-20T15:25:00Z,172.65,174.05,172.65,173.89,51.34,8895.4481
1787239800000,2026-08-20T15:30:00Z,173.89,174.32,172.67,173.28,155.19,26961.4539
1787240100000,2026-08-20T15:35:00Z,173.28,173.28,171,171.48,373.03,64005.8848
1787240400000,2026-08-20T15:40:00Z,171.48,171.78,171.22,171.22,53.61,9192.0505
1787240700000,2026-08-20T15:45:00Z,171.22,171.53,170.79,171.34,153.22,26213.032
1787241000000,2026-08-20T15:50:00Z,171.34,172.79,171.31,172.51,72.01,12391.5341
1787241300000,2026-08-20T15:55:00Z,172.51,172.69,172.05,172.5,38.79,6685.5681
1787241600000,2026-08-20T16:00:00Z,172.5,172.59,171.38,171.54,195.28,33583.3184
1787241900000,2026-08-20T16:05:00Z,171.54,171.83,171.15,171.15,97.91,16805.9512
1787242200000,2026-08-20T16:10:00Z,171.15,171.23,170.18,170.24,88.44,15111.0104
1787242500000,2026-08-20T16:15:00Z,170.24,170.93,170.24,170.74,33.29,5681.6653
1787242800000,2026-08-20T16:20:00Z,170.74,171.13,170.65,170.74,52.87,9036.3379
1787243100000,2026-08-20T16:25:00Z,170.74,171.78,170.74,171.78,45.31,7764.4645
1787243400000,2026-08-20T16:30:00Z,171.78,171.81,171.25,171.81,98.22,16845.6775
1787243700000,2026-08-20T16:35:00Z,171.81,172.06,171.64,171.82,38.21,6566.1499
1787244000000,2026-08-20T16:40:00Z,171.82,172.71,171.82,172.65,49.98,8623.3146
1787244300000,2026-08-20T16:45:00Z,172.65,173.18,172.42,173.03,25.97,4490.7253
1787244600000,2026-08-20T16:50:00Z,173.03,173.23,172.76,173.17,35.26,6100.0242
1787244900000,2026-08-20T16:55:00Z,173.17,174.86,173.08,174.83,37.14,6464.3855
1787245200000,2026-08-20T17:00:00Z,174.83,174.83,173.96,174.53,56.29,9823.6937
1787245500000,2026-08-20T17:05:00Z,174.53,174.76,173.94,174.03,66.75,11637.6041
1787245800000,2026-08-20T17:10:00Z,174.03,174.27,173.65,173.89,328.48,57104.5301
1787246100000,2026-08-20T17:15:00Z,173.89,174.14,172.32,172.33,273.95,47488.8173
1787246400000,2026-08-20T17:20:00Z,172.33,173.2,172.22,172.86,153.15,26443.1634
1787246700000,2026-08-20T17:25:00Z,172.86,173.17,172.73,173.17,32.81,5671.2171
1787247000000,2026-08-20T17:30:00Z,173.17,173.41,173.08,173.1,21.44,3713.2614
1787247300000,2026-08-20T17:35:00Z,173.1,173.1,172.78,172.8,49.28,8524.3909
1787247600000,2026-08-20T17:40:00Z,172.8,172.8,172.62,172.72,2.98,514.6762
1787247900000,2026-08-20T17:45:00Z,172.72,172.89,172.51,172.89,26.78,4623.6861
1787248200000,2026-08-20T17:50:00Z,172.89,173.51,172.89,173.29,27.39,4746.6357
1787248500000,2026-08-20T17:55:00Z,173.29,173.29,172.87,172.87,18.22,3154.3759
1787248800000,2026-08-20T18:00:00Z,172.87,172.87,172.1,172.22,56.76,9786.0529
1787249100000,2026-08-20T18:05:00Z,172.22,172.22,171.4,171.4,62.47,10720.7904
1787249400000,2026-08-20T18:10:00Z,171.4,171.8,171.33,171.8,68.58,11772.3446
1787249700000,2026-08-20T18:15:00Z,171.8,171.92,171.29,171.92,36.07,6192.9955
1787250000000,2026-08-20T18:20:00Z,171.92,172.32,171.82,172.32,30.43,5234.4942
1787250300000,2026-08-20T18:25:00Z,172.32,172.36,172.15,172.33,15.02,2587.1906
1787250600000,2026-08-20T18:30:00Z,172.33,172.33,171,171.12,19.43,3336.0996
1787250900000,2026-08-20T18:35:00Z,171.12,171.35,170.54,170.6,12.68,2167.7395
1787251200000,2026-08-20T18:40:00Z,170.6,171,170.36,170.94,4.16,708.9146
1787251500000,2026-08-20T18:45:00Z,170.94,171.78,170.94,171.78,12.65,2166.1799
1787251800000,2026-08-20T18:50:00Z,171.78,171.78,170.57,170.57,49.04,8388.6109
1787252100000,2026-08-20T18:55:00Z,170.57,170.78,170.38,170.6,14.33,2445.0757
1787252400000,2026-08-20T19:00:00Z,170.6,170.79,170.59,170.79,44.76,7638.966
1787252700000,2026-08-20T19:05:00Z,170.79,171.49,170.74,171.3,142.22,24337.1972
1787253000000,2026-08-20T19:10:00Z,171.3,171.7,171.3,171.7,7.93,1360.1191
1787253300000,2026-08-20T19:15:00Z,171.7,171.81,171.08,171.08,19.44,3336.3916
1787253600000,2026-08-20T19:20:00Z,171.08,172.13,170.98,172.02,280.93,48195.5696
1787253900000,2026-08-20T19:25:00Z,172.02,172.02,171.48,171.48,27.3,4689.2271
1787254200000,2026-08-20T19:30:00Z,171.48,172.28,171.48,171.82,13.35,2295.841
1787254500000,2026-08-20T19:35:00Z,171.82,172.32,171.82,172.2,13.87,2387.4274
1787254800000,2026-08-20T19:40:00Z,172.2,172.87,171.78,171.97,32.18,5538.6451
1787255100000,2026-08-20T19:45:00Z,171.97,171.97,170.9,171.46,45.49,7795.9507
1787255400000,2026-08-20T19:50:00Z,171.46,172.42,171.04,172.15,376.42,64606.2679
1787255700000,2026-08-20T19:55:00Z,172.15,172.8,171.97,172.67,169.8,29270.8581
1787256000000,2026-08-20T20:00:00Z,172.67,173.41,172.46,173.36,63.53,10998.4002
1787256300000,2026-08-20T20:05:00Z,173.36,173.36,172.87,172.87,10.2,1764.7801
1787256600000,2026-08-20T20:10:00Z,172.87,173.25,172.86,173.01,42.25,7311.7587
1787256900000,2026-08-20T20:15:00Z,173.01,173.18,173.01,173.18,7.13,1233.9531
1787257200000,2026-08-20T20:20:00Z,173.18,173.32,172.99,173.06,43.85,7590.7216
1787257500000,2026-08-20T20:25:00Z,173.06,173.31,172.92,172.92,168.14,29126.6286
1787257800000,2026-08-20T20:30:00Z,172.92,173.19,172.92,173.19,4.18,723.5816
1787258100000,2026-08-20T20:35:00Z,173.19,173.39,172.79,172.79,30.69,5312.713
1787258400000,2026-08-20T20:40:00Z,172.79,173.01,172.79,172.96,234.69,40599.214
1787258700000,2026-08-20T20:45:00Z,172.96,173.02,172.69,172.69,139.88,24193.7992
1787259000000,2026-08-20T20:50:00Z,172.69,172.81,172.6,172.7,70.78,12224.2723
1787259300000,2026-08-20T20:55:00Z,172.7,172.91,172.55,172.85,29.46,5089.8694
1787259600000,2026-08-20T21:00:00Z,172.85,172.85,172.62,172.62,2.31,398.9575
1787259900000,2026-08-20T21:05:00Z,172.62,172.7,172.57,172.61,17.82,3076.3863
1787260200000,2026-08-20T21:10:00Z,172.61,172.63,172.41,172.43,47.07,8119.8824
1787260500000,2026-08-20T21:15:00Z,172.43,172.89,172.43,172.83,92.28,15937.0314
1787260800000,2026-08-20T21:20:00Z,172.83,172.87,172.74,172.75,28.75,4967.6152
1787261100000,2026-08-20T21:25:00Z,172.75,172.79,172.45,172.45,18.86,3256.2947
1787261400000,2026-08-20T21:30:00Z,172.45,172.68,172.33,172.65,13.28,2290.9656
1787261700000,2026-08-20T21:35:00Z,172.65,172.69,172.65,172.69,4.85,837.5
1787262000000,2026-08-20T21:40:00Z,172.69,172.69,172.46,172.53,23.42,4041.9383
1787262300000,2026-08-20T21:45:00Z,172.53,172.53,172.47,172.47,1.71,294.9237
1787262600000,2026-08-20T21:50:00Z,172.47,172.62,172.47,172.5,6.48,1118.5198
1787262900000,2026-08-20T21:55:00Z,172.5,172.5,172.32,172.32,0.26,44.8136
1787263200000,2026-08-20T22:00:00Z,172.32,172.32,171.78,171.78,28.5,4904.386
1787263500000,2026-08-20T22:05:00Z,171.78,171.96,171.72,171.94,24.56,4222.265
1787263800000,2026-08-20T22:10:00Z,171.94,171.94,171.94,171.94,0,0
1787264100000,2026-08-20T22:15:00Z,171.94,171.94,171.94,171.94,0,0
1787264400000,2026-08-20T22:20:00Z,171.94,172.08,171.94,172.08,0.29,49.9032
1787264700000,2026-08-20T22:25:00Z,172.08,172.32,172.08,172.17,42.71,7357.2163
1787265000000,2026-08-20T22:30:00Z,172.17,172.24,172,172.19,12.08,2078.1683
1787265300000,2026-08-20T22:35:00Z,172.19,172.2,172.19,172.2,0.3,51.66
1787265600000,2026-08-20T22:40:00Z,172.2,172.2,172.07,172.07,1.16,199.6012
1787265900000,2026-08-20T22:45:00Z,172.07,172.07,172.07,172.07,0,0
1787266200000,2026-08-20T22:50:00Z,172.07,172.38,172.07,172.38,20.21,3479.4479
1787266500000,2026-08-20T22:55:00Z,172.38,172.38,172.21,172.21,28.91,4979.9055
1787266800000,2026-08-20T23:00:00Z,172.21,172.21,172.14,172.14,1.87,321.9105
1787267100000,2026-08-20T23:05:00Z,172.14,172.14,172.14,172.14,0,0
1787267400000,2026-08-20T23:10:00Z,172.14,172.42,172.14,172.42,0.58,99.9949
1787267700000,2026-08-20T23:15:00Z,172.42,172.79,172.42,172.79,13.28,2292.4688
1787268000000,2026-08-20T23:20:00Z,172.79,172.83,172.75,172.8,13.77,2379.4364
1787268300000,2026-08-20T23:25:00Z,172.8,173.56,172.8,173.22,215.49,37331.8394
1787268600000,2026-08-20T23:30:00Z,173.22,173.22,173.22,173.22,0,0
1787268900000,2026-08-20T23:35:00Z,173.22,173.22,172.85,172.85,25.1,4341.9549
1787269200000,2026-08-20T23:40:00Z,172.85,172.86,172.85,172.86,1.16,200.5176
1787269500000,2026-08-20T23:45:00Z,172.86,172.86,172.86,172.86,0,0
1787269800000,2026-08-20T23:50:00Z,172.86,172.9,172.73,172.9,4.78,826.0574
1787270100000,2026-08-20T23:55:00Z,172.9,172.9,172.78,172.78,6,1036.68
1787270400000,2026-08-21T00:00:00Z,172.78,173.73,172.74,173.47,246.63,42786.4354
1787270700000,2026-08-21T00:05:00Z,173.47,174.24,173.47,173.97,31.86,5547.5529
1787271000000,2026-08-21T00:10:00Z,173.97,174.25,173.73,174.22,9.27,1613.8496
1787271300000,2026-08-21T00:15:00Z,174.22,174.65,173.91,174.51,74.28,12945.653
1787271600000,2026-08-21T00:20:00Z,174.51,174.66,174.27,174.66,8.13,1419.1985
1787271900000,2026-08-21T00:25:00Z,174.66,174.85,174.63,174.68,20.61,3601.7563
1787272200000,2026-08-21T00:30:00Z,174.68,175.4,174.68,175.15,43.98,7697.6564
1787272500000,2026-08-21T00:35:00Z,175.15,175.15,174.14,174.58,404.29,70519.9972
1787272800000,2026-08-21T00:40:00Z,174.58,174.58,174.57,174.57,0.12,20.9484
1787273100000,2026-08-21T00:45:00Z,174.57,174.57,174.3,174.3,14.22,2479.2669
1787273400000,2026-08-21T00:50:00Z,174.3,174.74,174.3,174.51,2.12,370.403
1787273700000,2026-08-21T00:55:00Z,174.51,174.51,174.31,174.31,0.05,8.7155
1787274000000,2026-08-21T01:00:00Z,174.31,175.04,174.31,174.88,13.77,2408.0014
1787274300000,2026-08-21T01:05:00Z,174.88,174.98,174.82,174.87,28.31,4950.9371
1787274600000,2026-08-21T01:10:00Z,174.87,175.18,174.87,175.12,22.67,3969.7661
1787274900000,2026-08-21T01:15:00Z,175.12,176.55,175.12,176.41,197.34,34736.0485
1787275200000,2026-08-21T01:20:00Z,176.41,176.47,175.86,176.2,32.19,5667.3332
1787275500000,2026-08-21T01:25:00Z,176.2,176.55,176.1,176.52,40.58,7156.2003
1787275800000,2026-08-21T01:30:00Z,176.52,177.26,176.37,176.89,320.88,56772.8877
1787276100000,2026-08-21T01:35:00Z,176.89,176.91,176.17,176.35,125.13,22090.7816
1787276400000,2026-08-21T01:40:00Z,176.35,176.79,176.13,176.76,87.02,15366.0344
1787276700000,2026-08-21T01:45:00Z,176.76,178.16,176.52,177.91,219.34,38918.5275
1787277000000,2026-08-21T01:50:00Z,177.91,177.94,177.52,177.72,231.99,41231.8218
1787277300000,2026-08-21T01:55:00Z,177.72,177.77,177.14,177.3,107.5,19082.8964
1787277600000,2026-08-21T02:00:00Z,177.3,177.43,176.75,177.19,196.14,34713.9791
1787277900000,2026-08-21T02:05:00Z,177.19,177.63,177.05,177.12,65.77,11668.4169
1787278200000,2026-08-21T02:10:00Z,177.12,177.15,176.65,176.65,85.81,15166.5383
1787278500000,2026-08-21T02:15:00Z,176.65,176.92,176.6,176.78,64.78,11451.6151
1787278800000,2026-08-21T02:20:00Z,176.78,177.01,176.68,176.79,6.81,1204.2975
1787279100000,2026-08-21T02:25:00Z,176.79,177.3,176.79,177.3,155.5,27548.9841
1787279400000,2026-08-21T02:30:00Z,177.3,177.48,176.84,177,8.44,1496.108
1787279700000,2026-08-21T02:35:00Z,177,177.38,176.98,177.38,15.98,2829.4843
1787280000000,2026-08-21T02:40:00Z,177.38,177.38,177.09,177.09,25.41,4500.1953
1787280300000,2026-08-21T02:45:00Z,177.09,177.09,176.52,176.6,64.3,11361.6451
1787280600000,2026-08-21T02:50:00Z,176.6,176.77,176.55,176.58,128.42,22678.3287
1787280900000,2026-08-21T02:55:00Z,176.58,176.62,176.49,176.53,6.01,1061.3227
1787281200000,2026-08-21T03:00:00Z,176.53,176.68,176.44,176.44,35.37,6241.4655
1787281500000,2026-08-21T03:05:00Z,176.44,176.44,176.02,176.22,85.76,15110.4311
1787281800000,2026-08-21T03:10:00Z,176.22,176.37,176.14,176.23,7,1233.8471
1787282100000,2026-08-21T03:15:00Z,176.23,176.37,176.09,176.18,29.94,5275.122
1787282400000,2026-08-21T03:20:00Z,176.18,176.62,176.18,176.62,36.61,6458.6011
1787282700000,2026-08-21T03:25:00Z,176.62,176.79,176.47,176.79,34.67,6123.4492
1787283000000,2026-08-21T03:30:00Z,176.79,177.02,176.79,176.88,6.12,1082.9845
1787283300000,2026-08-21T03:35:00Z,176.88,176.9,176.57,176.81,30.02,5305.0619
1787283600000,2026-08-21T03:40:00Z,176.81,176.99,176.66,176.99,290.98,51482.9935
1787283900000,2026-08-21T03:45:00Z,176.99,177.26,176.97,177.2,9.24,1635.6635
1787284200000,2026-08-21T03:50:00Z,177.2,177.22,177.02,177.02,16.68,2954.4506
1787284500000,2026-08-21T03:55:00Z,177.02,177.02,176.95,176.95,3.01,532.6607
1787284800000,2026-08-21T04:00:00Z,176.95,177.4,176.86,177.27,52.06,9217.3323
1787285100000,2026-08-21T04:05:00Z,177.27,177.3,177.25,177.27,4.56,808.3466
1787285400000,2026-08-21T04:10:00Z,177.27,177.45,177.21,177.21,20.25,3591.3268
1787285700000,2026-08-21T04:15:00Z,177.21,177.4,177.21,177.36,10.47,1856.5609
1787286000000,2026-08-21T04:20:00Z,177.36,177.41,177.36,177.41,0.66,117.0906
1787286300000,2026-08-21T04:25:00Z,177.41,177.41,176.98,177.03,16.05,2841.0144
1787286600000,2026-08-21T04:30:00Z,177.03,177.11,176.84,177.11,16.01,2832.3308
1787286900000,2026-08-21T04:35:00Z,177.11,177.23,177.11,177.23,0.3,53.1675
1787287200000,2026-08-21T04:40:00Z,177.23,177.41,177.19,177.41,7.24,1283.3967
1787287500000,2026-08-21T04:45:00Z,177.41,177.69,177.41,177.69,10.49,1862.9743
1787287800000,2026-08-21T04:50:00Z,177.69,177.92,177.69,177.92,34.21,6083.8172
1787288100000,2026-08-21T04:55:00Z,177.92,177.98,177.84,177.84,233.08,41481.0447
1787288400000,2026-08-21T05:00:00Z,177.84,178.08,177.71,177.71,47.24,8400.8759
1787288700000,2026-08-21T05:05:00Z,177.71,178.02,177.71,178.02,1.24,220.7087
1787289000000,2026-08-21T05:10:00Z,178.02,178.58,178.02,178.47,14.39,2566.6824
1787289300000,2026-08-21T05:15:00Z,178.47,178.61,178.37,178.49,36.25,6470.1395
1787289600000,2026-08-21T05:20:00Z,178.49,178.67,178.08,178.08,56.27,10039.9486
1787289900000,2026-08-21T05:25:00Z,178.08,178.16,177.55,178.07,62.92,11188.055
1787290200000,2026-08-21T05:30:00Z,178.07,178.25,177.99,178.19,23.64,4210.2055
1787290500000,2026-08-21T05:35:00Z,178.19,178.62,178.17,178.59,15.35,2737.8147
1787290800000,2026-08-21T05:40:00Z,178.59,178.64,178.44,178.46,17.79,3176.0949
1787291100000,2026-08-21T05:45:00Z,178.46,178.5,178.38,178.38,2.82,503.0664
1787291400000,2026-08-21T05:50:00Z,178.38,178.72,178.38,178.71,30.19,5392.0752
1787291700000,2026-08-21T05:55:00Z,178.71,178.91,178.71,178.8,21.54,3852.1865
1787292000000,2026-08-21T06:00:00Z,178.8,178.89,178.68,178.82,34.44,6156.9841
1787292300000,2026-08-21T06:05:00Z,178.82,178.82,178.61,178.67,4.15,741.3099
1787292600000,2026-08-21T06:10:00Z,178.67,178.67,178.15,178.15,592.72,105724.839
1787292900000,2026-08-21T06:15:00Z,178.15,178.54,178.15,178.41,7.77,1385.9088
1787293200000,2026-08-21T06:20:00Z,178.41,178.44,178.02,178.29,47.31,8434.3664
1787293500000,2026-08-21T06:25:00Z,178.29,178.93,178.29,178.66,298.41,53358.5793
1787293800000,2026-08-21T06:30:00Z,178.66,179.22,178.66,179.22,50.93,9114.2351
1787294100000,2026-08-21T06:35:00Z,179.22,179.48,179.17,179.48,37.72,6762.9326
1787294400000,2026-08-21T06:40:00Z,179.48,179.53,178.64,178.74,788.16,140951.6562
1787294700000,2026-08-21T06:45:00Z,178.74,179.25,178.59,179.05,94.85,16981.8763
1787295000000,2026-08-21T06:50:00Z,179.05,179.11,179.05,179.11,139.51,24979.4965
1787295300000,2026-08-21T06:55:00Z,179.11,179.11,179.11,179.11,0,0
1787295600000,2026-08-21T07:00:00Z,179.11,179.67,179.11,179.53,153.99,27648.4188
1787295900000,2026-08-21T07:05:00Z,179.53,179.82,179.44,179.66,111.75,20075.4078
1787296200000,2026-08-21T07:10:00Z,179.66,179.94,179.63,179.63,29.02,5215.5923
1787296500000,2026-08-21T07:15:00Z,179.63,180.93,179.63,180.68,383.56,69254.9873
1787296800000,2026-08-21T07:20:00Z,180.68,180.76,180.33,180.44,17.28,3118.0348
1787297100000,2026-08-21T07:25:00Z,180.44,180.59,180.26,180.56,35.29,6365.8627
1787297400000,2026-08-21T07:30:00Z,180.56,181.03,180.54,180.93,47.08,8513.4619
1787297700000,2026-08-21T07:35:00Z,180.93,181.15,180.73,181.06,19.25,3484.3603
1787298000000,2026-08-21T07:40:00Z,181.06,181.54,180.98,181.38,254.36,46069.4858
1787298300000,2026-08-21T07:45:00Z,181.38,181.63,181.07,181.46,143.49,26023.9243
1787298600000,2026-08-21T07:50:00Z,181.46,181.53,181.16,181.16,34.15,6191.538
1787298900000,2026-08-21T07:55:00Z,181.16,181.38,180.9,181.07,84.45,15286.597
1787299200000,2026-08-21T08:00:00Z,181.07,183.47,180.89,183.38,457.3,83063.5292
1787299500000,2026-08-21T08:05:00Z,183.38,184.08,182.67,183.71,138.54,25422.051
1787299800000,2026-08-21T08:10:00Z,183.71,184.17,182.98,183.56,478.39,87662.5023
1787300100000,2026-08-21T08:15:00Z,183.56,184.62,183.43,184.52,68.59,12611.9593
1787300400000,2026-08-21T08:20:00Z,184.52,184.68,183.06,183.21,118.62,21753.8871
1787300700000,2026-08-21T08:25:00Z,183.21,184.41,183.21,184.11,440.11,80932.5601
1787301000000,2026-08-21T08:30:00Z,184.11,184.82,184.07,184.65,93.71,17273.4311
1787301300000,2026-08-21T08:35:00Z,184.65,184.91,184.43,184.49,48.12,8885.1164
1787301600000,2026-08-21T08:40:00Z,184.49,185.12,184.49,184.92,152.33,28173.9814
1787301900000,2026-08-21T08:45:00Z,184.92,185.68,184.79,185.27,314.21,58251.7604
1787302200000,2026-08-21T08:50:00Z,185.27,186.41,185.14,186.41,235.52,43814.78
1787302500000,2026-08-21T08:55:00Z,186.41,187.49,185.83,186.56,699.24,130400.3431
1787302800000,2026-08-21T09:00:00Z,186.56,186.66,183.4,183.88,311.16,57477.9638
1787303100000,2026-08-21T09:05:00Z,183.88,184.42,183.4,184.2,215.58,39624.816
1787303400000,2026-08-21T09:10:00Z,184.2,184.69,183.88,184.08,544.39,100197.8951
1787303700000,2026-08-21T09:15:00Z,184.08,184.08,182.86,182.86,91.43,16769.7811
1787304000000,2026-08-21T09:20:00Z,182.86,183.15,182.71,182.91,41.3,7553.5303
1787304300000,2026-08-21T09:25:00Z,182.91,183.64,182.53,183.08,136.61,25009.1637
1787304600000,2026-08-21T09:30:00Z,183.08,183.9,182.79,183.84,136,24929.1075
1787304900000,2026-08-21T09:35:00Z,183.84,184.22,183.64,184.09,52.1,9583.0713
1787305200000,2026-08-21T09:40:00Z,184.09,184.65,183.92,184.54,44.96,8289.0695
1787305500000,2026-08-21T09:45:00Z,184.54,185.09,184.54,185.09,13.94,2575.4977
1787305800000,2026-08-21T09:50:00Z,185.09,185.09,184.31,184.61,55.43,10235.2701
1787306100000,2026-08-21T09:55:00Z,184.61,184.61,183.49,183.63,66.89,12296.8385
1787306400000,2026-08-21T10:00:00Z,183.63,183.7,182.96,183,73.21,13417.4117
1787306700000,2026-08-21T10:05:00Z,183,183.7,182.93,183.37,261.92,48025.3876
1787307000000,2026-08-21T10:10:00Z,183.37,184,183.37,183.76,36.18,6649.2056
1787307300000,2026-08-21T10:15:00Z,183.76,183.94,183.53,183.74,18.78,3450.4049
1787307600000,2026-08-21T10:20:00Z,183.74,183.84,183.04,183.04,37.99,6964.7729
1787307900000,2026-08-21T10:25:00Z,183.04,183.21,182.58,183.09,75.65,13839.7758
1787308200000,2026-08-21T10:30:00Z,183.09,183.25,182.41,182.51,189.71,34676.9971
1787308500000,2026-08-21T10:35:00Z,182.51,182.72,182.27,182.72,39.87,7275.2395
1787308800000,2026-08-21T10:40:00Z,182.72,182.92,182.51,182.87,45.18,8255.1148
1787309100000,2026-08-21T10:45:00Z,182.87,183.3,182.87,183.05,49.78,9113.4096
1787309400000,2026-08-21T10:50:00Z,183.05,183.05,182.47,182.75,130.23,23794.109
1787309700000,2026-08-21T10:55:00Z,182.75,182.87,182.59,182.8,86.6,15827.0417
1787310000000,2026-08-21T11:00:00Z,182.8,183.03,181.25,181.95,257.61,46931.4637
1787310300000,2026-08-21T11:05:00Z,181.95,182.19,181.73,181.73,48.33,8795.4226
1787310600000,2026-08-21T11:10:00Z,181.73,182.03,181.14,181.97,298.84,54199.392
1787310900000,2026-08-21T11:15:00Z,181.97,182.47,181.86,182.12,53.54,9755.0792
1787311200000,2026-08-21T11:20:00Z,182.12,182.89,182.12,182.53,92.94,16972.9305
1787311500000,2026-08-21T11:25:00Z,182.53,182.92,182.08,182.92,87.04,15881.1688
1787311800000,2026-08-21T11:30:00Z,182.92,182.92,180.12,180.44,309.91,56186.0876
1787312100000,2026-08-21T11:35:00Z,180.44,181.71,180.25,181.51,134.39,24384.4274
1787312400000,2026-08-21T11:40:00Z,181.51,181.62,181.03,181.35,93.03,16869.5964
1787312700000,2026-08-21T11:45:00Z,181.35,181.4,180.66,180.77,64.96,11754.8616
1787313000000,2026-08-21T11:50:00Z,180.77,181.86,180.75,181.85,101.61,18433.1115
1787313300000,2026-08-21T11:55:00Z,181.85,181.86,181.21,181.24,52.12,9460.7275
1787313600000,2026-08-21T12:00:00Z,181.24,181.6,180.59,180.75,146.25,26475.8431
1787313900000,2026-08-21T12:05:00Z,180.75,181.1,180.62,180.67,31.28,5657.0072
1787314200000,2026-08-21T12:10:00Z,180.67,180.87,180.51,180.72,71.89,12994.0229
1787314500000,2026-08-21T12:15:00Z,180.72,180.8,180.47,180.73,23.04,4161.3605
1787314800000,2026-08-21T12:20:00Z,180.73,180.73,180.43,180.54,40.16,7249.0826
1787315100000,2026-08-21T12:25:00Z,180.54,180.55,180.03,180.23,101.18,18245.5641
1787315400000,2026-08-21T12:30:00Z,180.23,180.38,180.02,180.28,28.6,5155.4774
1787315700000,2026-08-21T12:35:00Z,180.28,181.62,180.28,181.62,88.22,15989.2452
1787316000000,2026-08-21T12:40:00Z,181.62,182.07,181.62,182.07,57.51,10453.228
1787316300000,2026-08-21T12:45:00Z,182.07,182.07,181.35,181.56,111.78,20317.8133
1787316600000,2026-08-21T12:50:00Z,181.56,181.56,180.68,180.76,214.87,38925.9974
1787316900000,2026-08-21T12:55:00Z,180.76,180.9,180.64,180.74,319.43,57780.1079
1787317200000,2026-08-21T13:00:00Z,180.74,181.15,180.54,181.15,45.52,8229.8713
1787317500000,2026-08-21T13:05:00Z,181.15,181.22,180.72,180.89,63.1,11423.4918
1787317800000,2026-08-21T13:10:00Z,180.89,181.43,180.76,181.43,63.43,11481.3457
1787318100000,2026-08-21T13:15:00Z,181.43,181.46,180.92,180.93,47.12,8537.0501
1787318400000,2026-08-21T13:20:00Z,180.93,180.93,180.2,180.69,150.57,27187.5693
1787318700000,2026-08-21T13:25:00Z,180.69,181.26,180.03,180.48,600.11,108409.3114
1787319000000,2026-08-21T13:30:00Z,180.48,184.04,179.42,183.93,3064.58,557244.8326
1787319300000,2026-08-21T13:35:00Z,183.93,185.78,181.76,185.65,1146.17,210442.7941
1787319600000,2026-08-21T13:40:00Z,185.65,188.49,185.53,188.19,709.55,132947.1952
1787319900000,2026-08-21T13:45:00Z,188.19,188.88,187.02,187.98,477.43,89661.3326
1787320200000,2026-08-21T13:50:00Z,187.98,190,187.75,188.25,732.22,138535.0382
1787320500000,2026-08-21T13:55:00Z,188.25,190.14,188.13,189.43,441.58,83428.4659
1787320800000,2026-08-21T14:00:00Z,189.43,190,188.62,189.38,260.2,49232.4575
1787321100000,2026-08-21T14:05:00Z,189.38,190.78,188.77,189.47,528.84,100373.2025
1787321400000,2026-08-21T14:10:00Z,189.47,190.41,187.5,187.9,377.25,71365.438
1787321700000,2026-08-21T14:15:00Z,187.9,188.71,186.53,186.58,188.58,35416.8779
1787322000000,2026-08-21T14:20:00Z,186.58,187.36,185.87,186.19,201.26,37561.6129
1787322300000,2026-08-21T14:25:00Z,186.19,188.12,186.19,187.85,510.05,95766.678
1787322600000,2026-08-21T14:30:00Z,187.85,187.85,186.44,187.27,200.46,37460.9611
1787322900000,2026-08-21T14:35:00Z,187.27,187.75,186.81,186.87,83.65,15651.2526
1787323200000,2026-08-21T14:40:00Z,186.87,187.2,185.33,187.2,90.89,16911.784
1787323500000,2026-08-21T14:45:00Z,187.2,189.54,187.07,189.27,103.03,19396.2383
1787323800000,2026-08-21T14:50:00Z,189.27,190.41,189.27,190.07,257.44,48861.9118
1787324100000,2026-08-21T14:55:00Z,190.07,191.46,190.07,190.98,257.76,49130.609
1787324400000,2026-08-21T15:00:00Z,190.98,191.26,190.66,191.02,144.97,27675.6249
1787324700000,2026-08-21T15:05:00Z,191.02,191.02,189,189.94,332.5,63061.6079
1787325000000,2026-08-21T15:10:00Z,189.94,190.01,188.77,188.77,162.3,30694.4577
1787325300000,2026-08-21T15:15:00Z,188.77,189.26,188.39,188.6,459.31,86769.6078
1787325600000,2026-08-21T15:20:00Z,188.6,189.9,188.41,188.94,724.25,137436.112
1787325900000,2026-08-21T15:25:00Z,188.94,189.29,187.99,188.08,102.93,19406.5908
1787326200000,2026-08-21T15:30:00Z,188.08,189.26,188.08,188.77,197.18,37230.6863
1787326500000,2026-08-21T15:35:00Z,188.77,189.48,188.59,189.48,214.22,40468.7981
1787326800000,2026-08-21T15:40:00Z,189.48,189.74,189.21,189.27,91.43,17322.5698
1787327100000,2026-08-21T15:45:00Z,189.27,189.54,189.16,189.47,18.31,3468.0261
1787327400000,2026-08-21T15:50:00Z,189.47,189.88,189.29,189.59,77.46,14692.8592
1787327700000,2026-08-21T15:55:00Z,189.59,189.71,188.79,189.12,104.84,19827.2359
1787328000000,2026-08-21T16:00:00Z,189.12,189.49,188.63,188.63,50.96,9637.6509
1787328300000,2026-08-21T16:05:00Z,188.63,188.68,187.05,187.05,89.06,16701.1494
1787328600000,2026-08-21T16:10:00Z,187.05,187.86,187,187,84.17,15764.8373
1787328900000,2026-08-21T16:15:00Z,187,187.73,186.84,187.57,54.85,10265.2043
1787329200000,2026-08-21T16:20:00Z,187.57,188.46,187.56,188.21,86.39,16247.2669
1787329500000,2026-08-21T16:25:00Z,188.21,188.49,188.12,188.49,17.07,3214.5465
1787329800000,2026-08-21T16:30:00Z,188.49,188.49,188.01,188.13,38.95,7327.9894
1787330100000,2026-08-21T16:35:00Z,188.13,188.13,186.96,187.08,69.51,13027.4189
1787330400000,2026-08-21T16:40:00Z,187.08,187.16,186.9,187.06,16.01,2994.3732
1787330700000,2026-08-21T16:45:00Z,187.06,187.76,186.83,187.76,24.12,4518.5286
1787331000000,2026-08-21T16:50:00Z,187.76,187.83,187,187,17.03,3196.7807
1787331300000,2026-08-21T16:55:00Z,187,187.5,186.66,186.97,40.6,7593.1985
1787331600000,2026-08-21T17:00:00Z,186.97,187.5,186.82,187.5,40.07,7496.687
1787331900000,2026-08-21T17:05:00Z,187.5,187.93,187.06,187.09,84.25,15795.0997
1787332200000,2026-08-21T17:10:00Z,187.09,187.98,187.09,187.77,84.49,15856.941
1787332500000,2026-08-21T17:15:00Z,187.77,187.78,186.93,186.93,40.38,7566.276
1787332800000,2026-08-21T17:20:00Z,186.93,187.27,186.66,186.76,121.74,22764.4708
1787333100000,2026-08-21T17:25:00Z,186.76,187.27,186.53,187.27,66.68,12459.0648
1787333400000,2026-08-21T17:30:00Z,187.27,188.33,187.27,188.32,32.23,6062.0362
1787333700000,2026-08-21T17:35:00Z,188.32,188.32,187.6,187.78,60.27,11323.33
1787334000000,2026-08-21T17:40:00Z,187.78,187.78,187,187,27.32,5119.7226
1787334300000,2026-08-21T17:45:00Z,187,187.48,186.83,187.08,79.61,14887.6857
1787334600000,2026-08-21T17:50:00Z,187.08,187.24,186.5,186.66,63.9,11942.8942
1787334900000,2026-08-21T17:55:00Z,186.66,187.05,186.55,186.76,30.01,5607.7594
1787335200000,2026-08-21T18:00:00Z,186.76,187.07,186.47,186.92,79.12,14775.1843
1787335500000,2026-08-21T18:05:00Z,186.92,187.16,186,186,20.84,3890.0204
1787335800000,2026-08-21T18:10:00Z,186,186.54,185.81,186.52,30.65,5707.9737
1787336100000,2026-08-21T18:15:00Z,186.52,186.52,185.69,186.14,15.29,2845.426
1787336400000,2026-08-21T18:20:00Z,186.14,186.93,186.14,186.75,14.44,2696.4897
1787336700000,2026-08-21T18:25:00Z,186.75,186.89,186.47,186.47,35.46,6622.783
1787337000000,2026-08-21T18:30:00Z,186.47,186.54,186.1,186.24,75.44,14057.3208
1787337300000,2026-08-21T18:35:00Z,186.24,186.24,185.43,186.09,17.06,3169.9007
1787337600000,2026-08-21T18:40:00Z,186.09,186.12,185.58,185.6,18.97,3523.4237
1787337900000,2026-08-21T18:45:00Z,185.6,185.79,185.28,185.55,48.9,9074.0889
1787338200000,2026-08-21T18:50:00Z,185.55,186.2,185.48,186.2,13.71,2546.7678
1787338500000,2026-08-21T18:55:00Z,186.2,186.56,186.16,186.31,15.35,2861.7381
1787338800000,2026-08-21T19:00:00Z,186.31,186.67,185.66,185.68,94.67,17636.31
1787339100000,2026-08-21T19:05:00Z,185.68,185.97,185.62,185.93,21.39,3975.1755
1787339400000,2026-08-21T19:10:00Z,185.93,186.15,185.93,186.05,8.61,1602.493
1787339700000,2026-08-21T19:15:00Z,186.05,186.05,184.5,184.75,98.78,18272.6849
1787340000000,2026-08-21T19:20:00Z,184.75,185.14,184.58,185.14,24.16,4465.8915
1787340300000,2026-08-21T19:25:00Z,185.14,185.45,184.87,185.23,20.36,3772.8317
1787340600000,2026-08-21T19:30:00Z,185.23,185.26,184.79,184.79,16.21,2997.9368
1787340900000,2026-08-21T19:35:00Z,184.79,185.6,184.79,185.43,29.7,5509.9348
1787341200000,2026-08-21T19:40:00Z,185.43,185.43,185.36,185.41,5.86,1086.4131
1787341500000,2026-08-21T19:45:00Z,185.41,186.29,185.16,186.29,40.66,7556.624
1787341800000,2026-08-21T19:50:00Z,186.29,186.72,185.82,186.64,144.52,26925.8454
1787342100000,2026-08-21T19:55:00Z,186.64,187.14,186.59,186.98,27.62,5160.9681
1787342400000,2026-08-21T20:00:00Z,186.98,186.98,186.3,186.61,102.96,19208.6489
1787342700000,2026-08-21T20:05:00Z,186.61,188.81,186.04,187.69,531.28,99626.0124
1787343000000,2026-08-21T20:10:00Z,187.69,187.94,186.31,186.53,405.33,75782.3455
1787343300000,2026-08-21T20:15:00Z,186.53,186.72,186.03,186.52,159.95,29817.4937
1787343600000,2026-08-21T20:20:00Z,186.52,186.64,186.43,186.55,66.46,12396.2506
1787343900000,2026-08-21T20:25:00Z,186.55,186.6,186.37,186.54,24.91,4644.6986
1787344200000,2026-08-21T20:30:00Z,186.54,186.78,186.54,186.62,52.62,9821.4277
1787344500000,2026-08-21T20:35:00Z,186.62,186.85,186.61,186.68,6.4,1195.0836
1787344800000,2026-08-21T20:40:00Z,186.68,186.99,186.68,186.99,33.91,6337.049
1787345100000,2026-08-21T20:45:00Z,186.99,186.99,186.35,186.5,41.72,7785.1649
1787345400000,2026-08-21T20:50:00Z,186.5,186.7,186.5,186.67,22.61,4219.7286
1787345700000,2026-08-21T20:55:00Z,186.67,186.74,186.67,186.72,2.87,535.8532
1787346000000,2026-08-21T21:00:00Z,186.72,186.76,186.62,186.66,8.93,1667.0187
1787346300000,2026-08-21T21:05:00Z,186.66,186.74,186.6,186.69,14.6,2724.5074
1787346600000,2026-08-21T21:10:00Z,186.69,187.21,186.69,186.92,113.18,21173.8735
1787346900000,2026-08-21T21:15:00Z,186.92,187.36,186.88,187.27,37.56,7027.8853
1787347200000,2026-08-21T21:20:00Z,187.27,188.45,187.27,188.39,32.62,6135.0785
1787347500000,2026-08-21T21:25:00Z,188.39,188.83,188.2,188.58,24.5,4621.2602
1787347800000,2026-08-21T21:30:00Z,188.58,189.28,188.58,189.18,119.52,22585.81
1787348100000,2026-08-21T21:35:00Z,189.18,189.3,188.89,188.89,4.75,897.3888
1787348400000,2026-08-21T21:40:00Z,188.89,189.07,188.72,188.76,92.44,17455.2002
1787348700000,2026-08-21T21:45:00Z,188.76,188.97,188.76,188.97,16.67,3148.1469
1787349000000,2026-08-21T21:50:00Z,188.97,189.36,188.97,189.21,24.29,4596.1486
1787349300000,2026-08-21T21:55:00Z,189.21,189.84,189.21,189.67,39.04,7403.6512
1787349600000,2026-08-21T22:00:00Z,189.67,189.72,189.35,189.7,48.97,9279.343
1787349900000,2026-08-21T22:05:00Z,189.7,190.3,189.64,190.02,21.42,4069.4893
1787350200000,2026-08-21T22:10:00Z,190.02,190.05,189.89,189.98,23.92,4544.0034
1787350500000,2026-08-21T22:15:00Z,189.98,189.98,189.7,189.75,40.2,7630.671
1787350800000,2026-08-21T22:20:00Z,189.75,189.77,189.59,189.59,25.79,4891.1873
1787351100000,2026-08-21T22:25:00Z,189.59,189.89,189.59,189.84,1.64,311.3631
1787351400000,2026-08-21T22:30:00Z,189.84,189.84,189.08,189.08,2.62,495.8378
1787351700000,2026-08-21T22:35:00Z,189.08,189.79,189.08,189.79,4.39,832.9545
1787352000000,2026-08-21T22:40:00Z,189.79,189.88,189.79,189.88,2.34,444.2929
1787352300000,2026-08-21T22:45:00Z,189.88,189.88,189.73,189.73,35.14,6667.8604
1787352600000,2026-08-21T22:50:00Z,189.73,189.99,189.56,189.99,5.59,1061.1637
1787352900000,2026-08-21T22:55:00Z,189.99,190.14,189.89,190.07,38.57,7332.1737
1787353200000,2026-08-21T23:00:00Z,190.07,190.07,189.74,189.74,1.44,273.6144
1787353500000,2026-08-21T23:05:00Z,189.74,190.01,189.74,190.01,0.39,74.1039
1787353800000,2026-08-21T23:10:00Z,190.01,190.01,189.9,189.92,8.1,1538.4537
1787354100000,2026-08-21T23:15:00Z,189.92,190.44,189.9,190.44,24.4,4639.9864
1787354400000,2026-08-21T23:20:00Z,190.44,190.62,190.39,190.62,4.88,929.9361
1787354700000,2026-08-21T23:25:00Z,190.62,190.62,189.94,189.94,4.94,939.6806
1787355000000,2026-08-21T23:30:00Z,189.94,189.96,189.88,189.88,13.15,2497.7636
1787355300000,2026-08-21T23:35:00Z,189.88,189.88,189.75,189.8,3.82,725.0324
1787355600000,2026-08-21T23:40:00Z,189.8,189.94,189.58,189.83,30.7,5827.1757
1787355900000,2026-08-21T23:45:00Z,189.83,189.83,189.54,189.54,16.21,3074.1877
1787356200000,2026-08-21T23:50:00Z,189.54,189.61,189.3,189.61,30.93,5858.237
1787356500000,2026-08-21T23:55:00Z,189.61,189.73,189.5,189.5,5.1,966.847
1787356800000,2026-08-22T00:00:00Z,189.5,189.66,189.24,189.66,4.06,768.972
1787357100000,2026-08-22T00:05:00Z,189.66,189.66,188.51,188.69,188.01,35462.5128
1787357400000,2026-08-22T00:10:00Z,188.69,188.95,188.69,188.94,111.31,21021.2268
1787357700000,2026-08-22T00:15:00Z,188.94,188.94,188.79,188.89,19.82,3743.7036
1787358000000,2026-08-22T00:20:00Z,188.89,189.35,188.89,189.35,2.49,471.0855
1787358300000,2026-08-22T00:25:00Z,189.35,189.35,189.21,189.21,7.08,1339.6068
1787358600000,2026-08-22T00:30:00Z,189.21,189.24,188.97,189.07,14.24,2694.0598
1787358900000,2026-08-22T00:35:00Z,189.07,189.13,189.04,189.13,0.6,113.4305
1787359200000,2026-08-22T00:40:00Z,189.13,189.13,188.86,188.94,0.36,68.0234
1787359500000,2026-08-22T00:45:00Z,188.94,188.99,188.89,188.89,0.65,122.801
1787359800000,2026-08-22T00:50:00Z,188.89,189.04,188.89,189.04,11.08,2093.599
1787360100000,2026-08-22T00:55:00Z,189.04,189.25,189.04,189.24,0.58,109.7607
1787360400000,2026-08-22T01:00:00Z,189.24,189.83,189.22,189.77,111.9,21223.0341
1787360700000,2026-08-22T01:05:00Z,189.77,189.82,189.7,189.7,1.37,260.0242
1787361000000,2026-08-22T01:10:00Z,189.7,189.8,189.7,189.79,0.8,151.8344
1787361300000,2026-08-22T01:15:00Z,189.79,189.79,189.79,189.79,0,0
1787361600000,2026-08-22T01:20:00Z,189.79,189.79,189.45,189.45,0.05,9.4725
1787361900000,2026-08-22T01:25:00Z,189.45,190,189.45,190,1.56,296.3934
1787362200000,2026-08-22T01:30:00Z,190,190.4,190,190.26,11.05,2103.7948
1787362500000,2026-08-22T01:35:00Z,190.26,190.42,190.12,190.24,14.49,2757.4792
1787362800000,2026-08-22T01:40:00Z,190.24,190.46,190.05,190.05,8.65,1645.1898
1787363100000,2026-08-22T01:45:00Z,190.05,190.26,190.05,190.26,1.02,193.9932
1787363400000,2026-08-22T01:50:00Z,190.26,190.26,189.98,189.99,0.96,182.3859
1787363700000,2026-08-22T01:55:00Z,189.99,190.17,189.88,189.88,1.76,334.2328
1787364000000,2026-08-22T02:00:00Z,189.88,190.25,189.88,190.13,160.71,30559.2675
1787364300000,2026-08-22T02:05:00Z,190.13,190.32,190.13,190.22,9.62,1830.0764
1787364600000,2026-08-22T02:10:00Z,190.22,190.22,190.22,190.22,0,0
1787364900000,2026-08-22T02:15:00Z,190.22,190.53,190.22,190.53,3.31,630.4518
1787365200000,2026-08-22T02:20:00Z,190.53,190.75,190.53,190.69,21.34,4068.6573
1787365500000,2026-08-22T02:25:00Z,190.69,191.17,190.69,191.17,79.21,15135.278
1787365800000,2026-08-22T02:30:00Z,191.17,191.41,190.89,190.98,70.01,13387.6379
1787366100000,2026-08-22T02:35:00Z,190.98,191.09,190.76,191.04,19.67,3755.3009
1787366400000,2026-08-22T02:40:00Z,191.04,191.58,191.04,191.54,91.15,17444.7333
1787366700000,2026-08-22T02:45:00Z,191.54,191.76,191.14,191.25,67.98,13013.2508
1787367000000,2026-08-22T02:50:00Z,191.25,191.69,191.2,191.46,140.64,26925.1487
1787367300000,2026-08-22T02:55:00Z,191.46,191.99,191.34,191.66,151.36,29010.1852
1787367600000,2026-08-22T03:00:00Z,191.66,192.02,191.51,191.79,190.41,36507.8101
1787367900000,2026-08-22T03:05:00Z,191.79,192.08,191.64,191.91,685.23,131469.3586
1787368200000,2026-08-22T03:10:00Z,191.91,191.91,191.44,191.65,48.51,9301.7885
1787368500000,2026-08-22T03:15:00Z,191.65,192.03,191.54,191.9,60.77,11655.195
1787368800000,2026-08-22T03:20:00Z,191.9,191.98,191.74,191.79,134.04,25716.938
1787369100000,2026-08-22T03:25:00Z,191.79,192.31,191.79,192.24,136.99,26317.8112
1787369400000,2026-08-22T03:30:00Z,192.24,192.35,192.03,192.19,160.05,30758.8711
1787369700000,2026-08-22T03:35:00Z,192.19,192.29,192.04,192.1,140.54,27005.6371
1787370000000,2026-08-22T03:40:00Z,192.1,192.19,191.82,192.09,162.02,31106.6498
1787370300000,2026-08-22T03:45:00Z,192.09,192.11,191.76,191.81,177.02,33970.6222
1787370600000,2026-08-22T03:50:00Z,191.81,192.16,191.8,192,49.31,9466.188
1787370900000,2026-08-22T03:55:00Z,192,192,191.63,191.67,18.25,3499.5924
1787371200000,2026-08-22T04:00:00Z,191.67,191.69,191.24,191.41,52.38,10023.8741
1787371500000,2026-08-22T04:05:00Z,191.41,191.45,191.13,191.29,40.22,7694.0507
1787371800000,2026-08-22T04:10:00Z,191.29,191.62,191.29,191.62,15.83,3029.0506
1787372100000,2026-08-22T04:15:00Z,191.62,191.63,191.35,191.37,84.02,16085.5218
1787372400000,2026-08-22T04:20:00Z,191.37,191.67,191.31,191.55,28.17,5393.7101
1787372700000,2026-08-22T04:25:00Z,191.55,191.87,191.55,191.76,27.91,5352.2536
1787373000000,2026-08-22T04:30:00Z,191.76,192.3,191.76,192.19,15.4,2958.6462
1787373300000,2026-08-22T04:35:00Z,192.19,192.43,192.19,192.43,39.87,7664.3803
1787373600000,2026-08-22T04:40:00Z,192.43,192.69,192.33,192.45,3.68,708.8317
1787373900000,2026-08-22T04:45:00Z,192.45,192.45,192.12,192.35,12.67,2435.7351
1787374200000,2026-08-22T04:50:00Z,192.35,192.35,192.18,192.27,2.48,476.6637
1787374500000,2026-08-22T04:55:00Z,192.27,192.37,192.14,192.22,23.86,4586.5253
1787374800000,2026-08-22T05:00:00Z,192.22,192.28,192.17,192.28,8.2,1575.9888
1787375100000,2026-08-22T05:05:00Z,192.28,192.29,190.8,190.81,196.27,37587.2199
1787375400000,2026-08-22T05:10:00Z,190.81,190.97,183.02,186.76,3427.94,636159.5912
1787375700000,2026-08-22T05:15:00Z,186.76,189.01,183.82,185.38,3104.08,577388.4823
1787376000000,2026-08-22T05:20:00Z,185.38,186.95,185.18,186.57,871.26,162241.6501
1787376300000,2026-08-22T05:25:00Z,186.57,187.67,186.52,187.2,400.79,75020.2249
1787376600000,2026-08-22T05:30:00Z,187.2,187.35,186.31,187.06,255.26,47723.8498
1787376900000,2026-08-22T05:35:00Z,187.06,187.77,186.83,186.85,239.44,44878.8288
1787377200000,2026-08-22T05:40:00Z,186.85,187.13,186.38,186.92,271.94,50780.4174
1787377500000,2026-08-22T05:45:00Z,186.92,187.82,186.84,187.7,1002.6,187995.3352
1787377800000,2026-08-22T05:50:00Z,187.7,187.7,187.12,187.33,352.57,66055.5993
1787378100000,2026-08-22T05:55:00Z,187.33,187.52,187.14,187.27,158.4,29674.3022
1787378400000,2026-08-22T06:00:00Z,187.27,187.73,187.1,187.71,183.9,34476.7119
1787378700000,2026-08-22T06:05:00Z,187.71,187.71,186.77,187.3,739.57,138367.3598
1787379000000,2026-08-22T06:10:00Z,187.3,187.51,187.1,187.21,85.28,15972.2826
1787379300000,2026-08-22T06:15:00Z,187.21,187.51,187.14,187.31,61.1,11441.1464
1787379600000,2026-08-22T06:20:00Z,187.31,187.71,187.26,187.55,85.92,16104.8692
1787379900000,2026-08-22T06:25:00Z,187.55,187.64,187.24,187.3,65.61,12296.3632
1787380200000,2026-08-22T06:30:00Z,187.3,187.32,186.7,186.95,83.68,15645.6366
1787380500000,2026-08-22T06:35:00Z,186.95,187.75,186.94,187.7,73.82,13839.6392
1787380800000,2026-08-22T06:40:00Z,187.7,187.86,187.51,187.55,63.69,11953.5133
1787381100000,2026-08-22T06:45:00Z,187.55,187.82,187.49,187.7,46.37,8701.6103
1787381400000,2026-08-22T06:50:00Z,187.7,187.83,187.55,187.72,74.26,13939.9817
1787381700000,2026-08-22T06:55:00Z,187.72,187.82,187.61,187.75,52.21,9799.2955
1787382000000,2026-08-22T07:00:00Z,187.75,187.94,187.53,187.84,342.21,64258.5127
1787382300000,2026-08-22T07:05:00Z,187.84,187.94,187.71,187.82,166.74,31318.5153
1787382600000,2026-08-22T07:10:00Z,187.82,187.89,187.51,187.84,232.68,43677.6469
1787382900000,2026-08-22T07:15:00Z,187.84,187.84,187.36,187.44,43.26,8114.2776
1787383200000,2026-08-22T07:20:00Z,187.44,187.94,187.44,187.93,34.38,6453.8913
1787383500000,2026-08-22T07:25:00Z,187.93,187.94,187.72,187.89,59.53,11182.9034
1787383800000,2026-08-22T07:30:00Z,187.89,187.97,187.71,187.96,59.46,11170.2505
1787384100000,2026-08-22T07:35:00Z,187.96,187.96,187.72,187.74,8.25,1549.4621
1787384400000,2026-08-22T07:40:00Z,187.74,187.89,187.67,187.73,25.67,4822.2578
1787384700000,2026-08-22T07:45:00Z,187.73,187.93,187.68,187.69,81.36,15282.0261
1787385000000,2026-08-22T07:50:00Z,187.69,187.69,187.54,187.65,3.29,617.1211
1787385300000,2026-08-22T07:55:00Z,187.65,187.65,187.54,187.56,1.43,268.2008
1787385600000,2026-08-22T08:00:00Z,187.56,187.72,187.46,187.46,53.37,10012.2299
1787385900000,2026-08-22T08:05:00Z,187.46,187.52,187.23,187.23,14.84,2780.8055
1787386200000,2026-08-22T08:10:00Z,187.23,187.51,187.22,187.43,8.09,1515.8071
1787386500000,2026-08-22T08:15:00Z,187.43,187.43,187.11,187.15,4.63,866.3696
1787386800000,2026-08-22T08:20:00Z,187.15,187.15,186.93,186.96,4.21,786.9804
1787387100000,2026-08-22T08:25:00Z,186.96,186.96,186.51,186.66,13.42,2504.6221
1787387400000,2026-08-22T08:30:00Z,186.66,186.66,186.24,186.37,94.57,17631.838
1787387700000,2026-08-22T08:35:00Z,186.37,186.6,186.29,186.45,60.41,11263.3759
1787388000000,2026-08-22T08:40:00Z,186.45,186.9,186.28,186.77,50.5,9416.6675
1787388300000,2026-08-22T08:45:00Z,186.77,186.77,186.35,186.62,17.38,3241.0177
1787388600000,2026-08-22T08:50:00Z,186.62,186.62,186.37,186.39,6.75,1258.3851
1787388900000,2026-08-22T08:55:00Z,186.39,186.51,186.31,186.37,25.42,4737.7321
1787389200000,2026-08-22T09:00:00Z,186.37,186.42,185.91,186.01,91.16,16984.2686
1787389500000,2026-08-22T09:05:00Z,186.01,186.53,186.01,186.53,1.77,329.7663
1787389800000,2026-08-22T09:10:00Z,186.53,186.68,186.53,186.68,0.62,115.7416
1787390100000,2026-08-22T09:15:00Z,186.68,186.77,186.59,186.77,0.19,35.4701
1787390400000,2026-08-22T09:20:00Z,186.77,186.77,186.52,186.53,1.47,274.2098
1787390700000,2026-08-22T09:25:00Z,186.53,186.53,186.35,186.35,0.1,18.635
1787391000000,2026-08-22T09:30:00Z,186.35,186.4,186.3,186.3,1.21,225.4505
1787391300000,2026-08-22T09:35:00Z,186.3,186.37,186.07,186.23,75.05,13981.294
1787391600000,2026-08-22T09:40:00Z,186.23,186.45,186.23,186.45,22.64,4217.8238
1787391900000,2026-08-22T09:45:00Z,186.45,186.45,185.93,186.01,14.66,2727.7816
1787392200000,2026-08-22T09:50:00Z,186.01,186.13,185.88,186.13,20.94,3894.45
1787392500000,2026-08-22T09:55:00Z,186.13,186.13,185.95,185.95,12.07,2244.4542
1787392800000,2026-08-22T10:00:00Z,185.95,186.07,185.72,186.02,70.44,13094.4598
1787393100000,2026-08-22T10:05:00Z,186.02,186.02,185.63,185.63,28.2,5238.5079
1787393400000,2026-08-22T10:10:00Z,185.63,185.83,185.2,185.2,49.91,9256.0915
1787393700000,2026-08-22T10:15:00Z,185.2,185.34,185,185,25.28,4681.2813
1787394000000,2026-08-22T10:20:00Z,185,185.22,184.75,184.92,51.37,9501.4167
1787394300000,2026-08-22T10:25:00Z,184.92,185.27,184.72,185.19,171.53,31711.4005
1787394600000,2026-08-22T10:30:00Z,185.19,185.26,185.03,185.11,19.66,3638.8865
1787394900000,2026-08-22T10:35:00Z,185.11,185.49,185.11,185.47,7.54,1397.9416
1787395200000,2026-08-22T10:40:00Z,185.47,185.56,185.44,185.44,4.93,914.5091
1787395500000,2026-08-22T10:45:00Z,185.44,185.44,185.32,185.36,0.44,81.5474
1787395800000,2026-08-22T10:50:00Z,185.36,185.36,185.36,185.36,0,0
1787396100000,2026-08-22T10:55:00Z,185.36,185.36,185.02,185.25,2.8,518.3903
1787396400000,2026-08-22T11:00:00Z,185.25,185.25,184.76,184.77,6.25,1155.6622
1787396700000,2026-08-22T11:05:00Z,184.77,184.93,184.77,184.93,2.27,419.7305
1787397000000,2026-08-22T11:10:00Z,184.93,184.97,184.71,184.71,31.67,5854.9646
1787397300000,2026-08-22T11:15:00Z,184.71,184.83,184.64,184.65,12.59,2325.6401
1787397600000,2026-08-22T11:20:00Z,184.65,184.87,184.62,184.62,2.54,469.2362
1787397900000,2026-08-22T11:25:00Z,184.62,185.1,184.62,184.85,91.21,16867.9932
1787398200000,2026-08-22T11:30:00Z,184.85,185.06,184.74,184.99,14.42,2665.8188
1787398500000,2026-08-22T11:35:00Z,184.99,185.23,184.94,185.21,17.3,3203.445
1787398800000,2026-08-22T11:40:00Z,185.21,185.29,185.16,185.25,3.87,716.8753
1787399100000,2026-08-22T11:45:00Z,185.25,185.25,185.2,185.2,1.33,246.3492
1787399400000,2026-08-22T11:50:00Z,185.2,185.2,184.99,185.13,12.14,2247.1141
1787399700000,2026-08-22T11:55:00Z,185.13,185.26,185.13,185.23,11.61,2149.8732
1787400000000,2026-08-22T12:00:00Z,185.23,185.47,185.13,185.14,29.22,5413.1158
1787400300000,2026-08-22T12:05:00Z,185.14,185.49,185.14,185.49,26.34,4883.6906
1787400600000,2026-08-22T12:10:00Z,185.49,185.7,185.44,185.54,122.77,22784.7694
1787400900000,2026-08-22T12:15:00Z,185.54,185.57,185.44,185.54,4.56,845.9784
1787401200000,2026-08-22T12:20:00Z,185.54,185.79,185.54,185.6,36.01,6686.8865
1787401500000,2026-08-22T12:25:00Z,185.6,185.79,185.6,185.75,7.57,1405.7127
1787401800000,2026-08-22T12:30:00Z,185.75,185.85,185.66,185.66,15.24,2830.8222
1787402100000,2026-08-22T12:35:00Z,185.66,185.8,185.62,185.8,6.04,1121.3301
1787402400000,2026-08-22T12:40:00Z,185.8,185.96,185.76,185.79,22.22,4129.397
1787402700000,2026-08-22T12:45:00Z,185.79,185.89,185.76,185.84,15.18,2820.4781
1787403000000,2026-08-22T12:50:00Z,185.84,185.9,185.75,185.83,14.37,2670.4443
1787403300000,2026-08-22T12:55:00Z,185.83,185.83,185.75,185.76,2.42,449.6005
1787403600000,2026-08-22T13:00:00Z,185.76,185.76,185.41,185.41,22.81,4234.4543
1787403900000,2026-08-22T13:05:00Z,185.41,185.6,185.39,185.6,5.35,992.6372
1787404200000,2026-08-22T13:10:00Z,185.6,185.67,185.6,185.67,1.48,274.7916
1787404500000,2026-08-22T13:15:00Z,185.67,185.67,185.34,185.43,3.51,650.6846
1787404800000,2026-08-22T13:20:00Z,185.43,185.43,185.43,185.43,0,0
1787405100000,2026-08-22T13:25:00Z,185.43,185.52,185.32,185.4,7.22,1338.6347
1787405400000,2026-08-22T13:30:00Z,185.4,185.54,185.32,185.38,7.91,1466.3367
1787405700000,2026-08-22T13:35:00Z,185.38,185.41,185.36,185.41,11.93,2211.8339
1787406000000,2026-08-22T13:40:00Z,185.41,185.41,185.32,185.36,22.91,4247.6376
1787406300000,2026-08-22T13:45:00Z,185.36,185.74,185.35,185.6,13.6,2524.7039
1787406600000,2026-08-22T13:50:00Z,185.6,185.76,185.54,185.69,6.84,1269.9155
1787406900000,2026-08-22T13:55:00Z,185.69,185.72,185.63,185.66,11.11,2062.8814
1787407200000,2026-08-22T14:00:00Z,185.66,185.7,185.49,185.49,1.9,352.6314
1787407500000,2026-08-22T14:05:00Z,185.49,185.52,185.09,185.26,42.12,7800.1304
1787407800000,2026-08-22T14:10:00Z,185.26,185.26,185.07,185.07,2.09,386.9981
1787408100000,2026-08-22T14:15:00Z,185.07,185.07,184.97,185.03,1.54,284.9538
1787408400000,2026-08-22T14:20:00Z,185.03,185.06,185,185.01,2.36,436.6826
1787408700000,2026-08-22T14:25:00Z,185.01,185.12,185.01,185.12,2.62,485.0072
1787409000000,2026-08-22T14:30:00Z,185.12,185.12,185.01,185.09,22.15,4098.0053
1787409300000,2026-08-22T14:35:00Z,185.09,185.09,185.02,185.02,0.31,57.3586
1787409600000,2026-08-22T14:40:00Z,185.02,185.12,184.91,184.94,3.67,678.8924
1787409900000,2026-08-22T14:45:00Z,184.94,184.98,184.88,184.88,0.42,77.6756
1787410200000,2026-08-22T14:50:00Z,184.88,185.02,184.83,184.83,6.56,1212.9476
1787410500000,2026-08-22T14:55:00Z,184.83,184.99,184.83,184.99,0.39,72.1111
1787410800000,2026-08-22T15:00:00Z,184.99,185.08,184.93,185.01,1.54,284.8626
1787411100000,2026-08-22T15:05:00Z,185.01,185.04,184.85,184.85,6.42,1187.6865
1787411400000,2026-08-22T15:10:00Z,184.85,184.88,184.8,184.8,0.8,147.8806
1787411700000,2026-08-22T15:15:00Z,184.8,184.82,184.6,184.67,12.08,2230.4532
1787412000000,2026-08-22T15:20:00Z,184.67,184.83,184.64,184.83,2.29,422.9202
1787412300000,2026-08-22T15:25:00Z,184.83,184.83,184.72,184.81,1.02,188.4723
1787412600000,2026-08-22T15:30:00Z,184.81,185.13,184.73,185.13,18.04,3334.4705
1787412900000,2026-08-22T15:35:00Z,185.13,185.13,184.95,185.06,2.18,403.3332
1787413200000,2026-08-22T15:40:00Z,185.06,185.06,184.81,184.89,16.43,3038.2169
1787413500000,2026-08-22T15:45:00Z,184.89,184.96,184.89,184.9,5.93,1096.4714
1787413800000,2026-08-22T15:50:00Z,184.9,184.9,184.78,184.88,10.34,1911.0568
1787414100000,2026-08-22T15:55:00Z,184.88,184.88,184.76,184.76,0.6,110.856
1787414400000,2026-08-22T16:00:00Z,184.76,185.04,184.76,185,75.79,14021.4929
1787414700000,2026-08-22T16:05:00Z,185,185.01,185,185.01,0.31,57.3531
1787415000000,2026-08-22T16:10:00Z,185.01,185.14,184.96,184.96,4.59,849.0536
1787415300000,2026-08-22T16:15:00Z,184.96,185.28,184.96,185.28,0.24,44.4672
1787415600000,2026-08-22T16:20:00Z,185.28,185.41,185.28,185.32,10.5,1945.8652
1787415900000,2026-08-22T16:25:00Z,185.32,185.41,185.32,185.37,2.57,476.4937
1787416200000,2026-08-22T16:30:00Z,185.37,185.37,185.32,185.37,47.03,8716.4236
1787416500000,2026-08-22T16:35:00Z,185.37,185.56,185.37,185.56,0.79,146.5699
1787416800000,2026-08-22T16:40:00Z,185.56,186.03,185.56,185.77,52.39,9738.6003
1787417100000,2026-08-22T16:45:00Z,185.77,186.23,185.77,186.1,18.13,3374.106
1787417400000,2026-08-22T16:50:00Z,186.1,186.1,185.86,185.86,3.33,619.1225
1787417700000,2026-08-22T16:55:00Z,185.86,185.97,185.86,185.97,0.47,87.3907
1787418000000,2026-08-22T17:00:00Z,185.97,185.97,185.97,185.97,0,0
1787418300000,2026-08-22T17:05:00Z,185.97,185.97,185.69,185.69,14.35,2666.6006
1787418600000,2026-08-22T17:10:00Z,185.69,185.76,185.69,185.7,4.83,896.9371
1787418900000,2026-08-22T17:15:00Z,185.7,185.75,185.7,185.75,0.3,55.7238
1787419200000,2026-08-22T17:20:00Z,185.75,185.75,185.6,185.61,8.04,1492.5639
1787419500000,2026-08-22T17:25:00Z,185.61,185.64,185.26,185.4,22.53,4177.4832
1787419800000,2026-08-22T17:30:00Z,185.4,185.46,185.4,185.46,0.78,144.648
1787420100000,2026-08-22T17:35:00Z,185.46,185.46,185.42,185.42,0.06,11.1252
1787420400000,2026-08-22T17:40:00Z,185.42,185.42,185.21,185.27,11.47,2124.4252
1787420700000,2026-08-22T17:45:00Z,185.27,185.51,185.27,185.51,5.82,1079.4401
1787421000000,2026-08-22T17:50:00Z,185.51,185.51,185.24,185.24,25.23,4676.2769
1787421300000,2026-08-22T17:55:00Z,185.24,185.31,185.24,185.31,0.32,59.2992
1787421600000,2026-08-22T18:00:00Z,185.31,185.4,185.31,185.4,0.06,11.124
1787421900000,2026-08-22T18:05:00Z,185.4,185.44,185.35,185.35,1.74,322.6307
1787422200000,2026-08-22T18:10:00Z,185.35,185.35,185.1,185.13,4.24,784.8626
1787422500000,2026-08-22T18:15:00Z,185.13,185.13,185.13,185.13,0,0
1787422800000,2026-08-22T18:20:00Z,185.13,185.25,185.13,185.18,0.5,92.6075
1787423100000,2026-08-22T18:25:00Z,185.18,185.23,185.18,185.23,2.58,477.8934
1787423400000,2026-08-22T18:30:00Z,185.23,185.23,185.11,185.11,0.25,46.2775
1787423700000,2026-08-22T18:35:00Z,185.11,185.17,185.03,185.03,3.24,599.7694
1787424000000,2026-08-22T18:40:00Z,185.03,185.05,185.03,185.05,1.04,192.4412
1787424300000,2026-08-22T18:45:00Z,185.05,185.05,185.01,185.04,1.67,308.9792
1787424600000,2026-08-22T18:50:00Z,185.04,185.04,184.93,184.97,3.98,736.1731
1787424900000,2026-08-22T18:55:00Z,184.97,185.12,184.96,184.97,4.39,812.2045
1787425200000,2026-08-22T19:00:00Z,184.97,185.03,184.97,184.99,2.75,508.7544
1787425500000,2026-08-22T19:05:00Z,184.99,184.99,184.86,184.86,3.62,669.388
1787425800000,2026-08-22T19:10:00Z,184.86,185.05,184.86,185.05,3.87,715.9425
1787426100000,2026-08-22T19:15:00Z,185.05,185.05,185.05,185.05,0,0
1787426400000,2026-08-22T19:20:00Z,185.05,185.05,184.95,184.95,0.5,92.485
1787426700000,2026-08-22T19:25:00Z,184.95,185.07,184.95,185.07,0.24,44.4168
1787427000000,2026-08-22T19:30:00Z,185.07,185.08,185.07,185.08,0.14,25.9112
1787427300000,2026-08-22T19:35:00Z,185.08,185.1,185.08,185.09,1.02,188.7958
1787427600000,2026-08-22T19:40:00Z,185.09,185.22,185.09,185.22,8.96,1659.4708
1787427900000,2026-08-22T19:45:00Z,185.22,185.38,185.22,185.38,0.55,101.8978
1787428200000,2026-08-22T19:50:00Z,185.38,185.56,185.38,185.56,0.6,111.327
1787428500000,2026-08-22T19:55:00Z,185.56,185.59,185.55,185.55,0.68,126.182
1787428800000,2026-08-22T20:00:00Z,185.55,185.55,185.55,185.55,0,0
1787429100000,2026-08-22T20:05:00Z,185.55,185.55,185.31,185.31,0.06,11.1186
1787429400000,2026-08-22T20:10:00Z,185.31,185.53,185.31,185.42,0.86,159.5085
1787429700000,2026-08-22T20:15:00Z,185.42,185.52,185.3,185.31,2.08,385.4809
1787430000000,2026-08-22T20:20:00Z,185.31,185.31,185.27,185.27,0.1,18.527
1787430300000,2026-08-22T20:25:00Z,185.27,185.27,185.21,185.21,8.39,1553.9163
1787430600000,2026-08-22T20:30:00Z,185.21,185.21,185.13,185.13,1.57,290.7003
1787430900000,2026-08-22T20:35:00Z,185.13,185.2,185.11,185.2,7.19,1331.3649
1787431200000,2026-08-22T20:40:00Z,185.2,185.25,185.06,185.17,12.98,2403.3266
1787431500000,2026-08-22T20:45:00Z,185.17,185.21,185.15,185.21,2.8,518.5228
1787431800000,2026-08-22T20:50:00Z,185.21,185.25,185.21,185.23,0.12,22.2288
1787432100000,2026-08-22T20:55:00Z,185.23,185.23,185.08,185.11,1.74,322.0638
1787432400000,2026-08-22T21:00:00Z,185.11,185.11,184.57,184.57,21.7,4006.6835
1787432700000,2026-08-22T21:05:00Z,184.57,184.74,184.57,184.72,1.5,277.0186
1787433000000,2026-08-22T21:10:00Z,184.72,184.77,184.28,184.46,48.36,8922.4739
1787433300000,2026-08-22T21:15:00Z,184.46,184.59,184.46,184.59,2.2,406.0196
1787433600000,2026-08-22T21:20:00Z,184.59,184.65,184.59,184.65,0.04,7.386
1787433900000,2026-08-22T21:25:00Z,184.65,184.94,184.65,184.84,8.8,1626.6879
1787434200000,2026-08-22T21:30:00Z,184.84,184.84,184.57,184.62,4.33,799.3517
1787434500000,2026-08-22T21:35:00Z,184.62,184.62,184.36,184.41,3.39,625.3762
1787434800000,2026-08-22T21:40:00Z,184.41,184.58,184.39,184.49,39.84,7349.0797
1787435100000,2026-08-22T21:45:00Z,184.49,184.49,184.42,184.47,2.31,426.1182
1787435400000,2026-08-22T21:50:00Z,184.47,184.47,184.35,184.35,6.57,1211.5044
1787435700000,2026-08-22T21:55:00Z,184.35,184.39,184.2,184.32,14.96,2757.0292
1787436000000,2026-08-22T22:00:00Z,184.32,184.32,184.1,184.21,18.1,3333.9234
1787436300000,2026-08-22T22:05:00Z,184.21,184.21,184.21,184.21,0,0
1787436600000,2026-08-22T22:10:00Z,184.21,184.63,184.21,184.63,4.05,747.7515
1787436900000,2026-08-22T22:15:00Z,184.63,184.63,184.63,184.63,0,0
1787437200000,2026-08-22T22:20:00Z,184.63,184.63,184.52,184.52,1.08,199.2816
1787437500000,2026-08-22T22:25:00Z,184.52,184.72,184.52,184.72,2.91,537.4675
1787437800000,2026-08-22T22:30:00Z,184.72,184.72,184.34,184.34,29.2,5385.1863
1787438100000,2026-08-22T22:35:00Z,184.34,184.53,184.34,184.44,10.84,1999.9161
1787438400000,2026-08-22T22:40:00Z,184.44,184.51,184.44,184.49,1.23,226.9441
1787438700000,2026-08-22T22:45:00Z,184.49,184.6,184.49,184.56,5.18,955.809
1787439000000,2026-08-22T22:50:00Z,184.56,184.64,184.56,184.62,0.75,138.47
1787439300000,2026-08-22T22:55:00Z,184.62,184.62,184.52,184.52,3.7,682.9282
1787439600000,2026-08-22T23:00:00Z,184.52,184.52,184.41,184.41,0.76,140.154
1787439900000,2026-08-22T23:05:00Z,184.41,184.51,184.41,184.51,0.25,46.1275
1787440200000,2026-08-22T23:10:00Z,184.51,184.66,184.35,184.39,7.29,1345.4693
1787440500000,2026-08-22T23:15:00Z,184.39,184.46,184.39,184.46,0.5,92.23
1787440800000,2026-08-22T23:20:00Z,184.46,184.67,184.46,184.67,0.86,158.8111
1787441100000,2026-08-22T23:25:00Z,184.67,184.71,184.55,184.55,1.25,230.7375
1787441400000,2026-08-22T23:30:00Z,184.55,184.55,184.55,184.55,0,0
1787441700000,2026-08-22T23:35:00Z,184.55,184.79,184.55,184.78,6.84,1263.0791
1787442000000,2026-08-22T23:40:00Z,184.78,184.78,184.78,184.78,0,0
1787442300000,2026-08-22T23:45:00Z,184.78,184.91,184.78,184.91,9.06,1674.9842
1787442600000,2026-08-22T23:50:00Z,184.91,185.19,184.91,185.07,23.28,4308.8706
1787442900000,2026-08-22T23:55:00Z,185.07,185.09,185.01,185.03,1.6,296.0925
1787443200000,2026-08-23T00:00:00Z,185.03,185.26,185.03,185.26,9.23,1708.5099
1787443500000,2026-08-23T00:05:00Z,185.26,185.26,185.15,185.15,1.1,203.6878
1787443800000,2026-08-23T00:10:00Z,185.15,185.15,184.87,184.91,2.2,406.8004
1787444100000,2026-08-23T00:15:00Z,184.91,185.19,184.91,185.19,4.11,760.6796
1787444400000,2026-08-23T00:20:00Z,185.19,185.43,185.19,185.36,6.58,1219.3798
1787444700000,2026-08-23T00:25:00Z,185.36,185.49,185.36,185.44,8.48,1572.814
1787445000000,2026-08-23T00:30:00Z,185.44,185.62,185.44,185.47,29.64,5498.8365
1787445300000,2026-08-23T00:35:00Z,185.47,186.2,185.47,185.76,200.46,37248.9031
1787445600000,2026-08-23T00:40:00Z,185.76,185.97,185.66,185.74,29.16,5419.4581
1787445900000,2026-08-23T00:45:00Z,185.74,185.86,185.71,185.86,7.67,1424.8062
1787446200000,2026-08-23T00:50:00Z,185.86,185.9,185.77,185.9,2.8,520.4552
1787446500000,2026-08-23T00:55:00Z,185.9,185.9,185.83,185.85,16.29,3027.8185
1787446800000,2026-08-23T01:00:00Z,185.85,185.85,185.67,185.73,3.18,590.5557
1787447100000,2026-08-23T01:05:00Z,185.73,185.82,185.69,185.77,5,928.7452
1787447400000,2026-08-23T01:10:00Z,185.77,186.08,185.77,186.06,27.46,5106.8259
1787447700000,2026-08-23T01:15:00Z,186.06,186.06,186.06,186.06,0,0
1787448000000,2026-08-23T01:20:00Z,186.06,186.06,185.86,185.86,6.32,1174.8534
1787448300000,2026-08-23T01:25:00Z,185.86,185.88,185.81,185.85,4.11,763.8449
1787448600000,2026-08-23T01:30:00Z,185.85,185.89,185.76,185.81,27.24,5061.5898
1787448900000,2026-08-23T01:35:00Z,185.81,185.91,185.78,185.84,118.78,22069.5317
1787449200000,2026-08-23T01:40:00Z,185.84,185.84,185.76,185.78,0.07,13.004
1787449500000,2026-08-23T01:45:00Z,185.78,186.05,185.78,186.05,5.58,1037.821
1787449800000,2026-08-23T01:50:00Z,186.05,186.05,185.86,185.86,6.53,1213.8956
1787450100000,2026-08-23T01:55:00Z,185.86,185.92,185.74,185.74,1.47,273.192
1787450400000,2026-08-23T02:00:00Z,185.74,185.82,185.74,185.82,0.75,139.365
1787450700000,2026-08-23T02:05:00Z,185.82,185.86,185.75,185.86,4.71,875.3277
1787451000000,2026-08-23T02:10:00Z,185.86,185.86,185.47,185.52,13.13,2435.8111
1787451300000,2026-08-23T02:15:00Z,185.52,185.67,185.52,185.59,0.53,98.3793
1787451600000,2026-08-23T02:20:00Z,185.59,185.63,185.42,185.42,3.29,610.0891
1787451900000,2026-08-23T02:25:00Z,185.42,185.65,185.42,185.43,3.83,710.4186
1787452200000,2026-08-23T02:30:00Z,185.43,185.87,185.43,185.87,2.23,414.3534
1787452500000,2026-08-23T02:35:00Z,185.87,185.87,185.77,185.81,22.91,4256.7781
1787452800000,2026-08-23T02:40:00Z,185.81,185.85,185.7,185.73,2.25,417.9524
1787453100000,2026-08-23T02:45:00Z,185.73,185.77,185.69,185.69,1.5,278.575
1787453400000,2026-08-23T02:50:00Z,185.69,186.06,185.62,185.7,49.21,9148.3853
1787453700000,2026-08-23T02:55:00Z,185.7,185.7,185.7,185.7,0,0
1787454000000,2026-08-23T03:00:00Z,185.7,185.7,185.63,185.65,0.99,183.7837
1787454300000,2026-08-23T03:05:00Z,185.65,185.65,185.44,185.49,1.84,341.2716
1787454600000,2026-08-23T03:10:00Z,185.49,185.56,185.49,185.56,2.25,417.51
1787454900000,2026-08-23T03:15:00Z,185.56,185.61,185.56,185.61,0.25,46.4025
1787455200000,2026-08-23T03:20:00Z,185.61,185.67,185.61,185.67,0.5,92.835
1787455500000,2026-08-23T03:25:00Z,185.67,185.67,185.67,185.67,0,0
1787455800000,2026-08-23T03:30:00Z,185.67,185.67,185.43,185.43,0.82,152.0636
1787456100000,2026-08-23T03:35:00Z,185.43,185.43,185.25,185.25,3,555.75
1787456400000,2026-08-23T03:40:00Z,185.25,185.3,185.17,185.29,14.4,2666.9356
1787456700000,2026-08-23T03:45:00Z,185.29,185.37,185.15,185.35,16.86,3123.8653
1787457000000,2026-08-23T03:50:00Z,185.35,185.35,185.15,185.15,2.96,548.1614
1787457300000,2026-08-23T03:55:00Z,185.15,185.31,185.15,185.15,2.15,398.2803
1787457600000,2026-08-23T04:00:00Z,185.15,185.28,185.15,185.28,1.06,196.3118
1787457900000,2026-08-23T04:05:00Z,185.28,185.28,184.87,184.98,16.98,3140.8124
1787458200000,2026-08-23T04:10:00Z,184.98,185.56,184.98,185.56,77.92,14438.07
1787458500000,2026-08-23T04:15:00Z,185.56,185.56,185.17,185.17,10.55,1954.8871
1787458800000,2026-08-23T04:20:00Z,185.17,185.17,184.91,184.91,3.44,636.1768
1787459100000,2026-08-23T04:25:00Z,184.91,184.98,184.91,184.97,0.46,85.0886
1787459400000,2026-08-23T04:30:00Z,184.97,185.16,184.87,184.87,6.03,1115.3866
1787459700000,2026-08-23T04:35:00Z,184.87,184.87,184.8,184.81,2.09,386.2454
1787460000000,2026-08-23T04:40:00Z,184.81,184.81,184.81,184.81,0,0
1787460300000,2026-08-23T04:45:00Z,184.81,184.81,183.88,184.17,98.83,18208.872
1787460600000,2026-08-23T04:50:00Z,184.17,184.22,183.96,184.14,6.82,1255.778
1787460900000,2026-08-23T04:55:00Z,184.14,184.2,183.87,183.97,112.55,20728.0769
1787461200000,2026-08-23T05:00:00Z,183.97,184.06,183.58,183.75,54.24,9967.4971
1787461500000,2026-08-23T05:05:00Z,183.75,183.81,183.05,183.25,90.93,16676.0269
1787461800000,2026-08-23T05:10:00Z,183.25,183.27,182.59,182.64,38.11,6970.7902
1787462100000,2026-08-23T05:15:00Z,182.64,182.81,181.62,182.8,231.04,42109.3278
1787462400000,2026-08-23T05:20:00Z,182.8,183.3,182.79,183.15,32.47,5944.3367
1787462700000,2026-08-23T05:25:00Z,183.15,183.56,183.06,183.26,17.46,3200.8248
1787463000000,2026-08-23T05:30:00Z,183.26,183.39,183.17,183.23,30.81,5647.6852
1787463300000,2026-08-23T05:35:00Z,183.23,183.33,183.06,183.06,14.93,2736.1537
1787463600000,2026-08-23T05:40:00Z,183.06,183.18,182.9,182.94,37.71,6903.2389
1787463900000,2026-08-23T05:45:00Z,182.94,183.07,182.94,183.03,7.81,1429.2
1787464200000,2026-08-23T05:50:00Z,183.03,183.14,182.77,182.84,18.02,3296.6529
1787464500000,2026-08-23T05:55:00Z,182.84,182.97,182.84,182.96,0.88,161.0064
1787464800000,2026-08-23T06:00:00Z,182.96,182.96,182.63,182.88,21.24,3883.6509
1787465100000,2026-08-23T06:05:00Z,182.88,182.88,182.61,182.62,1.3,237.4018
1787465400000,2026-08-23T06:10:00Z,182.62,182.86,177.96,180.27,1534.98,275876.8596
1787465700000,2026-08-23T06:15:00Z,180.27,181.59,180.19,181.59,459.83,83217.7054
1787466000000,2026-08-23T06:20:00Z,181.59,181.76,181.49,181.53,254.39,46204.7341
1787466300000,2026-08-23T06:25:00Z,181.53,181.55,181.28,181.47,54.56,9898.6549
1787466600000,2026-08-23T06:30:00Z,181.47,181.81,181.35,181.81,45.81,8320.5338
1787466900000,2026-08-23T06:35:00Z,181.81,181.81,181.29,181.38,249.67,45300.6425
1787467200000,2026-08-23T06:40:00Z,181.38,181.71,181.36,181.5,94.88,17229.6907
1787467500000,2026-08-23T06:45:00Z,181.5,181.67,181.27,181.35,131.62,23889.9273
1787467800000,2026-08-23T06:50:00Z,181.35,181.57,181.35,181.48,97.96,17774.3388
1787468100000,2026-08-23T06:55:00Z,181.48,181.51,181.08,181.46,194.56,35271.2961
1787468400000,2026-08-23T07:00:00Z,181.46,181.57,181.21,181.51,197.06,35742.8481
1787468700000,2026-08-23T07:05:00Z,181.51,181.73,181.45,181.59,120.85,21949.9412
1787469000000,2026-08-23T07:10:00Z,181.59,181.84,181.59,181.83,126.95,23072.518
1787469300000,2026-08-23T07:15:00Z,181.83,182.02,181.79,181.97,181.83,33078.4058
1787469600000,2026-08-23T07:20:00Z,181.97,181.97,181.69,181.81,122.28,22228.7877
1787469900000,2026-08-23T07:25:00Z,181.81,182.02,181.71,181.87,171.47,31176.4737
1787470200000,2026-08-23T07:30:00Z,181.87,181.89,181.53,181.53,139.27,25306.7803
1787470500000,2026-08-23T07:35:00Z,181.53,181.73,181.47,181.59,192.87,35032.0372
1787470800000,2026-08-23T07:40:00Z,181.59,181.6,181.4,181.47,53.61,9730.2739
1787471100000,2026-08-23T07:45:00Z,181.47,181.64,181.28,181.49,83.26,15103.6756
1787471400000,2026-08-23T07:50:00Z,181.49,181.67,181.43,181.43,59.89,10876.5061
1787471700000,2026-08-23T07:55:00Z,181.43,181.51,181.3,181.44,171.26,31064.3011
1787472000000,2026-08-23T08:00:00Z,181.44,181.67,181.32,181.44,121.27,22015.3003
1787472300000,2026-08-23T08:05:00Z,181.44,181.93,181.41,181.87,39.64,7206.3332
1787472600000,2026-08-23T08:10:00Z,181.87,181.97,181.77,181.77,6.98,1269.1292
1787472900000,2026-08-23T08:15:00Z,181.77,181.91,181.73,181.83,4.82,876.6971
1787473200000,2026-08-23T08:20:00Z,181.83,181.83,181.77,181.79,5.34,970.7039
1787473500000,2026-08-23T08:25:00Z,181.79,181.79,181.7,181.74,17.15,3116.8688
1787473800000,2026-08-23T08:30:00Z,181.74,181.91,181.74,181.86,6.77,1231.1173
1787474100000,2026-08-23T08:35:00Z,181.86,182.34,181.86,182.26,128.87,23475.3106
1787474400000,2026-08-23T08:40:00Z,182.26,183,182.2,182.55,207.74,37930.1977
1787474700000,2026-08-23T08:45:00Z,182.55,182.79,182.42,182.54,15.81,2885.8512
1787475000000,2026-08-23T08:50:00Z,182.54,182.66,182.49,182.5,95.12,17363.8053
1787475300000,2026-08-23T08:55:00Z,182.5,182.5,182.32,182.42,6.93,1263.9109
1787475600000,2026-08-23T09:00:00Z,182.42,182.71,182.41,182.71,19.88,3629.0105
1787475900000,2026-08-23T09:05:00Z,182.71,182.81,182.65,182.81,6.36,1162.2965
1787476200000,2026-08-23T09:10:00Z,182.81,182.94,182.81,182.84,21.63,3955.7834
1787476500000,2026-08-23T09:15:00Z,182.84,182.87,182.69,182.73,6.33,1157.1001
1787476800000,2026-08-23T09:20:00Z,182.73,182.8,182.63,182.77,27.82,5084.0418
1787477100000,2026-08-23T09:25:00Z,182.77,182.88,182.7,182.88,5.23,956.1406
1787477400000,2026-08-23T09:30:00Z,182.88,182.88,182.68,182.77,19.88,3633.4074
1787477700000,2026-08-23T09:35:00Z,182.77,182.89,182.72,182.89,22.53,4118.3195
1787478000000,2026-08-23T09:40:00Z,182.89,182.95,182.89,182.95,25.04,4580.2689
1787478300000,2026-08-23T09:45:00Z,182.95,182.97,182.77,182.94,12.38,2264.0725
1787478600000,2026-08-23T09:50:00Z,182.94,183.02,182.92,182.92,37.52,6864.3223
1787478900000,2026-08-23T09:55:00Z,182.92,183.01,182.9,182.95,54.29,9932.2928
1787479200000,2026-08-23T10:00:00Z,182.95,182.99,182.9,182.94,63.02,11528.9991
1787479500000,2026-08-23T10:05:00Z,182.94,183.31,182.91,183.24,66.99,12260.3831
1787479800000,2026-08-23T10:10:00Z,183.24,183.38,183.24,183.3,18.11,3319.7157
1787480100000,2026-08-23T10:15:00Z,183.3,183.4,183.23,183.39,19.46,3567.3725
1787480400000,2026-08-23T10:20:00Z,183.39,183.78,183.33,183.61,430.7,79052.2377
1787480700000,2026-08-23T10:25:00Z,183.61,183.79,183.42,183.49,105.43,19357.2056
1787481000000,2026-08-23T10:30:00Z,183.49,183.73,183.43,183.71,158.41,29077.672
1787481300000,2026-08-23T10:35:00Z,183.71,183.81,183.67,183.7,62.46,11475.9561
1787481600000,2026-08-23T10:40:00Z,183.7,183.74,183.62,183.67,12.74,2339.9933
1787481900000,2026-08-23T10:45:00Z,183.67,183.83,183.67,183.82,24.91,4576.9725
1787482200000,2026-08-23T10:50:00Z,183.82,183.88,183.8,183.8,11.93,2193.2372
1787482500000,2026-08-23T10:55:00Z,183.8,183.83,183.73,183.73,102.24,18793.1447
1787482800000,2026-08-23T11:00:00Z,183.73,183.84,183.68,183.68,44.25,8128.978
1787483100000,2026-08-23T11:05:00Z,183.68,183.91,183.68,183.8,58.1,10680.3638
1787483400000,2026-08-23T11:10:00Z,183.8,183.91,183.8,183.91,0.75,137.9325
1787483700000,2026-08-23T11:15:00Z,183.91,184.09,183.86,183.99,29.16,5364.5107
1787484000000,2026-08-23T11:20:00Z,183.99,184.85,183.99,184.7,105.39,19441.0831
1787484300000,2026-08-23T11:25:00Z,184.7,184.86,184.68,184.74,17.07,3153.8533
1787484600000,2026-08-23T11:30:00Z,184.74,184.86,184.61,184.86,7.6,1404.0722
1787484900000,2026-08-23T11:35:00Z,184.86,185.17,184.83,185.17,36.9,6824.5476
1787485200000,2026-08-23T11:40:00Z,185.17,185.17,184.94,185,14.02,2593.6493
1787485500000,2026-08-23T11:45:00Z,185,185,184.9,184.9,5.91,1092.8462
1787485800000,2026-08-23T11:50:00Z,184.9,185.26,184.9,185.26,15.34,2839.1455
1787486100000,2026-08-23T11:55:00Z,185.26,185.26,185.01,185.14,4.65,860.6832
1787486400000,2026-08-23T12:00:00Z,185.14,185.14,184.95,184.95,34.93,6464.8183
1787486700000,2026-08-23T12:05:00Z,184.95,185.05,184.57,184.96,69.31,12811.7358
1787487000000,2026-08-23T12:10:00Z,184.96,184.96,184.79,184.9,15.38,2842.9521
1787487300000,2026-08-23T12:15:00Z,184.9,184.93,184.9,184.91,0.56,103.5596
1787487600000,2026-08-23T12:20:00Z,184.91,184.93,184.82,184.83,1.05,194.0775
1787487900000,2026-08-23T12:25:00Z,184.83,184.85,184.73,184.83,1.96,362.0994
1787488200000,2026-08-23T12:30:00Z,184.83,184.83,184.7,184.7,0.74,136.6924
1787488500000,2026-08-23T12:35:00Z,184.7,184.73,184.63,184.68,8.09,1493.8627
1787488800000,2026-08-23T12:40:00Z,184.68,185,184.68,184.97,14.26,2637.3484
1787489100000,2026-08-23T12:45:00Z,184.97,185.06,184.9,184.95,41.48,7673.1863
1787489400000,2026-08-23T12:50:00Z,184.95,184.95,184.83,184.91,10.5,1941.3668
1787489700000,2026-08-23T12:55:00Z,184.91,184.96,184.91,184.92,4.82,891.2969
1787490000000,2026-08-23T13:00:00Z,184.92,184.98,184.92,184.94,3.33,615.9219
1787490300000,2026-08-23T13:05:00Z,184.94,184.94,184.93,184.93,0.06,11.0958
1787490600000,2026-08-23T13:10:00Z,184.93,185.15,184.93,185.15,14.75,2729.4418
1787490900000,2026-08-23T13:15:00Z,185.15,186.09,185.13,185.83,112.35,20863.3161
1787491200000,2026-08-23T13:20:00Z,185.83,186.1,185.53,185.92,206.48,38372.1691
1787491500000,2026-08-23T13:25:00Z,185.92,186.03,185.7,185.8,38.4,7137.5438
1787491800000,2026-08-23T13:30:00Z,185.8,186.02,185.8,185.91,6.82,1267.9268
1787492100000,2026-08-23T13:35:00Z,185.91,186.19,185.81,186.16,14.5,2697.7671
1787492400000,2026-08-23T13:40:00Z,186.16,186.33,186.14,186.33,62.55,11649.4529
1787492700000,2026-08-23T13:45:00Z,186.33,186.33,186.14,186.21,11.69,2176.6311
1787493000000,2026-08-23T13:50:00Z,186.21,186.21,186.01,186.14,29.92,5566.5447
1787493300000,2026-08-23T13:55:00Z,186.14,186.19,186.12,186.13,136.24,25357.0723
1787493600000,2026-08-23T14:00:00Z,186.13,186.45,186.11,186.44,43.35,8075.3075
1787493900000,2026-08-23T14:05:00Z,186.44,186.44,185.92,185.95,57.67,10730.1858
1787494200000,2026-08-23T14:10:00Z,185.95,186.37,185.95,186.37,29.87,5564.2231
1787494500000,2026-08-23T14:15:00Z,186.37,186.43,186.22,186.36,151.03,28137.5701
1787494800000,2026-08-23T14:20:00Z,186.36,186.43,186.14,186.16,86.97,16200.6965
1787495100000,2026-08-23T14:25:00Z,186.16,186.29,186.14,186.2,15.31,2850.6732
1787495400000,2026-08-23T14:30:00Z,186.2,186.25,186.14,186.16,35.3,6572.4082
1787495700000,2026-08-23T14:35:00Z,186.16,186.29,186.16,186.17,3.63,676.0064
1787496000000,2026-08-23T14:40:00Z,186.17,186.23,184.37,185.24,391.63,72512.2142
1787496300000,2026-08-23T14:45:00Z,185.24,185.59,185.08,185.4,244.38,45308.7564
1787496600000,2026-08-23T14:50:00Z,185.4,185.69,185.35,185.69,8.42,1561.51
1787496900000,2026-08-23T14:55:00Z,185.69,185.69,185.23,185.37,13.83,2563.2676
1787497200000,2026-08-23T15:00:00Z,185.37,185.64,185.02,185.35,38.58,7148.42
1787497500000,2026-08-23T15:05:00Z,185.35,185.67,185.35,185.66,2.57,477.0406
1787497800000,2026-08-23T15:10:00Z,185.66,185.75,185.48,185.56,4.78,886.8047
1787498100000,2026-08-23T15:15:00Z,185.56,185.56,184.73,184.99,77.04,14252.9368
1787498400000,2026-08-23T15:20:00Z,184.99,185.56,184.91,185.42,14.14,2619.214
1787498700000,2026-08-23T15:25:00Z,185.42,185.58,185.32,185.32,8.07,1496.0787
1787499000000,2026-08-23T15:30:00Z,185.32,185.59,185.27,185.33,5.48,1015.717
1787499300000,2026-08-23T15:35:00Z,185.33,185.65,185.33,185.65,8.68,1610.6161
1787499600000,2026-08-23T15:40:00Z,185.65,185.85,185.6,185.85,6.23,1156.9679
1787499900000,2026-08-23T15:45:00Z,185.85,185.85,185.56,185.68,14.4,2672.3382
1787500200000,2026-08-23T15:50:00Z,185.68,185.72,185.47,185.51,6.31,1171.1331
1787500500000,2026-08-23T15:55:00Z,185.51,185.56,185.34,185.56,12.6,2336.7698
1787500800000,2026-08-23T16:00:00Z,185.56,185.71,185.46,185.71,24.21,4492.6626
1787501100000,2026-08-23T16:05:00Z,185.71,185.71,185.49,185.51,15.06,2794.3385
1787501400000,2026-08-23T16:10:00Z,185.51,185.61,185.49,185.5,10.59,1964.8061
1787501700000,2026-08-23T16:15:00Z,185.5,185.61,185.45,185.6,14.61,2710.179
1787502000000,2026-08-23T16:20:00Z,185.6,185.65,185.55,185.65,3.11,577.1656
1787502300000,2026-08-23T16:25:00Z,185.65,185.72,185.62,185.69,9.61,1784.4382
1787502600000,2026-08-23T16:30:00Z,185.69,185.95,185.69,185.95,7.32,1360.2
1787502900000,2026-08-23T16:35:00Z,185.95,185.96,185.8,185.81,7.73,1436.8984
1787503200000,2026-08-23T16:40:00Z,185.81,185.99,185.81,185.98,16.23,3017.3945
1787503500000,2026-08-23T16:45:00Z,185.98,185.98,185.98,185.98,0.09,16.7382
1787503800000,2026-08-23T16:50:00Z,185.98,186.2,185.95,186.08,52.24,9721.0004
1787504100000,2026-08-23T16:55:00Z,186.08,186.1,186.04,186.07,1.59,295.8554
1787504400000,2026-08-23T17:00:00Z,186.07,186.14,185.55,185.66,31.42,5838.1244
1787504700000,2026-08-23T17:05:00Z,185.66,185.95,185.66,185.85,5.4,1003.8105
1787505000000,2026-08-23T17:10:00Z,185.85,185.95,185.81,185.93,5.39,1001.9335
1787505300000,2026-08-23T17:15:00Z,185.93,185.93,185.74,185.86,8.83,1640.672
1787505600000,2026-08-23T17:20:00Z,185.86,185.97,185.8,185.8,12.31,2288.0301
1787505900000,2026-08-23T17:25:00Z,185.8,185.91,185.79,185.86,2.98,553.8384
1787506200000,2026-08-23T17:30:00Z,185.86,185.88,185.62,185.86,13,2413.4213
1787506500000,2026-08-23T17:35:00Z,185.86,185.96,185.86,185.93,9.05,1682.2756
1787506800000,2026-08-23T17:40:00Z,185.93,185.93,185.77,185.79,2.08,386.4338
1787507100000,2026-08-23T17:45:00Z,185.79,185.91,185.73,185.73,4.74,880.8882
1787507400000,2026-08-23T17:50:00Z,185.73,185.78,185.64,185.75,9.27,1721.5829
1787507700000,2026-08-23T17:55:00Z,185.75,185.76,185.71,185.73,3.57,663.1122
1787508000000,2026-08-23T18:00:00Z,185.73,185.79,185.72,185.72,52.23,9702.1709
1787508300000,2026-08-23T18:05:00Z,185.72,185.72,185.64,185.72,7.71,1431.6599
1787508600000,2026-08-23T18:10:00Z,185.72,185.88,185.72,185.88,1.65,306.6361
1787508900000,2026-08-23T18:15:00Z,185.88,185.91,185.84,185.84,1.21,224.9178
1787509200000,2026-08-23T18:20:00Z,185.84,185.84,185.72,185.8,4.71,874.9788
1787509500000,2026-08-23T18:25:00Z,185.8,185.93,185.8,185.93,6.45,1198.8244
1787509800000,2026-08-23T18:30:00Z,185.93,185.93,185.82,185.82,0.31,57.6084
1787510100000,2026-08-23T18:35:00Z,185.82,185.95,185.8,185.8,9.42,1751.0287
1787510400000,2026-08-23T18:40:00Z,185.8,185.97,185.8,185.97,1.82,338.3784
1787510700000,2026-08-23T18:45:00Z,185.97,185.97,185.78,185.78,3.74,695.0873
1787511000000,2026-08-23T18:50:00Z,185.78,185.79,185.77,185.77,0.42,78.0268
1787511300000,2026-08-23T18:55:00Z,185.77,185.98,185.77,185.94,1.74,323.5052
1787511600000,2026-08-23T19:00:00Z,185.94,185.99,185.9,185.95,25.07,4661.8675
1787511900000,2026-08-23T19:05:00Z,185.95,186.05,185.95,186.05,0.06,11.163
1787512200000,2026-08-23T19:10:00Z,186.05,186.05,185.59,185.81,29.58,5494.2607
1787512500000,2026-08-23T19:15:00Z,185.81,185.83,185.7,185.7,5.21,967.8299
1787512800000,2026-08-23T19:20:00Z,185.7,185.97,185.7,185.97,12.12,2253.9517
1787513100000,2026-08-23T19:25:00Z,185.97,185.97,185.9,185.9,0.25,46.475
1787513400000,2026-08-23T19:30:00Z,185.9,185.9,185.79,185.79,0.25,46.4475
1787513700000,2026-08-23T19:35:00Z,185.79,185.93,185.79,185.93,3,557.79
1787514000000,2026-08-23T19:40:00Z,185.93,185.93,185.88,185.88,0.17,31.5996
1787514300000,2026-08-23T19:45:00Z,185.88,186.14,185.88,185.95,52.8,9822.7221
1787514600000,2026-08-23T19:50:00Z,185.95,185.95,185.9,185.91,0.18,33.4632
1787514900000,2026-08-23T19:55:00Z,185.91,185.95,185.86,185.86,1.91,355.101
1787515200000,2026-08-23T20:00:00Z,185.86,185.96,185.79,185.79,17.26,3207.9907
1787515500000,2026-08-23T20:05:00Z,185.79,185.85,185.71,185.85,7.81,1451.0678
1787515800000,2026-08-23T20:10:00Z,185.85,185.86,185.81,185.86,0.9,167.2394
1787516100000,2026-08-23T20:15:00Z,185.86,185.89,185.74,185.88,25.36,4713.1454
1787516400000,2026-08-23T20:20:00Z,185.88,186.04,185.88,185.98,0.84,156.2178
1787516700000,2026-08-23T20:25:00Z,185.98,186.05,185.98,186.04,1.2,223.2521
1787517000000,2026-08-23T20:30:00Z,186.04,186.13,186.04,186.13,2.87,534.1331
1787517300000,2026-08-23T20:35:00Z,186.13,186.13,186.07,186.07,0.11,20.4677
1787517600000,2026-08-23T20:40:00Z,186.07,186.18,186.07,186.12,3.14,584.5018
1787517900000,2026-08-23T20:45:00Z,186.12,186.17,186.07,186.07,0.44,81.8785
1787518200000,2026-08-23T20:50:00Z,186.07,186.14,186.07,186.07,0.5,93.0525
1787518500000,2026-08-23T20:55:00Z,186.07,186.08,186.05,186.08,0.31,57.6773
1787518800000,2026-08-23T21:00:00Z,186.08,186.83,186.08,186.83,14.8,2759.943
1787519100000,2026-08-23T21:05:00Z,186.83,186.94,186.68,186.92,4.08,762.1369
1787519400000,2026-08-23T21:10:00Z,186.92,186.92,186.68,186.72,13.82,2582.2353
1787519700000,2026-08-23T21:15:00Z,186.72,187.19,186.72,187.18,24.82,4642.5691
1787520000000,2026-08-23T21:20:00Z,187.18,187.26,186.89,187.1,14.41,2694.9272
1787520300000,2026-08-23T21:25:00Z,187.1,187.26,187.1,187.26,4.55,851.7996
1787520600000,2026-08-23T21:30:00Z,187.26,187.52,187.19,187.21,227.33,42560.4091
1787520900000,2026-08-23T21:35:00Z,187.21,187.22,186.66,186.66,15.98,2988.0081
1787521200000,2026-08-23T21:40:00Z,186.66,186.67,186.5,186.6,46.17,8611.9109
1787521500000,2026-08-23T21:45:00Z,186.6,186.61,186.6,186.6,0.44,82.1067
1787521800000,2026-08-23T21:50:00Z,186.6,187.06,186.6,187.06,2.31,431.5336
1787522100000,2026-08-23T21:55:00Z,187.06,187.06,186.56,186.6,3.78,705.6904
1787522400000,2026-08-23T22:00:00Z,186.6,187.1,186.14,186.7,23.16,4327.2497
1787522700000,2026-08-23T22:05:00Z,186.7,187.12,186.7,187.12,13.86,2592.5856
1787523000000,2026-08-23T22:10:00Z,187.12,187.22,186.92,186.92,3.52,658.3783
1787523300000,2026-08-23T22:15:00Z,186.92,186.92,186.67,186.67,9.53,1779.5455
1787523600000,2026-08-23T22:20:00Z,186.67,187.35,186.67,187.35,20,3742.5996
1787523900000,2026-08-23T22:25:00Z,187.35,187.35,186.88,187.12,187.86,35150.7775
1787524200000,2026-08-23T22:30:00Z,187.12,187.31,186.98,187.04,28.16,5272.4911
1787524500000,2026-08-23T22:35:00Z,187.04,187.04,187.01,187.04,7.31,1367.2528
1787524800000,2026-08-23T22:40:00Z,187.04,187.14,187.04,187.14,0.05,9.357
1787525100000,2026-08-23T22:45:00Z,187.14,187.14,186.97,186.98,1.11,207.5453
1787525400000,2026-08-23T22:50:00Z,186.98,187.03,186.98,187.03,0.44,82.2892
1787525700000,2026-08-23T22:55:00Z,187.03,187.03,186.99,186.99,2.48,463.7352
1787526000000,2026-08-23T23:00:00Z,186.99,186.99,186.99,186.99,0,0
1787526300000,2026-08-23T23:05:00Z,186.99,186.99,186.79,186.83,5.56,1038.7377
1787526600000,2026-08-23T23:10:00Z,186.83,187.02,186.83,186.84,14.09,2634.0875
1787526900000,2026-08-23T23:15:00Z,186.84,187.54,186.84,187.51,12.79,2396.9594
1787527200000,2026-08-23T23:20:00Z,187.51,187.62,187.51,187.62,1.11,208.2282
1787527500000,2026-08-23T23:25:00Z,187.62,187.8,187.57,187.79,3.75,703.8736
1787527800000,2026-08-23T23:30:00Z,187.79,188.34,187.79,188.2,25.94,4882.5643
1787528100000,2026-08-23T23:35:00Z,188.2,188.26,187.89,187.96,22.33,4200.2822
1787528400000,2026-08-23T23:40:00Z,187.96,187.96,187.7,187.72,28.54,5359.8825
1787528700000,2026-08-23T23:45:00Z,187.72,188.14,187.72,188.14,20.54,3861.4311
1787529000000,2026-08-23T23:50:00Z,188.14,188.66,187.96,188.06,162.37,30585.0949
1787529300000,2026-08-23T23:55:00Z,188.06,188.7,188.06,188.45,76.41,14407.2974
1787529600000,2026-08-24T00:00:00Z,188.45,190,188.45,188.66,530.58,100358.4571
1787529900000,2026-08-24T00:05:00Z,188.66,189.13,187.83,189.07,102.98,19391.0527
1787530200000,2026-08-24T00:10:00Z,189.07,189.26,188.37,188.57,16.59,3132.1613
1787530500000,2026-08-24T00:15:00Z,188.57,188.57,187.5,187.64,32.71,6144.6269
1787530800000,2026-08-24T00:20:00Z,187.64,187.64,187.34,187.34,5.31,995.4604
1787531100000,2026-08-24T00:25:00Z,187.34,187.35,186.62,186.89,47.46,8874.431
1787531400000,2026-08-24T00:30:00Z,186.89,187.3,186.87,187.3,3.17,592.7353
1787531700000,2026-08-24T00:35:00Z,187.3,187.57,187.3,187.44,23.42,4390.8849
1787532000000,2026-08-24T00:40:00Z,187.44,187.44,187,187,1.17,219.1464
1787532300000,2026-08-24T00:45:00Z,187,187.54,186.68,187.35,65.26,12217.7661
1787532600000,2026-08-24T00:50:00Z,187.35,187.8,187.35,187.73,6.38,1196.9529
1787532900000,2026-08-24T00:55:00Z,187.73,188.47,187.73,188.47,2.88,541.991
1787533200000,2026-08-24T01:00:00Z,188.47,188.5,187.92,188.28,20.56,3869.5846
1787533500000,2026-08-24T01:05:00Z,188.28,188.3,187.88,187.88,13.59,2556.7041
1787533800000,2026-08-24T01:10:00Z,187.88,188.01,187.82,187.82,17.9,3362.5907
1787534100000,2026-08-24T01:15:00Z,187.82,187.82,187.72,187.72,2.93,550.062
1787534400000,2026-08-24T01:20:00Z,187.72,187.8,187.6,187.8,8.04,1508.9939
1787534700000,2026-08-24T01:25:00Z,187.8,187.8,187.42,187.42,6.32,1185.1522
1787535000000,2026-08-24T01:30:00Z,187.42,187.56,187.25,187.56,77.24,14474.0035
1787535300000,2026-08-24T01:35:00Z,187.56,187.58,187.05,187.11,31.21,5841.3778
1787535600000,2026-08-24T01:40:00Z,187.11,187.38,186.97,186.97,1.83,342.5383
1787535900000,2026-08-24T01:45:00Z,186.97,187.17,186.88,186.9,49.32,9221.3923
1787536200000,2026-08-24T01:50:00Z,186.9,186.97,186.68,186.68,5.29,988.7559
1787536500000,2026-08-24T01:55:00Z,186.68,186.68,185.79,185.79,75.88,14132.7331
1787536800000,2026-08-24T02:00:00Z,185.79,186.19,185.79,186.18,31.78,5912.7
1787537100000,2026-08-24T02:05:00Z,186.18,186.26,185.81,185.89,24.85,4622.4656
1787537400000,2026-08-24T02:10:00Z,185.89,186.7,185.89,186.53,18.67,3484.2369
1787537700000,2026-08-24T02:15:00Z,186.53,186.94,186.53,186.94,14.05,2625.4879
1787538000000,2026-08-24T02:20:00Z,186.94,187.25,186.94,187.09,64.92,12146.3475
1787538300000,2026-08-24T02:25:00Z,187.09,187.26,187.09,187.21,3.37,630.9245
1787538600000,2026-08-24T02:30:00Z,187.21,187.53,187.21,187.44,334.73,62740.4207
1787538900000,2026-08-24T02:35:00Z,187.44,187.48,187.07,187.13,160.44,30032.9449
1787539200000,2026-08-24T02:40:00Z,187.13,187.13,187.06,187.12,3.55,664.1914
1787539500000,2026-08-24T02:45:00Z,187.12,187.27,186.72,186.77,25.62,4787.5842
1787539800000,2026-08-24T02:50:00Z,186.77,186.81,186.64,186.81,2.16,403.2438
1787540100000,2026-08-24T02:55:00Z,186.81,187.24,186.81,187.08,23.94,4479.2675
1787540400000,2026-08-24T03:00:00Z,187.08,187.09,186.68,186.75,23.07,4308.9552
1787540700000,2026-08-24T03:05:00Z,186.75,186.75,186.26,186.34,22.07,4117.5336
1787541000000,2026-08-24T03:10:00Z,186.34,186.34,186.05,186.1,25.05,4661.9082
1787541300000,2026-08-24T03:15:00Z,186.1,186.1,185.7,185.71,34.58,6428.4478
1787541600000,2026-08-24T03:20:00Z,185.71,186.04,185.66,186.02,18.75,3484.2929
1787541900000,2026-08-24T03:25:00Z,186.02,186.02,185.42,185.42,42.86,7956.001
1787542200000,2026-08-24T03:30:00Z,185.42,185.42,184.78,184.89,177.62,32871.2707
1787542500000,2026-08-24T03:35:00Z,184.89,185.11,184.62,184.84,48.46,8955.1347
1787542800000,2026-08-24T03:40:00Z,184.84,184.84,184.75,184.75,4.2,776.1684
1787543100000,2026-08-24T03:45:00Z,184.75,184.97,184.66,184.93,12.03,2222.5812
1787543400000,2026-08-24T03:50:00Z,184.93,185.15,184.5,184.5,15.57,2874.9343
1787543700000,2026-08-24T03:55:00Z,184.5,184.5,184.31,184.31,1.77,326.3111
1787544000000,2026-08-24T04:00:00Z,184.31,184.65,184.31,184.65,7.34,1354.6266
1787544300000,2026-08-24T04:05:00Z,184.65,184.91,184.61,184.61,83,15335.8508
1787544600000,2026-08-24T04:10:00Z,184.61,184.83,184.61,184.8,2.22,410.2884
1787544900000,2026-08-24T04:15:00Z,184.8,185.53,184.8,185.34,88.35,16373.9505
1787545200000,2026-08-24T04:20:00Z,185.34,185.58,185.34,185.47,23.28,4319.3149
1787545500000,2026-08-24T04:25:00Z,185.47,185.5,185.45,185.45,2.69,498.9453
1787545800000,2026-08-24T04:30:00Z,185.45,185.7,185.45,185.56,10.11,1876.296
1787546100000,2026-08-24T04:35:00Z,185.56,185.56,185.26,185.41,71.78,13305.4908
1787546400000,2026-08-24T04:40:00Z,185.41,185.42,185.07,185.28,81.1,15018.6844
1787546700000,2026-08-24T04:45:00Z,185.28,185.48,184.88,184.88,12.76,2363.5625
1787547000000,2026-08-24T04:50:00Z,184.88,184.95,184.45,184.46,15.59,2876.8903
1787547300000,2026-08-24T04:55:00Z,184.46,184.52,184.25,184.33,26.94,4966.276
1787547600000,2026-08-24T05:00:00Z,184.33,184.64,184.26,184.51,51.04,9412.2452
1787547900000,2026-08-24T05:05:00Z,184.51,185.01,184.51,184.96,19.68,3638.0556
1787548200000,2026-08-24T05:10:00Z,184.96,185.12,184.82,185.12,45.27,8372.9749
1787548500000,2026-08-24T05:15:00Z,185.12,185.49,185.05,185.07,24.31,4500.8214
1787548800000,2026-08-24T05:20:00Z,185.07,185.07,184.91,184.91,0.17,31.4347
1787549100000,2026-08-24T05:25:00Z,184.91,184.91,184.69,184.69,1.8,332.4777
1787549400000,2026-08-24T05:30:00Z,184.69,184.69,184.32,184.51,10.42,1922.3794
1787549700000,2026-08-24T05:35:00Z,184.51,184.76,184.38,184.64,18.12,3344.8314
1787550000000,2026-08-24T05:40:00Z,184.64,185.01,184.64,184.91,16.04,2966.6656
1787550300000,2026-08-24T05:45:00Z,184.91,185.06,184.9,185.06,6.67,1233.3698
1787550600000,2026-08-24T05:50:00Z,185.06,185.06,184.73,184.76,30.85,5699.9144
1787550900000,2026-08-24T05:55:00Z,184.76,185.06,184.76,184.96,22.81,4218.7056
1787551200000,2026-08-24T06:00:00Z,184.96,185.1,184.76,184.76,9.08,1679.2347
1787551500000,2026-08-24T06:05:00Z,184.76,185.18,184.74,185.07,18.8,3478.6335
1787551800000,2026-08-24T06:10:00Z,185.07,185.56,185.04,185.56,49.47,9172.3458
1787552100000,2026-08-24T06:15:00Z,185.56,185.67,185.53,185.62,37.15,6896.0316
1787552400000,2026-08-24T06:20:00Z,185.62,185.75,185.49,185.75,46.42,8614.3234
1787552700000,2026-08-24T06:25:00Z,185.75,185.81,185.62,185.71,31.62,5873.2557
1787553000000,2026-08-24T06:30:00Z,185.71,185.74,185.53,185.55,6.41,1189.8982
1787553300000,2026-08-24T06:35:00Z,185.55,185.59,185.44,185.57,3.03,562.1707
1787553600000,2026-08-24T06:40:00Z,185.57,185.57,185.24,185.24,1.02,189.0072
1787553900000,2026-08-24T06:45:00Z,185.24,185.93,185.24,185.9,0.74,137.4692
1787554200000,2026-08-24T06:50:00Z,185.9,186.05,185.84,186.04,6.65,1236.815
1787554500000,2026-08-24T06:55:00Z,186.04,186.1,185.99,186.1,4.99,928.3886
1787554800000,2026-08-24T07:00:00Z,186.1,186.19,186.03,186.19,1.59,295.919
1787555100000,2026-08-24T07:05:00Z,186.19,186.5,186.05,186.5,40.57,7557.4795
1787555400000,2026-08-24T07:10:00Z,186.5,187.3,186.5,187.22,282.16,52730.636
1787555700000,2026-08-24T07:15:00Z,187.22,187.22,186.85,186.92,74.09,13850.7603
1787556000000,2026-08-24T07:20:00Z,186.92,186.95,186.77,186.87,14.83,2770.8581
1787556300000,2026-08-24T07:25:00Z,186.87,187.12,186.87,187.04,98.19,18369.9819
1787556600000,2026-08-24T07:30:00Z,187.04,187.04,186.84,186.84,2.52,470.8368
1787556900000,2026-08-24T07:35:00Z,186.84,186.84,186.63,186.63,2.28,425.6025
1787557200000,2026-08-24T07:40:00Z,186.63,186.63,185.97,185.99,29.92,5569.7469
1787557500000,2026-08-24T07:45:00Z,185.99,186.03,185.95,185.99,5.35,995.1397
1787557800000,2026-08-24T07:50:00Z,185.99,185.99,185.75,185.77,1.78,330.6656
1787558100000,2026-08-24T07:55:00Z,185.77,185.78,185.57,185.67,369.13,68557.9991
1787558400000,2026-08-24T08:00:00Z,185.67,186.16,183.61,184.26,674.28,124708.0508
1787558700000,2026-08-24T08:05:00Z,184.26,185.46,184.14,185.11,167.24,30975.5255
1787559000000,2026-08-24T08:10:00Z,185.11,185.11,184.56,184.65,53.58,9900.3413
1787559300000,2026-08-24T08:15:00Z,184.65,184.72,184.17,184.6,18.01,3321.2354
1787559600000,2026-08-24T08:20:00Z,184.6,184.6,183.35,183.54,58.9,10818.787
1787559900000,2026-08-24T08:25:00Z,183.54,183.65,183.29,183.5,71.6,13130.6137
1787560200000,2026-08-24T08:30:00Z,183.5,183.82,183.33,183.82,42.38,7783.0427
1787560500000,2026-08-24T08:35:00Z,183.82,184.2,183.82,184.2,6.08,1118.5659
1787560800000,2026-08-24T08:40:00Z,184.2,184.25,184.18,184.18,2.13,392.3903
1787561100000,2026-08-24T08:45:00Z,184.18,184.26,184.12,184.12,0.36,66.3084
1787561400000,2026-08-24T08:50:00Z,184.12,184.23,184.04,184.07,7.78,1432.5546
1787561700000,2026-08-24T08:55:00Z,184.07,184.11,183.94,183.94,12.65,2327.0769
1787562000000,2026-08-24T09:00:00Z,183.94,184.48,183.8,184.46,41.51,7644.3858
1787562300000,2026-08-24T09:05:00Z,184.46,184.87,184.39,184.86,50.67,9358.3074
1787562600000,2026-08-24T09:10:00Z,184.86,184.88,184.43,184.62,43.03,7941.8095
1787562900000,2026-08-24T09:15:00Z,184.62,185.01,184.6,184.6,11.34,2095.5873
1787563200000,2026-08-24T09:20:00Z,184.6,184.73,184.41,184.41,4.09,754.4499
1787563500000,2026-08-24T09:25:00Z,184.41,184.8,184.41,184.8,9.29,1716.0948
1787563800000,2026-08-24T09:30:00Z,184.8,185.16,184.8,185.05,13.53,2503.5674
1787564100000,2026-08-24T09:35:00Z,185.05,185.36,185.05,185.28,8.3,1537.8828
1787564400000,2026-08-24T09:40:00Z,185.28,185.28,185.1,185.21,19.09,3535.0994
1787564700000,2026-08-24T09:45:00Z,185.21,185.34,185.16,185.31,33.15,6139.858
1787565000000,2026-08-24T09:50:00Z,185.31,185.38,185.16,185.29,9.15,1694.8138
1787565300000,2026-08-24T09:55:00Z,185.29,185.36,185.15,185.25,6.73,1246.6187
1787565600000,2026-08-24T10:00:00Z,185.25,186.02,185.06,186.02,63.9,11859.5895
1787565900000,2026-08-24T10:05:00Z,186.02,186.04,185.12,185.9,32.27,5988.9253
1787566200000,2026-08-24T10:10:00Z,185.9,186.23,185.78,186.1,41.72,7760.8371
1787566500000,2026-08-24T10:15:00Z,186.1,186.1,185.78,185.96,17.24,3205.293
1787566800000,2026-08-24T10:20:00Z,185.96,186.39,185.89,186.24,140.63,26175.9615
1787567100000,2026-08-24T10:25:00Z,186.24,186.38,186.05,186.16,105.35,19617.6371
1787567400000,2026-08-24T10:30:00Z,186.16,186.84,186.16,186.75,17.08,3186.8722
1787567700000,2026-08-24T10:35:00Z,186.75,186.88,186.34,186.36,28.58,5331.0368
1787568000000,2026-08-24T10:40:00Z,186.36,186.36,185.83,185.93,23.28,4328.666
1787568300000,2026-08-24T10:45:00Z,185.93,186.18,185.88,186.18,14.55,2707.0163
1787568600000,2026-08-24T10:50:00Z,186.18,186.2,185.65,185.69,11.01,2045.2396
1787568900000,2026-08-24T10:55:00Z,185.69,185.69,185.39,185.4,106.92,19836.8704
1787569200000,2026-08-24T11:00:00Z,185.4,185.64,184.14,184.41,72.89,13454.8293
1787569500000,2026-08-24T11:05:00Z,184.41,184.71,184.32,184.71,7.66,1413.5795
1787569800000,2026-08-24T11:10:00Z,184.71,185.09,184.71,185.09,8.68,1605.3923
1787570100000,2026-08-24T11:15:00Z,185.09,185.2,184.8,185.18,10.36,1916.7995
1787570400000,2026-08-24T11:20:00Z,185.18,185.33,185.07,185.25,27.44,5081.8499
1787570700000,2026-08-24T11:25:00Z,185.25,185.47,185.13,185.21,14.71,2724.9578
1787571000000,2026-08-24T11:30:00Z,185.21,186.37,185.21,186.37,23.08,4288.4962
1787571300000,2026-08-24T11:35:00Z,186.37,188.07,186.37,187.36,93.61,17536.953
1787571600000,2026-08-24T11:40:00Z,187.36,188.6,187.32,188.6,158.57,29822.0407
1787571900000,2026-08-24T11:45:00Z,188.6,188.6,187.14,187.21,48.35,9069.177
1787572200000,2026-08-24T11:50:00Z,187.21,187.8,187.11,187.49,32.92,6170.3004
1787572500000,2026-08-24T11:55:00Z,187.49,188.42,187.27,188.42,42.11,7914.3782
1787572800000,2026-08-24T12:00:00Z,188.42,188.42,187.24,187.24,37.6,7053.1188
1787573100000,2026-08-24T12:05:00Z,187.24,187.25,186.95,186.97,22.52,4213.4229
1787573400000,2026-08-24T12:10:00Z,186.97,187.19,186.96,186.96,7.99,1494.7515
1787573700000,2026-08-24T12:15:00Z,186.96,187.18,186.49,187.1,110.84,20702.4231
1787574000000,2026-08-24T12:20:00Z,187.1,188.11,187.1,188.06,66.42,12460.9681
1787574300000,2026-08-24T12:25:00Z,188.06,188.4,187.88,188.28,115.97,21837.9305
1787574600000,2026-08-24T12:30:00Z,188.28,189.08,187.72,188.34,292.63,55135.6947
1787574900000,2026-08-24T12:35:00Z,188.34,189.77,188.34,189.42,40.88,7737.8045
1787575200000,2026-08-24T12:40:00Z,189.42,189.95,189.2,189.48,113.07,21422.4278
1787575500000,2026-08-24T12:45:00Z,189.48,189.85,188.92,189.38,87.19,16497.0524
1787575800000,2026-08-24T12:50:00Z,189.38,190.09,189.12,189.84,172.93,32834.5359
1787576100000,2026-08-24T12:55:00Z,189.84,190.51,189.84,190,129.29,24570.5658
1787576400000,2026-08-24T13:00:00Z,190,190.33,189.54,189.54,328.81,62454.0607
1787576700000,2026-08-24T13:05:00Z,189.54,190.14,189.54,190.14,19.41,3684.0891
1787577000000,2026-08-24T13:10:00Z,190.14,190.9,189.85,190.71,41.18,7842.4581
1787577300000,2026-08-24T13:15:00Z,190.71,190.81,189.38,189.55,540.43,102506.2345
1787577600000,2026-08-24T13:20:00Z,189.55,189.68,189.18,189.37,171.49,32484.8636
1787577900000,2026-08-24T13:25:00Z,189.37,189.72,187.8,189.03,716.94,135339.1429
1787578200000,2026-08-24T13:30:00Z,189.03,191.93,187.14,187.89,2139.71,404015.3787
1787578500000,2026-08-24T13:35:00Z,187.89,189.72,187.38,188.26,1422.83,267710.217
1787578800000,2026-08-24T13:40:00Z,188.26,188.95,186.08,186.08,722.19,135342.4995
1787579100000,2026-08-24T13:45:00Z,186.08,187.48,185.21,186.45,477.17,88811.9682
1787579400000,2026-08-24T13:50:00Z,186.45,186.94,185.1,186.32,354.34,65841.2576
1787579700000,2026-08-24T13:55:00Z,186.32,187.54,186.1,186.86,442.48,82699.5287
1787580000000,2026-08-24T14:00:00Z,186.86,187.4,186.35,186.87,296.29,55378.62
1787580300000,2026-08-24T14:05:00Z,186.87,188.81,186.87,188.81,74.23,13969.6616
1787580600000,2026-08-24T14:10:00Z,188.81,189.57,188.53,188.79,105.25,19896.9183
1787580900000,2026-08-24T14:15:00Z,188.79,189.82,188.67,189.21,135.42,25641.6809
1787581200000,2026-08-24T14:20:00Z,189.21,190.51,187.6,187.6,179.17,33858.3502
1787581500000,2026-08-24T14:25:00Z,187.6,189.51,187.52,189.3,217.56,40961.1526
1787581800000,2026-08-24T14:30:00Z,189.3,189.78,188.86,189.49,285.55,54036.4269
1787582100000,2026-08-24T14:35:00Z,189.49,189.99,189.15,189.21,133.14,25252.6412
1787582400000,2026-08-24T14:40:00Z,189.21,189.53,188.12,188.77,52.11,9841.1214
1787582700000,2026-08-24T14:45:00Z,188.77,188.93,187.71,187.99,40.64,7657.7086
1787583000000,2026-08-24T14:50:00Z,187.99,188.02,187.06,187.37,235.39,44132.5916
1787583300000,2026-08-24T14:55:00Z,187.37,188.66,187.33,188.35,37.13,6984.1927
1787583600000,2026-08-24T15:00:00Z,188.35,188.39,187.22,187.22,45.99,8637.1578
1787583900000,2026-08-24T15:05:00Z,187.22,187.52,186.81,187.03,125.77,23535.469
1787584200000,2026-08-24T15:10:00Z,187.03,187.8,186.68,186.68,24.9,4661.7627
1787584500000,2026-08-24T15:15:00Z,186.68,187.59,186.63,187.25,18.46,3456.6945
1787584800000,2026-08-24T15:20:00Z,187.25,187.8,187.06,187.3,19.11,3581.147
1787585100000,2026-08-24T15:25:00Z,187.3,188.13,186.89,187.82,154.6,28976.956
1787585400000,2026-08-24T15:30:00Z,187.82,188.03,187.07,187.39,121.46,22765.5354
1787585700000,2026-08-24T15:35:00Z,187.39,187.61,186.25,186.25,71.87,13463.0561
1787586000000,2026-08-24T15:40:00Z,186.25,186.4,184.95,185.08,99.97,18561.0715
1787586300000,2026-08-24T15:45:00Z,185.08,185.36,184,184.17,123.83,22891.0595
1787586600000,2026-08-24T15:50:00Z,184.17,184.67,183.72,184.4,129.92,23928.9811
1787586900000,2026-08-24T15:55:00Z,184.4,184.79,183.85,184.18,96.75,17832.5925
1787587200000,2026-08-24T16:00:00Z,184.18,185.62,184.12,185.58,138.7,25592.2062
1787587500000,2026-08-24T16:05:00Z,185.58,185.99,185.44,185.49,39.09,7259.7521
1787587800000,2026-08-24T16:10:00Z,185.49,185.62,185.17,185.34,58.94,10923.4435
1787588100000,2026-08-24T16:15:00Z,185.34,185.69,185.19,185.55,104.47,19385.4839
1787588400000,2026-08-24T16:20:00Z,185.55,185.7,185.5,185.64,31.92,5925.8427
1787588700000,2026-08-24T16:25:00Z,185.64,185.92,185.43,185.83,34.25,6358.4287
1787589000000,2026-08-24T16:30:00Z,185.83,186.01,185.55,185.63,20.12,3738.5314
1787589300000,2026-08-24T16:35:00Z,185.63,185.92,185.32,185.6,13.98,2595.9905
1787589600000,2026-08-24T16:40:00Z,185.6,185.6,185.01,185.11,44.82,8299.7151
1787589900000,2026-08-24T16:45:00Z,185.11,185.34,185.11,185.14,8.84,1637.4731
1787590200000,2026-08-24T16:50:00Z,185.14,185.24,184.14,184.14,20.63,3813.545
1787590500000,2026-08-24T16:55:00Z,184.14,184.43,184.14,184.4,29.82,5496.1249
1787590800000,2026-08-24T17:00:00Z,184.4,184.4,183.58,183.87,19.36,3560.5535
1787591100000,2026-08-24T17:05:00Z,183.87,184.49,183.87,184.31,14.43,2659.0077
1787591400000,2026-08-24T17:10:00Z,184.31,184.73,184.31,184.56,3.56,657.2123
1787591700000,2026-08-24T17:15:00Z,184.56,184.56,183.5,183.9,30.58,5628.1754
1787592000000,2026-08-24T17:20:00Z,183.9,183.9,182.11,182.24,128.19,23440.2754
1787592300000,2026-08-24T17:25:00Z,182.24,182.99,182.24,182.84,16.69,3048.0908
1787592600000,2026-08-24T17:30:00Z,182.84,182.84,182.48,182.57,26.11,4766.7175
1787592900000,2026-08-24T17:35:00Z,182.57,183.19,182.57,182.76,11.29,2065.1525
1787593200000,2026-08-24T17:40:00Z,182.76,182.83,182.23,182.24,8.35,1524.1496
1787593500000,2026-08-24T17:45:00Z,182.24,182.67,182.24,182.31,51.9,9477.082
1787593800000,2026-08-24T17:50:00Z,182.31,182.37,181.71,181.71,30.71,5589.7219
1787594100000,2026-08-24T17:55:00Z,181.71,182.22,181.71,182.11,11.3,2056.3195
1787594400000,2026-08-24T18:00:00Z,182.11,182.58,182.05,182.34,35.75,6518.1148
1787594700000,2026-08-24T18:05:00Z,182.34,182.36,181.78,181.78,15.39,2804.1502
1787595000000,2026-08-24T18:10:00Z,181.78,182.12,181.74,182,48.99,8913.0285
1787595300000,2026-08-24T18:15:00Z,182,182.31,182,182.31,68.9,12540.0862
1787595600000,2026-08-24T18:20:00Z,182.31,182.31,181.67,181.67,45.1,8206.2577
1787595900000,2026-08-24T18:25:00Z,181.67,182.17,181.65,181.89,21.55,3918.6877
1787596200000,2026-08-24T18:30:00Z,181.89,182.13,181.08,181.09,24.04,4370.79
1787596500000,2026-08-24T18:35:00Z,181.09,181.36,180.64,180.64,283.12,51233.612
1787596800000,2026-08-24T18:40:00Z,180.64,180.82,180.5,180.67,8.35,1508.8164
1787597100000,2026-08-24T18:45:00Z,180.67,181.2,180.67,181.2,53.35,9651.3286
1787597400000,2026-08-24T18:50:00Z,181.2,181.24,180.51,180.8,15.42,2785.8004
1787597700000,2026-08-24T18:55:00Z,180.8,180.83,180.71,180.79,2.47,446.5424
1787598000000,2026-08-24T19:00:00Z,180.79,181.17,180.62,180.66,32.39,5853.9643
1787598300000,2026-08-24T19:05:00Z,180.66,180.66,180.43,180.43,23.2,4185.9934
1787598600000,2026-08-24T19:10:00Z,180.43,181.05,180.43,181.05,25.76,4663.1222
1787598900000,2026-08-24T19:15:00Z,181.05,181.11,180.78,180.79,14.43,2610.3258
1787599200000,2026-08-24T19:20:00Z,180.79,180.79,180.4,180.42,27.67,4999.5592
1787599500000,2026-08-24T19:25:00Z,180.42,181.13,180.42,181.06,20.61,3728.5665
1787599800000,2026-08-24T19:30:00Z,181.06,181.26,180.9,181.08,4.43,801.8563
1787600100000,2026-08-24T19:35:00Z,181.08,181.08,180.74,181.08,52.69,9530.2738
1787600400000,2026-08-24T19:40:00Z,181.08,181.08,179.11,179.57,78.79,14172.5041
1787600700000,2026-08-24T19:45:00Z,179.57,179.65,179.01,179.43,92.19,16534.0477
1787601000000,2026-08-24T19:50:00Z,179.43,179.8,178.86,179.72,108.68,19457.7806
1787601300000,2026-08-24T19:55:00Z,179.72,180,179.57,179.67,296.07,53200.3857
1787601600000,2026-08-24T20:00:00Z,179.67,179.92,179.28,179.44,64.29,11542.0294
1787601900000,2026-08-24T20:05:00Z,179.44,179.51,179.2,179.45,35.17,6305.0972
1787602200000,2026-08-24T20:10:00Z,179.45,179.69,179.41,179.41,7.28,1307.0783
1787602500000,2026-08-24T20:15:00Z,179.41,179.43,179.23,179.23,109.01,19551.4858
1787602800000,2026-08-24T20:20:00Z,179.23,179.39,179.04,179.11,27.41,4914.1156
1787603100000,2026-08-24T20:25:00Z,179.11,179.26,179.09,179.21,8.32,1490.884
1787603400000,2026-08-24T20:30:00Z,179.21,179.45,179.21,179.45,2.7,484.1695
1787603700000,2026-08-24T20:35:00Z,179.45,179.92,179.35,179.92,21.43,3846.1951
1787604000000,2026-08-24T20:40:00Z,179.92,179.92,179.69,179.69,3.93,706.5836
1787604300000,2026-08-24T20:45:00Z,179.69,179.69,179.6,179.65,13.13,2358.2512
1787604600000,2026-08-24T20:50:00Z,179.65,179.65,179.52,179.54,0.23,41.2926
1787604900000,2026-08-24T20:55:00Z,179.54,179.64,179.54,179.64,0.09,16.1676
1787605200000,2026-08-24T21:00:00Z,179.64,180.22,179.64,180.11,24.43,4399.6237
1787605500000,2026-08-24T21:05:00Z,180.11,180.52,180.11,180.47,13.32,2402.5357
1787605800000,2026-08-24T21:10:00Z,180.47,180.47,180.4,180.4,2.6,469.1024
1787606100000,2026-08-24T21:15:00Z,180.4,180.4,180.11,180.25,13.74,2475.1739
1787606400000,2026-08-24T21:20:00Z,180.25,180.31,180.16,180.31,13.85,2496.9563
1787606700000,2026-08-24T21:25:00Z,180.31,180.31,180.11,180.23,6.9,1243.3543
1787607000000,2026-08-24T21:30:00Z,180.23,180.35,180.05,180.05,7.02,1265.6029
1787607300000,2026-08-24T21:35:00Z,180.05,180.1,180.05,180.1,0.75,135.075
1787607600000,2026-08-24T21:40:00Z,180.1,180.37,180.04,180.37,30.73,5539.718
1787607900000,2026-08-24T21:45:00Z,180.37,180.37,180.15,180.25,1.15,207.198
1787608200000,2026-08-24T21:50:00Z,180.25,180.3,180.25,180.3,0.33,59.484
1787608500000,2026-08-24T21:55:00Z,180.3,180.32,180.24,180.24,10.26,1849.9068
1787608800000,2026-08-24T22:00:00Z,180.24,180.34,180.09,180.09,27.75,5000.1217
1787609100000,2026-08-24T22:05:00Z,180.09,180.35,180.09,180.35,1.46,263.311
1787609400000,2026-08-24T22:10:00Z,180.35,180.35,180.01,180.09,15.16,2731.0909
1787609700000,2026-08-24T22:15:00Z,180.09,180.18,179.96,180.15,7.13,1283.9104
1787610000000,2026-08-24T22:20:00Z,180.15,180.15,179.97,179.97,2.88,518.4708
1787610300000,2026-08-24T22:25:00Z,179.97,180.03,179.97,180.03,0.3,54.009
1787610600000,2026-08-24T22:30:00Z,180.03,180.03,179.99,180.03,0.23,41.3993
1787610900000,2026-08-24T22:35:00Z,180.03,180.11,180.03,180.11,2.06,370.9971
1787611200000,2026-08-24T22:40:00Z,180.11,180.11,179.73,179.82,3.56,640.227
1787611500000,2026-08-24T22:45:00Z,179.82,179.82,179.73,179.73,1.86,334.3411
1787611800000,2026-08-24T22:50:00Z,179.73,179.8,179.67,179.8,3.15,566.064
1787612100000,2026-08-24T22:55:00Z,179.8,179.8,179.59,179.73,5.42,973.9223
1787612400000,2026-08-24T23:00:00Z,179.73,179.73,179.39,179.48,15.3,2745.0466
1787612700000,2026-08-24T23:05:00Z,179.48,179.53,179.41,179.51,3.28,588.5193
1787613000000,2026-08-24T23:10:00Z,179.51,179.51,179.51,179.51,0,0
1787613300000,2026-08-24T23:15:00Z,179.51,179.54,179.22,179.22,3.12,559.6923
1787613600000,2026-08-24T23:20:00Z,179.22,179.56,179.22,179.56,7.43,1333.6419
1787613900000,2026-08-24T23:25:00Z,179.56,179.72,179.56,179.69,21.07,3786.4132
1787614200000,2026-08-24T23:30:00Z,179.69,179.7,179.56,179.7,38.32,6885.2633
1787614500000,2026-08-24T23:35:00Z,179.7,179.82,179.69,179.82,5.17,929.2455
1787614800000,2026-08-24T23:40:00Z,179.82,180.02,179.82,179.99,11.9,2141.2417
1787615100000,2026-08-24T23:45:00Z,179.99,180,179.86,179.89,6.18,1111.7354
1787615400000,2026-08-24T23:50:00Z,179.89,179.89,179.73,179.73,2.14,384.6836
1787615700000,2026-08-24T23:55:00Z,179.73,179.77,179.71,179.76,0.85,152.7871
1787616000000,2026-08-25T00:00:00Z,179.76,180.24,179.76,180.01,123.44,22225.3675
1787616300000,2026-08-25T00:05:00Z,180.01,180.28,179.73,179.95,47.45,8543.2962
1787616600000,2026-08-25T00:10:00Z,179.95,180.23,179.88,179.96,11.19,2014.2408
1787616900000,2026-08-25T00:15:00Z,179.96,179.96,178.98,178.98,95.51,17117.8071
1787617200000,2026-08-25T00:20:00Z,178.98,179.55,178.98,179.54,37.79,6775.2741
1787617500000,2026-08-25T00:25:00Z,179.54,179.54,179.54,179.54,0,0
1787617800000,2026-08-25T00:30:00Z,179.54,179.54,179.25,179.42,88.22,15822.6347
1787618100000,2026-08-25T00:35:00Z,179.42,179.75,179.42,179.73,2.44,437.9596
1787618400000,2026-08-25T00:40:00Z,179.73,180.63,179.73,180.63,130.77,23564.354
1787618700000,2026-08-25T00:45:00Z,180.63,182.17,180.63,181.61,273.33,49688.712
1787619000000,2026-08-25T00:50:00Z,181.61,182.37,181.61,182.3,69.24,12613.9456
1787619300000,2026-08-25T00:55:00Z,182.3,182.64,182.2,182.43,36.47,6654.3862
1787619600000,2026-08-25T01:00:00Z,182.43,182.87,182.03,182.64,1047.52,190963.5859
1787619900000,2026-08-25T01:05:00Z,182.64,182.69,182.44,182.5,121.51,22191.7352
1787620200000,2026-08-25T01:10:00Z,182.5,182.5,181.99,182.19,19.69,3586.6557
1787620500000,2026-08-25T01:15:00Z,182.19,182.19,181.55,181.9,12.39,2251.3499
1787620800000,2026-08-25T01:20:00Z,181.9,182.14,181.9,181.96,10.97,1997.0478
1787621100000,2026-08-25T01:25:00Z,181.96,182.66,181.96,182.02,1244.56,226790.1674
1787621400000,2026-08-25T01:30:00Z,182.02,182.37,181.88,182,108.91,19828.911
1787621700000,2026-08-25T01:35:00Z,182,182.21,181.89,182.2,5.5,1001.0065
1787622000000,2026-08-25T01:40:00Z,182.2,182.43,182,182.08,21.49,3915.7626
1787622300000,2026-08-25T01:45:00Z,182.08,182.14,182,182.04,5.24,953.8472
1787622600000,2026-08-25T01:50:00Z,182.04,182.04,181.55,181.89,61.23,11133.4473
1787622900000,2026-08-25T01:55:00Z,181.89,182.28,181.88,182.24,41.12,7484.9536
1787623200000,2026-08-25T02:00:00Z,182.24,182.53,182.19,182.43,134.18,24467.5116
1787623500000,2026-08-25T02:05:00Z,182.43,182.43,182.11,182.25,23.45,4273.0624
1787623800000,2026-08-25T02:10:00Z,182.25,182.39,182.25,182.39,5.27,960.9853
1787624100000,2026-08-25T02:15:00Z,182.39,184.35,182.2,184.25,390.7,71716.0792
1787624400000,2026-08-25T02:20:00Z,184.25,184.74,184.03,184.42,315.16,58084.9199
1787624700000,2026-08-25T02:25:00Z,184.42,185.21,184.39,185.13,391.32,72284.6737
1787625000000,2026-08-25T02:30:00Z,185.13,185.18,184.56,184.73,39.48,7295.7743
1787625300000,2026-08-25T02:35:00Z,184.73,185.19,184.36,185.03,48,8872.9295
1787625600000,2026-08-25T02:40:00Z,185.03,185.66,184.67,184.67,315.05,58417.6923
1787625900000,2026-08-25T02:45:00Z,184.67,184.76,184.16,184.29,107.39,19807.6798
1787626200000,2026-08-25T02:50:00Z,184.29,184.46,183.86,184.28,113.49,20891.1037
1787626500000,2026-08-25T02:55:00Z,184.28,184.5,184.25,184.29,48.24,8892.2584
1787626800000,2026-08-25T03:00:00Z,184.29,184.68,184.24,184.64,115.96,21370.4139
1787627100000,2026-08-25T03:05:00Z,184.64,185.04,184.64,184.99,10.4,1923.7472
1787627400000,2026-08-25T03:10:00Z,184.99,184.99,184.65,184.9,118.92,21988.7996
1787627700000,2026-08-25T03:15:00Z,184.9,184.9,184.52,184.65,7.39,1365.2585
1787628000000,2026-08-25T03:20:00Z,184.65,184.65,184.4,184.52,14.83,2736.1209
1787628300000,2026-08-25T03:25:00Z,184.52,184.54,184.33,184.54,29.76,5489.9042
1787628600000,2026-08-25T03:30:00Z,184.54,184.76,184.4,184.67,18.5,3414.0241
1787628900000,2026-08-25T03:35:00Z,184.67,185.13,184.66,185.1,12.14,2244.9415
1787629200000,2026-08-25T03:40:00Z,185.1,185.1,184.43,184.46,15.53,2867.0199
1787629500000,2026-08-25T03:45:00Z,184.46,184.5,184.05,184.15,107.31,19764.0382
1787629800000,2026-08-25T03:50:00Z,184.15,184.48,184.01,184.48,11.99,2208.8996
1787630100000,2026-08-25T03:55:00Z,184.48,184.48,183.9,184.18,13.32,2452.7431
1787630400000,2026-08-25T04:00:00Z,184.18,184.76,184.13,184.36,12.68,2336.7936
1787630700000,2026-08-25T04:05:00Z,184.36,184.41,184.02,184.32,57.86,10655.617
1787631000000,2026-08-25T04:10:00Z,184.32,184.6,184.26,184.49,30.54,5633.2529
1787631300000,2026-08-25T04:15:00Z,184.49,184.63,184.02,184.03,81.87,15082.7909
1787631600000,2026-08-25T04:20:00Z,184.03,184.18,183.96,184.18,15.32,2820.018
1787631900000,2026-08-25T04:25:00Z,184.18,184.18,183.83,183.98,29.72,5469.724
1787632200000,2026-08-25T04:30:00Z,183.98,184.28,183.79,184.08,147.26,27086.5993
1787632500000,2026-08-25T04:35:00Z,184.08,184.22,184.06,184.08,15.09,2778.657
1787632800000,2026-08-25T04:40:00Z,184.08,184.24,183.93,183.93,35.38,6514.5493
1787633100000,2026-08-25T04:45:00Z,183.93,184.2,183.9,184.11,14.7,2706.8969
1787633400000,2026-08-25T04:50:00Z,184.11,184.11,184.02,184.03,4.1,754.5729
1787633700000,2026-08-25T04:55:00Z,184.03,184.3,184,184.3,5.51,1013.9443
1787634000000,2026-08-25T05:00:00Z,184.3,184.56,184.2,184.56,12.74,2349.1531
1787634300000,2026-08-25T05:05:00Z,184.56,184.75,184.52,184.63,106.11,19595.6623
1787634600000,2026-08-25T05:10:00Z,184.63,184.81,184.63,184.78,131.79,24351.177
1787634900000,2026-08-25T05:15:00Z,184.78,184.83,184.78,184.83,1.67,308.6314
1787635200000,2026-08-25T05:20:00Z,184.83,184.88,184.69,184.69,1.79,330.7522
1787635500000,2026-08-25T05:25:00Z,184.69,184.85,184.55,184.66,45.8,8458.098
1787635800000,2026-08-25T05:30:00Z,184.66,184.88,184.66,184.88,18.27,3374.5484
1787636100000,2026-08-25T05:35:00Z,184.88,184.9,184.81,184.81,5.19,959.4037
1787636400000,2026-08-25T05:40:00Z,184.81,184.84,184.51,184.51,259.02,47819.2378
1787636700000,2026-08-25T05:45:00Z,184.51,184.64,184.51,184.62,13.11,2420.5602
1787637000000,2026-08-25T05:50:00Z,184.62,184.87,184.62,184.86,1.88,347.5033
1787637300000,2026-08-25T05:55:00Z,184.86,184.88,184.62,184.62,37.17,6869.7402
1787637600000,2026-08-25T06:00:00Z,184.62,184.76,184.62,184.76,4.74,875.6559
1787637900000,2026-08-25T06:05:00Z,184.76,184.78,184.67,184.78,2.61,482.223
1787638200000,2026-08-25T06:10:00Z,184.78,184.8,184.78,184.8,16.98,3137.5656
1787638500000,2026-08-25T06:15:00Z,184.8,185.21,184.8,185.21,86.92,16084.3374
1787638800000,2026-08-25T06:20:00Z,185.21,185.27,185.02,185.11,56.7,10498.846
1787639100000,2026-08-25T06:25:00Z,185.11,185.11,184.95,185.08,86.38,15983.1358
1787639400000,2026-08-25T06:30:00Z,185.08,185.08,184.75,184.79,13.89,2566.8488
1787639700000,2026-08-25T06:35:00Z,184.79,184.86,184.5,184.54,7.54,1392.2013
1787640000000,2026-08-25T06:40:00Z,184.54,184.57,184.43,184.57,9.22,1701.2156
1787640300000,2026-08-25T06:45:00Z,184.57,184.62,184.41,184.41,5.01,924.3074
1787640600000,2026-08-25T06:50:00Z,184.41,184.47,184.37,184.41,6.16,1135.9986
1787640900000,2026-08-25T06:55:00Z,184.41,184.54,184.29,184.54,14.59,2690.4224
1787641200000,2026-08-25T07:00:00Z,184.54,185.01,184.54,185.01,14.53,2684.7275
1787641500000,2026-08-25T07:05:00Z,185.01,185.16,185,185.11,14.13,2615.6418
1787641800000,2026-08-25T07:10:00Z,185.11,185.38,185.1,185.35,17.36,3215.2048
1787642100000,2026-08-25T07:15:00Z,185.35,185.43,185.09,185.1,28.09,5204.4361
1787642400000,2026-08-25T07:20:00Z,185.1,185.36,185.1,185.29,83.73,15509.0627
1787642700000,2026-08-25T07:25:00Z,185.29,185.31,185.15,185.29,84,15554.8774
1787643000000,2026-08-25T07:30:00Z,185.29,185.3,185.1,185.1,12.61,2334.7972
1787643300000,2026-08-25T07:35:00Z,185.1,185.1,184.64,184.64,55.8,10308.6481
1787643600000,2026-08-25T07:40:00Z,184.64,184.78,184.64,184.71,55.46,10242.1522
1787643900000,2026-08-25T07:45:00Z,184.71,184.71,183.12,183.48,270.23,49686.1989
1787644200000,2026-08-25T07:50:00Z,183.48,183.55,182.77,183.19,1347.45,246814.7601
1787644500000,2026-08-25T07:55:00Z,183.19,183.19,182.85,183.11,134.76,24670.285
1787644800000,2026-08-25T08:00:00Z,183.11,183.44,182.75,183.14,379.91,69573.2827
1787645100000,2026-08-25T08:05:00Z,183.14,183.46,182.9,183.31,51.82,9492.6157
1787645400000,2026-08-25T08:10:00Z,183.31,183.58,183.31,183.37,31.27,5735.2766
1787645700000,2026-08-25T08:15:00Z,183.37,184.01,183.26,183.75,40.99,7531.5975
1787646000000,2026-08-25T08:20:00Z,183.75,184.29,183.65,184.27,239.45,44034.3417
1787646300000,2026-08-25T08:25:00Z,184.27,184.27,183.99,183.99,52.56,9679.2534
1787646600000,2026-08-25T08:30:00Z,183.99,184.2,183.9,184.12,84.3,15514.1494
1787646900000,2026-08-25T08:35:00Z,184.12,184.19,183.7,183.7,14.58,2683.7618
1787647200000,2026-08-25T08:40:00Z,183.7,183.75,183.35,183.72,24.4,4478.3972
1787647500000,2026-08-25T08:45:00Z,183.72,183.85,183.6,183.6,6.07,1115.7365
1787647800000,2026-08-25T08:50:00Z,183.6,183.6,183,183,23.01,4217.5627
1787648100000,2026-08-25T08:55:00Z,183,183.21,182.95,183.13,39.76,7279.5391
1787648400000,2026-08-25T09:00:00Z,183.13,183.21,182.39,182.54,242.64,44315.2853
1787648700000,2026-08-25T09:05:00Z,182.54,182.56,182.01,182.02,152.55,27811.6221
1787649000000,2026-08-25T09:10:00Z,182.02,182.33,181.49,182.32,94.69,17223.39
1787649300000,2026-08-25T09:15:00Z,182.32,182.39,182.07,182.31,31.38,5717.5141
1787649600000,2026-08-25T09:20:00Z,182.31,182.59,182.27,182.55,30.22,5512.4756
1787649900000,2026-08-25T09:25:00Z,182.55,182.58,182.02,182.25,24.96,4549.7285
1787650200000,2026-08-25T09:30:00Z,182.25,182.69,182.25,182.65,102.8,18747.3699
1787650500000,2026-08-25T09:35:00Z,182.65,182.65,182.03,182.03,51.41,9373.9163
1787650800000,2026-08-25T09:40:00Z,182.03,182.45,182.03,182.18,16.21,2955.9013
1787651100000,2026-08-25T09:45:00Z,182.18,182.18,181.17,181.35,45.31,8225.2056
1787651400000,2026-08-25T09:50:00Z,181.35,181.35,179.42,179.77,326,58858.5895
1787651700000,2026-08-25T09:55:00Z,179.77,180.44,179.75,180.44,51.52,9276.1277
1787652000000,2026-08-25T10:00:00Z,180.44,180.56,179.29,179.9,68.73,12356.6009
1787652300000,2026-08-25T10:05:00Z,179.9,180.04,179.5,179.97,41.68,7494.9355
1787652600000,2026-08-25T10:10:00Z,179.97,180.03,179.27,179.47,41.74,7499.6805
1787652900000,2026-08-25T10:15:00Z,179.47,180.15,179.47,180.15,32.52,5849.3696
1787653200000,2026-08-25T10:20:00Z,180.15,180.33,180.08,180.11,3.83,689.9285
1787653500000,2026-08-25T10:25:00Z,180.11,180.24,180.07,180.07,9.09,1637.8246
1787653800000,2026-08-25T10:30:00Z,180.07,180.54,180.05,180.34,73.7,13288.8395
1787654100000,2026-08-25T10:35:00Z,180.34,180.59,180.34,180.57,4.23,763.5973
1787654400000,2026-08-25T10:40:00Z,180.57,180.77,180.57,180.67,9.15,1653.5596
1787654700000,2026-08-25T10:45:00Z,180.67,181.28,180.67,180.94,21.47,3886.5423
1787655000000,2026-08-25T10:50:00Z,180.94,181.24,180.88,181.04,36.39,6589.028
1787655300000,2026-08-25T10:55:00Z,181.04,181.15,181.01,181.01,2.96,536.0296
1787655600000,2026-08-25T11:00:00Z,181.01,181.01,180.56,180.63,15.16,2739.229
1787655900000,2026-08-25T11:05:00Z,180.63,180.8,179.98,180.18,289.7,52191.6387
1787656200000,2026-08-25T11:10:00Z,180.18,180.27,179.88,179.96,26.49,4768.3003
1787656500000,2026-08-25T11:15:00Z,179.96,180.49,179.8,180.36,85.07,15341.6895
1787656800000,2026-08-25T11:20:00Z,180.36,180.54,180.33,180.42,8.66,1562.8154
1787657100000,2026-08-25T11:25:00Z,180.42,180.42,179.96,180.31,22.99,4139.2901
1787657400000,2026-08-25T11:30:00Z,180.31,180.39,180.29,180.33,0.45,81.1434
1787657700000,2026-08-25T11:35:00Z,180.33,181.18,180.33,180.94,44.92,8124.7526
1787658000000,2026-08-25T11:40:00Z,180.94,180.94,180.3,180.3,22.66,4093.1462
1787658300000,2026-08-25T11:45:00Z,180.3,180.3,179.82,179.82,118.65,21370.7702
1787658600000,2026-08-25T11:50:00Z,179.82,180.23,179.82,179.89,37,6662.7336
1787658900000,2026-08-25T11:55:00Z,179.89,179.89,179.55,179.76,32.95,5920.6929
1787659200000,2026-08-25T12:00:00Z,179.76,179.79,179.19,179.21,147.75,26496.3496
1787659500000,2026-08-25T12:05:00Z,179.21,179.21,178.3,178.51,205.6,36727.925
1787659800000,2026-08-25T12:10:00Z,178.51,178.76,178.15,178.72,21.8,3892.6969
1787660100000,2026-08-25T12:15:00Z,178.72,178.78,178.37,178.78,23.05,4117.315
1787660400000,2026-08-25T12:20:00Z,178.78,178.78,178.12,178.61,39.66,7076.7558
1787660700000,2026-08-25T12:25:00Z,178.61,178.79,177.98,178.79,54.15,9651.5412
1787661000000,2026-08-25T12:30:00Z,178.79,179.02,178.4,178.96,25.87,4626.9829
1787661300000,2026-08-25T12:35:00Z,178.96,179.14,178.96,179.04,13.8,2471.1668
1787661600000,2026-08-25T12:40:00Z,179.04,179.33,178.62,179.15,30.22,5408.0866
1787661900000,2026-08-25T12:45:00Z,179.15,179.66,178.8,179.51,35.04,6283.2935
1787662200000,2026-08-25T12:50:00Z,179.51,179.77,179.51,179.64,9.16,1645.8084
1787662500000,2026-08-25T12:55:00Z,179.64,179.84,179.64,179.73,3.74,672.4586
1787662800000,2026-08-25T13:00:00Z,179.73,180.07,179.61,180.07,57.87,10401.6137
1787663100000,2026-08-25T13:05:00Z,180.07,180.07,179.53,179.68,33.22,5974.5907
1787663400000,2026-08-25T13:10:00Z,179.68,179.72,179.09,179.12,177.15,31784.5792
1787663700000,2026-08-25T13:15:00Z,179.12,179.12,178.84,178.92,98.86,17699.2735
1787664000000,2026-08-25T13:20:00Z,178.92,179.07,178.14,178.52,35.86,6405.3872
1787664300000,2026-08-25T13:25:00Z,178.52,178.52,176.14,176.45,1114.74,197560.4825
1787664600000,2026-08-25T13:30:00Z,176.45,179.61,175.26,179.41,1447.53,256226.7554
1787664900000,2026-08-25T13:35:00Z,179.41,182.03,179.07,181.05,501.04,90813.1089
1787665200000,2026-08-25T13:40:00Z,181.05,181.92,178.56,178.66,384.71,69414.2803
1787665500000,2026-08-25T13:45:00Z,178.66,179.6,177.2,177.59,513.41,91634.8183
1787665800000,2026-08-25T13:50:00Z,177.59,178.05,175.88,176.8,301.95,53305.3646
1787666100000,2026-08-25T13:55:00Z,176.8,179.32,176.8,179.32,463.4,82502.0531
1787666400000,2026-08-25T14:00:00Z,179.32,181.15,179.01,181.14,302.66,54561.1677
1787666700000,2026-08-25T14:05:00Z,181.14,182.14,181.08,182.14,263.99,47913.3138
1787667000000,2026-08-25T14:10:00Z,182.14,183.91,182.14,183.6,145.63,26677.9038
1787667300000,2026-08-25T14:15:00Z,183.6,183.6,182.26,182.88,373.56,68261.0262
1787667600000,2026-08-25T14:20:00Z,182.88,184.33,182.62,184.33,281.17,51528.6755
1787667900000,2026-08-25T14:25:00Z,184.33,186.16,184.03,185.56,308.38,57039.8409
1787668200000,2026-08-25T14:30:00Z,185.56,186.73,184.39,185.47,801.7,148397.6963
1787668500000,2026-08-25T14:35:00Z,185.47,186.75,185.39,186.16,147.14,27400.2703
1787668800000,2026-08-25T14:40:00Z,186.16,186.16,185.28,186.01,167.46,31111.318
1787669100000,2026-08-25T14:45:00Z,186.01,186.52,185.81,186.04,44.12,8216.6127
1787669400000,2026-08-25T14:50:00Z,186.04,186.43,185.28,185.41,47.22,8779.4128
1787669700000,2026-08-25T14:55:00Z,185.41,186.87,185.41,186.81,142.99,26644.1693
1787670000000,2026-08-25T15:00:00Z,186.81,186.91,185.04,185.04,88.29,16437.8725
1787670300000,2026-08-25T15:05:00Z,185.04,186,184.72,185.65,88.18,16351.1625
1787670600000,2026-08-25T15:10:00Z,185.65,185.65,184.66,184.73,52.92,9798.8264
1787670900000,2026-08-25T15:15:00Z,184.73,185.35,184.46,185.12,47.54,8798.0393
1787671200000,2026-08-25T15:20:00Z,185.12,185.42,184.91,185.17,39.42,7296.2157
1787671500000,2026-08-25T15:25:00Z,185.17,185.28,184.7,185.28,27.5,5086.0168
1787671800000,2026-08-25T15:30:00Z,185.28,185.36,185.02,185.23,27.31,5057.7364
1787672100000,2026-08-25T15:35:00Z,185.23,186.95,185.23,186.43,141.54,26358.0743
1787672400000,2026-08-25T15:40:00Z,186.43,186.72,186.09,186.65,486.63,90669.1941
1787672700000,2026-08-25T15:45:00Z,186.65,186.65,185.66,186.25,17.36,3233.1526
1787673000000,2026-08-25T15:50:00Z,186.25,186.61,185.9,185.97,37.94,7063.5163
1787673300000,2026-08-25T15:55:00Z,185.97,186.81,185.97,186.71,23.73,4426.7057
1787673600000,2026-08-25T16:00:00Z,186.71,187,186.66,186.84,15.46,2889.4053
1787673900000,2026-08-25T16:05:00Z,186.84,186.84,186.33,186.47,1260.91,235092.2853
1787674200000,2026-08-25T16:10:00Z,186.47,186.85,185.93,186.09,15.99,2978.2911
1787674500000,2026-08-25T16:15:00Z,186.09,186.09,185.56,185.78,16.85,3130.31
1787674800000,2026-08-25T16:20:00Z,185.78,185.83,185.43,185.54,18.53,3439.5532
1787675100000,2026-08-25T16:25:00Z,185.54,185.61,185.33,185.48,9.94,1843.4355
1787675400000,2026-08-25T16:30:00Z,185.48,186.17,185.48,185.95,19.25,3580.6337
1787675700000,2026-08-25T16:35:00Z,185.95,186.66,185.95,186.34,23.75,4426.7202
1787676000000,2026-08-25T16:40:00Z,186.34,186.95,186.34,186.73,96.8,18082.8913
1787676300000,2026-08-25T16:45:00Z,186.73,188.1,186.72,187.68,614.58,115519.2992
1787676600000,2026-08-25T16:50:00Z,187.68,187.72,187.03,187.18,62.23,11667.9495
1787676900000,2026-08-25T16:55:00Z,187.18,187.71,187.01,187.68,10.99,2059.8433
1787677200000,2026-08-25T17:00:00Z,187.68,187.87,187.46,187.63,15.4,2891.6526
1787677500000,2026-08-25T17:05:00Z,187.63,188.08,187.63,188.02,10.44,1961.88
1787677800000,2026-08-25T17:10:00Z,188.02,188.52,188,188.15,61.75,11625.2365
1787678100000,2026-08-25T17:15:00Z,188.15,188.45,188.09,188.41,23.97,4513.2596
1787678400000,2026-08-25T17:20:00Z,188.41,188.62,188.03,188.07,32.85,6186.0326
1787678700000,2026-08-25T17:25:00Z,188.07,188.33,187.51,187.51,523.92,98431.3148
1787679000000,2026-08-25T17:30:00Z,187.51,188.23,187.51,188.2,19.8,3723.9782
1787679300000,2026-08-25T17:35:00Z,188.2,188.2,187.51,187.71,23.3,4374.9206
1787679600000,2026-08-25T17:40:00Z,187.71,188.33,187.71,188.12,12.45,2342.5884
1787679900000,2026-08-25T17:45:00Z,188.12,188.7,188.01,188.54,8.21,1546.4347
1787680200000,2026-08-25T17:50:00Z,188.54,188.83,188.32,188.53,26.07,4916.1965
1787680500000,2026-08-25T17:55:00Z,188.53,188.53,188.07,188.31,24.01,4520.1331
1787680800000,2026-08-25T18:00:00Z,188.31,189,188.31,188.87,9.64,1819.2652
1787681100000,2026-08-25T18:05:00Z,188.87,188.87,188.05,188.21,16.99,3197.4198
1787681400000,2026-08-25T18:10:00Z,188.21,188.77,188.21,188.77,17.94,3382.9795
1787681700000,2026-08-25T18:15:00Z,188.77,188.77,188.05,188.17,51.64,9715.5246
1787682000000,2026-08-25T18:20:00Z,188.17,188.33,187.89,188.25,26.53,4994.0796
1787682300000,2026-08-25T18:25:00Z,188.25,188.49,188.09,188.48,16.92,3185.8931
1787682600000,2026-08-25T18:30:00Z,188.48,188.49,187.89,188.26,87.82,16523.6151
1787682900000,2026-08-25T18:35:00Z,188.26,188.66,187.9,188.66,27.62,5196.6574
1787683200000,2026-08-25T18:40:00Z,188.66,188.86,188.26,188.26,97.49,18392.5395
1787683500000,2026-08-25T18:45:00Z,188.26,188.84,188.26,188.68,44.55,8404.6638
1787683800000,2026-08-25T18:50:00Z,188.68,188.72,188.43,188.51,18.12,3417.0717
1787684100000,2026-08-25T18:55:00Z,188.51,189.23,188.44,189.23,66.96,12639.8862
1787684400000,2026-08-25T19:00:00Z,189.23,189.27,188.64,188.68,29.71,5618.5957
1787684700000,2026-08-25T19:05:00Z,188.68,188.8,188.51,188.62,19.96,3765.31
1787685000000,2026-08-25T19:10:00Z,188.62,189.11,188.44,189.11,14.55,2746.2395
1787685300000,2026-08-25T19:15:00Z,189.11,189.11,188.18,188.53,13.28,2503.4979
1787685600000,2026-08-25T19:20:00Z,188.53,188.9,188.38,188.78,9.34,1761.3957
1787685900000,2026-08-25T19:25:00Z,188.78,188.78,188.14,188.19,49.16,9256.5727
1787686200000,2026-08-25T19:30:00Z,188.19,188.19,187.46,187.56,74.78,14027.8542
1787686500000,2026-08-25T19:35:00Z,187.56,187.75,187.13,187.13,26.62,4991.1281
1787686800000,2026-08-25T19:40:00Z,187.13,187.36,186.67,186.67,13.63,2548.0991
1787687100000,2026-08-25T19:45:00Z,186.67,186.98,186.39,186.94,22.58,4215.7278
1787687400000,2026-08-25T19:50:00Z,186.94,187.28,186.45,186.99,196.49,36706.1209
1787687700000,2026-08-25T19:55:00Z,186.99,187.43,186.39,187.43,27.59,5155.8975
1787688000000,2026-08-25T20:00:00Z,187.43,187.48,187.01,187.18,47.04,8807.2017
1787688300000,2026-08-25T20:05:00Z,187.18,187.3,187.15,187.29,3.94,737.8034
1787688600000,2026-08-25T20:10:00Z,187.29,187.29,186.98,187.1,14.18,2653.0199
1787688900000,2026-08-25T20:15:00Z,187.1,187.15,186.82,187.15,31.04,5803.6381
1787689200000,2026-08-25T20:20:00Z,187.15,187.15,186.88,187.09,12.1,2262.5448
1787689500000,2026-08-25T20:25:00Z,187.09,187.14,186.82,186.82,7.02,1313.3098
1787689800000,2026-08-25T20:30:00Z,186.82,186.86,186.61,186.72,49.46,9234.1993
1787690100000,2026-08-25T20:35:00Z,186.72,186.74,186.27,186.33,174.96,32625.4944
1787690400000,2026-08-25T20:40:00Z,186.33,186.44,186.06,186.14,101.88,18977.5616
1787690700000,2026-08-25T20:45:00Z,186.14,186.18,185.71,185.79,48.69,9048.6949
1787691000000,2026-08-25T20:50:00Z,185.79,186.21,185.79,186.18,64.68,12032.864
1787691300000,2026-08-25T20:55:00Z,186.18,186.18,185.92,186.07,54.74,10179.1397
1787691600000,2026-08-25T21:00:00Z,186.07,186.18,185.85,185.98,25.37,4718.5788
1787691900000,2026-08-25T21:05:00Z,185.98,186.11,185.36,185.57,76.01,14104.2205
1787692200000,2026-08-25T21:10:00Z,185.57,186.01,185.5,185.81,19.83,3679.7678
1787692500000,2026-08-25T21:15:00Z,185.81,186.07,185.7,186.01,18.86,3506.0072
1787692800000,2026-08-25T21:20:00Z,186.01,186.01,185.76,185.86,11.95,2220.1435
1787693100000,2026-08-25T21:25:00Z,185.86,186.19,185.86,185.99,38.14,7094.588
1787693400000,2026-08-25T21:30:00Z,185.99,186.09,185.76,186.05,24.7,4591.7209
1787693700000,2026-08-25T21:35:00Z,186.05,186.19,186.01,186.19,16.43,3057.7528
1787694000000,2026-08-25T21:40:00Z,186.19,186.59,186.19,186.47,30.94,5768.5579
1787694300000,2026-08-25T21:45:00Z,186.47,186.5,186.41,186.5,9.7,1808.2942
1787694600000,2026-08-25T21:50:00Z,186.5,186.6,186.42,186.52,23.22,4330.13
1787694900000,2026-08-25T21:55:00Z,186.52,186.52,186.31,186.47,26.4,4920.9821
1787695200000,2026-08-25T22:00:00Z,186.47,186.62,186.29,186.62,10.68,1991.6504
1787695500000,2026-08-25T22:05:00Z,186.62,187,186.62,186.85,7.35,1372.8867
1787695800000,2026-08-25T22:10:00Z,186.85,186.92,186.81,186.9,3.95,738.0779
1787696100000,2026-08-25T22:15:00Z,186.9,186.99,186.76,186.82,7.8,1457.95
1787696400000,2026-08-25T22:20:00Z,186.82,186.94,186.75,186.75,5.77,1077.8012
1787696700000,2026-08-25T22:25:00Z,186.75,186.75,186.54,186.54,3.33,621.3516
1787697000000,2026-08-25T22:30:00Z,186.54,186.64,186.42,186.63,5.43,1012.7985
1787697300000,2026-08-25T22:35:00Z,186.63,186.68,186.58,186.62,7.59,1416.4737
1787697600000,2026-08-25T22:40:00Z,186.62,186.68,186.54,186.54,6.09,1136.5677
1787697900000,2026-08-25T22:45:00Z,186.54,186.63,186.53,186.56,20.36,3798.8248
1787698200000,2026-08-25T22:50:00Z,186.56,186.81,186.56,186.81,1.51,281.9812
1787698500000,2026-08-25T22:55:00Z,186.81,186.97,186.81,186.97,10.69,1998.7093
1787698800000,2026-08-25T23:00:00Z,186.97,187.02,186.97,186.98,0.56,104.7112
1787699100000,2026-08-25T23:05:00Z,186.98,187.06,186.87,186.87,6.03,1127.3401
1787699400000,2026-08-25T23:10:00Z,186.87,186.87,186.73,186.79,1.56,291.3268
1787699700000,2026-08-25T23:15:00Z,186.79,186.85,186.61,186.62,13.08,2441.4072
1787700000000,2026-08-25T23:20:00Z,186.62,186.7,186.57,186.57,1.58,294.9006
1787700300000,2026-08-25T23:25:00Z,186.57,186.67,186.51,186.67,15.06,2809.9212
1787700600000,2026-08-25T23:30:00Z,186.67,186.67,186.67,186.67,0,0
1787700900000,2026-08-25T23:35:00Z,186.67,186.67,186.38,186.46,9.14,1704.1488
1787701200000,2026-08-25T23:40:00Z,186.46,186.46,186.33,186.33,8.24,1535.6812
1787701500000,2026-08-25T23:45:00Z,186.33,186.33,185.98,185.99,16.25,3023.9352
1787701800000,2026-08-25T23:50:00Z,185.99,186.08,185.94,186.03,5,930.2158
1787702100000,2026-08-25T23:55:00Z,186.03,186.13,185.97,186.1,20.95,3898.6063
1787702400000,2026-08-26T00:00:00Z,186.1,186.36,185.77,186.06,65.45,12184.2118
1787702700000,2026-08-26T00:05:00Z,186.06,186.06,185.62,185.62,28.72,5336.6963
1787703000000,2026-08-26T00:10:00Z,185.62,185.85,185.55,185.65,104.36,19376.6818
1787703300000,2026-08-26T00:15:00Z,185.65,186.09,185.45,186.03,29.3,5442.4704
1787703600000,2026-08-26T00:20:00Z,186.03,186.03,185.75,185.82,9.07,1685.0394
1787703900000,2026-08-26T00:25:00Z,185.82,185.94,185.68,185.89,10.94,2032.787
1787704200000,2026-08-26T00:30:00Z,185.89,186.33,185.89,186.33,1.84,342.4958
1787704500000,2026-08-26T00:35:00Z,186.33,186.33,185.62,185.69,25.81,4795.6632
1787704800000,2026-08-26T00:40:00Z,185.69,185.73,185.49,185.65,67.16,12469.9456
1787705100000,2026-08-26T00:45:00Z,185.65,185.67,185.27,185.61,86.21,15988.6415
1787705400000,2026-08-26T00:50:00Z,185.61,186.02,185.58,185.92,11.61,2157.1583
1787705700000,2026-08-26T00:55:00Z,185.92,185.99,185.81,185.81,18.71,3478.3642
1787706000000,2026-08-26T01:00:00Z,185.81,186.39,185.81,186.39,22.31,4156.296
1787706300000,2026-08-26T01:05:00Z,186.39,186.95,186.39,186.73,28.24,5277.0208
1787706600000,2026-08-26T01:10:00Z,186.73,186.74,186.39,186.39,9.89,1846.2471
1787706900000,2026-08-26T01:15:00Z,186.39,186.73,186.37,186.54,17.94,3347.0869
1787707200000,2026-08-26T01:20:00Z,186.54,186.75,186.4,186.49,25.53,4760.9664
1787707500000,2026-08-26T01:25:00Z,186.49,186.49,186.07,186.09,25.77,4797.265
1787707800000,2026-08-26T01:30:00Z,186.09,186.47,186.09,186.47,12.4,2311.1348
1787708100000,2026-08-26T01:35:00Z,186.47,187,186.47,186.84,10.45,1951.4013
1787708400000,2026-08-26T01:40:00Z,186.84,186.84,186.53,186.53,1.07,199.6417
1787708700000,2026-08-26T01:45:00Z,186.53,186.53,186.32,186.32,5.36,998.9926
1787709000000,2026-08-26T01:50:00Z,186.32,186.32,186.23,186.32,2.08,387.4446
1787709300000,2026-08-26T01:55:00Z,186.32,186.36,186.27,186.36,1,186.315
1787709600000,2026-08-26T02:00:00Z,186.36,186.47,186.36,186.42,2.06,384.0365
1787709900000,2026-08-26T02:05:00Z,186.42,186.46,186.27,186.36,13.48,2512.0699
1787710200000,2026-08-26T02:10:00Z,186.36,186.64,186.36,186.61,1.07,199.6781
1787710500000,2026-08-26T02:15:00Z,186.61,187.05,186.53,186.98,8.09,1511.3488
1787710800000,2026-08-26T02:20:00Z,186.98,186.98,186.91,186.96,2.39,446.8425
1787711100000,2026-08-26T02:25:00Z,186.96,187.65,186.96,187.65,16.08,3011.8667
1787711400000,2026-08-26T02:30:00Z,187.65,187.67,187.61,187.64,1.13,212.0332
1787711700000,2026-08-26T02:35:00Z,187.64,187.64,187.52,187.52,0.49,91.8996
1787712000000,2026-08-26T02:40:00Z,187.52,187.68,187.52,187.65,7.81,1465.1744
1787712300000,2026-08-26T02:45:00Z,187.65,187.65,187.45,187.45,4.57,856.7753
1787712600000,2026-08-26T02:50:00Z,187.45,187.55,187.35,187.36,8.01,1501.6782
1787712900000,2026-08-26T02:55:00Z,187.36,187.49,187.36,187.49,3.19,597.9859
1787713200000,2026-08-26T03:00:00Z,187.49,187.5,187.41,187.45,8.63,1617.4276
1787713500000,2026-08-26T03:05:00Z,187.45,187.45,187.21,187.21,8.53,1597.8385
1787713800000,2026-08-26T03:10:00Z,187.21,187.31,187.2,187.3,2.7,505.6697
1787714100000,2026-08-26T03:15:00Z,187.3,187.3,187.24,187.24,0.99,185.3996
1787714400000,2026-08-26T03:20:00Z,187.24,187.34,187.21,187.34,34.75,6506.2738
1787714700000,2026-08-26T03:25:00Z,187.34,187.34,187.09,187.1,8.84,1654.6185
1787715000000,2026-08-26T03:30:00Z,187.1,187.1,186.95,186.96,13.75,2570.7376
1787715300000,2026-08-26T03:35:00Z,186.96,187.35,186.94,187.26,14.38,2691.7717
1787715600000,2026-08-26T03:40:00Z,187.26,187.26,187.12,187.24,1.76,329.4512
1787715900000,2026-08-26T03:45:00Z,187.24,187.25,187.14,187.18,5.31,994.0509
1787716200000,2026-08-26T03:50:00Z,187.18,187.27,187.14,187.26,0.96,179.731
1787716500000,2026-08-26T03:55:00Z,187.26,187.39,187.26,187.32,6.88,1289.1032
1787716800000,2026-08-26T04:00:00Z,187.32,187.37,187.29,187.32,12.62,2364.0004
1787717100000,2026-08-26T04:05:00Z,187.32,187.51,187.32,187.51,6.69,1253.8637
1787717400000,2026-08-26T04:10:00Z,187.51,187.65,187.26,187.28,16.12,3022.4606
1787717700000,2026-08-26T04:15:00Z,187.28,187.48,187.28,187.48,0.49,91.8652
1787718000000,2026-08-26T04:20:00Z,187.48,187.51,187.45,187.48,6,1124.8748
1787718300000,2026-08-26T04:25:00Z,187.48,187.52,187.43,187.46,5.01,939.193
1787718600000,2026-08-26T04:30:00Z,187.46,187.49,187.23,187.23,2.37,444.1583
1787718900000,2026-08-26T04:35:00Z,187.23,187.23,187.14,187.14,1,187.14
1787719200000,2026-08-26T04:40:00Z,187.14,187.15,187.11,187.15,3.72,696.1201
1787719500000,2026-08-26T04:45:00Z,187.15,187.15,186.65,186.78,23.88,4461.1878
1787719800000,2026-08-26T04:50:00Z,186.78,186.84,186.78,186.79,0.56,104.6279
1787720100000,2026-08-26T04:55:00Z,186.79,186.79,186.64,186.73,2.58,481.7182
1787720400000,2026-08-26T05:00:00Z,186.73,186.73,186.56,186.56,3.99,744.7654
1787720700000,2026-08-26T05:05:00Z,186.56,186.56,186.25,186.49,42,7826.9102
1787721000000,2026-08-26T05:10:00Z,186.49,186.74,186.49,186.62,21.34,3981.9669
1787721300000,2026-08-26T05:15:00Z,186.62,186.62,186.48,186.51,2.36,440.2278
1787721600000,2026-08-26T05:20:00Z,186.51,186.89,186.51,186.89,1.25,233.4688
1787721900000,2026-08-26T05:25:00Z,186.89,187,186.89,186.95,2.97,555.2313
1787722200000,2026-08-26T05:30:00Z,186.95,187.28,186.95,187.15,23.1,4323.2078
1787722500000,2026-08-26T05:35:00Z,187.15,187.24,187.1,187.24,2.06,385.5512
1787722800000,2026-08-26T05:40:00Z,187.24,187.24,187.2,187.2,0.73,136.6656
1787723100000,2026-08-26T05:45:00Z,187.2,187.2,187.08,187.08,0.52,97.2843
1787723400000,2026-08-26T05:50:00Z,187.08,187.08,186.84,186.84,40.17,7514.5038
1787723700000,2026-08-26T05:55:00Z,186.84,187.04,186.84,186.99,4.2,785.3961
1787724000000,2026-08-26T06:00:00Z,186.99,187.09,186.94,187.09,4.9,916.4458
1787724300000,2026-08-26T06:05:00Z,187.09,187.37,187.09,187.26,12.5,2341.5646
1787724600000,2026-08-26T06:10:00Z,187.26,187.29,187.04,187.04,5.07,948.5486
1787724900000,2026-08-26T06:15:00Z,187.04,187.06,187.03,187.03,0.83,155.258
1787725200000,2026-08-26T06:20:00Z,187.03,187.03,186.76,186.76,5.03,939.5372
1787725500000,2026-08-26T06:25:00Z,186.76,186.86,186.69,186.78,1.82,339.9764
1787725800000,2026-08-26T06:30:00Z,186.78,186.78,186.63,186.77,3.41,636.8115
1787726100000,2026-08-26T06:35:00Z,186.77,186.91,186.7,186.77,18.74,3500.7188
1787726400000,2026-08-26T06:40:00Z,186.77,186.89,186.76,186.87,7.33,1369.6464
1787726700000,2026-08-26T06:45:00Z,186.87,186.96,186.87,186.88,2.58,482.267
1787727000000,2026-08-26T06:50:00Z,186.88,186.88,186.76,186.78,1.51,282.0433
1787727300000,2026-08-26T06:55:00Z,186.78,186.9,186.75,186.89,3.76,702.5373
1787727600000,2026-08-26T07:00:00Z,186.89,186.92,186.68,186.92,25.57,4774.0221
1787727900000,2026-08-26T07:05:00Z,186.92,187.16,186.87,186.88,3.63,678.393
1787728200000,2026-08-26T07:10:00Z,186.88,186.88,186.77,186.79,0.8,149.4308
1787728500000,2026-08-26T07:15:00Z,186.79,186.91,186.79,186.86,2.31,431.7074
1787728800000,2026-08-26T07:20:00Z,186.86,186.86,186.59,186.59,3.32,619.766
1787729100000,2026-08-26T07:25:00Z,186.59,186.73,186.59,186.67,0.56,104.5488
1787729400000,2026-08-26T07:30:00Z,186.67,186.67,186.48,186.54,3.32,619.4015
1787729700000,2026-08-26T07:35:00Z,186.54,186.76,186.54,186.75,13.49,2518.7186
1787730000000,2026-08-26T07:40:00Z,186.75,186.78,186.7,186.74,2.95,550.8789
1787730300000,2026-08-26T07:45:00Z,186.74,186.86,186.73,186.78,1.54,287.6988
1787730600000,2026-08-26T07:50:00Z,186.78,186.78,186.66,186.66,0.74,138.1431
1787730900000,2026-08-26T07:55:00Z,186.66,186.74,186.54,186.58,3.53,658.777
1787731200000,2026-08-26T08:00:00Z,186.58,186.7,186.29,186.64,26.78,4995.3809
1787731500000,2026-08-26T08:05:00Z,186.64,186.91,186.29,186.79,39.82,7423.5414
1787731800000,2026-08-26T08:10:00Z,186.79,186.95,186.69,186.69,5.19,969.7211
1787732100000,2026-08-26T08:15:00Z,186.69,186.69,186.54,186.57,28.22,5267.601
1787732400000,2026-08-26T08:20:00Z,186.57,186.57,186.32,186.41,37.63,7014.8125
1787732700000,2026-08-26T08:25:00Z,186.41,186.71,186.41,186.67,6.74,1258.0412
1787733000000,2026-08-26T08:30:00Z,186.67,186.75,186.56,186.6,7.62,1422.2885
1787733300000,2026-08-26T08:35:00Z,186.6,186.6,186.38,186.38,1.13,210.6118
1787733600000,2026-08-26T08:40:00Z,186.38,186.61,186.38,186.61,4.03,751.9584
1787733900000,2026-08-26T08:45:00Z,186.61,186.61,186.61,186.61,0,0
1787734200000,2026-08-26T08:50:00Z,186.61,186.61,185.67,185.67,20.11,3742.288
1787734500000,2026-08-26T08:55:00Z,185.67,185.67,184.97,185.3,115.05,21291.749
1787734800000,2026-08-26T09:00:00Z,185.3,185.78,185.3,185.6,94.56,17558.7743
1787735100000,2026-08-26T09:05:00Z,185.6,185.75,185.44,185.47,21.64,4015.2495
1787735400000,2026-08-26T09:10:00Z,185.47,185.64,185.47,185.62,6.03,1119.0015
1787735700000,2026-08-26T09:15:00Z,185.62,185.62,184.69,184.69,39.65,7337.2236
1787736000000,2026-08-26T09:20:00Z,184.69,184.83,184.46,184.46,16.34,3018.2177
1787736300000,2026-08-26T09:25:00Z,184.46,184.85,184.46,184.85,2.08,384.4473
1787736600000,2026-08-26T09:30:00Z,184.85,185.17,184.85,184.96,7.38,1365.8869
1787736900000,2026-08-26T09:35:00Z,184.96,185.07,184.88,185.07,6.9,1276.6002
1787737200000,2026-08-26T09:40:00Z,185.07,185.07,184.7,184.76,45.93,8489.5794
1787737500000,2026-08-26T09:45:00Z,184.76,184.92,184.39,184.54,35.02,6466.4685
1787737800000,2026-08-26T09:50:00Z,184.54,184.89,184.54,184.89,27.07,5002.1714
1787738100000,2026-08-26T09:55:00Z,184.89,184.89,184.71,184.71,0.19,35.0956
1787738400000,2026-08-26T10:00:00Z,184.71,184.95,184.71,184.85,6.11,1129.5167
1787738700000,2026-08-26T10:05:00Z,184.85,184.85,184.56,184.56,10.98,2028.3484
1787739000000,2026-08-26T10:10:00Z,184.56,184.78,184.46,184.77,59.26,10933.7449
1787739300000,2026-08-26T10:15:00Z,184.77,185.25,184.72,185.1,16.28,3010.6056
1787739600000,2026-08-26T10:20:00Z,185.1,185.28,184.95,185.28,11.42,2115.0001
1787739900000,2026-08-26T10:25:00Z,185.28,185.42,185.28,185.42,7.01,1299.3395
1787740200000,2026-08-26T10:30:00Z,185.42,185.58,185.2,185.58,30.04,5572.0486
1787740500000,2026-08-26T10:35:00Z,185.58,185.96,185.55,185.8,11.47,2132.1909
1787740800000,2026-08-26T10:40:00Z,185.8,185.85,185.5,185.61,54.34,10092.5504
1787741100000,2026-08-26T10:45:00Z,185.61,186.23,185.61,186.23,29.99,5570.4522
1787741400000,2026-08-26T10:50:00Z,186.23,186.23,186.08,186.1,8.16,1518.6457
1787741700000,2026-08-26T10:55:00Z,186.1,186.1,185.7,185.78,7.29,1354.467
1787742000000,2026-08-26T11:00:00Z,185.78,185.9,185.65,185.82,13.35,2479.7265
1787742300000,2026-08-26T11:05:00Z,185.82,185.82,185.37,185.49,5.26,975.841
1787742600000,2026-08-26T11:10:00Z,185.49,185.66,185.34,185.61,25.25,4687.0389
1787742900000,2026-08-26T11:15:00Z,185.61,186,185.61,185.8,16.47,3061.3258
1787743200000,2026-08-26T11:20:00Z,185.8,185.8,185.63,185.63,1.88,349.1077
1787743500000,2026-08-26T11:25:00Z,185.63,185.63,185.5,185.63,6.96,1291.3331
1787743800000,2026-08-26T11:30:00Z,185.63,185.63,185.49,185.54,3.02,560.293
1787744100000,2026-08-26T11:35:00Z,185.54,185.54,184.51,184.7,99.99,18469.9923
1787744400000,2026-08-26T11:40:00Z,184.7,185.06,184.7,185.06,73.91,13662.6667
1787744700000,2026-08-26T11:45:00Z,185.06,185.06,184.66,184.83,18.15,3353.0926
1787745000000,2026-08-26T11:50:00Z,184.83,185.06,184.71,184.98,31.23,5769.9298
1787745300000,2026-08-26T11:55:00Z,184.98,185.28,184.98,185.14,1.85,342.5946
1787745600000,2026-08-26T12:00:00Z,185.14,185.18,184.94,185.02,5.53,1023.3255
1787745900000,2026-08-26T12:05:00Z,185.02,185.02,184.72,184.89,16.53,3054.9173
1787746200000,2026-08-26T12:10:00Z,184.89,184.98,184.82,184.82,2.41,445.5072
1787746500000,2026-08-26T12:15:00Z,184.82,184.91,184.68,184.91,1.28,236.4504
1787746800000,2026-08-26T12:20:00Z,184.91,185.46,184.88,185.46,7.39,1369.4249
1787747100000,2026-08-26T12:25:00Z,185.46,185.87,185.46,185.69,31.13,5779.7231
1787747400000,2026-08-26T12:30:00Z,185.69,185.81,184.64,184.71,65.36,12090.1165
1787747700000,2026-08-26T12:35:00Z,184.71,184.75,183.84,183.84,166.04,30567.3023
1787748000000,2026-08-26T12:40:00Z,183.84,184.22,183.84,184.07,137.23,25270.0301
1787748300000,2026-08-26T12:45:00Z,184.07,184.29,183.99,184.06,26.44,4867.1402
1787748600000,2026-08-26T12:50:00Z,184.06,184.32,183.88,183.99,26.23,4827.793
1787748900000,2026-08-26T12:55:00Z,183.99,184.16,183.88,184.12,13.13,2416.6367
1787749200000,2026-08-26T13:00:00Z,184.12,184.12,183.88,183.88,27.3,5022.2036
1787749500000,2026-08-26T13:05:00Z,183.88,183.89,183.31,183.33,51.24,9415.7615
1787749800000,2026-08-26T13:10:00Z,183.33,183.5,183.21,183.5,119.58,21925.9718
1787750100000,2026-08-26T13:15:00Z,183.5,183.6,183.4,183.51,3.84,704.7658
1787750400000,2026-08-26T13:20:00Z,183.51,183.56,183.31,183.46,37.43,6867.7563
1787750700000,2026-08-26T13:25:00Z,183.46,183.49,181.96,182.43,914.96,166984.2231
1787751000000,2026-08-26T13:30:00Z,182.43,184.59,181.37,183.9,1308.09,239324.5914
1787751300000,2026-08-26T13:35:00Z,183.9,184.55,182.92,184.01,309.96,57040.5971
1787751600000,2026-08-26T13:40:00Z,184.01,184.55,182.98,184.25,540.39,99157.4046
1787751900000,2026-08-26T13:45:00Z,184.25,185.5,183.97,185.03,172.03,31797.7601
1787752200000,2026-08-26T13:50:00Z,185.03,185.03,183.32,183.83,71.25,13108.7695
1787752500000,2026-08-26T13:55:00Z,183.83,184.85,183.7,184.84,28.86,5313.9067
1787752800000,2026-08-26T14:00:00Z,184.84,184.84,183.79,183.98,166.28,30604.9143
1787753100000,2026-08-26T14:05:00Z,183.98,184.42,183.85,184.36,67.31,12400.7332
1787753400000,2026-08-26T14:10:00Z,184.36,185,184.05,184.05,47.35,8730.0497
1787753700000,2026-08-26T14:15:00Z,184.05,184.54,183.62,183.88,44.74,8241.3579
1787754000000,2026-08-26T14:20:00Z,183.88,184.06,183.46,183.75,50.23,9232.8392
1787754300000,2026-08-26T14:25:00Z,183.75,184.35,183.11,184.35,80.57,14791.9327
1787754600000,2026-08-26T14:30:00Z,184.35,184.8,183.41,183.65,251.73,46248.0245
1787754900000,2026-08-26T14:35:00Z,183.65,183.97,183.1,183.19,150.33,27603.6683
1787755200000,2026-08-26T14:40:00Z,183.19,183.31,182.79,182.88,81.4,14891.5785
1787755500000,2026-08-26T14:45:00Z,182.88,182.88,182.46,182.51,42.85,7824.0248
1787755800000,2026-08-26T14:50:00Z,182.51,182.75,181.76,181.76,36.87,6719.756
1787756100000,2026-08-26T14:55:00Z,181.76,182.31,180.89,181.21,348.14,63204.4387
1787756400000,2026-08-26T15:00:00Z,181.21,182.13,180.34,182.13,327.59,59349.1497
1787756700000,2026-08-26T15:05:00Z,182.13,182.13,180.1,181.71,596.58,108099.2792
1787757000000,2026-08-26T15:10:00Z,181.71,182.03,181.43,181.58,643.5,117038.6433
1787757300000,2026-08-26T15:15:00Z,181.58,181.8,181.46,181.57,80.9,14694.6152
1787757600000,2026-08-26T15:20:00Z,181.57,182.13,181.57,182.03,29.84,5426.7555
1787757900000,2026-08-26T15:25:00Z,182.03,182.52,181.84,182.46,156.44,28520.7818
1787758200000,2026-08-26T15:30:00Z,182.46,182.46,181.73,181.76,127,23127.6703
1787758500000,2026-08-26T15:35:00Z,181.76,181.96,181.57,181.57,54.22,9852.6176
1787758800000,2026-08-26T15:40:00Z,181.57,182.18,181.48,181.55,73.47,13349.4902
1787759100000,2026-08-26T15:45:00Z,181.55,181.88,181.55,181.81,6.1,1109.1024
1787759400000,2026-08-26T15:50:00Z,181.81,181.81,181.12,181.2,117.13,21229.207
1787759700000,2026-08-26T15:55:00Z,181.2,181.53,181,181.04,27.38,4965.7856
1787760000000,2026-08-26T16:00:00Z,181.04,181.3,180.8,181.26,42.2,7633.5552
1787760300000,2026-08-26T16:05:00Z,181.26,181.43,181.18,181.29,22.82,4136.8213
1787760600000,2026-08-26T16:10:00Z,181.29,181.38,181.05,181.05,7.15,1295.7992
1787760900000,2026-08-26T16:15:00Z,181.05,181.12,180.83,181.12,18.84,3410.2994
1787761200000,2026-08-26T16:20:00Z,181.12,181.37,180.49,180.49,17.4,3153.8022
1787761500000,2026-08-26T16:25:00Z,180.49,180.49,180.21,180.21,3.6,649.2093
1787761800000,2026-08-26T16:30:00Z,180.21,180.46,179.91,180.46,97.35,17520.5006
1787762100000,2026-08-26T16:35:00Z,180.46,180.61,180.02,180.02,15.23,2746.3465
1787762400000,2026-08-26T16:40:00Z,180.02,180.02,179.57,179.76,259.71,46668.162
1787762700000,2026-08-26T16:45:00Z,179.76,180.37,179.76,180.27,11.86,2136.7021
1787763000000,2026-08-26T16:50:00Z,180.27,180.32,179.98,180.3,14.69,2646.9583
1787763300000,2026-08-26T16:55:00Z,180.3,180.57,180.27,180.27,15.65,2823.6097
1787763600000,2026-08-26T17:00:00Z,180.27,180.61,180.27,180.3,13.78,2486.4529
1787763900000,2026-08-26T17:05:00Z,180.3,180.51,180.23,180.31,18.87,3403.348
1787764200000,2026-08-26T17:10:00Z,180.31,180.32,180.09,180.21,30.95,5576.1336
1787764500000,2026-08-26T17:15:00Z,180.21,180.58,180.18,180.52,18.9,3409.363
1787764800000,2026-08-26T17:20:00Z,180.52,180.89,180.51,180.89,24.16,4366.0796
1787765100000,2026-08-26T17:25:00Z,180.89,181.6,180.66,181.6,31.43,5688.0048
1787765400000,2026-08-26T17:30:00Z,181.6,181.98,181.55,181.67,16.89,3070.7371
1787765700000,2026-08-26T17:35:00Z,181.67,181.76,181.58,181.72,4.95,899.2887
1787766000000,2026-08-26T17:40:00Z,181.72,182.08,181.72,181.9,20.75,3775.4918
1787766300000,2026-08-26T17:45:00Z,181.9,181.9,181.42,181.62,35.52,6452.1301
1787766600000,2026-08-26T17:50:00Z,181.62,182.08,181.61,182.08,20.95,3810.9051
1787766900000,2026-08-26T17:55:00Z,182.08,182.08,181.93,181.93,2.73,496.6689
1787767200000,2026-08-26T18:00:00Z,181.93,182.21,181.76,181.84,98.94,18018.4825
1787767500000,2026-08-26T18:05:00Z,181.84,182.4,181.8,182.4,11.58,2107.7164
1787767800000,2026-08-26T18:10:00Z,182.4,182.68,182.4,182.55,39.96,7296.6271
1787768100000,2026-08-26T18:15:00Z,182.55,182.57,182.32,182.57,13.89,2534.0542
1787768400000,2026-08-26T18:20:00Z,182.57,182.86,182.07,182.07,55.66,10147.5335
1787768700000,2026-08-26T18:25:00Z,182.07,182.48,182.07,182.48,9.88,1801.1524
1787769000000,2026-08-26T18:30:00Z,182.48,183,182.47,182.47,13.95,2548.0844
1787769300000,2026-08-26T18:35:00Z,182.47,182.79,182.47,182.55,11.73,2142.542
1787769600000,2026-08-26T18:40:00Z,182.55,182.55,182.28,182.3,2.24,408.4518
1787769900000,2026-08-26T18:45:00Z,182.3,182.52,182.2,182.2,9.28,1692.8822
1787770200000,2026-08-26T18:50:00Z,182.2,182.39,182.2,182.39,1.52,277.1194
1787770500000,2026-08-26T18:55:00Z,182.39,182.45,182.39,182.41,28.95,5280.7904
1787770800000,2026-08-26T19:00:00Z,182.41,182.84,182.34,182.84,10.88,1987.7047
1787771100000,2026-08-26T19:05:00Z,182.84,182.85,182.61,182.66,5.34,975.7095
1787771400000,2026-08-26T19:10:00Z,182.66,183,182.33,182.54,2.18,397.8407
1787771700000,2026-08-26T19:15:00Z,182.54,182.54,182.36,182.43,1.88,342.9285
1787772000000,2026-08-26T19:20:00Z,182.43,182.43,182.08,182.23,3.37,613.8538
1787772300000,2026-08-26T19:25:00Z,182.23,182.78,182.23,182.78,2.4,438.6326
1787772600000,2026-08-26T19:30:00Z,182.78,182.78,182.43,182.46,5.47,998.3177
1787772900000,2026-08-26T19:35:00Z,182.46,182.6,182.09,182.09,6.67,1216.8888
1787773200000,2026-08-26T19:40:00Z,182.09,182.31,182.05,182.31,7.16,1304.5671
1787773500000,2026-08-26T19:45:00Z,182.31,182.36,182.18,182.18,3.65,665.355
1787773800000,2026-08-26T19:50:00Z,182.18,182.21,181.67,181.9,26.11,4753.3557
1787774100000,2026-08-26T19:55:00Z,181.9,182.74,181.81,181.81,286.72,52260.8756
1787774400000,2026-08-26T20:00:00Z,181.81,181.93,181.38,181.7,52.95,9617.7504
1787774700000,2026-08-26T20:05:00Z,181.7,181.78,181.52,181.75,17.78,3230.3724
1787775000000,2026-08-26T20:10:00Z,181.75,181.75,181.4,181.42,9.02,1637.1691
1787775300000,2026-08-26T20:15:00Z,181.42,181.59,181.42,181.59,4.28,777.1943
1787775600000,2026-08-26T20:20:00Z,181.59,181.59,180.82,181.41,110.3,19996.7487
1787775900000,2026-08-26T20:25:00Z,181.41,181.61,181.41,181.47,17.77,3224.8123
1787776200000,2026-08-26T20:30:00Z,181.47,181.55,181.4,181.55,2.52,457.4408
1787776500000,2026-08-26T20:35:00Z,181.55,181.61,181.42,181.61,7.24,1313.671
1787776800000,2026-08-26T20:40:00Z,181.61,181.77,181.61,181.72,4.28,777.8189
1787777100000,2026-08-26T20:45:00Z,181.72,181.95,181.7,181.92,38.02,6909.41
1787777400000,2026-08-26T20:50:00Z,181.92,182.02,181.92,182.02,14.3,2602.864
1787777700000,2026-08-26T20:55:00Z,182.02,182.25,182.02,182.13,45.73,8332.0163
1787778000000,2026-08-26T21:00:00Z,182.13,182.2,182.04,182.16,6.49,1182.1037
1787778300000,2026-08-26T21:05:00Z,182.16,182.52,182.11,182.48,3.48,634.6093
1787778600000,2026-08-26T21:10:00Z,182.48,183.34,182.48,183.34,43.49,7956.7831
1787778900000,2026-08-26T21:15:00Z,183.34,183.73,183.07,183.2,61.19,11228.0711
1787779200000,2026-08-26T21:20:00Z,183.2,183.62,183.2,183.53,5.18,951.0311
1787779500000,2026-08-26T21:25:00Z,183.53,183.53,183.18,183.47,21.99,4030.261
1787779800000,2026-08-26T21:30:00Z,183.47,183.63,183.33,183.54,43.72,8023.3656
1787780100000,2026-08-26T21:35:00Z,183.54,183.54,183.44,183.44,0.58,106.3952
1787780400000,2026-08-26T21:40:00Z,183.44,183.6,183.29,183.52,34.29,6290.4088
1787780700000,2026-08-26T21:45:00Z,183.52,183.52,183.44,183.49,3.05,559.6344
1787781000000,2026-08-26T21:50:00Z,183.49,183.58,183.49,183.58,7.76,1424.2995
1787781300000,2026-08-26T21:55:00Z,183.58,183.58,183.39,183.39,1.4,256.746
1787781600000,2026-08-26T22:00:00Z,183.39,183.61,183.36,183.5,25.96,4763.042
1787781900000,2026-08-26T22:05:00Z,183.5,183.56,183.37,183.44,8.43,1546.5838
1787782200000,2026-08-26T22:10:00Z,183.44,183.44,183.25,183.43,11.12,2038.4487
1787782500000,2026-08-26T22:15:00Z,183.43,183.78,183.39,183.78,30.52,5601.8426
1787782800000,2026-08-26T22:20:00Z,183.78,183.81,183.78,183.81,1.18,216.8958
1787783100000,2026-08-26T22:25:00Z,183.81,183.88,183.79,183.88,2.14,393.325
1787783400000,2026-08-26T22:30:00Z,183.88,183.88,183.71,183.82,10.66,1958.9127
1787783700000,2026-08-26T22:35:00Z,183.82,183.88,183.54,183.54,17.04,3129.3616
1787784000000,2026-08-26T22:40:00Z,183.54,183.61,183.51,183.51,3.03,556.2093
1787784300000,2026-08-26T22:45:00Z,183.51,183.55,183.32,183.32,8.89,1631.38
1787784600000,2026-08-26T22:50:00Z,183.32,183.39,183.32,183.32,6.67,1223.1224
1787784900000,2026-08-26T22:55:00Z,183.32,183.37,183.29,183.34,14.39,2637.8989
1787785200000,2026-08-26T23:00:00Z,183.34,183.54,183.18,183.46,10.76,1972.0711
1787785500000,2026-08-26T23:05:00Z,183.46,183.5,183.2,183.2,3.19,585.0618
1787785800000,2026-08-26T23:10:00Z,183.2,183.25,183.08,183.1,10.97,2009.1302
1787786100000,2026-08-26T23:15:00Z,183.1,183.23,183.1,183.23,4.29,786.0443
1787786400000,2026-08-26T23:20:00Z,183.23,183.51,183.23,183.51,6.01,1102.0931
1787786700000,2026-08-26T23:25:00Z,183.51,183.61,183.44,183.6,7.64,1402.4218
1787787000000,2026-08-26T23:30:00Z,183.6,183.62,183.5,183.5,9.23,1694.129
1787787300000,2026-08-26T23:35:00Z,183.5,183.75,183.5,183.75,41.96,7705.8062
1787787600000,2026-08-26T23:40:00Z,183.75,183.79,183.74,183.79,7.27,1335.922
1787787900000,2026-08-26T23:45:00Z,183.79,184.33,183.79,184.17,21.93,4038.0283
1787788200000,2026-08-26T23:50:00Z,184.17,184.25,184.16,184.25,58.6,10795.4348
1787788500000,2026-08-26T23:55:00Z,184.25,184.57,184.25,184.46,21.54,3973.1107
1787788800000,2026-08-27T00:00:00Z,184.46,184.46,183.88,183.96,106.38,19583.6924
1787789100000,2026-08-27T00:05:00Z,183.96,184.05,183.74,183.86,12.3,2261.2425
1787789400000,2026-08-27T00:10:00Z,183.86,183.95,183.62,183.62,13.32,2447.5313
1787789700000,2026-08-27T00:15:00Z,183.62,183.85,183.46,183.85,17.53,3218.4375
1787790000000,2026-08-27T00:20:00Z,183.85,184.01,183.85,183.93,9.9,1821.024
1787790300000,2026-08-27T00:25:00Z,183.93,183.93,183.74,183.86,4.33,795.7424
1787790600000,2026-08-27T00:30:00Z,183.86,183.86,183.71,183.85,9.96,1830.0651
1787790900000,2026-08-27T00:35:00Z,183.85,183.85,183.36,183.36,23.16,4251.6545
1787791200000,2026-08-27T00:40:00Z,183.36,183.58,183.36,183.51,12.89,2364.77
1787791500000,2026-08-27T00:45:00Z,183.51,183.51,183.21,183.26,7.8,1429.4024
1787791800000,2026-08-27T00:50:00Z,183.26,183.38,183.2,183.2,8.85,1622.0023
1787792100000,2026-08-27T00:55:00Z,183.2,183.3,183.1,183.13,21.67,3968.3116
1787792400000,2026-08-27T01:00:00Z,183.13,183.46,183.13,183.46,11.27,2065.5996
1787792700000,2026-08-27T01:05:00Z,183.46,183.56,183.46,183.56,1.69,310.2164
1787793000000,2026-08-27T01:10:00Z,183.56,183.56,183.21,183.21,18.26,3346.2937
1787793300000,2026-08-27T01:15:00Z,183.21,183.32,183.03,183.32,9.4,1722.1841
1787793600000,2026-08-27T01:20:00Z,183.32,183.46,183.28,183.46,28.65,5254.605
1787793900000,2026-08-27T01:25:00Z,183.46,183.93,183.46,183.93,3.71,681.5644
1787794200000,2026-08-27T01:30:00Z,183.93,184.29,183.93,184.14,536.59,98863.0599
1787794500000,2026-08-27T01:35:00Z,184.14,184.22,184,184.08,35.98,6623.3294
1787794800000,2026-08-27T01:40:00Z,184.08,184.08,183.61,183.73,51.61,9482.9807
1787795100000,2026-08-27T01:45:00Z,183.73,184.22,183.56,184.22,32.92,6056.0391
1787795400000,2026-08-27T01:50:00Z,184.22,184.46,184.22,184.28,51.41,9477.2743
1787795700000,2026-08-27T01:55:00Z,184.28,184.39,184.11,184.11,8.14,1499.3838
1787796000000,2026-08-27T02:00:00Z,184.11,184.26,184.11,184.21,6.9,1270.8447
1787796300000,2026-08-27T02:05:00Z,184.21,184.29,184.19,184.29,17.41,3207.9833
1787796600000,2026-08-27T02:10:00Z,184.29,184.37,184.21,184.25,2.51,462.4791
1787796900000,2026-08-27T02:15:00Z,184.25,184.25,183.97,184.03,25.88,4763.2291
1787797200000,2026-08-27T02:20:00Z,184.03,184.12,184.03,184.08,2.73,502.5528
1787797500000,2026-08-27T02:25:00Z,184.08,184.08,183.88,183.93,9.5,1747.0347
1787797800000,2026-08-27T02:30:00Z,183.93,184.05,183.88,184.05,6.54,1203.0031
1787798100000,2026-08-27T02:35:00Z,184.05,184.07,183.87,184.07,8,1472.0096
1787798400000,2026-08-27T02:40:00Z,184.07,184.09,184.01,184.02,6.82,1255.2243
1787798700000,2026-08-27T02:45:00Z,184.02,184.06,184.02,184.03,5.46,1004.8996
1787799000000,2026-08-27T02:50:00Z,184.03,184.11,183.9,183.9,19.76,3635.8081
1787799300000,2026-08-27T02:55:00Z,183.9,183.9,183.76,183.78,12.43,2284.1965
1787799600000,2026-08-27T03:00:00Z,183.78,183.81,183.65,183.81,39.36,7229.8913
1787799900000,2026-08-27T03:05:00Z,183.81,183.83,183.47,183.59,34.71,6373.6826
1787800200000,2026-08-27T03:10:00Z,183.59,183.59,183.42,183.42,6.82,1251.3908
1787800500000,2026-08-27T03:15:00Z,183.42,183.51,183.4,183.51,24.61,4513.6074
1787800800000,2026-08-27T03:20:00Z,183.51,183.99,183.5,183.96,40.22,7392.4052
1787801100000,2026-08-27T03:25:00Z,183.96,184.05,183.92,183.96,10.97,2018.3874
1787801400000,2026-08-27T03:30:00Z,183.96,184.02,183.86,183.97,7.05,1296.8638
1787801700000,2026-08-27T03:35:00Z,183.97,184.02,183.93,184.02,4.75,873.8286
1787802000000,2026-08-27T03:40:00Z,184.02,184.02,183.89,183.94,3.9,717.2728
1787802300000,2026-08-27T03:45:00Z,183.94,183.96,183.77,183.77,1.92,353.0291
1787802600000,2026-08-27T03:50:00Z,183.77,183.83,183.71,183.71,2.88,529.3704
1787802900000,2026-08-27T03:55:00Z,183.71,183.82,183.71,183.71,12.31,2261.6436
1787803200000,2026-08-27T04:00:00Z,183.71,183.94,183.71,183.94,4.51,829.448
1787803500000,2026-08-27T04:05:00Z,183.94,184.09,183.91,184.09,14.33,2636.0905
1787803800000,2026-08-27T04:10:00Z,184.09,184.09,184.07,184.07,3.75,690.2625
1787804100000,2026-08-27T04:15:00Z,184.07,184.15,183.99,184.15,5.3,975.301
1787804400000,2026-08-27T04:20:00Z,184.15,184.15,184.03,184.03,0.49,90.1963
1787804700000,2026-08-27T04:25:00Z,184.03,184.03,183.9,183.9,0.04,7.356
1787805000000,2026-08-27T04:30:00Z,183.9,183.9,183.56,183.6,75.32,13830.2783
1787805300000,2026-08-27T04:35:00Z,183.6,183.62,183.57,183.58,1.55,284.5915
1787805600000,2026-08-27T04:40:00Z,183.58,183.59,183.57,183.57,0.5,91.79
1787805900000,2026-08-27T04:45:00Z,183.57,183.6,183.39,183.39,53.6,9836.5577
1787806200000,2026-08-27T04:50:00Z,183.39,183.43,183.35,183.43,1.37,251.2322
1787806500000,2026-08-27T04:55:00Z,183.43,183.47,183.43,183.47,4.75,871.4825
1787806800000,2026-08-27T05:00:00Z,183.47,183.52,183.4,183.42,2.6,476.8999
1787807100000,2026-08-27T05:05:00Z,183.42,183.42,183.12,183.15,15.32,2806.3323
1787807400000,2026-08-27T05:10:00Z,183.15,183.28,183.13,183.28,4.32,791.2817
1787807700000,2026-08-27T05:15:00Z,183.28,183.28,183.02,183.02,10.21,1869.1457
1787808000000,2026-08-27T05:20:00Z,183.02,183.3,183.02,183.3,1.94,355.602
1787808300000,2026-08-27T05:25:00Z,183.3,183.41,183.23,183.35,7.27,1332.7294
1787808600000,2026-08-27T05:30:00Z,183.35,183.35,183.2,183.22,4.26,780.6089
1787808900000,2026-08-27T05:35:00Z,183.22,183.41,183.14,183.41,10.78,1976.2705
1787809200000,2026-08-27T05:40:00Z,183.41,183.55,183.41,183.55,13.05,2394.3005
1787809500000,2026-08-27T05:45:00Z,183.55,183.67,183.55,183.67,9.72,1784.9053
1787809800000,2026-08-27T05:50:00Z,183.67,183.92,183.67,183.86,9.49,1744.8974
1787810100000,2026-08-27T05:55:00Z,183.86,183.86,183.85,183.85,0.5,91.925
1787810400000,2026-08-27T06:00:00Z,183.85,183.85,183.73,183.75,6.59,1211.1386
1787810700000,2026-08-27T06:05:00Z,183.75,183.75,183.65,183.65,0.25,45.9125
1787811000000,2026-08-27T06:10:00Z,183.65,183.66,183.44,183.44,13.32,2444.8797
1787811300000,2026-08-27T06:15:00Z,183.44,183.44,183.26,183.26,1.5,274.9775
1787811600000,2026-08-27T06:20:00Z,183.26,183.4,183.26,183.34,2.54,465.791
1787811900000,2026-08-27T06:25:00Z,183.34,183.34,182.86,182.94,39.09,7153.1637
1787812200000,2026-08-27T06:30:00Z,182.94,183.22,182.94,183.22,6.68,1223.1759
1787812500000,2026-08-27T06:35:00Z,183.22,183.3,183.2,183.25,25.24,4625.1225
1787812800000,2026-08-27T06:40:00Z,183.25,183.38,183.25,183.38,6.44,1180.7496
1787813100000,2026-08-27T06:45:00Z,183.38,183.39,183.37,183.39,0.75,137.5375
1787813400000,2026-08-27T06:50:00Z,183.39,183.44,183.33,183.38,8.59,1575.5064
1787813700000,2026-08-27T06:55:00Z,183.38,183.42,183.24,183.31,12.82,2350.0884
1787814000000,2026-08-27T07:00:00Z,183.31,183.39,183.27,183.38,7.97,1461.056
1787814300000,2026-08-27T07:05:00Z,183.38,183.43,183.24,183.31,6.68,1225.0527
1787814600000,2026-08-27T07:10:00Z,183.31,183.51,183.31,183.46,6.04,1108.2229
1787814900000,2026-08-27T07:15:00Z,183.46,183.46,183.22,183.28,5.56,1018.8359
1787815200000,2026-08-27T07:20:00Z,183.28,183.28,183.28,183.28,0,0
1787815500000,2026-08-27T07:25:00Z,183.28,183.28,183.24,183.24,0.24,43.9776
1787815800000,2026-08-27T07:30:00Z,183.24,183.47,183.24,183.36,7.2,1320.3846
1787816100000,2026-08-27T07:35:00Z,183.36,183.38,183.17,183.23,9.66,1770.9026
1787816400000,2026-08-27T07:40:00Z,183.23,183.3,183.22,183.3,0.75,137.4375
1787816700000,2026-08-27T07:45:00Z,183.3,183.43,183.3,183.43,1.74,319.1682
1787817000000,2026-08-27T07:50:00Z,183.43,183.86,183.43,183.86,13.63,2504.0544
1787817300000,2026-08-27T07:55:00Z,183.86,184.15,183.85,184.15,26.24,4825.7121
1787817600000,2026-08-27T08:00:00Z,184.15,185.45,183.99,185.34,135.76,25047.8023
1787817900000,2026-08-27T08:05:00Z,185.34,186.43,185.19,186.43,173.76,32227.6253
1787818200000,2026-08-27T08:10:00Z,186.43,186.6,185.83,186.01,299.34,55718.7732
1787818500000,2026-08-27T08:15:00Z,186.01,186.01,185.52,185.53,111.97,20789.3527
1787818800000,2026-08-27T08:20:00Z,185.53,185.83,185.53,185.83,72.22,13403.4974
1787819100000,2026-08-27T08:25:00Z,185.83,186.22,185.83,186.07,9.48,1763.8641
1787819400000,2026-08-27T08:30:00Z,186.07,186.42,186.07,186.42,4.18,779.1491
1787819700000,2026-08-27T08:35:00Z,186.42,186.42,185.83,185.99,25.52,4747.4393
1787820000000,2026-08-27T08:40:00Z,185.99,186.8,185.92,186.62,75.56,14089.9083
1787820300000,2026-08-27T08:45:00Z,186.62,187.05,186.49,186.58,77.43,14458.462
1787820600000,2026-08-27T08:50:00Z,186.58,186.7,186.26,186.27,68.29,12735.4065
1787820900000,2026-08-27T08:55:00Z,186.27,186.32,186.05,186.25,84.82,15796.0685
1787821200000,2026-08-27T09:00:00Z,186.25,186.43,185.93,185.93,45.39,8448.2867
1787821500000,2026-08-27T09:05:00Z,185.93,186.21,185.7,186.14,29.84,5548.9441
1787821800000,2026-08-27T09:10:00Z,186.14,186.34,186.07,186.09,26.49,4933.6647
1787822100000,2026-08-27T09:15:00Z,186.09,186.6,185.95,186.59,87.77,16340.3724
1787822400000,2026-08-27T09:20:00Z,186.59,186.84,186.54,186.78,85.06,15882.1211
1787822700000,2026-08-27T09:25:00Z,186.78,187.78,186.78,187.65,143.43,26868.664
1787823000000,2026-08-27T09:30:00Z,187.65,187.89,187.36,187.42,67.71,12702.6331
1787823300000,2026-08-27T09:35:00Z,187.42,187.49,187.17,187.43,46.78,8765.0339
1787823600000,2026-08-27T09:40:00Z,187.43,187.49,187.13,187.29,33.31,6238.7594
1787823900000,2026-08-27T09:45:00Z,187.29,187.74,187.27,187.27,53.81,10091.0841
1787824200000,2026-08-27T09:50:00Z,187.27,187.29,186.8,186.8,80.9,15129.8503
1787824500000,2026-08-27T09:55:00Z,186.8,186.85,186.54,186.65,24.54,4582.3989
1787824800000,2026-08-27T10:00:00Z,186.65,186.82,186.39,186.62,65.98,12310.2561
1787825100000,2026-08-27T10:05:00Z,186.62,187.05,186.62,187.05,143.24,26780.6112
1787825400000,2026-08-27T10:10:00Z,187.05,187.12,186.19,186.5,239.77,44747.0899
1787825700000,2026-08-27T10:15:00Z,186.5,186.91,186.28,186.33,71.14,13275.9114
1787826000000,2026-08-27T10:20:00Z,186.33,186.39,185.93,185.97,50.62,9425.6177
1787826300000,2026-08-27T10:25:00Z,185.97,186.07,184.95,185.47,217,40222.8325
1787826600000,2026-08-27T10:30:00Z,185.47,185.69,185.2,185.28,133.96,24838.5159
1787826900000,2026-08-27T10:35:00Z,185.28,185.56,184.8,184.88,112.98,20919.3895
1787827200000,2026-08-27T10:40:00Z,184.88,185.57,184.88,185.42,58.71,10878.4101
1787827500000,2026-08-27T10:45:00Z,185.42,185.55,185.22,185.35,39.23,7270.6842
1787827800000,2026-08-27T10:50:00Z,185.35,185.35,185.2,185.2,14.07,2606.4507
1787828100000,2026-08-27T10:55:00Z,185.2,185.52,185.2,185.52,14.48,2685.1777
1787828400000,2026-08-27T11:00:00Z,185.52,185.67,185.28,185.67,22.82,4231.5267
1787828700000,2026-08-27T11:05:00Z,185.67,185.67,185.4,185.63,13.5,2504.7747
1787829000000,2026-08-27T11:10:00Z,185.63,185.77,185.48,185.7,7.68,1425.5602
1787829300000,2026-08-27T11:15:00Z,185.7,185.84,185.31,185.42,39.77,7381.4481
1787829600000,2026-08-27T11:20:00Z,185.42,185.57,185.31,185.31,14.95,2772.1158
1787829900000,2026-08-27T11:25:00Z,185.31,185.31,184.91,184.95,50.49,9342.3003
1787830200000,2026-08-27T11:30:00Z,184.95,185,184.46,185,38.68,7142.2659
1787830500000,2026-08-27T11:35:00Z,185,185,184.55,184.76,29.77,5499.5808
1787830800000,2026-08-27T11:40:00Z,184.76,184.8,184.74,184.79,2.28,421.3016
1787831100000,2026-08-27T11:45:00Z,184.79,184.95,184.56,184.57,16.66,3078.0765
1787831400000,2026-08-27T11:50:00Z,184.57,184.73,184.16,184.73,94.21,17372.464
1787831700000,2026-08-27T11:55:00Z,184.73,184.87,184.73,184.84,6.48,1197.5429
1787832000000,2026-08-27T12:00:00Z,184.84,184.94,184.65,184.69,10.74,1985.0703
1787832300000,2026-08-27T12:05:00Z,184.69,184.79,184.49,184.73,25.55,4718.1756
1787832600000,2026-08-27T12:10:00Z,184.73,184.8,184.68,184.68,2.4,443.4654
1787832900000,2026-08-27T12:15:00Z,184.68,185,184.68,184.83,29.69,5487.9185
1787833200000,2026-08-27T12:20:00Z,184.83,185.21,184.78,185.14,77.07,14264.8009
1787833500000,2026-08-27T12:25:00Z,185.14,185.45,185.11,185.25,32.39,6001.7536
1787833800000,2026-08-27T12:30:00Z,185.25,185.32,185.02,185.02,7.7,1425.886
1787834100000,2026-08-27T12:35:00Z,185.02,185.02,184.48,184.75,63.44,11718.5155
1787834400000,2026-08-27T12:40:00Z,184.75,184.75,183.94,184.01,86.4,15909.186
1787834700000,2026-08-27T12:45:00Z,184.01,184.3,184.01,184.22,18.03,3321.0922
1787835000000,2026-08-27T12:50:00Z,184.22,184.23,184.14,184.23,0.34,62.6292
1787835300000,2026-08-27T12:55:00Z,184.23,184.24,184.11,184.11,5.87,1081.0445
1787835600000,2026-08-27T13:00:00Z,184.11,184.56,184.11,184.56,11.6,2140.0502
1787835900000,2026-08-27T13:05:00Z,184.56,184.84,184.41,184.76,12.18,2250.1474
1787836200000,2026-08-27T13:10:00Z,184.76,184.89,184.72,184.72,13.74,2539.2753
1787836500000,2026-08-27T13:15:00Z,184.72,184.86,184.3,184.48,25.95,4790.2911
1787836800000,2026-08-27T13:20:00Z,184.48,184.82,184.47,184.82,8.53,1575.4262
1787837100000,2026-08-27T13:25:00Z,184.82,187.01,184.8,186.38,875.25,162555.0531
1787837400000,2026-08-27T13:30:00Z,186.38,186.56,180.51,181.83,869.38,159196.1385
1787837700000,2026-08-27T13:35:00Z,181.83,184.74,181.71,184.62,250.49,45702.0679
1787838000000,2026-08-27T13:40:00Z,184.62,186.33,184,186.24,380.4,70566.7114
1787838300000,2026-08-27T13:45:00Z,186.24,187.17,185.18,185.42,111.96,20851.5245
1787838600000,2026-08-27T13:50:00Z,185.42,187.99,185.42,187.48,211.74,39651.5929
1787838900000,2026-08-27T13:55:00Z,187.48,189.24,187.48,188.88,356.58,67221.7891
1787839200000,2026-08-27T14:00:00Z,188.88,189.85,188.03,189.65,148.64,28084.3547
1787839500000,2026-08-27T14:05:00Z,189.65,189.95,188.56,188.77,189.88,35962.6579
1787839800000,2026-08-27T14:10:00Z,188.77,189.07,187.42,187.87,182.49,34337.4049
1787840100000,2026-08-27T14:15:00Z,187.87,189.53,187.6,188.81,141.87,26712.6584
1787840400000,2026-08-27T14:20:00Z,188.81,188.86,188.07,188.34,110.59,20837.9555
1787840700000,2026-08-27T14:25:00Z,188.34,189.65,188.16,189.38,138.76,26185.4318
1787841000000,2026-08-27T14:30:00Z,189.38,189.38,188.62,189.06,19.88,3758.1486
1787841300000,2026-08-27T14:35:00Z,189.06,191.67,189.06,190.7,419.82,79947.6761
1787841600000,2026-08-27T14:40:00Z,190.7,191.81,190.21,191.81,143.81,27469.0385
1787841900000,2026-08-27T14:45:00Z,191.81,191.81,190.66,191.02,197.34,37754.6871
1787842200000,2026-08-27T14:50:00Z,191.02,191.81,190.63,190.88,122.02,23294.9263
1787842500000,2026-08-27T14:55:00Z,190.88,191.82,190.72,191.24,25.91,4953.9518
1787842800000,2026-08-27T15:00:00Z,191.24,192.25,191.24,191.68,56.98,10918.5659
1787843100000,2026-08-27T15:05:00Z,191.68,192.72,191.24,191.91,65.97,12688.8668
1787843400000,2026-08-27T15:10:00Z,191.91,193.36,191.67,193,49.74,9580.6104
1787843700000,2026-08-27T15:15:00Z,193,193.61,192.54,193.39,185.97,35941.1123
1787844000000,2026-08-27T15:20:00Z,193.39,193.41,191.46,191.72,157.25,30204.0953
1787844300000,2026-08-27T15:25:00Z,191.72,192.25,191.37,192.11,38.82,7446.8122
1787844600000,2026-08-27T15:30:00Z,192.11,192.18,191.71,192.1,21.53,4135.0569
1787844900000,2026-08-27T15:35:00Z,192.1,192.55,191.71,192.19,20.41,3922.1965
1787845200000,2026-08-27T15:40:00Z,192.19,193.86,192.19,193.55,19.33,3728.9539
1787845500000,2026-08-27T15:45:00Z,193.55,193.75,192.93,193.16,55.33,10688.0979
1787845800000,2026-08-27T15:50:00Z,193.16,193.7,192.78,192.9,58.52,11305.7027
1787846100000,2026-08-27T15:55:00Z,192.9,193.18,192.71,192.92,31.9,6154.5909
1787846400000,2026-08-27T16:00:00Z,192.92,193.15,192.59,193.15,93.02,17930.2158
1787846700000,2026-08-27T16:05:00Z,193.15,193.17,192.24,192.39,13.03,2513.2523
1787847000000,2026-08-27T16:10:00Z,192.39,192.7,192.18,192.22,36.4,6998.4424
1787847300000,2026-08-27T16:15:00Z,192.22,192.47,192.12,192.38,11.69,2248.4053
1787847600000,2026-08-27T16:20:00Z,192.38,192.38,192.01,192.03,14.14,2717.1934
1787847900000,2026-08-27T16:25:00Z,192.03,192.33,191.81,191.88,15.77,3029.2709
1787848200000,2026-08-27T16:30:00Z,191.88,191.88,191.31,191.58,46.18,8840.3373
1787848500000,2026-08-27T16:35:00Z,191.58,191.87,191.22,191.77,14.38,2755.0925
1787848800000,2026-08-27T16:40:00Z,191.77,192.14,191.77,192.14,22.92,4400.0726
1787849100000,2026-08-27T16:45:00Z,192.14,192.57,191.84,192.41,49.72,9556.7397
1787849400000,2026-08-27T16:50:00Z,192.41,193.05,192.41,192.86,11.99,2311.9614
1787849700000,2026-08-27T16:55:00Z,192.86,192.87,192.63,192.63,45.69,8806.2553
1787850000000,2026-08-27T17:00:00Z,192.63,192.63,192.28,192.48,129.78,24991.5036
1787850300000,2026-08-27T17:05:00Z,192.48,192.86,192.19,192.44,39.93,7688.7357
1787850600000,2026-08-27T17:10:00Z,192.44,193,192.44,193,51.93,10011.7847
1787850900000,2026-08-27T17:15:00Z,193,193.25,192.82,193.25,16.85,3251.9913
1787851200000,2026-08-27T17:20:00Z,193.25,193.25,192.62,192.62,6.04,1165.3499
1787851500000,2026-08-27T17:25:00Z,192.62,192.9,192.33,192.5,18.17,3500.7113
1787851800000,2026-08-27T17:30:00Z,192.5,192.67,192.15,192.15,27.03,5201.5291
1787852100000,2026-08-27T17:35:00Z,192.15,192.35,191.99,192.17,100.03,19218.2343
1787852400000,2026-08-27T17:40:00Z,192.17,192.23,191.59,191.59,18.62,3573.1978
1787852700000,2026-08-27T17:45:00Z,191.59,192.07,191.46,192.07,260.33,49882.6516
1787853000000,2026-08-27T17:50:00Z,192.07,192.29,191.24,191.27,36.84,7076.0771
1787853300000,2026-08-27T17:55:00Z,191.27,191.33,190.71,190.71,17.83,3407.268
1787853600000,2026-08-27T18:00:00Z,190.71,190.78,190.33,190.33,72.22,13759.4867
1787853900000,2026-08-27T18:05:00Z,190.33,190.53,190.06,190.06,63.49,12074.364
1787854200000,2026-08-27T18:10:00Z,190.06,190.06,188.9,188.97,101.31,19178.2245
1787854500000,2026-08-27T18:15:00Z,188.97,189.19,188.9,188.95,9.85,1861.4368
1787854800000,2026-08-27T18:20:00Z,188.95,189.1,188.43,188.43,290.15,54801.7932
1787855100000,2026-08-27T18:25:00Z,188.43,189.08,188.17,189.08,42.52,8018.278
1787855400000,2026-08-27T18:30:00Z,189.08,189.47,189.03,189.14,46.31,8766.7741
1787855700000,2026-08-27T18:35:00Z,189.14,189.53,189.14,189.53,60.82,11511.6372
1787856000000,2026-08-27T18:40:00Z,189.53,189.92,189.41,189.66,35.9,6808.2698
1787856300000,2026-08-27T18:45:00Z,189.66,190.41,189.59,190,72.18,13718.1868
1787856600000,2026-08-27T18:50:00Z,190,190.09,189.61,190.05,52.1,9888.3085
1787856900000,2026-08-27T18:55:00Z,190.05,190.95,189.93,190.95,16,3047.5676
1787857200000,2026-08-27T19:00:00Z,190.95,191.34,190.88,191,36.6,6998.05
1787857500000,2026-08-27T19:05:00Z,191,191.15,190.86,190.86,4.09,780.8619
1787857800000,2026-08-27T19:10:00Z,190.86,191.18,190.86,191.15,15.89,3036.8512
1787858100000,2026-08-27T19:15:00Z,191.15,191.54,191.13,191.54,7.35,1406.7303
1787858400000,2026-08-27T19:20:00Z,191.54,191.6,191.2,191.24,59.04,11292.3929
1787858700000,2026-08-27T19:25:00Z,191.24,191.24,190.83,190.83,32.23,6152.5648
1787859000000,2026-08-27T19:30:00Z,190.83,190.86,190.33,190.51,30.4,5794.9379
1787859300000,2026-08-27T19:35:00Z,190.51,190.51,189.53,189.93,12.16,2308.9444
1787859600000,2026-08-27T19:40:00Z,189.93,189.93,189.31,189.61,6.1,1155.6092
1787859900000,2026-08-27T19:45:00Z,189.61,189.62,189.15,189.37,81.79,15499.1703
1787860200000,2026-08-27T19:50:00Z,189.37,190.81,189.33,190.54,88.58,16855.6829
1787860500000,2026-08-27T19:55:00Z,190.54,190.81,190.09,190.79,69.15,13170.2431
1787860800000,2026-08-27T20:00:00Z,190.79,190.79,190.31,190.31,33.54,6392.2731
1787861100000,2026-08-27T20:05:00Z,190.31,190.52,190.23,190.33,10.78,2051.6939
1787861400000,2026-08-27T20:10:00Z,190.33,190.43,189.79,190.21,149.09,28317.8476
1787861700000,2026-08-27T20:15:00Z,190.21,190.48,190.09,190.25,79.16,15063.5187
1787862000000,2026-08-27T20:20:00Z,190.25,190.89,190.25,190.53,117.41,22382.1823
1787862300000,2026-08-27T20:25:00Z,190.53,190.54,190.48,190.5,4.9,933.477
1787862600000,2026-08-27T20:30:00Z,190.5,190.5,190.36,190.36,4.43,843.5943
1787862900000,2026-08-27T20:35:00Z,190.36,190.44,190.32,190.44,5.72,1088.6435
1787863200000,2026-08-27T20:40:00Z,190.44,190.55,190.44,190.55,0.31,59.0663
1787863500000,2026-08-27T20:45:00Z,190.55,190.58,190.43,190.47,1.07,203.8403
1787863800000,2026-08-27T20:50:00Z,190.47,190.51,190.43,190.51,4.44,845.6959
1787864100000,2026-08-27T20:55:00Z,190.51,190.67,190.46,190.54,4.5,857.3239
1787864400000,2026-08-27T21:00:00Z,190.54,190.58,190.53,190.55,0.76,144.8303
1787864700000,2026-08-27T21:05:00Z,190.55,190.81,190.55,190.74,19.08,3639.175
1787865000000,2026-08-27T21:10:00Z,190.74,190.74,190.34,190.34,17.38,3309.2876
1787865300000,2026-08-27T21:15:00Z,190.34,190.34,190.22,190.24,12.84,2443.6777
1787865600000,2026-08-27T21:20:00Z,190.24,190.25,189.91,190.19,62.42,11864.7653
1787865900000,2026-08-27T21:25:00Z,190.19,190.19,190.04,190.11,9.27,1762.16
1787866200000,2026-08-27T21:30:00Z,190.11,190.11,189.9,190.11,15.7,2983.0592
1787866500000,2026-08-27T21:35:00Z,190.11,190.11,190.06,190.06,0.07,13.3042
1787866800000,2026-08-27T21:40:00Z,190.06,190.06,189.74,189.92,10.88,2066.3124
1787867100000,2026-08-27T21:45:00Z,189.92,190.13,189.92,190.13,13.3,2527.3308
1787867400000,2026-08-27T21:50:00Z,190.13,190.13,190.13,190.13,0,0
1787867700000,2026-08-27T21:55:00Z,190.13,190.13,190.13,190.13,7.58,1441.1854
1787868000000,2026-08-27T22:00:00Z,190.13,190.38,190.13,190.36,6.54,1244.1328
1787868300000,2026-08-27T22:05:00Z,190.36,190.36,190.36,190.36,0,0
1787868600000,2026-08-27T22:10:00Z,190.36,190.54,190.36,190.51,7.55,1438.3485
1787868900000,2026-08-27T22:15:00Z,190.51,190.75,190.51,190.74,12.54,2391.1533
1787869200000,2026-08-27T22:20:00Z,190.74,191.25,190.74,191.25,1.59,303.9944
1787869500000,2026-08-27T22:25:00Z,191.25,191.3,191.16,191.24,32.92,6293.927
1787869800000,2026-08-27T22:30:00Z,191.24,191.51,191.13,191.44,15.63,2991.1682
1787870100000,2026-08-27T22:35:00Z,191.44,191.44,191.17,191.17,7.32,1400.1999
1787870400000,2026-08-27T22:40:00Z,191.17,191.33,191.17,191.33,0.24,45.9192
1787870700000,2026-08-27T22:45:00Z,191.33,191.33,191.33,191.33,0,0
1787871000000,2026-08-27T22:50:00Z,191.33,191.33,191.13,191.15,12.22,2335.9409
1787871300000,2026-08-27T22:55:00Z,191.15,191.45,191.09,191.45,32.19,6155.1861
1787871600000,2026-08-27T23:00:00Z,191.45,191.46,191.13,191.15,53.5,10230.9798
1787871900000,2026-08-27T23:05:00Z,191.15,191.15,191.15,191.15,0,0
1787872200000,2026-08-27T23:10:00Z,191.15,191.15,191.15,191.15,0,0
1787872500000,2026-08-27T23:15:00Z,191.15,191.2,191.03,191.07,91.4,17461.3969
1787872800000,2026-08-27T23:20:00Z,191.07,191.22,191.07,191.22,7.58,1449.0366
1787873100000,2026-08-27T23:25:00Z,191.22,191.22,191.2,191.2,0.25,47.8
1787873400000,2026-08-27T23:30:00Z,191.2,191.2,191.07,191.07,3.14,600.1255
1787873700000,2026-08-27T23:35:00Z,191.07,191.24,191.07,191.24,0.99,189.2776
1787874000000,2026-08-27T23:40:00Z,191.24,191.25,191.09,191.09,3.67,701.6582
1787874300000,2026-08-27T23:45:00Z,191.09,191.09,190.95,190.98,9.41,1797.3378
1787874600000,2026-08-27T23:50:00Z,190.98,191.19,190.98,191.19,0.05,9.5595
1787874900000,2026-08-27T23:55:00Z,191.19,191.23,191.14,191.23,22.08,4220.6434
1787875200000,2026-08-28T00:00:00Z,191.23,191.43,190.88,190.88,25.21,4821.5845
1787875500000,2026-08-28T00:05:00Z,190.88,190.99,190.88,190.91,1.5,286.3947
1787875800000,2026-08-28T00:10:00Z,190.91,191.03,190.91,190.98,17.72,3384.7946
1787876100000,2026-08-28T00:15:00Z,190.98,191.84,190.98,191.74,58.02,11129.3611
1787876400000,2026-08-28T00:20:00Z,191.74,191.74,191.67,191.72,25.63,4913.7266
1787876700000,2026-08-28T00:25:00Z,191.72,191.72,191.48,191.61,6.54,1252.9176
1787877000000,2026-08-28T00:30:00Z,191.61,191.77,191.61,191.68,13.69,2624.7736
1787877300000,2026-08-28T00:35:00Z,191.68,191.68,191.65,191.66,2.55,488.7266
1787877600000,2026-08-28T00:40:00Z,191.66,191.77,191.55,191.55,6.5,1245.8478
1787877900000,2026-08-28T00:45:00Z,191.55,191.66,191.42,191.65,33.67,6448.4044
1787878200000,2026-08-28T00:50:00Z,191.65,191.65,191.65,191.65,0,0
1787878500000,2026-08-28T00:55:00Z,191.65,192.4,191.65,192.4,30.65,5887.0431
1787878800000,2026-08-28T01:00:00Z,192.4,192.63,192.27,192.54,12.74,2451.4232
1787879100000,2026-08-28T01:05:00Z,192.54,192.69,192.49,192.69,1.3,250.3534
1787879400000,2026-08-28T01:10:00Z,192.69,192.8,192.57,192.7,7.66,1476.4415
1787879700000,2026-08-28T01:15:00Z,192.7,193.11,192.47,193.11,12.24,2361.628
1787880000000,2026-08-28T01:20:00Z,193.11,193.23,193.01,193.23,7.83,1512.7197
1787880300000,2026-08-28T01:25:00Z,193.23,193.36,193.18,193.28,10.09,1949.7609
1787880600000,2026-08-28T01:30:00Z,193.28,194.25,193.28,193.76,147.32,28572.5093
1787880900000,2026-08-28T01:35:00Z,193.76,193.76,193,193.01,64.98,12566.661
1787881200000,2026-08-28T01:40:00Z,193.01,193.29,192.94,192.94,21.62,4174.1946
1787881500000,2026-08-28T01:45:00Z,192.94,193.02,192.53,192.53,72.67,14011.7733
1787881800000,2026-08-28T01:50:00Z,192.53,192.53,192.29,192.33,37.46,7206.4681
1787882100000,2026-08-28T01:55:00Z,192.33,192.33,191.95,191.95,4.42,848.8439
1787882400000,2026-08-28T02:00:00Z,191.95,191.95,191.74,191.94,11.69,2242.1594
1787882700000,2026-08-28T02:05:00Z,191.94,192.08,191.93,191.98,6.78,1301.9468
1787883000000,2026-08-28T02:10:00Z,191.98,191.98,191.48,191.48,14.83,2842.8271
1787883300000,2026-08-28T02:15:00Z,191.48,191.62,191.34,191.5,92.59,17727.9897
1787883600000,2026-08-28T02:20:00Z,191.5,191.5,191.03,191.23,49.13,9395.1675
1787883900000,2026-08-28T02:25:00Z,191.23,191.36,191,191,58.27,11144.7512
1787884200000,2026-08-28T02:30:00Z,191,191.2,190.8,191.2,68.35,13048.6999
1787884500000,2026-08-28T02:35:00Z,191.2,191.54,191.2,191.34,50.15,9600.34
1787884800000,2026-08-28T02:40:00Z,191.34,191.37,190.98,190.98,22.73,4347.5068
1787885100000,2026-08-28T02:45:00Z,190.98,190.98,190.5,190.51,6.32,1204.9706
1787885400000,2026-08-28T02:50:00Z,190.51,190.57,190.23,190.54,37.1,7064.5117
1787885700000,2026-08-28T02:55:00Z,190.54,190.77,190.52,190.71,26.75,5100.1487
1787886000000,2026-08-28T03:00:00Z,190.71,190.71,190.53,190.53,13.25,2525.023
1787886300000,2026-08-28T03:05:00Z,190.53,190.69,190.27,190.27,8.24,1570.41
1787886600000,2026-08-28T03:10:00Z,190.27,190.55,190.09,190.5,11.62,2213.2694
1787886900000,2026-08-28T03:15:00Z,190.5,190.66,190.5,190.66,137.64,26240.89
1787887200000,2026-08-28T03:20:00Z,190.66,190.82,190.66,190.76,111.82,21333.1362
1787887500000,2026-08-28T03:25:00Z,190.76,190.76,190.5,190.5,18.94,3610.423
1787887800000,2026-08-28T03:30:00Z,190.5,190.89,190.5,190.89,9.34,1782.0203
1787888100000,2026-08-28T03:35:00Z,190.89,190.89,190.29,190.35,45.85,8728.2237
1787888400000,2026-08-28T03:40:00Z,190.35,190.37,190.2,190.2,15.44,2938.8288
1787888700000,2026-08-28T03:45:00Z,190.2,190.34,190.09,190.34,57.07,10859.6843
1787889000000,2026-08-28T03:50:00Z,190.34,190.42,190.29,190.4,254.32,48411.8046
1787889300000,2026-08-28T03:55:00Z,190.4,190.41,190.28,190.38,68.06,12956.3247
1787889600000,2026-08-28T04:00:00Z,190.38,190.48,190.26,190.31,119.04,22661.8877
1787889900000,2026-08-28T04:05:00Z,190.31,190.31,189.67,189.69,26.33,5004.2633
1787890200000,2026-08-28T04:10:00Z,189.69,190.58,189.69,190.58,36.48,6940.9502
1787890500000,2026-08-28T04:15:00Z,190.58,191,190.58,191,13.9,2651.47
1787890800000,2026-08-28T04:20:00Z,191,191,190.61,190.61,21.83,4162.0199
1787891100000,2026-08-28T04:25:00Z,190.61,190.73,190.53,190.53,11.56,2203.4275
1787891400000,2026-08-28T04:30:00Z,190.53,190.67,190.18,190.18,23.78,4530.7399
1787891700000,2026-08-28T04:35:00Z,190.18,190.18,190.03,190.12,12.18,2315.5786
1787892000000,2026-08-28T04:40:00Z,190.12,190.37,190.12,190.28,111.51,21219.4437
1787892300000,2026-08-28T04:45:00Z,190.28,190.36,190.2,190.2,54.82,10433.918
1787892600000,2026-08-28T04:50:00Z,190.2,190.39,190.19,190.38,119.47,22736.0167
1787892900000,2026-08-28T04:55:00Z,190.38,190.38,190.3,190.35,163.25,31066.934
1787893200000,2026-08-28T05:00:00Z,190.35,190.35,189.96,190.29,28.54,5424.1927
1787893500000,2026-08-28T05:05:00Z,190.29,190.29,189.9,189.98,26.02,4943.9899
1787893800000,2026-08-28T05:10:00Z,189.98,190.06,189.83,190.04,81.35,15456.1979
1787894100000,2026-08-28T05:15:00Z,190.04,190.04,189.93,189.94,118.68,22543.0467
1787894400000,2026-08-28T05:20:00Z,189.94,190.09,189.85,190.09,25.66,4873.8085
1787894700000,2026-08-28T05:25:00Z,190.09,190.25,190.04,190.23,12.71,2416.6239
1787895000000,2026-08-28T05:30:00Z,190.23,190.52,190.23,190.52,12.84,2445.0551
1787895300000,2026-08-28T05:35:00Z,190.52,190.66,190.44,190.44,9.14,1741.6669
1787895600000,2026-08-28T05:40:00Z,190.44,190.44,190.23,190.32,63.19,12023.8607
1787895900000,2026-08-28T05:45:00Z,190.32,190.73,190.32,190.6,40.74,7765.185
1787896200000,2026-08-28T05:50:00Z,190.6,190.64,190.55,190.64,11.11,2117.7387
1787896500000,2026-08-28T05:55:00Z,190.64,190.65,190.08,190.08,10.18,1937.0419
1787896800000,2026-08-28T06:00:00Z,190.08,190.67,190,190.67,50.65,9639.4608
1787897100000,2026-08-28T06:05:00Z,190.67,190.77,190.56,190.64,29.46,5616.8873
1787897400000,2026-08-28T06:10:00Z,190.64,190.83,190.64,190.83,8.01,1528.2698
1787897700000,2026-08-28T06:15:00Z,190.83,190.88,190.69,190.69,25.78,4919.3386
1787898000000,2026-08-28T06:20:00Z,190.69,190.69,190.47,190.54,23.3,4438.8521
1787898300000,2026-08-28T06:25:00Z,190.54,190.56,190.54,190.56,2.91,554.5296
1787898600000,2026-08-28T06:30:00Z,190.56,190.56,190.34,190.48,18.7,3561.7532
1787898900000,2026-08-28T06:35:00Z,190.48,190.68,190.45,190.55,23.11,4404.4544
1787899200000,2026-08-28T06:40:00Z,190.55,190.74,190.33,190.67,23.06,4395.8933
1787899500000,2026-08-28T06:45:00Z,190.67,190.92,190.67,190.92,0.2,38.184
1787899800000,2026-08-28T06:50:00Z,190.92,191,190.88,190.89,4.88,931.6903
1787900100000,2026-08-28T06:55:00Z,190.89,191.15,190.89,190.94,24.79,4736.2846
1787900400000,2026-08-28T07:00:00Z,190.94,190.94,190.33,190.34,28.97,5522.2199
1787900700000,2026-08-28T07:05:00Z,190.34,190.34,189.9,189.9,13.41,2549.4372
1787901000000,2026-08-28T07:10:00Z,189.9,189.96,189.79,189.96,3.31,628.458
1787901300000,2026-08-28T07:15:00Z,189.96,190.05,189.96,190.05,12.74,2420.8017
1787901600000,2026-08-28T07:20:00Z,190.05,190.11,190.03,190.05,5.68,1079.5184
1787901900000,2026-08-28T07:25:00Z,190.05,190.25,190.05,190.17,12.54,2385.3894
1787902200000,2026-08-28T07:30:00Z,190.17,190.2,190.13,190.2,6.37,1211.4188
1787902500000,2026-08-28T07:35:00Z,190.2,190.23,190,190,26.47,5030.7928
1787902800000,2026-08-28T07:40:00Z,190,190,189.79,189.79,42.95,8155.4145
1787903100000,2026-08-28T07:45:00Z,189.79,189.93,189.73,189.93,7.45,1414.1024
1787903400000,2026-08-28T07:50:00Z,189.93,189.93,189.64,189.64,5.98,1134.3894
1787903700000,2026-08-28T07:55:00Z,189.64,189.89,189.6,189.89,46.05,8740.3928
1787904000000,2026-08-28T08:00:00Z,189.89,190.33,189.45,189.99,135.94,25791.5718
1787904300000,2026-08-28T08:05:00Z,189.99,189.99,189.53,189.8,26.07,4945.8376
1787904600000,2026-08-28T08:10:00Z,189.8,190.07,189.5,189.54,152.09,28865.9668
1787904900000,2026-08-28T08:15:00Z,189.54,190.18,189.54,190.1,30.23,5742.4483
1787905200000,2026-08-28T08:20:00Z,190.1,190.11,189.84,190.03,21.32,4051.176
1787905500000,2026-08-28T08:25:00Z,190.03,190.03,190.03,190.03,0,0
1787905800000,2026-08-28T08:30:00Z,190.03,190.14,189.82,190.14,25.66,4874.7835
1787906100000,2026-08-28T08:35:00Z,190.14,190.14,190.08,190.08,1.05,199.584
1787906400000,2026-08-28T08:40:00Z,190.08,190.08,189.4,189.47,15.59,2958.6021
1787906700000,2026-08-28T08:45:00Z,189.47,189.47,188.76,188.88,28.19,5327.4043
1787907000000,2026-08-28T08:50:00Z,188.88,189.08,188.8,189.02,44,8315.2343
1787907300000,2026-08-28T08:55:00Z,189.02,189.02,188.78,188.79,8.19,1547.4454
1787907600000,2026-08-28T09:00:00Z,188.79,188.93,188,188.12,58.91,11103.9581
1787907900000,2026-08-28T09:05:00Z,188.12,188.54,187.93,188.3,120.69,22709.1521
1787908200000,2026-08-28T09:10:00Z,188.3,188.73,188.3,188.33,31.12,5867.209
1787908500000,2026-08-28T09:15:00Z,188.33,188.47,188.33,188.47,5.57,1049.5755
1787908800000,2026-08-28T09:20:00Z,188.47,188.54,188.42,188.52,0.99,186.6008
1787909100000,2026-08-28T09:25:00Z,188.52,188.65,188.1,188.12,5.24,986.5553
1787909400000,2026-08-28T09:30:00Z,188.12,188.12,188.11,188.11,1.23,231.3753
1787909700000,2026-08-28T09:35:00Z,188.11,188.11,187.94,188.01,5.25,986.9042
1787910000000,2026-08-28T09:40:00Z,188.01,188.16,187.57,187.57,20.62,3872.0686
1787910300000,2026-08-28T09:45:00Z,187.57,187.8,187.57,187.57,12.81,2404.2063
1787910600000,2026-08-28T09:50:00Z,187.57,187.71,187.55,187.62,9.64,1808.5298
1787910900000,2026-08-28T09:55:00Z,187.62,187.62,187.37,187.44,7.25,1358.9297
1787911200000,2026-08-28T10:00:00Z,187.44,187.62,187.04,187.04,31.98,5989.6189
1787911500000,2026-08-28T10:05:00Z,187.04,187.12,186.54,186.72,81.46,15217.4358
1787911800000,2026-08-28T10:10:00Z,186.72,187.27,186.72,187.17,38.4,7184.0348
1787912100000,2026-08-28T10:15:00Z,187.17,187.29,187.08,187.29,19.12,3578.6235
1787912400000,2026-08-28T10:20:00Z,187.29,187.34,187.12,187.34,6.19,1158.8147
1787912700000,2026-08-28T10:25:00Z,187.34,187.67,187.09,187.67,12.41,2323.5876
1787913000000,2026-08-28T10:30:00Z,187.67,188.04,187.64,188.04,20.6,3870.6517
1787913300000,2026-08-28T10:35:00Z,188.04,188.12,187.94,188.12,5.37,1009.4218
1787913600000,2026-08-28T10:40:00Z,188.12,188.4,188.08,188.22,52.89,9958.3299
1787913900000,2026-08-28T10:45:00Z,188.22,188.54,188.19,188.54,12.8,2411.9475
1787914200000,2026-08-28T10:50:00Z,188.54,188.69,188.54,188.67,7.01,1322.6302
1787914500000,2026-08-28T10:55:00Z,188.67,188.89,188.67,188.88,9.37,1769.5664
1787914800000,2026-08-28T11:00:00Z,188.88,189.33,188.81,189.24,67.84,12827.1913
1787915100000,2026-08-28T11:05:00Z,189.24,189.25,188.84,188.84,61.13,11555.5253
1787915400000,2026-08-28T11:10:00Z,188.84,188.84,188.59,188.83,11.81,2228.2142
1787915700000,2026-08-28T11:15:00Z,188.83,189.26,188.83,189.26,12.15,2296.568
1787916000000,2026-08-28T11:20:00Z,189.26,189.62,189.25,189.54,21.87,4145.0317
1787916300000,2026-08-28T11:25:00Z,189.54,189.54,189.38,189.38,5.62,1064.7181
1787916600000,2026-08-28T11:30:00Z,189.38,189.43,189.38,189.43,2.15,407.2445
1787916900000,2026-08-28T11:35:00Z,189.43,189.43,188.84,188.84,5.86,1107.6645
1787917200000,2026-08-28T11:40:00Z,188.84,188.97,188.74,188.78,25.98,4904.9638
1787917500000,2026-08-28T11:45:00Z,188.78,188.83,188.6,188.77,23.38,4412.1387
1787917800000,2026-08-28T11:50:00Z,188.77,188.77,188.62,188.72,19.06,3596.6222
1787918100000,2026-08-28T11:55:00Z,188.72,188.81,188.33,188.33,14.15,2669.3363
1787918400000,2026-08-28T12:00:00Z,188.33,188.43,188.25,188.42,10.68,2011.3895
1787918700000,2026-08-28T12:05:00Z,188.42,188.61,188.4,188.61,1.65,310.9576
1787919000000,2026-08-28T12:10:00Z,188.61,188.61,188.13,188.17,13.41,2523.3239
1787919300000,2026-08-28T12:15:00Z,188.17,188.97,188.12,188.97,32.17,6063.4951
1787919600000,2026-08-28T12:20:00Z,188.97,188.97,188.35,188.39,25.52,4811.9999
1787919900000,2026-08-28T12:25:00Z,188.39,188.39,188.28,188.28,1.08,203.3507
1787920200000,2026-08-28T12:30:00Z,188.28,188.28,187.99,188.09,3.9,733.4937
1787920500000,2026-08-28T12:35:00Z,188.09,188.11,188.09,188.09,1.95,366.7864
1787920800000,2026-08-28T12:40:00Z,188.09,188.09,187.8,187.89,21.26,3994.9663
1787921100000,2026-08-28T12:45:00Z,187.89,188.08,187.72,187.72,19.54,3668.7806
1787921400000,2026-08-28T12:50:00Z,187.72,187.78,187.54,187.78,15.21,2854.7275
1787921700000,2026-08-28T12:55:00Z,187.78,187.98,187.76,187.98,7.99,1501.4974
1787922000000,2026-08-28T13:00:00Z,187.98,188.4,187.83,188.23,24.74,4658.5573
1787922300000,2026-08-28T13:05:00Z,188.23,188.23,187.5,187.56,22.85,4294.0655
1787922600000,2026-08-28T13:10:00Z,187.56,187.73,187.52,187.59,24.71,4636.53
1787922900000,2026-08-28T13:15:00Z,187.59,187.59,187.48,187.55,9.47,1776.0908
1787923200000,2026-08-28T13:20:00Z,187.55,187.64,187.41,187.41,23.77,4457.7473
1787923500000,2026-08-28T13:25:00Z,187.41,187.51,186.44,186.44,663.85,124169.8971
1787923800000,2026-08-28T13:30:00Z,186.44,189.18,186.24,187.05,458.21,85891.2474
1787924100000,2026-08-28T13:35:00Z,187.05,187.71,186.16,186.49,115.56,21596.5364
1787924400000,2026-08-28T13:40:00Z,186.49,186.63,185.46,185.65,167.55,31155.2536
1787924700000,2026-08-28T13:45:00Z,185.65,186.76,185.57,185.81,123.33,22958.3934
1787925000000,2026-08-28T13:50:00Z,185.81,187.55,185.81,187.4,66.79,12456.5821
1787925300000,2026-08-28T13:55:00Z,187.4,188.15,187.2,187.32,67.55,12664.8126
1787925600000,2026-08-28T14:00:00Z,187.32,188.42,184.74,184.79,284.78,53207.1459
1787925900000,2026-08-28T14:05:00Z,184.79,184.97,183.02,183.72,212.88,39076.7692
1787926200000,2026-08-28T14:10:00Z,183.72,183.77,182.09,182.51,58.83,10759.0297
1787926500000,2026-08-28T14:15:00Z,182.51,183.1,182.29,183,63.64,11623.6399
1787926800000,2026-08-28T14:20:00Z,183,184.33,183,183.85,78.95,14520.4537
1787927100000,2026-08-28T14:25:00Z,183.85,184.24,182.66,183.48,56.09,10275.2971
1787927400000,2026-08-28T14:30:00Z,183.48,184.62,183.03,184.59,42.38,7784.7975
1787927700000,2026-08-28T14:35:00Z,184.59,186.44,184.58,185.99,61.25,11354.6629
1787928000000,2026-08-28T14:40:00Z,185.99,186.6,185.69,186.08,65.24,12142.6656
1787928300000,2026-08-28T14:45:00Z,186.08,186.25,185,185.25,88.35,16374.3031
1787928600000,2026-08-28T14:50:00Z,185.25,186.15,185.17,186.15,35.73,6627.7412
1787928900000,2026-08-28T14:55:00Z,186.15,187.03,186.15,186.59,36.33,6786.3099
1787929200000,2026-08-28T15:00:00Z,186.59,187.27,186.08,186.32,34.93,6522.5317
1787929500000,2026-08-28T15:05:00Z,186.32,186.32,185.46,185.56,20.48,3802.0043
1787929800000,2026-08-28T15:10:00Z,185.56,185.77,185,185,56.95,10559.8275
1787930100000,2026-08-28T15:15:00Z,185,185.33,184.86,184.97,167.58,31012.1408
1787930400000,2026-08-28T15:20:00Z,184.97,185.08,184.74,184.95,227.52,42069.1004
1787930700000,2026-08-28T15:25:00Z,184.95,185.18,184.09,184.5,187.91,34712.9983
1787931000000,2026-08-28T15:30:00Z,184.5,184.5,183.63,183.78,199.32,36695.7513
1787931300000,2026-08-28T15:35:00Z,183.78,183.78,182.85,182.89,33.7,6181.4112
1787931600000,2026-08-28T15:40:00Z,182.89,182.89,181.67,181.71,130.62,23792.0545
1787931900000,2026-08-28T15:45:00Z,181.71,181.81,180.73,180.82,104,18869.6623
1787932200000,2026-08-28T15:50:00Z,180.82,181.4,180.59,180.77,35.76,6470.4297
1787932500000,2026-08-28T15:55:00Z,180.77,180.81,180.2,180.2,345.03,62277.1003
1787932800000,2026-08-28T16:00:00Z,180.2,180.45,179.78,179.87,163.19,29383.4661
1787933100000,2026-08-28T16:05:00Z,179.87,180.41,179.69,180.1,194.49,35037.4171
1787933400000,2026-08-28T16:10:00Z,180.1,180.16,179,179.03,407.99,73331.6889
1787933700000,2026-08-28T16:15:00Z,179.03,179.23,178.37,178.73,145.69,26035.349
1787934000000,2026-08-28T16:20:00Z,178.73,178.89,177.74,177.93,407.24,72561.6039
1787934300000,2026-08-28T16:25:00Z,177.93,178.67,177.75,178.37,271.25,48366.6794
1787934600000,2026-08-28T16:30:00Z,178.37,178.93,177.82,177.82,251.99,45013.4821
1787934900000,2026-08-28T16:35:00Z,177.82,178.6,177.82,178.22,99.9,17808.4226
1787935200000,2026-08-28T16:40:00Z,178.22,178.46,177.43,177.58,629.97,112077.9632
1787935500000,2026-08-28T16:45:00Z,177.58,178.5,177.58,177.73,136.65,24343.026
1787935800000,2026-08-28T16:50:00Z,177.73,178.5,177.56,177.56,140.89,25076.4172
1787936100000,2026-08-28T16:55:00Z,177.56,177.97,177.51,177.71,61.47,10924.3092
1787936400000,2026-08-28T17:00:00Z,177.71,177.88,177.21,177.66,184.96,32838.7092
1787936700000,2026-08-28T17:05:00Z,177.66,177.68,177.2,177.2,106.43,18886.7579
1787937000000,2026-08-28T17:10:00Z,177.2,177.72,176.93,177.49,271.34,48140.8312
1787937300000,2026-08-28T17:15:00Z,177.49,177.81,177.33,177.51,427.84,75961.7471
1787937600000,2026-08-28T17:20:00Z,177.51,177.68,177.08,177.15,147.43,26140.1383
1787937900000,2026-08-28T17:25:00Z,177.15,177.67,176.98,177.41,92.8,16460.0968
1787938200000,2026-08-28T17:30:00Z,177.41,177.52,177.14,177.14,92.23,16355.977
1787938500000,2026-08-28T17:35:00Z,177.14,177.23,176.76,176.76,98.62,17463.3832
1787938800000,2026-08-28T17:40:00Z,176.76,177.11,176.69,176.96,108.71,19237.19
1787939100000,2026-08-28T17:45:00Z,176.96,177.36,176.96,177.33,72.2,12792.0235
1787939400000,2026-08-28T17:50:00Z,177.33,177.33,176.83,177.06,57.5,10176.6723
1787939700000,2026-08-28T17:55:00Z,177.06,177.06,176.75,176.95,55.29,9781.4788
1787940000000,2026-08-28T18:00:00Z,176.95,177.24,176.66,176.82,154.2,27276.4763
1787940300000,2026-08-28T18:05:00Z,176.82,176.89,176.5,176.77,83.82,14807.0417
1787940600000,2026-08-28T18:10:00Z,176.77,176.93,176.33,176.45,91.27,16102.4953
1787940900000,2026-08-28T18:15:00Z,176.45,176.91,176.45,176.52,18.12,3201.7343
1787941200000,2026-08-28T18:20:00Z,176.52,176.56,176.36,176.46,41.86,7389.0728
1787941500000,2026-08-28T18:25:00Z,176.46,177,176.41,176.7,26.89,4751.5387
1787941800000,2026-08-28T18:30:00Z,176.7,177,176.67,176.97,12.19,2155.0678
1787942100000,2026-08-28T18:35:00Z,176.97,177.15,176.64,176.69,10.89,1924.5665
1787942400000,2026-08-28T18:40:00Z,176.69,176.89,176.69,176.89,0.92,162.6664
1787942700000,2026-08-28T18:45:00Z,176.89,177.03,176.66,176.76,18.51,3274.2739
1787943000000,2026-08-28T18:50:00Z,176.76,176.96,176.74,176.96,9.43,1667.8306
1787943300000,2026-08-28T18:55:00Z,176.96,177.04,176.85,177.04,3.63,642.042
1787943600000,2026-08-28T19:00:00Z,177.04,177.57,177.04,177.55,100.61,17845.9441
1787943900000,2026-08-28T19:05:00Z,177.55,178.01,177.43,177.94,17.71,3149.1319
1787944200000,2026-08-28T19:10:00Z,177.94,178.13,177.81,177.81,12.04,2141.9514
1787944500000,2026-08-28T19:15:00Z,177.81,177.93,177.81,177.85,17.38,3090.9521
1787944800000,2026-08-28T19:20:00Z,177.85,178.5,177.85,178.46,16.41,2926.0117
1787945100000,2026-08-28T19:25:00Z,178.46,179,178.46,179,49.25,8803.6514
1787945400000,2026-08-28T19:30:00Z,179,179.5,178.62,179.27,53.94,9659.4545
1787945700000,2026-08-28T19:35:00Z,179.27,179.42,179.16,179.25,41.67,7470.6592
1787946000000,2026-08-28T19:40:00Z,179.25,179.39,179.04,179.04,11.36,2035.9838
1787946300000,2026-08-28T19:45:00Z,179.04,179.04,178.62,178.67,13.2,2358.5877
1787946600000,2026-08-28T19:50:00Z,178.67,179.32,178.31,178.65,217.47,38897.5637
1787946900000,2026-08-28T19:55:00Z,178.65,179.43,178.65,178.84,170.73,30560.9119
1787947200000,2026-08-28T20:00:00Z,178.84,179.07,177.97,178.01,317.4,56681.4536
1787947500000,2026-08-28T20:05:00Z,178.01,178.2,177.96,178.14,40.25,7169.6427
1787947800000,2026-08-28T20:10:00Z,178.14,178.22,178.03,178.04,23.45,4176.0669
1787948100000,2026-08-28T20:15:00Z,178.04,178.04,177.58,177.83,38.73,6887.7675
1787948400000,2026-08-28T20:20:00Z,177.83,178.02,177.79,178.01,35.06,6236.6781
1787948700000,2026-08-28T20:25:00Z,178.01,178.14,177.95,178.14,8.96,1595.371
1787949000000,2026-08-28T20:30:00Z,178.14,178.14,177.87,178,16.46,2929.2279
1787949300000,2026-08-28T20:35:00Z,178,178.11,177.96,178.09,28.09,5002.3568
1787949600000,2026-08-28T20:40:00Z,178.09,178.22,178.08,178.14,17.19,3062.7056
1787949900000,2026-08-28T20:45:00Z,178.14,178.4,178.14,178.4,10.46,1864.3183
1787950200000,2026-08-28T20:50:00Z,178.4,178.41,178.24,178.38,1.8,320.8509
1787950500000,2026-08-28T20:55:00Z,178.38,178.39,178.37,178.37,0.28,49.9444
1787950800000,2026-08-28T21:00:00Z,178.37,178.42,178.24,178.29,2.92,520.6389
1787951100000,2026-08-28T21:05:00Z,178.29,178.42,178.29,178.42,50.6,9023.8092
1787951400000,2026-08-28T21:10:00Z,178.42,178.42,178.28,178.33,2.53,451.2233
1787951700000,2026-08-28T21:15:00Z,178.33,178.33,178.32,178.32,0.25,44.58
1787952000000,2026-08-28T21:20:00Z,178.32,178.35,178.18,178.18,4.43,789.6109
1787952300000,2026-08-28T21:25:00Z,178.18,178.24,178.18,178.18,8.97,1598.3536
1787952600000,2026-08-28T21:30:00Z,178.18,178.3,178.18,178.3,7.26,1294.1959
1787952900000,2026-08-28T21:35:00Z,178.3,178.46,178.3,178.33,1.3,231.9012
1787953200000,2026-08-28T21:40:00Z,178.33,178.49,178.27,178.36,6.63,1182.9662
1787953500000,2026-08-28T21:45:00Z,178.36,178.36,178.27,178.27,3.36,599.0544
1787953800000,2026-08-28T21:50:00Z,178.27,178.27,178.14,178.14,5.51,981.7194
1787954100000,2026-08-28T21:55:00Z,178.14,178.19,178.14,178.19,2.88,513.1552
1787954400000,2026-08-28T22:00:00Z,178.19,178.19,178.08,178.08,3.51,625.1592
1787954700000,2026-08-28T22:05:00Z,178.08,178.25,178.08,178.25,3.43,611.3975
1787955000000,2026-08-28T22:10:00Z,178.25,178.25,178.11,178.11,4.06,723.2432
1787955300000,2026-08-28T22:15:00Z,178.11,178.18,178.08,178.1,2.71,482.7222
1787955600000,2026-08-28T22:20:00Z,178.1,178.13,177.94,177.94,12.35,2198.1089
1787955900000,2026-08-28T22:25:00Z,177.94,178.05,177.94,178.04,3.7,658.5829
1787956200000,2026-08-28T22:30:00Z,178.04,178.25,178.04,178.21,26.71,4760.2629
1787956500000,2026-08-28T22:35:00Z,178.21,178.5,178.21,178.46,7.17,1279.0696
1787956800000,2026-08-28T22:40:00Z,178.46,178.52,178.46,178.47,8.59,1533.3351
1787957100000,2026-08-28T22:45:00Z,178.47,178.51,178.42,178.49,10.01,1786.3129
1787957400000,2026-08-28T22:50:00Z,178.49,178.49,178.41,178.41,6.36,1134.9847
1787957700000,2026-08-28T22:55:00Z,178.41,178.44,178.41,178.44,0.25,44.61
1787958000000,2026-08-28T23:00:00Z,178.44,178.44,178.25,178.26,6.42,1144.7918
1787958300000,2026-08-28T23:05:00Z,178.26,178.34,178.21,178.28,25.21,4494.6176
1787958600000,2026-08-28T23:10:00Z,178.28,178.39,178.28,178.33,10.24,1826.474
1787958900000,2026-08-28T23:15:00Z,178.33,178.34,178.25,178.34,10.29,1834.7237
1787959200000,2026-08-28T23:20:00Z,178.34,178.34,178.17,178.17,6.72,1197.5032
1787959500000,2026-08-28T23:25:00Z,178.17,178.38,178.17,178.38,11.1,1978.3118
1787959800000,2026-08-28T23:30:00Z,178.38,178.45,178.35,178.35,10.54,1880.833
1787960100000,2026-08-28T23:35:00Z,178.35,178.37,178.27,178.28,5.07,903.9338
1787960400000,2026-08-28T23:40:00Z,178.28,178.44,178.27,178.44,3.22,574.2739
1787960700000,2026-08-28T23:45:00Z,178.44,178.44,178.34,178.36,1.17,208.6695
1787961000000,2026-08-28T23:50:00Z,178.36,178.44,178.36,178.44,0.1,17.844
1787961300000,2026-08-28T23:55:00Z,178.44,178.58,178.39,178.53,19.23,3432.3533
1787961600000,2026-08-29T00:00:00Z,178.53,178.67,178.53,178.62,4.11,734.1862
1787961900000,2026-08-29T00:05:00Z,178.62,178.8,178.62,178.79,1.42,253.7066
1787962200000,2026-08-29T00:10:00Z,178.79,178.83,178.79,178.81,0.49,87.6217
1787962500000,2026-08-29T00:15:00Z,178.81,179,178.75,179,9.24,1652.5427
1787962800000,2026-08-29T00:20:00Z,179,179,178.89,178.97,2.87,513.5474
1787963100000,2026-08-29T00:25:00Z,178.97,179.01,178.89,178.95,4.85,867.9016
1787963400000,2026-08-29T00:30:00Z,178.95,178.95,178.85,178.85,2.3,411.355
1787963700000,2026-08-29T00:35:00Z,178.85,178.85,178.7,178.7,0.04,7.148
1787964000000,2026-08-29T00:40:00Z,178.7,178.7,178.67,178.68,0.5,89.3375
1787964300000,2026-08-29T00:45:00Z,178.68,178.68,178.61,178.61,0.55,98.2555
1787964600000,2026-08-29T00:50:00Z,178.61,178.61,178.61,178.61,0,0
1787964900000,2026-08-29T00:55:00Z,178.61,178.71,178.53,178.54,4.09,730.4907
1787965200000,2026-08-29T01:00:00Z,178.54,178.56,178.47,178.48,12.17,2172.1717
1787965500000,2026-08-29T01:05:00Z,178.48,178.48,178.43,178.44,19.73,3521.1128
1787965800000,2026-08-29T01:10:00Z,178.44,178.44,178.35,178.35,3.08,549.3668
1787966100000,2026-08-29T01:15:00Z,178.35,178.41,178.34,178.41,1.06,189.0946
1787966400000,2026-08-29T01:20:00Z,178.41,178.41,178.27,178.33,135.44,24153.272
1787966700000,2026-08-29T01:25:00Z,178.33,178.5,178.33,178.5,0.49,87.4506
1787967000000,2026-08-29T01:30:00Z,178.5,178.55,178.5,178.55,0.04,7.142
1787967300000,2026-08-29T01:35:00Z,178.55,178.62,178.5,178.51,3.8,678.4824
1787967600000,2026-08-29T01:40:00Z,178.51,178.65,178.51,178.65,8.44,1507.722
1787967900000,2026-08-29T01:45:00Z,178.65,178.65,178.47,178.49,3.63,647.9171
1787968200000,2026-08-29T01:50:00Z,178.49,178.68,178.49,178.62,0.87,155.4238
1787968500000,2026-08-29T01:55:00Z,178.62,178.69,178.62,178.62,3.34,596.7871
1787968800000,2026-08-29T02:00:00Z,178.62,178.72,178.62,178.72,0.08,14.2976
1787969100000,2026-08-29T02:05:00Z,178.72,178.72,178.61,178.61,4.87,869.9884
1787969400000,2026-08-29T02:10:00Z,178.61,178.61,178.48,178.48,7.21,1287.3699
1787969700000,2026-08-29T02:15:00Z,178.48,178.48,178.34,178.34,4.48,798.9632
1787970000000,2026-08-29T02:20:00Z,178.34,178.34,178.16,178.19,13.95,2485.8544
1787970300000,2026-08-29T02:25:00Z,178.19,178.22,178.16,178.22,3.43,611.2248
1787970600000,2026-08-29T02:30:00Z,178.22,178.33,178.22,178.33,3.47,618.8001
1787970900000,2026-08-29T02:35:00Z,178.33,178.47,178.21,178.47,4.49,801.1773
1787971200000,2026-08-29T02:40:00Z,178.47,178.47,178.33,178.33,0.06,10.6998
1787971500000,2026-08-29T02:45:00Z,178.33,178.41,178.33,178.41,0.17,30.3297
1787971800000,2026-08-29T02:50:00Z,178.41,178.41,178.37,178.37,15,2675.8165
1787972100000,2026-08-29T02:55:00Z,178.37,178.46,178.37,178.46,0.06,10.7076
1787972400000,2026-08-29T03:00:00Z,178.46,178.5,178.46,178.5,0.03,5.355
1787972700000,2026-08-29T03:05:00Z,178.5,178.59,178.5,178.59,0.31,55.3581
1787973000000,2026-08-29T03:10:00Z,178.59,178.59,178.55,178.55,0.57,101.7735
1787973300000,2026-08-29T03:15:00Z,178.55,178.55,178.49,178.49,1.99,355.2414
1787973600000,2026-08-29T03:20:00Z,178.49,178.54,178.49,178.52,2.36,421.3147
1787973900000,2026-08-29T03:25:00Z,178.52,178.55,178.49,178.55,3.82,682.001
1787974200000,2026-08-29T03:30:00Z,178.55,178.69,178.55,178.58,7.31,1305.7315
1787974500000,2026-08-29T03:35:00Z,178.58,178.58,178.4,178.4,2.1,374.8089
1787974800000,2026-08-29T03:40:00Z,178.4,178.45,178.38,178.42,22.92,4088.6756
1787975100000,2026-08-29T03:45:00Z,178.42,178.42,178.42,178.42,0,0
1787975400000,2026-08-29T03:50:00Z,178.42,178.42,178.32,178.32,22.09,3940.8262
1787975700000,2026-08-29T03:55:00Z,178.32,178.32,178.3,178.31,4.15,739.9913
1787976000000,2026-08-29T04:00:00Z,178.31,178.43,178.3,178.43,9.99,1782.3446
1787976300000,2026-08-29T04:05:00Z,178.43,178.44,178.43,178.44,0.07,12.4908
1787976600000,2026-08-29T04:10:00Z,178.44,178.47,178.44,178.46,0.29,51.7538
1787976900000,2026-08-29T04:15:00Z,178.46,178.46,178.44,178.44,0.04,7.1376
1787977200000,2026-08-29T04:20:00Z,178.44,178.46,178.44,178.46,0.25,44.615
1787977500000,2026-08-29T04:25:00Z,178.46,178.47,178.41,178.41,4.26,760.0995
1787977800000,2026-08-29T04:30:00Z,178.41,178.41,178.41,178.41,0,0
1787978100000,2026-08-29T04:35:00Z,178.41,178.41,178.36,178.39,0.09,16.0536
1787978400000,2026-08-29T04:40:00Z,178.39,178.4,178.39,178.39,0.3,53.5195
1787978700000,2026-08-29T04:45:00Z,178.39,178.52,178.34,178.34,15,2676.6319
1787979000000,2026-08-29T04:50:00Z,178.34,178.34,178.33,178.33,0.11,19.6163
1787979300000,2026-08-29T04:55:00Z,178.33,178.37,178.33,178.35,0.3,53.506
1787979600000,2026-08-29T05:00:00Z,178.35,178.39,178.32,178.39,0.42,74.8986
1787979900000,2026-08-29T05:05:00Z,178.39,178.4,178.35,178.4,0.89,158.7394
1787980200000,2026-08-29T05:10:00Z,178.4,178.41,178.4,178.41,0.05,8.9205
1787980500000,2026-08-29T05:15:00Z,178.41,178.41,178.4,178.41,0.29,51.7364
1787980800000,2026-08-29T05:20:00Z,178.41,178.47,178.41,178.47,7.86,1402.7742
1787981100000,2026-08-29T05:25:00Z,178.47,178.48,178.38,178.38,1.54,274.7963
1787981400000,2026-08-29T05:30:00Z,178.38,178.38,178.31,178.31,0.35,62.4145
1787981700000,2026-08-29T05:35:00Z,178.31,178.31,178.28,178.3,1.24,221.077
1787982000000,2026-08-29T05:40:00Z,178.3,178.33,178.3,178.33,0.09,16.0493
1787982300000,2026-08-29T05:45:00Z,178.33,178.45,178.33,178.45,2.44,435.4095
1787982600000,2026-08-29T05:50:00Z,178.45,178.45,178.25,178.25,5.41,964.4873
1787982900000,2026-08-29T05:55:00Z,178.25,178.35,178.25,178.35,2.34,417.1495
1787983200000,2026-08-29T06:00:00Z,178.35,178.38,178.25,178.28,0.58,103.4018
1787983500000,2026-08-29T06:05:00Z,178.28,178.28,178.09,178.13,2.85,507.6948
1787983800000,2026-08-29T06:10:00Z,178.13,178.13,177.95,177.99,40.61,7228.0977
1787984100000,2026-08-29T06:15:00Z,177.99,177.99,177.91,177.91,1.26,224.1666
1787984400000,2026-08-29T06:20:00Z,177.91,177.92,177.83,177.83,1.66,295.3153
1787984700000,2026-08-29T06:25:00Z,177.83,177.83,177.83,177.83,0,0
1787985000000,2026-08-29T06:30:00Z,177.83,177.83,177.83,177.83,0,0
1787985300000,2026-08-29T06:35:00Z,177.83,177.83,177.83,177.83,0,0
1787985600000,2026-08-29T06:40:00Z,177.83,177.83,177.74,177.74,34.57,6145.8435
1787985900000,2026-08-29T06:45:00Z,177.74,177.83,177.74,177.78,1.55,275.5624
1787986200000,2026-08-29T06:50:00Z,177.78,177.82,177.74,177.8,7.56,1343.8647
1787986500000,2026-08-29T06:55:00Z,177.8,177.83,177.73,177.73,2.32,412.5324
1787986800000,2026-08-29T07:00:00Z,177.73,177.87,177.73,177.87,0.37,65.8047
1787987100000,2026-08-29T07:05:00Z,177.87,178.03,177.87,177.89,10.14,1804.4997
1787987400000,2026-08-29T07:10:00Z,177.89,177.92,177.87,177.92,3.17,563.9889
1787987700000,2026-08-29T07:15:00Z,177.92,178,177.88,177.99,2.22,395.1318
1787988000000,2026-08-29T07:20:00Z,177.99,177.99,177.99,177.99,0,0
1787988300000,2026-08-29T07:25:00Z,177.99,177.99,177.99,177.99,0,0
1787988600000,2026-08-29T07:30:00Z,177.99,178.09,177.99,178.09,2.46,438.094
1787988900000,2026-08-29T07:35:00Z,178.09,178.1,178.09,178.1,0.25,44.525
1787989200000,2026-08-29T07:40:00Z,178.1,178.17,178.1,178.13,5.24,933.4505
1787989500000,2026-08-29T07:45:00Z,178.13,178.23,178.13,178.23,4.11,732.5246
1787989800000,2026-08-29T07:50:00Z,178.23,178.23,178.19,178.19,0.04,7.1276
1787990100000,2026-08-29T07:55:00Z,178.19,178.29,178.19,178.2,13.38,2384.952
1787990400000,2026-08-29T08:00:00Z,178.2,178.21,178.1,178.1,9.49,1690.2742
1787990700000,2026-08-29T08:05:00Z,178.1,178.1,177.96,177.96,12.76,2271.035
1787991000000,2026-08-29T08:10:00Z,177.96,177.98,177.83,177.83,5.15,916.1742
1787991300000,2026-08-29T08:15:00Z,177.83,177.83,177.56,177.75,23.42,4160.3029
1787991600000,2026-08-29T08:20:00Z,177.75,177.88,177.72,177.78,2.33,414.3564
1787991900000,2026-08-29T08:25:00Z,177.78,177.97,177.78,177.94,14.23,2531.764
1787992200000,2026-08-29T08:30:00Z,177.94,178.07,177.88,177.88,26.68,4748.2751
1787992500000,2026-08-29T08:35:00Z,177.88,177.95,177.88,177.95,0.75,133.4625
1787992800000,2026-08-29T08:40:00Z,177.95,177.98,177.95,177.96,0.78,138.8162
1787993100000,2026-08-29T08:45:00Z,177.96,178.08,177.95,178.08,10.02,1784.0606
1787993400000,2026-08-29T08:50:00Z,178.08,178.08,178.01,178.02,0.29,51.6254
1787993700000,2026-08-29T08:55:00Z,178.02,178.03,178,178.01,1.57,279.4866
1787994000000,2026-08-29T09:00:00Z,178.01,179.31,178.01,178.82,97.25,17372.5926
1787994300000,2026-08-29T09:05:00Z,178.82,178.9,178.56,178.58,7.87,1406.2654
1787994600000,2026-08-29T09:10:00Z,178.58,178.58,178.58,178.58,0,0
1787994900000,2026-08-29T09:15:00Z,178.58,178.63,178.58,178.61,2.02,360.7959
1787995200000,2026-08-29T09:20:00Z,178.61,178.61,178.5,178.58,3.43,612.4926
1787995500000,2026-08-29T09:25:00Z,178.58,178.58,178.09,178.2,39.25,6998.468
1787995800000,2026-08-29T09:30:00Z,178.2,178.29,178.2,178.29,31.73,5655.5164
1787996100000,2026-08-29T09:35:00Z,178.29,178.35,178.26,178.34,14.54,2592.7374
1787996400000,2026-08-29T09:40:00Z,178.34,178.4,178.18,178.22,13.6,2423.9565
1787996700000,2026-08-29T09:45:00Z,178.22,178.33,178.22,178.3,6.22,1109.0586
1787997000000,2026-08-29T09:50:00Z,178.3,178.3,178.3,178.3,0,0
1787997300000,2026-08-29T09:55:00Z,178.3,178.3,178.3,178.3,0,0
1787997600000,2026-08-29T10:00:00Z,178.3,178.5,178.3,178.44,4.71,840.6983
1787997900000,2026-08-29T10:05:00Z,178.44,178.44,178.35,178.35,0.25,44.5875
1787998200000,2026-08-29T10:10:00Z,178.35,178.35,178.35,178.35,0,0
1787998500000,2026-08-29T10:15:00Z,178.35,178.52,178.35,178.45,14,2498.5708
1787998800000,2026-08-29T10:20:00Z,178.45,178.59,178.45,178.59,0.76,135.7284
1787999100000,2026-08-29T10:25:00Z,178.59,178.6,178.56,178.56,11.26,2011.0214
1787999400000,2026-08-29T10:30:00Z,178.56,178.56,178.56,178.56,0,0
1787999700000,2026-08-29T10:35:00Z,178.56,178.58,178.49,178.49,180.42,32210.0464
1788000000000,2026-08-29T10:40:00Z,178.49,178.49,178.49,178.49,0,0
1788000300000,2026-08-29T10:45:00Z,178.49,178.49,178.47,178.47,0.04,7.1388
1788000600000,2026-08-29T10:50:00Z,178.47,178.47,178.47,178.47,0,0
1788000900000,2026-08-29T10:55:00Z,178.47,178.47,178.34,178.36,3.54,631.3376
1788001200000,2026-08-29T11:00:00Z,178.36,178.36,178.36,178.36,0,0
1788001500000,2026-08-29T11:05:00Z,178.36,178.36,178.36,178.36,0.25,44.59
1788001800000,2026-08-29T11:10:00Z,178.36,178.57,178.36,178.57,0.89,158.9173
1788002100000,2026-08-29T11:15:00Z,178.57,178.57,178.57,178.57,0,0
1788002400000,2026-08-29T11:20:00Z,178.57,178.63,178.57,178.63,0.03,5.3589
1788002700000,2026-08-29T11:25:00Z,178.63,178.63,178.54,178.54,0.16,28.5664
1788003000000,2026-08-29T11:30:00Z,178.54,178.69,178.4,178.69,15.1,2696.0301
1788003300000,2026-08-29T11:35:00Z,178.69,178.69,178.51,178.51,1.05,187.4483
1788003600000,2026-08-29T11:40:00Z,178.51,178.51,178.38,178.38,3.24,577.961
1788003900000,2026-08-29T11:45:00Z,178.38,178.63,178.38,178.58,5.72,1020.998
1788004200000,2026-08-29T11:50:00Z,178.58,178.58,178.39,178.39,0.79,140.9571
1788004500000,2026-08-29T11:55:00Z,178.39,178.39,178.34,178.34,4.48,799.0851
1788004800000,2026-08-29T12:00:00Z,178.34,178.4,178.34,178.4,0.28,49.952
1788005100000,2026-08-29T12:05:00Z,178.4,178.4,178.4,178.4,0,0
1788005400000,2026-08-29T12:10:00Z,178.4,178.44,178.38,178.38,10.65,1899.768
1788005700000,2026-08-29T12:15:00Z,178.38,178.41,178.38,178.41,0.06,10.7046
1788006000000,2026-08-29T12:20:00Z,178.41,178.54,178.37,178.37,3.07,547.8377
1788006300000,2026-08-29T12:25:00Z,178.37,178.37,178.23,178.3,8.79,1567.2036
1788006600000,2026-08-29T12:30:00Z,178.3,178.3,178.24,178.26,0.95,169.3544
1788006900000,2026-08-29T12:35:00Z,178.26,178.29,178.2,178.29,1.06,188.9539
1788007200000,2026-08-29T12:40:00Z,178.29,178.29,178.29,178.29,0,0
1788007500000,2026-08-29T12:45:00Z,178.29,178.29,178.29,178.29,0,0
1788007800000,2026-08-29T12:50:00Z,178.29,178.33,178.27,178.27,7.17,1278.6086
1788008100000,2026-08-29T12:55:00Z,178.27,178.29,178.27,178.29,0.5,89.145
1788008400000,2026-08-29T13:00:00Z,178.29,178.29,178.14,178.16,12.91,2300.0875
1788008700000,2026-08-29T13:05:00Z,178.16,178.27,178.16,178.27,0.07,12.4789
1788009000000,2026-08-29T13:10:00Z,178.27,178.36,178.27,178.34,28.96,5164.0632
1788009300000,2026-08-29T13:15:00Z,178.34,178.45,178.32,178.42,8.66,1544.8927
1788009600000,2026-08-29T13:20:00Z,178.42,178.42,178.42,178.42,0,0
1788009900000,2026-08-29T13:25:00Z,178.42,178.47,178.34,178.34,3.35,597.4468
1788010200000,2026-08-29T13:30:00Z,178.34,178.34,178.28,178.28,11.21,1998.5188
1788010500000,2026-08-29T13:35:00Z,178.28,178.36,178.28,178.36,0.2,35.672
1788010800000,2026-08-29T13:40:00Z,178.36,178.36,178.33,178.33,0.15,26.7495
1788011100000,2026-08-29T13:45:00Z,178.33,178.41,178.33,178.41,7.74,1380.8899
1788011400000,2026-08-29T13:50:00Z,178.41,178.45,178.41,178.45,0.05,8.9225
1788011700000,2026-08-29T13:55:00Z,178.45,178.6,178.45,178.6,0.04,7.144
1788012000000,2026-08-29T14:00:00Z,178.6,178.6,178.52,178.52,3.53,630.2775
1788012300000,2026-08-29T14:05:00Z,178.52,178.6,178.5,178.5,0.55,98.185
1788012600000,2026-08-29T14:10:00Z,178.5,178.55,178.48,178.48,4.89,872.7743
1788012900000,2026-08-29T14:15:00Z,178.48,178.57,178.48,178.56,2.72,485.697
1788013200000,2026-08-29T14:20:00Z,178.56,178.61,178.47,178.61,0.63,112.4663
1788013500000,2026-08-29T14:25:00Z,178.61,178.66,178.56,178.59,1.24,221.4979
1788013800000,2026-08-29T14:30:00Z,178.59,178.6,178.57,178.6,11.32,2021.5806
1788014100000,2026-08-29T14:35:00Z,178.6,178.78,178.6,178.78,19.23,3436.513
1788014400000,2026-08-29T14:40:00Z,178.78,179.48,178.78,179.23,10.63,1903.9066
1788014700000,2026-08-29T14:45:00Z,179.23,179.59,179.23,179.59,18.64,3347.1062
1788015000000,2026-08-29T14:50:00Z,179.59,179.59,179.37,179.43,23.9,4289.7087
1788015300000,2026-08-29T14:55:00Z,179.43,179.48,179.38,179.46,223.59,40121.1131
1788015600000,2026-08-29T15:00:00Z,179.46,179.54,179.14,179.14,567.95,101895.8306
1788015900000,2026-08-29T15:05:00Z,179.14,179.14,179.11,179.11,0.62,111.0482
1788016200000,2026-08-29T15:10:00Z,179.11,179.15,179.11,179.13,2.45,438.8922
1788016500000,2026-08-29T15:15:00Z,179.13,179.18,179.01,179.01,7.27,1301.7889
1788016800000,2026-08-29T15:20:00Z,179.01,179.08,178.95,179,110.98,19866.9443
1788017100000,2026-08-29T15:25:00Z,179,179,179,179,0,0
1788017400000,2026-08-29T15:30:00Z,179,179,178.75,178.83,13.47,2408.4663
1788017700000,2026-08-29T15:35:00Z,178.83,178.83,178.83,178.83,0,0
1788018000000,2026-08-29T15:40:00Z,178.83,178.84,178.81,178.81,1.87,334.4083
1788018300000,2026-08-29T15:45:00Z,178.81,178.92,178.81,178.91,0.75,134.18
1788018600000,2026-08-29T15:50:00Z,178.91,178.94,178.87,178.93,14.64,2619.4865
1788018900000,2026-08-29T15:55:00Z,178.93,178.93,178.84,178.84,5.11,913.8724
1788019200000,2026-08-29T16:00:00Z,178.84,178.95,178.84,178.95,3.09,552.9555
1788019500000,2026-08-29T16:05:00Z,178.95,178.95,178.95,178.95,0.25,44.7375
1788019800000,2026-08-29T16:10:00Z,178.95,179.13,178.95,179.13,12.66,2267.6462
1788020100000,2026-08-29T16:15:00Z,179.13,179.37,179.05,179.18,17.68,3168.0809
1788020400000,2026-08-29T16:20:00Z,179.18,179.18,179.18,179.18,0,0
1788020700000,2026-08-29T16:25:00Z,179.18,179.18,179.18,179.18,0,0
1788021000000,2026-08-29T16:30:00Z,179.18,179.29,179.13,179.29,5.64,1010.6394
1788021300000,2026-08-29T16:35:00Z,179.29,179.39,179.29,179.39,1.75,313.9325
1788021600000,2026-08-29T16:40:00Z,179.39,179.39,179.39,179.39,0,0
1788021900000,2026-08-29T16:45:00Z,179.39,179.49,179.39,179.49,0.8,143.5511
1788022200000,2026-08-29T16:50:00Z,179.49,179.57,179.43,179.43,147.58,26493.5845
1788022500000,2026-08-29T16:55:00Z,179.43,179.43,179.32,179.32,0.41,73.5362
1788022800000,2026-08-29T17:00:00Z,179.32,179.42,179.32,179.42,2.27,407.2834
1788023100000,2026-08-29T17:05:00Z,179.42,179.42,179.42,179.42,0,0
1788023400000,2026-08-29T17:10:00Z,179.42,179.49,179.42,179.49,0.28,50.2557
1788023700000,2026-08-29T17:15:00Z,179.49,179.57,179.49,179.57,0.25,44.8925
1788024000000,2026-08-29T17:20:00Z,179.57,179.57,179.38,179.38,2.22,398.4904
1788024300000,2026-08-29T17:25:00Z,179.38,179.58,179.34,179.42,14.38,2580.3332
1788024600000,2026-08-29T17:30:00Z,179.42,179.42,179.32,179.36,0.54,96.8445
1788024900000,2026-08-29T17:35:00Z,179.36,179.4,179.17,179.38,12,2151.886
1788025200000,2026-08-29T17:40:00Z,179.38,179.5,179.38,179.41,73,13103.4363
1788025500000,2026-08-29T17:45:00Z,179.41,179.41,179.41,179.41,0,0
1788025800000,2026-08-29T17:50:00Z,179.41,179.41,179.41,179.41,0,0
1788026100000,2026-08-29T17:55:00Z,179.41,179.51,179.39,179.51,3.91,701.8682
1788026400000,2026-08-29T18:00:00Z,179.51,179.68,179.51,179.68,50.81,9126.5252
1788026700000,2026-08-29T18:05:00Z,179.68,179.68,179.54,179.55,23.67,4250.8432
1788027000000,2026-08-29T18:10:00Z,179.55,179.55,179.54,179.54,4.64,833.0656
1788027300000,2026-08-29T18:15:00Z,179.54,179.54,179.39,179.39,5.46,979.4694
1788027600000,2026-08-29T18:20:00Z,179.39,179.59,179.39,179.54,7.41,1330.5724
1788027900000,2026-08-29T18:25:00Z,179.54,179.58,179.5,179.5,0.49,87.975
1788028200000,2026-08-29T18:30:00Z,179.5,179.6,179.5,179.6,1.89,339.4317
1788028500000,2026-08-29T18:35:00Z,179.6,179.6,179.56,179.6,61.82,11102.8221
1788028800000,2026-08-29T18:40:00Z,179.6,179.77,179.6,179.77,36.66,6584.3699
1788029100000,2026-08-29T18:45:00Z,179.77,179.8,179.77,179.78,29.44,5293.2027
1788029400000,2026-08-29T18:50:00Z,179.78,179.78,179.75,179.78,2.5,449.3887
1788029700000,2026-08-29T18:55:00Z,179.78,179.79,179.63,179.63,7.83,1407.137
1788030000000,2026-08-29T19:00:00Z,179.63,179.8,179.63,179.8,0.82,147.361
1788030300000,2026-08-29T19:05:00Z,179.8,179.8,179.73,179.73,17.08,3070.9165
1788030600000,2026-08-29T19:10:00Z,179.73,179.8,179.73,179.8,36.09,6488.9341
1788030900000,2026-08-29T19:15:00Z,179.8,179.82,179.78,179.81,43.05,7740.3834
1788031200000,2026-08-29T19:20:00Z,179.81,179.81,179.32,179.48,48.66,8736.9048
1788031500000,2026-08-29T19:25:00Z,179.48,179.5,179.44,179.5,0.48,86.1445
1788031800000,2026-08-29T19:30:00Z,179.5,179.5,179.47,179.48,1.86,333.8378
1788032100000,2026-08-29T19:35:00Z,179.48,179.48,179.48,179.48,0,0
1788032400000,2026-08-29T19:40:00Z,179.48,179.49,179.44,179.49,8.84,1586.5395
1788032700000,2026-08-29T19:45:00Z,179.49,179.51,179.49,179.51,0.25,44.8775
1788033000000,2026-08-29T19:50:00Z,179.51,179.54,179.46,179.46,1.39,249.5388
1788033300000,2026-08-29T19:55:00Z,179.46,179.46,179.37,179.37,6.93,1243.3099
1788033600000,2026-08-29T20:00:00Z,179.37,179.41,179.37,179.41,0.57,102.2541
1788033900000,2026-08-29T20:05:00Z,179.41,179.48,179.41,179.45,0.56,100.5026
1788034200000,2026-08-29T20:10:00Z,179.45,179.45,179.38,179.38,5.33,956.1995
1788034500000,2026-08-29T20:15:00Z,179.38,179.5,179.38,179.5,1.74,312.274
1788034800000,2026-08-29T20:20:00Z,179.5,179.54,179.44,179.44,4.2,753.9873
1788035100000,2026-08-29T20:25:00Z,179.44,179.47,179.43,179.43,0.38,68.1863
1788035400000,2026-08-29T20:30:00Z,179.43,179.44,179.31,179.35,7.15,1282.6398
1788035700000,2026-08-29T20:35:00Z,179.35,179.36,179.33,179.33,4.74,850.1643
1788036000000,2026-08-29T20:40:00Z,179.33,179.37,179.32,179.37,0.48,86.0776
1788036300000,2026-08-29T20:45:00Z,179.37,179.37,179.33,179.33,0.06,10.7598
1788036600000,2026-08-29T20:50:00Z,179.33,179.33,179.31,179.31,0.04,7.1724
1788036900000,2026-08-29T20:55:00Z,179.31,179.33,179.29,179.29,1.4,251.0314
1788037200000,2026-08-29T21:00:00Z,179.29,179.56,179.17,179.17,26.34,4725.2678
1788037500000,2026-08-29T21:05:00Z,179.17,179.31,179.17,179.28,12.25,2196.0572
1788037800000,2026-08-29T21:10:00Z,179.28,179.44,179.28,179.38,9.34,1675.2802
1788038100000,2026-08-29T21:15:00Z,179.38,179.42,179.38,179.42,0.31,55.6132
1788038400000,2026-08-29T21:20:00Z,179.42,179.42,179.38,179.38,0.04,7.1752
1788038700000,2026-08-29T21:25:00Z,179.38,179.38,179.23,179.29,8.67,1554.5658
1788039000000,2026-08-29T21:30:00Z,179.29,179.29,179.23,179.25,1.32,236.6155
1788039300000,2026-08-29T21:35:00Z,179.25,179.34,179.25,179.34,0.13,23.3114
1788039600000,2026-08-29T21:40:00Z,179.34,179.45,179.34,179.44,5.11,916.7556
1788039900000,2026-08-29T21:45:00Z,179.44,179.53,179.44,179.53,1.11,199.2783
1788040200000,2026-08-29T21:50:00Z,179.53,179.53,179.53,179.53,0,0
1788040500000,2026-08-29T21:55:00Z,179.53,179.58,179.2,179.3,15.75,2825.7461
1788040800000,2026-08-29T22:00:00Z,179.3,179.42,179.26,179.37,10.08,1807.78
1788041100000,2026-08-29T22:05:00Z,179.37,179.41,179.27,179.39,4.33,776.3355
1788041400000,2026-08-29T22:10:00Z,179.39,179.46,179.26,179.3,16.05,2878.4682
1788041700000,2026-08-29T22:15:00Z,179.3,179.38,179.26,179.26,5.64,1011.1196
1788042000000,2026-08-29T22:20:00Z,179.26,179.26,179.24,179.25,0.11,19.7169
1788042300000,2026-08-29T22:25:00Z,179.25,179.42,179.25,179.42,13.69,2455.2256
1788042600000,2026-08-29T22:30:00Z,179.42,179.45,179.37,179.37,1.39,249.3385
1788042900000,2026-08-29T22:35:00Z,179.37,179.42,179.37,179.42,1,179.42
1788043200000,2026-08-29T22:40:00Z,179.42,179.42,179.42,179.42,0,0
1788043500000,2026-08-29T22:45:00Z,179.42,179.42,179.42,179.42,0,0
1788043800000,2026-08-29T22:50:00Z,179.42,179.42,179.42,179.42,0,0
1788044100000,2026-08-29T22:55:00Z,179.42,179.65,179.42,179.56,12.13,2178.224
1788044400000,2026-08-29T23:00:00Z,179.56,179.61,179.56,179.57,0.17,30.5291
1788044700000,2026-08-29T23:05:00Z,179.57,179.6,179.57,179.58,0.31,55.6708
1788045000000,2026-08-29T23:10:00Z,179.58,179.58,179.57,179.57,0.87,156.2285
1788045300000,2026-08-29T23:15:00Z,179.57,179.57,179.57,179.57,0,0
1788045600000,2026-08-29T23:20:00Z,179.57,179.58,179.52,179.52,5.07,910.1814
1788045900000,2026-08-29T23:25:00Z,179.52,179.7,179.52,179.7,15.54,2792.0771
1788046200000,2026-08-29T23:30:00Z,179.7,179.74,179.67,179.72,7.62,1369.1778
1788046500000,2026-08-29T23:35:00Z,179.72,179.72,179.72,179.72,0.04,7.1888
1788046800000,2026-08-29T23:40:00Z,179.72,179.76,179.65,179.65,1.9,341.383
1788047100000,2026-08-29T23:45:00Z,179.65,179.77,179.65,179.77,2.66,478.1214
1788047400000,2026-08-29T23:50:00Z,179.77,179.81,179.77,179.81,1.1,197.7764
1788047700000,2026-08-29T23:55:00Z,179.81,179.81,179.72,179.73,2.3,413.4043
1788048000000,2026-08-30T00:00:00Z,179.73,179.73,179.69,179.71,0.55,98.835
1788048300000,2026-08-30T00:05:00Z,179.71,179.71,179.71,179.71,0,0
1788048600000,2026-08-30T00:10:00Z,179.71,179.71,179.62,179.65,3.05,547.8954
1788048900000,2026-08-30T00:15:00Z,179.65,180.07,179.65,179.97,9.32,1676.7305
1788049200000,2026-08-30T00:20:00Z,179.97,179.97,179.89,179.89,0.6,107.9406
1788049500000,2026-08-30T00:25:00Z,179.89,179.89,179.89,179.89,0.05,8.9945
1788049800000,2026-08-30T00:30:00Z,179.89,179.89,179.83,179.85,2.02,363.2686
1788050100000,2026-08-30T00:35:00Z,179.85,180.01,179.85,179.94,0.9,161.9946
1788050400000,2026-08-30T00:40:00Z,179.94,180.01,179.93,179.93,0.45,80.9907
1788050700000,2026-08-30T00:45:00Z,179.93,179.96,179.88,179.96,11.08,1993.1425
1788051000000,2026-08-30T00:50:00Z,179.96,179.99,179.83,179.88,10.46,1881.5581
1788051300000,2026-08-30T00:55:00Z,179.88,179.88,179.77,179.77,0.26,46.7402
1788051600000,2026-08-30T01:00:00Z,179.77,179.77,179.67,179.72,3.31,594.8207
1788051900000,2026-08-30T01:05:00Z,179.72,179.72,179.59,179.62,6.59,1183.721
1788052200000,2026-08-30T01:10:00Z,179.62,179.69,179.6,179.69,1.48,265.8811
1788052500000,2026-08-30T01:15:00Z,179.69,179.69,179.51,179.51,8.72,1565.8486
1788052800000,2026-08-30T01:20:00Z,179.51,179.56,179.51,179.53,0.37,66.4316
1788053100000,2026-08-30T01:25:00Z,179.53,179.53,179.42,179.45,1.44,258.3881
1788053400000,2026-08-30T01:30:00Z,179.45,179.6,179.45,179.6,1.45,260.2861
1788053700000,2026-08-30T01:35:00Z,179.6,179.68,179.58,179.65,0.86,154.501
1788054000000,2026-08-30T01:40:00Z,179.65,179.66,179.65,179.65,0.34,61.084
1788054300000,2026-08-30T01:45:00Z,179.65,179.8,179.65,179.73,13.16,2365.719
1788054600000,2026-08-30T01:50:00Z,179.73,179.73,179.61,179.65,5.07,910.8036
1788054900000,2026-08-30T01:55:00Z,179.65,179.67,179.59,179.67,6.17,1108.1886
1788055200000,2026-08-30T02:00:00Z,179.67,179.73,179.61,179.72,5.38,966.4397
1788055500000,2026-08-30T02:05:00Z,179.72,179.72,179.62,179.66,7.66,1376.2571
1788055800000,2026-08-30T02:10:00Z,179.66,179.66,179.66,179.66,0,0
1788056100000,2026-08-30T02:15:00Z,179.66,179.8,179.66,179.78,5.57,1001.2247
1788056400000,2026-08-30T02:20:00Z,179.78,179.81,179.73,179.73,0.91,163.5849
1788056700000,2026-08-30T02:25:00Z,179.73,179.73,179.58,179.6,5.48,984.2822
1788057000000,2026-08-30T02:30:00Z,179.6,179.7,179.6,179.7,0.33,59.2983
1788057300000,2026-08-30T02:35:00Z,179.7,179.75,179.67,179.75,0.42,75.4748
1788057600000,2026-08-30T02:40:00Z,179.75,179.81,179.75,179.8,3.32,596.8837
1788057900000,2026-08-30T02:45:00Z,179.8,179.8,179.74,179.74,4.69,843.1049
1788058200000,2026-08-30T02:50:00Z,179.74,179.82,179.74,179.79,11.99,2155.7156
1788058500000,2026-08-30T02:55:00Z,179.79,179.8,179.67,179.67,4.94,888.0724
1788058800000,2026-08-30T03:00:00Z,179.67,179.67,179.57,179.66,4.2,754.3333
1788059100000,2026-08-30T03:05:00Z,179.66,179.66,179.55,179.55,0.59,105.9357
1788059400000,2026-08-30T03:10:00Z,179.55,179.57,179.55,179.56,1.9,341.1641
1788059700000,2026-08-30T03:15:00Z,179.56,179.56,179.56,179.56,0,0
1788060000000,2026-08-30T03:20:00Z,179.56,179.62,179.53,179.62,0.79,141.8697
1788060300000,2026-08-30T03:25:00Z,179.62,179.82,179.62,179.81,6.58,1183.1608
1788060600000,2026-08-30T03:30:00Z,179.81,179.82,179.74,179.82,40.1,7210.3681
1788060900000,2026-08-30T03:35:00Z,179.82,179.82,179.69,179.8,3.96,711.7795
1788061200000,2026-08-30T03:40:00Z,179.8,179.82,179.7,179.7,4.41,792.8514
1788061500000,2026-08-30T03:45:00Z,179.7,179.71,179.65,179.69,3.13,562.3544
1788061800000,2026-08-30T03:50:00Z,179.69,179.69,179.64,179.64,0.27,48.5028
1788062100000,2026-08-30T03:55:00Z,179.64,179.69,179.62,179.67,4.16,747.3409
1788062400000,2026-08-30T04:00:00Z,179.67,179.81,179.67,179.8,7.61,1367.8079
1788062700000,2026-08-30T04:05:00Z,179.8,179.82,179.68,179.68,2.33,418.8716
1788063000000,2026-08-30T04:10:00Z,179.68,179.68,179.68,179.68,0,0
1788063300000,2026-08-30T04:15:00Z,179.68,179.72,179.66,179.71,4.09,734.9777
1788063600000,2026-08-30T04:20:00Z,179.71,179.71,179.36,179.36,30.65,5501.4301
1788063900000,2026-08-30T04:25:00Z,179.36,179.44,179.36,179.43,1.04,186.6099
1788064200000,2026-08-30T04:30:00Z,179.43,179.43,179.38,179.4,0.54,96.8706
1788064500000,2026-08-30T04:35:00Z,179.4,179.44,179.29,179.29,9.04,1621.1956
1788064800000,2026-08-30T04:40:00Z,179.29,179.37,179.26,179.37,0.53,95.0375
1788065100000,2026-08-30T04:45:00Z,179.37,179.37,179.3,179.3,0.25,44.825
1788065400000,2026-08-30T04:50:00Z,179.3,179.3,179.22,179.29,7.61,1364.2218
1788065700000,2026-08-30T04:55:00Z,179.29,179.33,179.29,179.3,6.94,1244.4119
1788066000000,2026-08-30T05:00:00Z,179.3,180.08,179.3,179.81,83.8,15072.0462
1788066300000,2026-08-30T05:05:00Z,179.81,179.93,179.74,179.74,8.7,1564.8376
1788066600000,2026-08-30T05:10:00Z,179.74,179.74,179.62,179.68,5.99,1076.0422
1788066900000,2026-08-30T05:15:00Z,179.68,179.68,179.64,179.66,1.13,203.0094
1788067200000,2026-08-30T05:20:00Z,179.66,179.71,179.65,179.67,5.79,1040.4137
1788067500000,2026-08-30T05:25:00Z,179.67,179.7,179.66,179.7,1.52,273.1106
1788067800000,2026-08-30T05:30:00Z,179.7,179.74,179.68,179.72,3.86,693.6914
1788068100000,2026-08-30T05:35:00Z,179.72,179.79,179.68,179.79,5.36,963.4287
1788068400000,2026-08-30T05:40:00Z,179.79,179.8,179.75,179.79,150.06,26980.4543
1788068700000,2026-08-30T05:45:00Z,179.79,179.8,179.77,179.79,31.24,5616.8869
1788069000000,2026-08-30T05:50:00Z,179.79,179.8,179.77,179.78,22.03,3960.933
1788069300000,2026-08-30T05:55:00Z,179.78,179.79,179.78,179.79,1.15,206.7552
1788069600000,2026-08-30T06:00:00Z,179.79,179.8,179.7,179.8,54.7,9834.7706
1788069900000,2026-08-30T06:05:00Z,179.8,179.8,179.73,179.79,11.45,2058.5821
1788070200000,2026-08-30T06:10:00Z,179.79,179.79,179.79,179.79,0,0
1788070500000,2026-08-30T06:15:00Z,179.79,179.89,179.79,179.89,51.37,9236.5403
1788070800000,2026-08-30T06:20:00Z,179.89,179.89,179.79,179.81,118.77,21359.755
1788071100000,2026-08-30T06:25:00Z,179.81,179.81,179.81,179.81,0,0
1788071400000,2026-08-30T06:30:00Z,179.81,179.92,179.81,179.92,1.07,192.5144
1788071700000,2026-08-30T06:35:00Z,179.92,180.13,179.88,180.11,18.89,3400.8027
1788072000000,2026-08-30T06:40:00Z,180.11,180.24,180.11,180.17,20.13,3626.6485
1788072300000,2026-08-30T06:45:00Z,180.17,180.23,180.12,180.21,14.31,2578.535
1788072600000,2026-08-30T06:50:00Z,180.21,180.21,180.11,180.14,3.97,715.1216
1788072900000,2026-08-30T06:55:00Z,180.14,180.15,180.11,180.15,31.24,5627.7894
1788073200000,2026-08-30T07:00:00Z,180.15,180.15,180.11,180.14,10.15,1828.4338
1788073500000,2026-08-30T07:05:00Z,180.14,180.14,180.08,180.08,0.76,136.8638
1788073800000,2026-08-30T07:10:00Z,180.08,180.09,180.01,180.01,0.72,129.6359
1788074100000,2026-08-30T07:15:00Z,180.01,180.01,180.01,180.01,0,0
1788074400000,2026-08-30T07:20:00Z,180.01,180.01,179.94,179.94,50,8997.8768
1788074700000,2026-08-30T07:25:00Z,179.94,180.02,179.94,180.02,0.06,10.8012
1788075000000,2026-08-30T07:30:00Z,180.02,180.02,179.92,179.92,2.75,494.8613
1788075300000,2026-08-30T07:35:00Z,179.92,179.93,179.87,179.87,0.81,145.6971
1788075600000,2026-08-30T07:40:00Z,179.87,179.87,179.87,179.87,0,0
1788075900000,2026-08-30T07:45:00Z,179.87,179.87,179.76,179.84,3.85,692.3504
1788076200000,2026-08-30T07:50:00Z,179.84,179.84,179.76,179.76,1.31,235.5008
1788076500000,2026-08-30T07:55:00Z,179.76,179.8,179.72,179.79,13.06,2347.2233
1788076800000,2026-08-30T08:00:00Z,179.79,179.81,179.72,179.8,1.55,278.6356
1788077100000,2026-08-30T08:05:00Z,179.8,179.86,179.8,179.85,2.93,526.9747
1788077400000,2026-08-30T08:10:00Z,179.85,179.85,179.75,179.8,0.7,125.8383
1788077700000,2026-08-30T08:15:00Z,179.8,179.87,179.8,179.87,8.01,1440.5861
1788078000000,2026-08-30T08:20:00Z,179.87,179.87,179.8,179.8,0.6,107.8846
1788078300000,2026-08-30T08:25:00Z,179.8,179.8,179.8,179.8,0,0
1788078600000,2026-08-30T08:30:00Z,179.8,179.86,179.78,179.86,3.03,544.8772
1788078900000,2026-08-30T08:35:00Z,179.86,179.88,179.76,179.77,10.06,1808.915
1788079200000,2026-08-30T08:40:00Z,179.77,179.97,179.72,179.97,14.86,2672.1985
1788079500000,2026-08-30T08:45:00Z,179.97,179.97,179.79,179.87,8.79,1580.5951
1788079800000,2026-08-30T08:50:00Z,179.87,179.87,179.87,179.87,0,0
1788080100000,2026-08-30T08:55:00Z,179.87,179.89,179.87,179.89,1.63,293.2151
1788080400000,2026-08-30T09:00:00Z,179.89,179.92,179.88,179.92,1.21,217.6968
1788080700000,2026-08-30T09:05:00Z,179.92,179.92,179.87,179.87,2.6,467.7113
1788081000000,2026-08-30T09:10:00Z,179.87,179.91,179.87,179.91,0.6,107.9426
1788081300000,2026-08-30T09:15:00Z,179.91,179.92,179.88,179.91,1.24,223.0871
1788081600000,2026-08-30T09:20:00Z,179.91,179.95,179.77,179.77,5.13,922.5144
1788081900000,2026-08-30T09:25:00Z,179.77,179.83,179.75,179.75,3.81,685.045
1788082200000,2026-08-30T09:30:00Z,179.75,179.82,179.75,179.79,12.51,2248.9684
1788082500000,2026-08-30T09:35:00Z,179.79,179.79,179.79,179.79,0.36,64.7244
1788082800000,2026-08-30T09:40:00Z,179.79,179.88,179.79,179.86,1.67,300.3408
1788083100000,2026-08-30T09:45:00Z,179.86,179.9,179.84,179.84,3.44,618.7544
1788083400000,2026-08-30T09:50:00Z,179.84,179.85,179.72,179.72,49.64,8922.1338
1788083700000,2026-08-30T09:55:00Z,179.72,179.72,179.72,179.72,0,0
1788084000000,2026-08-30T10:00:00Z,179.72,179.81,179.72,179.81,2.31,415.3253
1788084300000,2026-08-30T10:05:00Z,179.81,179.87,179.81,179.86,1.69,303.9495
1788084600000,2026-08-30T10:10:00Z,179.86,179.86,179.78,179.81,0.87,156.4281
1788084900000,2026-08-30T10:15:00Z,179.81,179.81,179.78,179.81,1.6,287.6811
1788085200000,2026-08-30T10:20:00Z,179.81,179.89,179.81,179.87,1.53,275.2149
1788085500000,2026-08-30T10:25:00Z,179.87,179.97,179.85,179.85,13.1,2356.5701
1788085800000,2026-08-30T10:30:00Z,179.85,179.91,179.84,179.84,0.75,134.8982
1788086100000,2026-08-30T10:35:00Z,179.84,179.86,179.83,179.84,0.4,71.9367
1788086400000,2026-08-30T10:40:00Z,179.84,179.99,179.84,179.87,15.28,2749.3378
1788086700000,2026-08-30T10:45:00Z,179.87,179.87,179.87,179.87,0,0
1788087000000,2026-08-30T10:50:00Z,179.87,179.89,179.87,179.89,0.31,55.7659
1788087300000,2026-08-30T10:55:00Z,179.89,179.94,179.88,179.94,2.96,532.5523
1788087600000,2026-08-30T11:00:00Z,179.94,179.95,179.9,179.92,0.76,136.7387
1788087900000,2026-08-30T11:05:00Z,179.92,179.98,179.92,179.98,2.15,386.9342
1788088200000,2026-08-30T11:10:00Z,179.98,179.98,179.89,179.89,1.85,332.8227
1788088500000,2026-08-30T11:15:00Z,179.89,180,179.89,179.97,2.1,377.9647
1788088800000,2026-08-30T11:20:00Z,179.97,179.99,179.96,179.99,4.47,804.5426
1788089100000,2026-08-30T11:25:00Z,179.99,180,179.94,180,157.85,28412.6107
1788089400000,2026-08-30T11:30:00Z,180,180,179.95,179.97,126.94,22847.5928
1788089700000,2026-08-30T11:35:00Z,179.97,180.31,179.94,180.05,67.39,12132.7488
1788090000000,2026-08-30T11:40:00Z,180.05,180.07,179.96,179.96,53.39,9611.8161
1788090300000,2026-08-30T11:45:00Z,179.96,179.99,179.96,179.98,0.17,30.5966
1788090600000,2026-08-30T11:50:00Z,179.98,179.98,179.96,179.97,8.04,1446.9563
1788090900000,2026-08-30T11:55:00Z,179.97,180.02,179.96,180.02,4.27,768.5303
1788091200000,2026-08-30T12:00:00Z,180.02,180.16,179.98,180.16,274.58,49442.6625
1788091500000,2026-08-30T12:05:00Z,180.16,180.59,180.1,180.59,596.87,107560.8543
1788091800000,2026-08-30T12:10:00Z,180.59,181.28,180.59,180.89,199.22,36051.5987
1788092100000,2026-08-30T12:15:00Z,180.89,180.89,180.68,180.68,5.71,1032.0614
1788092400000,2026-08-30T12:20:00Z,180.68,180.73,180.66,180.73,2.05,370.428
1788092700000,2026-08-30T12:25:00Z,180.73,180.86,180.67,180.86,35.84,6481.2544
1788093000000,2026-08-30T12:30:00Z,180.86,181.29,180.67,180.71,658.71,119142.697
1788093300000,2026-08-30T12:35:00Z,180.71,181.01,180.71,180.92,6.86,1240.9506
1788093600000,2026-08-30T12:40:00Z,180.92,181.32,180.91,181.11,30.57,5531.8645
1788093900000,2026-08-30T12:45:00Z,181.11,181.15,181.09,181.11,3.52,637.5127
1788094200000,2026-08-30T12:50:00Z,181.11,181.13,181.05,181.11,12.09,2189.2774
1788094500000,2026-08-30T12:55:00Z,181.11,181.25,181.11,181.25,134.39,24357.3001
1788094800000,2026-08-30T13:00:00Z,181.25,181.41,181.18,181.4,62.26,11284.8125
1788095100000,2026-08-30T13:05:00Z,181.4,181.4,181.35,181.35,12.05,2185.283
1788095400000,2026-08-30T13:10:00Z,181.35,181.42,181.21,181.42,18.2,3300.8138
1788095700000,2026-08-30T13:15:00Z,181.42,181.45,181.28,181.38,9.94,1802.1049
1788096000000,2026-08-30T13:20:00Z,181.38,181.52,181.38,181.52,8.66,1571.6456
1788096300000,2026-08-30T13:25:00Z,181.52,181.57,181.5,181.57,5.16,936.7467
1788096600000,2026-08-30T13:30:00Z,181.57,181.7,181.47,181.61,61.33,11139.8985
1788096900000,2026-08-30T13:35:00Z,181.61,181.61,181.45,181.48,197.43,35834.9207
1788097200000,2026-08-30T13:40:00Z,181.48,181.56,181.43,181.55,3.79,688.0328
1788097500000,2026-08-30T13:45:00Z,181.55,181.96,181.55,181.96,24.57,4467.3559
1788097800000,2026-08-30T13:50:00Z,181.96,181.99,181.87,181.95,4.23,769.6464
1788098100000,2026-08-30T13:55:00Z,181.95,181.99,181.82,181.85,12.79,2327.0095
1788098400000,2026-08-30T14:00:00Z,181.85,181.99,181.76,181.84,34.78,6326.8706
1788098700000,2026-08-30T14:05:00Z,181.84,181.84,181.69,181.7,13,2362.226
1788099000000,2026-08-30T14:10:00Z,181.7,181.86,181.67,181.78,10.13,1841.0467
1788099300000,2026-08-30T14:15:00Z,181.78,182.03,181.72,181.9,77.55,14109.067
1788099600000,2026-08-30T14:20:00Z,181.9,181.9,181.69,181.69,15.63,2841.6847
1788099900000,2026-08-30T14:25:00Z,181.69,181.81,181.65,181.79,18.5,3362.302
1788100200000,2026-08-30T14:30:00Z,181.79,181.85,181.79,181.85,3.14,570.929
1788100500000,2026-08-30T14:35:00Z,181.85,181.85,181.57,181.61,1.89,343.3657
1788100800000,2026-08-30T14:40:00Z,181.61,181.71,181.61,181.7,138.8,25213.1152
1788101100000,2026-08-30T14:45:00Z,181.7,181.8,181.68,181.8,0.69,125.3915
1788101400000,2026-08-30T14:50:00Z,181.8,181.92,181.56,181.82,82.67,15028.2954
1788101700000,2026-08-30T14:55:00Z,181.82,181.92,181.82,181.83,5.54,1007.7125
1788102000000,2026-08-30T15:00:00Z,181.83,181.83,181.51,181.66,9.64,1750.3471
1788102300000,2026-08-30T15:05:00Z,181.66,181.82,181.64,181.77,8.11,1473.6389
1788102600000,2026-08-30T15:10:00Z,181.77,181.8,181.3,181.33,213.23,38725.6187
1788102900000,2026-08-30T15:15:00Z,181.33,181.58,181.29,181.44,17.75,3219.0263
1788103200000,2026-08-30T15:20:00Z,181.44,181.56,181.42,181.56,1.26,228.6894
1788103500000,2026-08-30T15:25:00Z,181.56,181.71,181.56,181.68,10.44,1896.7411
1788103800000,2026-08-30T15:30:00Z,181.68,181.77,181.68,181.77,4.58,832.2959
1788104100000,2026-08-30T15:35:00Z,181.77,181.8,181.73,181.8,2.57,467.0811
1788104400000,2026-08-30T15:40:00Z,181.8,181.8,181.69,181.69,10.65,1935.3795
1788104700000,2026-08-30T15:45:00Z,181.69,181.93,181.69,181.81,24.25,4409.2762
1788105000000,2026-08-30T15:50:00Z,181.81,181.84,181.77,181.84,96.69,17578.2591
1788105300000,2026-08-30T15:55:00Z,181.84,181.85,181.74,181.74,3.41,620.0169
1788105600000,2026-08-30T16:00:00Z,181.74,182.12,181.62,181.89,191.2,34785.3705
1788105900000,2026-08-30T16:05:00Z,181.89,182.12,181.78,181.84,88.95,16178.5042
1788106200000,2026-08-30T16:10:00Z,181.84,182.48,181.73,182.48,125.87,22932.4727
1788106500000,2026-08-30T16:15:00Z,182.48,182.77,182.4,182.65,26.09,4764.6043
1788106800000,2026-08-30T16:20:00Z,182.65,182.65,182.45,182.45,58.02,10588.1049
1788107100000,2026-08-30T16:25:00Z,182.45,182.65,182.38,182.38,7.08,1292.3601
1788107400000,2026-08-30T16:30:00Z,182.38,182.61,182.32,182.58,4.32,788.3512
1788107700000,2026-08-30T16:35:00Z,182.58,182.65,182.31,182.45,80.51,14693.0656
1788108000000,2026-08-30T16:40:00Z,182.45,182.79,182.38,182.6,7.33,1338.7432
1788108300000,2026-08-30T16:45:00Z,182.6,182.77,182.57,182.71,94.27,17222.1254
1788108600000,2026-08-30T16:50:00Z,182.71,182.78,182.52,182.52,27.35,4996.2812
1788108900000,2026-08-30T16:55:00Z,182.52,182.71,182.45,182.65,42.83,7821.8599
1788109200000,2026-08-30T17:00:00Z,182.65,182.74,182.52,182.57,15.08,2753.2402
1788109500000,2026-08-30T17:05:00Z,182.57,182.58,182.49,182.58,1.18,215.4188
1788109800000,2026-08-30T17:10:00Z,182.58,182.58,182.37,182.5,5.33,972.4956
1788110100000,2026-08-30T17:15:00Z,182.5,182.5,182.2,182.24,11.74,2140.8141
1788110400000,2026-08-30T17:20:00Z,182.24,182.24,181.61,181.75,112.01,20377.9324
1788110700000,2026-08-30T17:25:00Z,181.75,181.97,181.61,181.97,30.46,5536.0326
1788111000000,2026-08-30T17:30:00Z,181.97,182.22,181.97,182.22,5.5,1001.4632
1788111300000,2026-08-30T17:35:00Z,182.22,182.35,182.18,182.32,18.35,3344.8764
1788111600000,2026-08-30T17:40:00Z,182.32,182.41,182.19,182.41,11.8,2150.8903
1788111900000,2026-08-30T17:45:00Z,182.41,182.41,182.28,182.28,5.03,916.8937
1788112200000,2026-08-30T17:50:00Z,182.28,182.34,182.15,182.2,9.77,1780.5777
1788112500000,2026-08-30T17:55:00Z,182.2,182.42,182.2,182.42,20.01,3646.9693
1788112800000,2026-08-30T18:00:00Z,182.42,182.42,182.21,182.36,5.64,1027.9963
1788113100000,2026-08-30T18:05:00Z,182.36,182.36,181.98,181.98,9.32,1697.4016
1788113400000,2026-08-30T18:10:00Z,181.98,181.98,181.56,181.64,77.32,14043.3643
1788113700000,2026-08-30T18:15:00Z,181.64,181.82,181.64,181.82,8.16,1482.9435
1788114000000,2026-08-30T18:20:00Z,181.82,181.83,181.75,181.75,17.16,3119.7135
1788114300000,2026-08-30T18:25:00Z,181.75,181.96,181.74,181.96,41.73,7585.7222
1788114600000,2026-08-30T18:30:00Z,181.96,182.26,181.96,182.25,6.88,1253.5467
1788114900000,2026-08-30T18:35:00Z,182.25,182.29,182.23,182.28,3.36,612.3413
1788115200000,2026-08-30T18:40:00Z,182.28,182.28,182.13,182.15,1.86,338.8154
1788115500000,2026-08-30T18:45:00Z,182.15,182.15,182.11,182.11,0.51,92.8839
1788115800000,2026-08-30T18:50:00Z,182.11,182.11,182.01,182.07,12.58,2290.2773
1788116100000,2026-08-30T18:55:00Z,182.07,182.21,182.07,182.13,7.79,1418.5559
1788116400000,2026-08-30T19:00:00Z,182.13,182.13,182.07,182.07,0.05,9.1035
1788116700000,2026-08-30T19:05:00Z,182.07,182.18,182.05,182.18,6.16,1121.6668
1788117000000,2026-08-30T19:10:00Z,182.18,182.18,182.15,182.18,2.92,531.908
1788117300000,2026-08-30T19:15:00Z,182.18,182.18,182.07,182.14,3.14,571.864
1788117600000,2026-08-30T19:20:00Z,182.14,182.14,182.04,182.08,4.04,735.4516
1788117900000,2026-08-30T19:25:00Z,182.08,182.08,181.78,181.8,2.19,398.138
1788118200000,2026-08-30T19:30:00Z,181.8,181.94,181.74,181.82,35.06,6374.0793
1788118500000,2026-08-30T19:35:00Z,181.82,181.83,181.51,181.56,13.46,2444.3769
1788118800000,2026-08-30T19:40:00Z,181.56,181.69,181.49,181.69,96.69,17557.1889
1788119100000,2026-08-30T19:45:00Z,181.69,181.91,181.31,181.56,330.46,60014.5235
1788119400000,2026-08-30T19:50:00Z,181.56,181.62,181.55,181.61,3.78,686.429
1788119700000,2026-08-30T19:55:00Z,181.61,181.61,181.53,181.58,24.66,4477.5575
1788120000000,2026-08-30T20:00:00Z,181.58,181.58,181.58,181.58,0,0
1788120300000,2026-08-30T20:05:00Z,181.58,181.58,181.58,181.58,0,0
1788120600000,2026-08-30T20:10:00Z,181.58,181.83,181.58,181.78,1.37,249.0686
1788120900000,2026-08-30T20:15:00Z,181.78,181.78,181.68,181.68,0.51,92.6743
1788121200000,2026-08-30T20:20:00Z,181.68,181.79,181.68,181.79,0.26,47.2654
1788121500000,2026-08-30T20:25:00Z,181.79,181.83,181.62,181.62,7,1271.4816
1788121800000,2026-08-30T20:30:00Z,181.62,181.62,181.3,181.33,17.82,3231.7555
1788122100000,2026-08-30T20:35:00Z,181.33,181.33,181.33,181.33,0,0
1788122400000,2026-08-30T20:40:00Z,181.33,181.34,180.95,181.04,100.29,18171.1415
1788122700000,2026-08-30T20:45:00Z,181.04,181.38,180.99,181.36,12.57,2277.8037
1788123000000,2026-08-30T20:50:00Z,181.36,181.41,181.36,181.37,1.16,210.3916
1788123300000,2026-08-30T20:55:00Z,181.37,181.37,181.23,181.23,3.12,565.6952
1788123600000,2026-08-30T21:00:00Z,181.23,181.56,180.56,180.75,250.1,45266.6597
1788123900000,2026-08-30T21:05:00Z,180.75,181.01,180.75,181,0.16,28.9535
1788124200000,2026-08-30T21:10:00Z,181,181.1,181,181.1,0.99,179.289
1788124500000,2026-08-30T21:15:00Z,181.1,181.14,181,181.01,4.16,753.2924
1788124800000,2026-08-30T21:20:00Z,181.01,181.01,180.83,180.89,3.08,557.1406
1788125100000,2026-08-30T21:25:00Z,180.89,180.89,180.89,180.89,0,0
1788125400000,2026-08-30T21:30:00Z,180.89,181.22,180.89,181.22,5.29,958.5788
1788125700000,2026-08-30T21:35:00Z,181.22,181.22,181.22,181.22,0,0
1788126000000,2026-08-30T21:40:00Z,181.22,181.22,181.14,181.14,3.85,697.4008
1788126300000,2026-08-30T21:45:00Z,181.14,181.15,181.11,181.14,1.24,224.6225
1788126600000,2026-08-30T21:50:00Z,181.14,181.14,181.13,181.13,1.24,224.6012
1788126900000,2026-08-30T21:55:00Z,181.13,181.13,181.09,181.09,15.36,2781.5424
1788127200000,2026-08-30T22:00:00Z,181.09,181.28,180.9,181.03,32.84,5943.6385
1788127500000,2026-08-30T22:05:00Z,181.03,181.11,180.8,180.8,5.89,1066.095
1788127800000,2026-08-30T22:10:00Z,180.8,180.85,180.69,180.85,5.59,1010.4625
1788128100000,2026-08-30T22:15:00Z,180.85,180.85,180.52,180.8,25,4516.0561
1788128400000,2026-08-30T22:20:00Z,180.8,180.8,180.37,180.37,22.48,4058.8604
1788128700000,2026-08-30T22:25:00Z,180.37,180.51,180.3,180.48,16.18,2919.1883
1788129000000,2026-08-30T22:30:00Z,180.48,180.54,180.24,180.45,9.36,1688.4594
1788129300000,2026-08-30T22:35:00Z,180.45,180.65,180.44,180.65,31.61,5706.8214
1788129600000,2026-08-30T22:40:00Z,180.65,180.86,180.65,180.68,26.81,4844.4949
1788129900000,2026-08-30T22:45:00Z,180.68,180.71,180.53,180.57,10.8,1950.3007
1788130200000,2026-08-30T22:50:00Z,180.57,180.57,180.42,180.57,24.88,4490.4531
1788130500000,2026-08-30T22:55:00Z,180.57,180.64,180.38,180.52,120.37,21717.7968
1788130800000,2026-08-30T23:00:00Z,180.52,180.52,180.25,180.25,15.57,2807.7749
1788131100000,2026-08-30T23:05:00Z,180.25,180.31,180.25,180.31,0.37,66.7057
1788131400000,2026-08-30T23:10:00Z,180.31,180.45,180.27,180.31,0.75,135.2676
1788131700000,2026-08-30T23:15:00Z,180.31,180.32,179.91,180.3,105.57,19011.6624
1788132000000,2026-08-30T23:20:00Z,180.3,180.3,179.31,179.54,109.46,19660.915
1788132300000,2026-08-30T23:25:00Z,179.54,179.62,178.61,178.68,502.31,89891.6348
1788132600000,2026-08-30T23:30:00Z,178.68,178.93,178.4,178.77,99.75,17812.0395
1788132900000,2026-08-30T23:35:00Z,178.77,178.88,178.29,178.4,612.75,109453.3742
1788133200000,2026-08-30T23:40:00Z,178.4,178.72,178.13,178.57,844.78,150750.7668
1788133500000,2026-08-30T23:45:00Z,178.57,178.59,177.54,178.34,1224.14,217841.9812
1788133800000,2026-08-30T23:50:00Z,178.34,179.06,178.34,178.89,152.83,27320.6887
1788134100000,2026-08-30T23:55:00Z,178.89,179.12,178.89,179.02,23.58,4221.4517
1788134400000,2026-08-31T00:00:00Z,179.02,179.07,177.83,178.36,675.97,120517.4448
1788134700000,2026-08-31T00:05:00Z,178.36,178.48,177.25,177.31,681.05,121038.4272
1788135000000,2026-08-31T00:10:00Z,177.31,178.28,177.23,178.25,325.76,57799.262
1788135300000,2026-08-31T00:15:00Z,178.25,178.69,178.1,178.56,8.46,1509.6217
1788135600000,2026-08-31T00:20:00Z,178.56,179.11,178.56,179.09,31.75,5683.2941
1788135900000,2026-08-31T00:25:00Z,179.09,179.09,178.79,178.9,10.95,1958.8037
1788136200000,2026-08-31T00:30:00Z,178.9,179.07,178.78,178.98,143.22,25638.9841
1788136500000,2026-08-31T00:35:00Z,178.98,179.57,178.98,179.29,131.1,23508.4867
1788136800000,2026-08-31T00:40:00Z,179.29,179.32,179.23,179.32,1.37,245.6469
1788137100000,2026-08-31T00:45:00Z,179.32,179.34,178.83,178.85,29.75,5327.8981
1788137400000,2026-08-31T00:50:00Z,178.85,179.23,178.85,179.23,4.1,734.6868
1788137700000,2026-08-31T00:55:00Z,179.23,179.23,178.68,178.68,139.96,25027.0434
1788138000000,2026-08-31T01:00:00Z,178.68,178.68,178.33,178.47,76.83,13711.1689
1788138300000,2026-08-31T01:05:00Z,178.47,178.47,177.8,177.83,36.59,6515.1088
1788138600000,2026-08-31T01:10:00Z,177.83,177.88,177.61,177.82,23.9,4248.9602
1788138900000,2026-08-31T01:15:00Z,177.82,178.02,177.77,178.02,12.79,2275.2924
1788139200000,2026-08-31T01:20:00Z,178.02,178.38,177.99,178.35,15.61,2782.3777
1788139500000,2026-08-31T01:25:00Z,178.35,178.39,178.18,178.25,8.3,1479.5434
1788139800000,2026-08-31T01:30:00Z,178.25,178.3,177.88,177.89,25.11,4471.7123
1788140100000,2026-08-31T01:35:00Z,177.89,178.46,177.89,178.29,40.22,7167.7587
1788140400000,2026-08-31T01:40:00Z,178.29,178.29,177.78,177.85,48.14,8570.7911
1788140700000,2026-08-31T01:45:00Z,177.85,178.12,177.7,177.74,75.59,13437.7933
1788141000000,2026-08-31T01:50:00Z,177.74,177.93,177.69,177.69,32.44,5768.7459
1788141300000,2026-08-31T01:55:00Z,177.69,177.75,177.44,177.44,13.55,2406.8528
1788141600000,2026-08-31T02:00:00Z,177.44,177.66,177.27,177.66,23.17,4114.0348
1788141900000,2026-08-31T02:05:00Z,177.66,177.82,177.6,177.68,32.77,5824.2111
1788142200000,2026-08-31T02:10:00Z,177.68,178.52,177.68,178.45,76.88,13695.8281
1788142500000,2026-08-31T02:15:00Z,178.45,178.5,177.97,178.06,144.01,25670.2672
1788142800000,2026-08-31T02:20:00Z,178.06,178.06,177.96,177.98,41.11,7317.9089
1788143100000,2026-08-31T02:25:00Z,177.98,178.2,177.98,178.16,2.95,525.4185
1788143400000,2026-08-31T02:30:00Z,178.16,178.42,177.9,177.92,27.67,4927.7067
1788143700000,2026-08-31T02:35:00Z,177.92,177.92,177.75,177.75,4.03,716.4749
1788144000000,2026-08-31T02:40:00Z,177.75,177.75,177.64,177.64,3.57,634.2712
1788144300000,2026-08-31T02:45:00Z,177.64,177.75,177.26,177.26,14.95,2654.2002
1788144600000,2026-08-31T02:50:00Z,177.26,177.38,177.12,177.17,28.85,5112.2567
1788144900000,2026-08-31T02:55:00Z,177.17,177.37,177.1,177.29,546.43,96830.8056
1788145200000,2026-08-31T03:00:00Z,177.29,177.51,177.15,177.48,67.73,12012.2271
1788145500000,2026-08-31T03:05:00Z,177.48,177.64,177.41,177.64,24.71,4384.7389
1788145800000,2026-08-31T03:10:00Z,177.64,177.68,177.55,177.59,47.23,8389.3769
1788146100000,2026-08-31T03:15:00Z,177.59,177.65,177.52,177.54,38.59,6852.793
1788146400000,2026-08-31T03:20:00Z,177.54,178,177.5,177.91,50.9,9050.7462
1788146700000,2026-08-31T03:25:00Z,177.91,177.98,177.77,177.83,40.76,7251.2525
1788147000000,2026-08-31T03:30:00Z,177.83,177.83,177.62,177.65,34.76,6177.0061
1788147300000,2026-08-31T03:35:00Z,177.65,177.85,177.65,177.84,28.21,5014.6314
1788147600000,2026-08-31T03:40:00Z,177.84,178.04,177.75,178.04,51.72,9201.1845
1788147900000,2026-08-31T03:45:00Z,178.04,178.1,178,178.06,17.85,3177.9972
1788148200000,2026-08-31T03:50:00Z,178.06,178.07,177.91,177.94,11.44,2035.5051
1788148500000,2026-08-31T03:55:00Z,177.94,177.94,177.8,177.8,15.52,2760.554
1788148800000,2026-08-31T04:00:00Z,177.8,177.88,177.44,177.47,33.41,5935.4495
1788149100000,2026-08-31T04:05:00Z,177.47,177.59,177.36,177.51,5.41,959.7349
1788149400000,2026-08-31T04:10:00Z,177.51,177.55,177.34,177.41,20.75,3681.8215
1788149700000,2026-08-31T04:15:00Z,177.41,177.44,177.28,177.32,10.44,1851.2065
1788150000000,2026-08-31T04:20:00Z,177.32,177.34,177.06,177.11,13.16,2330.9816
1788150300000,2026-08-31T04:25:00Z,177.11,177.17,177.03,177.03,10,1770.7119
1788150600000,2026-08-31T04:30:00Z,177.03,177.12,176.93,176.99,9.72,1720.3644
1788150900000,2026-08-31T04:35:00Z,176.99,177.25,176.96,177.23,13.78,2439.7234
1788151200000,2026-08-31T04:40:00Z,177.23,177.33,177.18,177.29,5.5,974.972
1788151500000,2026-08-31T04:45:00Z,177.29,177.32,177.01,177.01,20.56,3643.4962
1788151800000,2026-08-31T04:50:00Z,177.01,177.46,177.01,177.43,12.39,2195.0018
1788152100000,2026-08-31T04:55:00Z,177.43,177.77,177.43,177.66,10.17,1806.9535
1788152400000,2026-08-31T05:00:00Z,177.66,177.74,177.47,177.74,16.29,2892.5129
1788152700000,2026-08-31T05:05:00Z,177.74,177.85,177.74,177.85,27.43,4877.6996
1788153000000,2026-08-31T05:10:00Z,177.85,178.16,177.85,178.11,44.05,7845.8145
1788153300000,2026-08-31T05:15:00Z,178.11,178.7,178.11,178.62,145.46,25956.9292
1788153600000,2026-08-31T05:20:00Z,178.62,179.24,178.62,179.19,145.9,26089.7452
1788153900000,2026-08-31T05:25:00Z,179.19,179.38,179.03,179.13,51.23,9178.5539
1788154200000,2026-08-31T05:30:00Z,179.13,179.18,178.96,179.18,11.28,2020.3066
1788154500000,2026-08-31T05:35:00Z,179.18,179.18,178.68,178.68,13.43,2401.9988
1788154800000,2026-08-31T05:40:00Z,178.68,179.24,178.68,179.24,35.82,6414.4456
1788155100000,2026-08-31T05:45:00Z,179.24,179.28,179.17,179.18,8.94,1602.2342
1788155400000,2026-08-31T05:50:00Z,179.18,179.22,179.08,179.08,17.02,3049.0254
1788155700000,2026-08-31T05:55:00Z,179.08,179.28,178.97,179.28,9.36,1676.3043
1788156000000,2026-08-31T06:00:00Z,179.28,179.35,179.08,179.27,19.54,3503.2252
1788156300000,2026-08-31T06:05:00Z,179.27,179.33,178.97,179.1,134.48,24094.6546
1788156600000,2026-08-31T06:10:00Z,179.1,179.41,179.1,179.41,5.24,939.8254
1788156900000,2026-08-31T06:15:00Z,179.41,179.67,179.41,179.64,32.15,5772.365
1788157200000,2026-08-31T06:20:00Z,179.64,179.64,179.19,179.23,136.44,24476.1515
1788157500000,2026-08-31T06:25:00Z,179.23,179.5,179.23,179.44,34.55,6199.6369
1788157800000,2026-08-31T06:30:00Z,179.44,179.44,179.13,179.13,3.09,553.8846
1788158100000,2026-08-31T06:35:00Z,179.13,179.44,179,179.44,37.54,6728.0469
1788158400000,2026-08-31T06:40:00Z,179.44,179.52,179.39,179.39,16.74,3004.565
1788158700000,2026-08-31T06:45:00Z,179.39,179.49,179.39,179.46,1.07,192.0286
1788159000000,2026-08-31T06:50:00Z,179.46,179.58,179.32,179.58,4.2,753.4215
1788159300000,2026-08-31T06:55:00Z,179.58,179.58,179.43,179.47,12.55,2252.9232
1788159600000,2026-08-31T07:00:00Z,179.47,179.74,179.41,179.52,28.69,5152.4918
1788159900000,2026-08-31T07:05:00Z,179.52,179.7,179.52,179.7,2.75,494.0881
1788160200000,2026-08-31T07:10:00Z,179.7,179.91,179.7,179.76,24.83,4464.6474
1788160500000,2026-08-31T07:15:00Z,179.76,179.97,179.75,179.88,14.76,2655.0398
1788160800000,2026-08-31T07:20:00Z,179.88,180.13,179.88,180.13,3.85,693.1601
1788161100000,2026-08-31T07:25:00Z,180.13,180.13,179.94,179.94,7.89,1419.9733
1788161400000,2026-08-31T07:30:00Z,179.94,179.94,179.77,179.88,5.91,1062.8422
1788161700000,2026-08-31T07:35:00Z,179.88,180,179.88,179.94,16.23,2920.7361
1788162000000,2026-08-31T07:40:00Z,179.94,180.14,179.89,180.12,6.97,1254.1842
1788162300000,2026-08-31T07:45:00Z,180.12,180.12,179.88,179.89,4.69,844.2266
1788162600000,2026-08-31T07:50:00Z,179.89,179.92,179.85,179.91,10.63,1912.2027
1788162900000,2026-08-31T07:55:00Z,179.91,180,179.84,179.93,26.08,4692.8785
1788163200000,2026-08-31T08:00:00Z,179.93,180.3,179.36,179.43,132.69,23858.9784
1788163500000,2026-08-31T08:05:00Z,179.43,180.15,179.16,180.15,29.1,5225.6765
1788163800000,2026-08-31T08:10:00Z,180.15,180.41,180,180.03,42.18,7597.3293
1788164100000,2026-08-31T08:15:00Z,180.03,180.03,179.74,179.78,13.14,2363.0178
1788164400000,2026-08-31T08:20:00Z,179.78,179.78,179.42,179.44,17.18,3085.2792
1788164700000,2026-08-31T08:25:00Z,179.44,179.8,179.38,179.8,13.07,2347.3176
1788165000000,2026-08-31T08:30:00Z,179.8,179.93,179.67,179.85,30.99,5573.4684
1788165300000,2026-08-31T08:35:00Z,179.85,179.95,179.78,179.87,8.45,1519.867
1788165600000,2026-08-31T08:40:00Z,179.87,180.45,179.74,180.18,22.25,4008.4111
1788165900000,2026-08-31T08:45:00Z,180.18,180.47,180.13,180.47,39.04,7037.0444
1788166200000,2026-08-31T08:50:00Z,180.47,180.51,180.25,180.48,15.47,2790.5384
1788166500000,2026-08-31T08:55:00Z,180.48,180.65,180.48,180.62,9.85,1778.8091
1788166800000,2026-08-31T09:00:00Z,180.62,180.62,180.38,180.39,19.65,3547.0889
1788167100000,2026-08-31T09:05:00Z,180.39,181.43,180.36,181.32,35.72,6462.4209
1788167400000,2026-08-31T09:10:00Z,181.32,181.46,180.92,181.21,26.11,4729.1123
1788167700000,2026-08-31T09:15:00Z,181.21,181.4,181.09,181.26,5,906.2879
1788168000000,2026-08-31T09:20:00Z,181.26,181.46,181.25,181.41,6.39,1158.9648
1788168300000,2026-08-31T09:25:00Z,181.41,181.48,181.3,181.41,15.93,2889.5048
1788168600000,2026-08-31T09:30:00Z,181.41,181.51,181.32,181.36,4.78,866.8936
1788168900000,2026-08-31T09:35:00Z,181.36,181.37,181.23,181.28,7.22,1309.028
1788169200000,2026-08-31T09:40:00Z,181.28,181.48,181.24,181.42,1.1,199.5243
1788169500000,2026-08-31T09:45:00Z,181.42,181.7,181.42,181.46,48.54,8816.1368
1788169800000,2026-08-31T09:50:00Z,181.46,181.46,181.1,181.17,9.26,1678.3632
1788170100000,2026-08-31T09:55:00Z,181.17,181.17,180.83,181.01,9.34,1690.0855
1788170400000,2026-08-31T10:00:00Z,181.01,181.05,180.75,180.75,26.33,4762.3442
1788170700000,2026-08-31T10:05:00Z,180.75,180.75,180.54,180.58,18.34,3311.7723
1788171000000,2026-08-31T10:10:00Z,180.58,180.91,180.58,180.9,14.45,2611.741
1788171300000,2026-08-31T10:15:00Z,180.9,180.93,180.68,180.81,31.5,5695.5606
1788171600000,2026-08-31T10:20:00Z,180.81,180.82,180.78,180.82,13.06,2361.5068
1788171900000,2026-08-31T10:25:00Z,180.82,180.99,180.77,180.99,9.13,1650.9876
1788172200000,2026-08-31T10:30:00Z,180.99,180.99,180.6,180.75,129.48,23397.8699
1788172500000,2026-08-31T10:35:00Z,180.75,181.08,180.72,181.03,14.55,2633.3492
1788172800000,2026-08-31T10:40:00Z,181.03,181.11,180.92,181.03,4.56,825.5095
1788173100000,2026-08-31T10:45:00Z,181.03,181.11,181,181.07,3.22,583.0143
1788173400000,2026-08-31T10:50:00Z,181.07,181.39,180.98,181.32,46.46,8424.0013
1788173700000,2026-08-31T10:55:00Z,181.32,181.53,181.32,181.5,23.34,4235.6149
1788174000000,2026-08-31T11:00:00Z,181.5,181.5,180.92,180.92,40.12,7269.5543
1788174300000,2026-08-31T11:05:00Z,180.92,181.34,180.92,181.05,6.7,1214.1813
1788174600000,2026-08-31T11:10:00Z,181.05,181.22,181.05,181.12,4.84,876.6818
1788174900000,2026-08-31T11:15:00Z,181.12,181.17,180.91,180.99,24.2,4379.4744
1788175200000,2026-08-31T11:20:00Z,180.99,180.99,180.87,180.99,7.54,1364.0895
1788175500000,2026-08-31T11:25:00Z,180.99,180.99,180.62,180.7,32.1,5802.6576
1788175800000,2026-08-31T11:30:00Z,180.7,180.76,180.5,180.51,4.09,738.5672
1788176100000,2026-08-31T11:35:00Z,180.51,180.52,179.97,180.17,95.25,17164.922
1788176400000,2026-08-31T11:40:00Z,180.17,180.42,180.12,180.15,2.18,392.8387
1788176700000,2026-08-31T11:45:00Z,180.15,180.19,179.99,179.99,9.05,1629.6664
1788177000000,2026-08-31T11:50:00Z,179.99,180.05,179.88,180.05,11.11,1999.4675
1788177300000,2026-08-31T11:55:00Z,180.05,180.22,180.03,180.18,11.43,2059.0521
1788177600000,2026-08-31T12:00:00Z,180.18,180.69,180.09,180.69,42.91,7738.008
1788177900000,2026-08-31T12:05:00Z,180.69,181.02,180.56,180.63,158.22,28588.9412
1788178200000,2026-08-31T12:10:00Z,180.63,180.68,180.53,180.53,15.27,2757.8979
1788178500000,2026-08-31T12:15:00Z,180.53,180.96,180.39,180.96,14.31,2584.2681
1788178800000,2026-08-31T12:20:00Z,180.96,180.96,180.44,180.44,27.63,4991.4774
1788179100000,2026-08-31T12:25:00Z,180.44,180.44,179.73,179.93,39.91,7180.8145
1788179400000,2026-08-31T12:30:00Z,179.93,179.93,179.57,179.75,21.63,3887.8038
1788179700000,2026-08-31T12:35:00Z,179.75,179.99,179.32,179.32,63.85,11470.3642
1788180000000,2026-08-31T12:40:00Z,179.32,179.32,178.87,179.09,63.5,11365.5532
1788180300000,2026-08-31T12:45:00Z,179.09,179.11,178.83,179.04,9.03,1616.6205
1788180600000,2026-08-31T12:50:00Z,179.04,179.04,178.81,178.87,7.28,1302.1947
1788180900000,2026-08-31T12:55:00Z,178.87,179,178.71,178.91,13.18,2357.4614
1788181200000,2026-08-31T13:00:00Z,178.91,179.46,178.74,179.14,125.8,22539.807
1788181500000,2026-08-31T13:05:00Z,179.14,179.14,178.96,179.02,3.82,683.8685
1788181800000,2026-08-31T13:10:00Z,179.02,179.2,179.02,179.2,13.87,2484.7489
1788182100000,2026-08-31T13:15:00Z,179.2,179.27,179.03,179.03,5.47,979.9088
1788182400000,2026-08-31T13:20:00Z,179.03,179.18,179.03,179.06,6.29,1126.9193
1788182700000,2026-08-31T13:25:00Z,179.06,179.29,178.29,178.85,214.62,38361.6057
1788183000000,2026-08-31T13:30:00Z,178.85,179.87,177.56,178.01,709.31,126672.2249
1788183300000,2026-08-31T13:35:00Z,178.01,178.17,176.91,177.97,189.89,33754.9528
1788183600000,2026-08-31T13:40:00Z,177.97,178.92,177.64,178.49,299.08,53327.593
1788183900000,2026-08-31T13:45:00Z,178.49,179,177.67,178.33,114.45,20391.9362
1788184200000,2026-08-31T13:50:00Z,178.33,178.84,177.2,177.58,101.77,18072.8994
1788184500000,2026-08-31T13:55:00Z,177.58,177.84,177.27,177.46,81.41,14463.5209
1788184800000,2026-08-31T14:00:00Z,177.46,178.04,177.21,177.63,218.09,38778.2574
1788185100000,2026-08-31T14:05:00Z,177.63,178.43,177.32,177.82,55.83,9934.0416
1788185400000,2026-08-31T14:10:00Z,177.82,178.28,177.76,178.17,71.86,12788.3504
1788185700000,2026-08-31T14:15:00Z,178.17,178.57,177.61,178.57,108.81,19355.1055
1788186000000,2026-08-31T14:20:00Z,178.57,179.02,178.02,178.02,34.87,6227.0317
1788186300000,2026-08-31T14:25:00Z,178.02,179.2,177.98,179.14,51.14,9138.1525
1788186600000,2026-08-31T14:30:00Z,179.14,179.55,179,179.1,40.1,7187.3807
1788186900000,2026-08-31T14:35:00Z,179.1,180.23,179.05,180.06,70.35,12661.0618
1788187200000,2026-08-31T14:40:00Z,180.06,181.6,180.06,180.99,109.11,19730.6363
1788187500000,2026-08-31T14:45:00Z,180.99,181.4,180.79,181.08,63.98,11584.0073
1788187800000,2026-08-31T14:50:00Z,181.08,181.39,180.87,181.06,16.43,2974.9947
1788188100000,2026-08-31T14:55:00Z,181.06,181.96,181.01,181.76,31.18,5659.5625
1788188400000,2026-08-31T15:00:00Z,181.76,182.43,181.53,181.97,139.73,25418.6578
1788188700000,2026-08-31T15:05:00Z,181.97,182.33,181.67,182.16,16.46,2997.0053
1788189000000,2026-08-31T15:10:00Z,182.16,182.16,181.17,181.19,32.13,5833.2
1788189300000,2026-08-31T15:15:00Z,181.19,181.22,180.79,180.79,16.47,2980.3114
1788189600000,2026-08-31T15:20:00Z,180.79,181.57,180.79,181.56,27.5,4984.7686
1788189900000,2026-08-31T15:25:00Z,181.56,182.48,181.47,182.31,28.25,5140.7148
1788190200000,2026-08-31T15:30:00Z,182.31,182.5,181.97,182.15,24.66,4493.829
1788190500000,2026-08-31T15:35:00Z,182.15,182.37,181.88,182.01,32.06,5839.3304
1788190800000,2026-08-31T15:40:00Z,182.01,182.76,181.89,182.76,58.03,10583.4673
1788191100000,2026-08-31T15:45:00Z,182.76,182.88,182.34,182.59,19.58,3573.509
1788191400000,2026-08-31T15:50:00Z,182.59,182.83,182.36,182.49,25.78,4707.404
1788191700000,2026-08-31T15:55:00Z,182.49,182.82,182.49,182.82,24.3,4436.1391
1788192000000,2026-08-31T16:00:00Z,182.82,182.89,182.46,182.53,14.13,2580.7027
1788192300000,2026-08-31T16:05:00Z,182.53,183,182.53,182.67,25.01,4571.3559
1788192600000,2026-08-31T16:10:00Z,182.67,183.32,182.67,183.03,26.36,4829.0372
1788192900000,2026-08-31T16:15:00Z,183.03,183.06,182.42,183.06,146.58,26761.1921
1788193200000,2026-08-31T16:20:00Z,183.06,183.06,182.54,182.96,356.75,65172.196
1788193500000,2026-08-31T16:25:00Z,182.96,183.1,182.77,183.1,12.91,2361.4887
1788193800000,2026-08-31T16:30:00Z,183.1,183.96,183.1,183.96,44.44,8156.1756
1788194100000,2026-08-31T16:35:00Z,183.96,184.08,183.62,183.72,9.09,1671.4565
1788194400000,2026-08-31T16:40:00Z,183.72,184.82,183.72,184.63,28.44,5237.4202
1788194700000,2026-08-31T16:45:00Z,184.63,185.05,184.15,185.02,34.9,6448.2641
1788195000000,2026-08-31T16:50:00Z,185.02,185.25,184.62,185.25,47.23,8734.6283
1788195300000,2026-08-31T16:55:00Z,185.25,185.75,185.18,185.2,47.9,8882.2031
1788195600000,2026-08-31T17:00:00Z,185.2,185.99,185.12,185.54,147.3,27305.0707
1788195900000,2026-08-31T17:05:00Z,185.54,185.8,185.41,185.54,9.59,1779.4595
1788196200000,2026-08-31T17:10:00Z,185.54,187,185.51,186.82,18.74,3493.6981
1788196500000,2026-08-31T17:15:00Z,186.82,187.22,186.53,187.07,160.16,29934.6927
1788196800000,2026-08-31T17:20:00Z,187.07,187.41,186.93,187.14,546.39,102214.4534
1788197100000,2026-08-31T17:25:00Z,187.14,187.21,186.27,186.3,58.36,10885.8212
1788197400000,2026-08-31T17:30:00Z,186.3,186.9,186.18,186.72,29.52,5506.7392
1788197700000,2026-08-31T17:35:00Z,186.72,186.9,186.56,186.89,55.07,10282.5934
1788198000000,2026-08-31T17:40:00Z,186.89,187.06,186.59,186.82,40.5,7567.771
1788198300000,2026-08-31T17:45:00Z,186.82,186.82,186.27,186.5,16.72,3117.5969
1788198600000,2026-08-31T17:50:00Z,186.5,186.85,186.47,186.85,5.81,1084.6047
1788198900000,2026-08-31T17:55:00Z,186.85,187.41,186.77,187.09,33.49,6267.421
1788199200000,2026-08-31T18:00:00Z,187.09,187.7,186.93,187.2,20.07,3759.3898
1788199500000,2026-08-31T18:05:00Z,187.2,187.27,186.72,186.92,15.07,2817.7406
1788199800000,2026-08-31T18:10:00Z,186.92,186.93,186.42,186.93,61.11,11402.7979
1788200100000,2026-08-31T18:15:00Z,186.93,187.69,186.93,187.4,28.49,5334.5068
1788200400000,2026-08-31T18:20:00Z,187.4,187.52,186.68,186.9,16.17,3025.7528
1788200700000,2026-08-31T18:25:00Z,186.9,187.36,186.76,187.36,16.61,3107.0058
1788201000000,2026-08-31T18:30:00Z,187.36,187.46,187.27,187.29,8.22,1540.4946
1788201300000,2026-08-31T18:35:00Z,187.29,187.89,187.17,187.89,46.44,8713.6591
1788201600000,2026-08-31T18:40:00Z,187.89,189.03,187.89,188.86,46.2,8724.261
1788201900000,2026-08-31T18:45:00Z,188.86,189.19,188.58,189.11,18.63,3520.0376
1788202200000,2026-08-31T18:50:00Z,189.11,189.11,188.8,188.95,148.82,28106.2374
1788202500000,2026-08-31T18:55:00Z,188.95,189.51,188.93,189.21,17.71,3351.9909
1788202800000,2026-08-31T19:00:00Z,189.21,189.52,189.14,189.15,30.4,5753.2726
1788203100000,2026-08-31T19:05:00Z,189.15,189.62,188.89,189.48,129.14,24450.6734
1788203400000,2026-08-31T19:10:00Z,189.48,189.69,188.98,189.32,134.18,25388.8863
1788203700000,2026-08-31T19:15:00Z,189.32,189.45,188.95,189.03,43.29,8189.2445
1788204000000,2026-08-31T19:20:00Z,189.03,189.47,188.67,189.47,62.58,11835.6241
1788204300000,2026-08-31T19:25:00Z,189.47,189.81,189.13,189.73,8.78,1663.5304
1788204600000,2026-08-31T19:30:00Z,189.73,189.89,189.39,189.85,60.26,11423.0748
1788204900000,2026-08-31T19:35:00Z,189.85,190.01,189.61,189.68,11.27,2139.8255
1788205200000,2026-08-31T19:40:00Z,189.68,189.83,189.11,189.11,21.85,4144.7435
1788205500000,2026-08-31T19:45:00Z,189.11,189.92,189,189.92,23.89,4526.6571
1788205800000,2026-08-31T19:50:00Z,189.92,190.04,189.07,189.07,219.99,41729.7554
1788206100000,2026-08-31T19:55:00Z,189.07,189.07,188,188.36,74.68,14084.2388
1788206400000,2026-08-31T20:00:00Z,188.36,188.4,187.79,187.92,26.62,5005.3637
1788206700000,2026-08-31T20:05:00Z,187.92,188.05,187.91,188.05,6.63,1246.4822
1788207000000,2026-08-31T20:10:00Z,188.05,188.14,188.03,188.12,36.18,6805.307
1788207300000,2026-08-31T20:15:00Z,188.12,188.54,188.07,188.49,20.52,3861.3508
1788207600000,2026-08-31T20:20:00Z,188.49,188.49,188.23,188.31,19.25,3624.4685
1788207900000,2026-08-31T20:25:00Z,188.31,188.34,188.23,188.24,9.74,1833.8876
1788208200000,2026-08-31T20:30:00Z,188.24,188.32,188.15,188.24,45.62,8586.3239
1788208500000,2026-08-31T20:35:00Z,188.24,188.24,188.16,188.16,0.39,73.3991
1788208800000,2026-08-31T20:40:00Z,188.16,188.29,188.16,188.29,11.24,2115.7068
1788209100000,2026-08-31T20:45:00Z,188.29,188.48,188.15,188.18,21.75,4096.1958
1788209400000,2026-08-31T20:50:00Z,188.18,188.34,188.1,188.34,5.42,1020.3605
1788209700000,2026-08-31T20:55:00Z,188.34,188.34,188.3,188.3,0.07,13.181
1788210000000,2026-08-31T21:00:00Z,188.3,188.3,188.05,188.05,10.56,1986.8974
1788210300000,2026-08-31T21:05:00Z,188.05,188.16,187.97,188.14,5.74,1079.275
1788210600000,2026-08-31T21:10:00Z,188.14,188.14,188,188.04,4.7,883.8322
1788210900000,2026-08-31T21:15:00Z,188.04,188.07,187.94,188.06,2,375.9541
1788211200000,2026-08-31T21:20:00Z,188.06,188.15,188.01,188.1,7.59,1427.4945
1788211500000,2026-08-31T21:25:00Z,188.1,188.25,188.1,188.25,12,2258.2717
1788211800000,2026-08-31T21:30:00Z,188.25,188.29,188.13,188.13,17.51,3295.7795
1788212100000,2026-08-31T21:35:00Z,188.13,188.26,188.13,188.16,10.41,1959.18
1788212400000,2026-08-31T21:40:00Z,188.16,188.26,188.1,188.25,15.23,2866.1474
1788212700000,2026-08-31T21:45:00Z,188.25,188.48,188.23,188.39,19.06,3590.7308
1788213000000,2026-08-31T21:50:00Z,188.39,188.45,188.2,188.2,3.69,694.6809
1788213300000,2026-08-31T21:55:00Z,188.2,188.2,188.2,188.2,0,0
1788213600000,2026-08-31T22:00:00Z,188.2,188.33,188.18,188.18,11.14,2097.3091
1788213900000,2026-08-31T22:05:00Z,188.18,188.18,187.94,188.04,36.31,6826.6628
1788214200000,2026-08-31T22:10:00Z,188.04,188.18,188.04,188.1,3.64,684.8761
1788214500000,2026-08-31T22:15:00Z,188.1,188.12,188.02,188.12,0.82,154.2258
1788214800000,2026-08-31T22:20:00Z,188.12,188.12,187.83,187.87,28.19,5296.6467
1788215100000,2026-08-31T22:25:00Z,187.87,187.9,187.84,187.87,1.56,293.0506
1788215400000,2026-08-31T22:30:00Z,187.87,187.87,187.83,187.83,0.26,48.8358
1788215700000,2026-08-31T22:35:00Z,187.83,187.83,187.75,187.75,1.07,200.9036
1788216000000,2026-08-31T22:40:00Z,187.75,187.76,187.73,187.74,0.83,155.8242
1788216300000,2026-08-31T22:45:00Z,187.74,187.78,187.47,187.47,15.32,2873.1985
1788216600000,2026-08-31T22:50:00Z,187.47,187.47,187.41,187.41,0.86,161.1726
1788216900000,2026-08-31T22:55:00Z,187.41,187.5,187.34,187.48,13.06,2447.2081
1788217200000,2026-08-31T23:00:00Z,187.48,187.48,187,187,36.72,6871.5132
1788217500000,2026-08-31T23:05:00Z,187,187.19,186.94,187.19,7.12,1331.3329
1788217800000,2026-08-31T23:10:00Z,187.19,187.19,186.83,186.83,40.34,7541.1625
1788218100000,2026-08-31T23:15:00Z,186.83,187,186.76,187,10.03,1874.117
1788218400000,2026-08-31T23:20:00Z,187,187,186.8,186.9,22.28,4163.7044
1788218700000,2026-08-31T23:25:00Z,186.9,187.07,186.9,187.07,10.58,1978.5957
1788219000000,2026-08-31T23:30:00Z,187.07,187.17,187.03,187.03,147.4,27579.6931
1788219300000,2026-08-31T23:35:00Z,187.03,187.03,186.91,186.93,425.41,79531.5085
1788219600000,2026-08-31T23:40:00Z,186.93,187,186.93,186.96,5.68,1062.039
1788219900000,2026-08-31T23:45:00Z,186.96,186.96,186.9,186.9,9.33,1743.9734
1788220200000,2026-08-31T23:50:00Z,186.9,187.01,186.8,187,8.88,1659.8145
1788220500000,2026-08-31T23:55:00Z,187,187.07,187,187.05,0.36,67.3432
1788220800000,2026-09-01T00:00:00Z,187.05,187.24,186.76,187.24,79.12,14797.8725
1788221100000,2026-09-01T00:05:00Z,187.24,187.53,187.24,187.49,4.95,927.7161
1788221400000,2026-09-01T00:10:00Z,187.49,187.71,187.44,187.51,11.67,2189.0498
1788221700000,2026-09-01T00:15:00Z,187.51,187.93,187.51,187.91,9.74,1828.745
1788222000000,2026-09-01T00:20:00Z,187.91,187.97,187.76,187.85,19.32,3630.0835
1788222300000,2026-09-01T00:25:00Z,187.85,188.05,187.85,187.95,6.87,1291.6503
1788222600000,2026-09-01T00:30:00Z,187.95,188,187.54,187.69,43.77,8215.3765
1788222900000,2026-09-01T00:35:00Z,187.69,187.78,187.41,187.41,5.86,1098.6577
1788223200000,2026-09-01T00:40:00Z,187.41,187.53,187.21,187.32,11.13,2086.0108
1788223500000,2026-09-01T00:45:00Z,187.32,187.61,187.3,187.56,9.73,1824.2178
1788223800000,2026-09-01T00:50:00Z,187.56,187.62,187.17,187.17,7.77,1455.4563
1788224100000,2026-09-01T00:55:00Z,187.17,187.17,186.9,187.07,5.47,1023.2711
1788224400000,2026-09-01T01:00:00Z,187.07,187.33,187.05,187.12,12.81,2397.5055
1788224700000,2026-09-01T01:05:00Z,187.12,187.52,187.12,187.31,3.77,706.453
1788225000000,2026-09-01T01:10:00Z,187.31,187.33,186.76,186.76,26.62,4977.5499
1788225300000,2026-09-01T01:15:00Z,186.76,186.96,186.76,186.96,9.82,1835.4759
1788225600000,2026-09-01T01:20:00Z,186.96,186.96,186.86,186.93,16.93,3164.5036
1788225900000,2026-09-01T01:25:00Z,186.93,186.93,186.49,186.67,48.2,8994.093
1788226200000,2026-09-01T01:30:00Z,186.67,186.8,186.57,186.78,14.85,2771.9615
1788226500000,2026-09-01T01:35:00Z,186.78,187,186.78,186.92,16.24,3035.4704
1788226800000,2026-09-01T01:40:00Z,186.92,186.97,186.9,186.94,7.52,1405.8399
1788227100000,2026-09-01T01:45:00Z,186.94,187.03,186.87,187.03,6.01,1123.3792
1788227400000,2026-09-01T01:50:00Z,187.03,187.03,186.61,186.64,21.88,4084.4648
1788227700000,2026-09-01T01:55:00Z,186.64,186.64,186.52,186.56,3.83,714.4372
1788228000000,2026-09-01T02:00:00Z,186.56,186.56,186.15,186.25,20.03,3730.568
1788228300000,2026-09-01T02:05:00Z,186.25,186.25,185.98,186.06,251.49,46797.7304
1788228600000,2026-09-01T02:10:00Z,186.06,186.06,185.71,185.97,171.65,31894.251
1788228900000,2026-09-01T02:15:00Z,185.97,185.97,185.79,185.84,167.44,31116.2712
1788229200000,2026-09-01T02:20:00Z,185.84,185.9,185.79,185.9,55.87,10380.5322
1788229500000,2026-09-01T02:25:00Z,185.9,185.93,185.65,185.7,54.52,10127.8053
1788229800000,2026-09-01T02:30:00Z,185.7,186.24,185.65,186.19,13.96,2597.1716
1788230100000,2026-09-01T02:35:00Z,186.19,186.2,185.95,186.07,31.27,5817.8358
1788230400000,2026-09-01T02:40:00Z,186.07,186.16,185.98,186.1,74,13768.9785
1788230700000,2026-09-01T02:45:00Z,186.1,186.53,186.1,186.53,7.14,1330.5245
1788231000000,2026-09-01T02:50:00Z,186.53,186.53,186.39,186.39,2.14,398.9923
1788231300000,2026-09-01T02:55:00Z,186.39,186.73,186.39,186.73,4.3,802.7096
1788231600000,2026-09-01T03:00:00Z,186.73,186.73,186.42,186.56,12.57,2344.1476
1788231900000,2026-09-01T03:05:00Z,186.56,186.63,186.37,186.39,17.54,3272.1154
1788232200000,2026-09-01T03:10:00Z,186.39,186.66,186.39,186.5,53.23,9926.1382
1788232500000,2026-09-01T03:15:00Z,186.5,186.72,186.5,186.62,9.2,1717.5058
1788232800000,2026-09-01T03:20:00Z,186.62,186.62,186.43,186.54,8.77,1635.4115
1788233100000,2026-09-01T03:25:00Z,186.54,186.62,186.38,186.59,7.5,1398.3423
1788233400000,2026-09-01T03:30:00Z,186.59,187.23,186.54,187.08,438.31,81941.739
1788233700000,2026-09-01T03:35:00Z,187.08,187.41,187.04,187.27,1199.25,224587.2269
1788234000000,2026-09-01T03:40:00Z,187.27,187.53,187.19,187.42,106.19,19896.1871
1788234300000,2026-09-01T03:45:00Z,187.42,187.42,187.17,187.28,35.23,6598.0092
1788234600000,2026-09-01T03:50:00Z,187.28,187.32,187.25,187.25,1.18,221.0016
1788234900000,2026-09-01T03:55:00Z,187.25,187.25,187.14,187.16,9.23,1727.4674
1788235200000,2026-09-01T04:00:00Z,187.16,187.31,187.14,187.16,10.96,2052.2868
1788235500000,2026-09-01T04:05:00Z,187.16,187.41,187.1,187.41,4.94,925.6342
1788235800000,2026-09-01T04:10:00Z,187.41,187.46,187.21,187.21,21.31,3994.1468
1788236100000,2026-09-01T04:15:00Z,187.21,187.38,187.17,187.26,15.31,2866.6532
1788236400000,2026-09-01T04:20:00Z,187.26,187.42,187.26,187.41,8.09,1515.7473
1788236700000,2026-09-01T04:25:00Z,187.41,187.7,187.4,187.61,39.84,7473.9592
1788237000000,2026-09-01T04:30:00Z,187.61,187.65,187.28,187.28,41.03,7692.4165
1788237300000,2026-09-01T04:35:00Z,187.28,187.28,187.1,187.25,67.94,12717.4242
1788237600000,2026-09-01T04:40:00Z,187.25,187.25,187.17,187.17,0.06,11.2302
1788237900000,2026-09-01T04:45:00Z,187.17,187.2,187.1,187.16,6.27,1173.6433
1788238200000,2026-09-01T04:50:00Z,187.16,187.21,186.83,186.83,11.02,2060.7885
1788238500000,2026-09-01T04:55:00Z,186.83,186.93,186.75,186.82,25.55,4773.6501
1788238800000,2026-09-01T05:00:00Z,186.82,187.41,186.82,187.41,28.03,5247.0823
1788239100000,2026-09-01T05:05:00Z,187.41,187.65,187.41,187.55,26.39,4950.3488
1788239400000,2026-09-01T05:10:00Z,187.55,187.55,187.35,187.4,10.24,1919.0208
1788239700000,2026-09-01T05:15:00Z,187.4,187.43,187.29,187.31,1.46,273.5189
1788240000000,2026-09-01T05:20:00Z,187.31,187.31,187.09,187.09,0.4,74.8526
1788240300000,2026-09-01T05:25:00Z,187.09,187.75,187.03,187.61,120.07,22528.8686
1788240600000,2026-09-01T05:30:00Z,187.61,187.84,187.58,187.77,144.7,27159.2927
1788240900000,2026-09-01T05:35:00Z,187.77,188.01,187.65,187.99,32.89,6178.1459
1788241200000,2026-09-01T05:40:00Z,187.99,188.1,187.81,188.07,20.94,3934.668
1788241500000,2026-09-01T05:45:00Z,188.07,188.07,187.88,188.07,5.26,988.8516
1788241800000,2026-09-01T05:50:00Z,188.07,188.1,187.84,188.1,11.68,2195.262
1788242100000,2026-09-01T05:55:00Z,188.1,188.2,187.89,187.89,73.53,13832.1236
1788242400000,2026-09-01T06:00:00Z,187.89,187.99,187.84,187.97,30.19,5672.3142
1788242700000,2026-09-01T06:05:00Z,187.97,188,187.63,187.75,20.11,3777.1782
1788243000000,2026-09-01T06:10:00Z,187.75,187.8,187.73,187.75,4.57,858.0608
1788243300000,2026-09-01T06:15:00Z,187.75,187.77,187.54,187.54,13.99,2625.3119
1788243600000,2026-09-01T06:20:00Z,187.54,187.54,187.38,187.38,60.53,11342.6885
1788243900000,2026-09-01T06:25:00Z,187.38,187.43,187.25,187.43,6.49,1216.1675
1788244200000,2026-09-01T06:30:00Z,187.43,187.52,187.37,187.45,8.8,1649.5666
1788244500000,2026-09-01T06:35:00Z,187.45,187.53,187.34,187.39,24.12,4519.3363
1788244800000,2026-09-01T06:40:00Z,187.39,187.54,187.15,187.22,27.59,5165.9771
1788245100000,2026-09-01T06:45:00Z,187.22,187.22,187.07,187.11,38.03,7115.4688
1788245400000,2026-09-01T06:50:00Z,187.11,187.27,187.11,187.2,17.84,3339.5136
1788245700000,2026-09-01T06:55:00Z,187.2,187.2,186.95,186.95,1.66,310.4995
1788246000000,2026-09-01T07:00:00Z,186.95,186.98,186.82,186.88,29.59,5529.2869
1788246300000,2026-09-01T07:05:00Z,186.88,187.03,186.88,187.01,7.64,1428.3392
1788246600000,2026-09-01T07:10:00Z,187.01,187.01,186.73,186.94,24.2,4520.5405
1788246900000,2026-09-01T07:15:00Z,186.94,187.07,186.94,186.98,11.2,2094.7973
1788247200000,2026-09-01T07:20:00Z,186.98,187.15,186.94,187.15,6.72,1257.2369
1788247500000,2026-09-01T07:25:00Z,187.15,187.15,186.72,186.79,34.49,6444.4324
1788247800000,2026-09-01T07:30:00Z,186.79,186.85,186.67,186.74,44.17,8248.7743
1788248100000,2026-09-01T07:35:00Z,186.74,186.74,186.15,186.21,147.92,27555.0728
1788248400000,2026-09-01T07:40:00Z,186.21,186.34,186.03,186.33,546.25,101718.9865
1788248700000,2026-09-01T07:45:00Z,186.33,186.58,186.27,186.56,6.32,1177.9972
1788249000000,2026-09-01T07:50:00Z,186.56,186.56,186.49,186.49,0.41,76.4659
1788249300000,2026-09-01T07:55:00Z,186.49,186.49,186.31,186.38,4.6,857.2034
1788249600000,2026-09-01T08:00:00Z,186.38,186.64,185.88,186.02,100.51,18719.418
1788249900000,2026-09-01T08:05:00Z,186.02,186.27,184.89,185.04,188.21,34881.1496
1788250200000,2026-09-01T08:10:00Z,185.04,185.36,184.92,185.28,109.29,20223.2666
1788250500000,2026-09-01T08:15:00Z,185.28,185.44,184.6,184.74,32.39,5995.2332
1788250800000,2026-09-01T08:20:00Z,184.74,184.91,184.26,184.38,59.67,11015.5986
1788251100000,2026-09-01T08:25:00Z,184.38,184.42,183.63,183.63,72.89,13408.683
1788251400000,2026-09-01T08:30:00Z,183.63,184.36,183.63,184.36,134.25,24708.3561
1788251700000,2026-09-01T08:35:00Z,184.36,184.36,183.89,183.89,34.71,6393.0114
1788252000000,2026-09-01T08:40:00Z,183.89,183.98,183.46,183.94,42.13,7742.4533
1788252300000,2026-09-01T08:45:00Z,183.94,184.18,183.55,183.67,66.08,12149.4469
1788252600000,2026-09-01T08:50:00Z,183.67,183.96,183.52,183.74,68.33,12557.2598
1788252900000,2026-09-01T08:55:00Z,183.74,183.83,183.11,183.11,115.14,21113.0446
1788253200000,2026-09-01T09:00:00Z,183.11,183.28,182.59,182.68,326.2,59755.6001
1788253500000,2026-09-01T09:05:00Z,182.68,183.16,182.43,182.99,25.82,4719.9585
1788253800000,2026-09-01T09:10:00Z,182.99,183.09,182.9,183.09,24.53,4490.7759
1788254100000,2026-09-01T09:15:00Z,183.09,183.09,182.85,182.86,29.09,5322.5638
1788254400000,2026-09-01T09:20:00Z,182.86,183.35,182.69,183.35,30.23,5532.7675
1788254700000,2026-09-01T09:25:00Z,183.35,183.64,183.17,183.38,25.15,4613.5982
1788255000000,2026-09-01T09:30:00Z,183.38,183.38,183.07,183.38,52.94,9700.4655
1788255300000,2026-09-01T09:35:00Z,183.38,183.41,183.21,183.41,10.59,1941.4807
1788255600000,2026-09-01T09:40:00Z,183.41,184.03,183.31,184.01,33.99,6243.9706
1788255900000,2026-09-01T09:45:00Z,184.01,184.08,183.94,183.94,13.65,2511.7844
1788256200000,2026-09-01T09:50:00Z,183.94,183.94,183.85,183.85,7.07,1300.3542
1788256500000,2026-09-01T09:55:00Z,183.85,183.88,183.72,183.74,17.52,3220.2301
1788256800000,2026-09-01T10:00:00Z,183.74,183.89,183.53,183.54,128.47,23601.5013
1788257100000,2026-09-01T10:05:00Z,183.54,183.86,183.37,183.37,147.29,27036.4186
1788257400000,2026-09-01T10:10:00Z,183.37,183.77,183.23,183.77,30.08,5517.7615
1788257700000,2026-09-01T10:15:00Z,183.77,183.77,183.12,183.46,155.18,28474.9753
1788258000000,2026-09-01T10:20:00Z,183.46,183.96,183.46,183.94,111.45,20496.554
1788258300000,2026-09-01T10:25:00Z,183.94,184.17,183.94,184.08,3.59,660.8481
1788258600000,2026-09-01T10:30:00Z,184.08,184.44,184.08,184.44,37.45,6902.7614
1788258900000,2026-09-01T10:35:00Z,184.44,184.53,184.43,184.53,5.85,1078.9699
1788259200000,2026-09-01T10:40:00Z,184.53,184.57,184.36,184.4,20.36,3756.5623
1788259500000,2026-09-01T10:45:00Z,184.4,184.52,184.14,184.14,21.53,3968.931
1788259800000,2026-09-01T10:50:00Z,184.14,184.16,183.79,183.79,13.95,2566.2653
1788260100000,2026-09-01T10:55:00Z,183.79,183.95,183.74,183.74,30.41,5590.3732
1788260400000,2026-09-01T11:00:00Z,183.74,183.93,183.38,183.93,35.97,6604.7857
1788260700000,2026-09-01T11:05:00Z,183.93,183.93,183.51,183.57,30.24,5556.0601
1788261000000,2026-09-01T11:10:00Z,183.57,183.79,183.57,183.79,12.81,2353.2346
1788261300000,2026-09-01T11:15:00Z,183.79,183.87,183.64,183.64,3.25,597.2289
1788261600000,2026-09-01T11:20:00Z,183.64,183.66,183.29,183.32,18.13,3327.0296
1788261900000,2026-09-01T11:25:00Z,183.32,183.75,183.32,183.74,20,3671.4658
1788262200000,2026-09-01T11:30:00Z,183.74,184.01,183.74,183.83,44.45,8174.8265
1788262500000,2026-09-01T11:35:00Z,183.83,184.38,183.83,184.31,62.25,11460.4921
1788262800000,2026-09-01T11:40:00Z,184.31,184.51,184.24,184.24,11.8,2175.211
1788263100000,2026-09-01T11:45:00Z,184.24,184.35,183.9,183.9,86.19,15870.7817
1788263400000,2026-09-01T11:50:00Z,183.9,184.12,183.87,183.89,9.92,1825.6888
1788263700000,2026-09-01T11:55:00Z,183.89,183.93,183.48,183.5,63.35,11633.6472
1788264000000,2026-09-01T12:00:00Z,183.5,183.5,183.03,183.31,49.12,9001.1576
1788264300000,2026-09-01T12:05:00Z,183.31,183.58,183.28,183.31,9.12,1672.9141
1788264600000,2026-09-01T12:10:00Z,183.31,183.46,183.31,183.46,7.67,1406.5647
1788264900000,2026-09-01T12:15:00Z,183.46,183.64,183.36,183.36,36.42,6682.7586
1788265200000,2026-09-01T12:20:00Z,183.36,183.43,183.19,183.34,11.71,2146.6675
1788265500000,2026-09-01T12:25:00Z,183.34,183.57,183.3,183.3,10.37,1902.3564
1788265800000,2026-09-01T12:30:00Z,183.3,183.32,182.93,183.07,15.11,2766.2403
1788266100000,2026-09-01T12:35:00Z,183.07,183.07,182.3,182.43,174.95,31933.0686
1788266400000,2026-09-01T12:40:00Z,182.43,182.83,182.42,182.83,1.82,332.2253
1788266700000,2026-09-01T12:45:00Z,182.83,183.21,182.7,182.89,72.67,13300.0922
1788267000000,2026-09-01T12:50:00Z,182.89,183.11,182.8,182.93,26.32,4814.5213
1788267300000,2026-09-01T12:55:00Z,182.93,182.94,182.82,182.85,12.72,2326.1093
1788267600000,2026-09-01T13:00:00Z,182.85,182.85,182.37,182.5,56.03,10224.5742
1788267900000,2026-09-01T13:05:00Z,182.5,182.59,181.96,182.42,212.03,38610.0707
1788268200000,2026-09-01T13:10:00Z,182.42,182.7,182.38,182.45,230.62,42107.2645
1788268500000,2026-09-01T13:15:00Z,182.45,182.52,182.27,182.33,17.89,3262.7732
1788268800000,2026-09-01T13:20:00Z,182.33,182.33,181.89,182.01,29.75,5417.8962
1788269100000,2026-09-01T13:25:00Z,182.01,182.13,181.05,181.9,393.77,71505.0663
1788269400000,2026-09-01T13:30:00Z,181.9,184.08,180.89,181.22,870.31,158991.7798
1788269700000,2026-09-01T13:35:00Z,181.22,181.31,178.33,178.78,206.28,37127.849
1788270000000,2026-09-01T13:40:00Z,178.78,180.26,178.29,180.26,152.13,27262.5499
1788270300000,2026-09-01T13:45:00Z,180.26,181.34,179.88,180.63,108.99,19682.0284
1788270600000,2026-09-01T13:50:00Z,180.63,181.34,180.2,180.47,55.58,10043.9798
1788270900000,2026-09-01T13:55:00Z,180.47,181.24,180.26,181.11,49.21,8903.8446
1788271200000,2026-09-01T14:00:00Z,181.11,182.66,180.68,181.54,262.4,47614.7994
1788271500000,2026-09-01T14:05:00Z,181.54,182.74,181.54,182.11,395.81,72110.4532
1788271800000,2026-09-01T14:10:00Z,182.11,182.64,181.39,181.68,262.26,47765.6874
1788272100000,2026-09-01T14:15:00Z,181.68,182.33,181.11,181.6,276.94,50349.2459
1788272400000,2026-09-01T14:20:00Z,181.6,182.33,181.6,182.33,294.25,53536.6146
1788272700000,2026-09-01T14:25:00Z,182.33,183.3,182.22,182.22,264.81,48397.337
1788273000000,2026-09-01T14:30:00Z,182.22,183.03,182.22,183.01,228.68,41763.4859
1788273300000,2026-09-01T14:35:00Z,183.01,183.39,182.26,182.26,255.11,46659.2274
1788273600000,2026-09-01T14:40:00Z,182.26,182.67,182,182.32,138.35,25206.1121
1788273900000,2026-09-01T14:45:00Z,182.32,183.12,182.06,182.33,166.85,30449.8744
1788274200000,2026-09-01T14:50:00Z,182.33,182.33,181.8,182.13,192.11,34964.028
1788274500000,2026-09-01T14:55:00Z,182.13,182.25,181.72,181.79,127.02,23115.5138
1788274800000,2026-09-01T15:00:00Z,181.79,181.81,180.73,180.9,231.85,42024.9446
1788275100000,2026-09-01T15:05:00Z,180.9,180.94,179.7,179.89,233.99,42163.7347
1788275400000,2026-09-01T15:10:00Z,179.89,180.36,179.84,180.23,83.21,14978.7573
1788275700000,2026-09-01T15:15:00Z,180.23,180.57,180.09,180.43,108.49,19562.6622
1788276000000,2026-09-01T15:20:00Z,180.43,180.62,180.25,180.57,161.6,29151.5509
1788276300000,2026-09-01T15:25:00Z,180.57,180.77,180.32,180.59,223.92,40427.0077
1788276600000,2026-09-01T15:30:00Z,180.59,180.71,180.32,180.37,130.21,23502.278
1788276900000,2026-09-01T15:35:00Z,180.37,180.68,180.21,180.53,541.91,97812.8457
1788277200000,2026-09-01T15:40:00Z,180.53,180.76,180.41,180.75,54.42,9829.6295
1788277500000,2026-09-01T15:45:00Z,180.75,180.78,180.3,180.72,54.87,9904.8861
1788277800000,2026-09-01T15:50:00Z,180.72,181.01,180.63,180.86,23.26,4207.3298
1788278100000,2026-09-01T15:55:00Z,180.86,180.9,180.38,180.53,131.79,23816.5447
1788278400000,2026-09-01T16:00:00Z,180.53,180.56,179.92,180.38,70.51,12705.1085
1788278700000,2026-09-01T16:05:00Z,180.38,180.59,179.67,179.67,41.11,7410.3569
1788279000000,2026-09-01T16:10:00Z,179.67,179.67,179,179.08,144.72,25952.6269
1788279300000,2026-09-01T16:15:00Z,179.08,179.17,178.43,178.51,83.75,14968.7697
1788279600000,2026-09-01T16:20:00Z,178.51,178.51,177.53,177.81,435.61,77464.8379
1788279900000,2026-09-01T16:25:00Z,177.81,179.33,177.81,179.05,178.05,31777.6216
1788280200000,2026-09-01T16:30:00Z,179.05,179.09,178.37,178.42,61.49,10991.9642
1788280500000,2026-09-01T16:35:00Z,178.42,178.78,178.23,178.73,47.55,8491.7155
1788280800000,2026-09-01T16:40:00Z,178.73,178.73,178,178.12,130.3,23214.672
1788281100000,2026-09-01T16:45:00Z,178.12,178.46,178.02,178.4,218.44,38932.9848
1788281400000,2026-09-01T16:50:00Z,178.4,178.43,178.11,178.33,69.37,12369.6309
1788281700000,2026-09-01T16:55:00Z,178.33,178.5,178.2,178.35,52.74,9407.5204
1788282000000,2026-09-01T17:00:00Z,178.35,178.66,178.32,178.46,44.88,8009.7092
1788282300000,2026-09-01T17:05:00Z,178.46,178.53,178.28,178.28,10.86,1937.5717
1788282600000,2026-09-01T17:10:00Z,178.28,178.38,178.12,178.12,13.07,2328.9021
1788282900000,2026-09-01T17:15:00Z,178.12,178.35,178.04,178.24,17.94,3196.5009
1788283200000,2026-09-01T17:20:00Z,178.24,178.32,177.75,177.85,52.24,9291.9246
1788283500000,2026-09-01T17:25:00Z,177.85,177.85,177.37,177.66,236.39,41967.8263
1788283800000,2026-09-01T17:30:00Z,177.66,178.63,177.66,178.63,113.09,20154.7817
1788284100000,2026-09-01T17:35:00Z,178.63,178.65,178.17,178.22,50.12,8940.0867
1788284400000,2026-09-01T17:40:00Z,178.22,178.34,178.04,178.14,17.93,3195.6259
1788284700000,2026-09-01T17:45:00Z,178.14,178.17,177.67,177.67,261.18,46439.8474
1788285000000,2026-09-01T17:50:00Z,177.67,177.72,177.15,177.16,155.24,27537.9294
1788285300000,2026-09-01T17:55:00Z,177.16,177.22,176.69,176.8,139.53,24687.8733
1788285600000,2026-09-01T18:00:00Z,176.8,176.98,176.56,176.56,93.1,16458.2242
1788285900000,2026-09-01T18:05:00Z,176.56,176.76,176.23,176.54,144.53,25513.6338
1788286200000,2026-09-01T18:10:00Z,176.54,176.74,176.35,176.6,227.55,40180.2194
1788286500000,2026-09-01T18:15:00Z,176.6,176.89,176.52,176.58,37.99,6713.1152
1788286800000,2026-09-01T18:20:00Z,176.58,176.71,176.55,176.71,74.88,13224.5903
1788287100000,2026-09-01T18:25:00Z,176.71,177,176.48,176.89,212.1,37474.7001
1788287400000,2026-09-01T18:30:00Z,176.89,177.03,176.66,176.71,114.48,20244.3569
1788287700000,2026-09-01T18:35:00Z,176.71,176.71,176.04,176.28,73.64,12983.1158
1788288000000,2026-09-01T18:40:00Z,176.28,176.28,175.5,175.5,25.76,4533.0312
1788288300000,2026-09-01T18:45:00Z,175.5,176.38,175.25,176.38,121.72,21399.2984
1788288600000,2026-09-01T18:50:00Z,176.38,176.72,176.28,176.44,81.43,14374.579
1788288900000,2026-09-01T18:55:00Z,176.44,176.72,176.42,176.72,26.75,4723.3451
1788289200000,2026-09-01T19:00:00Z,176.72,177.28,176.71,177.28,37.83,6696.7266
1788289500000,2026-09-01T19:05:00Z,177.28,177.43,176.84,177.05,114.93,20365.066
1788289800000,2026-09-01T19:10:00Z,177.05,177.12,176.85,176.85,45.75,8098.989
1788290100000,2026-09-01T19:15:00Z,176.85,177.28,176.85,177.02,54.89,9718.4995
1788290400000,2026-09-01T19:20:00Z,177.02,177.47,177.01,177.4,30.91,5477.904
1788290700000,2026-09-01T19:25:00Z,177.4,177.8,177.11,177.51,38.24,6786.0943
1788291000000,2026-09-01T19:30:00Z,177.51,177.57,177.19,177.57,155.13,27514.0045
1788291300000,2026-09-01T19:35:00Z,177.57,177.86,177.41,177.54,60.65,10774.056
1788291600000,2026-09-01T19:40:00Z,177.54,177.78,177.49,177.78,130.09,23110.7656
1788291900000,2026-09-01T19:45:00Z,177.78,177.9,177.3,177.5,70.17,12454.1948
1788292200000,2026-09-01T19:50:00Z,177.5,177.75,177.25,177.53,125.83,22338.1454
1788292500000,2026-09-01T19:55:00Z,177.53,177.62,176.87,177.12,308.1,54642.1127
1788292800000,2026-09-01T20:00:00Z,177.12,177.37,176.86,176.97,239.55,42448.9021
1788293100000,2026-09-01T20:05:00Z,176.97,177.19,176.97,176.97,4.9,867.7074
1788293400000,2026-09-01T20:10:00Z,176.97,177.36,176.91,177.36,85.62,15173.2835
1788293700000,2026-09-01T20:15:00Z,177.36,177.45,177.29,177.35,44.78,7942.9282
1788294000000,2026-09-01T20:20:00Z,177.35,177.44,177.31,177.35,23.82,4226.2134
1788294300000,2026-09-01T20:25:00Z,177.35,177.41,177.33,177.4,2.84,503.6585
1788294600000,2026-09-01T20:30:00Z,177.4,177.4,177.23,177.25,6.46,1145.7596
1788294900000,2026-09-01T20:35:00Z,177.25,177.57,177.25,177.54,22.36,3965.8261
1788295200000,2026-09-01T20:40:00Z,177.54,177.54,177.24,177.34,187.31,33237.2104
1788295500000,2026-09-01T20:45:00Z,177.34,177.35,177.26,177.3,30.07,5330.5912
1788295800000,2026-09-01T20:50:00Z,177.3,177.36,177.3,177.33,13.7,2429.4673
1788296100000,2026-09-01T20:55:00Z,177.33,177.5,177.33,177.44,68.86,12219.6183
1788296400000,2026-09-01T21:00:00Z,177.44,177.53,177.3,177.3,82.5,14638.0928
1788296700000,2026-09-01T21:05:00Z,177.3,177.34,177.15,177.28,57.82,10246.653
1788297000000,2026-09-01T21:10:00Z,177.28,177.28,176.94,176.94,65.75,11643.5145
1788297300000,2026-09-01T21:15:00Z,176.94,177.03,176.59,176.92,152.03,26879.6263
1788297600000,2026-09-01T21:20:00Z,176.92,177.15,176.92,177.15,21.09,3734.1318
1788297900000,2026-09-01T21:25:00Z,177.15,177.21,177.04,177.13,40.42,7159.9119
1788298200000,2026-09-01T21:30:00Z,177.13,177.25,176.94,177.05,64.07,11346.0862
1788298500000,2026-09-01T21:35:00Z,177.05,177.1,177.05,177.1,6.96,1232.4696
1788298800000,2026-09-01T21:40:00Z,177.1,177.18,177.06,177.09,14.6,2585.4584
1788299100000,2026-09-01T21:45:00Z,177.09,177.2,177.01,177.01,5.68,1005.6769
1788299400000,2026-09-01T21:50:00Z,177.01,177.13,177.01,177.13,13.97,2473.3546
1788299700000,2026-09-01T21:55:00Z,177.13,177.13,177.02,177.05,13.28,2351.4937
1788300000000,2026-09-01T22:00:00Z,177.05,177.07,176.91,177.05,111.52,19737.462
1788300300000,2026-09-01T22:05:00Z,177.05,177.05,176.81,176.86,52.8,9339.5512
1788300600000,2026-09-01T22:10:00Z,176.86,177.05,176.86,176.93,13.55,2397.6653
1788300900000,2026-09-01T22:15:00Z,176.93,176.98,176.88,176.9,12.45,2202.8498
1788301200000,2026-09-01T22:20:00Z,176.9,176.9,176.66,176.78,41.97,7418.5179
1788301500000,2026-09-01T22:25:00Z,176.78,176.83,176.49,176.55,54.41,9611.0673
1788301800000,2026-09-01T22:30:00Z,176.55,176.69,176.46,176.62,40.72,7190.4127
1788302100000,2026-09-01T22:35:00Z,176.62,176.67,176.54,176.54,12.53,2212.8341
1788302400000,2026-09-01T22:40:00Z,176.54,176.61,176.45,176.58,66.62,11761.9337
1788302700000,2026-09-01T22:45:00Z,176.58,176.91,176.58,176.85,46.87,8286.5211
1788303000000,2026-09-01T22:50:00Z,176.85,177.03,176.85,176.96,102.45,18129.3786
1788303300000,2026-09-01T22:55:00Z,176.96,176.96,176.8,176.81,20.25,3581.0144
1788303600000,2026-09-01T23:00:00Z,176.81,176.87,176.64,176.64,53.18,9402.1684
1788303900000,2026-09-01T23:05:00Z,176.64,176.7,176.63,176.64,18.68,3299.7647
1788304200000,2026-09-01T23:10:00Z,176.64,176.72,176.6,176.62,38.97,6885.1941
1788304500000,2026-09-01T23:15:00Z,176.62,176.81,176.61,176.81,31.61,5586.5292
1788304800000,2026-09-01T23:20:00Z,176.81,176.81,176.72,176.76,9.94,1757.0837
1788305100000,2026-09-01T23:25:00Z,176.76,176.87,176.69,176.78,52.79,9331.5199
1788305400000,2026-09-01T23:30:00Z,176.78,176.94,176.73,176.94,22.49,3977.5484
1788305700000,2026-09-01T23:35:00Z,176.94,177.15,176.92,177.15,76.58,13556.5031
1788306000000,2026-09-01T23:40:00Z,177.15,177.15,177.15,177.15,0,0
1788306300000,2026-09-01T23:45:00Z,177.15,177.48,177.09,177.2,120.34,21338.0002
1788306600000,2026-09-01T23:50:00Z,177.2,177.22,177,177.17,134.7,23857.7454
1788306900000,2026-09-01T23:55:00Z,177.17,177.32,177.17,177.32,9.4,1666.0639
1788307200000,2026-09-02T00:00:00Z,177.32,177.43,176.82,176.94,155.96,27611.4693
1788307500000,2026-09-02T00:05:00Z,176.94,177.11,176.85,177.06,20.66,3656.1614
1788307800000,2026-09-02T00:10:00Z,177.06,177.16,176.98,177.14,7.44,1317.6958
1788308100000,2026-09-02T00:15:00Z,177.14,177.34,177.14,177.14,9.45,1674.4619
1788308400000,2026-09-02T00:20:00Z,177.14,177.35,177.02,177.35,4.17,738.5487
1788308700000,2026-09-02T00:25:00Z,177.35,177.35,176.91,176.91,20.62,3648.1302
1788309000000,2026-09-02T00:30:00Z,176.91,176.97,176.55,176.68,112.77,19927.9669
1788309300000,2026-09-02T00:35:00Z,176.68,176.84,176.59,176.61,31.82,5622.2063
1788309600000,2026-09-02T00:40:00Z,176.61,176.68,176.44,176.6,38.68,6828.4658
1788309900000,2026-09-02T00:45:00Z,176.6,176.68,176.54,176.62,8.29,1463.5589
1788310200000,2026-09-02T00:50:00Z,176.62,176.63,176.47,176.59,59.79,10556.5544
1788310500000,2026-09-02T00:55:00Z,176.59,176.79,176.59,176.79,7.39,1305.9085
1788310800000,2026-09-02T01:00:00Z,176.79,176.79,176.4,176.51,51.08,9015.6279
1788311100000,2026-09-02T01:05:00Z,176.51,176.63,176.41,176.54,113.6,20048.341
1788311400000,2026-09-02T01:10:00Z,176.54,176.75,176.54,176.59,17.27,3051.1009
1788311700000,2026-09-02T01:15:00Z,176.59,176.8,176.58,176.8,104.8,18516.9628
1788312000000,2026-09-02T01:20:00Z,176.8,176.98,176.8,176.98,9.83,1739.3155
1788312300000,2026-09-02T01:25:00Z,176.98,177.01,176.47,176.47,69.71,12314.4971
1788312600000,2026-09-02T01:30:00Z,176.47,176.5,176.33,176.38,152.6,26920.7769
1788312900000,2026-09-02T01:35:00Z,176.38,176.38,175.89,175.89,62.55,11014.6792
1788313200000,2026-09-02T01:40:00Z,175.89,175.91,175.67,175.67,34.36,6039.9034
1788313500000,2026-09-02T01:45:00Z,175.67,175.78,175.59,175.59,15.61,2741.9077
1788313800000,2026-09-02T01:50:00Z,175.59,175.66,175.36,175.57,92.9,16302.4384
1788314100000,2026-09-02T01:55:00Z,175.57,175.91,175.57,175.89,124.03,21805.2276
1788314400000,2026-09-02T02:00:00Z,175.89,175.93,175.85,175.85,1.73,304.2229
1788314700000,2026-09-02T02:05:00Z,175.85,176.37,175.68,176.06,49.66,8740.1597
1788315000000,2026-09-02T02:10:00Z,176.06,176.43,176.06,176.32,118.87,20962.4256
1788315300000,2026-09-02T02:15:00Z,176.32,176.7,176.32,176.7,39.34,6947.7235
1788315600000,2026-09-02T02:20:00Z,176.7,177.03,176.7,177.03,28.35,5016.3408
1788315900000,2026-09-02T02:25:00Z,177.03,177.21,176.8,177.2,243.77,43129.248
1788316200000,2026-09-02T02:30:00Z,177.2,177.2,176.94,177.07,700.61,124037.1862
1788316500000,2026-09-02T02:35:00Z,177.07,177.11,176.98,177.07,2.3,407.1204
1788316800000,2026-09-02T02:40:00Z,177.07,177.07,176.92,177.06,56.33,9969.891
1788317100000,2026-09-02T02:45:00Z,177.06,177.09,176.99,177.05,4.92,870.8283
1788317400000,2026-09-02T02:50:00Z,177.05,177.1,177.05,177.08,1.2,212.4965
1788317700000,2026-09-02T02:55:00Z,177.08,177.16,177.01,177.16,50.3,8904.8157
1788318000000,2026-09-02T03:00:00Z,177.16,177.58,177.15,177.58,19.27,3418.0214
1788318300000,2026-09-02T03:05:00Z,177.58,177.65,177.41,177.65,8.65,1535.4664
1788318600000,2026-09-02T03:10:00Z,177.65,178.02,177.46,177.86,30.18,5365.2378
1788318900000,2026-09-02T03:15:00Z,177.86,177.98,177.63,177.85,48.38,8600.8089
1788319200000,2026-09-02T03:20:00Z,177.85,177.86,177.62,177.64,13.4,2380.5176
1788319500000,2026-09-02T03:25:00Z,177.64,178.29,177.64,178.02,13.12,2334.7734
1788319800000,2026-09-02T03:30:00Z,178.02,178.02,177.48,177.51,25.94,4606.7273
1788320100000,2026-09-02T03:35:00Z,177.51,177.56,177.39,177.56,11.94,2118.8306
1788320400000,2026-09-02T03:40:00Z,177.56,177.69,177.47,177.53,11.31,2007.3815
1788320700000,2026-09-02T03:45:00Z,177.53,177.65,177.46,177.65,22.27,3953.8638
1788321000000,2026-09-02T03:50:00Z,177.65,177.65,177.36,177.6,31.98,5673.5488
1788321300000,2026-09-02T03:55:00Z,177.6,177.68,177.55,177.6,9.4,1669.2918
1788321600000,2026-09-02T04:00:00Z,177.6,177.6,177.31,177.46,7.02,1244.8586
1788321900000,2026-09-02T04:05:00Z,177.46,177.46,177.1,177.1,24.42,4327.5388
1788322200000,2026-09-02T04:10:00Z,177.1,177.1,176.82,176.85,96.42,17057.0389
1788322500000,2026-09-02T04:15:00Z,176.85,177.33,176.8,177.29,356.92,63208.3736
1788322800000,2026-09-02T04:20:00Z,177.29,177.33,176.98,177.03,14.85,2631.0986
1788323100000,2026-09-02T04:25:00Z,177.03,177.32,177.03,177.24,27.27,4834.0222
1788323400000,2026-09-02T04:30:00Z,177.24,177.44,177.24,177.44,36.14,6410.2051
1788323700000,2026-09-02T04:35:00Z,177.44,177.45,177.35,177.4,7.67,1360.8546
1788324000000,2026-09-02T04:40:00Z,177.4,177.48,177.29,177.47,5.81,1030.5755
1788324300000,2026-09-02T04:45:00Z,177.47,177.54,177.4,177.54,6.88,1221.0137
1788324600000,2026-09-02T04:50:00Z,177.54,177.57,177.46,177.57,11.39,2021.7935
1788324900000,2026-09-02T04:55:00Z,177.57,177.59,177.38,177.39,21.7,3851.0241
1788325200000,2026-09-02T05:00:00Z,177.39,177.39,177.05,177.14,25.27,4475.5085
1788325500000,2026-09-02T05:05:00Z,177.14,177.15,176.93,177.06,547.12,96865.9725
1788325800000,2026-09-02T05:10:00Z,177.06,177.63,177.06,177.63,26.2,4650.1844
1788326100000,2026-09-02T05:15:00Z,177.63,177.88,177.63,177.7,30.01,5332.8255
1788326400000,2026-09-02T05:20:00Z,177.7,177.88,177.7,177.88,0.21,37.3458
1788326700000,2026-09-02T05:25:00Z,177.88,178.13,177.88,178.13,102.29,18202.1604
1788327000000,2026-09-02T05:30:00Z,178.13,178.13,177.88,178,48.15,8568.7895
1788327300000,2026-09-02T05:35:00Z,178,178.11,177.88,177.92,7.07,1258.1201
1788327600000,2026-09-02T05:40:00Z,177.92,178.28,177.92,178.17,145.11,25856.4793
1788327900000,2026-09-02T05:45:00Z,178.17,178.17,177.89,178.07,12.5,2223.8529
1788328200000,2026-09-02T05:50:00Z,178.07,178.07,177.9,177.9,0.2,35.5964
1788328500000,2026-09-02T05:55:00Z,177.9,177.9,177.69,177.69,27.04,4806.7682
1788328800000,2026-09-02T06:00:00Z,177.69,177.76,177.63,177.67,5.37,954.1507
1788329100000,2026-09-02T06:05:00Z,177.67,177.94,177.66,177.93,7.11,1264.2475
1788329400000,2026-09-02T06:10:00Z,177.93,177.93,177.58,177.6,29.32,5210.3004
1788329700000,2026-09-02T06:15:00Z,177.6,177.66,177.57,177.57,18.97,3370.1788
1788330000000,2026-09-02T06:20:00Z,177.57,177.57,177.46,177.46,13.65,2422.5613
1788330300000,2026-09-02T06:25:00Z,177.46,177.8,177.46,177.47,0.2,35.5304
1788330600000,2026-09-02T06:30:00Z,177.47,177.47,177.15,177.26,80.38,14253.1141
1788330900000,2026-09-02T06:35:00Z,177.26,177.57,177.26,177.57,1.72,305.2368
1788331200000,2026-09-02T06:40:00Z,177.57,177.88,177.57,177.77,38.59,6862.123
1788331500000,2026-09-02T06:45:00Z,177.77,177.77,177.57,177.63,0.43,76.3711
1788331800000,2026-09-02T06:50:00Z,177.63,177.63,177.42,177.45,13.8,2448.731
1788332100000,2026-09-02T06:55:00Z,177.45,177.55,177.3,177.52,59.99,10644.2566
1788332400000,2026-09-02T07:00:00Z,177.52,177.66,177.42,177.42,43.93,7797.4958
1788332700000,2026-09-02T07:05:00Z,177.42,177.65,177.42,177.65,7.53,1336.9824
1788333000000,2026-09-02T07:10:00Z,177.65,177.74,177.58,177.58,1.36,241.6244
1788333300000,2026-09-02T07:15:00Z,177.58,177.73,177.52,177.73,5.49,974.8611
1788333600000,2026-09-02T07:20:00Z,177.73,177.73,177.46,177.48,0.2,35.5083
1788333900000,2026-09-02T07:25:00Z,177.48,177.48,177.32,177.39,9.85,1746.7193
1788334200000,2026-09-02T07:30:00Z,177.39,177.47,177.26,177.39,1.17,207.5737
1788334500000,2026-09-02T07:35:00Z,177.39,177.43,177.3,177.3,0.28,49.6673
1788334800000,2026-09-02T07:40:00Z,177.3,177.42,177.3,177.34,5.53,981.0956
1788335100000,2026-09-02T07:45:00Z,177.34,177.34,177.16,177.16,7.84,1389.5159
1788335400000,2026-09-02T07:50:00Z,177.16,177.27,177.16,177.22,1.65,292.4138
1788335700000,2026-09-02T07:55:00Z,177.22,177.22,176.73,176.91,108.38,19170.8896
1788336000000,2026-09-02T08:00:00Z,176.91,177.26,176.67,177.26,202.24,35771.3361
1788336300000,2026-09-02T08:05:00Z,177.26,177.26,177.04,177.06,7.42,1314.2404
1788336600000,2026-09-02T08:10:00Z,177.06,177.06,176.72,176.93,29.76,5264.4989
1788336900000,2026-09-02T08:15:00Z,176.93,177.04,176.53,176.61,63.28,11182.7414
1788337200000,2026-09-02T08:20:00Z,176.61,176.61,176.41,176.5,6.79,1198.4415
1788337500000,2026-09-02T08:25:00Z,176.5,176.61,176.44,176.54,5.67,1000.599
1788337800000,2026-09-02T08:30:00Z,176.54,176.54,175.97,175.99,37.14,6546.5083
1788338100000,2026-09-02T08:35:00Z,175.99,176.27,175.92,176,15.19,2674.7186
1788338400000,2026-09-02T08:40:00Z,176,176,175.45,175.5,73.36,12893.4407
1788338700000,2026-09-02T08:45:00Z,175.5,175.68,175.05,175.05,174.39,30560.0936
1788339000000,2026-09-02T08:50:00Z,175.05,175.19,174.43,174.45,899.2,157051.9558
1788339300000,2026-09-02T08:55:00Z,174.45,174.67,174.41,174.52,81.38,14202.4861
1788339600000,2026-09-02T09:00:00Z,174.52,175.12,174.46,175.06,51.91,9073.8274
1788339900000,2026-09-02T09:05:00Z,175.06,175.16,174.9,175.02,13.91,2433.7454
1788340200000,2026-09-02T09:10:00Z,175.02,175.02,174.75,174.75,48.51,8482.2094
1788340500000,2026-09-02T09:15:00Z,174.75,174.93,174.5,174.77,62.68,10948.3571
1788340800000,2026-09-02T09:20:00Z,174.77,174.77,174.06,174.38,142.03,24763.1245
1788341100000,2026-09-02T09:25:00Z,174.38,174.86,174.38,174.86,128.49,22437.3603
1788341400000,2026-09-02T09:30:00Z,174.86,174.86,174.18,174.28,47.49,8280.7908
1788341700000,2026-09-02T09:35:00Z,174.28,174.28,173.86,173.92,129.64,22552.111
1788342000000,2026-09-02T09:40:00Z,173.92,174,173.74,173.74,60.23,10469.0883
1788342300000,2026-09-02T09:45:00Z,173.74,174.09,173.45,173.98,119,20682.2077
1788342600000,2026-09-02T09:50:00Z,173.98,174.02,173.76,173.98,21.94,3816.0753
1788342900000,2026-09-02T09:55:00Z,173.98,174.26,173.95,174.26,7.57,1317.6481
1788343200000,2026-09-02T10:00:00Z,174.26,174.26,173.67,173.67,34.12,5934.6697
1788343500000,2026-09-02T10:05:00Z,173.67,173.85,173.62,173.76,41.3,7174.9825
1788343800000,2026-09-02T10:10:00Z,173.76,173.93,173.76,173.93,6.23,1083.0594
1788344100000,2026-09-02T10:15:00Z,173.93,174.12,173.93,174.12,0.5,87.035
1788344400000,2026-09-02T10:20:00Z,174.12,174.12,174.1,174.11,11.97,2083.9817
1788344700000,2026-09-02T10:25:00Z,174.11,174.13,174,174.09,32.8,5709.1432
1788345000000,2026-09-02T10:30:00Z,174.09,174.09,173.33,173.4,76.25,13233.747
1788345300000,2026-09-02T10:35:00Z,173.4,173.45,173.04,173.04,166.45,28827.2833
1788345600000,2026-09-02T10:40:00Z,173.04,173.49,173.04,173.49,66.6,11545.5033
1788345900000,2026-09-02T10:45:00Z,173.49,173.57,173.24,173.24,68.13,11812.543
1788346200000,2026-09-02T10:50:00Z,173.24,173.36,172.85,173.36,112.87,19531.0248
1788346500000,2026-09-02T10:55:00Z,173.36,173.92,173.36,173.92,37.02,6427.3736
1788346800000,2026-09-02T11:00:00Z,173.92,173.92,173.26,173.26,28.66,4975.4604
1788347100000,2026-09-02T11:05:00Z,173.26,173.9,173.09,173.9,119.58,20759.1263
1788347400000,2026-09-02T11:10:00Z,173.9,174.39,173.7,174.3,104.53,18186.9947
1788347700000,2026-09-02T11:15:00Z,174.3,174.41,174.08,174.08,40.7,7093.1444
1788348000000,2026-09-02T11:20:00Z,174.08,174.18,173.95,174.14,43.99,7657.5619
1788348300000,2026-09-02T11:25:00Z,174.14,174.26,173.93,174.26,21.31,3709.4071
1788348600000,2026-09-02T11:30:00Z,174.26,174.7,174.26,174.7,43.74,7633.163
1788348900000,2026-09-02T11:35:00Z,174.7,174.85,174.58,174.72,127.69,22308.5126
1788349200000,2026-09-02T11:40:00Z,174.72,174.87,174.51,174.62,81.05,14153.0704
1788349500000,2026-09-02T11:45:00Z,174.62,174.7,174.56,174.7,3.21,560.5778
1788349800000,2026-09-02T11:50:00Z,174.7,174.98,174.62,174.96,26.69,4664.2628
1788350100000,2026-09-02T11:55:00Z,174.96,175.18,174.85,175.18,17.27,3022.706
1788350400000,2026-09-02T12:00:00Z,175.18,175.23,174.87,174.94,37.1,6493.0604
1788350700000,2026-09-02T12:05:00Z,174.94,175.24,174.94,175.05,31.14,5452.6524
1788351000000,2026-09-02T12:10:00Z,175.05,175.6,175.05,175.57,61.08,10709.4618
1788351300000,2026-09-02T12:15:00Z,175.57,175.72,175.24,175.69,64.42,11310.0037
1788351600000,2026-09-02T12:20:00Z,175.69,176.57,175.59,176.43,181.77,32008.0833
1788351900000,2026-09-02T12:25:00Z,176.43,176.43,176.18,176.24,38.36,6760.312
1788352200000,2026-09-02T12:30:00Z,176.24,176.24,175.83,175.83,22.52,3963.0961
1788352500000,2026-09-02T12:35:00Z,175.83,175.83,175.54,175.7,36.57,6424.698
1788352800000,2026-09-02T12:40:00Z,175.7,175.7,175.7,175.7,0,0
1788353100000,2026-09-02T12:45:00Z,175.7,175.7,175.42,175.45,12.24,2148.0071
1788353400000,2026-09-02T12:50:00Z,175.45,175.45,175.32,175.32,4.74,831.1
1788353700000,2026-09-02T12:55:00Z,175.32,175.32,175.05,175.07,4.93,863.1927
1788354000000,2026-09-02T13:00:00Z,175.07,175.57,175.07,175.51,19.47,3414.403
1788354300000,2026-09-02T13:05:00Z,175.51,175.71,175.5,175.5,56.32,9892.2399
1788354600000,2026-09-02T13:10:00Z,175.5,175.5,175.12,175.12,13.22,2318.0313
1788354900000,2026-09-02T13:15:00Z,175.12,175.47,175.12,175.44,48.16,8442.8606
1788355200000,2026-09-02T13:20:00Z,175.44,175.44,174.96,175.11,58.16,10181.23
1788355500000,2026-09-02T13:25:00Z,175.11,175.3,174.25,174.84,617.53,107962.1982
1788355800000,2026-09-02T13:30:00Z,174.84,174.84,172.34,173.15,487.32,84524.8925
1788356100000,2026-09-02T13:35:00Z,173.15,173.77,172.34,173.77,369.29,63838.4358
1788356400000,2026-09-02T13:40:00Z,173.77,177.23,173.62,177.23,318.5,55904.9852
1788356700000,2026-09-02T13:45:00Z,177.23,177.54,176.52,176.83,260.63,46119.3924
1788357000000,2026-09-02T13:50:00Z,176.83,178.72,176.83,177.88,620.36,110620.9847
1788357300000,2026-09-02T13:55:00Z,177.88,178.46,177.57,177.9,285.48,50794.891
1788357600000,2026-09-02T14:00:00Z,177.9,178.54,177.41,177.78,131.04,23313.0174
1788357900000,2026-09-02T14:05:00Z,177.78,178.49,177.35,177.62,451.41,80362.1284
1788358200000,2026-09-02T14:10:00Z,177.62,178.26,177.46,178.13,477.78,85015.2894
1788358500000,2026-09-02T14:15:00Z,178.13,178.27,177.77,178.06,159.24,28351.3817
1788358800000,2026-09-02T14:20:00Z,178.06,178.95,177.97,178.42,674.15,120334.494
1788359100000,2026-09-02T14:25:00Z,178.42,178.56,178.16,178.16,216.43,38594.1318
1788359400000,2026-09-02T14:30:00Z,178.16,178.16,177.16,177.4,109.96,19516.5008
1788359700000,2026-09-02T14:35:00Z,177.4,177.83,177.17,177.83,181.9,32298.1292
1788360000000,2026-09-02T14:40:00Z,177.83,178.23,177.36,178.02,532.48,94736.5214
1788360300000,2026-09-02T14:45:00Z,178.02,178.49,177.74,178.32,254.59,45339.5845
1788360600000,2026-09-02T14:50:00Z,178.32,178.54,177.71,178.08,142.28,25323.3073
1788360900000,2026-09-02T14:55:00Z,178.08,178.5,177.88,178.03,128.42,22887.6471
1788361200000,2026-09-02T15:00:00Z,178.03,178.09,177.5,178.02,182.69,32465.8288
1788361500000,2026-09-02T15:05:00Z,178.02,178.24,176.94,176.94,60.15,10697.8797
1788361800000,2026-09-02T15:10:00Z,176.94,176.99,176.56,176.99,62.11,10977.5713
1788362100000,2026-09-02T15:15:00Z,176.99,177.81,176.99,177.72,36.51,6479.5723
1788362400000,2026-09-02T15:20:00Z,177.72,177.78,177.23,177.23,18.36,3256.7583
1788362700000,2026-09-02T15:25:00Z,177.23,177.26,176.76,176.76,16.45,2911.7027
1788363000000,2026-09-02T15:30:00Z,176.76,177.17,176.5,177,60.56,10710.7847
1788363300000,2026-09-02T15:35:00Z,177,177,176.36,176.59,69.6,12285.8945
1788363600000,2026-09-02T15:40:00Z,176.59,176.93,176.49,176.69,26.85,4743.8532
1788363900000,2026-09-02T15:45:00Z,176.69,176.69,175.91,176.06,35.25,6214.8333
1788364200000,2026-09-02T15:50:00Z,176.06,176.3,175.97,176.13,39.55,6968.3996
1788364500000,2026-09-02T15:55:00Z,176.13,176.44,176.13,176.4,31.49,5551.1401
1788364800000,2026-09-02T16:00:00Z,176.4,176.65,176.25,176.65,26.86,4735.3632
1788365100000,2026-09-02T16:05:00Z,176.65,176.73,176.45,176.61,12.4,2190.2615
1788365400000,2026-09-02T16:10:00Z,176.61,176.8,176.49,176.7,27.6,4874.1116
1788365700000,2026-09-02T16:15:00Z,176.7,177.11,176.49,177,24.14,4266.5543
1788366000000,2026-09-02T16:20:00Z,177,177.01,176.66,176.81,42.45,7510.5921
1788366300000,2026-09-02T16:25:00Z,176.81,176.98,176.54,176.57,56.33,9954.8555
1788366600000,2026-09-02T16:30:00Z,176.57,176.71,176.33,176.49,22.43,3959.1667
1788366900000,2026-09-02T16:35:00Z,176.49,176.76,176.45,176.45,58.97,10418.0525
1788367200000,2026-09-02T16:40:00Z,176.45,176.45,176.14,176.14,16.92,2981.6537
1788367500000,2026-09-02T16:45:00Z,176.14,176.55,176.01,176.2,100.02,17641.4934
1788367800000,2026-09-02T16:50:00Z,176.2,176.22,175.92,175.98,21.59,3802.1652
1788368100000,2026-09-02T16:55:00Z,175.98,176.23,175.28,175.31,15.45,2716.218
1788368400000,2026-09-02T17:00:00Z,175.31,175.99,175.31,175.79,44.08,7745.5328
1788368700000,2026-09-02T17:05:00Z,175.79,175.84,175.56,175.74,10.54,1852.0433
1788369000000,2026-09-02T17:10:00Z,175.74,175.9,175.7,175.7,5.25,922.8287
1788369300000,2026-09-02T17:15:00Z,175.7,175.86,175.6,175.6,11.23,1973.8638
1788369600000,2026-09-02T17:20:00Z,175.6,175.88,175.6,175.74,17.05,2996.434
1788369900000,2026-09-02T17:25:00Z,175.74,175.85,175.63,175.85,7.87,1382.8842
1788370200000,2026-09-02T17:30:00Z,175.85,176.45,175.85,176.41,25.25,4452.3265
1788370500000,2026-09-02T17:35:00Z,176.41,176.41,176.11,176.12,33.02,5818.5184
1788370800000,2026-09-02T17:40:00Z,176.12,176.71,176.12,176.71,89.15,15721.7239
1788371100000,2026-09-02T17:45:00Z,176.71,177.08,176.71,176.96,110.19,19494.0942
1788371400000,2026-09-02T17:50:00Z,176.96,177.03,176.94,177.01,3.61,639.044
1788371700000,2026-09-02T17:55:00Z,177.01,177.13,176.75,177.13,95.15,16830.6964
1788372000000,2026-09-02T18:00:00Z,177.13,177.13,176.65,176.97,132.28,23405.3891
1788372300000,2026-09-02T18:05:00Z,176.97,176.97,176.82,176.82,7.57,1338.9876
1788372600000,2026-09-02T18:10:00Z,176.82,176.82,176.71,176.73,30.17,5331.954
1788372900000,2026-09-02T18:15:00Z,176.73,177.27,176.73,176.93,181.4,32123.3674
1788373200000,2026-09-02T18:20:00Z,176.93,177.4,176.93,177.4,8.67,1536.2252
1788373500000,2026-09-02T18:25:00Z,177.4,177.68,177.24,177.24,41.86,7427.1359
1788373800000,2026-09-02T18:30:00Z,177.24,177.26,177.05,177.12,9.91,1755.8325
1788374100000,2026-09-02T18:35:00Z,177.12,177.51,177.1,177.25,7.27,1288.3831
1788374400000,2026-09-02T18:40:00Z,177.25,177.25,176.95,177.13,5.91,1046.244
1788374700000,2026-09-02T18:45:00Z,177.13,177.13,176.74,176.86,2.42,428.282
1788375000000,2026-09-02T18:50:00Z,176.86,176.87,176.75,176.78,34.16,6041.3923
1788375300000,2026-09-02T18:55:00Z,176.78,176.78,176.52,176.52,1.54,271.9295
1788375600000,2026-09-02T19:00:00Z,176.52,176.52,176.26,176.29,28.7,5059.7707
1788375900000,2026-09-02T19:05:00Z,176.29,176.29,176.02,176.29,9.6,1690.7657
1788376200000,2026-09-02T19:10:00Z,176.29,176.46,176.18,176.37,12.12,2137.3195
1788376500000,2026-09-02T19:15:00Z,176.37,176.42,176.17,176.17,10.88,1917.8127
1788376800000,2026-09-02T19:20:00Z,176.17,176.23,176.05,176.16,0.91,160.3328
1788377100000,2026-09-02T19:25:00Z,176.16,176.35,175.98,175.98,4.77,839.8826
1788377400000,2026-09-02T19:30:00Z,175.98,176.03,175.75,175.83,2.64,464.297
1788377700000,2026-09-02T19:35:00Z,175.83,176.07,175.6,176.07,8.59,1509.6943
1788378000000,2026-09-02T19:40:00Z,176.07,176.6,176.07,176.6,5.32,938.2026
1788378300000,2026-09-02T19:45:00Z,176.6,176.83,176.6,176.72,7.24,1279.5787
1788378600000,2026-09-02T19:50:00Z,176.72,176.77,175.54,175.76,25.91,4558.2988
1788378900000,2026-09-02T19:55:00Z,175.76,176.49,175.14,175.27,567.09,99772.2902
1788379200000,2026-09-02T20:00:00Z,175.27,175.57,175.02,175.49,138.78,24319.7095
1788379500000,2026-09-02T20:05:00Z,175.49,175.56,175.33,175.39,8.01,1404.8159
1788379800000,2026-09-02T20:10:00Z,175.39,175.5,175.39,175.49,29.35,5149.5737
1788380100000,2026-09-02T20:15:00Z,175.49,175.49,174.85,174.95,93.55,16386.664
1788380400000,2026-09-02T20:20:00Z,174.95,175.37,174.95,175.3,84.29,14764.4209
1788380700000,2026-09-02T20:25:00Z,175.3,175.67,175.3,175.46,27.88,4893.7505
1788381000000,2026-09-02T20:30:00Z,175.46,175.64,175.43,175.58,17.24,3026.0525
1788381300000,2026-09-02T20:35:00Z,175.58,175.6,175.16,175.38,123.71,21691.6569
1788381600000,2026-09-02T20:40:00Z,175.38,175.41,175.31,175.36,16.92,2966.8392
1788381900000,2026-09-02T20:45:00Z,175.36,175.5,175.34,175.5,14.03,2461.315
1788382200000,2026-09-02T20:50:00Z,175.5,175.79,175.5,175.65,22.7,3988.2118
1788382500000,2026-09-02T20:55:00Z,175.65,175.69,175.55,175.55,6.01,1055.3524
1788382800000,2026-09-02T21:00:00Z,175.55,175.55,175.52,175.52,11.41,2002.6832
1788383100000,2026-09-02T21:05:00Z,175.52,175.8,175.52,175.7,34.99,6148.2005
1788383400000,2026-09-02T21:10:00Z,175.7,175.7,175.66,175.66,3.18,558.5988
1788383700000,2026-09-02T21:15:00Z,175.66,175.75,175.66,175.67,9.94,1746.472
1788384000000,2026-09-02T21:20:00Z,175.67,175.83,175.67,175.83,3.18,559.1394
1788384300000,2026-09-02T21:25:00Z,175.83,175.83,175.63,175.63,11.42,2006.9919
1788384600000,2026-09-02T21:30:00Z,175.63,175.66,175.55,175.58,4.14,726.9654
1788384900000,2026-09-02T21:35:00Z,175.58,175.81,175.58,175.81,5.28,927.6918
1788385200000,2026-09-02T21:40:00Z,175.81,175.91,175.76,175.77,12.92,2271.6105
1788385500000,2026-09-02T21:45:00Z,175.77,175.77,175.69,175.69,0.78,137.0382
1788385800000,2026-09-02T21:50:00Z,175.69,175.73,175.65,175.73,8.43,1481.0997
1788386100000,2026-09-02T21:55:00Z,175.73,175.77,175.61,175.61,3.03,532.1223
1788386400000,2026-09-02T22:00:00Z,175.61,175.61,175.47,175.47,17.2,3018.9389
1788386700000,2026-09-02T22:05:00Z,175.47,175.47,175.31,175.31,4.63,811.879
1788387000000,2026-09-02T22:10:00Z,175.31,175.31,175.17,175.3,4.87,853.3408
1788387300000,2026-09-02T22:15:00Z,175.3,175.36,175.3,175.36,0.52,91.1872
1788387600000,2026-09-02T22:20:00Z,175.36,175.36,175.16,175.16,3.72,651.7495
1788387900000,2026-09-02T22:25:00Z,175.16,175.16,175.06,175.06,7.75,1357.0461
1788388200000,2026-09-02T22:30:00Z,175.06,175.18,175.06,175.14,1.57,274.9874
1788388500000,2026-09-02T22:35:00Z,175.14,175.27,175.14,175.27,5,876.35
1788388800000,2026-09-02T22:40:00Z,175.27,175.46,175.27,175.38,7.65,1342.096
1788389100000,2026-09-02T22:45:00Z,175.38,175.38,175.25,175.35,21.16,3709.9053
1788389400000,2026-09-02T22:50:00Z,175.35,175.35,175.21,175.21,4.13,723.6733
1788389700000,2026-09-02T22:55:00Z,175.21,175.25,175.21,175.25,1.71,299.6775
1788390000000,2026-09-02T23:00:00Z,175.25,175.37,175.25,175.37,8.66,1518.3038
1788390300000,2026-09-02T23:05:00Z,175.37,175.48,175.37,175.46,3.69,647.4901
1788390600000,2026-09-02T23:10:00Z,175.46,175.46,175.43,175.43,3.87,678.9149
1788390900000,2026-09-02T23:15:00Z,175.43,175.49,175.34,175.34,21.72,3810.3897
1788391200000,2026-09-02T23:20:00Z,175.34,175.34,175.34,175.34,0,0
1788391500000,2026-09-02T23:25:00Z,175.34,175.43,175.34,175.43,0.08,14.0344
1788391800000,2026-09-02T23:30:00Z,175.43,175.55,175.39,175.39,35.4,6212.1037
1788392100000,2026-09-02T23:35:00Z,175.39,175.39,175.29,175.3,0.26,45.5786
1788392400000,2026-09-02T23:40:00Z,175.3,175.38,175.3,175.38,0.28,49.1064
1788392700000,2026-09-02T23:45:00Z,175.38,175.48,175.28,175.28,37.62,6598.1037
1788393000000,2026-09-02T23:50:00Z,175.28,175.55,175.28,175.49,7.92,1390.2618
1788393300000,2026-09-02T23:55:00Z,175.49,175.53,175.37,175.49,20.76,3641.4328
1788393600000,2026-09-03T00:00:00Z,175.49,175.89,175.4,175.89,95.02,16682.2894
1788393900000,2026-09-03T00:05:00Z,175.89,175.89,175.46,175.46,41.29,7250.7871
1788394200000,2026-09-03T00:10:00Z,175.46,175.53,175.29,175.29,19.03,3338.8352
1788394500000,2026-09-03T00:15:00Z,175.29,175.29,175.18,175.23,5.42,949.6826
1788394800000,2026-09-03T00:20:00Z,175.23,175.23,175.02,175.06,50.75,8885.5691
1788395100000,2026-09-03T00:25:00Z,175.06,175.12,175.06,175.12,0.04,7.0048
1788395400000,2026-09-03T00:30:00Z,175.12,175.14,174.84,175.1,174.49,30531.1758
1788395700000,2026-09-03T00:35:00Z,175.1,175.26,174.99,175.26,17.15,3001.6969
1788396000000,2026-09-03T00:40:00Z,175.26,175.26,175.26,175.26,0,0
1788396300000,2026-09-03T00:45:00Z,175.26,175.26,175.26,175.26,0,0
1788396600000,2026-09-03T00:50:00Z,175.26,175.26,175.26,175.26,0,0
1788396900000,2026-09-03T00:55:00Z,175.26,175.26,174.93,175.17,42.67,7468.4529
1788397200000,2026-09-03T01:00:00Z,175.17,175.34,174.97,175.28,7.09,1242.2884
1788397500000,2026-09-03T01:05:00Z,175.28,175.67,175.28,175.6,24.94,4377.9267
1788397800000,2026-09-03T01:10:00Z,175.6,176.09,175.55,176.09,24.22,4260.3581
1788398100000,2026-09-03T01:15:00Z,176.09,176.17,176.09,176.17,3.08,542.5155
1788398400000,2026-09-03T01:20:00Z,176.17,176.17,176.02,176.09,0.71,125.0164
1788398700000,2026-09-03T01:25:00Z,176.09,176.25,176.01,176.25,112.66,19831.5592
1788399000000,2026-09-03T01:30:00Z,176.25,176.44,176.15,176.44,12.06,2126.089
1788399300000,2026-09-03T01:35:00Z,176.44,176.47,175.99,176.15,45.21,7962.4157
1788399600000,2026-09-03T01:40:00Z,176.15,176.23,176.07,176.08,11.95,2105.4576
1788399900000,2026-09-03T01:45:00Z,176.08,176.09,176.03,176.03,54.99,9680.1678
1788400200000,2026-09-03T01:50:00Z,176.03,176.17,175.9,176.11,25.43,4476.9728
1788400500000,2026-09-03T01:55:00Z,176.11,176.11,175.98,175.98,3.25,571.9362
1788400800000,2026-09-03T02:00:00Z,175.98,175.98,175.75,175.76,18.45,3244.3001
1788401100000,2026-09-03T02:05:00Z,175.76,175.85,175.76,175.85,4.53,796.332
1788401400000,2026-09-03T02:10:00Z,175.85,175.85,175.85,175.85,0,0
1788401700000,2026-09-03T02:15:00Z,175.85,176.38,175.85,176.38,6.83,1204.2037
1788402000000,2026-09-03T02:20:00Z,176.38,176.48,176.38,176.48,3.52,621.0788
1788402300000,2026-09-03T02:25:00Z,176.48,176.6,176.33,176.6,9.03,1593.4263
1788402600000,2026-09-03T02:30:00Z,176.6,177.36,176.6,177.36,67.94,12034.4777
1788402900000,2026-09-03T02:35:00Z,177.36,177.46,176.96,177,139.31,24710.3302
1788403200000,2026-09-03T02:40:00Z,177,177.26,177,177.26,3.39,600.9042
1788403500000,2026-09-03T02:45:00Z,177.26,177.26,177,177.22,28.94,5125.7016
1788403800000,2026-09-03T02:50:00Z,177.22,177.41,177.22,177.33,12.75,2261.407
1788404100000,2026-09-03T02:55:00Z,177.33,177.33,177.2,177.29,3.11,551.3083
1788404400000,2026-09-03T03:00:00Z,177.29,177.31,177.04,177.15,380.86,67464.1736
1788404700000,2026-09-03T03:05:00Z,177.15,177.15,176.97,177.1,74.01,13099.2549
1788405000000,2026-09-03T03:10:00Z,177.1,177.45,177.03,177.45,34.89,6183.9296
1788405300000,2026-09-03T03:15:00Z,177.45,177.58,177.17,177.58,85.06,15080.5236
1788405600000,2026-09-03T03:20:00Z,177.58,177.62,177.2,177.25,84.82,15045.0402
1788405900000,2026-09-03T03:25:00Z,177.25,177.43,177.25,177.32,45.31,8034.6974
1788406200000,2026-09-03T03:30:00Z,177.32,177.36,177.05,177.1,78.85,13973.5922
1788406500000,2026-09-03T03:35:00Z,177.1,177.1,176.95,177.06,30.39,5380.0745
1788406800000,2026-09-03T03:40:00Z,177.06,177.06,176.95,176.95,2.37,419.3817
1788407100000,2026-09-03T03:45:00Z,176.95,177.05,176.95,177.02,9.87,1747.0872
1788407400000,2026-09-03T03:50:00Z,177.02,177.33,177.02,177.33,32.74,5802.2004
1788407700000,2026-09-03T03:55:00Z,177.33,177.33,177.2,177.26,14.9,2641.293
1788408000000,2026-09-03T04:00:00Z,177.26,177.46,177.19,177.36,40.86,7245.8724
1788408300000,2026-09-03T04:05:00Z,177.36,177.45,177.31,177.45,9.94,1763.1734
1788408600000,2026-09-03T04:10:00Z,177.45,177.55,176.99,177,67.81,12016.4876
1788408900000,2026-09-03T04:15:00Z,177,177.11,176.83,176.87,45.68,8082.7854
1788409200000,2026-09-03T04:20:00Z,176.87,176.87,176.76,176.76,18.42,3257.3405
1788409500000,2026-09-03T04:25:00Z,176.76,176.78,176.73,176.75,7.45,1316.6987
1788409800000,2026-09-03T04:30:00Z,176.75,176.84,176.75,176.8,4,707.2879
1788410100000,2026-09-03T04:35:00Z,176.8,176.86,176.75,176.75,5.35,945.7656
1788410400000,2026-09-03T04:40:00Z,176.75,176.79,176.62,176.71,30.66,5417.4563
1788410700000,2026-09-03T04:45:00Z,176.71,176.83,176.71,176.76,2.93,518.0275
1788411000000,2026-09-03T04:50:00Z,176.76,177.19,176.75,177.19,19.99,3538.5065
1788411300000,2026-09-03T04:55:00Z,177.19,177.19,176.98,177.05,13.29,2352.9145
1788411600000,2026-09-03T05:00:00Z,177.05,177.2,176.94,176.94,22.82,4040.6883
1788411900000,2026-09-03T05:05:00Z,176.94,176.97,176.64,176.78,34.31,6065.7072
1788412200000,2026-09-03T05:10:00Z,176.78,176.78,176.41,176.51,28.05,4951.5973
1788412500000,2026-09-03T05:15:00Z,176.51,176.52,176.09,176.09,12.2,2150.2101
1788412800000,2026-09-03T05:20:00Z,176.09,176.09,175.3,175.42,37.59,6606.3014
1788413100000,2026-09-03T05:25:00Z,175.42,175.42,175.06,175.22,84.24,14749.4918
1788413400000,2026-09-03T05:30:00Z,175.22,175.73,175.22,175.73,16.73,2934.9491
1788413700000,2026-09-03T05:35:00Z,175.73,176.06,175.73,176.06,2.9,510.2168
1788414000000,2026-09-03T05:40:00Z,176.06,176.27,175.84,176.27,19.4,3414.5157
1788414300000,2026-09-03T05:45:00Z,176.27,176.4,176.25,176.36,9.79,1726.7724
1788414600000,2026-09-03T05:50:00Z,176.36,176.79,176.35,176.69,26.73,4722.7386
1788414900000,2026-09-03T05:55:00Z,176.69,177.08,176.69,177.06,17,3006.3318
1788415200000,2026-09-03T06:00:00Z,177.06,177.06,176.88,177.03,4.97,879.5554
1788415500000,2026-09-03T06:05:00Z,177.03,177.22,176.91,176.92,17.68,3131.9928
1788415800000,2026-09-03T06:10:00Z,176.92,177.05,176.89,176.97,29.92,5294.6755
1788416100000,2026-09-03T06:15:00Z,176.97,177.09,176.97,177.09,4.87,862.2092
1788416400000,2026-09-03T06:20:00Z,177.09,177.13,177.02,177.13,1.43,253.1672
1788416700000,2026-09-03T06:25:00Z,177.13,177.26,176.92,177.24,761.62,134931.9514
1788417000000,2026-09-03T06:30:00Z,177.24,177.24,177.06,177.06,18.74,3319.7224
1788417300000,2026-09-03T06:35:00Z,177.06,177.22,177.06,177.14,1.88,333.1126
1788417600000,2026-09-03T06:40:00Z,177.14,177.29,177.13,177.27,27.4,4857.3392
1788417900000,2026-09-03T06:45:00Z,177.27,177.27,177.27,177.27,0,0
1788418200000,2026-09-03T06:50:00Z,177.27,177.27,177.07,177.07,10.35,1833.3378
1788418500000,2026-09-03T06:55:00Z,177.07,177.13,177.07,177.13,0.55,97.4215
1788418800000,2026-09-03T07:00:00Z,177.13,178.07,177.13,178.07,85.9,15256.3522
1788419100000,2026-09-03T07:05:00Z,178.07,178.14,177.91,177.97,43.39,7725.382
1788419400000,2026-09-03T07:10:00Z,177.97,178.17,177.88,178.12,11.21,1996.1311
1788419700000,2026-09-03T07:15:00Z,178.12,178.12,177.84,178,14.21,2528.789
1788420000000,2026-09-03T07:20:00Z,178,178.24,178,178.16,30.53,5438.6276
1788420300000,2026-09-03T07:25:00Z,178.16,178.2,177.89,178.2,58.14,10351.0648
1788420600000,2026-09-03T07:30:00Z,178.2,178.31,178.01,178.19,44.17,7870.3321
1788420900000,2026-09-03T07:35:00Z,178.19,178.34,178.06,178.33,61.76,11007.9359
1788421200000,2026-09-03T07:40:00Z,178.33,178.53,178.25,178.25,45.48,8115.4159
1788421500000,2026-09-03T07:45:00Z,178.25,178.28,177.69,177.69,66.29,11795.0795
1788421800000,2026-09-03T07:50:00Z,177.69,177.75,177.49,177.64,71.98,12782.8347
1788422100000,2026-09-03T07:55:00Z,177.64,177.69,177.47,177.51,35.58,6317.3406
1788422400000,2026-09-03T08:00:00Z,177.51,178.47,177.33,178.38,176.29,31366.0279
1788422700000,2026-09-03T08:05:00Z,178.38,179,178.13,178.27,157.21,28082.9797
1788423000000,2026-09-03T08:10:00Z,178.27,178.45,178.11,178.13,38.88,6930.3545
1788423300000,2026-09-03T08:15:00Z,178.13,178.3,177.99,178.3,47.61,8479.2674
1788423600000,2026-09-03T08:20:00Z,178.3,178.3,177.88,177.94,38.02,6769.6717
1788423900000,2026-09-03T08:25:00Z,177.94,178.28,177.62,178.27,110.42,19641.3115
1788424200000,2026-09-03T08:30:00Z,178.27,178.33,178.14,178.29,5.1,909.1841
1788424500000,2026-09-03T08:35:00Z,178.29,178.29,177.99,177.99,37.01,6595.4271
1788424800000,2026-09-03T08:40:00Z,177.99,178.1,177.83,177.83,37.66,6701.8832
1788425100000,2026-09-03T08:45:00Z,177.83,178.15,177.73,177.79,31.01,5517.1724
1788425400000,2026-09-03T08:50:00Z,177.79,177.79,177.58,177.79,11.98,2128.9774
1788425700000,2026-09-03T08:55:00Z,177.79,177.87,177.66,177.77,15.53,2760.9986
1788426000000,2026-09-03T09:00:00Z,177.77,177.81,177.65,177.81,0.71,126.1488
1788426300000,2026-09-03T09:05:00Z,177.81,177.98,177.71,177.98,7.1,1262.8257
1788426600000,2026-09-03T09:10:00Z,177.98,177.98,177.94,177.94,4.37,777.6654
1788426900000,2026-09-03T09:15:00Z,177.94,177.94,177.69,177.69,0.12,21.3312
1788427200000,2026-09-03T09:20:00Z,177.69,177.73,177.69,177.73,1.37,243.451
1788427500000,2026-09-03T09:25:00Z,177.73,177.73,177.41,177.52,19.04,3379.6641
1788427800000,2026-09-03T09:30:00Z,177.52,177.55,177.44,177.44,7.49,1329.5923
1788428100000,2026-09-03T09:35:00Z,177.44,177.61,177.44,177.61,12.01,2133.03
1788428400000,2026-09-03T09:40:00Z,177.61,177.61,177.26,177.39,13.77,2443.6085
1788428700000,2026-09-03T09:45:00Z,177.39,177.7,176.82,177.11,161.81,28671.2975
1788429000000,2026-09-03T09:50:00Z,177.11,177.49,177.11,177.38,26.99,4788.853
1788429300000,2026-09-03T09:55:00Z,177.38,177.38,177.11,177.15,5.23,927.3354
1788429600000,2026-09-03T10:00:00Z,177.15,177.22,177.08,177.08,4.62,818.4875
1788429900000,2026-09-03T10:05:00Z,177.08,177.2,176.97,177.02,161.1,28513.0578
1788430200000,2026-09-03T10:10:00Z,177.02,177.16,176.52,176.58,236.3,41783.8701
1788430500000,2026-09-03T10:15:00Z,176.58,177.01,176.56,177.01,61.12,10801.6632
1788430800000,2026-09-03T10:20:00Z,177.01,177.09,176.94,176.94,7.24,1281.9087
1788431100000,2026-09-03T10:25:00Z,176.94,177.01,176.82,176.94,39.46,6981.4333
1788431400000,2026-09-03T10:30:00Z,176.94,177.03,176.65,176.65,6.59,1164.8885
1788431700000,2026-09-03T10:35:00Z,176.65,176.65,176.5,176.5,3.63,640.9074
1788432000000,2026-09-03T10:40:00Z,176.5,176.72,176.5,176.72,8.67,1531.2974
1788432300000,2026-09-03T10:45:00Z,176.72,176.82,176.69,176.69,4.96,876.7474
1788432600000,2026-09-03T10:50:00Z,176.69,177.35,176.69,177.28,19.01,3369.9408
1788432900000,2026-09-03T10:55:00Z,177.28,177.4,177.26,177.3,1.88,333.3709
1788433200000,2026-09-03T11:00:00Z,177.3,177.51,177.05,177.31,15.64,2772.4932
1788433500000,2026-09-03T11:05:00Z,177.31,177.5,177.22,177.5,5.78,1024.8686
1788433800000,2026-09-03T11:10:00Z,177.5,177.5,177.29,177.37,7.49,1328.354
1788434100000,2026-09-03T11:15:00Z,177.37,177.74,177.37,177.73,44.2,7852.175
1788434400000,2026-09-03T11:20:00Z,177.73,177.78,177.57,177.78,9.08,1613.6748
1788434700000,2026-09-03T11:25:00Z,177.78,177.78,177.61,177.74,6.53,1160.0571
1788435000000,2026-09-03T11:30:00Z,177.74,177.94,177.34,177.94,228.31,40545.5456
1788435300000,2026-09-03T11:35:00Z,177.94,177.94,177.61,177.61,13.5,2399.1138
1788435600000,2026-09-03T11:40:00Z,177.61,177.99,177.61,177.99,4.64,824.7306
1788435900000,2026-09-03T11:45:00Z,177.99,177.99,177.53,177.53,6.29,1117.0557
1788436200000,2026-09-03T11:50:00Z,177.53,177.61,177.52,177.52,2.9,514.9792
1788436500000,2026-09-03T11:55:00Z,177.52,177.65,177.5,177.58,3.01,534.5085
1788436800000,2026-09-03T12:00:00Z,177.58,177.63,177.48,177.63,2.75,488.1959
1788437100000,2026-09-03T12:05:00Z,177.63,177.99,177.6,177.99,9.05,1608.9294
1788437400000,2026-09-03T12:10:00Z,177.99,178.42,177.8,178.2,135.42,24125.4091
1788437700000,2026-09-03T12:15:00Z,178.2,178.44,178.01,178.07,32.52,5795.7786
1788438000000,2026-09-03T12:20:00Z,178.07,178.33,177.83,178.33,13.41,2387.1541
1788438300000,2026-09-03T12:25:00Z,178.33,178.33,178.02,178.02,9.67,1722.2827
1788438600000,2026-09-03T12:30:00Z,178.02,179.49,178.02,179.25,483.23,86453.726
1788438900000,2026-09-03T12:35:00Z,179.25,179.48,179.02,179.25,43.86,7864.5359
1788439200000,2026-09-03T12:40:00Z,179.25,179.41,179.09,179.27,19.29,3458.796
1788439500000,2026-09-03T12:45:00Z,179.27,179.48,179.23,179.4,11.95,2143.5367
1788439800000,2026-09-03T12:50:00Z,179.4,180.01,179.4,179.94,59.38,10679.3278
1788440100000,2026-09-03T12:55:00Z,179.94,180.38,179.86,179.9,282.58,50879.1624
1788440400000,2026-09-03T13:00:00Z,179.9,180.29,179.7,180.1,30.91,5561.2473
1788440700000,2026-09-03T13:05:00Z,180.1,180.16,179.88,179.99,98.43,17720.0746
1788441000000,2026-09-03T13:10:00Z,179.99,180.34,179.99,180.13,122.17,22013.1744
1788441300000,2026-09-03T13:15:00Z,180.13,180.14,179.93,179.93,44.62,8031.8999
1788441600000,2026-09-03T13:20:00Z,179.93,180.33,179.72,180.18,213.28,38403.3528
1788441900000,2026-09-03T13:25:00Z,180.18,181.96,180.18,181.6,622.65,112823.5623
1788442200000,2026-09-03T13:30:00Z,181.6,185.24,181.2,185.02,959.08,175777.1259
1788442500000,2026-09-03T13:35:00Z,185.02,187.25,184.95,187.16,440.75,82117.8778
1788442800000,2026-09-03T13:40:00Z,187.16,189.04,187.16,187.7,1959.12,368934.773
1788443100000,2026-09-03T13:45:00Z,187.7,188.9,186.3,186.35,808.9,151903.96
1788443400000,2026-09-03T13:50:00Z,186.35,187.41,184.69,184.96,641.14,119277.0539
1788443700000,2026-09-03T13:55:00Z,184.96,186.54,183.62,186.54,783.9,145102.6088
1788444000000,2026-09-03T14:00:00Z,186.54,187.01,185.42,186.63,651.28,121279.2994
1788444300000,2026-09-03T14:05:00Z,186.63,187.42,186.48,187.24,791.39,147988.2887
1788444600000,2026-09-03T14:10:00Z,187.24,187.68,186.21,187.68,549.95,102818.2908
1788444900000,2026-09-03T14:15:00Z,187.68,188,187.24,187.76,299.31,56162.3135
1788445200000,2026-09-03T14:20:00Z,187.76,189.06,187.76,188.77,468.18,88255.1097
1788445500000,2026-09-03T14:25:00Z,188.77,190.4,188.71,190.17,432.36,82011.6264
1788445800000,2026-09-03T14:30:00Z,190.17,191.08,189.59,189.67,326.1,62182.9641
1788446100000,2026-09-03T14:35:00Z,189.67,190.06,188.92,188.93,103.61,19638.2539
1788446400000,2026-09-03T14:40:00Z,188.93,191,188.7,190.19,190.11,36203.0285
1788446700000,2026-09-03T14:45:00Z,190.19,191.57,190.12,191.57,278.4,53184.6956
1788447000000,2026-09-03T14:50:00Z,191.57,191.58,190.2,190.75,165.09,31478.2767
1788447300000,2026-09-03T14:55:00Z,190.75,191.8,189.95,191.8,553.09,105325.5615
1788447600000,2026-09-03T15:00:00Z,191.8,192,191.03,191.4,92.23,17661.811
1788447900000,2026-09-03T15:05:00Z,191.4,191.54,190.77,190.94,48.42,9261.4338
1788448200000,2026-09-03T15:10:00Z,190.94,190.94,190.19,190.7,216.88,41329.0214
1788448500000,2026-09-03T15:15:00Z,190.7,191.85,190.7,191.81,233.81,44716.5997
1788448800000,2026-09-03T15:20:00Z,191.81,192.35,191.62,192.1,242.62,46589.425
1788449100000,2026-09-03T15:25:00Z,192.1,192.23,191.81,192.11,128.91,24758.815
1788449400000,2026-09-03T15:30:00Z,192.11,192.78,192.11,192.78,181.94,35017.0179
1788449700000,2026-09-03T15:35:00Z,192.78,192.92,191.98,192.31,229.86,44213.1128
1788450000000,2026-09-03T15:40:00Z,192.31,193.29,192.18,192.54,290.66,56040.6819
1788450300000,2026-09-03T15:45:00Z,192.54,192.78,192.19,192.64,163.36,31439.844
1788450600000,2026-09-03T15:50:00Z,192.64,194.39,192.64,194.39,160.14,31028.5092
1788450900000,2026-09-03T15:55:00Z,194.39,195.8,194.33,195.8,54.9,10721.8197
1788451200000,2026-09-03T16:00:00Z,195.8,195.92,193.67,193.73,247.18,48070.2501
1788451500000,2026-09-03T16:05:00Z,193.73,194.11,193.54,193.85,20.27,3929.6246
1788451800000,2026-09-03T16:10:00Z,193.85,194.2,193.81,194.08,36.82,7141.7627
1788452100000,2026-09-03T16:15:00Z,194.08,194.34,193.52,193.75,75.47,14640.0279
1788452400000,2026-09-03T16:20:00Z,193.75,194.09,193.31,193.36,39.86,7717.8664
1788452700000,2026-09-03T16:25:00Z,193.36,193.42,192.59,192.86,108.55,20920.7775
1788453000000,2026-09-03T16:30:00Z,192.86,193.97,192.74,193.97,62.19,12011.0939
1788453300000,2026-09-03T16:35:00Z,193.97,193.97,193.11,193.44,9.09,1758.3419
1788453600000,2026-09-03T16:40:00Z,193.44,193.44,192.68,192.92,18.71,3611.0297
1788453900000,2026-09-03T16:45:00Z,192.92,193.25,192.66,193.2,23.29,4493.7727
1788454200000,2026-09-03T16:50:00Z,193.2,193.2,192.8,192.84,11.97,2311.2103
1788454500000,2026-09-03T16:55:00Z,192.84,193.12,192.75,192.99,35.47,6843.63
1788454800000,2026-09-03T17:00:00Z,192.99,193.34,192.78,193.34,30.04,5802.9027
1788455100000,2026-09-03T17:05:00Z,193.34,193.52,193.1,193.27,14.92,2882.3413
1788455400000,2026-09-03T17:10:00Z,193.27,193.93,193.27,193.92,25.03,4847.1575
1788455700000,2026-09-03T17:15:00Z,193.92,193.92,192.78,192.78,9.95,1924.2347
1788456000000,2026-09-03T17:20:00Z,192.78,193.13,192.65,193.02,7.19,1386.4935
1788456300000,2026-09-03T17:25:00Z,193.02,193.41,192.89,193.14,7.89,1524.2137
1788456600000,2026-09-03T17:30:00Z,193.14,193.33,193.06,193.27,13.76,2657.9651
1788456900000,2026-09-03T17:35:00Z,193.27,193.76,193.27,193.76,15.89,3075.6323
1788457200000,2026-09-03T17:40:00Z,193.76,193.9,193.56,193.65,9.64,1867.4836
1788457500000,2026-09-03T17:45:00Z,193.65,193.89,193.65,193.73,4.37,846.793
1788457800000,2026-09-03T17:50:00Z,193.73,193.73,193.57,193.57,4.35,842.5216
1788458100000,2026-09-03T17:55:00Z,193.57,193.76,193.31,193.31,12.29,2378.1801
1788458400000,2026-09-03T18:00:00Z,193.31,193.6,192.64,192.67,39.95,7711.7845
1788458700000,2026-09-03T18:05:00Z,192.67,193.54,192.59,193.54,14.11,2724.0917
1788459000000,2026-09-03T18:10:00Z,193.54,193.6,193.03,193.32,24.48,4731.9869
1788459300000,2026-09-03T18:15:00Z,193.32,193.48,193.01,193.1,24.38,4710.0474
1788459600000,2026-09-03T18:20:00Z,193.1,193.1,191.9,192.27,21.42,4118.6248
1788459900000,2026-09-03T18:25:00Z,192.27,192.27,191.58,191.76,20.82,3994.0985
1788460200000,2026-09-03T18:30:00Z,191.76,192.05,191.7,192.05,15.65,3003.0038
1788460500000,2026-09-03T18:35:00Z,192.05,192.42,191.92,191.96,53,10190.1975
1788460800000,2026-09-03T18:40:00Z,191.96,192.12,191.39,191.39,58.14,11135.5429
1788461100000,2026-09-03T18:45:00Z,191.39,191.87,191.39,191.87,3.07,588.4152
1788461400000,2026-09-03T18:50:00Z,191.87,192.05,191.6,191.73,15.7,3010.9325
1788461700000,2026-09-03T18:55:00Z,191.73,192.16,191.73,192.02,14.45,2773.8332
1788462000000,2026-09-03T19:00:00Z,192.02,192.26,191.88,192.07,29.72,5705.8883
1788462300000,2026-09-03T19:05:00Z,192.07,192.33,191.8,192.06,9.24,1774.4067
1788462600000,2026-09-03T19:10:00Z,192.06,192.13,191.77,191.91,5.43,1042.2906
1788462900000,2026-09-03T19:15:00Z,191.91,193,191.86,193,14.29,2751.358
1788463200000,2026-09-03T19:20:00Z,193,193.34,192.92,192.98,81.63,15771.8028
1788463500000,2026-09-03T19:25:00Z,192.98,193.33,192.75,193.23,38.71,7473.022
1788463800000,2026-09-03T19:30:00Z,193.23,193.23,192.78,193.03,30.69,5922.5191
1788464100000,2026-09-03T19:35:00Z,193.03,193.03,192.59,192.87,14.12,2722.628
1788464400000,2026-09-03T19:40:00Z,192.87,192.87,192.38,192.45,38.68,7447.3957
1788464700000,2026-09-03T19:45:00Z,192.45,192.57,192.08,192.37,61.81,11887.1877
1788465000000,2026-09-03T19:50:00Z,192.37,193.12,192.2,192.65,110.97,21360.1419
1788465300000,2026-09-03T19:55:00Z,192.65,192.92,192.43,192.92,83.93,16170.8785
1788465600000,2026-09-03T20:00:00Z,192.92,192.92,192.13,192.46,57.51,11065.92
1788465900000,2026-09-03T20:05:00Z,192.46,192.98,192.27,192.59,46.37,8935.1049
1788466200000,2026-09-03T20:10:00Z,192.59,192.59,191.98,192.04,81.34,15629.1412
1788466500000,2026-09-03T20:15:00Z,192.04,192.29,191.96,191.99,35.22,6765.0944
1788466800000,2026-09-03T20:20:00Z,191.99,192.02,191.73,191.73,21.27,4081.4824
1788467100000,2026-09-03T20:25:00Z,191.73,192.14,191.73,192.11,41.1,7894.304
1788467400000,2026-09-03T20:30:00Z,192.11,192.11,191.98,191.98,15.47,2971.0041
1788467700000,2026-09-03T20:35:00Z,191.98,192.37,191.96,192.21,18.8,3612.4168
1788468000000,2026-09-03T20:40:00Z,192.21,192.21,191.89,191.89,19.86,3812.2111
1788468300000,2026-09-03T20:45:00Z,191.89,192.02,191.89,192.02,0.74,142.0948
1788468600000,2026-09-03T20:50:00Z,192.02,192.02,191.78,191.84,31.41,6024.9699
1788468900000,2026-09-03T20:55:00Z,191.84,191.85,191.8,191.82,1.04,199.4993
1788469200000,2026-09-03T21:00:00Z,191.82,191.82,191.63,191.65,24.76,4745.9721
1788469500000,2026-09-03T21:05:00Z,191.65,191.65,191.28,191.59,25.38,4857.3121
1788469800000,2026-09-03T21:10:00Z,191.59,191.91,191.59,191.82,29.48,5650.5367
1788470100000,2026-09-03T21:15:00Z,191.82,192.04,191.81,191.91,21.55,4136.0183
1788470400000,2026-09-03T21:20:00Z,191.91,191.91,191.73,191.86,12.02,2305.992
1788470700000,2026-09-03T21:25:00Z,191.86,192.07,191.86,192.04,22.55,4328.3948
1788471000000,2026-09-03T21:30:00Z,192.04,192.84,192.04,192.7,20.75,3995.5725
1788471300000,2026-09-03T21:35:00Z,192.7,192.7,192.37,192.37,86.58,16674.3829
1788471600000,2026-09-03T21:40:00Z,192.37,192.37,192.18,192.18,9.3,1788.6931
1788471900000,2026-09-03T21:45:00Z,192.18,192.18,191.83,191.87,6.08,1167.0117
1788472200000,2026-09-03T21:50:00Z,191.87,191.91,191.84,191.89,2.23,427.8928
1788472500000,2026-09-03T21:55:00Z,191.89,191.89,191.71,191.88,36.76,7048.3628
1788472800000,2026-09-03T22:00:00Z,191.88,191.94,191.67,191.88,16.8,3222.0857
1788473100000,2026-09-03T22:05:00Z,191.88,191.88,191.68,191.68,6.26,1200.45
1788473400000,2026-09-03T22:10:00Z,191.68,191.78,191.63,191.71,41.61,7977.7205
1788473700000,2026-09-03T22:15:00Z,191.71,191.78,191.71,191.78,0.39,74.7942
1788474000000,2026-09-03T22:20:00Z,191.78,191.78,191.54,191.61,25.41,4868.5205
1788474300000,2026-09-03T22:25:00Z,191.61,191.61,191.31,191.31,98.47,18855.223
1788474600000,2026-09-03T22:30:00Z,191.31,191.31,190.97,191.09,49.43,9445.9193
1788474900000,2026-09-03T22:35:00Z,191.09,191.32,191.09,191.19,15.42,2948.8394
1788475200000,2026-09-03T22:40:00Z,191.19,191.39,191.19,191.39,1.6,306.1723
1788475500000,2026-09-03T22:45:00Z,191.39,191.6,191.39,191.44,5.56,1065.1752
1788475800000,2026-09-03T22:50:00Z,191.44,191.49,191.32,191.49,4.68,895.8962
1788476100000,2026-09-03T22:55:00Z,191.49,191.6,191.43,191.55,17.04,3263.636
1788476400000,2026-09-03T23:00:00Z,191.55,191.78,191.55,191.78,3.02,578.7676
1788476700000,2026-09-03T23:05:00Z,191.78,191.85,191.74,191.74,4.71,903.4371
1788477000000,2026-09-03T23:10:00Z,191.74,191.85,191.66,191.7,29.47,5650.7166
1788477300000,2026-09-03T23:15:00Z,191.7,191.78,191.68,191.78,8.87,1700.5647
1788477600000,2026-09-03T23:20:00Z,191.78,191.78,191.69,191.69,5.85,1121.5738
1788477900000,2026-09-03T23:25:00Z,191.69,191.96,191.66,191.96,14.6,2801.4398
1788478200000,2026-09-03T23:30:00Z,191.96,191.96,191.7,191.83,16.34,3133.4375
1788478500000,2026-09-03T23:35:00Z,191.83,192.14,191.81,192.08,36.57,7023.215
1788478800000,2026-09-03T23:40:00Z,192.08,192.13,191.94,191.99,14.54,2791.7094
1788479100000,2026-09-03T23:45:00Z,191.99,191.99,191.99,191.99,0,0
1788479400000,2026-09-03T23:50:00Z,191.99,192.14,191.98,192.01,6.16,1183.0163
1788479700000,2026-09-03T23:55:00Z,192.01,192.01,191.91,191.91,3.01,577.6922
1788480000000,2026-09-04T00:00:00Z,191.91,191.97,191.16,191.37,32.89,6299.595
1788480300000,2026-09-04T00:05:00Z,191.37,191.72,191.37,191.72,5.18,991.9906
1788480600000,2026-09-04T00:10:00Z,191.72,191.77,191.55,191.75,3.69,707.1527
1788480900000,2026-09-04T00:15:00Z,191.75,192.21,191.75,191.78,6.14,1178.47
1788481200000,2026-09-04T00:20:00Z,191.78,192.03,191.78,191.87,6.94,1332.0022
1788481500000,2026-09-04T00:25:00Z,191.87,191.87,191.42,191.53,5.28,1011.3384
1788481800000,2026-09-04T00:30:00Z,191.53,192.04,191.53,192.04,23.32,4470.9417
1788482100000,2026-09-04T00:35:00Z,192.04,192.34,192.04,192.34,3.64,699.5608
1788482400000,2026-09-04T00:40:00Z,192.34,192.63,191.81,191.92,43.02,8266.9376
1788482700000,2026-09-04T00:45:00Z,191.92,191.92,191.48,191.69,30.29,5807.3164
1788483000000,2026-09-04T00:50:00Z,191.69,191.69,191.39,191.4,23.21,4444.9453
1788483300000,2026-09-04T00:55:00Z,191.4,191.5,191.23,191.23,2.63,503.243
1788483600000,2026-09-04T01:00:00Z,191.23,191.45,190.88,190.88,81.9,15660.4288
1788483900000,2026-09-04T01:05:00Z,190.88,191.28,190.78,190.84,109.59,20929.364
1788484200000,2026-09-04T01:10:00Z,190.84,190.89,190.53,190.57,21.06,4013.3929
1788484500000,2026-09-04T01:15:00Z,190.57,190.73,190.53,190.66,17.58,3351.6688
1788484800000,2026-09-04T01:20:00Z,190.66,190.88,190.41,190.41,54.37,10359.2211
1788485100000,2026-09-04T01:25:00Z,190.41,190.63,190.36,190.49,20.75,3950.4656
1788485400000,2026-09-04T01:30:00Z,190.49,190.68,190.32,190.32,8.76,1669.0454
1788485700000,2026-09-04T01:35:00Z,190.32,190.65,190.32,190.47,11.38,2168.1296
1788486000000,2026-09-04T01:40:00Z,190.47,190.55,190.28,190.28,10.61,2019.5186
1788486300000,2026-09-04T01:45:00Z,190.28,190.74,190.28,190.65,16.18,3084.8935
1788486600000,2026-09-04T01:50:00Z,190.65,191.05,190.65,191.05,15.22,2906.4154
1788486900000,2026-09-04T01:55:00Z,191.05,191.33,191.05,191.16,24.83,4748.2525
1788487200000,2026-09-04T02:00:00Z,191.16,191.16,190.66,190.66,14.13,2697.3547
1788487500000,2026-09-04T02:05:00Z,190.66,190.81,190.45,190.46,3.02,575.7448
1788487800000,2026-09-04T02:10:00Z,190.46,190.46,190.46,190.46,0,0
1788488100000,2026-09-04T02:15:00Z,190.46,190.77,190.46,190.56,13.27,2530.2226
1788488400000,2026-09-04T02:20:00Z,190.56,190.56,190.32,190.32,3.46,658.7176
1788488700000,2026-09-04T02:25:00Z,190.32,190.46,190.32,190.43,24.56,4676.7457
1788489000000,2026-09-04T02:30:00Z,190.43,190.66,190.43,190.53,20.33,3873.7745
1788489300000,2026-09-04T02:35:00Z,190.53,190.72,190.37,190.7,17.79,3391.2293
1788489600000,2026-09-04T02:40:00Z,190.7,190.74,190.58,190.58,16.01,3052.6681
1788489900000,2026-09-04T02:45:00Z,190.58,190.58,190.51,190.55,15.81,3012.5928
1788490200000,2026-09-04T02:50:00Z,190.55,190.94,190.55,190.92,49.74,9491.4309
1788490500000,2026-09-04T02:55:00Z,190.92,191.13,190.86,191.13,37.28,7120.7006
1788490800000,2026-09-04T03:00:00Z,191.13,191.54,191.13,191.38,94.17,18016.3976
1788491100000,2026-09-04T03:05:00Z,191.38,191.68,191.38,191.5,30.48,5840.0027
1788491400000,2026-09-04T03:10:00Z,191.5,191.51,191.33,191.51,2.44,467.0435
1788491700000,2026-09-04T03:15:00Z,191.51,191.54,191.41,191.41,1.22,233.6017
1788492000000,2026-09-04T03:20:00Z,191.41,191.43,191.33,191.39,4.48,857.5003
1788492300000,2026-09-04T03:25:00Z,191.39,191.39,191.16,191.26,12.12,2317.8177
1788492600000,2026-09-04T03:30:00Z,191.26,191.29,191.13,191.13,4.42,845.2721
1788492900000,2026-09-04T03:35:00Z,191.13,191.3,191.13,191.23,1.63,311.757
1788493200000,2026-09-04T03:40:00Z,191.23,191.23,191.19,191.23,0.76,145.3107
1788493500000,2026-09-04T03:45:00Z,191.23,191.23,191.11,191.19,1.56,298.1784
1788493800000,2026-09-04T03:50:00Z,191.19,191.31,191.19,191.25,7.99,1528.0908
1788494100000,2026-09-04T03:55:00Z,191.25,191.25,191.13,191.24,15.3,2925.1429
1788494400000,2026-09-04T04:00:00Z,191.24,191.24,190.94,190.94,4.18,798.2076
1788494700000,2026-09-04T04:05:00Z,190.94,190.97,190.94,190.94,7.9,1508.4377
1788495000000,2026-09-04T04:10:00Z,190.94,191.34,190.94,191.34,6.37,1217.9845
1788495300000,2026-09-04T04:15:00Z,191.34,191.67,191.34,191.62,4.17,799.0169
1788495600000,2026-09-04T04:20:00Z,191.62,192.09,191.62,192.09,2.84,545.0908
1788495900000,2026-09-04T04:25:00Z,192.09,192.35,192.06,192.35,4.54,872.4413
1788496200000,2026-09-04T04:30:00Z,192.35,192.37,192.27,192.27,2.09,402.0091
1788496500000,2026-09-04T04:35:00Z,192.27,192.29,192.04,192.04,126.08,24239.9012
1788496800000,2026-09-04T04:40:00Z,192.04,192.05,191.93,191.93,1.21,232.3523
1788497100000,2026-09-04T04:45:00Z,191.93,191.99,191.84,191.99,26.91,5165.0295
1788497400000,2026-09-04T04:50:00Z,191.99,191.99,191.71,191.82,1.63,312.587
1788497700000,2026-09-04T04:55:00Z,191.82,192.04,191.81,191.81,12.58,2415.1815
1788498000000,2026-09-04T05:00:00Z,191.81,191.82,191.56,191.64,13.77,2639.5662
1788498300000,2026-09-04T05:05:00Z,191.64,192.02,191.64,191.96,5.48,1051.4717
1788498600000,2026-09-04T05:10:00Z,191.96,191.96,191.72,191.72,14.29,2741.7089
1788498900000,2026-09-04T05:15:00Z,191.72,192.04,191.63,192.04,23.39,4484.4839
1788499200000,2026-09-04T05:20:00Z,192.04,192.04,191.63,191.63,24.07,4613.8558
1788499500000,2026-09-04T05:25:00Z,191.63,191.99,191.63,191.65,62.99,12087.4551
1788499800000,2026-09-04T05:30:00Z,191.65,191.65,191.26,191.45,50.02,9574.0435
1788500100000,2026-09-04T05:35:00Z,191.45,191.46,191.33,191.34,30.23,5785.7546
1788500400000,2026-09-04T05:40:00Z,191.34,191.36,191.33,191.33,1.33,254.4836
1788500700000,2026-09-04T05:45:00Z,191.33,191.58,190.95,190.95,102.55,19611.6395
1788501000000,2026-09-04T05:50:00Z,190.95,190.95,190.7,190.7,16.23,3096.0727
1788501300000,2026-09-04T05:55:00Z,190.7,191.29,190.7,191.29,7.15,1367.4377
1788501600000,2026-09-04T06:00:00Z,191.29,191.29,190.95,190.98,19.09,3649.4276
1788501900000,2026-09-04T06:05:00Z,190.98,191.39,190.91,191.39,1.3,248.7212
1788502200000,2026-09-04T06:10:00Z,191.39,191.67,191.39,191.41,7.82,1497.8948
1788502500000,2026-09-04T06:15:00Z,191.41,191.49,191.07,191.11,19.06,3643.2651
1788502800000,2026-09-04T06:20:00Z,191.11,191.17,190.74,190.74,15.84,3024.2233
1788503100000,2026-09-04T06:25:00Z,190.74,190.86,190.43,190.43,13.28,2531.3575
1788503400000,2026-09-04T06:30:00Z,190.43,190.43,190.32,190.39,62.94,11981.9174
1788503700000,2026-09-04T06:35:00Z,190.39,190.49,190.08,190.08,41.39,7874.246
1788504000000,2026-09-04T06:40:00Z,190.08,190.65,190.08,190.65,160.53,30541.4942
1788504300000,2026-09-04T06:45:00Z,190.65,190.66,190.61,190.61,2.03,386.9928
1788504600000,2026-09-04T06:50:00Z,190.61,190.62,190.56,190.57,4.91,935.7914
1788504900000,2026-09-04T06:55:00Z,190.57,190.63,190.54,190.63,5.69,1084.3283
1788505200000,2026-09-04T07:00:00Z,190.63,190.85,190.63,190.85,11.05,2107.9997
1788505500000,2026-09-04T07:05:00Z,190.85,191.12,190.76,191.12,10.8,2063.1888
1788505800000,2026-09-04T07:10:00Z,191.12,191.21,191.02,191.14,14.1,2694.1657
1788506100000,2026-09-04T07:15:00Z,191.14,191.14,190.73,190.84,43.28,8260.5865
1788506400000,2026-09-04T07:20:00Z,190.84,190.89,190.64,190.66,7.21,1374.811
1788506700000,2026-09-04T07:25:00Z,190.66,190.79,190.66,190.79,0.43,82.0393
1788507000000,2026-09-04T07:30:00Z,190.79,190.92,190.79,190.81,23.9,4561.0777
1788507300000,2026-09-04T07:35:00Z,190.81,190.81,190.57,190.57,3.22,613.904
1788507600000,2026-09-04T07:40:00Z,190.57,190.68,190.57,190.67,10.9,2078.1199
1788507900000,2026-09-04T07:45:00Z,190.67,190.67,190.61,190.62,9.99,1904.3328
1788508200000,2026-09-04T07:50:00Z,190.62,190.63,190.51,190.6,9.31,1774.1706
1788508500000,2026-09-04T07:55:00Z,190.6,190.6,190.33,190.33,6.8,1294.8347
1788508800000,2026-09-04T08:00:00Z,190.33,190.97,189.65,189.82,260.1,49512.1349
1788509100000,2026-09-04T08:05:00Z,189.82,190.24,189.46,190.07,96.29,18297.1597
1788509400000,2026-09-04T08:10:00Z,190.07,190.23,189.71,190.23,91.54,17397.8512
1788509700000,2026-09-04T08:15:00Z,190.23,190.82,190.04,190.82,103.43,19690.4715
1788510000000,2026-09-04T08:20:00Z,190.82,191.04,190.66,190.97,33.14,6326.2655
1788510300000,2026-09-04T08:25:00Z,190.97,191.16,190.76,191.15,15.8,3017.8466
1788510600000,2026-09-04T08:30:00Z,191.15,191.41,191.07,191.37,121.21,23181.8252
1788510900000,2026-09-04T08:35:00Z,191.37,191.66,191.03,191.03,224.51,42972.6722
1788511200000,2026-09-04T08:40:00Z,191.03,191.04,190.58,190.74,74.85,14284.294
1788511500000,2026-09-04T08:45:00Z,190.74,191.34,190.63,191.09,246.35,47058.6139
1788511800000,2026-09-04T08:50:00Z,191.09,191.73,191.05,191.65,161.4,30857.7004
1788512100000,2026-09-04T08:55:00Z,191.65,191.65,191.18,191.33,38.51,7370.4162
1788512400000,2026-09-04T09:00:00Z,191.33,191.45,191.09,191.37,50.28,9620.1227
1788512700000,2026-09-04T09:05:00Z,191.37,191.5,191.19,191.31,73.48,14058.8773
1788513000000,2026-09-04T09:10:00Z,191.31,191.38,191.09,191.12,114.92,21983.2241
1788513300000,2026-09-04T09:15:00Z,191.12,191.76,191.09,191.59,73.84,14139.0629
1788513600000,2026-09-04T09:20:00Z,191.59,191.59,190.36,190.37,158.5,30202.8286
1788513900000,2026-09-04T09:25:00Z,190.37,190.68,190.36,190.55,67.48,12854.206
1788514200000,2026-09-04T09:30:00Z,190.55,190.94,190.47,190.65,66.72,12720.4466
1788514500000,2026-09-04T09:35:00Z,190.65,191.06,190.56,190.88,58.29,11127.1715
1788514800000,2026-09-04T09:40:00Z,190.88,191.04,190.8,190.87,5.73,1093.7291
1788515100000,2026-09-04T09:45:00Z,190.87,191.06,190.78,190.82,35.66,6806.8555
1788515400000,2026-09-04T09:50:00Z,190.82,191.04,190.75,191.01,19.03,3633.7843
1788515700000,2026-09-04T09:55:00Z,191.01,191.23,190.99,190.99,65.61,12539.9611
1788516000000,2026-09-04T10:00:00Z,190.99,191.39,190.81,191.39,66.93,12788.376
1788516300000,2026-09-04T10:05:00Z,191.39,191.39,190.78,190.93,92.74,17716.9309
1788516600000,2026-09-04T10:10:00Z,190.93,191.06,190.74,190.83,58.91,11247.077
1788516900000,2026-09-04T10:15:00Z,190.83,190.87,190.31,190.36,45.64,8696.5189
1788517200000,2026-09-04T10:20:00Z,190.36,190.47,189.97,190.02,63.65,12107.7851
1788517500000,2026-09-04T10:25:00Z,190.02,190.5,190.02,190.49,21.29,4050.3803
1788517800000,2026-09-04T10:30:00Z,190.49,190.67,190.37,190.52,63.55,12106.3541
1788518100000,2026-09-04T10:35:00Z,190.52,191.04,190.44,191.04,70.56,13454.3507
1788518400000,2026-09-04T10:40:00Z,191.04,191.06,190.94,191.06,23.38,4465.6976
1788518700000,2026-09-04T10:45:00Z,191.06,191.23,191.03,191.15,27.43,5243.2241
1788519000000,2026-09-04T10:50:00Z,191.15,191.15,190.85,191.05,25.4,4850.2203
1788519300000,2026-09-04T10:55:00Z,191.05,191.4,191.05,191.24,100.63,19250.034
1788519600000,2026-09-04T11:00:00Z,191.24,191.26,190.43,190.56,203.67,38879.4974
1788519900000,2026-09-04T11:05:00Z,190.56,190.83,190.54,190.57,35.44,6759.2449
1788520200000,2026-09-04T11:10:00Z,190.57,190.94,190.57,190.89,21.39,4079.6117
1788520500000,2026-09-04T11:15:00Z,190.89,191.06,190.77,190.77,35.48,6774.5973
1788520800000,2026-09-04T11:20:00Z,190.77,191.11,190.77,190.98,79.87,15254.5445
1788521100000,2026-09-04T11:25:00Z,190.98,191.19,190.88,191.08,41.61,7948.0097
1788521400000,2026-09-04T11:30:00Z,191.08,191.08,190.55,190.55,60.35,11512.8436
1788521700000,2026-09-04T11:35:00Z,190.55,190.69,190.45,190.6,37.06,7062.8427
1788522000000,2026-09-04T11:40:00Z,190.6,190.6,189.85,190.07,90.87,17273.6577
1788522300000,2026-09-04T11:45:00Z,190.07,190.2,190,190.13,21.63,4112.3907
1788522600000,2026-09-04T11:50:00Z,190.13,190.29,190.06,190.06,14.87,2827.9393
1788522900000,2026-09-04T11:55:00Z,190.06,190.23,190.06,190.09,9.5,1806.3311
1788523200000,2026-09-04T12:00:00Z,190.09,190.44,189.62,189.68,82.93,15752.8006
1788523500000,2026-09-04T12:05:00Z,189.68,190.11,189.59,190.11,136.71,25938.9957
1788523800000,2026-09-04T12:10:00Z,190.11,190.11,189.66,189.96,46.22,8775.0442
1788524100000,2026-09-04T12:15:00Z,189.96,190.11,189.83,190.08,89.68,17035.8095
1788524400000,2026-09-04T12:20:00Z,190.08,190.47,190.03,190.47,39.05,7426.3171
1788524700000,2026-09-04T12:25:00Z,190.47,190.85,190.43,190.83,102.76,19586.456
1788525000000,2026-09-04T12:30:00Z,190.83,190.93,185.47,185.57,1471.5,275629.8948
1788525300000,2026-09-04T12:35:00Z,185.57,186.05,184.81,186.05,700.07,129731.6156
1788525600000,2026-09-04T12:40:00Z,186.05,186.73,185.56,185.6,241.7,45011.237
1788525900000,2026-09-04T12:45:00Z,185.6,185.6,184.14,184.83,248.61,45945.6996
1788526200000,2026-09-04T12:50:00Z,184.83,185.78,184.77,185.49,180.96,33524.9062
1788526500000,2026-09-04T12:55:00Z,185.49,185.94,184.89,185.65,151.51,28078.2173
1788526800000,2026-09-04T13:00:00Z,185.65,185.66,185.04,185.19,526.06,97500.2601
1788527100000,2026-09-04T13:05:00Z,185.19,185.38,184.62,184.76,240.19,44433.5015
1788527400000,2026-09-04T13:10:00Z,184.76,185.34,184.63,185.19,165.91,30696.9905
1788527700000,2026-09-04T13:15:00Z,185.19,185.8,185.05,185.1,229.75,42603.9303
1788528000000,2026-09-04T13:20:00Z,185.1,185.35,184.96,185.08,92.8,17182.2256
1788528300000,2026-09-04T13:25:00Z,185.08,185.44,183.74,185.19,535.33,98803.1699
1788528600000,2026-09-04T13:30:00Z,185.19,188.98,184.54,184.81,1290.34,241647.9852
1788528900000,2026-09-04T13:35:00Z,184.81,186.37,184.1,185.26,405.47,75036.4439
1788529200000,2026-09-04T13:40:00Z,185.26,186.11,184.27,184.94,484.62,89590.0582
1788529500000,2026-09-04T13:45:00Z,184.94,186.51,184.61,186.45,388.69,72131.334
1788529800000,2026-09-04T13:50:00Z,186.45,186.45,184.82,185.17,676.02,125428.9101
1788530100000,2026-09-04T13:55:00Z,185.17,185.94,185.07,185.65,348.22,64562.3889
1788530400000,2026-09-04T14:00:00Z,185.65,186.55,185.33,186.06,593.4,110365.4235
1788530700000,2026-09-04T14:05:00Z,186.06,186.44,184.98,185.14,349.1,64795.2781
1788531000000,2026-09-04T14:10:00Z,185.14,185.56,184.8,184.8,300,55547.253
1788531300000,2026-09-04T14:15:00Z,184.8,184.98,183.78,183.78,139.77,25808.1
1788531600000,2026-09-04T14:20:00Z,183.78,185.17,183.66,185.17,37.72,6957.0239
1788531900000,2026-09-04T14:25:00Z,185.17,185.2,184.63,184.89,25,4624.1081
1788532200000,2026-09-04T14:30:00Z,184.89,185.18,184.67,185.18,159.25,29439.334
1788532500000,2026-09-04T14:35:00Z,185.18,185.49,185,185.22,116.28,21544.1383
1788532800000,2026-09-04T14:40:00Z,185.22,185.22,183.35,183.61,173.16,31838.1987
1788533100000,2026-09-04T14:45:00Z,183.61,184.01,183.23,183.27,107.4,19718.0131
1788533400000,2026-09-04T14:50:00Z,183.27,183.77,183.1,183.58,167.33,30716.8757
1788533700000,2026-09-04T14:55:00Z,183.58,183.91,183.58,183.71,49.37,9074.4081
1788534000000,2026-09-04T15:00:00Z,183.71,184.22,183.56,184.19,152.82,28108.6331
1788534300000,2026-09-04T15:05:00Z,184.19,184.88,184.18,184.85,111.78,20625.6886
1788534600000,2026-09-04T15:10:00Z,184.85,184.85,183.97,184.37,144.72,26664.8579
1788534900000,2026-09-04T15:15:00Z,184.37,184.5,184.12,184.41,100.95,18607.9908
1788535200000,2026-09-04T15:20:00Z,184.41,185.03,184.41,185.03,134.39,24829.4988
1788535500000,2026-09-04T15:25:00Z,185.03,185.42,184.99,185.39,40.4,7483.0642
1788535800000,2026-09-04T15:30:00Z,185.39,185.77,184.92,185.38,95.84,17778.6944
1788536100000,2026-09-04T15:35:00Z,185.38,186.18,185.36,186.18,23.65,4392.3879
1788536400000,2026-09-04T15:40:00Z,186.18,186.97,186.18,186.85,113.25,21137.9848
1788536700000,2026-09-04T15:45:00Z,186.85,187.18,186.3,186.3,43.89,8196.4389
1788537000000,2026-09-04T15:50:00Z,186.3,186.73,186.2,186.42,31.07,5791.7656
1788537300000,2026-09-04T15:55:00Z,186.42,186.8,185.68,185.68,181.66,33841.6168
1788537600000,2026-09-04T16:00:00Z,185.68,185.89,185.26,185.73,24.76,4596.3331
1788537900000,2026-09-04T16:05:00Z,185.73,185.98,185.52,185.52,4.75,881.8663
1788538200000,2026-09-04T16:10:00Z,185.52,185.94,185.52,185.61,11.38,2113.1881
1788538500000,2026-09-04T16:15:00Z,185.61,185.78,185.34,185.57,9.99,1853.7973
1788538800000,2026-09-04T16:20:00Z,185.57,186,185.57,185.73,4.92,914.1504
1788539100000,2026-09-04T16:25:00Z,185.73,185.73,185.23,185.33,21.18,3929.7027
1788539400000,2026-09-04T16:30:00Z,185.33,185.89,185.33,185.78,12.04,2235.6149
1788539700000,2026-09-04T16:35:00Z,185.78,186.02,185.72,186.02,99.53,18498.221
1788540000000,2026-09-04T16:40:00Z,186.02,186.45,186.02,186.35,280.51,52261.6192
1788540300000,2026-09-04T16:45:00Z,186.35,186.35,185.91,186.14,30.07,5600.2493
1788540600000,2026-09-04T16:50:00Z,186.14,186.36,185.95,185.95,5.6,1042.7818
1788540900000,2026-09-04T16:55:00Z,185.95,186.2,185.95,186.18,2.64,491.2217
1788541200000,2026-09-04T17:00:00Z,186.18,186.18,185.36,185.36,47.61,8838.0243
1788541500000,2026-09-04T17:05:00Z,185.36,185.45,185.05,185.05,12.83,2377.3804
1788541800000,2026-09-04T17:10:00Z,185.05,185.15,184.84,184.84,44.83,8294.0665
1788542100000,2026-09-04T17:15:00Z,184.84,184.9,184.66,184.79,203.48,37601
1788542400000,2026-09-04T17:20:00Z,184.79,184.91,184.63,184.85,1.26,232.7837
1788542700000,2026-09-04T17:25:00Z,184.85,185.05,184.66,184.82,9.08,1677.4315
1788543000000,2026-09-04T17:30:00Z,184.82,184.96,184.82,184.93,0.44,81.3688
1788543300000,2026-09-04T17:35:00Z,184.93,185.01,184.69,184.9,0.67,123.8309
1788543600000,2026-09-04T17:40:00Z,184.9,184.9,184.71,184.9,2.19,404.7763
1788543900000,2026-09-04T17:45:00Z,184.9,184.9,184.53,184.78,33.34,6157.6539
1788544200000,2026-09-04T17:50:00Z,184.78,184.78,184.33,184.33,3.48,642.0928
1788544500000,2026-09-04T17:55:00Z,184.33,184.35,184.16,184.16,47.97,8839.9922
1788544800000,2026-09-04T18:00:00Z,184.16,184.5,184.16,184.44,32.92,6070.3524
1788545100000,2026-09-04T18:05:00Z,184.44,184.66,184.44,184.59,47.03,8678.9504
1788545400000,2026-09-04T18:10:00Z,184.59,184.63,184.31,184.49,41.89,7727.6387
1788545700000,2026-09-04T18:15:00Z,184.49,184.8,184.48,184.8,29.55,5457.3444
1788546000000,2026-09-04T18:20:00Z,184.8,184.8,184.63,184.63,20.97,3872.913
1788546300000,2026-09-04T18:25:00Z,184.63,184.63,184.5,184.56,28.28,5219.4117
1788546600000,2026-09-04T18:30:00Z,184.56,184.78,184.56,184.68,21.88,4042.4299
1788546900000,2026-09-04T18:35:00Z,184.68,184.68,184.58,184.58,10.4,1919.7945
1788547200000,2026-09-04T18:40:00Z,184.58,184.65,184.42,184.48,22.08,4074.2752
1788547500000,2026-09-04T18:45:00Z,184.48,184.48,184.25,184.25,13.37,2465.6715
1788547800000,2026-09-04T18:50:00Z,184.25,184.25,184.19,184.22,5.13,944.8967
1788548100000,2026-09-04T18:55:00Z,184.22,184.8,184.17,184.73,26.19,4831.7031
1788548400000,2026-09-04T19:00:00Z,184.73,185.58,184.73,185.58,56.36,10435.3174
1788548700000,2026-09-04T19:05:00Z,185.58,185.84,185.41,185.41,60.58,11249.3704
1788549000000,2026-09-04T19:10:00Z,185.41,185.41,184.82,184.94,65.68,12156.6369
1788549300000,2026-09-04T19:15:00Z,184.94,185.23,184.8,185.23,12.62,2333.8544
1788549600000,2026-09-04T19:20:00Z,185.23,185.44,185.08,185.17,40.26,7456.3898
1788549900000,2026-09-04T19:25:00Z,185.17,185.36,185.11,185.22,27.19,5036.4016
1788550200000,2026-09-04T19:30:00Z,185.22,185.22,184.45,184.72,116.84,21579.6821
1788550500000,2026-09-04T19:35:00Z,184.72,184.72,183.87,183.95,374.47,68942.6724
1788550800000,2026-09-04T19:40:00Z,183.95,184.08,183.95,184,8.85,1628.6896
1788551100000,2026-09-04T19:45:00Z,184,184.12,183.82,183.9,57.32,10544.6847
1788551400000,2026-09-04T19:50:00Z,183.9,184.13,183.66,184.09,266.97,49120.3042
1788551700000,2026-09-04T19:55:00Z,184.09,184.78,183.82,184.74,309.97,57133.9122
1788552000000,2026-09-04T20:00:00Z,184.74,185.07,184.54,184.71,87.79,16220.5404
1788552300000,2026-09-04T20:05:00Z,184.71,184.81,184.56,184.78,64.96,11994.0814
1788552600000,2026-09-04T20:10:00Z,184.78,184.92,184.7,184.73,29.54,5459.9902
1788552900000,2026-09-04T20:15:00Z,184.73,184.9,184.73,184.86,7.85,1451.1874
1788553200000,2026-09-04T20:20:00Z,184.86,184.86,184.73,184.73,4.75,877.7343
1788553500000,2026-09-04T20:25:00Z,184.73,184.78,184.73,184.78,2.71,500.7513
1788553800000,2026-09-04T20:30:00Z,184.78,184.78,184.75,184.76,0.57,105.31
1788554100000,2026-09-04T20:35:00Z,184.76,184.78,184.75,184.75,1.66,306.7273
1788554400000,2026-09-04T20:40:00Z,184.75,184.79,184.71,184.79,7.02,1296.9731
1788554700000,2026-09-04T20:45:00Z,184.79,184.79,184.69,184.69,5.06,934.7068
1788555000000,2026-09-04T20:50:00Z,184.69,184.86,184.69,184.86,17.17,3171.6986
1788555300000,2026-09-04T20:55:00Z,184.86,184.95,184.81,184.81,21.97,4062.1924
1788555600000,2026-09-04T21:00:00Z,184.81,185.03,184.5,184.96,394.23,72806.4475
1788555900000,2026-09-04T21:05:00Z,184.96,185.01,184.95,184.96,5.02,928.62
1788556200000,2026-09-04T21:10:00Z,184.96,185.07,184.96,185,13.37,2474.1062
1788556500000,2026-09-04T21:15:00Z,185,185,184.89,184.89,8.15,1506.8574
1788556800000,2026-09-04T21:20:00Z,184.89,184.89,184.88,184.89,8.38,1549.2994
1788557100000,2026-09-04T21:25:00Z,184.89,184.9,184.71,184.71,17.25,3188.2505
1788557400000,2026-09-04T21:30:00Z,184.71,184.71,184.61,184.68,21.11,3898.3544
1788557700000,2026-09-04T21:35:00Z,184.68,184.71,184.68,184.71,2.45,452.5272
1788558000000,2026-09-04T21:40:00Z,184.71,184.84,184.62,184.84,19.26,3557.5937
1788558300000,2026-09-04T21:45:00Z,184.84,184.84,184.84,184.84,0,0
1788558600000,2026-09-04T21:50:00Z,184.84,184.84,184.76,184.76,0.21,38.7996
1788558900000,2026-09-04T21:55:00Z,184.76,184.76,184.61,184.75,22.83,4217.1697
1788559200000,2026-09-04T22:00:00Z,184.75,184.75,184.61,184.61,3.7,683.365
1788559500000,2026-09-04T22:05:00Z,184.61,184.61,184.61,184.61,0,0
1788559800000,2026-09-04T22:10:00Z,184.61,184.68,184.61,184.65,2.29,422.91
1788560100000,2026-09-04T22:15:00Z,184.65,184.81,184.65,184.8,3.03,559.9269
1788560400000,2026-09-04T22:20:00Z,184.8,184.8,184.67,184.74,4.33,799.7696
1788560700000,2026-09-04T22:25:00Z,184.74,184.74,184.74,184.74,0,0
1788561000000,2026-09-04T22:30:00Z,184.74,184.8,184.65,184.65,3.86,713.2031
1788561300000,2026-09-04T22:35:00Z,184.65,184.65,184.65,184.65,0,0
1788561600000,2026-09-04T22:40:00Z,184.65,184.8,184.65,184.74,13.13,2425.5748
1788561900000,2026-09-04T22:45:00Z,184.74,184.79,184.7,184.79,5.32,982.7654
1788562200000,2026-09-04T22:50:00Z,184.79,184.79,184.79,184.79,0,0
1788562500000,2026-09-04T22:55:00Z,184.79,184.79,184.69,184.72,5.46,1008.5294
1788562800000,2026-09-04T23:00:00Z,184.72,184.72,184.67,184.67,0.05,9.2335
1788563100000,2026-09-04T23:05:00Z,184.67,184.76,184.67,184.76,2.7,498.8495
1788563400000,2026-09-04T23:10:00Z,184.76,184.76,184.59,184.63,18.9,3489.0844
1788563700000,2026-09-04T23:15:00Z,184.63,184.7,184.63,184.7,0.72,132.984
1788564000000,2026-09-04T23:20:00Z,184.7,184.7,184.7,184.7,0,0
1788564300000,2026-09-04T23:25:00Z,184.7,184.75,184.7,184.7,1.12,206.877
1788564600000,2026-09-04T23:30:00Z,184.7,184.75,184.7,184.75,2.13,393.4799
1788564900000,2026-09-04T23:35:00Z,184.75,184.83,184.75,184.83,4.81,888.9101
1788565200000,2026-09-04T23:40:00Z,184.83,185.21,184.83,185.17,36.74,6799.2121
1788565500000,2026-09-04T23:45:00Z,185.17,185.17,184.99,185.02,30.66,5672.8521
1788565800000,2026-09-04T23:50:00Z,185.02,185.02,184.91,184.93,1.06,196.0482
1788566100000,2026-09-04T23:55:00Z,184.93,184.99,184.89,184.89,6.42,1187.3092
1788566400000,2026-09-05T00:00:00Z,184.89,185.01,184.63,185.01,3.33,615.3834
1788566700000,2026-09-05T00:05:00Z,185.01,185.01,185.01,185.01,0,0
1788567000000,2026-09-05T00:10:00Z,185.01,185.11,185.01,185.11,1.97,364.6531
1788567300000,2026-09-05T00:15:00Z,185.11,185.11,184.76,184.77,5.49,1014.3332
1788567600000,2026-09-05T00:20:00Z,184.77,184.77,184.77,184.77,0,0
1788567900000,2026-09-05T00:25:00Z,184.77,184.91,184.77,184.91,0.09,16.6419
1788568200000,2026-09-05T00:30:00Z,184.91,184.93,184.87,184.87,8.9,1645.4261
1788568500000,2026-09-05T00:35:00Z,184.87,184.87,184.86,184.86,11.87,2194.3526
1788568800000,2026-09-05T00:40:00Z,184.86,185.02,184.86,184.94,1.38,255.2748
1788569100000,2026-09-05T00:45:00Z,184.94,184.94,184.86,184.89,4.66,861.5615
1788569400000,2026-09-05T00:50:00Z,184.89,185.02,184.89,185.02,0.24,44.4048
1788569700000,2026-09-05T00:55:00Z,185.02,185.02,184.98,184.98,0.25,46.245
1788570000000,2026-09-05T01:00:00Z,184.98,184.98,184.83,184.95,4.91,908.0003
1788570300000,2026-09-05T01:05:00Z,184.95,184.95,184.95,184.95,0,0
1788570600000,2026-09-05T01:10:00Z,184.95,185.04,184.95,184.97,1.03,190.5737
1788570900000,2026-09-05T01:15:00Z,184.97,185.11,184.97,185.11,6.78,1254.5747
1788571200000,2026-09-05T01:20:00Z,185.11,185.11,185.11,185.11,0,0
1788571500000,2026-09-05T01:25:00Z,185.11,185.2,185.06,185.2,5.89,1090.2853
1788571800000,2026-09-05T01:30:00Z,185.2,185.29,185.2,185.29,0.01,1.8529
1788572100000,2026-09-05T01:35:00Z,185.29,185.29,185.14,185.14,0.17,31.4738
1788572400000,2026-09-05T01:40:00Z,185.14,185.14,185.12,185.12,1.33,246.2096
1788572700000,2026-09-05T01:45:00Z,185.12,185.12,184.97,184.97,10.41,1926.1358
1788573000000,2026-09-05T01:50:00Z,184.97,185.06,184.97,185.06,0.08,14.8048
1788573300000,2026-09-05T01:55:00Z,185.06,185.06,185.06,185.06,0,0
1788573600000,2026-09-05T02:00:00Z,185.06,185.06,184.67,184.67,11.64,2150.5904
1788573900000,2026-09-05T02:05:00Z,184.67,184.67,184.67,184.67,0,0
1788574200000,2026-09-05T02:10:00Z,184.67,184.88,184.67,184.88,18.2,3364.81
1788574500000,2026-09-05T02:15:00Z,184.88,184.88,184.88,184.88,0,0
1788574800000,2026-09-05T02:20:00Z,184.88,184.88,184.79,184.8,0.97,179.2512
1788575100000,2026-09-05T02:25:00Z,184.8,184.8,184.63,184.63,0.59,108.9667
1788575400000,2026-09-05T02:30:00Z,184.63,184.73,184.63,184.73,3.39,626.1719
1788575700000,2026-09-05T02:35:00Z,184.73,184.77,184.73,184.76,0.18,33.2556
1788576000000,2026-09-05T02:40:00Z,184.76,184.76,184.76,184.76,0,0
1788576300000,2026-09-05T02:45:00Z,184.76,184.76,184.72,184.72,13.62,2515.9588
1788576600000,2026-09-05T02:50:00Z,184.72,184.72,184.72,184.72,0,0
1788576900000,2026-09-05T02:55:00Z,184.72,184.73,184.72,184.73,0.12,22.1676
1788577200000,2026-09-05T03:00:00Z,184.73,184.79,184.73,184.79,0.24,44.3496
1788577500000,2026-09-05T03:05:00Z,184.79,184.79,184.76,184.76,0.11,20.3236
1788577800000,2026-09-05T03:10:00Z,184.76,184.76,184.71,184.74,1.84,339.9083
1788578100000,2026-09-05T03:15:00Z,184.74,184.86,184.73,184.83,24.33,4495.5557
1788578400000,2026-09-05T03:20:00Z,184.83,184.84,184.69,184.69,29.7,5486.0756
1788578700000,2026-09-05T03:25:00Z,184.69,184.81,184.69,184.81,0.12,22.1772
1788579000000,2026-09-05T03:30:00Z,184.81,184.81,184.77,184.77,1.42,262.3956
1788579300000,2026-09-05T03:35:00Z,184.77,184.77,184.77,184.77,0,0
1788579600000,2026-09-05T03:40:00Z,184.77,184.8,184.77,184.8,0.04,7.3917
1788579900000,2026-09-05T03:45:00Z,184.8,184.82,184.8,184.82,0.25,46.205
1788580200000,2026-09-05T03:50:00Z,184.82,184.86,184.68,184.68,9.56,1766.7682
1788580500000,2026-09-05T03:55:00Z,184.68,184.68,184.61,184.61,0.83,153.2403
1788580800000,2026-09-05T04:00:00Z,184.61,184.64,184.59,184.64,6.18,1140.9634
1788581100000,2026-09-05T04:05:00Z,184.64,184.66,184.62,184.66,2.48,457.9072
1788581400000,2026-09-05T04:10:00Z,184.66,184.66,184.51,184.51,4.63,854.5487
1788581700000,2026-09-05T04:15:00Z,184.51,184.64,184.51,184.64,13.86,2558.7087
1788582000000,2026-09-05T04:20:00Z,184.64,184.73,184.64,184.73,67.73,12507.8411
1788582300000,2026-09-05T04:25:00Z,184.73,184.73,184.73,184.73,0,0
1788582600000,2026-09-05T04:30:00Z,184.73,184.73,184.66,184.67,38,7017.3802
1788582900000,2026-09-05T04:35:00Z,184.67,184.71,184.67,184.71,19.73,3643.9826
1788583200000,2026-09-05T04:40:00Z,184.71,184.71,184.7,184.7,5.3,978.91
1788583500000,2026-09-05T04:45:00Z,184.7,184.7,184.4,184.47,8.45,1558.9999
1788583800000,2026-09-05T04:50:00Z,184.47,184.47,184.47,184.47,0,0
1788584100000,2026-09-05T04:55:00Z,184.47,184.53,184.42,184.42,9.58,1767.2372
1788584400000,2026-09-05T05:00:00Z,184.42,184.42,184.38,184.38,2.13,392.7294
1788584700000,2026-09-05T05:05:00Z,184.38,184.51,184.38,184.51,7.16,1320.8533
1788585000000,2026-09-05T05:10:00Z,184.51,184.6,184.51,184.59,0.97,179.0548
1788585300000,2026-09-05T05:15:00Z,184.59,184.59,184.53,184.53,1.53,282.3487
1788585600000,2026-09-05T05:20:00Z,184.53,184.53,184.53,184.53,0,0
1788585900000,2026-09-05T05:25:00Z,184.53,184.53,184.51,184.51,0.13,23.9863
1788586200000,2026-09-05T05:30:00Z,184.51,184.53,184.51,184.51,0.95,175.2895
1788586500000,2026-09-05T05:35:00Z,184.51,184.51,184.51,184.51,0,0
1788586800000,2026-09-05T05:40:00Z,184.51,184.51,184.44,184.44,3.8,700.9503
1788587100000,2026-09-05T05:45:00Z,184.44,184.44,184.44,184.44,0,0
1788587400000,2026-09-05T05:50:00Z,184.44,184.53,184.44,184.53,0.78,143.9334
1788587700000,2026-09-05T05:55:00Z,184.53,184.71,184.53,184.71,8.17,1508.9487
1788588000000,2026-09-05T06:00:00Z,184.71,184.71,184.58,184.58,0.9,166.122
1788588300000,2026-09-05T06:05:00Z,184.58,184.59,184.52,184.54,29.87,5513.3023
1788588600000,2026-09-05T06:10:00Z,184.54,184.67,184.54,184.55,23.28,4297.9787
1788588900000,2026-09-05T06:15:00Z,184.55,184.55,184.53,184.53,1.54,284.1787
1788589200000,2026-09-05T06:20:00Z,184.53,184.68,184.53,184.68,3.26,602.026
1788589500000,2026-09-05T06:25:00Z,184.68,184.68,184.68,184.68,0,0
1788589800000,2026-09-05T06:30:00Z,184.68,184.68,184.68,184.68,0,0
1788590100000,2026-09-05T06:35:00Z,184.68,184.68,184.68,184.68,0,0
1788590400000,2026-09-05T06:40:00Z,184.68,184.68,184.68,184.68,0,0
1788590700000,2026-09-05T06:45:00Z,184.68,184.79,184.68,184.79,0.1,18.479
1788591000000,2026-09-05T06:50:00Z,184.79,184.79,184.6,184.6,4.21,777.3732
1788591300000,2026-09-05T06:55:00Z,184.6,184.6,184.6,184.6,0,0
1788591600000,2026-09-05T07:00:00Z,184.6,184.79,184.6,184.76,1.65,304.8695
1788591900000,2026-09-05T07:05:00Z,184.76,184.81,184.76,184.81,0.14,25.8734
1788592200000,2026-09-05T07:10:00Z,184.81,184.81,184.75,184.75,0.11,20.3225
1788592500000,2026-09-05T07:15:00Z,184.75,184.75,184.75,184.75,0,0
1788592800000,2026-09-05T07:20:00Z,184.75,184.75,184.75,184.75,0,0
1788593100000,2026-09-05T07:25:00Z,184.75,184.83,184.75,184.83,0.14,25.8762
1788593400000,2026-09-05T07:30:00Z,184.83,184.84,184.83,184.84,0.17,31.4228
1788593700000,2026-09-05T07:35:00Z,184.84,184.89,184.84,184.89,0.16,29.5824
1788594000000,2026-09-05T07:40:00Z,184.89,184.91,184.85,184.85,3.17,586.0536
1788594300000,2026-09-05T07:45:00Z,184.85,184.87,184.82,184.82,27.98,5172.616
1788594600000,2026-09-05T07:50:00Z,184.82,184.92,184.82,184.92,3.88,717.4842
1788594900000,2026-09-05T07:55:00Z,184.92,184.92,184.79,184.79,32.68,6042.0116
1788595200000,2026-09-05T08:00:00Z,184.79,184.9,184.78,184.78,2.38,439.7805
1788595500000,2026-09-05T08:05:00Z,184.78,184.78,184.78,184.78,0,0
1788595800000,2026-09-05T08:10:00Z,184.78,184.87,184.78,184.87,3.47,641.4415
1788596100000,2026-09-05T08:15:00Z,184.87,184.98,184.87,184.91,1.78,329.2091
1788596400000,2026-09-05T08:20:00Z,184.91,184.91,184.82,184.83,1.13,208.8554
1788596700000,2026-09-05T08:25:00Z,184.83,184.83,184.65,184.7,2.67,493.095
1788597000000,2026-09-05T08:30:00Z,184.7,184.7,184.65,184.65,1.18,217.9006
1788597300000,2026-09-05T08:35:00Z,184.65,184.7,184.65,184.7,0.25,46.175
1788597600000,2026-09-05T08:40:00Z,184.7,184.7,184.7,184.7,0,0
1788597900000,2026-09-05T08:45:00Z,184.7,184.84,184.7,184.84,0.76,140.4759
1788598200000,2026-09-05T08:50:00Z,184.84,184.84,184.81,184.81,0.05,9.2405
1788598500000,2026-09-05T08:55:00Z,184.81,184.87,184.81,184.87,1.11,205.2007
1788598800000,2026-09-05T09:00:00Z,184.87,185.15,184.87,185.15,6.18,1144.1839
1788599100000,2026-09-05T09:05:00Z,185.15,185.15,185.12,185.15,66.28,12271.3339
1788599400000,2026-09-05T09:10:00Z,185.15,185.15,185.15,185.15,0,0
1788599700000,2026-09-05T09:15:00Z,185.15,185.15,185.06,185.09,0.22,40.715
1788600000000,2026-09-05T09:20:00Z,185.09,185.11,185.02,185.02,4.26,788.4883
1788600300000,2026-09-05T09:25:00Z,185.02,185.02,185.02,185.02,0,0
1788600600000,2026-09-05T09:30:00Z,185.02,185.02,185.02,185.02,0,0
1788600900000,2026-09-05T09:35:00Z,185.02,185.04,185.02,185.04,0.08,14.8032
1788601200000,2026-09-05T09:40:00Z,185.04,185.04,184.92,184.92,8.86,1638.7062
1788601500000,2026-09-05T09:45:00Z,184.92,184.92,184.92,184.92,0,0
1788601800000,2026-09-05T09:50:00Z,184.92,185.04,184.92,185.04,0.15,27.756
1788602100000,2026-09-05T09:55:00Z,185.04,185.04,185.04,185.04,0,0
1788602400000,2026-09-05T10:00:00Z,185.04,185.04,184.89,184.89,0.16,29.5824
1788602700000,2026-09-05T10:05:00Z,184.89,184.89,184.89,184.89,0,0
1788603000000,2026-09-05T10:10:00Z,184.89,184.89,184.89,184.89,0,0
1788603300000,2026-09-05T10:15:00Z,184.89,184.89,184.83,184.83,0.19,35.1177
1788603600000,2026-09-05T10:20:00Z,184.83,184.94,184.83,184.94,6.06,1120.626
1788603900000,2026-09-05T10:25:00Z,184.94,184.94,184.78,184.8,10.69,1975.4142
1788604200000,2026-09-05T10:30:00Z,184.8,184.8,184.8,184.8,0,0
1788604500000,2026-09-05T10:35:00Z,184.8,184.89,184.8,184.87,11.06,2044.7635
1788604800000,2026-09-05T10:40:00Z,184.87,184.88,184.78,184.83,1.34,247.6477
1788605100000,2026-09-05T10:45:00Z,184.83,184.94,184.83,184.94,0.22,40.6868
1788605400000,2026-09-05T10:50:00Z,184.94,184.94,184.94,184.94,0,0
1788605700000,2026-09-05T10:55:00Z,184.94,184.94,184.81,184.81,1.06,195.9134
1788606000000,2026-09-05T11:00:00Z,184.81,184.9,184.81,184.83,4.18,772.7672
1788606300000,2026-09-05T11:05:00Z,184.83,185.01,184.83,185.01,2.2,406.9745
1788606600000,2026-09-05T11:10:00Z,185.01,185.01,185.01,185.01,0,0
1788606900000,2026-09-05T11:15:00Z,185.01,185.01,184.86,185.01,1.15,212.6379
1788607200000,2026-09-05T11:20:00Z,185.01,185.01,184.97,184.97,0.03,5.5491
1788607500000,2026-09-05T11:25:00Z,184.97,184.97,184.97,184.97,0,0
1788607800000,2026-09-05T11:30:00Z,184.97,184.97,184.89,184.89,1.87,345.7462
1788608100000,2026-09-05T11:35:00Z,184.89,184.89,184.89,184.89,0,0
1788608400000,2026-09-05T11:40:00Z,184.89,184.89,184.72,184.72,4.17,770.4816
1788608700000,2026-09-05T11:45:00Z,184.72,184.85,184.72,184.85,1.91,353.038
1788609000000,2026-09-05T11:50:00Z,184.85,184.87,184.85,184.86,0.86,158.9849
1788609300000,2026-09-05T11:55:00Z,184.86,184.86,184.86,184.86,0,0
1788609600000,2026-09-05T12:00:00Z,184.86,184.86,184.75,184.75,0.01,1.8475
1788609900000,2026-09-05T12:05:00Z,184.75,184.75,184.75,184.75,0,0
1788610200000,2026-09-05T12:10:00Z,184.75,184.75,184.75,184.75,0,0
1788610500000,2026-09-05T12:15:00Z,184.75,185.07,184.75,184.93,10.96,2027.6209
1788610800000,2026-09-05T12:20:00Z,184.93,184.93,184.93,184.93,0,0
1788611100000,2026-09-05T12:25:00Z,184.93,184.93,184.93,184.93,0,0
1788611400000,2026-09-05T12:30:00Z,184.93,184.93,184.91,184.93,6.45,1192.7827
1788611700000,2026-09-05T12:35:00Z,184.93,185.18,184.93,185.18,9.84,1820.7212
1788612000000,2026-09-05T12:40:00Z,185.18,185.28,185.18,185.28,1.04,192.6912
1788612300000,2026-09-05T12:45:00Z,185.28,185.3,185.27,185.3,1.23,227.8921
1788612600000,2026-09-05T12:50:00Z,185.3,185.3,185.3,185.3,0,0
1788612900000,2026-09-05T12:55:00Z,185.3,185.3,185.23,185.23,3.71,687.2033
1788613200000,2026-09-05T13:00:00Z,185.23,185.23,185.23,185.23,0,0
1788613500000,2026-09-05T13:05:00Z,185.23,185.23,185.23,185.23,0,0
1788613800000,2026-09-05T13:10:00Z,185.23,185.23,185.08,185.09,6.95,1286.5523
1788614100000,2026-09-05T13:15:00Z,185.09,185.27,185.09,185.2,4.67,865.1631
1788614400000,2026-09-05T13:20:00Z,185.2,185.26,185.2,185.23,3.12,578.0103
1788614700000,2026-09-05T13:25:00Z,185.23,185.42,185.23,185.4,13.11,2430.623
1788615000000,2026-09-05T13:30:00Z,185.4,185.4,185.34,185.36,3.35,620.8982
1788615300000,2026-09-05T13:35:00Z,185.36,185.36,185.18,185.18,5.13,950.2614
1788615600000,2026-09-05T13:40:00Z,185.18,185.56,185.18,185.31,4.22,782.5163
1788615900000,2026-09-05T13:45:00Z,185.31,185.31,185.31,185.31,0,0
1788616200000,2026-09-05T13:50:00Z,185.31,185.31,185.1,185.11,6.51,1205.6084
1788616500000,2026-09-05T13:55:00Z,185.11,185.11,185.06,185.06,0.12,22.2072
1788616800000,2026-09-05T14:00:00Z,185.06,185.29,185.06,185.25,1.18,218.6075
1788617100000,2026-09-05T14:05:00Z,185.25,185.25,185.25,185.25,0,0
1788617400000,2026-09-05T14:10:00Z,185.25,185.25,185.2,185.2,0.18,33.336
1788617700000,2026-09-05T14:15:00Z,185.2,185.23,185.2,185.23,0.07,12.9661
1788618000000,2026-09-05T14:20:00Z,185.23,185.23,185.23,185.23,0,0
1788618300000,2026-09-05T14:25:00Z,185.23,185.43,185.23,185.43,0.48,88.9968
1788618600000,2026-09-05T14:30:00Z,185.43,185.43,185.43,185.43,0,0
1788618900000,2026-09-05T14:35:00Z,185.43,185.44,185.34,185.43,73.34,13596.7123
1788619200000,2026-09-05T14:40:00Z,185.43,185.43,185.29,185.29,1.57,290.9457
1788619500000,2026-09-05T14:45:00Z,185.29,185.29,185.29,185.29,0,0
1788619800000,2026-09-05T14:50:00Z,185.29,185.29,185.29,185.29,0,0
1788620100000,2026-09-05T14:55:00Z,185.29,185.55,185.29,185.55,1.24,230.0796
1788620400000,2026-09-05T15:00:00Z,185.55,185.55,185.55,185.55,0,0
1788620700000,2026-09-05T15:05:00Z,185.55,185.57,185.55,185.57,1.14,211.5384
1788621000000,2026-09-05T15:10:00Z,185.57,185.57,185.57,185.57,0,0
1788621300000,2026-09-05T15:15:00Z,185.57,185.57,185.42,185.42,0.2,37.084
1788621600000,2026-09-05T15:20:00Z,185.42,185.5,185.42,185.5,0.88,163.2375
1788621900000,2026-09-05T15:25:00Z,185.5,185.61,185.5,185.59,2.29,425.0179
1788622200000,2026-09-05T15:30:00Z,185.59,185.59,185.49,185.49,0.17,31.5333
1788622500000,2026-09-05T15:35:00Z,185.49,185.49,185.49,185.49,0,0
1788622800000,2026-09-05T15:40:00Z,185.49,185.55,185.49,185.53,1.57,291.2945
1788623100000,2026-09-05T15:45:00Z,185.53,185.53,185.53,185.53,0,0
1788623400000,2026-09-05T15:50:00Z,185.53,185.59,185.53,185.59,9,1670.31
1788623700000,2026-09-05T15:55:00Z,185.59,185.67,185.58,185.63,31,5754.4511
1788624000000,2026-09-05T16:00:00Z,185.63,186.08,185.63,185.86,108.72,20217.8411
1788624300000,2026-09-05T16:05:00Z,185.86,185.86,185.62,185.67,70.9,13171.6548
1788624600000,2026-09-05T16:10:00Z,185.67,185.76,185.67,185.69,11.27,2092.826
1788624900000,2026-09-05T16:15:00Z,185.69,185.79,185.69,185.76,3.16,586.9878
1788625200000,2026-09-05T16:20:00Z,185.76,185.88,185.76,185.85,146.24,27172.0475
1788625500000,2026-09-05T16:25:00Z,185.85,185.86,185.8,185.86,183.09,34028.9618
1788625800000,2026-09-05T16:30:00Z,185.86,185.86,185.78,185.86,122.22,22714.54
1788626100000,2026-09-05T16:35:00Z,185.86,185.86,185.79,185.79,5.35,994.3296
1788626400000,2026-09-05T16:40:00Z,185.79,185.86,185.79,185.86,4.14,769.3583
1788626700000,2026-09-05T16:45:00Z,185.86,185.86,185.81,185.86,126.35,23483.2625
1788627000000,2026-09-05T16:50:00Z,185.86,186.13,185.85,186.13,163.26,30344.4174
1788627300000,2026-09-05T16:55:00Z,186.13,186.39,186.13,186.16,171.51,31946.0676
1788627600000,2026-09-05T17:00:00Z,186.16,186.22,186.11,186.22,1.52,283.0143
1788627900000,2026-09-05T17:05:00Z,186.22,186.42,186.22,186.42,5.96,1110.4511
1788628200000,2026-09-05T17:10:00Z,186.42,186.42,186.34,186.4,93.5,17428.2591
1788628500000,2026-09-05T17:15:00Z,186.4,186.4,186.23,186.35,31.69,5904.5837
1788628800000,2026-09-05T17:20:00Z,186.35,186.38,186.3,186.38,3.16,588.8079
1788629100000,2026-09-05T17:25:00Z,186.38,186.38,186.24,186.33,11.23,2092.3943
1788629400000,2026-09-05T17:30:00Z,186.33,186.43,186.33,186.36,182.88,34088.8014
1788629700000,2026-09-05T17:35:00Z,186.36,186.36,186.1,186.1,1.21,225.3302
1788630000000,2026-09-05T17:40:00Z,186.1,186.16,186,186.16,4.71,876.4324
1788630300000,2026-09-05T17:45:00Z,186.16,186.25,186.16,186.24,1.92,357.5571
1788630600000,2026-09-05T17:50:00Z,186.24,186.25,186.08,186.09,3.34,621.5194
1788630900000,2026-09-05T17:55:00Z,186.09,186.25,186.05,186.25,2.64,491.5177
1788631200000,2026-09-05T18:00:00Z,186.25,186.26,186.05,186.18,2.79,519.4355
1788631500000,2026-09-05T18:05:00Z,186.18,186.24,186.18,186.24,1.14,212.3061
1788631800000,2026-09-05T18:10:00Z,186.24,186.24,185.93,185.93,2.98,554.2665
1788632100000,2026-09-05T18:15:00Z,185.93,185.95,185.92,185.95,1.13,210.1146
1788632400000,2026-09-05T18:20:00Z,185.95,185.99,185.85,185.85,65.86,12247.7154
1788632700000,2026-09-05T18:25:00Z,185.85,185.85,185.82,185.82,2.03,377.2146
1788633000000,2026-09-05T18:30:00Z,185.82,185.85,185.75,185.84,11.17,2075.0118
1788633300000,2026-09-05T18:35:00Z,185.84,185.87,185.84,185.87,0.33,61.3364
1788633600000,2026-09-05T18:40:00Z,185.87,186.03,185.81,186.03,4.12,765.9528
1788633900000,2026-09-05T18:45:00Z,186.03,186.03,185.83,185.85,0.26,48.3184
1788634200000,2026-09-05T18:50:00Z,185.85,185.85,185.83,185.83,0.13,24.1579
1788634500000,2026-09-05T18:55:00Z,185.83,185.96,185.83,185.96,0.89,165.4718
1788634800000,2026-09-05T19:00:00Z,185.96,185.96,185.81,185.82,1.45,269.4615
1788635100000,2026-09-05T19:05:00Z,185.82,185.93,185.82,185.93,1.91,355.0746
1788635400000,2026-09-05T19:10:00Z,185.93,186.02,185.93,186.02,0.5,93.01
1788635700000,2026-09-05T19:15:00Z,186.02,186.05,185.98,185.98,1.46,271.599
1788636000000,2026-09-05T19:20:00Z,185.98,186,185.87,186,1.94,360.7656
1788636300000,2026-09-05T19:25:00Z,186,186.07,186,186.07,1.62,301.4056
1788636600000,2026-09-05T19:30:00Z,186.07,186.07,185.73,185.73,7.06,1311.4155
1788636900000,2026-09-05T19:35:00Z,185.73,185.87,185.57,185.57,8.73,1621.3914
1788637200000,2026-09-05T19:40:00Z,185.57,185.59,185.57,185.59,4.52,838.8668
1788637500000,2026-09-05T19:45:00Z,185.59,185.73,185.52,185.52,6.44,1195.269
1788637800000,2026-09-05T19:50:00Z,185.52,185.6,185.52,185.6,3.34,619.7776
1788638100000,2026-09-05T19:55:00Z,185.6,185.73,185.6,185.66,11.92,2213.4574
1788638400000,2026-09-05T20:00:00Z,185.66,185.78,185.66,185.71,4.24,787.6968
1788638700000,2026-09-05T20:05:00Z,185.71,185.75,185.65,185.73,7.58,1407.3382
1788639000000,2026-09-05T20:10:00Z,185.73,185.78,185.7,185.74,21.97,4081.2448
1788639300000,2026-09-05T20:15:00Z,185.74,185.78,185.61,185.61,3.75,696.071
1788639600000,2026-09-05T20:20:00Z,185.61,185.67,185.58,185.67,16.92,3140.5403
1788639900000,2026-09-05T20:25:00Z,185.67,185.76,185.54,185.54,22.53,4182.5872
1788640200000,2026-09-05T20:30:00Z,185.54,185.63,185.54,185.63,0.31,57.5378
1788640500000,2026-09-05T20:35:00Z,185.63,185.67,185.4,185.45,30.26,5616.5828
1788640800000,2026-09-05T20:40:00Z,185.45,185.59,185.45,185.56,10.24,1899.2436
1788641100000,2026-09-05T20:45:00Z,185.56,185.65,185.56,185.63,0.46,85.3878
1788641400000,2026-09-05T20:50:00Z,185.63,185.64,185.56,185.56,9.04,1677.9099
1788641700000,2026-09-05T20:55:00Z,185.56,185.57,185.54,185.54,4.47,829.404
1788642000000,2026-09-05T21:00:00Z,185.54,185.54,185.54,185.54,0,0
1788642300000,2026-09-05T21:05:00Z,185.54,185.54,185.54,185.54,0,0
1788642600000,2026-09-05T21:10:00Z,185.54,185.65,185.54,185.65,0.21,38.9865
1788642900000,2026-09-05T21:15:00Z,185.65,185.7,185.65,185.69,13.9,2581.121
1788643200000,2026-09-05T21:20:00Z,185.69,185.69,185.69,185.69,0,0
1788643500000,2026-09-05T21:25:00Z,185.69,185.87,185.69,185.77,5.59,1038.7452
1788643800000,2026-09-05T21:30:00Z,185.77,185.84,185.77,185.84,2.69,499.8824
1788644100000,2026-09-05T21:35:00Z,185.84,185.84,185.79,185.79,0.17,31.5843
1788644400000,2026-09-05T21:40:00Z,185.79,186.06,185.79,186.06,6.31,1173.4966
1788644700000,2026-09-05T21:45:00Z,186.06,186.12,186.05,186.05,0.86,160.01
1788645000000,2026-09-05T21:50:00Z,186.05,186.07,186.05,186.07,2.19,407.4933
1788645300000,2026-09-05T21:55:00Z,186.07,186.07,185.98,185.98,0.4,74.392
1788645600000,2026-09-05T22:00:00Z,185.98,186.11,185.98,186.08,13.4,2493.7041
1788645900000,2026-09-05T22:05:00Z,186.08,186.08,186.08,186.08,0,0
1788646200000,2026-09-05T22:10:00Z,186.08,186.08,185.89,186,6.42,1193.57
1788646500000,2026-09-05T22:15:00Z,186,186,185.89,185.89,13.22,2457.9115
1788646800000,2026-09-05T22:20:00Z,185.89,185.89,185.89,185.89,0,0
1788647100000,2026-09-05T22:25:00Z,185.89,185.89,185.7,185.76,5.69,1056.7361
1788647400000,2026-09-05T22:30:00Z,185.76,185.79,185.76,185.79,3.62,672.5598
1788647700000,2026-09-05T22:35:00Z,185.79,185.79,185.77,185.77,0.15,27.8655
1788648000000,2026-09-05T22:40:00Z,185.77,185.79,185.75,185.78,10.18,1891.0236
1788648300000,2026-09-05T22:45:00Z,185.78,185.78,185.78,185.78,0,0
1788648600000,2026-09-05T22:50:00Z,185.78,185.78,185.78,185.78,0,0
1788648900000,2026-09-05T22:55:00Z,185.78,185.95,185.78,185.9,9.2,1710.2333
1788649200000,2026-09-05T23:00:00Z,185.9,185.9,185.9,185.9,0,0
1788649500000,2026-09-05T23:05:00Z,185.9,185.9,185.9,185.9,0,0
1788649800000,2026-09-05T23:10:00Z,185.9,185.9,185.64,185.64,3.5,649.743
1788650100000,2026-09-05T23:15:00Z,185.64,185.8,185.64,185.77,16.22,3013.4046
1788650400000,2026-09-05T23:20:00Z,185.77,185.78,185.74,185.74,7.78,1445.1682
1788650700000,2026-09-05T23:25:00Z,185.74,185.74,185.7,185.7,3.3,612.81
1788651000000,2026-09-05T23:30:00Z,185.7,185.76,185.7,185.76,0.1,18.576
1788651300000,2026-09-05T23:35:00Z,185.76,185.8,185.55,185.63,12.29,2281.046
1788651600000,2026-09-05T23:40:00Z,185.63,185.65,185.63,185.63,6.28,1165.8192
1788651900000,2026-09-05T23:45:00Z,185.63,185.81,185.63,185.79,17.59,3267.3692
1788652200000,2026-09-05T23:50:00Z,185.79,185.83,185.79,185.83,1.41,262.0203
1788652500000,2026-09-05T23:55:00Z,185.83,185.93,185.71,185.71,26.91,5001.8875
1788652800000,2026-09-06T00:00:00Z,185.71,185.71,185.57,185.66,35.68,6621.6274
1788653100000,2026-09-06T00:05:00Z,185.66,185.91,185.66,185.91,0.54,100.3898
1788653400000,2026-09-06T00:10:00Z,185.91,185.91,185.91,185.91,0,0
1788653700000,2026-09-06T00:15:00Z,185.91,185.91,185.91,185.91,0,0
1788654000000,2026-09-06T00:20:00Z,185.91,185.93,185.91,185.93,0.05,9.2965
1788654300000,2026-09-06T00:25:00Z,185.93,186.05,185.93,186.05,1.25,232.5525
1788654600000,2026-09-06T00:30:00Z,186.05,186.06,186.01,186.01,4.8,892.8906
1788654900000,2026-09-06T00:35:00Z,186.01,186.06,186.01,186.06,12.51,2327.4528
1788655200000,2026-09-06T00:40:00Z,186.06,186.09,185.96,185.96,5.96,1108.952
1788655500000,2026-09-06T00:45:00Z,185.96,186.03,185.96,186.03,0.6,111.6145
1788655800000,2026-09-06T00:50:00Z,186.03,186.12,186.03,186.11,35.55,6615.0054
1788656100000,2026-09-06T00:55:00Z,186.11,186.66,186.06,186.44,58.57,10913.8549
1788656400000,2026-09-06T01:00:00Z,186.44,186.6,186.29,186.46,12.39,2310.9603
1788656700000,2026-09-06T01:05:00Z,186.46,186.71,186.34,186.53,139.94,26121.1007
1788657000000,2026-09-06T01:10:00Z,186.53,186.65,186.32,186.32,166.74,31117.6313
1788657300000,2026-09-06T01:15:00Z,186.32,186.5,186.32,186.44,2.24,417.7113
1788657600000,2026-09-06T01:20:00Z,186.44,186.44,186.32,186.32,32.41,6040.2735
1788657900000,2026-09-06T01:25:00Z,186.32,186.47,186.27,186.46,11.39,2123.7322
1788658200000,2026-09-06T01:30:00Z,186.46,186.46,186.46,186.46,0,0
1788658500000,2026-09-06T01:35:00Z,186.46,186.92,186.46,186.66,562.29,104959.5564
1788658800000,2026-09-06T01:40:00Z,186.66,186.78,186.6,186.6,6.66,1243.4018
1788659100000,2026-09-06T01:45:00Z,186.6,186.74,186.56,186.65,46.65,8707.5667
1788659400000,2026-09-06T01:50:00Z,186.65,186.66,186.65,186.66,5.51,1028.4966
1788659700000,2026-09-06T01:55:00Z,186.66,186.66,186.44,186.53,15.43,2878.1057
1788660000000,2026-09-06T02:00:00Z,186.53,186.57,186.43,186.44,19.16,3573.1031
1788660300000,2026-09-06T02:05:00Z,186.44,186.78,186.44,186.74,9.72,1814.7765
1788660600000,2026-09-06T02:10:00Z,186.74,186.82,186.67,186.74,157.64,29443.9453
1788660900000,2026-09-06T02:15:00Z,186.74,186.77,186.65,186.65,18.74,3498.2291
1788661200000,2026-09-06T02:20:00Z,186.65,186.65,186.65,186.65,0,0
1788661500000,2026-09-06T02:25:00Z,186.65,186.77,186.64,186.69,3.04,567.6588
1788661800000,2026-09-06T02:30:00Z,186.69,186.76,186.65,186.72,124.29,23202.4392
1788662100000,2026-09-06T02:35:00Z,186.72,186.76,186.7,186.76,11.93,2227.692
1788662400000,2026-09-06T02:40:00Z,186.76,186.78,186.55,186.55,126.5,23605.4256
1788662700000,2026-09-06T02:45:00Z,186.55,186.74,186.53,186.74,22.12,4127.6446
1788663000000,2026-09-06T02:50:00Z,186.74,186.74,186.74,186.74,0,0
1788663300000,2026-09-06T02:55:00Z,186.74,186.74,186.56,186.72,16.63,3102.9024
1788663600000,2026-09-06T03:00:00Z,186.72,186.76,186.64,186.76,17.6,3286.0294
1788663900000,2026-09-06T03:05:00Z,186.76,186.76,186.48,186.53,514.96,96118.3436
1788664200000,2026-09-06T03:10:00Z,186.53,186.75,186.53,186.75,23.36,4360.0436
1788664500000,2026-09-06T03:15:00Z,186.75,187.05,186.75,187.05,112.16,20959.8789
1788664800000,2026-09-06T03:20:00Z,187.05,187.05,186.74,186.74,341.17,63743.1707
1788665100000,2026-09-06T03:25:00Z,186.74,186.74,186.61,186.61,7.16,1336.5934
1788665400000,2026-09-06T03:30:00Z,186.61,186.91,186.61,186.81,8.22,1535.9505
1788665700000,2026-09-06T03:35:00Z,186.81,187.07,186.81,187.03,31.34,5860.1568
1788666000000,2026-09-06T03:40:00Z,187.03,187.07,186.98,186.98,114.51,21420.7688
1788666300000,2026-09-06T03:45:00Z,186.98,186.98,186.63,186.76,55.34,10336.0967
1788666600000,2026-09-06T03:50:00Z,186.76,186.76,186.64,186.74,52.03,9713.7598
1788666900000,2026-09-06T03:55:00Z,186.74,186.85,186.65,186.7,5.64,1053.1387
1788667200000,2026-09-06T04:00:00Z,186.7,186.82,186.63,186.66,6.2,1157.7456
1788667500000,2026-09-06T04:05:00Z,186.66,186.66,186.51,186.52,6.87,1281.5956
1788667800000,2026-09-06T04:10:00Z,186.52,186.73,186.52,186.72,7.53,1405.7132
1788668100000,2026-09-06T04:15:00Z,186.72,186.74,186.63,186.71,21.46,4006.2967
1788668400000,2026-09-06T04:20:00Z,186.71,186.73,186.56,186.73,12.91,2409.8633
1788668700000,2026-09-06T04:25:00Z,186.73,186.73,186.46,186.46,2.82,526.1592
1788669000000,2026-09-06T04:30:00Z,186.46,186.48,186.32,186.47,3.34,622.6047
1788669300000,2026-09-06T04:35:00Z,186.47,186.55,186.47,186.5,5.29,986.6165
1788669600000,2026-09-06T04:40:00Z,186.5,186.59,186.48,186.54,12.27,2288.4296
1788669900000,2026-09-06T04:45:00Z,186.54,186.65,186.48,186.65,2.85,531.7054
1788670200000,2026-09-06T04:50:00Z,186.65,186.65,186.28,186.4,42.79,7972.8895
1788670500000,2026-09-06T04:55:00Z,186.4,186.4,186.26,186.4,20.92,3897.5265
1788670800000,2026-09-06T05:00:00Z,186.4,186.6,186.4,186.5,19.82,3696.2968
1788671100000,2026-09-06T05:05:00Z,186.5,186.61,186.45,186.45,2.65,494.2528
1788671400000,2026-09-06T05:10:00Z,186.45,186.52,186.34,186.34,1.52,283.3693
1788671700000,2026-09-06T05:15:00Z,186.34,186.34,186.3,186.3,1.64,305.5418
1788672000000,2026-09-06T05:20:00Z,186.3,186.49,186.3,186.49,3.39,631.9269
1788672300000,2026-09-06T05:25:00Z,186.49,186.59,186.43,186.56,71.3,13299.5097
1788672600000,2026-09-06T05:30:00Z,186.56,186.83,186.5,186.83,59.8,11155.2667
1788672900000,2026-09-06T05:35:00Z,186.83,187.19,186.83,187.09,122.47,22906.0836
1788673200000,2026-09-06T05:40:00Z,187.09,187.2,186.88,186.88,138.51,25911.1655
1788673500000,2026-09-06T05:45:00Z,186.88,186.9,186.79,186.81,11.61,2169.1548
1788673800000,2026-09-06T05:50:00Z,186.81,186.96,186.81,186.96,0.1,18.696
1788674100000,2026-09-06T05:55:00Z,186.96,186.96,186.92,186.92,2.59,484.1228
1788674400000,2026-09-06T06:00:00Z,186.92,186.92,186.87,186.88,1,186.8775
1788674700000,2026-09-06T06:05:00Z,186.88,186.92,186.84,186.92,12,2242.3582
1788675000000,2026-09-06T06:10:00Z,186.92,187.06,186.9,187.01,13.18,2464.3632
1788675300000,2026-09-06T06:15:00Z,187.01,187.01,186.79,186.79,0.25,46.6975
1788675600000,2026-09-06T06:20:00Z,186.79,186.79,186.57,186.65,38.3,7147.4289
1788675900000,2026-09-06T06:25:00Z,186.65,186.65,186.57,186.59,1.14,212.7046
1788676200000,2026-09-06T06:30:00Z,186.59,186.65,186.56,186.65,2.43,453.3516
1788676500000,2026-09-06T06:35:00Z,186.65,186.65,186.65,186.65,0,0
1788676800000,2026-09-06T06:40:00Z,186.65,186.65,186.48,186.48,21.33,3977.7946
1788677100000,2026-09-06T06:45:00Z,186.48,186.54,186.44,186.49,32.92,6138.8059
1788677400000,2026-09-06T06:50:00Z,186.49,186.58,186.49,186.58,4.33,807.7156
1788677700000,2026-09-06T06:55:00Z,186.58,186.64,186.58,186.64,0.53,98.9167
1788678000000,2026-09-06T07:00:00Z,186.64,186.68,186.64,186.67,8.51,1588.4636
1788678300000,2026-09-06T07:05:00Z,186.67,186.67,186.38,186.38,23.27,4339.1002
1788678600000,2026-09-06T07:10:00Z,186.38,186.39,185.66,185.85,37.41,6959.3944
1788678900000,2026-09-06T07:15:00Z,185.85,186.33,185.85,186.33,12.29,2286.0295
1788679200000,2026-09-06T07:20:00Z,186.33,186.38,186.31,186.38,23.61,4399.1879
1788679500000,2026-09-06T07:25:00Z,186.38,186.38,186.16,186.16,1.07,199.1912
1788679800000,2026-09-06T07:30:00Z,186.16,186.25,186.16,186.25,0.19,35.3875
1788680100000,2026-09-06T07:35:00Z,186.25,186.28,186.23,186.28,5.35,996.3365
1788680400000,2026-09-06T07:40:00Z,186.28,186.33,186.23,186.33,5.98,1114.2084
1788680700000,2026-09-06T07:45:00Z,186.33,186.33,186.14,186.14,3.48,647.9023
1788681000000,2026-09-06T07:50:00Z,186.14,186.15,186.1,186.1,2.57,478.3105
1788681300000,2026-09-06T07:55:00Z,186.1,186.16,185.96,186.03,6.29,1170.1624
1788681600000,2026-09-06T08:00:00Z,186.03,186.03,185.97,186.01,2.34,435.2155
1788681900000,2026-09-06T08:05:00Z,186.01,186.19,186.01,186.19,0.09,16.7571
1788682200000,2026-09-06T08:10:00Z,186.19,186.19,186.19,186.19,0,0
1788682500000,2026-09-06T08:15:00Z,186.19,186.19,186.1,186.1,0.17,31.64
1788682800000,2026-09-06T08:20:00Z,186.1,186.1,186.1,186.1,0,0
1788683100000,2026-09-06T08:25:00Z,186.1,186.1,185.76,185.76,0.95,176.5504
1788683400000,2026-09-06T08:30:00Z,185.76,185.76,185.76,185.76,0,0
1788683700000,2026-09-06T08:35:00Z,185.76,185.76,185.76,185.76,0,0
1788684000000,2026-09-06T08:40:00Z,185.76,185.76,185.76,185.76,0,0
1788684300000,2026-09-06T08:45:00Z,185.76,185.99,185.76,185.99,0.12,22.3188
1788684600000,2026-09-06T08:50:00Z,185.99,185.99,185.99,185.99,0,0
1788684900000,2026-09-06T08:55:00Z,185.99,186.21,185.99,186.08,1.27,236.4339
1788685200000,2026-09-06T09:00:00Z,186.08,186.19,186.08,186.19,0.12,22.3428
1788685500000,2026-09-06T09:05:00Z,186.19,186.35,186.19,186.34,5.41,1008.145
1788685800000,2026-09-06T09:10:00Z,186.34,186.39,186.34,186.37,5.25,978.4441
1788686100000,2026-09-06T09:15:00Z,186.37,186.66,186.37,186.64,9.76,1820.3838
1788686400000,2026-09-06T09:20:00Z,186.64,186.64,186.64,186.64,0.06,11.1984
1788686700000,2026-09-06T09:25:00Z,186.64,186.74,186.62,186.74,0.25,46.6622
1788687000000,2026-09-06T09:30:00Z,186.74,186.76,186.62,186.62,9.75,1819.9375
1788687300000,2026-09-06T09:35:00Z,186.62,186.62,186.51,186.51,3.22,600.5622
1788687600000,2026-09-06T09:40:00Z,186.51,186.51,186.36,186.44,8.16,1521.0535
1788687900000,2026-09-06T09:45:00Z,186.44,186.44,186.44,186.44,0,0
1788688200000,2026-09-06T09:50:00Z,186.44,186.55,186.44,186.55,3.14,585.767
1788688500000,2026-09-06T09:55:00Z,186.55,186.69,186.55,186.55,26.9,5020.8733
1788688800000,2026-09-06T10:00:00Z,186.55,186.55,186.45,186.45,0.22,41.023
1788689100000,2026-09-06T10:05:00Z,186.45,186.58,186.45,186.58,7.43,1386.1487
1788689400000,2026-09-06T10:10:00Z,186.58,186.58,186.58,186.58,0,0
1788689700000,2026-09-06T10:15:00Z,186.58,186.58,186.53,186.53,0.25,46.6325
1788690000000,2026-09-06T10:20:00Z,186.53,186.71,186.53,186.71,0.29,54.1444
1788690300000,2026-09-06T10:25:00Z,186.71,186.71,186.71,186.71,0,0
1788690600000,2026-09-06T10:30:00Z,186.71,186.86,186.67,186.86,1.59,297.0546
1788690900000,2026-09-06T10:35:00Z,186.86,186.86,186.62,186.62,1.41,263.1479
1788691200000,2026-09-06T10:40:00Z,186.62,186.82,186.62,186.82,2.9,541.6062
1788691500000,2026-09-06T10:45:00Z,186.82,186.98,186.77,186.98,62.51,11679.2162
1788691800000,2026-09-06T10:50:00Z,186.98,186.98,186.87,186.87,0.58,108.387
1788692100000,2026-09-06T10:55:00Z,186.87,186.87,186.8,186.8,1.09,203.6571
1788692400000,2026-09-06T11:00:00Z,186.8,186.8,186.78,186.78,0.87,162.5002
1788692700000,2026-09-06T11:05:00Z,186.78,186.87,186.78,186.87,0.25,46.7175
1788693000000,2026-09-06T11:10:00Z,186.87,186.87,186.6,186.67,20.54,3834.5088
1788693300000,2026-09-06T11:15:00Z,186.67,186.67,186.64,186.64,1.63,304.2232
1788693600000,2026-09-06T11:20:00Z,186.64,186.64,186.57,186.6,16.33,3047.0634
1788693900000,2026-09-06T11:25:00Z,186.6,186.6,186.41,186.46,27.32,5093.716
1788694200000,2026-09-06T11:30:00Z,186.46,186.62,186.46,186.62,92.08,17173.6207
1788694500000,2026-09-06T11:35:00Z,186.62,186.62,186.51,186.51,14.81,2762.9827
1788694800000,2026-09-06T11:40:00Z,186.51,186.6,186.51,186.6,6,1119.4737
1788695100000,2026-09-06T11:45:00Z,186.6,186.6,186.6,186.6,0,0
1788695400000,2026-09-06T11:50:00Z,186.6,186.6,186.6,186.6,0,0
1788695700000,2026-09-06T11:55:00Z,186.6,186.64,186.6,186.64,1,186.6325
1788696000000,2026-09-06T12:00:00Z,186.64,186.64,186.54,186.54,3.01,561.5592
1788696300000,2026-09-06T12:05:00Z,186.54,186.54,186.48,186.48,0.24,44.7552
1788696600000,2026-09-06T12:10:00Z,186.48,186.61,186.42,186.53,1.34,249.9419
1788696900000,2026-09-06T12:15:00Z,186.53,186.53,186.53,186.53,0,0
1788697200000,2026-09-06T12:20:00Z,186.53,186.67,186.53,186.67,0.12,22.4004
1788697500000,2026-09-06T12:25:00Z,186.67,186.68,186.65,186.68,2.08,388.2482
1788697800000,2026-09-06T12:30:00Z,186.68,186.78,186.68,186.78,0.76,141.9528
1788698100000,2026-09-06T12:35:00Z,186.78,186.78,186.65,186.68,2.49,464.8003
1788698400000,2026-09-06T12:40:00Z,186.68,186.68,186.58,186.58,3.96,738.9503
1788698700000,2026-09-06T12:45:00Z,186.58,186.58,186.43,186.49,7.08,1320.1785
1788699000000,2026-09-06T12:50:00Z,186.49,186.49,186.49,186.49,0,0
1788699300000,2026-09-06T12:55:00Z,186.49,186.7,186.49,186.63,9.36,1747.0308
1788699600000,2026-09-06T13:00:00Z,186.63,186.63,186.3,186.41,13.67,2548.6689
1788699900000,2026-09-06T13:05:00Z,186.41,186.47,186.35,186.45,10,1864.2604
1788700200000,2026-09-06T13:10:00Z,186.45,186.45,186.45,186.45,0,0
1788700500000,2026-09-06T13:15:00Z,186.45,186.45,186.06,186.06,26.74,4975.2444
1788700800000,2026-09-06T13:20:00Z,186.06,186.06,186.03,186.03,0.2,37.206
1788701100000,2026-09-06T13:25:00Z,186.03,186.06,185.98,185.98,9.85,1832.3388
1788701400000,2026-09-06T13:30:00Z,185.98,185.98,185.83,185.83,0.8,148.664
1788701700000,2026-09-06T13:35:00Z,185.83,186.02,185.83,186.02,34,6324.68
1788702000000,2026-09-06T13:40:00Z,186.02,186.02,185.98,185.98,2.35,437.0555
1788702300000,2026-09-06T13:45:00Z,185.98,186.01,185.88,185.88,0.75,139.4425
1788702600000,2026-09-06T13:50:00Z,185.88,186.04,185.88,186.04,3.1,576.7112
1788702900000,2026-09-06T13:55:00Z,186.04,186.04,185.91,185.95,6.06,1126.8175
1788703200000,2026-09-06T14:00:00Z,185.95,185.96,185.95,185.95,2.93,544.836
1788703500000,2026-09-06T14:05:00Z,185.95,185.95,185.95,185.95,0,0
1788703800000,2026-09-06T14:10:00Z,185.95,185.95,185.76,185.76,0.21,39.0096
1788704100000,2026-09-06T14:15:00Z,185.76,185.9,185.29,185.9,37.29,6913.8739
1788704400000,2026-09-06T14:20:00Z,185.9,185.9,185.29,185.33,330.25,61211.8207
1788704700000,2026-09-06T14:25:00Z,185.33,185.59,185.22,185.51,152.06,28179.551
1788705000000,2026-09-06T14:30:00Z,185.51,185.51,184.72,185.07,82.13,15192.4643
1788705300000,2026-09-06T14:35:00Z,185.07,185.65,185.07,185.34,328.4,60912.0388
1788705600000,2026-09-06T14:40:00Z,185.34,185.62,185.34,185.62,14.18,2631.3959
1788705900000,2026-09-06T14:45:00Z,185.62,185.62,185.21,185.37,28.15,5216.9566
1788706200000,2026-09-06T14:50:00Z,185.37,185.49,185.37,185.49,0.72,133.5344
1788706500000,2026-09-06T14:55:00Z,185.49,185.49,184.98,185,59.41,10993.7691
1788706800000,2026-09-06T15:00:00Z,185,185.09,184.67,185.09,585.54,108254.9553
1788707100000,2026-09-06T15:05:00Z,185.09,185.3,185.09,185.15,12.12,2244.9886
1788707400000,2026-09-06T15:10:00Z,185.15,185.43,185.13,185.24,1.55,287.0589
1788707700000,2026-09-06T15:15:00Z,185.24,185.4,185.19,185.23,24.59,4557.0506
1788708000000,2026-09-06T15:20:00Z,185.23,185.44,185.2,185.21,107.47,19923.3938
1788708300000,2026-09-06T15:25:00Z,185.21,185.39,185.21,185.39,27.78,5148.718
1788708600000,2026-09-06T15:30:00Z,185.39,185.43,185.32,185.32,1.1,203.8764
1788708900000,2026-09-06T15:35:00Z,185.32,185.55,185.32,185.55,1.77,328.228
1788709200000,2026-09-06T15:40:00Z,185.55,185.55,185.55,185.55,0,0
1788709500000,2026-09-06T15:45:00Z,185.55,185.55,185.55,185.55,0,0
1788709800000,2026-09-06T15:50:00Z,185.55,185.59,185.55,185.55,19.21,3564.676
1788710100000,2026-09-06T15:55:00Z,185.55,185.62,185.55,185.62,2.55,473.3183
1788710400000,2026-09-06T16:00:00Z,185.62,185.67,185.45,185.45,21.04,3903.6072
1788710700000,2026-09-06T16:05:00Z,185.45,185.47,185.45,185.47,0.9,166.9205
1788711000000,2026-09-06T16:10:00Z,185.47,185.74,185.47,185.74,0.75,139.2966
1788711300000,2026-09-06T16:15:00Z,185.74,185.78,185.7,185.78,3.57,663.1284
1788711600000,2026-09-06T16:20:00Z,185.78,185.78,185.76,185.76,1.78,330.6528
1788711900000,2026-09-06T16:25:00Z,185.76,185.91,185.65,185.88,5.9,1096.42
1788712200000,2026-09-06T16:30:00Z,185.88,185.88,185.88,185.88,0,0
1788712500000,2026-09-06T16:35:00Z,185.88,185.88,185.85,185.85,0.06,11.151
1788712800000,2026-09-06T16:40:00Z,185.85,185.89,185.53,185.6,6.55,1216.1783
1788713100000,2026-09-06T16:45:00Z,185.6,185.63,185.42,185.63,15.8,2931.432
1788713400000,2026-09-06T16:50:00Z,185.63,185.69,185.63,185.64,12.03,2233.7104
1788713700000,2026-09-06T16:55:00Z,185.64,185.71,185.64,185.71,1.2,222.8385
1788714000000,2026-09-06T17:00:00Z,185.71,185.71,185.62,185.62,0.5,92.81
1788714300000,2026-09-06T17:05:00Z,185.62,185.62,185.49,185.49,0.72,133.5528
1788714600000,2026-09-06T17:10:00Z,185.49,185.55,185.42,185.52,17.43,3233.5623
1788714900000,2026-09-06T17:15:00Z,185.52,185.52,185.52,185.52,0,0
1788715200000,2026-09-06T17:20:00Z,185.52,185.83,185.52,185.7,20.11,3735.7353
1788715500000,2026-09-06T17:25:00Z,185.7,185.84,185.7,185.84,1.54,286.1481
1788715800000,2026-09-06T17:30:00Z,185.84,185.84,185.76,185.81,0.34,63.1664
1788716100000,2026-09-06T17:35:00Z,185.81,185.81,185.65,185.65,1.96,364.1466
1788716400000,2026-09-06T17:40:00Z,185.65,185.7,185.65,185.7,0.08,14.856
1788716700000,2026-09-06T17:45:00Z,185.7,185.7,185.67,185.67,2.06,382.4814
1788717000000,2026-09-06T17:50:00Z,185.67,185.72,185.67,185.72,0.24,44.5728
1788717300000,2026-09-06T17:55:00Z,185.72,185.82,185.72,185.8,6.29,1168.7944
1788717600000,2026-09-06T18:00:00Z,185.8,185.85,185.8,185.85,0.72,133.812
1788717900000,2026-09-06T18:05:00Z,185.85,185.88,185.83,185.86,3.58,665.36
1788718200000,2026-09-06T18:10:00Z,185.86,185.93,185.86,185.92,10.61,1972.6511
1788718500000,2026-09-06T18:15:00Z,185.92,185.92,185.92,185.92,0,0
1788718800000,2026-09-06T18:20:00Z,185.92,185.92,185.92,185.92,0,0
1788719100000,2026-09-06T18:25:00Z,185.92,186.11,185.92,186.09,28.3,5265.5958
1788719400000,2026-09-06T18:30:00Z,186.09,186.23,186.09,186.21,10.11,1882.5291
1788719700000,2026-09-06T18:35:00Z,186.21,186.21,186.19,186.19,0.94,175.0186
1788720000000,2026-09-06T18:40:00Z,186.19,186.27,186.17,186.22,106.05,19745.6333
1788720300000,2026-09-06T18:45:00Z,186.22,186.22,186.1,186.1,1.36,253.1282
1788720600000,2026-09-06T18:50:00Z,186.1,186.18,186.1,186.13,1.72,320.1702
1788720900000,2026-09-06T18:55:00Z,186.13,186.2,186.13,186.2,0.25,46.55
1788721200000,2026-09-06T19:00:00Z,186.2,186.2,186.2,186.2,0,0
1788721500000,2026-09-06T19:05:00Z,186.2,186.2,186.07,186.1,7.59,1412.2788
1788721800000,2026-09-06T19:10:00Z,186.1,186.1,186.1,186.1,0,0
1788722100000,2026-09-06T19:15:00Z,186.1,186.1,186.04,186.05,5.14,956.2556
1788722400000,2026-09-06T19:20:00Z,186.05,186.05,186.05,186.05,0,0
1788722700000,2026-09-06T19:25:00Z,186.05,186.09,186.03,186.03,37.73,7020.141
1788723000000,2026-09-06T19:30:00Z,186.03,186.03,186.03,186.03,0,0
1788723300000,2026-09-06T19:35:00Z,186.03,186.03,185.99,185.99,0.02,3.7198
1788723600000,2026-09-06T19:40:00Z,185.99,185.99,185.99,185.99,0,0
1788723900000,2026-09-06T19:45:00Z,185.99,186.03,185.99,186.03,0.25,46.5075
1788724200000,2026-09-06T19:50:00Z,186.03,186.03,186.03,186.03,0,0
1788724500000,2026-09-06T19:55:00Z,186.03,186.03,185.89,185.9,7.22,1342.3412
1788724800000,2026-09-06T20:00:00Z,185.9,185.9,185.9,185.9,0,0
1788725100000,2026-09-06T20:05:00Z,185.9,185.9,185.9,185.9,0,0
1788725400000,2026-09-06T20:10:00Z,185.9,186.06,185.9,186.06,5.63,1047.354
1788725700000,2026-09-06T20:15:00Z,186.06,186.06,185.92,185.92,0.4,74.378
1788726000000,2026-09-06T20:20:00Z,185.92,186.17,185.92,186.17,4.84,901.0628
1788726300000,2026-09-06T20:25:00Z,186.17,186.17,186.13,186.16,1.49,277.3512
1788726600000,2026-09-06T20:30:00Z,186.16,186.16,186.16,186.16,0,0
1788726900000,2026-09-06T20:35:00Z,186.16,186.16,186.16,186.16,0.25,46.54
1788727200000,2026-09-06T20:40:00Z,186.16,186.16,186.06,186.13,11.89,2212.8201
1788727500000,2026-09-06T20:45:00Z,186.13,186.13,186.13,186.13,0,0
1788727800000,2026-09-06T20:50:00Z,186.13,186.13,186.1,186.1,0.84,156.324
1788728100000,2026-09-06T20:55:00Z,186.1,186.19,186.1,186.19,0.13,24.2047
1788728400000,2026-09-06T21:00:00Z,186.19,186.3,186.19,186.3,8.76,1631.9158
1788728700000,2026-09-06T21:05:00Z,186.3,186.48,186.28,186.48,44.39,8274.1728
1788729000000,2026-09-06T21:10:00Z,186.48,186.58,186.48,186.58,1.5,279.798
1788729300000,2026-09-06T21:15:00Z,186.58,186.7,186.51,186.65,15.77,2942.8248
1788729600000,2026-09-06T21:20:00Z,186.65,186.65,186.41,186.49,31.51,5878.3025
1788729900000,2026-09-06T21:25:00Z,186.49,186.53,186.31,186.41,18.47,3443.7824
1788730200000,2026-09-06T21:30:00Z,186.41,186.41,186.41,186.41,0,0
1788730500000,2026-09-06T21:35:00Z,186.41,186.41,186.41,186.41,0,0
1788730800000,2026-09-06T21:40:00Z,186.41,186.61,186.4,186.61,7.05,1314.6054
1788731100000,2026-09-06T21:45:00Z,186.61,186.69,186.61,186.69,7.73,1443.0951
1788731400000,2026-09-06T21:50:00Z,186.69,186.69,186.69,186.69,0,0
1788731700000,2026-09-06T21:55:00Z,186.69,186.69,186.46,186.46,4,745.84
1788732000000,2026-09-06T22:00:00Z,186.46,186.46,186,186,0.31,57.6824
1788732300000,2026-09-06T22:05:00Z,186,186,185.83,185.83,0.18,33.4494
1788732600000,2026-09-06T22:10:00Z,185.83,185.83,185.81,185.81,1.8,334.466
1788732900000,2026-09-06T22:15:00Z,185.81,185.88,185.6,185.6,53.92,10008.5888
1788733200000,2026-09-06T22:20:00Z,185.6,185.93,185.6,185.93,7.62,1415.0178
1788733500000,2026-09-06T22:25:00Z,185.93,185.98,185.93,185.98,3.58,665.7034
1788733800000,2026-09-06T22:30:00Z,185.98,185.98,185.9,185.98,5,929.6056
1788734100000,2026-09-06T22:35:00Z,185.98,186.46,185.98,186.31,68.09,12688.9098
1788734400000,2026-09-06T22:40:00Z,186.31,186.4,186.22,186.32,19.53,3639.1669
1788734700000,2026-09-06T22:45:00Z,186.32,186.38,186.28,186.36,5.78,1076.9776
1788735000000,2026-09-06T22:50:00Z,186.36,186.48,186.34,186.45,15.97,2977.062
1788735300000,2026-09-06T22:55:00Z,186.45,186.57,186.42,186.55,13.07,2437.3406
1788735600000,2026-09-06T23:00:00Z,186.55,187.15,186.41,187,64.13,11983.9213
1788735900000,2026-09-06T23:05:00Z,187,187,186.74,186.97,14.59,2727.2975
1788736200000,2026-09-06T23:10:00Z,186.97,186.97,186.89,186.91,453.45,84768.9562
1788736500000,2026-09-06T23:15:00Z,186.91,187.05,186.91,187,131.51,24594.4019
1788736800000,2026-09-06T23:20:00Z,187,187.07,186.85,186.85,145.06,27120.7069
1788737100000,2026-09-06T23:25:00Z,186.85,186.97,186.83,186.95,67.43,12605.9374
1788737400000,2026-09-06T23:30:00Z,186.95,186.99,186.93,186.99,129.33,24180.8255
1788737700000,2026-09-06T23:35:00Z,186.99,187.48,186.97,187.46,379.19,70951.0997
1788738000000,2026-09-06T23:40:00Z,187.46,187.55,187.26,187.47,406.57,76198.119
1788738300000,2026-09-06T23:45:00Z,187.47,187.64,187.37,187.64,400.79,75157.8649
1788738600000,2026-09-06T23:50:00Z,187.64,187.66,187.4,187.52,45.27,8488.1792
1788738900000,2026-09-06T23:55:00Z,187.52,187.56,187.33,187.56,237.84,44590.4174
1788739200000,2026-09-07T00:00:00Z,187.56,187.56,187.22,187.44,10.14,1900.6511
1788739500000,2026-09-07T00:05:00Z,187.44,187.9,187.44,187.9,88.5,16613.5464
1788739800000,2026-09-07T00:10:00Z,187.9,187.9,187.64,187.71,17.14,3218.3198
1788740100000,2026-09-07T00:15:00Z,187.71,187.71,187.09,187.09,43.21,8095.6741
1788740400000,2026-09-07T00:20:00Z,187.09,187.44,187.09,187.3,20.78,3891.4944
1788740700000,2026-09-07T00:25:00Z,187.3,187.47,187.19,187.28,52.1,9762.065
1788741000000,2026-09-07T00:30:00Z,187.28,187.4,187.05,187.11,16.02,2998.1169
1788741300000,2026-09-07T00:35:00Z,187.11,187.12,187,187.01,68.01,12720.8267
1788741600000,2026-09-07T00:40:00Z,187.01,187.03,186.76,186.91,40.1,7493.3507
1788741900000,2026-09-07T00:45:00Z,186.91,187.02,186.88,186.89,20.39,3811.4298
1788742200000,2026-09-07T00:50:00Z,186.89,186.95,186.84,186.86,34.51,6450.2246
1788742500000,2026-09-07T00:55:00Z,186.86,186.88,186.7,186.88,24.98,4665.7496
1788742800000,2026-09-07T01:00:00Z,186.88,187.03,186.81,187.03,6.34,1184.8327
1788743100000,2026-09-07T01:05:00Z,187.03,187.06,186.4,186.4,25.98,4851.765
1788743400000,2026-09-07T01:10:00Z,186.4,186.52,186.31,186.44,46.95,8750.547
1788743700000,2026-09-07T01:15:00Z,186.44,186.55,186.28,186.36,40.7,7587.351
1788744000000,2026-09-07T01:20:00Z,186.36,186.43,186.04,186.4,30.81,5740.0792
1788744300000,2026-09-07T01:25:00Z,186.4,186.61,186.29,186.59,22.19,4138.4606
1788744600000,2026-09-07T01:30:00Z,186.59,186.65,186.51,186.51,2.46,458.9182
1788744900000,2026-09-07T01:35:00Z,186.51,186.51,186.26,186.26,1.44,268.3082
1788745200000,2026-09-07T01:40:00Z,186.26,186.26,186.06,186.06,9.72,1808.7921
1788745500000,2026-09-07T01:45:00Z,186.06,186.22,186.06,186.09,16.03,2984.6713
1788745800000,2026-09-07T01:50:00Z,186.09,186.36,186.09,186.36,2.89,538.2917
1788746100000,2026-09-07T01:55:00Z,186.36,186.43,186.33,186.33,8.24,1536.1072
1788746400000,2026-09-07T02:00:00Z,186.33,186.33,186.33,186.33,0,0
1788746700000,2026-09-07T02:05:00Z,186.33,186.33,186.33,186.33,0,0
1788747000000,2026-09-07T02:10:00Z,186.33,186.33,186.03,186.1,11.8,2195.578
1788747300000,2026-09-07T02:15:00Z,186.1,186.35,186.1,186.33,8.22,1531.5027
1788747600000,2026-09-07T02:20:00Z,186.33,186.43,186.31,186.43,11.46,2135.7769
1788747900000,2026-09-07T02:25:00Z,186.43,186.61,186.43,186.52,3.3,615.6975
1788748200000,2026-09-07T02:30:00Z,186.52,186.52,186.52,186.52,0,0
1788748500000,2026-09-07T02:35:00Z,186.52,187.84,186.52,187.84,116.54,21802.4787
1788748800000,2026-09-07T02:40:00Z,187.84,187.84,187.41,187.41,25.6,4800.7092
1788749100000,2026-09-07T02:45:00Z,187.41,187.41,187.32,187.32,1.01,189.1932
1788749400000,2026-09-07T02:50:00Z,187.32,187.32,187.32,187.32,0,0
1788749700000,2026-09-07T02:55:00Z,187.32,187.32,186.53,186.68,17.35,3240.6491
1788750000000,2026-09-07T03:00:00Z,186.68,186.83,186.6,186.83,17.41,3252.5364
1788750300000,2026-09-07T03:05:00Z,186.83,186.83,186.61,186.61,0.74,138.0914
1788750600000,2026-09-07T03:10:00Z,186.61,186.61,186.61,186.61,0,0
1788750900000,2026-09-07T03:15:00Z,186.61,186.61,186.61,186.61,0,0
1788751200000,2026-09-07T03:20:00Z,186.61,186.64,186.61,186.64,0.13,24.2632
1788751500000,2026-09-07T03:25:00Z,186.64,186.64,186.41,186.47,1.54,287.1158
1788751800000,2026-09-07T03:30:00Z,186.47,186.47,186.3,186.31,2.9,540.5777
1788752100000,2026-09-07T03:35:00Z,186.31,186.34,185.93,185.97,603.74,112345.0217
1788752400000,2026-09-07T03:40:00Z,185.97,185.99,185.92,185.92,1.2,223.1544
1788752700000,2026-09-07T03:45:00Z,185.92,186.01,185.92,186,0.36,66.9612
1788753000000,2026-09-07T03:50:00Z,186,186,185.86,185.86,0.87,161.7078
1788753300000,2026-09-07T03:55:00Z,185.86,186.01,185.86,185.92,2.54,472.3763
1788753600000,2026-09-07T04:00:00Z,185.92,185.92,185.83,185.92,8.12,1508.9504
1788753900000,2026-09-07T04:05:00Z,185.92,185.92,185.92,185.92,0,0
1788754200000,2026-09-07T04:10:00Z,185.92,185.92,185.84,185.84,2,371.6861
1788754500000,2026-09-07T04:15:00Z,185.84,186.05,185.84,186.02,1,186.0236
1788754800000,2026-09-07T04:20:00Z,186.02,186.02,185.89,185.94,31.25,5809.9235
1788755100000,2026-09-07T04:25:00Z,185.94,185.95,185.86,185.87,6.05,1124.6368
1788755400000,2026-09-07T04:30:00Z,185.87,185.87,185.85,185.85,1.84,341.964
1788755700000,2026-09-07T04:35:00Z,185.85,185.96,185.6,185.89,415.37,77183.9106
1788756000000,2026-09-07T04:40:00Z,185.89,186.05,185.88,185.89,22.51,4187.0483
1788756300000,2026-09-07T04:45:00Z,185.89,186.18,185.89,186.18,427.77,79600.0714
1788756600000,2026-09-07T04:50:00Z,186.18,186.18,186.17,186.17,106.7,19864.3732
1788756900000,2026-09-07T04:55:00Z,186.17,186.24,186.14,186.21,4.67,869.5656
1788757200000,2026-09-07T05:00:00Z,186.21,186.44,186.14,186.43,4.52,841.9718
1788757500000,2026-09-07T05:05:00Z,186.43,186.49,186.4,186.4,2.33,434.4245
1788757800000,2026-09-07T05:10:00Z,186.4,186.41,186.35,186.41,4.67,870.4034
1788758100000,2026-09-07T05:15:00Z,186.41,187.11,186.41,186.92,712.5,133156.1747
1788758400000,2026-09-07T05:20:00Z,186.92,186.93,186.79,186.9,10.18,1902.2439
1788758700000,2026-09-07T05:25:00Z,186.9,187.05,186.82,187.02,29.19,5457.1639
1788759000000,2026-09-07T05:30:00Z,187.02,187.02,186.87,186.87,5.18,968.3801
1788759300000,2026-09-07T05:35:00Z,186.87,186.92,186.86,186.92,11.89,2222.1102
1788759600000,2026-09-07T05:40:00Z,186.92,186.97,186.92,186.97,9.27,1733.1322
1788759900000,2026-09-07T05:45:00Z,186.97,186.97,186.93,186.96,8.51,1590.9292
1788760200000,2026-09-07T05:50:00Z,186.96,186.96,186.72,186.72,10.38,1938.9004
1788760500000,2026-09-07T05:55:00Z,186.72,186.72,186.66,186.66,10.45,1950.7223
1788760800000,2026-09-07T06:00:00Z,186.66,186.66,186.66,186.66,0,0
1788761100000,2026-09-07T06:05:00Z,186.66,186.66,186.66,186.66,0,0
1788761400000,2026-09-07T06:10:00Z,186.66,186.75,186.66,186.75,6.06,1131.3275
1788761700000,2026-09-07T06:15:00Z,186.75,186.75,186.63,186.64,7.52,1403.5559
1788762000000,2026-09-07T06:20:00Z,186.64,186.64,186.47,186.47,5.35,997.6145
1788762300000,2026-09-07T06:25:00Z,186.47,186.47,186.43,186.43,8.12,1513.8604
1788762600000,2026-09-07T06:30:00Z,186.43,186.48,186.36,186.36,21.09,3931.8807
1788762900000,2026-09-07T06:35:00Z,186.36,186.36,186.3,186.33,15.23,2837.6444
1788763200000,2026-09-07T06:40:00Z,186.33,186.33,186.29,186.31,5.83,1086.1777
1788763500000,2026-09-07T06:45:00Z,186.31,186.31,186.29,186.29,5.83,1086.1777
1788763800000,2026-09-07T06:50:00Z,186.29,186.29,186.26,186.26,0.48,89.4048
1788764100000,2026-09-07T06:55:00Z,186.26,186.26,186.2,186.2,2.88,536.2809
1788764400000,2026-09-07T07:00:00Z,186.2,186.24,186.03,186.03,65.04,12107.4111
1788764700000,2026-09-07T07:05:00Z,186.03,186.03,186.03,186.03,0,0
1788765000000,2026-09-07T07:10:00Z,186.03,186.34,186.03,186.34,4.95,921.7944
1788765300000,2026-09-07T07:15:00Z,186.34,186.34,186.34,186.34,0,0
1788765600000,2026-09-07T07:20:00Z,186.34,186.34,186.03,186.04,160.87,29926.9314
1788765900000,2026-09-07T07:25:00Z,186.04,186.16,185.6,185.7,88.25,16399.1833
1788766200000,2026-09-07T07:30:00Z,185.7,185.83,185.24,185.44,92.98,17248.0779
1788766500000,2026-09-07T07:35:00Z,185.44,185.44,184.59,185.07,115.88,21427.1216
1788766800000,2026-09-07T07:40:00Z,185.07,185.42,184.42,185.34,2758.73,510385.3741
1788767100000,2026-09-07T07:45:00Z,185.34,185.84,185.34,185.73,442.02,82028.0481
1788767400000,2026-09-07T07:50:00Z,185.73,186.05,185.46,185.54,893.06,165946.2928
1788767700000,2026-09-07T07:55:00Z,185.54,185.84,185.54,185.68,26.88,4992.6944
1788768000000,2026-09-07T08:00:00Z,185.68,185.72,185.6,185.6,8.03,1490.894
1788768300000,2026-09-07T08:05:00Z,185.6,185.95,185.58,185.85,43.66,8111.0659
1788768600000,2026-09-07T08:10:00Z,185.85,185.88,185.67,185.76,59.71,11093.9364
1788768900000,2026-09-07T08:15:00Z,185.76,185.89,185.76,185.81,16.49,3064.3
1788769200000,2026-09-07T08:20:00Z,185.81,185.91,185.7,185.75,123.28,22902.074
1788769500000,2026-09-07T08:25:00Z,185.75,185.97,185.68,185.83,74.52,13850.6006
1788769800000,2026-09-07T08:30:00Z,185.83,186.08,185.82,186.03,62.19,11564.4267
1788770100000,2026-09-07T08:35:00Z,186.03,186.03,185.96,185.96,16.73,3111.7317
1788770400000,2026-09-07T08:40:00Z,185.96,186.2,185.96,186.13,21.17,3939.7793
1788770700000,2026-09-07T08:45:00Z,186.13,186.25,186.03,186.03,46.54,8664.502
1788771000000,2026-09-07T08:50:00Z,186.03,186.03,186.03,186.03,0,0
1788771300000,2026-09-07T08:55:00Z,186.03,186.03,186.03,186.03,0,0
1788771600000,2026-09-07T09:00:00Z,186.03,186.19,186.03,186.19,2.57,478.4526
1788771900000,2026-09-07T09:05:00Z,186.19,186.28,186.17,186.28,7.66,1426.8913
1788772200000,2026-09-07T09:10:00Z,186.28,186.4,186.28,186.37,19.37,3610.0476
1788772500000,2026-09-07T09:15:00Z,186.37,186.37,186.37,186.37,0,0
1788772800000,2026-09-07T09:20:00Z,186.37,186.37,186.21,186.23,3.11,579.2451
1788773100000,2026-09-07T09:25:00Z,186.23,186.44,186.23,186.29,27.39,5102.9426
1788773400000,2026-09-07T09:30:00Z,186.29,186.39,186.1,186.1,27.52,5125.2987
1788773700000,2026-09-07T09:35:00Z,186.1,186.1,185.93,186.05,3.86,718.1824
1788774000000,2026-09-07T09:40:00Z,186.05,186.13,186.05,186.08,1.85,344.3063
1788774300000,2026-09-07T09:45:00Z,186.08,186.19,185.86,186.04,33.44,6219.2126
1788774600000,2026-09-07T09:50:00Z,186.04,186.12,185.59,185.73,24.61,4571.6452
1788774900000,2026-09-07T09:55:00Z,185.73,185.73,185.65,185.68,9.75,1810.6811
1788775200000,2026-09-07T10:00:00Z,185.68,185.9,185.55,185.9,25.28,4693.3803
1788775500000,2026-09-07T10:05:00Z,185.9,185.9,185.56,185.56,34.61,6428.6919
1788775800000,2026-09-07T10:10:00Z,185.56,185.94,185.56,185.88,13.86,2576.9402
1788776100000,2026-09-07T10:15:00Z,185.88,185.96,185.88,185.96,60.13,11181.467
1788776400000,2026-09-07T10:20:00Z,185.96,186.1,185.96,185.97,15.48,2880.1996
1788776700000,2026-09-07T10:25:00Z,185.97,186.12,185.97,186.12,8.48,1578.0535
1788777000000,2026-09-07T10:30:00Z,186.12,186.12,185.96,186.01,19.94,3708.239
1788777300000,2026-09-07T10:35:00Z,186.01,186.15,185.96,186.15,27.92,5193.6862
1788777600000,2026-09-07T10:40:00Z,186.15,186.15,186.15,186.15,0,0
1788777900000,2026-09-07T10:45:00Z,186.15,186.25,186.15,186.25,4.65,866.0625
1788778200000,2026-09-07T10:50:00Z,186.25,186.3,186.21,186.24,7.07,1316.745
1788778500000,2026-09-07T10:55:00Z,186.24,186.25,185.96,186.25,59.38,11045.6123
1788778800000,2026-09-07T11:00:00Z,186.25,186.25,186.12,186.25,4.38,815.3799
1788779100000,2026-09-07T11:05:00Z,186.25,186.25,185.96,185.96,111.96,20825.0357
1788779400000,2026-09-07T11:10:00Z,185.96,185.96,185.96,185.96,0,0
1788779700000,2026-09-07T11:15:00Z,185.96,185.96,185.96,185.96,0,0
1788780000000,2026-09-07T11:20:00Z,185.96,186.18,185.96,186.18,0.24,44.6832
1788780300000,2026-09-07T11:25:00Z,186.18,186.18,186.18,186.18,0,0
1788780600000,2026-09-07T11:30:00Z,186.18,186.4,186.18,186.28,14.46,2694.2767
1788780900000,2026-09-07T11:35:00Z,186.28,186.28,186.28,186.28,0,0
1788781200000,2026-09-07T11:40:00Z,186.28,186.28,186.28,186.28,0,0
1788781500000,2026-09-07T11:45:00Z,186.28,186.28,186.15,186.23,6.9,1284.5887
1788781800000,2026-09-07T11:50:00Z,186.23,186.23,186.18,186.18,2.01,374.2426
1788782100000,2026-09-07T11:55:00Z,186.18,186.22,186.06,186.13,43.76,8144.4967
1788782400000,2026-09-07T12:00:00Z,186.13,186.13,186.12,186.12,0.76,141.4512
1788782700000,2026-09-07T12:05:00Z,186.12,186.12,186.12,186.12,0,0
1788783000000,2026-09-07T12:10:00Z,186.12,186.12,186.12,186.12,0,0
1788783300000,2026-09-07T12:15:00Z,186.12,186.12,186.12,186.12,0,0
1788783600000,2026-09-07T12:20:00Z,186.12,186.32,186.12,186.31,4.6,856.9918
1788783900000,2026-09-07T12:25:00Z,186.31,186.31,186.31,186.31,0,0
1788784200000,2026-09-07T12:30:00Z,186.31,186.31,186.29,186.29,0.48,89.4192
1788784500000,2026-09-07T12:35:00Z,186.29,186.29,186.29,186.29,0,0
1788784800000,2026-09-07T12:40:00Z,186.29,186.39,186.29,186.39,3.83,713.8677
1788785100000,2026-09-07T12:45:00Z,186.39,186.67,186.35,186.57,27.66,5159.0993
1788785400000,2026-09-07T12:50:00Z,186.57,186.79,186.57,186.75,14.39,2686.6775
1788785700000,2026-09-07T12:55:00Z,186.75,186.81,186.7,186.77,10.8,2016.8431
1788786000000,2026-09-07T13:00:00Z,186.77,186.81,186.64,186.72,98.27,18349.5071
1788786300000,2026-09-07T13:05:00Z,186.72,186.85,186.72,186.77,20.17,3767.309
1788786600000,2026-09-07T13:10:00Z,186.77,186.9,186.64,186.8,98.96,18488.9159
1788786900000,2026-09-07T13:15:00Z,186.8,186.8,186.71,186.75,6.25,1167.3279
1788787200000,2026-09-07T13:20:00Z,186.75,186.85,186.75,186.84,2.25,420.3925
1788787500000,2026-09-07T13:25:00Z,186.84,186.94,186.55,186.89,75.2,14046.5917
1788787800000,2026-09-07T13:30:00Z,186.89,186.89,186.3,186.3,4.33,807.0104
1788788100000,2026-09-07T13:35:00Z,186.3,186.39,186.13,186.34,8.12,1512.75
1788788400000,2026-09-07T13:40:00Z,186.34,186.34,185.99,185.99,33.82,6292.3119
1788788700000,2026-09-07T13:45:00Z,185.99,186.11,185.94,185.94,6.82,1268.8705
1788789000000,2026-09-07T13:50:00Z,185.94,186.23,185.94,186.23,1.49,277.4381
1788789300000,2026-09-07T13:55:00Z,186.23,186.23,186.09,186.09,0.84,156.3276
1788789600000,2026-09-07T14:00:00Z,186.09,186.21,186.09,186.18,3.93,731.7221
1788789900000,2026-09-07T14:05:00Z,186.18,186.18,185.29,185.43,51.9,9630.2184
1788790200000,2026-09-07T14:10:00Z,185.43,185.75,185.43,185.74,26.04,4832.9025
1788790500000,2026-09-07T14:15:00Z,185.74,185.74,185.43,185.43,4.41,818.5969
1788790800000,2026-09-07T14:20:00Z,185.43,185.5,185.28,185.33,42.63,7906.7115
1788791100000,2026-09-07T14:25:00Z,185.33,185.47,185.22,185.47,42.02,7787.9447
1788791400000,2026-09-07T14:30:00Z,185.47,185.47,185.03,185.04,459.95,85141.3463
1788791700000,2026-09-07T14:35:00Z,185.04,185.18,185.02,185.05,24.66,4563.5713
1788792000000,2026-09-07T14:40:00Z,185.05,185.05,184.63,184.95,807.2,149179.3175
1788792300000,2026-09-07T14:45:00Z,184.95,184.95,184.95,184.95,0,0
1788792600000,2026-09-07T14:50:00Z,184.95,185.69,184.95,185.65,40.05,7426.4534
1788792900000,2026-09-07T14:55:00Z,185.65,185.65,185.65,185.65,0,0
1788793200000,2026-09-07T15:00:00Z,185.65,185.65,185.01,185.01,9.4,1740.686
1788793500000,2026-09-07T15:05:00Z,185.01,185.26,184.83,185.25,331.89,61440.6642
1788793800000,2026-09-07T15:10:00Z,185.25,185.36,185.22,185.36,1.65,305.6399
1788794100000,2026-09-07T15:15:00Z,185.36,185.36,184.77,185.2,23.25,4299.188
1788794400000,2026-09-07T15:20:00Z,185.2,185.45,185.2,185.39,10.48,1943.5103
1788794700000,2026-09-07T15:25:00Z,185.39,185.39,185.13,185.14,2.37,438.7756
1788795000000,2026-09-07T15:30:00Z,185.14,185.14,184.63,184.72,819.12,151354.9216
1788795300000,2026-09-07T15:35:00Z,184.72,184.84,184.51,184.53,237.08,43794.9042
1788795600000,2026-09-07T15:40:00Z,184.53,184.65,184.38,184.65,304.25,56129.1818
1788795900000,2026-09-07T15:45:00Z,184.65,184.91,184.55,184.77,389.01,71833.6619
1788796200000,2026-09-07T15:50:00Z,184.77,184.86,184.67,184.79,25.77,4759.8512
1788796500000,2026-09-07T15:55:00Z,184.79,184.79,184.39,184.64,45.67,8429.149
1788796800000,2026-09-07T16:00:00Z,184.64,184.73,184.5,184.66,15.01,2770.9428
1788797100000,2026-09-07T16:05:00Z,184.66,184.82,184.65,184.76,13.35,2466.9688
1788797400000,2026-09-07T16:10:00Z,184.76,184.76,184.75,184.76,2.13,393.5182
1788797700000,2026-09-07T16:15:00Z,184.76,184.89,184.76,184.78,2.23,412.081
1788798000000,2026-09-07T16:20:00Z,184.78,184.83,184.64,184.64,0.93,171.758
1788798300000,2026-09-07T16:25:00Z,184.64,184.64,184.46,184.46,17.71,3268.0741
1788798600000,2026-09-07T16:30:00Z,184.46,184.83,184.46,184.7,5.17,955.3596
1788798900000,2026-09-07T16:35:00Z,184.7,185.22,184.7,185.09,25.26,4677.2758
1788799200000,2026-09-07T16:40:00Z,185.09,185.1,185.01,185.03,0.43,79.5738
1788799500000,2026-09-07T16:45:00Z,185.03,185.03,184.99,185.01,0.82,151.7043
1788799800000,2026-09-07T16:50:00Z,185.01,185.19,184.96,185.19,2.8,518.4971
1788800100000,2026-09-07T16:55:00Z,185.19,185.19,185.12,185.12,0.25,46.28
1788800400000,2026-09-07T17:00:00Z,185.12,185.15,185.08,185.15,2.66,492.3816
1788800700000,2026-09-07T17:05:00Z,185.15,185.27,185.15,185.27,0.5,92.635
1788801000000,2026-09-07T17:10:00Z,185.27,185.45,185.27,185.43,14.87,2757.3451
1788801300000,2026-09-07T17:15:00Z,185.43,185.58,185.43,185.5,66.05,12252.3056
1788801600000,2026-09-07T17:20:00Z,185.5,185.67,185.38,185.38,73.69,13674.8867
1788801900000,2026-09-07T17:25:00Z,185.38,185.52,185.38,185.52,0.5,92.76
1788802200000,2026-09-07T17:30:00Z,185.52,185.58,185.21,185.32,55.4,10271.3204
1788802500000,2026-09-07T17:35:00Z,185.32,185.5,185.28,185.48,38.4,7118.9082
1788802800000,2026-09-07T17:40:00Z,185.48,185.68,185.48,185.61,31.34,5817.6654
1788803100000,2026-09-07T17:45:00Z,185.61,185.61,185.61,185.61,0,0
1788803400000,2026-09-07T17:50:00Z,185.61,185.72,185.61,185.72,14.48,2688.5084
1788803700000,2026-09-07T17:55:00Z,185.72,185.72,185.61,185.61,0.3,55.683
1788804000000,2026-09-07T18:00:00Z,185.61,185.68,185.61,185.68,0.25,46.42
1788804300000,2026-09-07T18:05:00Z,185.68,185.68,185.57,185.61,4.41,818.6635
1788804600000,2026-09-07T18:10:00Z,185.61,185.67,185.61,185.67,0.76,141.1092
1788804900000,2026-09-07T18:15:00Z,185.67,185.67,185.67,185.67,0,0
1788805200000,2026-09-07T18:20:00Z,185.67,185.67,185.67,185.67,0,0
1788805500000,2026-09-07T18:25:00Z,185.67,185.67,185.4,185.42,1.97,365.3363
1788805800000,2026-09-07T18:30:00Z,185.42,185.42,185.35,185.35,5.3,982.355
1788806100000,2026-09-07T18:35:00Z,185.35,185.38,185.35,185.38,8.21,1521.9209
1788806400000,2026-09-07T18:40:00Z,185.38,185.38,185.38,185.38,0,0
1788806700000,2026-09-07T18:45:00Z,185.38,185.42,185.38,185.42,0.09,16.6878
1788807000000,2026-09-07T18:50:00Z,185.42,185.65,185.42,185.65,3.56,660.8084
1788807300000,2026-09-07T18:55:00Z,185.65,185.65,185.6,185.6,4.11,762.8516
1788807600000,2026-09-07T19:00:00Z,185.6,185.6,185.39,185.45,0.28,51.9176
1788807900000,2026-09-07T19:05:00Z,185.45,185.59,185.45,185.59,0.47,87.2273
1788808200000,2026-09-07T19:10:00Z,185.59,185.59,185.44,185.44,0.25,46.36
1788808500000,2026-09-07T19:15:00Z,185.44,185.59,185.44,185.53,6.77,1256.1616
1788808800000,2026-09-07T19:20:00Z,185.53,185.59,185.53,185.58,2,371.1675
1788809100000,2026-09-07T19:25:00Z,185.58,185.7,185.58,185.7,10.27,1906.2802
1788809400000,2026-09-07T19:30:00Z,185.7,185.91,185.7,185.91,28.09,5220.729
1788809700000,2026-09-07T19:35:00Z,185.91,185.96,185.8,185.88,25.68,4773.3514
1788810000000,2026-09-07T19:40:00Z,185.88,185.89,185.85,185.89,4.49,834.4887
1788810300000,2026-09-07T19:45:00Z,185.89,185.96,185.89,185.95,2.49,462.9515
1788810600000,2026-09-07T19:50:00Z,185.95,185.97,185.86,185.91,34.08,6336.3109
1788810900000,2026-09-07T19:55:00Z,185.91,185.97,185.85,185.92,9.45,1757.0844
1788811200000,2026-09-07T20:00:00Z,185.92,186.03,185.87,185.92,10.53,1957.571
1788811500000,2026-09-07T20:05:00Z,185.92,185.92,185.7,185.76,8.14,1511.6576
1788811800000,2026-09-07T20:10:00Z,185.76,185.76,185.6,185.62,24.86,4615.0578
1788812100000,2026-09-07T20:15:00Z,185.62,185.62,185.62,185.62,0,0
1788812400000,2026-09-07T20:20:00Z,185.62,185.71,185.62,185.65,15.03,2790.7921
1788812700000,2026-09-07T20:25:00Z,185.65,185.69,185.65,185.69,2.64,490.2216
1788813000000,2026-09-07T20:30:00Z,185.69,185.73,185.69,185.73,0.24,44.5752
1788813300000,2026-09-07T20:35:00Z,185.73,185.8,185.73,185.8,0.24,44.592
1788813600000,2026-09-07T20:40:00Z,185.8,185.8,185.74,185.79,0.72,133.752
1788813900000,2026-09-07T20:45:00Z,185.79,185.86,185.77,185.86,14.3,2656.9755
1788814200000,2026-09-07T20:50:00Z,185.86,185.86,185.73,185.73,7.96,1478.6369
1788814500000,2026-09-07T20:55:00Z,185.73,185.89,185.73,185.89,0.25,46.4725
1788814800000,2026-09-07T21:00:00Z,185.89,185.99,185.89,185.99,9.78,1818.9822
1788815100000,2026-09-07T21:05:00Z,185.99,185.99,185.99,185.99,0,0
1788815400000,2026-09-07T21:10:00Z,185.99,185.99,185.99,185.99,0,0
1788815700000,2026-09-07T21:15:00Z,185.99,185.99,185.66,185.72,12.93,2401.2814
1788816000000,2026-09-07T21:20:00Z,185.72,185.72,185.72,185.72,0,0
1788816300000,2026-09-07T21:25:00Z,185.72,185.75,185.72,185.75,1.82,338.065
1788816600000,2026-09-07T21:30:00Z,185.75,185.75,185.63,185.66,13.52,2510.3365
1788816900000,2026-09-07T21:35:00Z,185.66,185.69,185.66,185.69,1.32,245.096
1788817200000,2026-09-07T21:40:00Z,185.69,185.69,185.61,185.61,0.75,139.2075
1788817500000,2026-09-07T21:45:00Z,185.61,185.61,185.61,185.61,0,0
1788817800000,2026-09-07T21:50:00Z,185.61,185.67,185.47,185.67,25.43,4718.8445
1788818100000,2026-09-07T21:55:00Z,185.67,185.68,185.42,185.42,6.02,1117.5965
1788818400000,2026-09-07T22:00:00Z,185.42,185.46,185.01,185.36,41.89,7758.414
1788818700000,2026-09-07T22:05:00Z,185.36,185.44,185.21,185.38,41.29,7650.481
1788819000000,2026-09-07T22:10:00Z,185.38,185.56,185.38,185.42,8.77,1626.9221
1788819300000,2026-09-07T22:15:00Z,185.42,185.42,185.08,185.14,22.88,4236.7039
1788819600000,2026-09-07T22:20:00Z,185.14,185.14,185.14,185.14,0,0
1788819900000,2026-09-07T22:25:00Z,185.14,185.58,185.14,185.34,76.59,14198.1112
1788820200000,2026-09-07T22:30:00Z,185.34,185.34,185.03,185.07,18.78,3475.8171
1788820500000,2026-09-07T22:35:00Z,185.07,185.07,184.84,184.84,10.9,2016.0538
1788820800000,2026-09-07T22:40:00Z,184.84,184.84,184.63,184.68,8.23,1520.1313
1788821100000,2026-09-07T22:45:00Z,184.68,184.95,184.67,184.95,4.76,880.1604
1788821400000,2026-09-07T22:50:00Z,184.95,185.04,184.95,185.04,0.47,86.9688
1788821700000,2026-09-07T22:55:00Z,185.04,185.04,184.92,184.92,1.33,245.9636
1788822000000,2026-09-07T23:00:00Z,184.92,185.16,184.92,185.08,8.38,1551.5462
1788822300000,2026-09-07T23:05:00Z,185.08,185.35,185.08,185.35,16.54,3064.3227
1788822600000,2026-09-07T23:10:00Z,185.35,185.35,185.27,185.31,6.66,1234.0252
1788822900000,2026-09-07T23:15:00Z,185.31,185.34,185.04,185.06,26.94,4987.1599
1788823200000,2026-09-07T23:20:00Z,185.06,185.08,185.06,185.08,0.12,22.2096
1788823500000,2026-09-07T23:25:00Z,185.08,185.08,185.08,185.08,0,0
1788823800000,2026-09-07T23:30:00Z,185.08,185.21,185.08,185.21,0.3,55.563
1788824100000,2026-09-07T23:35:00Z,185.21,185.29,185.21,185.29,0.59,109.3211
1788824400000,2026-09-07T23:40:00Z,185.29,185.47,185.29,185.44,11.6,2151.0744
1788824700000,2026-09-07T23:45:00Z,185.44,185.64,185.44,185.58,16.83,3124.0133
1788825000000,2026-09-07T23:50:00Z,185.58,185.58,185.53,185.53,3.51,651.2454
1788825300000,2026-09-07T23:55:00Z,185.53,185.53,185.36,185.36,8.85,1640.9415
1788825600000,2026-09-08T00:00:00Z,185.36,185.39,182.81,183.12,698.31,128663.958
1788825900000,2026-09-08T00:05:00Z,183.12,184.52,183.12,184.41,54.87,10093.4434
1788826200000,2026-09-08T00:10:00Z,184.41,184.54,184.38,184.54,34.08,6285.5246
1788826500000,2026-09-08T00:15:00Z,184.54,184.89,184.52,184.83,15.77,2913.6132
1788826800000,2026-09-08T00:20:00Z,184.83,184.83,184.08,184.11,37.46,6900.9379
1788827100000,2026-09-08T00:25:00Z,184.11,184.33,184.11,184.26,26.06,4801.3432
1788827400000,2026-09-08T00:30:00Z,184.26,185.29,184.21,185.11,90.52,16737.0549
1788827700000,2026-09-08T00:35:00Z,185.11,185.42,185.03,185.42,47.73,8843.287
1788828000000,2026-09-08T00:40:00Z,185.42,185.55,185.17,185.33,60.72,11257.8672
1788828300000,2026-09-08T00:45:00Z,185.33,185.52,185.23,185.46,51.73,9590.1009
1788828600000,2026-09-08T00:50:00Z,185.46,185.56,185.45,185.54,10.99,2038.9462
1788828900000,2026-09-08T00:55:00Z,185.54,185.77,185.54,185.77,15.89,2951.2538
1788829200000,2026-09-08T01:00:00Z,185.77,185.77,185.38,185.38,12.93,2399.4103
1788829500000,2026-09-08T01:05:00Z,185.38,185.59,185.35,185.59,12.19,2260.6401
1788829800000,2026-09-08T01:10:00Z,185.59,185.6,185.26,185.26,23.82,4417.9733
1788830100000,2026-09-08T01:15:00Z,185.26,185.33,185.07,185.26,11.93,2210.6521
1788830400000,2026-09-08T01:20:00Z,185.26,185.66,185.21,185.39,35.21,6528.3631
1788830700000,2026-09-08T01:25:00Z,185.39,185.48,185.34,185.34,6.08,1127.5864
1788831000000,2026-09-08T01:30:00Z,185.34,185.34,185.15,185.23,139.45,25827.8301
1788831300000,2026-09-08T01:35:00Z,185.23,185.25,185.2,185.25,2.26,418.626
1788831600000,2026-09-08T01:40:00Z,185.25,185.31,185.25,185.31,0.07,12.9717
1788831900000,2026-09-08T01:45:00Z,185.31,185.43,185.31,185.43,2.97,550.5982
1788832200000,2026-09-08T01:50:00Z,185.43,185.46,185.43,185.46,1.75,324.5465
1788832500000,2026-09-08T01:55:00Z,185.46,185.69,185.46,185.69,8.79,1632.1545
1788832800000,2026-09-08T02:00:00Z,185.69,185.73,185.54,185.54,3.82,709.3154
1788833100000,2026-09-08T02:05:00Z,185.54,185.54,185.38,185.38,5.65,1047.704
1788833400000,2026-09-08T02:10:00Z,185.38,185.38,185.28,185.31,11.48,2127.5264
1788833700000,2026-09-08T02:15:00Z,185.31,185.31,185.31,185.31,0,0
1788834000000,2026-09-08T02:20:00Z,185.31,185.77,185.31,185.75,22.92,4256.8292
1788834300000,2026-09-08T02:25:00Z,185.75,185.75,185.23,185.23,6.56,1216.6563
1788834600000,2026-09-08T02:30:00Z,185.23,185.23,185.05,185.09,20.35,3767.5932
1788834900000,2026-09-08T02:35:00Z,185.09,185.1,184.84,184.84,4.67,863.4214
1788835200000,2026-09-08T02:40:00Z,184.84,184.84,184.32,184.55,58.47,10789.7721
1788835500000,2026-09-08T02:45:00Z,184.55,184.67,184.53,184.64,13.17,2431.656
1788835800000,2026-09-08T02:50:00Z,184.64,184.64,184.07,184.1,63.86,11763.0602
1788836100000,2026-09-08T02:55:00Z,184.1,184.2,183.98,183.98,18.52,3409.2033
1788836400000,2026-09-08T03:00:00Z,183.98,184.2,183.93,183.93,23.34,4297.9348
1788836700000,2026-09-08T03:05:00Z,183.93,184.24,183.93,184.24,1.97,362.5352
1788837000000,2026-09-08T03:10:00Z,184.24,184.24,184.15,184.15,8.35,1537.7311
1788837300000,2026-09-08T03:15:00Z,184.15,184.2,184.07,184.09,2.93,539.5159
1788837600000,2026-09-08T03:20:00Z,184.09,184.09,183.67,183.89,18.47,3396.1961
1788837900000,2026-09-08T03:25:00Z,183.89,183.89,183.73,183.84,2.82,518.5121
1788838200000,2026-09-08T03:30:00Z,183.84,184.33,183.84,184.3,23.39,4307.5176
1788838500000,2026-09-08T03:35:00Z,184.3,184.5,184.21,184.27,40.27,7422.784
1788838800000,2026-09-08T03:40:00Z,184.27,184.36,184.23,184.29,2.44,449.745
1788839100000,2026-09-08T03:45:00Z,184.29,184.29,184.03,184.03,2.53,465.885
1788839400000,2026-09-08T03:50:00Z,184.03,184.03,183.99,183.99,4.36,802.2446
1788839700000,2026-09-08T03:55:00Z,183.99,184.03,183.99,183.99,6.69,1231.0863
1788840000000,2026-09-08T04:00:00Z,183.99,184.19,183.99,184.18,2.58,475.0962
1788840300000,2026-09-08T04:05:00Z,184.18,184.18,184.06,184.11,3.52,648.0582
1788840600000,2026-09-08T04:10:00Z,184.11,184.11,183.86,183.87,2.9,533.6656
1788840900000,2026-09-08T04:15:00Z,183.87,184.08,183.8,184.08,12.51,2300.8796
1788841200000,2026-09-08T04:20:00Z,184.08,184.08,183.66,183.66,9.99,1835.9478
1788841500000,2026-09-08T04:25:00Z,183.66,183.72,183.63,183.72,17.76,3261.9043
1788841800000,2026-09-08T04:30:00Z,183.72,183.91,183.72,183.78,41.2,7573.8926
1788842100000,2026-09-08T04:35:00Z,183.78,183.78,183.5,183.78,9.22,1692.3355
1788842400000,2026-09-08T04:40:00Z,183.78,183.78,183.44,183.44,6.16,1130.098
1788842700000,2026-09-08T04:45:00Z,183.44,183.58,183.44,183.58,7.02,1288.0396
1788843000000,2026-09-08T04:50:00Z,183.58,183.59,183.39,183.39,16.93,3106.5712
1788843300000,2026-09-08T04:55:00Z,183.39,183.39,183.14,183.14,30.43,5576.2019
1788843600000,2026-09-08T05:00:00Z,183.14,183.36,182.94,183.24,53.3,9760.8339
1788843900000,2026-09-08T05:05:00Z,183.24,183.24,182.9,182.9,17.11,3132.5447
1788844200000,2026-09-08T05:10:00Z,182.9,183.08,182.9,182.98,2.73,499.6222
1788844500000,2026-09-08T05:15:00Z,182.98,183.22,182.79,183.22,29.16,5333.1315
1788844800000,2026-09-08T05:20:00Z,183.22,183.49,183.17,183.23,21.23,3892.9246
1788845100000,2026-09-08T05:25:00Z,183.23,183.23,182.92,182.92,16.39,3000.1935
1788845400000,2026-09-08T05:30:00Z,182.92,182.92,182.58,182.58,160.44,29319.5841
1788845700000,2026-09-08T05:35:00Z,182.58,182.76,182.54,182.76,25.35,4629.3469
1788846000000,2026-09-08T05:40:00Z,182.76,182.76,182.46,182.47,33.98,6205.54
1788846300000,2026-09-08T05:45:00Z,182.47,182.59,182.42,182.54,9.37,1709.6972
1788846600000,2026-09-08T05:50:00Z,182.54,182.63,182.21,182.21,20.25,3693.3741
1788846900000,2026-09-08T05:55:00Z,182.21,182.21,181.92,181.92,39.99,7276.1437
1788847200000,2026-09-08T06:00:00Z,181.92,182.04,181.73,181.88,217.07,39476.9161
1788847500000,2026-09-08T06:05:00Z,181.88,182.07,181.67,182.07,20.56,3737.2148
1788847800000,2026-09-08T06:10:00Z,182.07,182.07,181.63,181.94,107.88,19609.4472
1788848100000,2026-09-08T06:15:00Z,181.94,182.11,181.43,181.43,32.09,5836.6565
1788848400000,2026-09-08T06:20:00Z,181.43,181.76,181.41,181.69,47.41,8609.7453
1788848700000,2026-09-08T06:25:00Z,181.69,181.75,181.52,181.52,7.79,1415.4123
1788849000000,2026-09-08T06:30:00Z,181.52,181.68,181.49,181.49,21.03,3818.6717
1788849300000,2026-09-08T06:35:00Z,181.49,181.7,181.38,181.7,59.08,10731.8425
1788849600000,2026-09-08T06:40:00Z,181.7,181.7,181.56,181.56,0.25,45.39
1788849900000,2026-09-08T06:45:00Z,181.56,181.63,181.45,181.45,25.27,4588.1779
1788850200000,2026-09-08T06:50:00Z,181.45,181.45,181.1,181.14,293.73,53222.7769
1788850500000,2026-09-08T06:55:00Z,181.14,181.38,181.11,181.27,68.94,12492.8734
1788850800000,2026-09-08T07:00:00Z,181.27,181.46,181.21,181.46,12.74,2309.3399
1788851100000,2026-09-08T07:05:00Z,181.46,181.95,181.46,181.76,26.15,4756.4128
1788851400000,2026-09-08T07:10:00Z,181.76,181.85,181.67,181.67,6.05,1099.8323
1788851700000,2026-09-08T07:15:00Z,181.67,181.67,181.67,181.67,0,0
1788852000000,2026-09-08T07:20:00Z,181.67,181.91,181.67,181.88,14.53,2641.5215
1788852300000,2026-09-08T07:25:00Z,181.88,182.06,181.88,181.93,13.91,2531.4198
1788852600000,2026-09-08T07:30:00Z,181.93,181.93,181.56,181.66,11.02,2001.5498
1788852900000,2026-09-08T07:35:00Z,181.66,181.98,181.66,181.86,10.61,1929.8286
1788853200000,2026-09-08T07:40:00Z,181.86,181.94,181.6,181.63,19.38,3524.0589
1788853500000,2026-09-08T07:45:00Z,181.63,181.63,181.28,181.28,6.54,1185.9693
1788853800000,2026-09-08T07:50:00Z,181.28,181.33,180.94,181.31,192.31,34821.879
1788854100000,2026-09-08T07:55:00Z,181.31,181.51,181.31,181.46,174.46,31652.7229
1788854400000,2026-09-08T08:00:00Z,181.46,181.96,180.51,180.97,512.38,92803.9409
1788854700000,2026-09-08T08:05:00Z,180.97,181.42,180.82,180.82,224.94,40781.6202
1788855000000,2026-09-08T08:10:00Z,180.82,181.08,180.76,181.08,18.64,3372.1015
1788855300000,2026-09-08T08:15:00Z,181.08,181.27,180.84,180.95,40.56,7342.2765
1788855600000,2026-09-08T08:20:00Z,180.95,180.95,180.77,180.9,5.21,942.0271
1788855900000,2026-09-08T08:25:00Z,180.9,181.35,180.79,181.35,39.54,7160.7562
1788856200000,2026-09-08T08:30:00Z,181.35,181.45,181.04,181.37,43.92,7963.2441
1788856500000,2026-09-08T08:35:00Z,181.37,181.67,181.37,181.5,28.29,5136.1879
1788856800000,2026-09-08T08:40:00Z,181.5,181.54,181.37,181.37,35.52,6446.9173
1788857100000,2026-09-08T08:45:00Z,181.37,181.5,181.12,181.12,30.48,5524.6151
1788857400000,2026-09-08T08:50:00Z,181.12,181.23,180.78,180.94,53.94,9764.1863
1788857700000,2026-09-08T08:55:00Z,180.94,181.08,180.94,181.08,24.08,4359.6375
1788858000000,2026-09-08T09:00:00Z,181.08,181.08,180.93,181.01,2.54,459.6195
1788858300000,2026-09-08T09:05:00Z,181.01,181.01,180.69,180.69,12.15,2196.5121
1788858600000,2026-09-08T09:10:00Z,180.69,181.2,180.69,181.2,24.09,4360.4102
1788858900000,2026-09-08T09:15:00Z,181.2,181.34,181.03,181.13,45.95,8325.8482
1788859200000,2026-09-08T09:20:00Z,181.13,181.13,180.93,180.93,15.41,2789.8935
1788859500000,2026-09-08T09:25:00Z,180.93,181.3,180.93,181.26,24.54,4447.7876
1788859800000,2026-09-08T09:30:00Z,181.26,181.72,181.19,181.72,34.56,6271.013
1788860100000,2026-09-08T09:35:00Z,181.72,182.2,181.72,182.2,65.59,11939.8506
1788860400000,2026-09-08T09:40:00Z,182.2,182.56,182.2,182.37,34.76,6337.6584
1788860700000,2026-09-08T09:45:00Z,182.37,182.52,182.32,182.45,16.44,2999.3201
1788861000000,2026-09-08T09:50:00Z,182.45,182.68,182.4,182.5,253.75,46329.9773
1788861300000,2026-09-08T09:55:00Z,182.5,182.59,182.49,182.59,9.03,1648.1237
1788861600000,2026-09-08T10:00:00Z,182.59,182.59,182.28,182.38,13.47,2456.3634
1788861900000,2026-09-08T10:05:00Z,182.38,182.52,182.26,182.26,50.4,9191.0511
1788862200000,2026-09-08T10:10:00Z,182.26,182.44,182.26,182.33,36.78,6707.1022
1788862500000,2026-09-08T10:15:00Z,182.33,182.5,182.33,182.5,100.7,18376.2237
1788862800000,2026-09-08T10:20:00Z,182.5,183.17,182.5,182.76,332.93,60861.7833
1788863100000,2026-09-08T10:25:00Z,182.76,183.01,182.74,182.9,59.35,10850.9046
1788863400000,2026-09-08T10:30:00Z,182.9,183.08,182.56,182.56,32.98,6029.7538
1788863700000,2026-09-08T10:35:00Z,182.56,182.59,182.5,182.52,208.93,38132.0302
1788864000000,2026-09-08T10:40:00Z,182.52,182.57,182.5,182.52,284.09,51847.8021
1788864300000,2026-09-08T10:45:00Z,182.52,182.52,182.33,182.34,69.93,12762.1178
1788864600000,2026-09-08T10:50:00Z,182.34,182.51,182.27,182.27,42.44,7740.1937
1788864900000,2026-09-08T10:55:00Z,182.27,182.48,182.27,182.48,13.56,2472.702
1788865200000,2026-09-08T11:00:00Z,182.48,182.48,182.15,182.15,13.03,2376.0305
1788865500000,2026-09-08T11:05:00Z,182.15,182.15,181.67,181.84,94.36,17167.2624
1788865800000,2026-09-08T11:10:00Z,181.84,181.84,181.57,181.57,4.73,859.1522
1788866100000,2026-09-08T11:15:00Z,181.57,181.96,181.57,181.94,6.21,1129.276
1788866400000,2026-09-08T11:20:00Z,181.94,182.19,181.94,182.19,5.9,1074.2227
1788866700000,2026-09-08T11:25:00Z,182.19,182.2,182.03,182.12,30.91,5630.451
1788867000000,2026-09-08T11:30:00Z,182.12,182.22,181.92,182.22,9.64,1754.5532
1788867300000,2026-09-08T11:35:00Z,182.22,182.33,182.18,182.31,2.04,371.8046
1788867600000,2026-09-08T11:40:00Z,182.31,182.43,182.11,182.43,16.98,3093.8554
1788867900000,2026-09-08T11:45:00Z,182.43,182.43,182.08,182.15,22.82,4157.1859
1788868200000,2026-09-08T11:50:00Z,182.15,182.28,181.99,182.15,104.31,19006.1327
1788868500000,2026-09-08T11:55:00Z,182.15,182.53,182.15,182.49,44.35,8089.7305
1788868800000,2026-09-08T12:00:00Z,182.49,182.49,181.62,181.67,115,20906.3913
1788869100000,2026-09-08T12:05:00Z,181.67,182.11,181.67,182.11,108.1,19664.5758
1788869400000,2026-09-08T12:10:00Z,182.11,182.12,181.5,181.55,197.29,35817.8481
1788869700000,2026-09-08T12:15:00Z,181.55,182.02,181.55,182.02,7.66,1393.4267
1788870000000,2026-09-08T12:20:00Z,182.02,182.3,182.02,182.24,14.62,2662.7578
1788870300000,2026-09-08T12:25:00Z,182.24,182.44,182.18,182.18,22.44,4090.2987
1788870600000,2026-09-08T12:30:00Z,182.18,182.66,182.18,182.54,12.54,2288.7448
1788870900000,2026-09-08T12:35:00Z,182.54,182.65,182.47,182.54,15.79,2882.9853
1788871200000,2026-09-08T12:40:00Z,182.54,182.54,182.29,182.48,1.86,339.3378
1788871500000,2026-09-08T12:45:00Z,182.48,182.58,182.39,182.58,3.73,680.5734
1788871800000,2026-09-08T12:50:00Z,182.58,182.68,182.57,182.67,10.84,1979.6994
1788872100000,2026-09-08T12:55:00Z,182.67,182.67,182.26,182.27,20.44,3727.3768
1788872400000,2026-09-08T13:00:00Z,182.27,182.97,182.23,182.97,158.95,29037.5227
1788872700000,2026-09-08T13:05:00Z,182.97,183.08,182.79,182.92,43.27,7915.8829
1788873000000,2026-09-08T13:10:00Z,182.92,183.08,182.67,182.86,79.98,14623.6618
1788873300000,2026-09-08T13:15:00Z,182.86,182.92,182.63,182.8,83.36,15233.7039
1788873600000,2026-09-08T13:20:00Z,182.8,182.8,182.26,182.26,81.6,14891.252
1788873900000,2026-09-08T13:25:00Z,182.26,182.38,180.79,181.12,627.35,114015.9285
1788874200000,2026-09-08T13:30:00Z,181.12,181.71,179.72,179.8,1315.08,237677.7023
1788874500000,2026-09-08T13:35:00Z,179.8,181.13,178.93,179.17,869.41,156208.4046
1788874800000,2026-09-08T13:40:00Z,179.17,179.69,178.56,179.49,419.75,75081.6726
1788875100000,2026-09-08T13:45:00Z,179.49,180.07,178.81,179.98,198.13,35557.4231
1788875400000,2026-09-08T13:50:00Z,179.98,180.49,178.94,180.49,191.3,34362.4344
1788875700000,2026-09-08T13:55:00Z,180.49,181.18,180.24,180.99,171.58,31011.2363
1788876000000,2026-09-08T14:00:00Z,180.99,181.71,180.99,181.57,125.84,22818.2328
1788876300000,2026-09-08T14:05:00Z,181.57,182.01,180.8,181.05,70.27,12744.0038
1788876600000,2026-09-08T14:10:00Z,181.05,181.22,180.79,180.98,164.95,29855.9139
1788876900000,2026-09-08T14:15:00Z,180.98,181.83,180.98,181.73,301.7,54776.5962
1788877200000,2026-09-08T14:20:00Z,181.73,182.08,181.34,181.5,314.37,57176.1843
1788877500000,2026-09-08T14:25:00Z,181.5,181.58,180.48,180.56,53.91,9757.5018
1788877800000,2026-09-08T14:30:00Z,180.56,181.25,180.49,180.94,80.99,14639.7209
1788878100000,2026-09-08T14:35:00Z,180.94,181.02,180.36,180.41,63.28,11430.4752
1788878400000,2026-09-08T14:40:00Z,180.41,180.41,179.89,180.03,108.11,19482.5005
1788878700000,2026-09-08T14:45:00Z,180.03,181.1,179.96,180.91,651.45,117626.9758
1788879000000,2026-09-08T14:50:00Z,180.91,181.16,180.53,180.87,21.99,3980.4884
1788879300000,2026-09-08T14:55:00Z,180.87,180.98,180.6,180.62,13.26,2396.52
1788879600000,2026-09-08T15:00:00Z,180.62,181.17,180.38,180.69,66.59,12036.1664
1788879900000,2026-09-08T15:05:00Z,180.69,181.79,180.64,181.79,69.83,12671.9705
1788880200000,2026-09-08T15:10:00Z,181.79,181.93,181.6,181.93,18.1,3290.4669
1788880500000,2026-09-08T15:15:00Z,181.93,182.11,181.41,181.41,20.4,3708.6002
1788880800000,2026-09-08T15:20:00Z,181.41,181.44,180.78,181.1,36.37,6591.0149
1788881100000,2026-09-08T15:25:00Z,181.1,181.44,181.02,181.02,10.36,1878.2075
1788881400000,2026-09-08T15:30:00Z,181.02,181.63,181.02,181.51,12.48,2264.7192
1788881700000,2026-09-08T15:35:00Z,181.51,181.6,181.08,181.49,7.07,1282.0568
1788882000000,2026-09-08T15:40:00Z,181.49,182.03,181.49,181.97,15.37,2794.9483
1788882300000,2026-09-08T15:45:00Z,181.97,182.14,181.72,181.87,5.65,1028.0567
1788882600000,2026-09-08T15:50:00Z,181.87,181.89,181.56,181.7,152.91,27781.2174
1788882900000,2026-09-08T15:55:00Z,181.7,182.33,181.7,182.15,117.14,21326.6136
1788883200000,2026-09-08T16:00:00Z,182.15,182.17,181.48,181.91,17.16,3120.2124
1788883500000,2026-09-08T16:05:00Z,181.91,181.91,181.27,181.27,11.47,2081.988
1788883800000,2026-09-08T16:10:00Z,181.27,181.3,180.7,180.91,42.5,7692.7703
1788884100000,2026-09-08T16:15:00Z,180.91,180.98,180.64,180.76,26.26,4747.5322
1788884400000,2026-09-08T16:20:00Z,180.76,181.25,180.69,181.06,43.73,7914.5511
1788884700000,2026-09-08T16:25:00Z,181.06,181.16,180.82,180.87,23.44,4241.0978
1788885000000,2026-09-08T16:30:00Z,180.87,181.19,180.79,181.19,6.72,1215.0828
1788885300000,2026-09-08T16:35:00Z,181.19,181.72,181.13,181.64,9.44,1713.2676
1788885600000,2026-09-08T16:40:00Z,181.64,181.88,181.25,181.25,24.7,4487.4088
1788885900000,2026-09-08T16:45:00Z,181.25,181.45,181.06,181.2,2.99,542.0926
1788886200000,2026-09-08T16:50:00Z,181.2,181.4,180.52,180.62,86.89,15740.0046
1788886500000,2026-09-08T16:55:00Z,180.62,180.62,180.19,180.24,31.95,5762.5825
1788886800000,2026-09-08T17:00:00Z,180.24,180.7,180.19,180.7,3.76,678.4508
1788887100000,2026-09-08T17:05:00Z,180.7,180.7,180.38,180.38,12.24,2210.0479
1788887400000,2026-09-08T17:10:00Z,180.38,180.51,180.31,180.43,15.42,2782.849
1788887700000,2026-09-08T17:15:00Z,180.43,180.43,180.08,180.12,13.58,2447.1093
1788888000000,2026-09-08T17:20:00Z,180.12,180.12,179.54,179.54,31.69,5698.844
1788888300000,2026-09-08T17:25:00Z,179.54,179.83,179.37,179.83,74.16,13303.6874
1788888600000,2026-09-08T17:30:00Z,179.83,180.4,179.83,180.34,12.99,2341.8551
1788888900000,2026-09-08T17:35:00Z,180.34,180.34,179.91,179.91,2.2,395.9888
1788889200000,2026-09-08T17:40:00Z,179.91,179.98,179.65,179.65,3.43,616.5018
1788889500000,2026-09-08T17:45:00Z,179.65,179.87,179.65,179.75,10.86,1952.339
1788889800000,2026-09-08T17:50:00Z,179.75,180.13,179.75,180.08,1.4,251.9327
1788890100000,2026-09-08T17:55:00Z,180.08,180.08,179.78,179.78,1.55,278.7306
1788890400000,2026-09-08T18:00:00Z,179.78,180.44,179.78,180.41,64.71,11664.7225
1788890700000,2026-09-08T18:05:00Z,180.41,181,180.4,180.94,35.46,6411.4828
1788891000000,2026-09-08T18:10:00Z,180.94,181.15,180.94,181.15,6.39,1157.1682
1788891300000,2026-09-08T18:15:00Z,181.15,181.38,181.11,181.16,7.31,1324.8415
1788891600000,2026-09-08T18:20:00Z,181.16,181.44,181.11,181.33,26.99,4893.2062
1788891900000,2026-09-08T18:25:00Z,181.33,181.33,180.92,180.92,1.82,329.468
1788892200000,2026-09-08T18:30:00Z,180.92,180.92,180.56,180.56,6.28,1135.6039
1788892500000,2026-09-08T18:35:00Z,180.56,180.56,180.14,180.24,5.84,1053.4303
1788892800000,2026-09-08T18:40:00Z,180.24,180.31,179.9,180.28,63.1,11357.9484
1788893100000,2026-09-08T18:45:00Z,180.28,180.37,179.21,179.52,76.79,13803.3601
1788893400000,2026-09-08T18:50:00Z,179.52,179.87,179.27,179.44,32.15,5773.2985
1788893700000,2026-09-08T18:55:00Z,179.44,179.65,179.37,179.46,22.39,4019.0974
1788894000000,2026-09-08T19:00:00Z,179.46,179.46,178.9,179.32,37.48,6712.7452
1788894300000,2026-09-08T19:05:00Z,179.32,179.73,179.32,179.54,13.11,2353.0425
1788894600000,2026-09-08T19:10:00Z,179.54,179.9,179.46,179.9,12.72,2285.5412
1788894900000,2026-09-08T19:15:00Z,179.9,180.09,179.57,179.75,4.91,882.5843
1788895200000,2026-09-08T19:20:00Z,179.75,179.75,179.39,179.42,2.83,507.8191
1788895500000,2026-09-08T19:25:00Z,179.42,179.89,179.42,179.82,18.5,3323.0855
1788895800000,2026-09-08T19:30:00Z,179.82,180.01,179.43,179.5,6.74,1210.0009
1788896100000,2026-09-08T19:35:00Z,179.5,179.64,179.18,179.38,19.18,3442.021
1788896400000,2026-09-08T19:40:00Z,179.38,179.58,179.34,179.58,8.8,1579.3853
1788896700000,2026-09-08T19:45:00Z,179.58,179.58,179,179.06,390.7,70036.2149
1788897000000,2026-09-08T19:50:00Z,179.06,179.35,178.87,179.35,286.76,51370.8655
1788897300000,2026-09-08T19:55:00Z,179.35,179.35,178.89,179.13,34.61,6196.9791
1788897600000,2026-09-08T20:00:00Z,179.13,179.46,179.09,179.22,71.68,12846.1648
1788897900000,2026-09-08T20:05:00Z,179.22,179.37,179.16,179.37,33.98,6091.5389
1788898200000,2026-09-08T20:10:00Z,179.37,179.37,178.83,179.1,85.05,15224.2227
1788898500000,2026-09-08T20:15:00Z,179.1,179.1,178.89,178.95,11.83,2116.7037
1788898800000,2026-09-08T20:20:00Z,178.95,179.07,178.86,179.02,13.18,2359.4611
1788899100000,2026-09-08T20:25:00Z,179.02,179.13,178.93,179.06,89.51,16020.8096
1788899400000,2026-09-08T20:30:00Z,179.06,179.09,178.86,178.94,26.47,4737.409
1788899700000,2026-09-08T20:35:00Z,178.94,179.08,178.91,179.06,11.86,2122.6494
1788900000000,2026-09-08T20:40:00Z,179.06,179.4,179.01,179.23,67.66,12123.8145
1788900300000,2026-09-08T20:45:00Z,179.23,179.6,179.17,179.41,180.15,32320.9797
1788900600000,2026-09-08T20:50:00Z,179.41,179.58,179.18,179.58,110.08,19747.9367
1788900900000,2026-09-08T20:55:00Z,179.58,179.58,179.33,179.33,11.95,2144.6488
1788901200000,2026-09-08T21:00:00Z,179.33,179.57,179.33,179.57,11.43,2050.9482
1788901500000,2026-09-08T21:05:00Z,179.57,179.57,179.5,179.5,4.06,728.8504
1788901800000,2026-09-08T21:10:00Z,179.5,179.5,179.42,179.42,0.75,134.57
1788902100000,2026-09-08T21:15:00Z,179.42,179.42,179.42,179.42,0,0
1788902400000,2026-09-08T21:20:00Z,179.42,179.47,179.35,179.35,36.38,6527.3884
1788902700000,2026-09-08T21:25:00Z,179.35,179.47,179.35,179.46,17.72,3178.9183
1788903000000,2026-09-08T21:30:00Z,179.46,179.46,179.32,179.41,5.67,1016.9571
1788903300000,2026-09-08T21:35:00Z,179.41,179.41,179.39,179.41,1.49,267.3201
1788903600000,2026-09-08T21:40:00Z,179.41,179.45,179.35,179.45,7.9,1417.0136
1788903900000,2026-09-08T21:45:00Z,179.45,179.45,179.45,179.45,0,0
1788904200000,2026-09-08T21:50:00Z,179.45,179.45,179.31,179.31,3.27,586.3692
1788904500000,2026-09-08T21:55:00Z,179.31,179.37,179.31,179.37,0.16,28.6992
1788904800000,2026-09-08T22:00:00Z,179.37,179.6,179.37,179.55,49.92,8964.3202
1788905100000,2026-09-08T22:05:00Z,179.55,179.55,179.32,179.34,4.55,816.0256
1788905400000,2026-09-08T22:10:00Z,179.34,179.37,179.34,179.37,1.37,245.7369
1788905700000,2026-09-08T22:15:00Z,179.37,179.53,179.37,179.44,30.15,5410.9052
1788906000000,2026-09-08T22:20:00Z,179.44,179.5,179.4,179.5,21.69,3891.6391
1788906300000,2026-09-08T22:25:00Z,179.5,179.5,179.28,179.36,3.47,622.281
1788906600000,2026-09-08T22:30:00Z,179.36,179.46,179.36,179.46,4,717.84
1788906900000,2026-09-08T22:35:00Z,179.46,179.46,179.32,179.32,0.86,154.2156
1788907200000,2026-09-08T22:40:00Z,179.32,179.37,179.32,179.37,16.07,2881.6844
1788907500000,2026-09-08T22:45:00Z,179.37,179.53,179.37,179.48,2.4,430.7951
1788907800000,2026-09-08T22:50:00Z,179.48,179.48,179.47,179.47,1.36,244.0861
1788908100000,2026-09-08T22:55:00Z,179.47,179.57,179.42,179.56,10.64,1910.138
1788908400000,2026-09-08T23:00:00Z,179.56,179.56,179.42,179.42,4.71,845.2491
1788908700000,2026-09-08T23:05:00Z,179.42,179.42,179.37,179.39,1.13,202.6905
1788909000000,2026-09-08T23:10:00Z,179.39,179.44,179.32,179.44,12.2,2188.3939
1788909300000,2026-09-08T23:15:00Z,179.44,179.44,179.28,179.28,1.58,283.3259
1788909600000,2026-09-08T23:20:00Z,179.28,179.28,179.19,179.19,16.93,3033.9549
1788909900000,2026-09-08T23:25:00Z,179.19,179.27,179.19,179.21,10.89,1951.4395
1788910200000,2026-09-08T23:30:00Z,179.21,179.21,179.21,179.21,0,0
1788910500000,2026-09-08T23:35:00Z,179.21,179.21,179.14,179.14,0.13,23.2882
1788910800000,2026-09-08T23:40:00Z,179.14,179.14,179.09,179.09,0.11,19.6999
1788911100000,2026-09-08T23:45:00Z,179.09,179.09,179.01,179.05,3.67,657.0005
1788911400000,2026-09-08T23:50:00Z,179.05,179.09,179.02,179.05,1.57,281.1031
1788911700000,2026-09-08T23:55:00Z,179.05,179.08,179.05,179.08,10.98,1966.2426
1788912000000,2026-09-09T00:00:00Z,179.08,179.45,179.06,179.45,10.03,1796.8037
1788912300000,2026-09-09T00:05:00Z,179.45,179.61,179.45,179.54,2.82,506.4258
1788912600000,2026-09-09T00:10:00Z,179.54,180.02,179.54,180.02,5,899.4059
1788912900000,2026-09-09T00:15:00Z,180.02,180.02,179.62,179.72,9.13,1640.699
1788913200000,2026-09-09T00:20:00Z,179.72,179.95,179.72,179.78,1.31,235.6967
1788913500000,2026-09-09T00:25:00Z,179.78,179.79,179.55,179.62,12.31,2211.0193
1788913800000,2026-09-09T00:30:00Z,179.62,179.62,179.34,179.47,3.02,542.0587
1788914100000,2026-09-09T00:35:00Z,179.47,179.76,179.45,179.76,13.78,2475.2511
1788914400000,2026-09-09T00:40:00Z,179.76,179.76,179.57,179.67,0.42,75.4574
1788914700000,2026-09-09T00:45:00Z,179.67,179.91,179.67,179.79,4.98,895.3198
1788915000000,2026-09-09T00:50:00Z,179.79,179.95,179.79,179.95,2.51,451.4056
1788915300000,2026-09-09T00:55:00Z,179.95,180.03,179.89,179.89,5.83,1049.3357
1788915600000,2026-09-09T01:00:00Z,179.89,179.98,179.85,179.85,8.7,1564.9569
1788915900000,2026-09-09T01:05:00Z,179.85,180.06,179.85,180.02,16.96,3052.2917
1788916200000,2026-09-09T01:10:00Z,180.02,180.16,180,180.03,21.46,3863.9436
1788916500000,2026-09-09T01:15:00Z,180.03,180.05,179.79,179.79,14.07,2532.0039
1788916800000,2026-09-09T01:20:00Z,179.79,179.79,179.77,179.77,3.44,618.4185
1788917100000,2026-09-09T01:25:00Z,179.77,180.07,179.77,180.01,34.75,6253.9215
1788917400000,2026-09-09T01:30:00Z,180.01,180.01,179.87,179.87,0.04,7.1948
1788917700000,2026-09-09T01:35:00Z,179.87,180.46,179.87,180.46,12,2163.6532
1788918000000,2026-09-09T01:40:00Z,180.46,180.5,180.32,180.37,11.07,1996.3428
1788918300000,2026-09-09T01:45:00Z,180.37,180.54,180.37,180.5,11.25,2030.591
1788918600000,2026-09-09T01:50:00Z,180.5,180.63,180.41,180.63,13.78,2487.6073
1788918900000,2026-09-09T01:55:00Z,180.63,180.64,180.46,180.53,14.69,2652.3669
1788919200000,2026-09-09T02:00:00Z,180.53,180.71,180.53,180.71,25.56,4617.527
1788919500000,2026-09-09T02:05:00Z,180.71,180.86,180.54,180.85,57.46,10382.1142
1788919800000,2026-09-09T02:10:00Z,180.85,181.03,180.56,180.56,37.18,6720.1346
1788920100000,2026-09-09T02:15:00Z,180.56,180.56,180.17,180.46,48.22,8694.3465
1788920400000,2026-09-09T02:20:00Z,180.46,180.59,180.32,180.59,10.43,1882.1712
1788920700000,2026-09-09T02:25:00Z,180.59,180.66,180.48,180.58,89.68,16192.2128
1788921000000,2026-09-09T02:30:00Z,180.58,180.58,180.48,180.48,1.28,231.0272
1788921300000,2026-09-09T02:35:00Z,180.48,180.48,180.44,180.44,0.04,7.2176
1788921600000,2026-09-09T02:40:00Z,180.44,180.44,180.44,180.44,0,0
1788921900000,2026-09-09T02:45:00Z,180.44,180.63,180.44,180.57,2.56,462.301
1788922200000,2026-09-09T02:50:00Z,180.57,180.59,180.57,180.59,0.04,7.2236
1788922500000,2026-09-09T02:55:00Z,180.59,180.59,180.59,180.59,0,0
1788922800000,2026-09-09T03:00:00Z,180.59,180.59,180.01,180.01,59.26,10674.97
1788923100000,2026-09-09T03:05:00Z,180.01,180.17,180.01,180.03,3.29,592.5882
1788923400000,2026-09-09T03:10:00Z,180.03,180.25,180.03,180.03,3.23,581.883
1788923700000,2026-09-09T03:15:00Z,180.03,180.07,180.03,180.07,0.12,21.6084
1788924000000,2026-09-09T03:20:00Z,180.07,180.07,180.07,180.07,0.05,9.0035
1788924300000,2026-09-09T03:25:00Z,180.07,180.07,180.06,180.06,75.05,13513.503
1788924600000,2026-09-09T03:30:00Z,180.06,180.06,179.9,179.9,3.87,696.4191
1788924900000,2026-09-09T03:35:00Z,179.9,180.14,179.9,180.14,5.41,974.2486
1788925200000,2026-09-09T03:40:00Z,180.14,180.15,179.87,180.09,28.07,5052.1351
1788925500000,2026-09-09T03:45:00Z,180.09,180.12,179.94,180.07,30.07,5414.7234
1788925800000,2026-09-09T03:50:00Z,180.07,180.07,179.87,179.92,5.05,908.5216
1788926100000,2026-09-09T03:55:00Z,179.92,180.05,179.9,180.05,10.57,1902.3871
1788926400000,2026-09-09T04:00:00Z,180.05,180.69,180.03,180.69,97.71,17637.2359
1788926700000,2026-09-09T04:05:00Z,180.69,180.69,180.4,180.4,30.42,5491.389
1788927000000,2026-09-09T04:10:00Z,180.4,180.42,180.3,180.42,5.44,981.4667
1788927300000,2026-09-09T04:15:00Z,180.42,180.45,180.38,180.38,14.52,2619.6414
1788927600000,2026-09-09T04:20:00Z,180.38,180.59,180.38,180.59,4.74,855.5519
1788927900000,2026-09-09T04:25:00Z,180.59,180.82,180.59,180.82,5.76,1041.4788
1788928200000,2026-09-09T04:30:00Z,180.82,180.82,180.69,180.69,0.04,7.2276
1788928500000,2026-09-09T04:35:00Z,180.69,180.85,180.69,180.85,0.31,56.0427
1788928800000,2026-09-09T04:40:00Z,180.85,181.45,180.81,181.45,47.29,8566.5515
1788929100000,2026-09-09T04:45:00Z,181.45,181.49,181.35,181.39,8.64,1567.2121
1788929400000,2026-09-09T04:50:00Z,181.39,181.45,181.39,181.42,2.77,502.588
1788929700000,2026-09-09T04:55:00Z,181.42,181.55,181.42,181.51,4.75,862.1586
1788930000000,2026-09-09T05:00:00Z,181.51,181.51,181.27,181.27,26.16,4743.4426
1788930300000,2026-09-09T05:05:00Z,181.27,181.46,181.27,181.46,1.82,330.1622
1788930600000,2026-09-09T05:10:00Z,181.46,181.87,181.46,181.86,93.64,17018.039
1788930900000,2026-09-09T05:15:00Z,181.86,182.08,181.74,181.88,86.9,15802.1398
1788931200000,2026-09-09T05:20:00Z,181.88,181.88,181.61,181.63,3.64,661.1592
1788931500000,2026-09-09T05:25:00Z,181.63,181.63,181.52,181.52,28.7,5211.0857
1788931800000,2026-09-09T05:30:00Z,181.52,181.52,181.01,181.01,64.68,11720.3954
1788932100000,2026-09-09T05:35:00Z,181.01,181.23,181.01,181.06,13.39,2425.6427
1788932400000,2026-09-09T05:40:00Z,181.06,181.07,180.9,180.9,26.95,4877.451
1788932700000,2026-09-09T05:45:00Z,180.9,180.9,180.67,180.75,32.75,5919.2842
1788933000000,2026-09-09T05:50:00Z,180.75,180.75,180.75,180.75,0,0
1788933300000,2026-09-09T05:55:00Z,180.75,181.05,180.75,181.05,5.83,1055.4001
1788933600000,2026-09-09T06:00:00Z,181.05,181.13,180.89,180.89,11.79,2132.7597
1788933900000,2026-09-09T06:05:00Z,180.89,181.13,180.89,181.13,5.67,1026.3878
1788934200000,2026-09-09T06:10:00Z,181.13,181.52,181.13,181.42,133.3,24174.3459
1788934500000,2026-09-09T06:15:00Z,181.42,181.59,181.42,181.58,139.37,25307.4948
1788934800000,2026-09-09T06:20:00Z,181.58,181.92,181.57,181.72,306.67,55747.4967
1788935100000,2026-09-09T06:25:00Z,181.72,181.72,181.44,181.44,5.88,1067.8544
1788935400000,2026-09-09T06:30:00Z,181.44,181.56,181.44,181.5,4.1,744.239
1788935700000,2026-09-09T06:35:00Z,181.5,181.72,181.5,181.72,2.1,381.5631
1788936000000,2026-09-09T06:40:00Z,181.72,181.72,181.29,181.36,123.28,22359.7325
1788936300000,2026-09-09T06:45:00Z,181.36,181.38,181.36,181.38,6.69,1213.4322
1788936600000,2026-09-09T06:50:00Z,181.38,181.4,181.38,181.4,2.25,408.1274
1788936900000,2026-09-09T06:55:00Z,181.4,181.4,181.4,181.4,0,0
1788937200000,2026-09-09T07:00:00Z,181.4,181.4,181.38,181.38,2.75,498.795
1788937500000,2026-09-09T07:05:00Z,181.38,181.91,181.38,181.86,36.52,6638.9334
1788937800000,2026-09-09T07:10:00Z,181.86,182.04,181.8,181.8,42.37,7706.661
1788938100000,2026-09-09T07:15:00Z,181.8,181.8,181.61,181.62,32.51,5906.164
1788938400000,2026-09-09T07:20:00Z,181.62,181.94,181.62,181.94,110.95,20167.2855
1788938700000,2026-09-09T07:25:00Z,181.94,181.94,181.94,181.94,0,0
1788939000000,2026-09-09T07:30:00Z,181.94,181.94,181.85,181.88,1.8,327.3564
1788939300000,2026-09-09T07:35:00Z,181.88,181.9,181.88,181.9,1.35,245.5598
1788939600000,2026-09-09T07:40:00Z,181.9,181.94,181.62,181.62,5.09,924.8776
1788939900000,2026-09-09T07:45:00Z,181.62,181.8,181.62,181.71,7.91,1438.0203
1788940200000,2026-09-09T07:50:00Z,181.71,181.78,181.65,181.76,103.11,18736.083
1788940500000,2026-09-09T07:55:00Z,181.76,181.82,181.76,181.82,0.5,90.9012
1788940800000,2026-09-09T08:00:00Z,181.82,182.43,181.75,182.43,153.58,27967.8737
1788941100000,2026-09-09T08:05:00Z,182.43,182.66,182.29,182.48,65.25,11905.5856
1788941400000,2026-09-09T08:10:00Z,182.48,182.94,182.44,182.49,189.45,34620.6251
1788941700000,2026-09-09T08:15:00Z,182.49,182.84,182.48,182.84,56.27,10280.3948
1788942000000,2026-09-09T08:20:00Z,182.84,183.13,182.82,182.91,15.05,2753.7072
1788942300000,2026-09-09T08:25:00Z,182.91,183.57,182.91,183.42,56.81,10420.1152
1788942600000,2026-09-09T08:30:00Z,183.42,183.48,183.27,183.43,45.98,8429.8617
1788942900000,2026-09-09T08:35:00Z,183.43,183.63,182.98,182.98,44.14,8092.687
1788943200000,2026-09-09T08:40:00Z,182.98,183.26,182.98,183.07,77.62,14215.7596
1788943500000,2026-09-09T08:45:00Z,183.07,183.28,183.07,183.14,19.34,3542.1444
1788943800000,2026-09-09T08:50:00Z,183.14,183.36,183.14,183.36,7.2,1319.7713
1788944100000,2026-09-09T08:55:00Z,183.36,183.53,183.35,183.53,11.54,2116.5266
1788944400000,2026-09-09T09:00:00Z,183.53,183.53,183.2,183.2,13.38,2451.6289
1788944700000,2026-09-09T09:05:00Z,183.2,183.2,182.45,182.45,57.3,10476.0723
1788945000000,2026-09-09T09:10:00Z,182.45,182.63,182.43,182.5,22.4,4089.7166
1788945300000,2026-09-09T09:15:00Z,182.5,182.58,182.36,182.41,7.49,1366.3816
1788945600000,2026-09-09T09:20:00Z,182.41,182.41,182.33,182.33,7.94,1448.1143
1788945900000,2026-09-09T09:25:00Z,182.33,182.43,182.33,182.33,15.29,2788.43
1788946200000,2026-09-09T09:30:00Z,182.33,182.39,182.13,182.14,11.24,2048.1371
1788946500000,2026-09-09T09:35:00Z,182.14,182.36,181.95,182.02,101.86,18547.0653
1788946800000,2026-09-09T09:40:00Z,182.02,182.02,181.45,181.5,50.13,9107.7512
1788947100000,2026-09-09T09:45:00Z,181.5,181.54,181.34,181.48,17.15,3112.6756
1788947400000,2026-09-09T09:50:00Z,181.48,181.48,181.12,181.12,12.8,2319.9314
1788947700000,2026-09-09T09:55:00Z,181.12,181.12,180.83,180.89,13.56,2453.7025
1788948000000,2026-09-09T10:00:00Z,180.89,181.36,180.8,181.36,34.89,6318.2935
1788948300000,2026-09-09T10:05:00Z,181.36,181.41,181,181.06,23.16,4196.3984
1788948600000,2026-09-09T10:10:00Z,181.06,181.29,180.9,181.21,10.93,1979.4008
1788948900000,2026-09-09T10:15:00Z,181.21,181.35,181.05,181.35,28.02,5078.6832
1788949200000,2026-09-09T10:20:00Z,181.35,181.58,181.35,181.37,21.58,3915.4256
1788949500000,2026-09-09T10:25:00Z,181.37,181.69,181.37,181.69,0.14,25.4338
1788949800000,2026-09-09T10:30:00Z,181.69,181.69,181.47,181.53,2.42,439.2652
1788950100000,2026-09-09T10:35:00Z,181.53,181.64,181.46,181.5,17.18,3119.0064
1788950400000,2026-09-09T10:40:00Z,181.5,181.53,181.5,181.53,1.28,232.3584
1788950700000,2026-09-09T10:45:00Z,181.53,181.53,181.21,181.37,1.9,344.5708
1788951000000,2026-09-09T10:50:00Z,181.37,181.37,180.96,181.03,20.46,3706.1707
1788951300000,2026-09-09T10:55:00Z,181.03,181.36,181.03,181.21,304.77,55231.9464
1788951600000,2026-09-09T11:00:00Z,181.21,181.29,180.64,180.9,86.69,15703.416
1788951900000,2026-09-09T11:05:00Z,180.9,180.92,180.64,180.92,131.11,23690.4211
1788952200000,2026-09-09T11:10:00Z,180.92,181.17,180.92,181.01,9.32,1687.348
1788952500000,2026-09-09T11:15:00Z,181.01,181.01,180.79,180.79,14.81,2679.4339
1788952800000,2026-09-09T11:20:00Z,180.79,181.22,180.79,181.22,9.74,1762.8642
1788953100000,2026-09-09T11:25:00Z,181.22,181.44,181.21,181.44,38.63,7004.3725
1788953400000,2026-09-09T11:30:00Z,181.44,181.88,181.33,181.82,26.28,4771.6728
1788953700000,2026-09-09T11:35:00Z,181.82,181.82,181.57,181.6,7.28,1322.0903
1788954000000,2026-09-09T11:40:00Z,181.6,181.74,181.51,181.53,30.19,5481.4002
1788954300000,2026-09-09T11:45:00Z,181.53,182.07,181.5,181.98,51.42,9350.7582
1788954600000,2026-09-09T11:50:00Z,181.98,182.59,181.98,182.59,41.28,7522.6281
1788954900000,2026-09-09T11:55:00Z,182.59,182.59,182.16,182.16,21.77,3968.0666
1788955200000,2026-09-09T12:00:00Z,182.16,182.37,182.16,182.22,29.51,5379.1961
1788955500000,2026-09-09T12:05:00Z,182.22,182.87,182.07,182.73,55.57,10143.3969
1788955800000,2026-09-09T12:10:00Z,182.73,182.79,182.45,182.45,27.54,5029.4081
1788956100000,2026-09-09T12:15:00Z,182.45,182.83,182.26,182.29,44.55,8133.9565
1788956400000,2026-09-09T12:20:00Z,182.29,182.58,182.29,182.46,8.27,1509.2381
1788956700000,2026-09-09T12:25:00Z,182.46,182.5,182.46,182.47,2.14,390.5359
1788957000000,2026-09-09T12:30:00Z,182.47,182.65,182.21,182.65,56.67,10336.7338
1788957300000,2026-09-09T12:35:00Z,182.65,182.81,182.29,182.3,44.05,8039.9785
1788957600000,2026-09-09T12:40:00Z,182.3,182.71,182.3,182.51,24.17,4409.138
1788957900000,2026-09-09T12:45:00Z,182.51,182.64,182.51,182.64,2.5,456.3136
1788958200000,2026-09-09T12:50:00Z,182.64,182.71,182.54,182.71,13.26,2420.6928
1788958500000,2026-09-09T12:55:00Z,182.71,182.87,182.64,182.72,15.43,2820.9648
1788958800000,2026-09-09T13:00:00Z,182.72,182.77,182.52,182.77,12.66,2312.5116
1788959100000,2026-09-09T13:05:00Z,182.77,182.77,182.58,182.65,6.14,1121.6933
1788959400000,2026-09-09T13:10:00Z,182.65,182.65,182.42,182.49,3.01,549.3038
1788959700000,2026-09-09T13:15:00Z,182.49,182.53,182.44,182.49,8.97,1636.8824
1788960000000,2026-09-09T13:20:00Z,182.49,182.76,182.46,182.76,10.48,1913.4271
1788960300000,2026-09-09T13:25:00Z,182.76,184.79,182.76,184.79,422.82,77722.6303
1788960600000,2026-09-09T13:30:00Z,184.79,185.18,182.24,182.76,1058.69,194096.1996
1788960900000,2026-09-09T13:35:00Z,182.76,183.18,181.43,182.14,363.05,66100.4647
1788961200000,2026-09-09T13:40:00Z,182.14,182.58,180.51,180.94,312.56,56663.4048
1788961500000,2026-09-09T13:45:00Z,180.94,181.85,180.42,181.1,280.65,50841.9946
1788961800000,2026-09-09T13:50:00Z,181.1,181.34,179.59,179.72,192.07,34736.2753
1788962100000,2026-09-09T13:55:00Z,179.72,180.29,179.47,179.79,97.25,17495.5583
1788962400000,2026-09-09T14:00:00Z,179.79,179.99,179.06,179.43,351.56,63028.4486
1788962700000,2026-09-09T14:05:00Z,179.43,179.92,178.78,178.79,132.31,23686.7994
1788963000000,2026-09-09T14:10:00Z,178.79,179.44,178.67,179.35,262.11,46954.3956
1788963300000,2026-09-09T14:15:00Z,179.35,179.72,178.73,178.96,186.62,33440.9394
1788963600000,2026-09-09T14:20:00Z,178.96,179.26,178.42,179.12,314.88,56269.4724
1788963900000,2026-09-09T14:25:00Z,179.12,181.01,179.12,180.89,178.98,32262.777
1788964200000,2026-09-09T14:30:00Z,180.89,181.09,180.39,180.67,43.44,7850.6075
1788964500000,2026-09-09T14:35:00Z,180.67,181,180.51,180.94,160.32,28973.565
1788964800000,2026-09-09T14:40:00Z,180.94,181.05,179.65,179.77,23.03,4156.6767
1788965100000,2026-09-09T14:45:00Z,179.77,180.11,179.57,179.93,10.75,1932.5565
1788965400000,2026-09-09T14:50:00Z,179.93,180.08,179.11,179.11,39.79,7151.3106
1788965700000,2026-09-09T14:55:00Z,179.11,179.38,178.97,179.36,26.65,4773.5817
1788966000000,2026-09-09T15:00:00Z,179.36,180.53,178.36,178.55,323.05,57916.9476
1788966300000,2026-09-09T15:05:00Z,178.55,179.05,178.33,178.58,291.55,52059.136
1788966600000,2026-09-09T15:10:00Z,178.58,178.7,177.58,177.75,232.64,41411.7836
1788966900000,2026-09-09T15:15:00Z,177.75,178.25,177.71,177.74,152.26,27106.8002
1788967200000,2026-09-09T15:20:00Z,177.74,177.86,176.69,176.78,378.16,66979.5538
1788967500000,2026-09-09T15:25:00Z,176.78,177.4,176.78,177.36,58.43,10349.2247
1788967800000,2026-09-09T15:30:00Z,177.36,177.85,177.13,177.85,73.22,12996.0137
1788968100000,2026-09-09T15:35:00Z,177.85,178.65,177.84,178.63,41.81,7449.3613
1788968400000,2026-09-09T15:40:00Z,178.63,178.66,178.11,178.49,75.37,13440.0469
1788968700000,2026-09-09T15:45:00Z,178.49,178.52,178.1,178.18,23.01,4100.5811
1788969000000,2026-09-09T15:50:00Z,178.18,178.38,177.91,178.27,30.92,5506.4914
1788969300000,2026-09-09T15:55:00Z,178.27,178.27,177.83,177.9,13.88,2470.1731
1788969600000,2026-09-09T16:00:00Z,177.9,179.27,177.9,179.1,31.22,5574.5924
1788969900000,2026-09-09T16:05:00Z,179.1,179.22,178.32,178.32,21.06,3771.2077
1788970200000,2026-09-09T16:10:00Z,178.32,178.59,178.15,178.45,6.52,1163.0151
1788970500000,2026-09-09T16:15:00Z,178.45,178.45,178.03,178.11,25.67,4575.4166
1788970800000,2026-09-09T16:20:00Z,178.11,178.58,177.91,178.21,19.31,3442.2418
1788971100000,2026-09-09T16:25:00Z,178.21,178.44,177.98,178.25,17.07,3042.6912
1788971400000,2026-09-09T16:30:00Z,178.25,178.76,178.25,178.51,4.47,798.346
1788971700000,2026-09-09T16:35:00Z,178.51,178.51,178.11,178.11,11.69,2084.3117
1788972000000,2026-09-09T16:40:00Z,178.11,178.31,177.94,178.1,19.14,3407.4632
1788972300000,2026-09-09T16:45:00Z,178.1,178.1,177.82,177.82,4.44,790.2803
1788972600000,2026-09-09T16:50:00Z,177.82,177.92,177.47,177.47,10.51,1867.5127
1788972900000,2026-09-09T16:55:00Z,177.47,177.65,177.43,177.43,16.76,2975.6231
1788973200000,2026-09-09T17:00:00Z,177.43,177.57,177.15,177.17,17.54,3111.5271
1788973500000,2026-09-09T17:05:00Z,177.17,177.35,176.93,177.09,28.69,5080.025
1788973800000,2026-09-09T17:10:00Z,177.09,177.52,177.09,177.52,24.85,4407.3103
1788974100000,2026-09-09T17:15:00Z,177.52,177.78,177.4,177.78,20.73,3679.9181
1788974400000,2026-09-09T17:20:00Z,177.78,178.11,177.78,178.11,5.86,1043.2589
1788974700000,2026-09-09T17:25:00Z,178.11,178.54,178.11,178.45,28.44,5073.5157
1788975000000,2026-09-09T17:30:00Z,178.45,178.45,178.04,178.23,28.22,5027.9025
1788975300000,2026-09-09T17:35:00Z,178.23,178.23,177.67,177.82,53.18,9460.3847
1788975600000,2026-09-09T17:40:00Z,177.82,177.87,177.41,177.87,44.11,7833.0915
1788975900000,2026-09-09T17:45:00Z,177.87,178.11,177.84,178.07,4.27,759.6311
1788976200000,2026-09-09T17:50:00Z,178.07,178.14,177.85,178.13,10.68,1901.0281
1788976500000,2026-09-09T17:55:00Z,178.13,178.37,178.13,178.3,12.43,2216.389
1788976800000,2026-09-09T18:00:00Z,178.3,178.53,178.24,178.35,7.49,1336.0245
1788977100000,2026-09-09T18:05:00Z,178.35,178.46,177.76,177.76,5.93,1056.1749
1788977400000,2026-09-09T18:10:00Z,177.76,177.76,177.43,177.43,10.92,1939.5176
1788977700000,2026-09-09T18:15:00Z,177.43,177.66,177.39,177.46,2.67,474.2168
1788978000000,2026-09-09T18:20:00Z,177.46,177.79,177.46,177.75,2.54,451.4226
1788978300000,2026-09-09T18:25:00Z,177.75,177.91,177.68,177.84,9.48,1684.8111
1788978600000,2026-09-09T18:30:00Z,177.84,177.84,177.14,177.28,7.02,1244.7046
1788978900000,2026-09-09T18:35:00Z,177.28,177.28,176.96,176.96,35.08,6211.1137
1788979200000,2026-09-09T18:40:00Z,176.96,176.96,176.58,176.66,15.72,2777.9416
1788979500000,2026-09-09T18:45:00Z,176.66,176.77,176.21,176.32,4.15,731.919
1788979800000,2026-09-09T18:50:00Z,176.32,176.42,176.11,176.11,69.41,12230.2535
1788980100000,2026-09-09T18:55:00Z,176.11,176.32,176.06,176.15,16.42,2892.9004
1788980400000,2026-09-09T19:00:00Z,176.15,176.22,175.97,176.2,18.65,3284.078
1788980700000,2026-09-09T19:05:00Z,176.2,176.38,176.09,176.24,7.35,1294.589
1788981000000,2026-09-09T19:10:00Z,176.24,176.71,176.24,176.69,11.7,2066.7988
1788981300000,2026-09-09T19:15:00Z,176.69,176.77,176.45,176.77,4.86,857.9425
1788981600000,2026-09-09T19:20:00Z,176.77,177.1,176.51,177.02,98.97,17505.5928
1788981900000,2026-09-09T19:25:00Z,177.02,177.09,176.9,176.99,18.59,3290.0898
1788982200000,2026-09-09T19:30:00Z,176.99,177.55,176.99,177.54,7.37,1307.1202
1788982500000,2026-09-09T19:35:00Z,177.54,177.55,176.73,176.73,53.59,9489.5467
1788982800000,2026-09-09T19:40:00Z,176.73,176.89,176.46,176.54,38.78,6850.6194
1788983100000,2026-09-09T19:45:00Z,176.54,176.68,176.42,176.46,28.5,5031.9116
1788983400000,2026-09-09T19:50:00Z,176.46,176.46,175.66,175.97,153.36,26993.2417
1788983700000,2026-09-09T19:55:00Z,175.97,175.97,174.91,174.94,227.84,39935.4577
1788984000000,2026-09-09T20:00:00Z,174.94,175.34,174.69,174.72,155.72,27265.4876
1788984300000,2026-09-09T20:05:00Z,174.72,174.82,174.46,174.5,25.78,4500.4402
1788984600000,2026-09-09T20:10:00Z,174.5,174.83,174.46,174.83,135.59,23680.981
1788984900000,2026-09-09T20:15:00Z,174.83,175.09,174.83,174.97,4.75,831.1638
1788985200000,2026-09-09T20:20:00Z,174.97,175,174.9,174.96,5.33,932.3695
1788985500000,2026-09-09T20:25:00Z,174.96,175.18,174.67,174.7,40.75,7128.9386
1788985800000,2026-09-09T20:30:00Z,174.7,175.3,174.7,175.3,7.02,1229.1668
1788986100000,2026-09-09T20:35:00Z,175.3,175.57,175.27,175.57,14.63,2566.1051
1788986400000,2026-09-09T20:40:00Z,175.57,175.57,175.3,175.3,2.71,475.3332
1788986700000,2026-09-09T20:45:00Z,175.3,175.43,175.07,175.07,21.97,3848.8654
1788987000000,2026-09-09T20:50:00Z,175.07,175.31,175.07,175.23,21.33,3736.2679
1788987300000,2026-09-09T20:55:00Z,175.23,175.4,175.23,175.4,6.19,1085.6124
1788987600000,2026-09-09T21:00:00Z,175.4,175.48,175.35,175.4,29.19,5120.3267
1788987900000,2026-09-09T21:05:00Z,175.4,175.48,175.34,175.43,4.1,719.0415
1788988200000,2026-09-09T21:10:00Z,175.43,175.43,175.34,175.35,0.85,149.0498
1788988500000,2026-09-09T21:15:00Z,175.35,175.35,175.01,175.1,2.86,500.6962
1788988800000,2026-09-09T21:20:00Z,175.1,175.33,175.09,175.33,18.66,3268.554
1788989100000,2026-09-09T21:25:00Z,175.33,175.58,175.33,175.58,5.08,891.7738
1788989400000,2026-09-09T21:30:00Z,175.58,175.58,175.26,175.26,13.94,2444.3629
1788989700000,2026-09-09T21:35:00Z,175.26,175.3,175.15,175.3,11.9,2085.7323
1788990000000,2026-09-09T21:40:00Z,175.3,175.44,175.3,175.3,8.19,1436.4615
1788990300000,2026-09-09T21:45:00Z,175.3,175.3,175.07,175.21,24.15,4228.0875
1788990600000,2026-09-09T21:50:00Z,175.21,175.21,175,175,1.49,260.8068
1788990900000,2026-09-09T21:55:00Z,175,175.02,174.92,175.02,0.93,162.7106
1788991200000,2026-09-09T22:00:00Z,175.02,175.14,174.95,174.95,14.42,2525.0126
1788991500000,2026-09-09T22:05:00Z,174.95,175.04,174.54,174.59,64.86,11327.8025
1788991800000,2026-09-09T22:10:00Z,174.59,174.96,174.59,174.89,19.23,3362.7903
1788992100000,2026-09-09T22:15:00Z,174.89,175,174.67,175,16.5,2883.7462
1788992400000,2026-09-09T22:20:00Z,175,175.12,174.98,175.12,0.42,73.5182
1788992700000,2026-09-09T22:25:00Z,175.12,175.12,174.97,174.99,12.58,2201.5084
1788993000000,2026-09-09T22:30:00Z,174.99,174.99,174.81,174.82,9.12,1594.7738
1788993300000,2026-09-09T22:35:00Z,174.82,174.89,174.8,174.8,3.26,570.0742
1788993600000,2026-09-09T22:40:00Z,174.8,174.85,174.8,174.85,2,349.6874
1788993900000,2026-09-09T22:45:00Z,174.85,174.92,174.79,174.8,3.62,632.8938
1788994200000,2026-09-09T22:50:00Z,174.8,174.9,174.79,174.79,6.44,1126.0001
1788994500000,2026-09-09T22:55:00Z,174.79,174.79,174.65,174.74,3.34,583.5612
1788994800000,2026-09-09T23:00:00Z,174.74,175.05,174.74,175.05,22.06,3859.1087
1788995100000,2026-09-09T23:05:00Z,175.05,175.05,175.05,175.05,0,0
1788995400000,2026-09-09T23:10:00Z,175.05,175.08,174.96,175.03,8.93,1562.8868
1788995700000,2026-09-09T23:15:00Z,175.03,175.14,175.02,175.14,172.89,30264.145
1788996000000,2026-09-09T23:20:00Z,175.14,175.14,174.98,175.08,12.47,2182.8695
1788996300000,2026-09-09T23:25:00Z,175.08,175.08,174.91,175.07,54.74,9579.2364
1788996600000,2026-09-09T23:30:00Z,175.07,175.14,175.02,175.13,35.09,6145.069
1788996900000,2026-09-09T23:35:00Z,175.13,175.21,175.09,175.11,18.04,3159.8288
1788997200000,2026-09-09T23:40:00Z,175.11,175.13,175.11,175.12,171.83,30090.8722
1788997500000,2026-09-09T23:45:00Z,175.12,175.21,175.06,175.21,8.21,1437.7527
1788997800000,2026-09-09T23:50:00Z,175.21,175.3,175.13,175.3,9.64,1689.0441
1788998100000,2026-09-09T23:55:00Z,175.3,175.3,175.21,175.22,6.84,1198.4906
1788998400000,2026-09-10T00:00:00Z,175.22,175.79,175.21,175.53,9.86,1730.5321
1788998700000,2026-09-10T00:05:00Z,175.53,175.9,175.53,175.73,16.96,2982.0346
1788999000000,2026-09-10T00:10:00Z,175.73,175.92,175.71,175.77,18.82,3308.3088
1788999300000,2026-09-10T00:15:00Z,175.77,175.77,175.32,175.32,10.08,1770.566
1788999600000,2026-09-10T00:20:00Z,175.32,175.79,175.29,175.73,67.29,11823.2312
1788999900000,2026-09-10T00:25:00Z,175.73,175.93,175.57,175.91,27.43,4820.2791
1789000200000,2026-09-10T00:30:00Z,175.91,175.91,175.37,175.54,16.13,2830.2051
1789000500000,2026-09-10T00:35:00Z,175.54,175.82,175.54,175.75,62.64,11011.0985
1789000800000,2026-09-10T00:40:00Z,175.75,175.75,175.33,175.53,7.98,1399.9924
1789001100000,2026-09-10T00:45:00Z,175.53,175.58,175.31,175.47,35.87,6292.4691
1789001400000,2026-09-10T00:50:00Z,175.47,175.63,175.27,175.47,44.44,7799.4562
1789001700000,2026-09-10T00:55:00Z,175.47,175.47,175.26,175.45,25.08,4396.5534
1789002000000,2026-09-10T01:00:00Z,175.45,175.84,175.45,175.84,50.15,8810.3459
1789002300000,2026-09-10T01:05:00Z,175.84,176.26,175.84,176.04,107.86,19001.2318
1789002600000,2026-09-10T01:10:00Z,176.04,176.08,175.76,175.76,13.92,2448.2338
1789002900000,2026-09-10T01:15:00Z,175.76,176,175.41,175.58,97.35,17093.4083
1789003200000,2026-09-10T01:20:00Z,175.58,175.62,175.25,175.48,33.33,5844.9118
1789003500000,2026-09-10T01:25:00Z,175.48,175.48,175.37,175.37,20.01,3509.8542
1789003800000,2026-09-10T01:30:00Z,175.37,175.37,174.72,174.72,27.29,4773.0598
1789004100000,2026-09-10T01:35:00Z,174.72,174.82,174.6,174.82,29.12,5087.7433
1789004400000,2026-09-10T01:40:00Z,174.82,175.36,174.82,175.34,23.01,4032.496
1789004700000,2026-09-10T01:45:00Z,175.34,175.46,175.22,175.23,16.43,2879.9355
1789005000000,2026-09-10T01:50:00Z,175.23,175.23,174.85,174.99,22.93,4014.2662
1789005300000,2026-09-10T01:55:00Z,174.99,175.39,174.99,175.32,20.84,3652.161
1789005600000,2026-09-10T02:00:00Z,175.32,175.32,174.82,174.82,173.51,30389.0913
1789005900000,2026-09-10T02:05:00Z,174.82,175.03,174.82,174.98,8.85,1547.8757
1789006200000,2026-09-10T02:10:00Z,174.98,175.05,174.8,175.05,3.83,670.0608
1789006500000,2026-09-10T02:15:00Z,175.05,175.05,174.68,174.84,24.47,4276.2977
1789006800000,2026-09-10T02:20:00Z,174.84,174.94,174.73,174.84,33.61,5876.6729
1789007100000,2026-09-10T02:25:00Z,174.84,174.86,174.68,174.72,15.4,2692.3204
1789007400000,2026-09-10T02:30:00Z,174.72,175.26,174.72,175.26,165.38,28930.628
1789007700000,2026-09-10T02:35:00Z,175.26,175.53,175.21,175.49,48.13,8440.1373
1789008000000,2026-09-10T02:40:00Z,175.49,175.69,175.41,175.69,42.35,7431.9098
1789008300000,2026-09-10T02:45:00Z,175.69,175.69,175.68,175.68,0.58,101.8944
1789008600000,2026-09-10T02:50:00Z,175.68,175.87,175.57,175.87,7.54,1325.248
1789008900000,2026-09-10T02:55:00Z,175.87,175.9,175.82,175.82,3.34,587.3373
1789009200000,2026-09-10T03:00:00Z,175.82,176.06,175.71,176.06,40.51,7126.1046
1789009500000,2026-09-10T03:05:00Z,176.06,176.06,175.72,175.77,0.36,63.2715
1789009800000,2026-09-10T03:10:00Z,175.77,175.77,175.68,175.71,6.15,1080.5693
1789010100000,2026-09-10T03:15:00Z,175.71,175.71,175.58,175.6,8.46,1485.6837
1789010400000,2026-09-10T03:20:00Z,175.6,175.6,175.46,175.46,1.37,240.4145
1789010700000,2026-09-10T03:25:00Z,175.46,175.64,175.44,175.64,10.12,1776.1575
1789011000000,2026-09-10T03:30:00Z,175.64,176,175.64,175.88,13.9,2442.3183
1789011300000,2026-09-10T03:35:00Z,175.88,175.88,175.62,175.64,53.45,9388.4724
1789011600000,2026-09-10T03:40:00Z,175.64,175.82,175.64,175.71,29.03,5101.7321
1789011900000,2026-09-10T03:45:00Z,175.71,175.95,175.71,175.84,9.04,1589.9293
1789012200000,2026-09-10T03:50:00Z,175.84,175.84,175.63,175.63,25.53,4487.1442
1789012500000,2026-09-10T03:55:00Z,175.63,175.7,175.59,175.67,25.87,4544.2289
1789012800000,2026-09-10T04:00:00Z,175.67,175.67,175.58,175.64,7.72,1355.7978
1789013100000,2026-09-10T04:05:00Z,175.64,175.66,175.64,175.66,0.14,24.5917
1789013400000,2026-09-10T04:10:00Z,175.66,175.66,175.54,175.54,0.45,78.993
1789013700000,2026-09-10T04:15:00Z,175.54,175.68,175.54,175.65,4.99,876.5066
1789014000000,2026-09-10T04:20:00Z,175.65,175.65,175.62,175.64,4.52,793.8038
1789014300000,2026-09-10T04:25:00Z,175.64,175.83,175.64,175.75,7.85,1380.1879
1789014600000,2026-09-10T04:30:00Z,175.75,175.75,175.75,175.75,0,0
1789014900000,2026-09-10T04:35:00Z,175.75,175.77,175.6,175.77,0.96,168.7003
1789015200000,2026-09-10T04:40:00Z,175.77,175.77,175.41,175.41,3.95,693.2089
1789015500000,2026-09-10T04:45:00Z,175.41,175.46,175.41,175.45,2.64,463.1808
1789015800000,2026-09-10T04:50:00Z,175.45,175.56,175.44,175.47,54.57,9577.3922
1789016100000,2026-09-10T04:55:00Z,175.47,175.71,175.47,175.67,8.27,1452.7965
1789016400000,2026-09-10T05:00:00Z,175.67,175.86,175.43,175.45,86.02,15105.9177
1789016700000,2026-09-10T05:05:00Z,175.45,175.53,175.32,175.32,25.79,4524.8871
1789017000000,2026-09-10T05:10:00Z,175.32,175.93,175.32,175.93,13.89,2439.25
1789017300000,2026-09-10T05:15:00Z,175.93,175.93,175.69,175.69,6.69,1175.825
1789017600000,2026-09-10T05:20:00Z,175.69,175.69,175.59,175.59,2.76,484.64
1789017900000,2026-09-10T05:25:00Z,175.59,175.92,175.59,175.92,6.11,1074.3067
1789018200000,2026-09-10T05:30:00Z,175.92,176.15,175.9,176.14,8.14,1433.4374
1789018500000,2026-09-10T05:35:00Z,176.14,176.16,175.84,175.84,2.29,403.0415
1789018800000,2026-09-10T05:40:00Z,175.84,176.01,175.67,175.84,24.14,4245.5456
1789019100000,2026-09-10T05:45:00Z,175.84,175.86,175.84,175.86,1.63,286.6518
1789019400000,2026-09-10T05:50:00Z,175.86,175.91,175.78,175.89,10.13,1781.5292
1789019700000,2026-09-10T05:55:00Z,175.89,175.98,175.87,175.98,6.17,1085.339
1789020000000,2026-09-10T06:00:00Z,175.98,175.98,175.77,175.79,12.23,2149.9681
1789020300000,2026-09-10T06:05:00Z,175.79,175.79,175.76,175.76,11.38,2000.1488
1789020600000,2026-09-10T06:10:00Z,175.76,175.76,175.45,175.47,18.45,3237.7467
1789020900000,2026-09-10T06:15:00Z,175.47,175.47,175.21,175.21,0.11,19.2843
1789021200000,2026-09-10T06:20:00Z,175.21,175.22,175.15,175.22,1.07,187.4721
1789021500000,2026-09-10T06:25:00Z,175.22,175.32,175.22,175.29,1.06,185.7902
1789021800000,2026-09-10T06:30:00Z,175.29,175.29,175.17,175.18,2.23,390.6469
1789022100000,2026-09-10T06:35:00Z,175.18,175.18,175.13,175.13,2.05,359.0165
1789022400000,2026-09-10T06:40:00Z,175.13,175.5,175.13,175.3,20.92,3669.6957
1789022700000,2026-09-10T06:45:00Z,175.3,175.91,175.3,175.87,3.9,684.9458
1789023000000,2026-09-10T06:50:00Z,175.87,176.11,175.87,175.93,6.12,1077.3702
1789023300000,2026-09-10T06:55:00Z,175.93,175.95,175.85,175.86,4.12,724.5644
1789023600000,2026-09-10T07:00:00Z,175.86,175.86,175.46,175.46,16.45,2889.3082
1789023900000,2026-09-10T07:05:00Z,175.46,175.46,175.25,175.26,15.48,2713.9195
1789024200000,2026-09-10T07:10:00Z,175.26,175.26,175.26,175.26,0,0
1789024500000,2026-09-10T07:15:00Z,175.26,175.26,175.14,175.14,11.64,2038.8133
1789024800000,2026-09-10T07:20:00Z,175.14,175.14,174.89,174.89,2.93,512.6537
1789025100000,2026-09-10T07:25:00Z,174.89,174.89,174.69,174.69,0.28,48.9216
1789025400000,2026-09-10T07:30:00Z,174.69,174.69,174.59,174.63,3.55,619.9135
1789025700000,2026-09-10T07:35:00Z,174.63,174.63,174.5,174.57,7.81,1363.1437
1789026000000,2026-09-10T07:40:00Z,174.57,174.61,174.57,174.61,1.15,200.8015
1789026300000,2026-09-10T07:45:00Z,174.61,174.71,174.61,174.69,4.34,758.2362
1789026600000,2026-09-10T07:50:00Z,174.69,174.78,174.69,174.71,5.66,989.0649
1789026900000,2026-09-10T07:55:00Z,174.71,174.87,174.64,174.66,22.93,4006.6856
1789027200000,2026-09-10T08:00:00Z,174.66,175.02,174.59,174.59,96.44,16859.84
1789027500000,2026-09-10T08:05:00Z,174.59,174.68,174.53,174.6,20.16,3519.5072
1789027800000,2026-09-10T08:10:00Z,174.6,174.61,174.26,174.37,42.22,7364.1246
1789028100000,2026-09-10T08:15:00Z,174.37,174.37,174.2,174.27,86.43,15057.1867
1789028400000,2026-09-10T08:20:00Z,174.27,174.5,174.27,174.5,3.08,537.0859
1789028700000,2026-09-10T08:25:00Z,174.5,174.71,174.49,174.64,11.7,2042.4654
1789029000000,2026-09-10T08:30:00Z,174.64,174.67,174.05,174.48,146.07,25451.7679
1789029300000,2026-09-10T08:35:00Z,174.48,174.67,174.43,174.67,4.32,753.9324
1789029600000,2026-09-10T08:40:00Z,174.67,174.67,174.35,174.47,21.41,3734.6115
1789029900000,2026-09-10T08:45:00Z,174.47,174.47,174.19,174.23,16.33,2845.4665
1789030200000,2026-09-10T08:50:00Z,174.23,174.4,174.14,174.36,13.96,2432.2424
1789030500000,2026-09-10T08:55:00Z,174.36,174.36,174.05,174.22,27.23,4742.9996
1789030800000,2026-09-10T09:00:00Z,174.22,174.61,174.19,174.58,17.92,3125.0903
1789031100000,2026-09-10T09:05:00Z,174.58,174.67,174.27,174.27,11.94,2083.6403
1789031400000,2026-09-10T09:10:00Z,174.27,174.45,174.27,174.45,40.34,7036.8771
1789031700000,2026-09-10T09:15:00Z,174.45,174.49,174.39,174.49,38.71,6754.22
1789032000000,2026-09-10T09:20:00Z,174.49,174.58,174.42,174.58,11.01,1920.8794
1789032300000,2026-09-10T09:25:00Z,174.58,174.66,174.57,174.66,4.42,771.7279
1789032600000,2026-09-10T09:30:00Z,174.66,174.66,174.08,174.17,24.08,4192.6272
1789032900000,2026-09-10T09:35:00Z,174.17,174.17,173.96,173.98,7.28,1266.6727
1789033200000,2026-09-10T09:40:00Z,173.98,174.09,173.72,174.05,558.49,97054.1128
1789033500000,2026-09-10T09:45:00Z,174.05,174.15,173.98,174.01,3.17,551.912
1789033800000,2026-09-10T09:50:00Z,174.01,174.51,173.97,174.45,12.73,2217.7576
1789034100000,2026-09-10T09:55:00Z,174.45,174.46,174.17,174.27,4.59,800.1004
1789034400000,2026-09-10T10:00:00Z,174.27,174.55,174.14,174.55,38.43,6696.894
1789034700000,2026-09-10T10:05:00Z,174.55,174.55,174.25,174.25,30.47,5311.596
1789035000000,2026-09-10T10:10:00Z,174.25,174.37,174.11,174.37,27.24,4746.728
1789035300000,2026-09-10T10:15:00Z,174.37,174.37,173.91,174.08,58.66,10210.0991
1789035600000,2026-09-10T10:20:00Z,174.08,174.19,174.05,174.05,2.48,431.8566
1789035900000,2026-09-10T10:25:00Z,174.05,174.21,174,174.19,8.53,1485.649
1789036200000,2026-09-10T10:30:00Z,174.19,174.19,173.84,173.84,6.01,1045.81
1789036500000,2026-09-10T10:35:00Z,173.84,174.44,173.84,174.27,49.27,8584.4805
1789036800000,2026-09-10T10:40:00Z,174.27,174.52,174.27,174.34,513.32,89511.9282
1789037100000,2026-09-10T10:45:00Z,174.34,174.34,174.13,174.13,4.21,733.4782
1789037400000,2026-09-10T10:50:00Z,174.13,174.16,173.98,173.99,12.52,2179.3473
1789037700000,2026-09-10T10:55:00Z,173.99,174.5,173.87,173.87,136.38,23770.5921
1789038000000,2026-09-10T11:00:00Z,173.87,174,173.22,173.29,168.24,29194.4695
1789038300000,2026-09-10T11:05:00Z,173.29,173.47,173.29,173.31,20.01,3469.4832
1789038600000,2026-09-10T11:10:00Z,173.31,173.61,173.31,173.55,24.93,4326.2601
1789038900000,2026-09-10T11:15:00Z,173.55,173.99,173.55,173.57,45.81,7960.4794
1789039200000,2026-09-10T11:20:00Z,173.57,173.85,173.57,173.83,13.16,2285.6158
1789039500000,2026-09-10T11:25:00Z,173.83,174.01,173.82,173.82,17.56,3053.2704
1789039800000,2026-09-10T11:30:00Z,173.82,174.06,173.82,174.06,16.24,2825.384
1789040100000,2026-09-10T11:35:00Z,174.06,174.06,173.81,173.92,14.15,2460.7314
1789040400000,2026-09-10T11:40:00Z,173.92,174.07,173.91,174.05,67.74,11787.8232
1789040700000,2026-09-10T11:45:00Z,174.05,174.13,173.83,173.83,6.66,1157.9898
1789041000000,2026-09-10T11:50:00Z,173.83,173.88,173.57,173.74,138.43,24050.1825
1789041300000,2026-09-10T11:55:00Z,173.74,173.88,173.38,173.38,17.17,2980.6299
1789041600000,2026-09-10T12:00:00Z,173.38,173.58,173.18,173.25,88.13,15268.8813
1789041900000,2026-09-10T12:05:00Z,173.25,173.35,173.02,173.02,36.79,6370.4479
1789042200000,2026-09-10T12:10:00Z,173.02,173.49,173.02,173.37,45.03,7804.8732
1789042500000,2026-09-10T12:15:00Z,173.37,173.37,173.06,173.09,56.59,9798.9647
1789042800000,2026-09-10T12:20:00Z,173.09,173.26,173.03,173.1,31.62,5474.9007
1789043100000,2026-09-10T12:25:00Z,173.1,173.59,173.06,173.59,41.45,7180.4922
1789043400000,2026-09-10T12:30:00Z,173.59,173.87,171.89,171.89,579.74,99957.8035
1789043700000,2026-09-10T12:35:00Z,171.89,172.16,171.3,171.3,370.92,63689.3497
1789044000000,2026-09-10T12:40:00Z,171.3,171.93,171.3,171.72,52.74,9044.2137
1789044300000,2026-09-10T12:45:00Z,171.72,171.72,170.77,171.16,384.97,65860.4103
1789044600000,2026-09-10T12:50:00Z,171.16,171.47,170.73,170.79,111.02,18983.8763
1789044900000,2026-09-10T12:55:00Z,170.79,170.79,170.2,170.46,175.94,29993.5265
1789045200000,2026-09-10T13:00:00Z,170.46,171.17,170.46,171.05,70.88,12113.3922
1789045500000,2026-09-10T13:05:00Z,171.05,171.05,170.7,171.01,63.03,10771.5116
1789045800000,2026-09-10T13:10:00Z,171.01,171.3,170.85,170.97,54.79,9373.4209
1789046100000,2026-09-10T13:15:00Z,170.97,171.06,170.64,170.64,60.04,10256.5153
1789046400000,2026-09-10T13:20:00Z,170.64,171,170.56,170.82,125.92,21509.9279
1789046700000,2026-09-10T13:25:00Z,170.82,171.68,170.76,171.36,347.74,59550.1661
1789047000000,2026-09-10T13:30:00Z,171.36,172.51,170.81,171.37,771.47,132225.6643
1789047300000,2026-09-10T13:35:00Z,171.37,172.74,171.16,171.79,302,51890.4618
1789047600000,2026-09-10T13:40:00Z,171.79,171.96,171.05,171.39,224.35,38496.8434
1789047900000,2026-09-10T13:45:00Z,171.39,172.29,171.39,171.86,644.59,110803.1951
1789048200000,2026-09-10T13:50:00Z,171.86,172.32,170.7,172.08,155.73,26735.7103
1789048500000,2026-09-10T13:55:00Z,172.08,172.91,172.08,172.8,287.73,49649.1258
1789048800000,2026-09-10T14:00:00Z,172.8,174.54,172.8,173.73,358.07,62324.8201
1789049100000,2026-09-10T14:05:00Z,173.73,173.82,173.08,173.08,117.95,20457.5548
1789049400000,2026-09-10T14:10:00Z,173.08,173.73,173.08,173.39,35.59,6172.164
1789049700000,2026-09-10T14:15:00Z,173.39,173.47,172.31,172.61,71.74,12399.0906
1789050000000,2026-09-10T14:20:00Z,172.61,174.12,172.57,173.54,427.94,74278.471
1789050300000,2026-09-10T14:25:00Z,173.54,174.16,173.17,173.24,63.05,10948.1954
1789050600000,2026-09-10T14:30:00Z,173.24,173.29,172.67,172.81,117.88,20380.6953
1789050900000,2026-09-10T14:35:00Z,172.81,173.26,172.76,173.02,54.16,9365.8361
1789051200000,2026-09-10T14:40:00Z,173.02,173.57,173.02,173.57,99.06,17157.8194
1789051500000,2026-09-10T14:45:00Z,173.57,174.03,173.48,173.95,81.99,14256.4453
1789051800000,2026-09-10T14:50:00Z,173.95,174.51,173.68,174.39,111.27,19377.2964
1789052100000,2026-09-10T14:55:00Z,174.39,174.43,173.92,173.97,122.74,21388.6662
1789052400000,2026-09-10T15:00:00Z,173.97,173.99,172.85,173.17,47.22,8190.2005
1789052700000,2026-09-10T15:05:00Z,173.17,173.49,173.17,173.28,24.52,4250.5834
1789053000000,2026-09-10T15:10:00Z,173.28,173.36,173.11,173.36,31.3,5423.5653
1789053300000,2026-09-10T15:15:00Z,173.36,173.36,172.85,172.98,18.64,3229.7895
1789053600000,2026-09-10T15:20:00Z,172.98,172.98,172.59,172.94,34.74,6004.6426
1789053900000,2026-09-10T15:25:00Z,172.94,173.03,172.72,172.94,8.38,1448.7654
1789054200000,2026-09-10T15:30:00Z,172.94,173.57,172.94,173.36,15.26,2645.6995
1789054500000,2026-09-10T15:35:00Z,173.36,174.12,173.24,173.7,49.42,8581.8691
1789054800000,2026-09-10T15:40:00Z,173.7,173.89,173.65,173.8,1.38,239.8348
1789055100000,2026-09-10T15:45:00Z,173.8,173.91,173.46,173.46,11.57,2009.9676
1789055400000,2026-09-10T15:50:00Z,173.46,173.52,172.86,172.94,30.96,5357.8657
1789055700000,2026-09-10T15:55:00Z,172.94,173.31,172.76,173.28,34.49,5966.0098
1789056000000,2026-09-10T16:00:00Z,173.28,173.4,172.68,172.72,169.91,29389.4091
1789056300000,2026-09-10T16:05:00Z,172.72,172.72,171.8,171.87,334.38,57562.0066
1789056600000,2026-09-10T16:10:00Z,171.87,172.24,171.82,172.16,189.5,32587.4876
1789056900000,2026-09-10T16:15:00Z,172.16,172.21,171.78,172.09,34,5847.0366
1789057200000,2026-09-10T16:20:00Z,172.09,172.52,172.09,172.29,220.74,38063.4376
1789057500000,2026-09-10T16:25:00Z,172.29,172.36,172.26,172.36,12.39,2134.9147
1789057800000,2026-09-10T16:30:00Z,172.36,172.68,172.26,172.26,177.4,30580.7389
1789058100000,2026-09-10T16:35:00Z,172.26,172.74,172.17,172.74,38.9,6702.5386
1789058400000,2026-09-10T16:40:00Z,172.74,172.83,172.61,172.67,8.7,1502.147
1789058700000,2026-09-10T16:45:00Z,172.67,173.15,172.67,172.81,5.73,991.5382
1789059000000,2026-09-10T16:50:00Z,172.81,172.93,172.71,172.86,1.97,340.4447
1789059300000,2026-09-10T16:55:00Z,172.86,173.23,172.86,173.23,3.58,619.7839
1789059600000,2026-09-10T17:00:00Z,173.23,173.5,172.93,173.1,155.09,26884.3864
1789059900000,2026-09-10T17:05:00Z,173.1,173.19,172.87,172.98,6.28,1087.1643
1789060200000,2026-09-10T17:10:00Z,172.98,173.07,172.82,172.82,14.42,2494.9296
1789060500000,2026-09-10T17:15:00Z,172.82,172.88,172.72,172.82,24.63,4256.7429
1789060800000,2026-09-10T17:20:00Z,172.82,173.42,172.81,173.39,35.47,6145.9575
1789061100000,2026-09-10T17:25:00Z,173.39,173.83,173.27,173.83,30.08,5221.656
1789061400000,2026-09-10T17:30:00Z,173.83,174.12,173.83,173.99,26.43,4599.7269
1789061700000,2026-09-10T17:35:00Z,173.99,174.18,173.37,173.37,56,9723.3368
1789062000000,2026-09-10T17:40:00Z,173.37,173.58,173.23,173.58,27.26,4726.6567
1789062300000,2026-09-10T17:45:00Z,173.58,173.6,173.23,173.4,12.92,2239.9684
1789062600000,2026-09-10T17:50:00Z,173.4,173.6,173.21,173.3,38.96,6754.341
1789062900000,2026-09-10T17:55:00Z,173.3,173.3,172.99,173.06,12.21,2113.3359
1789063200000,2026-09-10T18:00:00Z,173.06,173.08,172.63,172.63,15.43,2667.2391
1789063500000,2026-09-10T18:05:00Z,172.63,172.71,172.27,172.27,20.44,3527.3008
1789063800000,2026-09-10T18:10:00Z,172.27,172.45,172.09,172.32,18.11,3120.0789
1789064100000,2026-09-10T18:15:00Z,172.32,172.62,172.31,172.46,6.34,1093.4532
1789064400000,2026-09-10T18:20:00Z,172.46,172.66,172.46,172.58,2.67,460.791
1789064700000,2026-09-10T18:25:00Z,172.58,172.65,172.17,172.17,23.87,4116.4779
1789065000000,2026-09-10T18:30:00Z,172.17,172.44,172.14,172.39,21.76,3747.6959
1789065300000,2026-09-10T18:35:00Z,172.39,172.49,172.35,172.42,13.83,2384.0752
1789065600000,2026-09-10T18:40:00Z,172.42,172.71,172.4,172.71,10.31,1778.6588
1789065900000,2026-09-10T18:45:00Z,172.71,172.8,172.44,172.78,55.01,9504.0221
1789066200000,2026-09-10T18:50:00Z,172.78,173.36,172.61,173.19,17.92,3100.2431
1789066500000,2026-09-10T18:55:00Z,173.19,173.73,173.19,173.55,42.05,7294.3071
1789066800000,2026-09-10T19:00:00Z,173.55,173.92,173.38,173.71,47.35,8222.0077
1789067100000,2026-09-10T19:05:00Z,173.71,173.85,173.51,173.75,66.65,11575.0933
1789067400000,2026-09-10T19:10:00Z,173.75,173.87,173.33,173.61,33.37,5792.2896
1789067700000,2026-09-10T19:15:00Z,173.61,173.78,173.56,173.57,12.35,2144.3215
1789068000000,2026-09-10T19:20:00Z,173.57,173.81,173.32,173.79,34.95,6063.1717
1789068300000,2026-09-10T19:25:00Z,173.79,173.98,173.51,173.51,46.49,8080.6613
1789068600000,2026-09-10T19:30:00Z,173.51,173.61,173.35,173.38,13.45,2333.2841
1789068900000,2026-09-10T19:35:00Z,173.38,173.61,173.26,173.35,10.6,1838.0832
1789069200000,2026-09-10T19:40:00Z,173.35,173.56,173.23,173.37,8.57,1486.1836
1789069500000,2026-09-10T19:45:00Z,173.37,173.47,172.69,173.47,62.61,10830.7249
1789069800000,2026-09-10T19:50:00Z,173.47,173.47,172.36,173.01,164.28,28386.742
1789070100000,2026-09-10T19:55:00Z,173.01,173.28,172.4,172.52,69.87,12093.6669
1789070400000,2026-09-10T20:00:00Z,172.52,172.7,172.13,172.32,29.47,5076.6751
1789070700000,2026-09-10T20:05:00Z,172.32,172.57,172.31,172.48,55.6,9588.7194
1789071000000,2026-09-10T20:10:00Z,172.48,172.61,172.16,172.32,130.12,22419.9213
1789071300000,2026-09-10T20:15:00Z,172.32,172.45,172.2,172.3,4.1,706.4524
1789071600000,2026-09-10T20:20:00Z,172.3,172.3,172.06,172.07,111.1,19123.7921
1789071900000,2026-09-10T20:25:00Z,172.07,172.07,171.94,172.02,14.47,2488.9509
1789072200000,2026-09-10T20:30:00Z,172.02,172.21,172,172.03,13.57,2335.6106
1789072500000,2026-09-10T20:35:00Z,172.03,172.03,172.03,172.03,0,0
1789072800000,2026-09-10T20:40:00Z,172.03,172.29,172.03,172.25,3.14,540.9217
1789073100000,2026-09-10T20:45:00Z,172.25,172.33,172.19,172.19,4.19,721.8553
1789073400000,2026-09-10T20:50:00Z,172.19,172.22,172.19,172.22,3.19,549.2948
1789073700000,2026-09-10T20:55:00Z,172.22,172.22,172.17,172.17,1.33,228.9944
1789074000000,2026-09-10T21:00:00Z,172.17,172.24,172,172,32.97,5673.7244
1789074300000,2026-09-10T21:05:00Z,172,172.09,172,172.09,1.04,178.9236
1789074600000,2026-09-10T21:10:00Z,172.09,172.18,172.09,172.18,0.95,163.571
1789074900000,2026-09-10T21:15:00Z,172.18,172.18,172.18,172.18,0,0
1789075200000,2026-09-10T21:20:00Z,172.18,172.18,172.18,172.18,0,0
1789075500000,2026-09-10T21:25:00Z,172.18,172.44,172.18,172.36,33.99,5857.5141
1789075800000,2026-09-10T21:30:00Z,172.36,172.41,172.25,172.31,17.79,3065.5818
1789076100000,2026-09-10T21:35:00Z,172.31,172.47,172.14,172.16,34.34,5918.966
1789076400000,2026-09-10T21:40:00Z,172.16,172.18,171.82,171.88,31.63,5442.1353
1789076700000,2026-09-10T21:45:00Z,171.88,171.99,171.86,171.9,8.83,1517.9695
1789077000000,2026-09-10T21:50:00Z,171.9,171.9,171.85,171.85,30.55,5250.0175
1789077300000,2026-09-10T21:55:00Z,171.85,171.92,171.84,171.92,4.54,780.3368
1789077600000,2026-09-10T22:00:00Z,171.92,172.02,171.9,171.9,7.48,1286.0331
1789077900000,2026-09-10T22:05:00Z,171.9,172.04,171.9,172.04,23.95,4117.2983
1789078200000,2026-09-10T22:10:00Z,172.04,172.04,171.86,171.86,36.34,6246.0063
1789078500000,2026-09-10T22:15:00Z,171.86,171.91,171.86,171.91,1.66,285.3681
1789078800000,2026-09-10T22:20:00Z,171.91,171.98,171.91,171.96,1,171.9706
1789079100000,2026-09-10T22:25:00Z,171.96,171.97,171.95,171.97,1.49,256.2213
1789079400000,2026-09-10T22:30:00Z,171.97,171.97,171.77,171.9,15.3,2628.9629
1789079700000,2026-09-10T22:35:00Z,171.9,171.9,171.48,171.51,59.74,10254.895
1789080000000,2026-09-10T22:40:00Z,171.51,171.51,171.41,171.41,28.25,4842.8674
1789080300000,2026-09-10T22:45:00Z,171.41,171.54,171.4,171.54,20.79,3563.7936
1789080600000,2026-09-10T22:50:00Z,171.54,171.54,171.4,171.4,0.19,32.566
1789080900000,2026-09-10T22:55:00Z,171.4,171.4,171.28,171.28,1.26,215.8382
1789081200000,2026-09-10T23:00:00Z,171.28,171.31,171.04,171.16,199.2,34105.1859
1789081500000,2026-09-10T23:05:00Z,171.16,171.33,170.83,171.1,461.37,78914.0223
1789081800000,2026-09-10T23:10:00Z,171.1,171.1,170.62,170.71,496.09,84761.2044
1789082100000,2026-09-10T23:15:00Z,170.71,171.09,170.61,170.92,249.69,42669.2351
1789082400000,2026-09-10T23:20:00Z,170.92,171.1,170.92,171.09,12.17,2081.3563
1789082700000,2026-09-10T23:25:00Z,171.09,171.14,171.01,171.01,1.45,248.0865
1789083000000,2026-09-10T23:30:00Z,171.01,171.09,170.98,171.09,7.22,1235.2423
1789083300000,2026-09-10T23:35:00Z,171.09,171.14,171.01,171.06,17.79,3043.9572
1789083600000,2026-09-10T23:40:00Z,171.06,171.08,170.97,171.06,2.44,417.2688
1789083900000,2026-09-10T23:45:00Z,171.06,171.06,171.03,171.03,0.72,123.1416
1789084200000,2026-09-10T23:50:00Z,171.03,171.09,170.88,170.88,3.21,549.019
1789084500000,2026-09-10T23:55:00Z,170.88,170.91,170.74,170.78,40.02,6836.1793
1789084800000,2026-09-11T00:00:00Z,170.78,170.93,170.34,170.92,372.72,63620.4806
1789085100000,2026-09-11T00:05:00Z,170.92,171.3,170.75,171.23,12.76,2181.178
1789085400000,2026-09-11T00:10:00Z,171.23,171.44,171.18,171.37,17.03,2918.3046
1789085700000,2026-09-11T00:15:00Z,171.37,171.4,171.2,171.31,22.95,3932.3904
1789086000000,2026-09-11T00:20:00Z,171.31,171.63,171.29,171.63,5.91,1013.576
1789086300000,2026-09-11T00:25:00Z,171.63,171.85,171.46,171.67,32,5493.1337
1789086600000,2026-09-11T00:30:00Z,171.67,171.67,171.25,171.57,14.46,2478.7839
1789086900000,2026-09-11T00:35:00Z,171.57,171.6,171.48,171.52,25.66,4402.014
1789087200000,2026-09-11T00:40:00Z,171.52,171.52,171.22,171.24,14.41,2468.0665
1789087500000,2026-09-11T00:45:00Z,171.24,171.39,171.24,171.32,1.19,203.8683
1789087800000,2026-09-11T00:50:00Z,171.32,171.4,171.16,171.38,29.29,5015.2201
1789088100000,2026-09-11T00:55:00Z,171.38,171.57,171.38,171.57,7.38,1265.9782
1789088400000,2026-09-11T01:00:00Z,171.57,171.99,171.57,171.99,17.49,3003.4915
1789088700000,2026-09-11T01:05:00Z,171.99,172.04,171.99,172.04,8.31,1429.6524
1789089000000,2026-09-11T01:10:00Z,172.04,172.04,171.87,171.89,11.3,1942.8313
1789089300000,2026-09-11T01:15:00Z,171.89,171.89,171.66,171.7,8.86,1521.1284
1789089600000,2026-09-11T01:20:00Z,171.7,171.7,171.3,171.53,18.22,3123.9612
1789089900000,2026-09-11T01:25:00Z,171.53,171.57,171.37,171.37,2.61,447.7292
1789090200000,2026-09-11T01:30:00Z,171.37,171.37,171.12,171.21,19.83,3394.3589
1789090500000,2026-09-11T01:35:00Z,171.21,171.56,171.21,171.28,26.84,4601.3758
1789090800000,2026-09-11T01:40:00Z,171.28,171.32,171.03,171.31,16.28,2787.8093
1789091100000,2026-09-11T01:45:00Z,171.31,171.35,171.26,171.3,6.56,1123.8406
1789091400000,2026-09-11T01:50:00Z,171.3,171.81,171.3,171.79,44.76,7679.9337
1789091700000,2026-09-11T01:55:00Z,171.79,171.88,171.7,171.88,23.41,4021.2261
1789092000000,2026-09-11T02:00:00Z,171.88,171.95,171.8,171.82,35.48,6097.9102
1789092300000,2026-09-11T02:05:00Z,171.82,171.95,171.59,171.77,18.78,3224.62
1789092600000,2026-09-11T02:10:00Z,171.77,171.89,171.74,171.84,4.13,709.7195
1789092900000,2026-09-11T02:15:00Z,171.84,171.84,171.61,171.67,5.15,884.0339
1789093200000,2026-09-11T02:20:00Z,171.67,171.78,171.67,171.7,2.66,456.7985
1789093500000,2026-09-11T02:25:00Z,171.7,171.7,171.3,171.45,16.63,2851.4071
1789093800000,2026-09-11T02:30:00Z,171.45,171.45,171.32,171.32,0.05,8.566
1789094100000,2026-09-11T02:35:00Z,171.32,171.78,171.32,171.78,11.92,2046.6233
1789094400000,2026-09-11T02:40:00Z,171.78,171.78,171.61,171.61,1.16,199.0676
1789094700000,2026-09-11T02:45:00Z,171.61,171.74,171.61,171.74,1.01,173.4574
1789095000000,2026-09-11T02:50:00Z,171.74,171.74,171.38,171.38,26,4460.9448
1789095300000,2026-09-11T02:55:00Z,171.38,171.53,171.38,171.53,1.35,231.5515
1789095600000,2026-09-11T03:00:00Z,171.53,171.53,171.4,171.4,4.02,689.3596
1789095900000,2026-09-11T03:05:00Z,171.4,171.4,171.18,171.2,5.36,918.1562
1789096200000,2026-09-11T03:10:00Z,171.2,171.45,171.17,171.4,25.7,4401.7674
1789096500000,2026-09-11T03:15:00Z,171.4,171.4,171.22,171.36,8.97,1536.154
1789096800000,2026-09-11T03:20:00Z,171.36,171.36,171.11,171.21,14.48,2478.7311
1789097100000,2026-09-11T03:25:00Z,171.21,171.33,171.18,171.31,7.49,1282.7794
1789097400000,2026-09-11T03:30:00Z,171.31,171.31,171.01,171.11,4.71,806.1319
1789097700000,2026-09-11T03:35:00Z,171.11,171.4,171.11,171.39,23.16,3968.2567
1789098000000,2026-09-11T03:40:00Z,171.39,171.64,171.35,171.48,56.46,9682.3499
1789098300000,2026-09-11T03:45:00Z,171.48,171.48,171.35,171.38,1.98,339.3124
1789098600000,2026-09-11T03:50:00Z,171.38,171.38,171.17,171.25,10.35,1772.1166
1789098900000,2026-09-11T03:55:00Z,171.25,171.4,171.24,171.4,12.14,2080.1316
1789099200000,2026-09-11T04:00:00Z,171.4,171.54,171.27,171.42,13.18,2259.2953
1789099500000,2026-09-11T04:05:00Z,171.42,171.72,171.42,171.72,0.04,6.8688
1789099800000,2026-09-11T04:10:00Z,171.72,171.76,171.51,171.55,3.32,569.4904
1789100100000,2026-09-11T04:15:00Z,171.55,171.73,171.55,171.56,18,3090.0572
1789100400000,2026-09-11T04:20:00Z,171.56,171.94,171.56,171.91,6.02,1034.7159
1789100700000,2026-09-11T04:25:00Z,171.91,172.22,171.91,172.2,3.69,635.1359
1789101000000,2026-09-11T04:30:00Z,172.2,172.28,172.17,172.17,38.98,6715.2837
1789101300000,2026-09-11T04:35:00Z,172.17,172.17,172.16,172.16,50,8608
1789101600000,2026-09-11T04:40:00Z,172.16,172.25,171.93,172.08,31.38,5399.0698
1789101900000,2026-09-11T04:45:00Z,172.08,172.08,171.68,171.81,98.48,16918.1184
1789102200000,2026-09-11T04:50:00Z,171.81,172.02,171.81,172.02,9.06,1558.1516
1789102500000,2026-09-11T04:55:00Z,172.02,172.04,172,172.04,5.75,989.1403
1789102800000,2026-09-11T05:00:00Z,172.04,172.04,171.94,171.94,2.69,462.5972
1789103100000,2026-09-11T05:05:00Z,171.94,171.94,171.78,171.78,0.5,85.89
1789103400000,2026-09-11T05:10:00Z,171.78,172.15,171.78,172.07,17.91,3081.7061
1789103700000,2026-09-11T05:15:00Z,172.07,172.07,172.07,172.07,0,0
1789104000000,2026-09-11T05:20:00Z,172.07,172.15,171.91,171.94,68.36,11764.1475
1789104300000,2026-09-11T05:25:00Z,171.94,171.97,171.86,171.93,32.49,5585.4082
1789104600000,2026-09-11T05:30:00Z,171.93,171.93,171.86,171.86,0.52,89.3726
1789104900000,2026-09-11T05:35:00Z,171.86,172.12,171.85,172.11,52.41,9018.7913
1789105200000,2026-09-11T05:40:00Z,172.11,172.14,172.1,172.14,12.27,2111.9266
1789105500000,2026-09-11T05:45:00Z,172.14,172.23,172.14,172.23,8.36,1439.3489
1789105800000,2026-09-11T05:50:00Z,172.23,172.42,172.18,172.42,28.31,4877.675
1789106100000,2026-09-11T05:55:00Z,172.42,172.42,172.42,172.42,0,0
1789106400000,2026-09-11T06:00:00Z,172.42,172.57,172.38,172.57,6.65,1147.5191
1789106700000,2026-09-11T06:05:00Z,172.57,172.92,172.56,172.92,39.57,6838.6953
1789107000000,2026-09-11T06:10:00Z,172.92,173.23,172.92,173.23,9.51,1645.3012
1789107300000,2026-09-11T06:15:00Z,173.23,173.23,173.06,173.1,3.69,638.6717
1789107600000,2026-09-11T06:20:00Z,173.1,173.1,172.82,172.82,52.55,9090.2606
1789107900000,2026-09-11T06:25:00Z,172.82,172.87,172.69,172.87,19.62,3389.3927
1789108200000,2026-09-11T06:30:00Z,172.87,172.87,172.7,172.7,2.14,369.5826
1789108500000,2026-09-11T06:35:00Z,172.7,172.8,172.7,172.79,13.3,2297.6334
1789108800000,2026-09-11T06:40:00Z,172.79,172.79,172.79,172.79,0,0
1789109100000,2026-09-11T06:45:00Z,172.79,172.79,172.79,172.79,0,0
1789109400000,2026-09-11T06:50:00Z,172.79,172.84,172.78,172.84,4.03,696.3782
1789109700000,2026-09-11T06:55:00Z,172.84,172.84,172.84,172.84,0,0
1789110000000,2026-09-11T07:00:00Z,172.84,173.01,172.84,173.01,2.12,366.7378
1789110300000,2026-09-11T07:05:00Z,173.01,173.24,173.01,173.19,16.36,2832.5002
1789110600000,2026-09-11T07:10:00Z,173.19,173.37,173.19,173.31,3.45,597.9537
1789110900000,2026-09-11T07:15:00Z,173.31,173.31,173.26,173.26,0.06,10.3956
1789111200000,2026-09-11T07:20:00Z,173.26,173.31,173.25,173.25,10.59,1834.8598
1789111500000,2026-09-11T07:25:00Z,173.25,173.25,172.91,172.91,19.31,3343.023
1789111800000,2026-09-11T07:30:00Z,172.91,172.93,172.83,172.88,21.91,3787.9957
1789112100000,2026-09-11T07:35:00Z,172.88,172.9,172.88,172.89,1.12,193.6297
1789112400000,2026-09-11T07:40:00Z,172.89,172.95,172.89,172.95,2.88,498.0832
1789112700000,2026-09-11T07:45:00Z,172.95,172.95,172.7,172.7,1.47,253.9561
1789113000000,2026-09-11T07:50:00Z,172.7,172.72,172.7,172.72,1.25,215.9
1789113300000,2026-09-11T07:55:00Z,172.72,172.88,172.72,172.88,6.96,1203.2448
1789113600000,2026-09-11T08:00:00Z,172.88,173.05,172.86,172.86,35.53,6146.7594
1789113900000,2026-09-11T08:05:00Z,172.86,172.86,172.7,172.76,16.87,2914.5375
1789114200000,2026-09-11T08:10:00Z,172.76,172.92,172.57,172.92,44.15,7625.8962
1789114500000,2026-09-11T08:15:00Z,172.92,173.25,172.9,173.06,45.09,7805.5281
1789114800000,2026-09-11T08:20:00Z,173.06,173.77,173.06,173.48,151.25,26256.5156
1789115100000,2026-09-11T08:25:00Z,173.48,173.48,173.22,173.25,36.42,6311.3957
1789115400000,2026-09-11T08:30:00Z,173.25,173.69,173.25,173.53,30.61,5310.9993
1789115700000,2026-09-11T08:35:00Z,173.53,173.55,173.36,173.36,1.78,308.679
1789116000000,2026-09-11T08:40:00Z,173.36,173.46,173.36,173.45,2.24,388.5212
1789116300000,2026-09-11T08:45:00Z,173.45,173.61,173.45,173.52,2.95,512.0888
1789116600000,2026-09-11T08:50:00Z,173.52,173.62,173.46,173.62,2.76,479.0342
1789116900000,2026-09-11T08:55:00Z,173.62,173.62,173.45,173.45,3.51,609.0806
1789117200000,2026-09-11T09:00:00Z,173.45,173.6,173.45,173.49,6.28,1089.7534
1789117500000,2026-09-11T09:05:00Z,173.49,173.49,173.15,173.16,12.67,2194.6572
1789117800000,2026-09-11T09:10:00Z,173.16,173.24,172.99,172.99,24.12,4176.2831
1789118100000,2026-09-11T09:15:00Z,172.99,173.44,172.99,173.17,59.53,10316.17
1789118400000,2026-09-11T09:20:00Z,173.17,173.24,173.14,173.17,11.99,2076.1828
1789118700000,2026-09-11T09:25:00Z,173.17,173.17,173.02,173.02,1.31,226.7375
1789119000000,2026-09-11T09:30:00Z,173.02,173.24,172.91,172.92,86.3,14937.1816
1789119300000,2026-09-11T09:35:00Z,172.92,173.24,172.54,172.64,40.51,6994.9053
1789119600000,2026-09-11T09:40:00Z,172.64,173.24,172.5,172.71,20.01,3454.2083
1789119900000,2026-09-11T09:45:00Z,172.71,172.87,172.68,172.87,47.59,8222.2277
1789120200000,2026-09-11T09:50:00Z,172.87,172.99,172.86,172.93,7.54,1303.7037
1789120500000,2026-09-11T09:55:00Z,172.93,173.04,172.93,172.98,4.3,744.0476
1789120800000,2026-09-11T10:00:00Z,172.98,173.24,172.59,173.24,62.01,10711.2768
1789121100000,2026-09-11T10:05:00Z,173.24,173.24,173.05,173.05,2.66,460.4962
1789121400000,2026-09-11T10:10:00Z,173.05,173.05,172.84,172.94,14.75,2550.4431
1789121700000,2026-09-11T10:15:00Z,172.94,173.07,172.94,173.01,7.18,1242.3452
1789122000000,2026-09-11T10:20:00Z,173.01,173.04,172.97,172.97,6.07,1050.0276
1789122300000,2026-09-11T10:25:00Z,172.97,173.01,172.71,172.91,28.81,4980.7251
1789122600000,2026-09-11T10:30:00Z,172.91,172.98,172.91,172.98,3.39,586.4022
1789122900000,2026-09-11T10:35:00Z,172.98,172.98,172.93,172.97,7.03,1215.8528
1789123200000,2026-09-11T10:40:00Z,172.97,172.97,172.85,172.89,3.08,532.4388
1789123500000,2026-09-11T10:45:00Z,172.89,172.95,172.89,172.92,5.01,866.3828
1789123800000,2026-09-11T10:50:00Z,172.92,172.97,172.87,172.88,4.47,773.1014
1789124100000,2026-09-11T10:55:00Z,172.88,172.88,172.88,172.88,0,0
1789124400000,2026-09-11T11:00:00Z,172.88,172.88,172.78,172.79,13.67,2361.9107
1789124700000,2026-09-11T11:05:00Z,172.79,172.84,172.59,172.65,41.94,7244.4011
1789125000000,2026-09-11T11:10:00Z,172.65,172.65,172.45,172.59,13.78,2377.0787
1789125300000,2026-09-11T11:15:00Z,172.59,172.59,172.47,172.47,6.1,1052.2038
1789125600000,2026-09-11T11:20:00Z,172.47,172.54,172.47,172.54,3.35,577.9217
1789125900000,2026-09-11T11:25:00Z,172.54,172.92,172.54,172.81,7.48,1292.9232
1789126200000,2026-09-11T11:30:00Z,172.81,172.81,172.72,172.72,2.39,412.9124
1789126500000,2026-09-11T11:35:00Z,172.72,172.72,172.72,172.72,0,0
1789126800000,2026-09-11T11:40:00Z,172.72,173.26,172.72,173.19,669.53,115963.0415
1789127100000,2026-09-11T11:45:00Z,173.19,173.39,173.13,173.36,104.07,18028.7353
1789127400000,2026-09-11T11:50:00Z,173.36,173.36,173.24,173.24,1.21,209.6467
1789127700000,2026-09-11T11:55:00Z,173.24,173.24,173.09,173.12,8.53,1477.0211
1789128000000,2026-09-11T12:00:00Z,173.12,173.3,173.12,173.3,3.96,686.1001
1789128300000,2026-09-11T12:05:00Z,173.3,173.36,172.98,172.98,9.8,1696.6672
1789128600000,2026-09-11T12:10:00Z,172.98,173.14,172.91,172.98,2.3,398.0846
1789128900000,2026-09-11T12:15:00Z,172.98,173.27,172.98,173.16,12.17,2107.5991
1789129200000,2026-09-11T12:20:00Z,173.16,173.23,173.08,173.08,2.06,356.7636
1789129500000,2026-09-11T12:25:00Z,173.08,173.99,173.07,173.63,226.77,39366.0868
1789129800000,2026-09-11T12:30:00Z,173.63,174.13,171.46,173.97,594.04,102660.1366
1789130100000,2026-09-11T12:35:00Z,173.97,175.37,173.62,175.25,176.09,30714.3089
1789130400000,2026-09-11T12:40:00Z,175.25,175.6,174.81,175.08,105.46,18467.381
1789130700000,2026-09-11T12:45:00Z,175.08,176.07,175.08,176.06,75.38,13241.9138
1789131000000,2026-09-11T12:50:00Z,176.06,176.61,176.06,176.45,61.11,10780.684
1789131300000,2026-09-11T12:55:00Z,176.45,176.59,176.12,176.59,37.77,6657.1533
1789131600000,2026-09-11T13:00:00Z,176.59,176.7,176.11,176.11,1535.3,270875.4368
1789131900000,2026-09-11T13:05:00Z,176.11,176.41,175.65,175.67,42.92,7555.8016
1789132200000,2026-09-11T13:10:00Z,175.67,176.16,175.65,176.16,19.93,3507.4046
1789132500000,2026-09-11T13:15:00Z,176.16,176.16,175.86,175.97,55.25,9724.1475
1789132800000,2026-09-11T13:20:00Z,175.97,176.24,175.71,175.82,72.79,12810.4817
1789133100000,2026-09-11T13:25:00Z,175.82,175.82,174.31,174.49,516.31,90340.1106
1789133400000,2026-09-11T13:30:00Z,174.49,175.22,173.39,174.47,564.99,98493.4825
1789133700000,2026-09-11T13:35:00Z,174.47,174.95,173.16,174.95,578.92,100721.5976
1789134000000,2026-09-11T13:40:00Z,174.95,175.47,174.13,174.33,243.75,42600.5498
1789134300000,2026-09-11T13:45:00Z,174.33,177.16,173.59,176.9,307.2,53683.4299
1789134600000,2026-09-11T13:50:00Z,176.9,178.12,176.17,177.09,128.86,22845.7009
1789134900000,2026-09-11T13:55:00Z,177.09,180.07,177.09,179.71,464.85,83083.6014
1789135200000,2026-09-11T14:00:00Z,179.71,181.8,179.33,181.44,349.42,63123.549
1789135500000,2026-09-11T14:05:00Z,181.44,181.91,180.26,181.55,686.25,124346.8892
1789135800000,2026-09-11T14:10:00Z,181.55,182.04,179.87,181.66,176.85,31977.5311
1789136100000,2026-09-11T14:15:00Z,181.66,181.88,180.85,181.77,169.83,30797.802
1789136400000,2026-09-11T14:20:00Z,181.77,181.88,180.24,180.8,46.06,8340.6226
1789136700000,2026-09-11T14:25:00Z,180.8,181.27,180.24,181.11,106.58,19261.0228
1789137000000,2026-09-11T14:30:00Z,181.11,181.22,179.91,180.08,93.92,16946.7837
1789137300000,2026-09-11T14:35:00Z,180.08,180.47,179.6,179.92,33.52,6034.5092
1789137600000,2026-09-11T14:40:00Z,179.92,180.67,179.92,180.27,578.56,104333.8191
1789137900000,2026-09-11T14:45:00Z,180.27,181.43,180.27,181.19,183.46,33217.4251
1789138200000,2026-09-11T14:50:00Z,181.19,182.17,181.01,181.87,292.23,53123.1205
1789138500000,2026-09-11T14:55:00Z,181.87,182.02,181.24,181.47,281.23,51136.2921
1789138800000,2026-09-11T15:00:00Z,181.47,181.66,180.15,180.8,352.81,63898.5447
1789139100000,2026-09-11T15:05:00Z,180.8,181.48,180.52,180.83,163.24,29539.9123
1789139400000,2026-09-11T15:10:00Z,180.83,181.15,180.58,180.94,54.43,9837.0302
1789139700000,2026-09-11T15:15:00Z,180.94,181.29,180.62,181.08,26.85,4859.6121
1789140000000,2026-09-11T15:20:00Z,181.08,181.48,180.76,181.04,64.98,11758.9156
1789140300000,2026-09-11T15:25:00Z,181.04,181.09,180.7,180.84,26.68,4826.8401
1789140600000,2026-09-11T15:30:00Z,180.84,180.96,180.54,180.8,18.5,3343.4991
1789140900000,2026-09-11T15:35:00Z,180.8,180.8,180.24,180.44,12.57,2268.3426
1789141200000,2026-09-11T15:40:00Z,180.44,181.05,180.41,180.64,21.5,3887.6928
1789141500000,2026-09-11T15:45:00Z,180.64,180.73,179.85,180.17,27.39,4937.2622
1789141800000,2026-09-11T15:50:00Z,180.17,180.17,177.52,177.83,301.17,53882.6989
1789142100000,2026-09-11T15:55:00Z,177.83,178.25,177.29,177.99,79.61,14151.5282
1789142400000,2026-09-11T16:00:00Z,177.99,178.92,177.93,178.25,170.42,30409.5871
1789142700000,2026-09-11T16:05:00Z,178.25,178.61,177.62,178.48,86.14,15361.0149
1789143000000,2026-09-11T16:10:00Z,178.48,178.82,177.26,177.29,172.53,30736.5555
1789143300000,2026-09-11T16:15:00Z,177.29,177.97,177.29,177.4,273.04,48509.3864
1789143600000,2026-09-11T16:20:00Z,177.4,177.5,177.08,177.35,69.21,12273.3906
1789143900000,2026-09-11T16:25:00Z,177.35,177.9,177.35,177.79,58.73,10432.4458
1789144200000,2026-09-11T16:30:00Z,177.79,177.88,177.27,177.83,59.01,10473.9304
1789144500000,2026-09-11T16:35:00Z,177.83,177.83,177.25,177.25,21.41,3800.4783
1789144800000,2026-09-11T16:40:00Z,177.25,177.8,177.21,177.8,17.92,3181.0715
1789145100000,2026-09-11T16:45:00Z,177.8,178.23,177.69,177.69,15.97,2842.2223
1789145400000,2026-09-11T16:50:00Z,177.69,177.95,177.49,177.49,17.48,3108.1725
1789145700000,2026-09-11T16:55:00Z,177.49,177.71,177.49,177.68,3.58,635.8591
1789146000000,2026-09-11T17:00:00Z,177.68,177.97,177.68,177.77,29.2,5192.2665
1789146300000,2026-09-11T17:05:00Z,177.77,178.22,177.72,177.93,29.77,5297.5767
1789146600000,2026-09-11T17:10:00Z,177.93,177.93,177.33,177.33,27.11,4816.5021
1789146900000,2026-09-11T17:15:00Z,177.33,177.77,177.33,177.62,26.95,4784.5269
1789147200000,2026-09-11T17:20:00Z,177.62,177.76,177.47,177.58,31.84,5657.1482
1789147500000,2026-09-11T17:25:00Z,177.58,177.94,177.58,177.71,16.14,2868.9236
1789147800000,2026-09-11T17:30:00Z,177.71,177.82,177.42,177.52,29.53,5246.3618
1789148100000,2026-09-11T17:35:00Z,177.52,177.52,176.81,176.87,3.1,548.7507
1789148400000,2026-09-11T17:40:00Z,176.87,177.12,176.76,177.06,5.68,1004.6153
1789148700000,2026-09-11T17:45:00Z,177.06,177.12,177.01,177.09,3.45,610.8639
1789149000000,2026-09-11T17:50:00Z,177.09,177.09,176.39,176.47,24.84,4388.8432
1789149300000,2026-09-11T17:55:00Z,176.47,176.47,176.02,176.06,21.59,3804.3633
1789149600000,2026-09-11T18:00:00Z,176.06,176.11,175.27,175.32,55.56,9758.4051
1789149900000,2026-09-11T18:05:00Z,175.32,175.32,174.31,174.7,337.39,58980.9957
1789150200000,2026-09-11T18:10:00Z,174.7,174.91,174.39,174.79,13.14,2295.5553
1789150500000,2026-09-11T18:15:00Z,174.79,175.46,174.79,175.35,66.52,11657.6342
1789150800000,2026-09-11T18:20:00Z,175.35,175.37,175.05,175.13,17.99,3152.4957
1789151100000,2026-09-11T18:25:00Z,175.13,175.55,174.98,175.43,40.74,7142.4537
1789151400000,2026-09-11T18:30:00Z,175.43,175.49,175.09,175.25,11.15,1954.6773
1789151700000,2026-09-11T18:35:00Z,175.25,175.49,175.09,175.32,5.05,885.2363
1789152000000,2026-09-11T18:40:00Z,175.32,175.32,174.92,175.15,10.65,1863.8179
1789152300000,2026-09-11T18:45:00Z,175.15,175.37,174.83,174.92,16.81,2945.911
1789152600000,2026-09-11T18:50:00Z,174.92,174.95,174.53,174.53,113.74,19880.6237
1789152900000,2026-09-11T18:55:00Z,174.53,174.92,174.53,174.85,18.1,3163.4244
1789153200000,2026-09-11T19:00:00Z,174.85,175.1,174.51,175.1,39.93,6976.9225
1789153500000,2026-09-11T19:05:00Z,175.1,175.27,174.76,174.8,62.72,10980.9073
1789153800000,2026-09-11T19:10:00Z,174.8,174.8,174.2,174.66,19.73,3441.4198
1789154100000,2026-09-11T19:15:00Z,174.66,174.66,174.15,174.23,15.86,2764.6531
1789154400000,2026-09-11T19:20:00Z,174.23,174.62,174.17,174.62,20.88,3639.9595
1789154700000,2026-09-11T19:25:00Z,174.62,174.62,174.4,174.4,6.57,1146.4006
1789155000000,2026-09-11T19:30:00Z,174.4,174.91,174.19,174.91,193.16,33709.6552
1789155300000,2026-09-11T19:35:00Z,174.91,174.94,174.69,174.94,22.91,4005.3763
1789155600000,2026-09-11T19:40:00Z,174.94,175.49,174.94,175.49,21.9,3836.6379
1789155900000,2026-09-11T19:45:00Z,175.49,175.99,175.39,175.91,22.35,3928.6262
1789156200000,2026-09-11T19:50:00Z,175.91,175.91,174.7,175.37,360.11,63194.763
1789156500000,2026-09-11T19:55:00Z,175.37,175.67,175.21,175.37,72.27,12675.952
1789156800000,2026-09-11T20:00:00Z,175.37,175.57,173.87,175.57,1390.72,242916.9192
1789157100000,2026-09-11T20:05:00Z,175.57,175.57,175.26,175.26,142.05,24913.9555
1789157400000,2026-09-11T20:10:00Z,175.26,175.62,175.26,175.37,190,33344.017
1789157700000,2026-09-11T20:15:00Z,175.37,175.37,175.17,175.18,4.28,749.8197
1789158000000,2026-09-11T20:20:00Z,175.18,175.33,175.18,175.33,5.83,1021.8221
1789158300000,2026-09-11T20:25:00Z,175.33,175.45,175.23,175.37,77.85,13648.9963
1789158600000,2026-09-11T20:30:00Z,175.37,175.37,175.04,175.09,16.98,2974.0911
1789158900000,2026-09-11T20:35:00Z,175.09,175.25,175.09,175.22,18.66,3269.0978
1789159200000,2026-09-11T20:40:00Z,175.22,175.37,175.22,175.25,14.37,2519.066
1789159500000,2026-09-11T20:45:00Z,175.25,175.27,175.07,175.07,14.89,2609.5241
1789159800000,2026-09-11T20:50:00Z,175.07,175.3,174.93,175.3,45.41,7949.9145
1789160100000,2026-09-11T20:55:00Z,175.3,175.41,175.2,175.41,4.61,808.0883
1789160400000,2026-09-11T21:00:00Z,175.41,175.63,175.41,175.5,65.7,11530.3005
1789160700000,2026-09-11T21:05:00Z,175.5,175.66,175.5,175.66,2.71,475.9626
1789161000000,2026-09-11T21:10:00Z,175.66,175.67,175.48,175.5,22.28,3911.0545
1789161300000,2026-09-11T21:15:00Z,175.5,175.6,175.5,175.59,27.84,4887.1006
1789161600000,2026-09-11T21:20:00Z,175.59,175.63,175.59,175.63,3.98,698.9648
1789161900000,2026-09-11T21:25:00Z,175.63,175.69,175.56,175.64,4.12,723.4638
1789162200000,2026-09-11T21:30:00Z,175.64,175.64,175.57,175.61,9.94,1745.4337
1789162500000,2026-09-11T21:35:00Z,175.61,175.61,175.53,175.58,12.1,2123.9617
1789162800000,2026-09-11T21:40:00Z,175.58,175.74,175.49,175.52,68.47,12023.7144
1789163100000,2026-09-11T21:45:00Z,175.52,175.52,175.44,175.44,6.76,1185.9744
1789163400000,2026-09-11T21:50:00Z,175.44,175.45,175.38,175.43,2.18,382.3932
1789163700000,2026-09-11T21:55:00Z,175.43,175.49,175.36,175.45,20.32,3563.9435
1789164000000,2026-09-11T22:00:00Z,175.45,175.59,175.34,175.59,32.18,5647.4926
1789164300000,2026-09-11T22:05:00Z,175.59,175.59,175.41,175.43,11.23,1970.5802
1789164600000,2026-09-11T22:10:00Z,175.43,175.54,175.41,175.52,30.2,5299.6181
1789164900000,2026-09-11T22:15:00Z,175.52,175.58,175.52,175.58,7.98,1400.7624
1789165200000,2026-09-11T22:20:00Z,175.58,175.69,175.58,175.6,21.13,3711.8259
1789165500000,2026-09-11T22:25:00Z,175.6,175.63,175.53,175.53,19.19,3369.0272
1789165800000,2026-09-11T22:30:00Z,175.53,175.53,175.49,175.49,5.37,942.3846
1789166100000,2026-09-11T22:35:00Z,175.49,175.59,175.4,175.59,21.84,3833.3536
1789166400000,2026-09-11T22:40:00Z,175.59,175.64,175.51,175.51,25.34,4449.2039
1789166700000,2026-09-11T22:45:00Z,175.51,175.51,175.33,175.35,21.37,3747.5394
1789167000000,2026-09-11T22:50:00Z,175.35,175.46,175.33,175.42,26.35,4621.1324
1789167300000,2026-09-11T22:55:00Z,175.42,175.42,175.32,175.38,6.37,1117.0511
1789167600000,2026-09-11T23:00:00Z,175.38,175.54,175.36,175.54,13.1,2298.7913
1789167900000,2026-09-11T23:05:00Z,175.54,175.61,175.53,175.61,51.38,9019.203
1789168200000,2026-09-11T23:10:00Z,175.61,175.61,175.4,175.4,24.72,4336.9497
1789168500000,2026-09-11T23:15:00Z,175.4,175.4,175.4,175.4,0,0
1789168800000,2026-09-11T23:20:00Z,175.4,175.5,175.4,175.5,0.92,161.4538
1789169100000,2026-09-11T23:25:00Z,175.5,175.5,175.5,175.5,0,0
1789169400000,2026-09-11T23:30:00Z,175.5,175.5,175.41,175.43,7.75,1359.5152
1789169700000,2026-09-11T23:35:00Z,175.43,175.47,175.43,175.47,2.66,466.702
1789170000000,2026-09-11T23:40:00Z,175.47,175.5,175.41,175.5,0.58,101.7468
1789170300000,2026-09-11T23:45:00Z,175.5,175.5,175.43,175.43,5.01,878.9517
1789170600000,2026-09-11T23:50:00Z,175.43,175.43,175.43,175.43,0,0
1789170900000,2026-09-11T23:55:00Z,175.43,175.47,175.29,175.29,7.79,1366.5801
1789171200000,2026-09-12T00:00:00Z,175.29,175.59,175.29,175.57,6.32,1109.5805
1789171500000,2026-09-12T00:05:00Z,175.57,175.57,175.55,175.55,3.89,682.9273
1789171800000,2026-09-12T00:10:00Z,175.55,175.55,175.5,175.5,0.62,108.81
1789172100000,2026-09-12T00:15:00Z,175.5,175.63,175.5,175.63,1.86,326.6257
1789172400000,2026-09-12T00:20:00Z,175.63,175.72,175.63,175.72,0.81,142.3251
1789172700000,2026-09-12T00:25:00Z,175.72,175.72,175.72,175.72,0,0
1789173000000,2026-09-12T00:30:00Z,175.72,175.72,175.68,175.68,2.34,411.1494
1789173300000,2026-09-12T00:35:00Z,175.68,175.68,175.68,175.68,0,0
1789173600000,2026-09-12T00:40:00Z,175.68,175.72,175.68,175.72,0.26,45.6872
1789173900000,2026-09-12T00:45:00Z,175.72,175.72,175.57,175.57,0.63,110.6291
1789174200000,2026-09-12T00:50:00Z,175.57,175.59,175.57,175.59,0.12,21.0708
1789174500000,2026-09-12T00:55:00Z,175.59,175.59,175.59,175.59,0,0
1789174800000,2026-09-12T01:00:00Z,175.59,175.59,175.56,175.56,0.12,21.0672
1789175100000,2026-09-12T01:05:00Z,175.56,175.57,175.56,175.57,0.12,21.0684
1789175400000,2026-09-12T01:10:00Z,175.57,175.74,175.57,175.74,16.54,2906.7396
1789175700000,2026-09-12T01:15:00Z,175.74,175.74,175.69,175.69,6.26,1099.842
1789176000000,2026-09-12T01:20:00Z,175.69,175.74,175.67,175.67,1.1,193.293
1789176300000,2026-09-12T01:25:00Z,175.67,175.67,175.67,175.67,0.27,47.4309
1789176600000,2026-09-12T01:30:00Z,175.67,175.67,175.67,175.67,0,0
1789176900000,2026-09-12T01:35:00Z,175.67,175.7,175.62,175.64,2.66,467.2974
1789177200000,2026-09-12T01:40:00Z,175.64,175.64,175.64,175.64,0,0
1789177500000,2026-09-12T01:45:00Z,175.64,175.64,175.64,175.64,0,0
1789177800000,2026-09-12T01:50:00Z,175.64,175.73,175.64,175.71,16.49,2897.1521
1789178100000,2026-09-12T01:55:00Z,175.71,175.71,175.35,175.44,10.24,1796.7727
1789178400000,2026-09-12T02:00:00Z,175.44,175.44,175.4,175.44,2.05,359.5951
1789178700000,2026-09-12T02:05:00Z,175.44,175.44,175.42,175.42,0.25,43.855
1789179000000,2026-09-12T02:10:00Z,175.42,175.42,175.42,175.42,0,0
1789179300000,2026-09-12T02:15:00Z,175.42,175.45,175.42,175.45,0.12,21.054
1789179600000,2026-09-12T02:20:00Z,175.45,175.45,175.43,175.43,0.25,43.8575
1789179900000,2026-09-12T02:25:00Z,175.43,175.43,175.43,175.43,0,0
1789180200000,2026-09-12T02:30:00Z,175.43,175.43,175.41,175.42,0.52,91.2158
1789180500000,2026-09-12T02:35:00Z,175.42,175.42,175.36,175.36,0.03,5.2608
1789180800000,2026-09-12T02:40:00Z,175.36,175.43,175.36,175.41,1.53,268.4025
1789181100000,2026-09-12T02:45:00Z,175.41,175.51,175.41,175.51,1.16,203.5432
1789181400000,2026-09-12T02:50:00Z,175.51,175.55,175.47,175.49,13.92,2443.517
1789181700000,2026-09-12T02:55:00Z,175.49,175.57,175.49,175.5,6.8,1193.5376
1789182000000,2026-09-12T03:00:00Z,175.5,175.5,175.45,175.48,2.65,464.9814
1789182300000,2026-09-12T03:05:00Z,175.48,175.6,175.48,175.51,6.04,1060.195
1789182600000,2026-09-12T03:10:00Z,175.51,175.58,175.51,175.56,2.65,465.2503
1789182900000,2026-09-12T03:15:00Z,175.56,175.61,175.49,175.61,6.27,1100.6411
1789183200000,2026-09-12T03:20:00Z,175.61,175.61,175.41,175.46,11.08,1944.2332
1789183500000,2026-09-12T03:25:00Z,175.46,175.46,175.33,175.35,4.86,852.4059
1789183800000,2026-09-12T03:30:00Z,175.35,175.47,175.35,175.47,2.58,452.6508
1789184100000,2026-09-12T03:35:00Z,175.47,175.47,175.47,175.47,0,0
1789184400000,2026-09-12T03:40:00Z,175.47,175.47,175.35,175.4,8.26,1448.5887
1789184700000,2026-09-12T03:45:00Z,175.4,175.42,175.4,175.42,4.01,703.4123
1789185000000,2026-09-12T03:50:00Z,175.42,175.44,175.41,175.44,11.39,1997.9525
1789185300000,2026-09-12T03:55:00Z,175.44,175.47,175.44,175.47,1.93,338.6571
1789185600000,2026-09-12T04:00:00Z,175.47,175.54,175.47,175.54,3.25,570.4246
1789185900000,2026-09-12T04:05:00Z,175.54,175.54,175.54,175.54,0.18,31.5972
1789186200000,2026-09-12T04:10:00Z,175.54,175.54,175.51,175.51,0.36,63.1836
1789186500000,2026-09-12T04:15:00Z,175.51,175.53,175.47,175.5,4.6,807.2981
1789186800000,2026-09-12T04:20:00Z,175.5,175.51,175.49,175.5,2.59,454.5451
1789187100000,2026-09-12T04:25:00Z,175.5,175.53,175.44,175.53,3.95,693.0678
1789187400000,2026-09-12T04:30:00Z,175.53,175.53,175.51,175.51,1.19,208.8596
1789187700000,2026-09-12T04:35:00Z,175.51,175.53,175.51,175.53,0.5,87.765
1789188000000,2026-09-12T04:40:00Z,175.53,175.55,175.47,175.51,10.5,1842.7928
1789188300000,2026-09-12T04:45:00Z,175.51,175.51,175.49,175.49,0.36,63.1764
1789188600000,2026-09-12T04:50:00Z,175.49,175.49,175.49,175.49,0.27,47.3823
1789188900000,2026-09-12T04:55:00Z,175.49,175.49,175.4,175.4,14.8,2595.92
1789189200000,2026-09-12T05:00:00Z,175.4,175.43,175.35,175.35,1.68,294.69
1789189500000,2026-09-12T05:05:00Z,175.35,175.41,175.35,175.41,3.11,545.4537
1789189800000,2026-09-12T05:10:00Z,175.41,175.45,175.4,175.44,2.28,399.9888
1789190100000,2026-09-12T05:15:00Z,175.44,175.46,175.44,175.45,7.02,1231.6635
1789190400000,2026-09-12T05:20:00Z,175.45,175.48,175.41,175.41,27.49,4822.5209
1789190700000,2026-09-12T05:25:00Z,175.41,175.5,175.41,175.5,4.51,791.3213
1789191000000,2026-09-12T05:30:00Z,175.5,175.5,175.41,175.45,10.07,1766.6267
1789191300000,2026-09-12T05:35:00Z,175.45,175.51,175.43,175.45,18.41,3230.1096
1789191600000,2026-09-12T05:40:00Z,175.45,175.45,175.45,175.45,0,0
1789191900000,2026-09-12T05:45:00Z,175.45,175.45,175.43,175.43,2.24,392.9746
1789192200000,2026-09-12T05:50:00Z,175.43,175.45,175.41,175.41,1.19,208.7729
1789192500000,2026-09-12T05:55:00Z,175.41,175.43,175.41,175.43,4.59,805.2024
1789192800000,2026-09-12T06:00:00Z,175.43,175.44,175.42,175.44,1.28,224.5428
1789193100000,2026-09-12T06:05:00Z,175.44,175.44,175.38,175.38,0.81,142.0578
1789193400000,2026-09-12T06:10:00Z,175.38,175.43,175.38,175.4,1.52,266.6392
1789193700000,2026-09-12T06:15:00Z,175.4,175.4,175.4,175.4,1.87,327.998
1789194000000,2026-09-12T06:20:00Z,175.4,175.69,175.4,175.69,24.15,4240.9989
1789194300000,2026-09-12T06:25:00Z,175.69,175.72,175.69,175.72,0.27,47.4444
1789194600000,2026-09-12T06:30:00Z,175.72,175.76,175.62,175.64,18.41,3234.2721
1789194900000,2026-09-12T06:35:00Z,175.64,175.64,175.64,175.64,4.16,730.6624
1789195200000,2026-09-12T06:40:00Z,175.64,175.77,175.64,175.74,6.95,1221.1649
1789195500000,2026-09-12T06:45:00Z,175.74,175.8,175.69,175.8,3.41,599.1995
1789195800000,2026-09-12T06:50:00Z,175.8,175.8,175.73,175.75,40.54,7124.1046
1789196100000,2026-09-12T06:55:00Z,175.75,175.76,175.75,175.76,0.48,84.3621
1789196400000,2026-09-12T07:00:00Z,175.76,175.81,175.76,175.81,3.19,560.7641
1789196700000,2026-09-12T07:05:00Z,175.81,175.81,175.81,175.81,0.91,159.9871
1789197000000,2026-09-12T07:10:00Z,175.81,175.83,175.81,175.82,2.02,355.1756
1789197300000,2026-09-12T07:15:00Z,175.82,175.9,175.82,175.89,5.19,912.7071
1789197600000,2026-09-12T07:20:00Z,175.89,175.97,175.88,175.95,12.11,2130.3637
1789197900000,2026-09-12T07:25:00Z,175.95,175.95,175.95,175.95,0,0
1789198200000,2026-09-12T07:30:00Z,175.95,175.96,175.93,175.93,1.39,244.5475
1789198500000,2026-09-12T07:35:00Z,175.93,176.05,175.93,176.03,16.83,2962.0849
1789198800000,2026-09-12T07:40:00Z,176.03,176.03,176.01,176.03,5.08,894.1932
1789199100000,2026-09-12T07:45:00Z,176.03,176.05,176.02,176.04,3.62,637.2197
1789199400000,2026-09-12T07:50:00Z,176.04,176.04,176.04,176.04,0,0
1789199700000,2026-09-12T07:55:00Z,176.04,176.05,176.03,176.05,4.38,771.0607
1789200000000,2026-09-12T08:00:00Z,176.05,176.05,176.02,176.04,6.11,1075.5915
1789200300000,2026-09-12T08:05:00Z,176.04,176.07,175.97,176.05,15.76,2774.0698
1789200600000,2026-09-12T08:10:00Z,176.05,176.08,175.97,175.98,20.99,3694.69
1789200900000,2026-09-12T08:15:00Z,175.98,176.09,175.98,176.09,6.08,1070.5425
1789201200000,2026-09-12T08:20:00Z,176.09,176.11,176.04,176.06,6.05,1065.2009
1789201500000,2026-09-12T08:25:00Z,176.06,176.07,176.06,176.07,1.26,221.8482
1789201800000,2026-09-12T08:30:00Z,176.07,176.07,176.07,176.07,0,0
1789202100000,2026-09-12T08:35:00Z,176.07,176.18,176.07,176.18,5.66,996.953
1789202400000,2026-09-12T08:40:00Z,176.18,176.19,176.15,176.19,8.79,1548.4777
1789202700000,2026-09-12T08:45:00Z,176.19,176.23,176.19,176.22,6.32,1113.6779
1789203000000,2026-09-12T08:50:00Z,176.22,176.26,176.22,176.26,0.95,167.447
1789203300000,2026-09-12T08:55:00Z,176.26,176.26,176.22,176.25,35.21,6204.8513
1789203600000,2026-09-12T09:00:00Z,176.25,176.25,176.17,176.19,2.23,392.9116
1789203900000,2026-09-12T09:05:00Z,176.19,176.19,176.19,176.19,0,0
1789204200000,2026-09-12T09:10:00Z,176.19,176.26,176.19,176.24,7.2,1268.9312
1789204500000,2026-09-12T09:15:00Z,176.24,176.25,176.2,176.21,6.95,1224.6231
1789204800000,2026-09-12T09:20:00Z,176.21,176.29,176.19,176.28,8.79,1549.1282
1789205100000,2026-09-12T09:25:00Z,176.28,176.28,176.23,176.24,1.62,285.5061
1789205400000,2026-09-12T09:30:00Z,176.24,176.25,176.18,176.2,5.92,1043.1034
1789205700000,2026-09-12T09:35:00Z,176.2,176.26,176.18,176.26,10.65,1876.7948
1789206000000,2026-09-12T09:40:00Z,176.26,176.29,176.21,176.28,21.05,3710.0361
1789206300000,2026-09-12T09:45:00Z,176.28,176.28,176.2,176.2,0.78,137.4412
1789206600000,2026-09-12T09:50:00Z,176.2,176.27,176.15,176.15,16.48,2903.6421
1789206900000,2026-09-12T09:55:00Z,176.15,176.22,176.15,176.22,3.18,560.3796
1789207200000,2026-09-12T10:00:00Z,176.22,176.22,176.22,176.22,0,0
1789207500000,2026-09-12T10:05:00Z,176.22,176.23,176.15,176.15,3.71,653.5798
1789207800000,2026-09-12T10:10:00Z,176.15,176.15,176.15,176.15,0,0
1789208100000,2026-09-12T10:15:00Z,176.15,176.25,176.15,176.25,1.65,290.7711
1789208400000,2026-09-12T10:20:00Z,176.25,176.26,176.21,176.26,2.96,521.6509
1789208700000,2026-09-12T10:25:00Z,176.26,176.31,176.26,176.31,4.12,726.3302
1789209000000,2026-09-12T10:30:00Z,176.31,176.31,176.24,176.24,4.92,867.311
1789209300000,2026-09-12T10:35:00Z,176.24,176.27,176.24,176.27,6.35,1119.2039
1789209600000,2026-09-12T10:40:00Z,176.27,176.29,176.27,176.29,2.32,408.9928
1789209900000,2026-09-12T10:45:00Z,176.29,176.3,176.26,176.26,4.2,740.3166
1789210200000,2026-09-12T10:50:00Z,176.26,176.26,176.21,176.21,1.24,218.5004
1789210500000,2026-09-12T10:55:00Z,176.21,176.29,176.21,176.28,4.46,786.1018
1789210800000,2026-09-12T11:00:00Z,176.28,176.28,176.26,176.26,4.72,832.0176
1789211100000,2026-09-12T11:05:00Z,176.26,176.26,176.26,176.26,0,0
1789211400000,2026-09-12T11:10:00Z,176.26,176.27,176.26,176.27,0.19,33.4913
1789211700000,2026-09-12T11:15:00Z,176.27,176.29,176.22,176.22,12.98,2287.8471
1789212000000,2026-09-12T11:20:00Z,176.22,176.33,176.22,176.33,3.93,692.7982
1789212300000,2026-09-12T11:25:00Z,176.33,176.33,176.33,176.33,0,0
1789212600000,2026-09-12T11:30:00Z,176.33,176.33,176.26,176.26,1.09,192.1234
1789212900000,2026-09-12T11:35:00Z,176.26,176.29,176.26,176.29,2.32,408.9928
1789213200000,2026-09-12T11:40:00Z,176.29,176.44,176.29,176.34,14.35,2531.1452
1789213500000,2026-09-12T11:45:00Z,176.34,176.4,176.34,176.4,2.12,373.968
1789213800000,2026-09-12T11:50:00Z,176.4,176.42,176.4,176.42,0.64,112.9074
1789214100000,2026-09-12T11:55:00Z,176.42,176.44,176.42,176.44,3.94,695.151
1789214400000,2026-09-12T12:00:00Z,176.44,176.47,176.44,176.46,3.48,614.1078
1789214700000,2026-09-12T12:05:00Z,176.46,176.46,176.44,176.44,2.22,391.7163
1789215000000,2026-09-12T12:10:00Z,176.44,176.44,176.37,176.42,9.97,1758.5782
1789215300000,2026-09-12T12:15:00Z,176.42,176.52,176.42,176.47,4.62,815.173
1789215600000,2026-09-12T12:20:00Z,176.47,176.47,176.42,176.42,0.65,114.673
1789215900000,2026-09-12T12:25:00Z,176.42,176.46,176.42,176.44,2.31,407.5679
1789216200000,2026-09-12T12:30:00Z,176.44,176.52,176.44,176.51,60.99,10764.0301
1789216500000,2026-09-12T12:35:00Z,176.51,176.52,176.51,176.52,3.57,630.1536
1789216800000,2026-09-12T12:40:00Z,176.52,176.53,176.46,176.53,70.47,12436.9679
1789217100000,2026-09-12T12:45:00Z,176.53,176.53,176.51,176.53,13.43,2370.6587
1789217400000,2026-09-12T12:50:00Z,176.53,176.53,176.42,176.45,10.95,1931.912
1789217700000,2026-09-12T12:55:00Z,176.45,176.45,176.45,176.45,0,0
1789218000000,2026-09-12T13:00:00Z,176.45,176.56,176.45,176.56,0.84,148.2402
1789218300000,2026-09-12T13:05:00Z,176.56,176.59,176.44,176.53,15.71,2772.711
1789218600000,2026-09-12T13:10:00Z,176.53,176.53,176.45,176.45,0.72,127.044
1789218900000,2026-09-12T13:15:00Z,176.45,176.45,176.32,176.42,11.99,2114.6136
1789219200000,2026-09-12T13:20:00Z,176.42,176.42,176.36,176.36,0.19,33.5084
1789219500000,2026-09-12T13:25:00Z,176.36,176.45,176.36,176.41,6.42,1132.572
1789219800000,2026-09-12T13:30:00Z,176.41,176.41,176.34,176.37,4.32,761.9046
1789220100000,2026-09-12T13:35:00Z,176.37,176.37,176.35,176.35,1.09,192.2253
1789220400000,2026-09-12T13:40:00Z,176.35,176.45,176.35,176.45,1.99,351.1003
1789220700000,2026-09-12T13:45:00Z,176.45,176.45,176.45,176.45,0.19,33.5255
1789221000000,2026-09-12T13:50:00Z,176.45,176.48,176.41,176.48,64.05,11300.4265
1789221300000,2026-09-12T13:55:00Z,176.48,176.56,176.48,176.56,7.56,1334.7736
1789221600000,2026-09-12T14:00:00Z,176.56,176.62,176.54,176.54,3.39,598.5969
1789221900000,2026-09-12T14:05:00Z,176.54,176.59,176.54,176.57,113.7,20074.9284
1789222200000,2026-09-12T14:10:00Z,176.57,176.6,176.51,176.51,3.01,531.4994
1789222500000,2026-09-12T14:15:00Z,176.51,176.53,176.51,176.53,14.34,2531.3159
1789222800000,2026-09-12T14:20:00Z,176.53,176.53,176.44,176.5,1.89,333.5381
1789223100000,2026-09-12T14:25:00Z,176.5,176.55,176.46,176.53,1.04,183.5786
1789223400000,2026-09-12T14:30:00Z,176.53,176.68,176.53,176.61,0.31,54.7533
1789223700000,2026-09-12T14:35:00Z,176.61,176.61,176.52,176.52,90.78,16025.5188
1789224000000,2026-09-12T14:40:00Z,176.52,176.65,176.52,176.62,3.68,650.027
1789224300000,2026-09-12T14:45:00Z,176.62,176.62,176.62,176.62,0,0
1789224600000,2026-09-12T14:50:00Z,176.62,176.64,176.62,176.64,0.26,45.9264
1789224900000,2026-09-12T14:55:00Z,176.64,176.69,176.64,176.67,1.75,309.1785
1789225200000,2026-09-12T15:00:00Z,176.67,176.67,176.65,176.66,1.27,224.3559
1789225500000,2026-09-12T15:05:00Z,176.66,176.66,176.63,176.66,0.81,143.0781
1789225800000,2026-09-12T15:10:00Z,176.66,176.66,176.58,176.58,2.27,400.8366
1789226100000,2026-09-12T15:15:00Z,176.58,176.58,176.56,176.56,0.27,47.6712
1789226400000,2026-09-12T15:20:00Z,176.56,176.56,176.56,176.56,0,0
1789226700000,2026-09-12T15:25:00Z,176.56,176.68,176.56,176.68,4.55,803.5923
1789227000000,2026-09-12T15:30:00Z,176.68,176.68,176.54,176.58,2.58,455.5102
1789227300000,2026-09-12T15:35:00Z,176.58,176.58,176.58,176.58,0,0
