ts_ms,ts_utc,open,high,low,close,base_vol,quote_vol
1786416300000,2026-08-11T02:45:00Z,7.63,7.63,7.6,7.61,229,1741.66
1786418400000,2026-08-11T03:20:00Z,7.64,7.65,7.62,7.62,1060,8081.58
1786420800000,2026-08-11T04:00:00Z,7.62,7.62,7.62,7.62,4,30.48
1786424400000,2026-08-11T05:00:00Z,7.64,7.64,7.62,7.62,105,800.2
1786425600000,2026-08-11T05:20:00Z,7.65,7.66,7.65,7.66,660,5052.6
1786426500000,2026-08-11T05:35:00Z,7.63,7.64,7.63,7.64,3320,25332.28
1786427100000,2026-08-11T05:45:00Z,7.64,7.64,7.64,7.64,76,580.64
1786428300000,2026-08-11T06:05:00Z,7.65,7.65,7.65,7.65,1,7.65
1786431600000,2026-08-11T07:00:00Z,7.65,7.65,7.65,7.65,1,7.65
1786434000000,2026-08-11T07:40:00Z,7.65,7.65,7.65,7.65,1,7.65
1786435200000,2026-08-11T08:00:00Z,7.6499,7.65,7.62,7.62,5764.104986,43972.6277067
1786437000000,2026-08-11T08:30:00Z,7.62,7.62,7.6,7.6,405,3084.075
1786437300000,2026-08-11T08:35:00Z,7.6,7.601,7.6,7.6,1460,11096.292
1786437600000,2026-08-11T08:40:00Z,7.58,7.58,7.58,7.58,332.349743,2521.86984988
1786440900000,2026-08-11T09:35:00Z,7.61,7.61,7.61,7.61,100,761
1786441200000,2026-08-11T09:40:00Z,7.6,7.6,7.6,7.6,161,1223.6
1786442100000,2026-08-11T09:55:00Z,7.6,7.6,7.6,7.6,556,4225.6
1786442700000,2026-08-11T10:05:00Z,7.58,7.58,7.5,7.5,2665,20117.019
1786443000000,2026-08-11T10:10:00Z,7.57,7.57,7.57,7.57,400,3028
1786446000000,2026-08-11T11:00:00Z,7.6,7.6,7.6,7.6,337,2561.2
1786446300000,2026-08-11T11:05:00Z,7.59,7.6,7.59,7.6,204,1549.4004
1786446600000,2026-08-11T11:10:00Z,7.6,7.6,7.6,7.6,392,2980.2976
1786447200000,2026-08-11T11:20:00Z,7.65,7.65,7.65,7.65,1074,8213.8446
1786447500000,2026-08-11T11:25:00Z,7.64,7.64,7.64,7.64,107,817.48
1786448700000,2026-08-11T11:45:00Z,7.65,7.65,7.65,7.65,200,1530
1786449000000,2026-08-11T11:50:00Z,7.6,7.65,7.6,7.65,600,4585.02
1786449300000,2026-08-11T11:55:00Z,7.66,7.66,7.66,7.66,150,1149
1786449600000,2026-08-11T12:00:00Z,7.6985,7.6985,7.65,7.66,2505,19193.811
1786449900000,2026-08-11T12:05:00Z,7.66,7.66,7.66,7.66,146,1118.36
1786450200000,2026-08-11T12:10:00Z,7.65,7.65,7.65,7.65,134,1025.1
1786450800000,2026-08-11T12:20:00Z,7.67,7.68,7.66,7.68,3001.3497429999998,23020.65266378
1786451100000,2026-08-11T12:25:00Z,7.68,7.75,7.67,7.75,12956,99727.5144
1786451400000,2026-08-11T12:30:00Z,7.76,7.99,7.76,7.88,9441.342818000001,73845.46285099
1786451700000,2026-08-11T12:35:00Z,7.845,7.9563,7.845,7.845,5413.336029,42779.97063638
1786452000000,2026-08-11T12:40:00Z,7.82,7.8968,7.7,7.83,116848.336029,904616.44786931
1786452300000,2026-08-11T12:45:00Z,7.7,7.78,7.7,7.738,3005,23231.054
1786452600000,2026-08-11T12:50:00Z,7.78,7.9164,7.78,7.9164,1920,15142.656
1786452900000,2026-08-11T12:55:00Z,7.8488,7.8488,7.76,7.76,294,2290.6716
1786453200000,2026-08-11T13:00:00Z,7.7015,7.79,7.7015,7.79,934,7231.962
1786453500000,2026-08-11T13:05:00Z,7.7,7.85,7.7,7.85,6889,53558.5305
1786453800000,2026-08-11T13:10:00Z,7.8,7.8985,7.77,7.8,3273,25611.225
1786454100000,2026-08-11T13:15:00Z,7.9,7.9,7.77,7.7701,2327,18204.8191
1786454400000,2026-08-11T13:20:00Z,7.89,7.89,7.75,7.76,9617,74903.9279
1786454700000,2026-08-11T13:25:00Z,7.83,7.84,7.72,7.83,4693,36451.0003
1786455000000,2026-08-11T13:30:00Z,7.91,8.22,7.87,8,280997.526116,2255567.14213313
1786455300000,2026-08-11T13:35:00Z,8.01,8.13,7.9243,8,58406.38717,469593.19348552
1786455600000,2026-08-11T13:40:00Z,8.025,8.08,7.79,7.9,95970.83071000001,761125.46419487
1786455900000,2026-08-11T13:45:00Z,7.79,7.9325,7.76,7.86,61390.718091999996,479872.82610974
1786456200000,2026-08-11T13:50:00Z,7.89,7.91,7.83,7.83,20896.561199,164439.21938717
1786456500000,2026-08-11T13:55:00Z,7.79,7.88,7.7849,7.88,29251.066553,228711.16427125
1786456800000,2026-08-11T14:00:00Z,7.835,8.02,7.83,8,39270.467697,312231.63456531
1786457100000,2026-08-11T14:05:00Z,7.96,7.98,7.85,7.9,33501.70006,265748.88555594
1786457400000,2026-08-11T14:10:00Z,7.9,7.99,7.88,7.92,33893.063083999994,269104.14227434
1786457700000,2026-08-11T14:15:00Z,7.92,7.9853,7.9,7.96,22143.823079,175979.17639112
1786458000000,2026-08-11T14:20:00Z,7.935,7.96,7.88,7.91,30341.424657,240125.06887796
1786458300000,2026-08-11T14:25:00Z,7.95,8,7.91,7.95,24388.820376,193788.68894362
1786458600000,2026-08-11T14:30:00Z,7.9,7.95,7.86,7.88,23218.435314,183323.47786522
1786458900000,2026-08-11T14:35:00Z,7.895,7.895,7.78,7.785,54821.771468000006,429457.31114887
1786459200000,2026-08-11T14:40:00Z,7.78,7.805,7.765,7.785,42141.408934,328117.22410102
1786459500000,2026-08-11T14:45:00Z,7.78,7.87,7.78,7.79,150047.657355,1174753.11896377
1786459800000,2026-08-11T14:50:00Z,7.78,7.81,7.71,7.73,47494.28870999999,367980.99949621
1786460100000,2026-08-11T14:55:00Z,7.71,7.73,7.67,7.705,108952.12,837384.203896
1786460400000,2026-08-11T15:00:00Z,7.67,7.68,7.59,7.61,38839.539363,296178.67532043
1786460700000,2026-08-11T15:05:00Z,7.56,7.58,7.48,7.52,46615.012232,350745.33653724
1786461000000,2026-08-11T15:10:00Z,7.54,7.55,7.5101,7.54,34684.892349,261291.69953272
1786461300000,2026-08-11T15:15:00Z,7.515,7.57,7.515,7.53,60390.521408,455549.85918911
1786461600000,2026-08-11T15:20:00Z,7.5,7.545,7.49,7.53,23709.852539,178155.83197805
1786461900000,2026-08-11T15:25:00Z,7.54,7.56,7.53,7.54,13781.360452,103990.01156266
1786462200000,2026-08-11T15:30:00Z,7.54,7.5499,7.5,7.54,30482.992156,229396.70917076
1786462500000,2026-08-11T15:35:00Z,7.55,7.55,7.49,7.49,39501.731069,296863.40932975
1786462800000,2026-08-11T15:40:00Z,7.51,7.57,7.48,7.54,86699.876349,651731.64050307
1786463100000,2026-08-11T15:45:00Z,7.57,7.575,7.525,7.56,13663.30264,103168.86557411
1786463400000,2026-08-11T15:50:00Z,7.6,7.6,7.56,7.6,17550.699354,133057.11701248
1786463700000,2026-08-11T15:55:00Z,7.57,7.6,7.57,7.57,16512.421089,125347.43972871
1786464000000,2026-08-11T16:00:00Z,7.58,7.64,7.57,7.615,28106.86652,213921.36108372
1786464300000,2026-08-11T16:05:00Z,7.62,7.65,7.6,7.6,16185.73069,123419.43365739
1786464600000,2026-08-11T16:10:00Z,7.64,7.64,7.59,7.63,10702.187011,81562.43742953
1786464900000,2026-08-11T16:15:00Z,7.62,7.62,7.58,7.6,9824.72853,74654.18220806
1786465200000,2026-08-11T16:20:00Z,7.59,7.625,7.585,7.625,14373.699016999999,109288.98310586
1786465500000,2026-08-11T16:25:00Z,7.58,7.59,7.58,7.58,11485.458497,87144.76780014
1786465800000,2026-08-11T16:30:00Z,7.54,7.5601,7.51,7.51,11553.173293,87119.01385053
1786466100000,2026-08-11T16:35:00Z,7.51,7.53,7.51,7.52,11909.412546,89615.94752614
1786466400000,2026-08-11T16:40:00Z,7.51,7.53,7.5,7.52,11893.660636,89456.97910761
1786466700000,2026-08-11T16:45:00Z,7.53,7.555,7.51,7.54,20803.000058999998,156779.72964465
1786467000000,2026-08-11T16:50:00Z,7.57,7.575,7.54,7.57,16325.122734,123287.32688717
1786467300000,2026-08-11T16:55:00Z,7.57,7.57,7.54,7.54,9751.30182,73631.10491264
1786467600000,2026-08-11T17:00:00Z,7.54,7.54,7.49,7.5,14607.015807,109695.76730741
1786467900000,2026-08-11T17:05:00Z,7.485,7.53,7.48,7.5,9371.675396,70396.27690459
1786468200000,2026-08-11T17:10:00Z,7.51,7.52,7.5,7.51,9824.854388,73794.48130827
1786468500000,2026-08-11T17:15:00Z,7.5,7.52,7.495,7.51,16800.80097,126053.04951772
1786468800000,2026-08-11T17:20:00Z,7.4999,7.51,7.49,7.49,10475.251256,78559.14679437
1786469100000,2026-08-11T17:25:00Z,7.505,7.53,7.49,7.525,30647,230324.4638
1786469400000,2026-08-11T17:30:00Z,7.505,7.51,7.49,7.5,15178.794883999999,113806.05040177
1786469700000,2026-08-11T17:35:00Z,7.5,7.51,7.49,7.49,14417.417754,108150.81753986
1786470000000,2026-08-11T17:40:00Z,7.5,7.5,7.47,7.49,18409,137785.8423
1786470300000,2026-08-11T17:45:00Z,7.47,7.485,7.43,7.44,59397.797361,442828.39866546
1786470600000,2026-08-11T17:50:00Z,7.45,7.46,7.405,7.41,16388.796257,121870.3667263
1786470900000,2026-08-11T17:55:00Z,7.4,7.4199,7.39,7.4,32759.028605,242672.33210012
1786471200000,2026-08-11T18:00:00Z,7.42,7.47,7.415,7.465,10148,75535.6232
1786471500000,2026-08-11T18:05:00Z,7.47,7.48,7.44,7.45,20923.917327,156123.80913541
1786471800000,2026-08-11T18:10:00Z,7.44,7.46,7.42,7.45,17754.774656,132070.66675612
1786472100000,2026-08-11T18:15:00Z,7.47,7.49,7.47,7.47,13831.395166999999,103424.25736124
1786472400000,2026-08-11T18:20:00Z,7.485,7.49,7.46,7.48,17000.858288,127081.4157028
1786472700000,2026-08-11T18:25:00Z,7.49,7.49,7.44,7.44,13505.353809,100988.98417756
1786473000000,2026-08-11T18:30:00Z,7.45,7.505,7.45,7.49,18218.678509999998,136303.04327256
1786473300000,2026-08-11T18:35:00Z,7.51,7.51,7.47,7.475,23576.174683,176689.28354428
1786473600000,2026-08-11T18:40:00Z,7.475,7.49,7.46,7.48,23927.179,178893.9465114
1786473900000,2026-08-11T18:45:00Z,7.52,7.525,7.48,7.505,15541.768154000001,116572.58621589
1786474200000,2026-08-11T18:50:00Z,7.515,7.56,7.5105,7.56,55405.315,418121.750179
1786474500000,2026-08-11T18:55:00Z,7.555,7.555,7.54,7.555,11374.65041,85827.42466866
1786474800000,2026-08-11T19:00:00Z,7.545,7.555,7.53,7.54,18998.433025,143308.97999418
1786475100000,2026-08-11T19:05:00Z,7.515,7.54,7.5,7.525,18980.270591,142815.14803492
1786475400000,2026-08-11T19:10:00Z,7.54,7.56,7.53,7.55,18718.735099,141221.6250809
1786475700000,2026-08-11T19:15:00Z,7.54,7.59,7.535,7.58,24202,182976.8008
1786476000000,2026-08-11T19:20:00Z,7.565,7.575,7.535,7.535,22777.096036000003,172194.84603216
1786476300000,2026-08-11T19:25:00Z,7.55,7.575,7.525,7.555,24959.305241000002,188525.12027685
1786476600000,2026-08-11T19:30:00Z,7.57,7.6,7.56,7.565,74067.01893,561309.49625911
1786476900000,2026-08-11T19:35:00Z,7.57,7.61,7.57,7.585,31235.862569,237058.33179491
1786477200000,2026-08-11T19:40:00Z,7.565,7.59,7.56,7.565,31631.031273,239624.04051174
1786477500000,2026-08-11T19:45:00Z,7.57,7.59,7.555,7.555,25810.754075,195537.11072139
1786477800000,2026-08-11T19:50:00Z,7.56,7.63,7.56,7.605,53926.2664,409462.1407752
1786478100000,2026-08-11T19:55:00Z,7.63,7.63,7.56,7.56,204034.661504,1546582.73420032
1786478400000,2026-08-11T20:00:00Z,7.56,7.56,7.56,7.56,25326.15352,191468.25322655
1786479000000,2026-08-11T20:10:00Z,7.5,7.5,7.5,7.5,103.325462,777.58609683
1786479300000,2026-08-11T20:15:00Z,7.6,7.6,7.6,7.6,374,2843.0358
1786479900000,2026-08-11T20:25:00Z,7.7431,7.7431,7.7431,7.7431,200,1548.62
1786480500000,2026-08-11T20:35:00Z,7.65,7.65,7.65,7.65,200,1530
1786481400000,2026-08-11T20:50:00Z,7.6,7.6,7.6,7.6,1017,7730.3187
1786482600000,2026-08-11T21:10:00Z,7.58,7.58,7.58,7.58,101,765.58
1786482900000,2026-08-11T21:15:00Z,7.56,7.56,7.56,7.56,200,1512
1786483200000,2026-08-11T21:20:00Z,7.575,7.575,7.5628,7.5628,224,1695.456
1786483500000,2026-08-11T21:25:00Z,7.58,7.58,7.58,7.58,500,3790
1786484100000,2026-08-11T21:35:00Z,7.5731,7.5731,7.5731,7.5731,200,1514.62
1786484400000,2026-08-11T21:40:00Z,7.57,7.57,7.57,7.57,301,2278.57
1786484700000,2026-08-11T21:45:00Z,7.57,7.58,7.57,7.58,1250,9472.5
1786487700000,2026-08-11T22:35:00Z,7.6391,7.64,7.6391,7.64,2200,16806.24
1786488000000,2026-08-11T22:40:00Z,7.65,7.65,7.65,7.65,108,826.2
1786488900000,2026-08-11T22:55:00Z,7.64,7.69,7.64,7.64,1964,15089.8048
1786489200000,2026-08-11T23:00:00Z,7.7126,7.73,7.7126,7.73,478,3684.9498
1786489500000,2026-08-11T23:05:00Z,7.7126,7.7126,7.58,7.58,857,6561.7919
1786490100000,2026-08-11T23:15:00Z,7.61,7.61,7.61,7.61,215,1636.15
1786491600000,2026-08-11T23:40:00Z,7.57,7.57,7.57,7.57,800,6056
1786491900000,2026-08-11T23:45:00Z,7.58,7.61,7.58,7.61,2860,21705.684
1786492500000,2026-08-11T23:55:00Z,7.61,7.61,7.61,7.61,100,761
1786494000000,2026-08-12T00:20:00Z,7.55,7.55,7.55,7.55,12,90.6
1786494900000,2026-08-12T00:35:00Z,7.59,7.61,7.59,7.61,160,1217.58
1786495800000,2026-08-12T00:50:00Z,7.61,7.61,7.57,7.57,20,151.86
1786496100000,2026-08-12T00:55:00Z,7.58,7.58,7.58,7.58,200,1516
1786496700000,2026-08-12T01:05:00Z,7.56,7.56,7.56,7.56,200,1512
1786497900000,2026-08-12T01:25:00Z,7.56,7.56,7.56,7.56,100,756
1786498500000,2026-08-12T01:35:00Z,7.56,7.59,7.56,7.59,101,763.59
1786499100000,2026-08-12T01:45:00Z,7.59,7.59,7.59,7.59,500,3795
1786500900000,2026-08-12T02:15:00Z,7.6,7.6,7.6,7.6,1,7.6
1786501500000,2026-08-12T02:25:00Z,7.6,7.63,7.6,7.63,133,1010.87
1786503300000,2026-08-12T02:55:00Z,7.63,7.63,7.63,7.63,222,1693.86
1786504500000,2026-08-12T03:15:00Z,7.62,7.64,7.62,7.64,1033,7874.99
1786504800000,2026-08-12T03:20:00Z,7.64,7.64,7.64,7.64,10,76.4
1786505100000,2026-08-12T03:25:00Z,7.64,7.64,7.63,7.63,2,15.27
1786505400000,2026-08-12T03:30:00Z,7.62,7.62,7.56,7.56,421,3186.39
1786506300000,2026-08-12T03:45:00Z,7.57,7.59,7.57,7.59,1624,12321.88
1786508400000,2026-08-12T04:20:00Z,7.57,7.57,7.57,7.57,29,219.53
1786509900000,2026-08-12T04:45:00Z,7.58,7.58,7.58,7.58,1,7.58
1786510200000,2026-08-12T04:50:00Z,7.59,7.64,7.59,7.64,213,1625.18
1786512600000,2026-08-12T05:30:00Z,7.64,7.64,7.64,7.64,2,15.28
1786512900000,2026-08-12T05:35:00Z,7.64,7.64,7.64,7.64,8,61.12
1786514700000,2026-08-12T06:05:00Z,7.64,7.64,7.63,7.63,4,30.54
1786517400000,2026-08-12T06:50:00Z,7.62,7.62,7.61,7.61,29,220.96
1786517700000,2026-08-12T06:55:00Z,7.61,7.61,7.58,7.58,100,758.06
1786518000000,2026-08-12T07:00:00Z,7.59,7.6,7.59,7.6,4,30.38
1786518600000,2026-08-12T07:10:00Z,7.59,7.59,7.59,7.59,500,3795
1786519200000,2026-08-12T07:20:00Z,7.61,7.61,7.61,7.61,2,15.22
1786520400000,2026-08-12T07:40:00Z,7.62,7.62,7.62,7.62,2,15.24
1786520700000,2026-08-12T07:45:00Z,7.62,7.62,7.58,7.58,457,3469.44
1786521000000,2026-08-12T07:50:00Z,7.58,7.59,7.58,7.59,12,90.98
1786521600000,2026-08-12T08:00:00Z,7.64,7.64,7.56,7.57,3364,25545.5432
1786521900000,2026-08-12T08:05:00Z,7.62,7.62,7.52,7.61,9690,73288.377
1786522200000,2026-08-12T08:10:00Z,7.62,7.62,7.62,7.62,456,3474.7656
1786522500000,2026-08-12T08:15:00Z,7.6343,7.6343,7.6343,7.6343,152,1160.4136
1786522800000,2026-08-12T08:20:00Z,7.63,7.64,7.63,7.64,900,6872.04
1786523100000,2026-08-12T08:25:00Z,7.64,7.64,7.625,7.625,1082.4594240000001,8266.85086703
1786523700000,2026-08-12T08:35:00Z,7.65,7.65,7.64,7.64,315,2407.8285
1786524000000,2026-08-12T08:40:00Z,7.64,7.64,7.64,7.64,619,4729.16
1786525500000,2026-08-12T09:05:00Z,7.65,7.65,7.65,7.65,763,5836.95
1786526100000,2026-08-12T09:15:00Z,7.69,7.69,7.69,7.69,502.349743,3865.68174233
1786526700000,2026-08-12T09:25:00Z,7.67,7.73,7.67,7.73,829,6389.5175
1786527300000,2026-08-12T09:35:00Z,7.73,7.7997,7.73,7.7997,240,1863.576
1786527900000,2026-08-12T09:45:00Z,7.7786,7.7786,7.74,7.74,486.34281799999997,3774.40934193
1786528200000,2026-08-12T09:50:00Z,7.74,7.74,7.74,7.74,597,4620.78
1786528500000,2026-08-12T09:55:00Z,7.6215,7.72,7.6215,7.72,1587.932642,12224.22306464
1786530600000,2026-08-12T10:30:00Z,7.97,7.97,7.97,7.97,1388.2035329999999,11059.95636776
1786532400000,2026-08-12T11:00:00Z,7.8,7.84,7.6911,7.71,3567,27775.1589
1786533000000,2026-08-12T11:10:00Z,7.68,7.74,7.68,7.74,1500,11568
1786534200000,2026-08-12T11:30:00Z,7.74,7.74,7.74,7.74,10000,77400
1786534500000,2026-08-12T11:35:00Z,7.7263,7.7263,7.7263,7.7263,200,1545.26
1786535100000,2026-08-12T11:45:00Z,7.85,7.85,7.85,7.85,346,2695.686
1786535400000,2026-08-12T11:50:00Z,7.671,7.671,7.671,7.671,702,5394.6594
1786536000000,2026-08-12T12:00:00Z,7.82,7.82,7.82,7.82,1000,7820
1786536300000,2026-08-12T12:05:00Z,7.73,7.73,7.73,7.73,402,3108.3444
1786536900000,2026-08-12T12:15:00Z,7.74,7.74,7.74,7.74,150,1161
1786537200000,2026-08-12T12:20:00Z,7.82,7.82,7.71,7.71,400,3117
1786537500000,2026-08-12T12:25:00Z,7.6707,7.75,7.6707,7.75,4059,31254.3
1786537800000,2026-08-12T12:30:00Z,7.75,7.85,7.71,7.85,4107.336029,32020.79168208
1786538100000,2026-08-12T12:35:00Z,7.9,7.9475,7.88,7.9475,2945,23251.6585
1786538700000,2026-08-12T12:45:00Z,7.845,7.94,7.79,7.9,10888,85052.7008
1786539000000,2026-08-12T12:50:00Z,7.9,7.9184,7.85,7.9184,2141,16879.2158
1786539300000,2026-08-12T12:55:00Z,7.91,7.92,7.91,7.92,526,4163.3952
1786539600000,2026-08-12T13:00:00Z,7.92,7.92,7.92,7.92,250,1980
1786539900000,2026-08-12T13:05:00Z,7.8624,7.895,7.86,7.89,3833,30211.3227
1786540200000,2026-08-12T13:10:00Z,7.94,7.94,7.92,7.92,2189.3293750000003,17361.81980963
1786540500000,2026-08-12T13:15:00Z,7.94,7.94,7.94,7.94,221,1754.6295
1786540800000,2026-08-12T13:20:00Z,7.9,7.9,7.9,7.9,301,2377.9
1786541100000,2026-08-12T13:25:00Z,7.85,8.05,7.85,8.02,8254.322853,65696.98101931
1786541400000,2026-08-12T13:30:00Z,8.09,8.16,7.86,8.09,160939.580803,1294453.14235661
1786541700000,2026-08-12T13:35:00Z,7.935,7.98,7.69,7.71,64066.842680999995,502258.41988197
1786542000000,2026-08-12T13:40:00Z,7.66,7.74,7.58,7.59,116116.866542,887179.3071275
1786542300000,2026-08-12T13:45:00Z,7.6,7.91,7.6,7.89,33793.34658500001,261276.63845659
1786542600000,2026-08-12T13:50:00Z,7.885,7.91,7.81,7.86,31154.810865,245026.35649105
1786542900000,2026-08-12T13:55:00Z,7.84,7.89,7.8,7.89,24269.412255999996,190386.25832464
1786543200000,2026-08-12T14:00:00Z,7.85,7.93,7.82,7.82,32010.589999999997,251603.2374
1786543500000,2026-08-12T14:05:00Z,7.81,7.9,7.8,7.87,52885.030574,413592.67010702
1786543800000,2026-08-12T14:10:00Z,7.89,7.92,7.86,7.89,28007.190583,221158.78043866
1786544100000,2026-08-12T14:15:00Z,7.86,7.87,7.8,7.81,21081.041096,164984.44382552
1786544400000,2026-08-12T14:20:00Z,7.77,7.81,7.76,7.78,10430.509527,81200.47361674
1786544700000,2026-08-12T14:25:00Z,7.81,7.83,7.795,7.815,8398.489374,65578.76442794
1786545000000,2026-08-12T14:30:00Z,7.81,7.81,7.75,7.79,15112.406373999998,117545.80801761
1786545300000,2026-08-12T14:35:00Z,7.81,7.85,7.78,7.85,18708.850851000003,146271.40860837
1786545600000,2026-08-12T14:40:00Z,7.83,7.87,7.83,7.855,13111.217594,102894.21343419
1786545900000,2026-08-12T14:45:00Z,7.86,7.92,7.86,7.92,21145.542567999997,166876.39283814
1786546200000,2026-08-12T14:50:00Z,7.93,8.04,7.91,7.99,139371.842595,1112605.41943589
1786546500000,2026-08-12T14:55:00Z,8.01,8.03,7.99,8.015,18911.818621,151504.47015469
1786546800000,2026-08-12T15:00:00Z,8,8.08,7.995,8.03,44976.997915,361471.13684327
1786547100000,2026-08-12T15:05:00Z,8.11,8.14,8.05,8.1,73712.19600499999,596965.59056609
1786547400000,2026-08-12T15:10:00Z,8.06,8.13,8.05,8.13,31098.937157,251829.86341624
1786547700000,2026-08-12T15:15:00Z,8.115,8.14,8.06,8.13,27081.976963,219504.83968051
1786548000000,2026-08-12T15:20:00Z,8.09,8.13,8.09,8.09,24600.969035000002,199570.44110263
1786548300000,2026-08-12T15:25:00Z,8.13,8.13,8.0695,8.08,27492.200221,222417.39822793
1786548600000,2026-08-12T15:30:00Z,8.04,8.07,8.02,8.04,35119.846339,282166.89342606
1786548900000,2026-08-12T15:35:00Z,8.115,8.145,8.06,8.11,46373.382901,375420.35861334
1786549200000,2026-08-12T15:40:00Z,8.125,8.15,8.08,8.145,25627.972643,208081.19828031
1786549500000,2026-08-12T15:45:00Z,8.12,8.16,8.1,8.12,13173.767150000001,107073.74464177
1786549800000,2026-08-12T15:50:00Z,8.12,8.24,8.11,8.215,69814.915683,571532.82574731
1786550100000,2026-08-12T15:55:00Z,8.2,8.24,8.17,8.24,31976.979536,262012.97492208
1786550400000,2026-08-12T16:00:00Z,8.23,8.24,8.18,8.2,25625.946604999997,210271.14227267
1786550700000,2026-08-12T16:05:00Z,8.195,8.225,8.185,8.195,16182.101505,132853.4351459
1786551000000,2026-08-12T16:10:00Z,8.2,8.2045,8.1713,8.19,16163.547005,132329.34297523
1786551300000,2026-08-12T16:15:00Z,8.18,8.22,8.155,8.155,14100.426561,115376.74033538
1786551600000,2026-08-12T16:20:00Z,8.24,8.24,8.22,8.24,25857.748552999998,212946.31665852
1786551900000,2026-08-12T16:25:00Z,8.235,8.235,8.19,8.235,10454.610444,85867.89742075
1786552200000,2026-08-12T16:30:00Z,8.17,8.195,8.165,8.17,7614,62284.0428
1786552500000,2026-08-12T16:35:00Z,8.17,8.175,8.14,8.155,13296.153387,108410.1866409
1786552800000,2026-08-12T16:40:00Z,8.15,8.15,8.12,8.12,14446.735482,117622.43094735
1786553100000,2026-08-12T16:45:00Z,8.13,8.165,8.1201,8.14,24588.492318,200568.33183793
1786553400000,2026-08-12T16:50:00Z,8.17,8.17,8.15,8.16,15891.543621,129717.90311514
1786553700000,2026-08-12T16:55:00Z,8.135,8.17,8.135,8.135,8223.454941,67067.20911682
1786554000000,2026-08-12T17:00:00Z,8.14,8.165,8.135,8.165,13879.7021,113068.21721723
1786554300000,2026-08-12T17:05:00Z,8.155,8.16,8.12,8.12,17126.028398,139440.12321652
1786554600000,2026-08-12T17:10:00Z,8.135,8.135,8.095,8.105,9891.559438,80249.23256455
1786554900000,2026-08-12T17:15:00Z,8.105,8.115,8.08,8.115,24082.271363,194931.53732067
1786555200000,2026-08-12T17:20:00Z,8.095,8.105,8.085,8.095,9368.1841,75799.85118992
1786555500000,2026-08-12T17:25:00Z,8.09,8.135,8.09,8.135,17861.92565,144835.21032559
1786555800000,2026-08-12T17:30:00Z,8.12,8.15,8.12,8.14,13223.835552,107611.60657151
1786556100000,2026-08-12T17:35:00Z,8.135,8.15,8.13,8.15,20033.177169,163110.12851
1786556400000,2026-08-12T17:40:00Z,8.15,8.17,8.14,8.155,16707.340325,136255.04328651
1786556700000,2026-08-12T17:45:00Z,8.17,8.19,8.17,8.18,10240.038263999999,83783.99307605
1786557000000,2026-08-12T17:50:00Z,8.19,8.215,8.18,8.2,20545.231585,168481.17161279
1786557300000,2026-08-12T17:55:00Z,8.2,8.205,8.175,8.19,21502.269565,176110.03841822
1786557600000,2026-08-12T18:00:00Z,8.2,8.22,8.19,8.22,30049.789825,246516.45580837
1786557900000,2026-08-12T18:05:00Z,8.2,8.225,8.165,8.19,27055.717039000003,221732.42342142
1786558200000,2026-08-12T18:10:00Z,8.185,8.19,8.14,8.14,14120.226,115390.486872
1786558500000,2026-08-12T18:15:00Z,8.13,8.15,8.125,8.125,10166.064932000001,82762.95121791
1786558800000,2026-08-12T18:20:00Z,8.135,8.185,8.13,8.185,21143.17813,172215.41450448
1786559100000,2026-08-12T18:25:00Z,8.12,8.16,8.12,8.15,16690.9489,135904.38232336
1786559400000,2026-08-12T18:30:00Z,8.15,8.17,8.15,8.15,38497.194952,314225.65435671
1786559700000,2026-08-12T18:35:00Z,8.165,8.17,8.145,8.145,9617.813966,78488.09443234
1786560000000,2026-08-12T18:40:00Z,8.155,8.16,8.135,8.145,9724.576754,79236.82384927
1786560300000,2026-08-12T18:45:00Z,8.15,8.15,8.13,8.14,26503.876417,215797.21217486
1786560600000,2026-08-12T18:50:00Z,8.13,8.15,8.13,8.14,14650.263808000002,119300.02824131
1786560900000,2026-08-12T18:55:00Z,8.12,8.16,8.12,8.13,21043.182731,171234.69083697
1786561200000,2026-08-12T19:00:00Z,8.17,8.18,8.155,8.17,26714.13513,218035.42810403
1786561500000,2026-08-12T19:05:00Z,8.175,8.18,8.145,8.145,19490.257004,159141.84648906
1786561800000,2026-08-12T19:10:00Z,8.155,8.18,8.15,8.155,20969.9513,171204.97339859
1786562100000,2026-08-12T19:15:00Z,8.17,8.19,8.165,8.19,27771.295926,227171.97780427
1786562400000,2026-08-12T19:20:00Z,8.15,8.18,8.15,8.155,25518.7994,208360.997101
1786562700000,2026-08-12T19:25:00Z,8.155,8.155,7.98,8.035,222180.876243,1786934.13335958
1786563000000,2026-08-12T19:30:00Z,8.025,8.105,8.02,8.105,81272.158435,655224.26851881
1786563300000,2026-08-12T19:35:00Z,8.09,8.105,8.055,8.075,70794.964283,571733.05205308
1786563600000,2026-08-12T19:40:00Z,8.09,8.09,8.035,8.045,74214.718826,598526.86438792
1786563900000,2026-08-12T19:45:00Z,8.035,8.08,8.025,8.08,91591.685177,737624.47740445
1786564200000,2026-08-12T19:50:00Z,8.055,8.075,8.015,8.035,143502.750391,1155111.03899732
1786564500000,2026-08-12T19:55:00Z,8.04,8.075,8.005,8.005,306153.12452,2461654.81301551
1786564800000,2026-08-12T20:00:00Z,8.01,8.01,8.01,8.01,12891.632927,103267.13639844
1786565100000,2026-08-12T20:05:00Z,8.0068,8.0068,8.0068,8.0068,1002,8022.8136
1786565400000,2026-08-12T20:10:00Z,8.01,8.01,8.01,8.01,900,7208.91
1786566000000,2026-08-12T20:20:00Z,8,8,8,8,149,1192.5066
1786566300000,2026-08-12T20:25:00Z,8.1151,8.1151,8.05,8.05,3658,29457.1424
1786566900000,2026-08-12T20:35:00Z,8.0315,8.0315,8.0315,8.0315,1490,11966.935
1786567200000,2026-08-12T20:40:00Z,8.0429,8.0429,8,8,700,5610.71
1786568400000,2026-08-12T21:00:00Z,8.02,8.02,8.02,8.02,996,7983.6372
1786570200000,2026-08-12T21:30:00Z,8,8,8,8,100,800
1786570800000,2026-08-12T21:40:00Z,7.8443,7.96,7.8443,7.94,1748,13866.01
1786572600000,2026-08-12T22:10:00Z,7.81,7.81,7.81,7.81,110,860.805
1786572900000,2026-08-12T22:15:00Z,8,8,8,8,6250,50000
1786573500000,2026-08-12T22:25:00Z,8,8.02,7.905,7.995,1945,15537.6325
1786574700000,2026-08-12T22:45:00Z,8.04,8.04,8.04,8.04,227,1824.8984
1786575000000,2026-08-12T22:50:00Z,8.04,8.06,8.04,8.06,1100,8845.98
1786576200000,2026-08-12T23:10:00Z,8.0716,8.0716,8.0716,8.0716,178,1435.837
1786576800000,2026-08-12T23:20:00Z,8.13,8.13,8.13,8.13,500,4065
1786577400000,2026-08-12T23:30:00Z,8.0155,8.0155,8.0109,8.0109,684,5480.8236
1786578300000,2026-08-12T23:45:00Z,8.13,8.13,8.13,8.13,1000,8130
1786578900000,2026-08-12T23:55:00Z,8.12,8.12,8.12,8.12,200,1624
1786580100000,2026-08-13T00:15:00Z,8.03,8.03,8.01,8.01,6,48.14
1786581900000,2026-08-13T00:45:00Z,8.03,8.03,8.03,8.03,2,16.06
1786582800000,2026-08-13T01:00:00Z,8.03,8.06,8.03,8.03,151,1212.56
1786584000000,2026-08-13T01:20:00Z,8.06,8.06,8.06,8.06,2,16.12
1786587300000,2026-08-13T02:15:00Z,8.07,8.07,8.07,8.07,2,16.14
1786588500000,2026-08-13T02:35:00Z,8.07,8.07,8.07,8.07,36,290.52
1786590000000,2026-08-13T03:00:00Z,8.08,8.08,8.03,8.03,76,612.31
1786590300000,2026-08-13T03:05:00Z,8.04,8.04,8.03,8.03,13,104.41
1786591500000,2026-08-13T03:25:00Z,8.03,8.03,8.03,8.03,2,16.06
1786597800000,2026-08-13T05:10:00Z,8.03,8.03,8.02,8.02,22,176.46
1786598400000,2026-08-13T05:20:00Z,8.02,8.02,8.02,8.02,59,473.18
1786600800000,2026-08-13T06:00:00Z,8.03,8.03,8.03,8.03,2,16.06
1786601100000,2026-08-13T06:05:00Z,8.02,8.02,8.02,8.02,2,16.04
1786602600000,2026-08-13T06:30:00Z,8.01,8.01,8.01,8.01,141,1129.41
1786604400000,2026-08-13T07:00:00Z,8.03,8.03,8.03,8.03,788,6327.64
1786605300000,2026-08-13T07:15:00Z,8.01,8.01,8.01,8.01,15,120.15
1786605600000,2026-08-13T07:20:00Z,8.01,8.01,8.01,8.01,50,400.5
1786608000000,2026-08-13T08:00:00Z,8.01,8.2875,8.01,8.2875,6072.63591,49328.02149693
1786609500000,2026-08-13T08:25:00Z,7.9,7.9,7.9,7.9,199,1573.7716
1786611900000,2026-08-13T09:05:00Z,7.9134,8.02,7.9134,8.02,575,4564.0625
1786615500000,2026-08-13T10:05:00Z,7.97,7.97,7.97,7.97,555,4424.904
1786618800000,2026-08-13T11:00:00Z,8.0014,8.0014,7.9601,7.9601,3172,25336.9844
1786619100000,2026-08-13T11:05:00Z,7.95,7.95,7.95,7.95,1002,7966.2006
1786619400000,2026-08-13T11:10:00Z,7.96,7.96,7.96,7.96,100,796
1786620600000,2026-08-13T11:30:00Z,7.9502,7.9502,7.9502,7.9502,101,802.9904
1786621200000,2026-08-13T11:40:00Z,8,8,8,8,210,1680
1786621800000,2026-08-13T11:50:00Z,7.98,7.98,7.98,7.98,271,2162.58
1786622700000,2026-08-13T12:05:00Z,7.94,7.94,7.94,7.94,200,1588
1786623000000,2026-08-13T12:10:00Z,7.9,7.9031,7.9,7.9031,2010,15882.417
1786623300000,2026-08-13T12:15:00Z,7.9,7.9086,7.9,7.9086,1050,8297.1
1786623900000,2026-08-13T12:25:00Z,7.9,7.9,7.9,7.9,300,2370
1786624200000,2026-08-13T12:30:00Z,7.9086,7.9086,7.9,7.9013,2030,16041.263
1786625400000,2026-08-13T12:50:00Z,7.97,7.97,7.97,7.97,110,876.403
1786626900000,2026-08-13T13:15:00Z,7.96,7.96,7.96,7.96,1066,8485.36
1786627200000,2026-08-13T13:20:00Z,7.94,7.94,7.94,7.94,123,976.743
1786627500000,2026-08-13T13:25:00Z,7.9,7.9,7.85,7.85,1579.322853,12449.8020502
1786627800000,2026-08-13T13:30:00Z,7.89,8.0999,7.8055,8.015,74701.849531,593603.30692819
1786628100000,2026-08-13T13:35:00Z,8.01,8.088,7.95,7.99,80935.642951,646789.09707862
1786628400000,2026-08-13T13:40:00Z,8,8.05,7.935,7.94,47972.48264,383050.67938387
1786628700000,2026-08-13T13:45:00Z,7.92,8,7.89,7.95,52393.568185000004,416712.2445594
1786629000000,2026-08-13T13:50:00Z,7.91,7.97,7.84,7.92,62832.444058,497004.63249878
1786629300000,2026-08-13T13:55:00Z,7.93,7.998,7.9107,7.97,17062.855328,135723.07013551
1786629600000,2026-08-13T14:00:00Z,7.97,8.02,7.93,7.955,59551.080063,475241.43933477
1786629900000,2026-08-13T14:05:00Z,8,8.02,7.9708,7.985,60309.18878700001,481960.88219131
1786630200000,2026-08-13T14:10:00Z,8.03,8.09,7.99,8.06,64196.929969,516855.90287342
1786630500000,2026-08-13T14:15:00Z,8.07,8.1,8.0165,8.02,36376.244391,293327.12189571
1786630800000,2026-08-13T14:20:00Z,8.01,8.0557,8,8.01,10863.832149999998,87268.07727773
1786631100000,2026-08-13T14:25:00Z,8.07,8.07,8.02,8.05,24034.58249,193302.93659232
1786631400000,2026-08-13T14:30:00Z,8.045,8.0694,8.01,8.025,16328.348252999998,131358.29602573
1786631700000,2026-08-13T14:35:00Z,8,8.01,7.96,7.97,44036.826107,352127.26891679
1786632000000,2026-08-13T14:40:00Z,7.98,7.985,7.94,7.98,25168.750831,200272.78411243
1786632300000,2026-08-13T14:45:00Z,7.96,7.98,7.92,7.95,22991.428814,182926.70507283
1786632600000,2026-08-13T14:50:00Z,7.92,7.93,7.89,7.9,40493.227444000004,320358.11960046
1786632900000,2026-08-13T14:55:00Z,7.91,7.92,7.84,7.88,60133.544958,474369.48275568
1786633200000,2026-08-13T15:00:00Z,7.88,7.91,7.8306,7.86,51854.492784,409048.98087731
1786633500000,2026-08-13T15:05:00Z,7.88,7.89,7.85,7.88,18240.441787,143504.85171504
1786633800000,2026-08-13T15:10:00Z,7.86,7.88,7.835,7.84,17989.512483,141354.39328642
1786634100000,2026-08-13T15:15:00Z,7.82,7.845,7.81,7.825,35583.177695,278545.11499646
1786634400000,2026-08-13T15:20:00Z,7.81,7.815,7.77,7.79,49277.773188,383967.48090358
1786634700000,2026-08-13T15:25:00Z,7.8,7.84,7.78,7.815,22546.879977,176055.05761241
1786635000000,2026-08-13T15:30:00Z,7.815,7.855,7.815,7.85,36358.930855,284988.57182766
1786635300000,2026-08-13T15:35:00Z,7.86,7.8695,7.82,7.86,44098.187888,346175.18473959
1786635600000,2026-08-13T15:40:00Z,7.83,7.85,7.81,7.83,13286.32,104087.688144
1786635900000,2026-08-13T15:45:00Z,7.8,7.835,7.78,7.8,33832.43984,264292.25354211
1786636200000,2026-08-13T15:50:00Z,7.77,7.7995,7.73,7.75,34563.398269,268077.17331419
1786636500000,2026-08-13T15:55:00Z,7.75,7.76,7.72,7.74,14738.369029000001,114079.39779517
1786636800000,2026-08-13T16:00:00Z,7.73,7.78,7.7116,7.77,49052.883553,380203.99513095
1786637100000,2026-08-13T16:05:00Z,7.78,7.78,7.75,7.75,28347.3289,220207.72036098
1786637400000,2026-08-13T16:10:00Z,7.74,7.765,7.73,7.73,26588.948656,206059.03429427
1786637700000,2026-08-13T16:15:00Z,7.755,7.76,7.71,7.71,14830.861618,114822.01373272
1786638000000,2026-08-13T16:20:00Z,7.74,7.74,7.67,7.675,87811.332096,675980.41560822
1786638300000,2026-08-13T16:25:00Z,7.7,7.72,7.675,7.695,60000.429849,462021.30996625
1786638600000,2026-08-13T16:30:00Z,7.73,7.735,7.705,7.72,21407.384422,165235.03739965
1786638900000,2026-08-13T16:35:00Z,7.71,7.72,7.7,7.72,11798.536226999999,90966.71431017
1786639200000,2026-08-13T16:40:00Z,7.73,7.73,7.698,7.705,18469.902416999998,142369.70181072
1786639500000,2026-08-13T16:45:00Z,7.705,7.74,7.6915,7.74,14801.094501,114203.76506027
1786639800000,2026-08-13T16:50:00Z,7.73,7.74,7.71,7.71,12748.419656,98501.93931405
1786640100000,2026-08-13T16:55:00Z,7.72,7.72,7.7,7.7,10896.293081,84026.76409413
1786640400000,2026-08-13T17:00:00Z,7.71,7.72,7.67,7.72,20431.527043000002,157300.28355135
1786640700000,2026-08-13T17:05:00Z,7.72,7.74,7.71,7.735,17436.4102,134643.9595644
1786641000000,2026-08-13T17:10:00Z,7.74,7.75,7.72,7.74,14044.996403000001,108593.10318872
1786641300000,2026-08-13T17:15:00Z,7.73,7.76,7.73,7.75,11074.4009,85722.50760654
1786641600000,2026-08-13T17:20:00Z,7.76,7.77,7.73,7.75,16730.745087,129706.77436148
1786641900000,2026-08-13T17:25:00Z,7.75,7.76,7.735,7.74,10535,81633.608
1786642200000,2026-08-13T17:30:00Z,7.735,7.74,7.72,7.74,9889,76498.3373
1786642500000,2026-08-13T17:35:00Z,7.73,7.74,7.7,7.7,16013.014904,123649.29848571
1786642800000,2026-08-13T17:40:00Z,7.71,7.72,7.7,7.7,11439.093934999999,88180.54341673
1786643100000,2026-08-13T17:45:00Z,7.71,7.72,7.685,7.685,12602.829741,97138.83079471
1786643400000,2026-08-13T17:50:00Z,7.685,7.71,7.685,7.69,13067.205979999999,100625.32636959
1786643700000,2026-08-13T17:55:00Z,7.7,7.725,7.69,7.695,21924.930583,168995.17244071
1786644000000,2026-08-13T18:00:00Z,7.7,7.72,7.695,7.7,26400.612352999997,203535.52093545
1786644300000,2026-08-13T18:05:00Z,7.69,7.71,7.67,7.695,28791.507599999997,221536.2552282
1786644600000,2026-08-13T18:10:00Z,7.69,7.71,7.685,7.685,12240,94191.696
1786644900000,2026-08-13T18:15:00Z,7.69,7.71,7.69,7.71,16102.683271000002,123939.13260023
1786645200000,2026-08-13T18:20:00Z,7.7,7.715,7.7,7.71,11315.294291,87222.81451274
1786645500000,2026-08-13T18:25:00Z,7.695,7.705,7.68,7.685,28455.421014,218825.03313976
1786645800000,2026-08-13T18:30:00Z,7.69,7.71,7.685,7.69,22493,173148.8647
1786646100000,2026-08-13T18:35:00Z,7.68,7.695,7.67,7.67,8481,65217.1938
1786646400000,2026-08-13T18:40:00Z,7.68,7.685,7.6602,7.675,29278.185899999997,224619.31440621
1786646700000,2026-08-13T18:45:00Z,7.67,7.69,7.65,7.685,21092.260498,161811.38563646
1786647000000,2026-08-13T18:50:00Z,7.69,7.69,7.64,7.65,45840.271355000004,351154.81468784
1786647300000,2026-08-13T18:55:00Z,7.66,7.66,7.64,7.655,13599.415032,104053.20423434
1786647600000,2026-08-13T19:00:00Z,7.65,7.685,7.6406,7.66,25846.857829,197997.26971327
1786647900000,2026-08-13T19:05:00Z,7.655,7.665,7.64,7.66,18777.377078,143778.37628625
1786648200000,2026-08-13T19:10:00Z,7.66,7.66,7.6,7.6,20909.813094,159493.7813371
1786648500000,2026-08-13T19:15:00Z,7.61,7.61,7.53,7.59,89086.423927,674419.86369696
1786648800000,2026-08-13T19:20:00Z,7.6,7.625,7.575,7.58,28002.247971999997,212777.88144004
1786649100000,2026-08-13T19:25:00Z,7.595,7.595,7.565,7.575,12983.307958000001,98381.01605175
1786649400000,2026-08-13T19:30:00Z,7.56,7.57,7.47,7.48,97512.938357,733853.12019327
1786649700000,2026-08-13T19:35:00Z,7.455,7.48,7.42,7.42,63053.258246,469734.16328105
1786650000000,2026-08-13T19:40:00Z,7.41,7.43,7.37,7.37,65014.854307,481636.54219169
1786650300000,2026-08-13T19:45:00Z,7.38,7.38,7.325,7.34,103107.713303,758109.77283164
1786650600000,2026-08-13T19:50:00Z,7.33,7.3401,7.25,7.27,108234.917816,790104.07656502
1786650900000,2026-08-13T19:55:00Z,7.265,7.31,7.255,7.28,276527.15879400005,2014638.61539369
1786651200000,2026-08-13T20:00:00Z,7.26,7.42,7.26,7.4,32829.516433,239763.80736513
1786651500000,2026-08-13T20:05:00Z,7.3,7.33,7.3,7.33,6922,50561.749
1786651800000,2026-08-13T20:10:00Z,7.39,7.39,7.387,7.387,1201,8870.1056
1786652400000,2026-08-13T20:20:00Z,7.36,7.3789,7.36,7.3789,309,2276.4648
1786652700000,2026-08-13T20:25:00Z,7.36,7.3684,7.35,7.35,1105,8128.7115
1786653300000,2026-08-13T20:35:00Z,7.35,7.35,7.35,7.35,1000,7350
1786653600000,2026-08-13T20:40:00Z,7.31,7.31,7.3,7.3,1493,10903.8269
1786653900000,2026-08-13T20:45:00Z,7.34,7.34,7.29,7.31,5870,43008.316
1786654200000,2026-08-13T20:50:00Z,7.3432,7.35,7.3432,7.35,402,2953.0116
1786654500000,2026-08-13T20:55:00Z,7.3496,7.3496,7.31,7.3162,7760,56786.128
1786654800000,2026-08-13T21:00:00Z,7.35,7.35,7.3422,7.3422,247,1814.1409
1786655100000,2026-08-13T21:05:00Z,7.33,7.35,7.33,7.3475,1722,12635.6916
1786655400000,2026-08-13T21:10:00Z,7.34,7.35,7.34,7.35,1229,9027.6195
1786656000000,2026-08-13T21:20:00Z,7.348,7.36,7.3423,7.3438,2104.37603,15463.58638125
1786656600000,2026-08-13T21:30:00Z,7.3492,7.35,7.3492,7.35,3201,23526.7098
1786657500000,2026-08-13T21:45:00Z,7.31,7.31,7.31,7.31,1068.550744,7820.61604026
1786658400000,2026-08-13T22:00:00Z,7.345,7.35,7.335,7.345,1686,12388.3908
1786658700000,2026-08-13T22:05:00Z,7.3472,7.3472,7.3207,7.3207,300,2199.6
1786659600000,2026-08-13T22:20:00Z,7.35,7.4007,7.35,7.4007,3891,28650.2112
1786659900000,2026-08-13T22:25:00Z,7.4,7.4,7.4,7.4,4902.378874,36278.09390549
1786660200000,2026-08-13T22:30:00Z,7.4,7.4,7.39,7.4,908,6716.2944
1786660500000,2026-08-13T22:35:00Z,7.4,7.41,7.4,7.41,600,4441.98
1786660800000,2026-08-13T22:40:00Z,7.3593,7.3593,7.3593,7.3593,1075,7910.6025
1786661100000,2026-08-13T22:45:00Z,7.36,7.39,7.36,7.39,608,4490.2016
1786661400000,2026-08-13T22:50:00Z,7.41,7.41,7.41,7.41,643,4763.7298
1786661700000,2026-08-13T22:55:00Z,7.36,7.36,7.35,7.35,1177,8657.7766
1786662900000,2026-08-13T23:15:00Z,7.4,7.4,7.4,7.4,4221,31235.4
1786663800000,2026-08-13T23:30:00Z,7.41,7.42,7.41,7.42,401,2974.4175
1786664100000,2026-08-13T23:35:00Z,7.41,7.41,7.4,7.4,998,7391.188
1786664400000,2026-08-13T23:40:00Z,7.35,7.35,7.35,7.35,1802,13245.0604
1786664700000,2026-08-13T23:45:00Z,7.42,7.42,7.42,7.42,157,1164.469
1786665000000,2026-08-13T23:50:00Z,7.35,7.4192,7.35,7.4192,750,5547.075
1786665300000,2026-08-13T23:55:00Z,7.35,7.35,7.35,7.35,881,6475.4381
1786665600000,2026-08-14T00:00:00Z,7.43,7.43,7.43,7.43,1,7.43
1786666500000,2026-08-14T00:15:00Z,7.39,7.39,7.39,7.39,1,7.39
1786670700000,2026-08-14T01:25:00Z,7.4,7.4,7.4,7.4,10,74
1786672500000,2026-08-14T01:55:00Z,7.39,7.39,7.39,7.39,35,258.65
1786672800000,2026-08-14T02:00:00Z,7.39,7.39,7.31,7.31,10,73.41
1786673100000,2026-08-14T02:05:00Z,7.39,7.39,7.39,7.39,350,2586.5
1786674000000,2026-08-14T02:20:00Z,7.41,7.41,7.41,7.41,291,2156.31
1786675500000,2026-08-14T02:45:00Z,7.4,7.4,7.4,7.4,10,74
1786676400000,2026-08-14T03:00:00Z,7.4,7.4,7.4,7.4,10,74
1786676700000,2026-08-14T03:05:00Z,7.4,7.4,7.4,7.4,15,111
1786677900000,2026-08-14T03:25:00Z,7.4,7.42,7.4,7.41,196,1452.25
1786679400000,2026-08-14T03:50:00Z,7.36,7.36,7.35,7.35,600,4412
1786680000000,2026-08-14T04:00:00Z,7.36,7.36,7.36,7.36,15,110.4
1786683300000,2026-08-14T04:55:00Z,7.37,7.37,7.33,7.33,2990,21980.28
1786691400000,2026-08-14T07:10:00Z,7.34,7.34,7.34,7.34,521,3824.14
1786692000000,2026-08-14T07:20:00Z,7.35,7.35,7.32,7.32,900,6609
1786693200000,2026-08-14T07:40:00Z,7.29,7.29,7.29,7.29,20,145.8
1786694400000,2026-08-14T08:00:00Z,7.2389,7.38,7.2155,7.34,6618,48381.5508
1786695300000,2026-08-14T08:15:00Z,7.4,7.4,7.4,7.4,400,2960
1786695900000,2026-08-14T08:25:00Z,7.41,7.42,7.41,7.42,3010,22329.083
1786696200000,2026-08-14T08:30:00Z,7.42,7.42,7.42,7.42,235,1743.7
1786697100000,2026-08-14T08:45:00Z,7.44,7.44,7.43,7.43,3700,27513.2
1786697400000,2026-08-14T08:50:00Z,7.42,7.42,7.42,7.42,2125,15767.5
1786698900000,2026-08-14T09:15:00Z,7.44,7.44,7.44,7.44,942,7008.48
1786700100000,2026-08-14T09:35:00Z,7.49,7.49,7.49,7.49,1129,8456.21
1786700400000,2026-08-14T09:40:00Z,7.43,7.43,7.43,7.43,181,1344.8843
1786700700000,2026-08-14T09:45:00Z,7.4,7.4,7.4,7.4,4031,29829.4
1786701000000,2026-08-14T09:50:00Z,7.5,7.5,7.5,7.5,115,862.5
1786703100000,2026-08-14T10:25:00Z,7.45,7.45,7.45,7.45,208,1549.6
1786703700000,2026-08-14T10:35:00Z,7.45,7.45,7.45,7.45,823.080383,6132.03116139
1786705200000,2026-08-14T11:00:00Z,7.45,7.524,7.43,7.46,6723.228187,50291.76380722
1786705500000,2026-08-14T11:05:00Z,7.45,7.54,7.45,7.54,640,4812.992
1786706100000,2026-08-14T11:15:00Z,7.5386,7.54,7.5261,7.5261,5483,41339.6268
1786706400000,2026-08-14T11:20:00Z,7.51,7.52,7.51,7.52,7044.364017,52972.20853504
1786706700000,2026-08-14T11:25:00Z,7.53,7.56,7.53,7.56,8062,60933.4022
1786707300000,2026-08-14T11:35:00Z,7.5481,7.5481,7.5481,7.5481,100,754.81
1786707600000,2026-08-14T11:40:00Z,7.529,7.529,7.529,7.529,614,4622.9902
1786707900000,2026-08-14T11:45:00Z,7.48,7.48,7.48,7.48,3062,22903.1476
1786708200000,2026-08-14T11:50:00Z,7.54,7.54,7.54,7.54,4000,30160
1786708500000,2026-08-14T11:55:00Z,7.5,7.5,7.5,7.5,503,3772.6006
1786708800000,2026-08-14T12:00:00Z,7.52,7.52,7.51,7.52,2000,15038
1786709100000,2026-08-14T12:05:00Z,7.475,7.5,7.45,7.5,6273,46763.9604
1786709400000,2026-08-14T12:10:00Z,7.49,7.49,7.49,7.49,1100,8239
1786709700000,2026-08-14T12:15:00Z,7.46,7.46,7.46,7.46,1101,8213.46
1786710000000,2026-08-14T12:20:00Z,7.47,7.47,7.47,7.47,303.825,2275.4365725
1786710600000,2026-08-14T12:30:00Z,7.48,7.51,7.48,7.51,1668,12501.66
1786710900000,2026-08-14T12:35:00Z,7.51,7.51,7.4601,7.4601,1021,7650.1488
1786711200000,2026-08-14T12:40:00Z,7.485,7.506,7.48,7.506,623,4669.8834
1786711500000,2026-08-14T12:45:00Z,7.51,7.51,7.46,7.5,905,6776.0065
1786711800000,2026-08-14T12:50:00Z,7.485,7.485,7.485,7.485,250,1871.25
1786712100000,2026-08-14T12:55:00Z,7.51,7.5352,7.51,7.5352,901,6776.3309
1786713000000,2026-08-14T13:10:00Z,7.5396,7.5396,7.5396,7.5396,200,1507.92
1786713300000,2026-08-14T13:15:00Z,7.54,7.54,7.51,7.51,540,4064.472
1786713600000,2026-08-14T13:20:00Z,7.5367,7.5367,7.5367,7.5367,197.738749,1496.05182718
1786713900000,2026-08-14T13:25:00Z,7.51,7.53,7.35,7.4,7335.364017,54657.26436347
1786714200000,2026-08-14T13:30:00Z,7.425,7.62,7.35,7.45,90822.41201100001,675546.18277902
1786714500000,2026-08-14T13:35:00Z,7.48,7.57,7.42,7.545,81619.330701,611296.13921821
1786714800000,2026-08-14T13:40:00Z,7.56,7.71,7.55,7.65,68575.632142,524130.41402452
1786715100000,2026-08-14T13:45:00Z,7.62,7.68,7.61,7.625,50727.790109,388047.30321781
1786715400000,2026-08-14T13:50:00Z,7.64,7.655,7.565,7.595,23027.810419,175214.00391609
1786715700000,2026-08-14T13:55:00Z,7.595,7.6192,7.52,7.585,67027.656693,508404.77601641
1786716000000,2026-08-14T14:00:00Z,7.57,7.74,7.52,7.7,72612.861742,555379.47303369
1786716300000,2026-08-14T14:05:00Z,7.72,7.76,7.69,7.75,73800.57984800001,571076.26692181
1786716600000,2026-08-14T14:10:00Z,7.77,7.81,7.73,7.75,97045.137133,754157.16968797
1786716900000,2026-08-14T14:15:00Z,7.73,7.78,7.6301,7.64,94831.65421400001,734461.67872201
1786717200000,2026-08-14T14:20:00Z,7.64,7.685,7.62,7.63,29390.900219999996,224955.01119386
1786717500000,2026-08-14T14:25:00Z,7.655,7.73,7.63,7.665,52974.435326000006,405911.31324194
1786717800000,2026-08-14T14:30:00Z,7.67,7.71,7.65,7.69,18705.009132,143843.39072599
1786718100000,2026-08-14T14:35:00Z,7.7,7.775,7.68,7.75,37899.60672,293812.91113613
1786718400000,2026-08-14T14:40:00Z,7.74,7.74,7.675,7.69,34606.081294999996,266567.18360726
1786718700000,2026-08-14T14:45:00Z,7.71,7.7217,7.67,7.67,18397.988362,141688.42777227
1786719000000,2026-08-14T14:50:00Z,7.67,7.67,7.63,7.65,29609.212533,226578.57706628
1786719300000,2026-08-14T14:55:00Z,7.615,7.665,7.61,7.63,33545.18042,255896.05431593
1786719600000,2026-08-14T15:00:00Z,7.625,7.65,7.61,7.615,11633.251745,88772.18074092
1786719900000,2026-08-14T15:05:00Z,7.61,7.6185,7.565,7.57,21261.102290000003,161339.87472767
1786720200000,2026-08-14T15:10:00Z,7.59,7.595,7.57,7.58,13051.709202,98976.33156245
1786720500000,2026-08-14T15:15:00Z,7.58,7.62,7.57,7.6,23664.99363,179761.65811284
1786720800000,2026-08-14T15:20:00Z,7.59,7.6198,7.53,7.54,12873.396505,97496.66843062
1786721100000,2026-08-14T15:25:00Z,7.53,7.5472,7.52,7.53,11093.248967,83597.61489042
1786721400000,2026-08-14T15:30:00Z,7.55,7.56,7.53,7.55,29146.881970000002,219942.37134562
1786721700000,2026-08-14T15:35:00Z,7.53,7.58,7.53,7.56,17897,135138.4573
1786722000000,2026-08-14T15:40:00Z,7.56,7.565,7.51,7.52,20030.720964,150831.32885892
1786722300000,2026-08-14T15:45:00Z,7.525,7.535,7.48,7.49,26957.380342,202409.49029791
1786722600000,2026-08-14T15:50:00Z,7.515,7.53,7.49,7.515,10114.782514999999,75929.6493836
1786722900000,2026-08-14T15:55:00Z,7.52,7.585,7.52,7.585,11998.362805,90652.4303369
1786723200000,2026-08-14T16:00:00Z,7.565,7.62,7.565,7.605,19105.567689,145018.90098659
1786723500000,2026-08-14T16:05:00Z,7.625,7.645,7.6,7.63,15551.0934,118566.20140962
1786723800000,2026-08-14T16:10:00Z,7.62,7.65,7.615,7.625,11817.666849000001,90185.34279146
1786724100000,2026-08-14T16:15:00Z,7.63,7.665,7.63,7.665,11491,87878.5716
1786724400000,2026-08-14T16:20:00Z,7.665,7.675,7.635,7.67,27903.732186,213809.55750201
1786724700000,2026-08-14T16:25:00Z,7.675,7.675,7.62,7.62,12253.011287000001,93806.60381101
1786725000000,2026-08-14T16:30:00Z,7.58,7.63,7.56,7.58,15422.039879,116990.05231811
1786725300000,2026-08-14T16:35:00Z,7.56,7.585,7.56,7.57,16330.107694,123620.54825435
1786725600000,2026-08-14T16:40:00Z,7.58,7.58,7.525,7.545,16060.523859,121271.40960692
1786725900000,2026-08-14T16:45:00Z,7.55,7.58,7.535,7.55,13970.502864,105516.41403122
1786726200000,2026-08-14T16:50:00Z,7.56,7.575,7.54,7.54,10638.534,80443.274841
1786726500000,2026-08-14T16:55:00Z,7.54,7.565,7.54,7.54,16627.1538,125551.6383438
1786726800000,2026-08-14T17:00:00Z,7.55,7.55,7.53,7.535,10315.246489000001,77755.29650943
1786727100000,2026-08-14T17:05:00Z,7.53,7.58,7.53,7.565,12978,98072.1504
1786727400000,2026-08-14T17:10:00Z,7.57,7.595,7.565,7.59,10921.758427,82792.38975587
1786727700000,2026-08-14T17:15:00Z,7.575,7.6,7.57,7.595,6600,50058.36
1786728000000,2026-08-14T17:20:00Z,7.6,7.625,7.59,7.6,15385.205004,117013.71517842
1786728300000,2026-08-14T17:25:00Z,7.6,7.6,7.53,7.54,36678,277256.3376
1786728600000,2026-08-14T17:30:00Z,7.53,7.595,7.53,7.595,24046.85612,181952.94151759
1786728900000,2026-08-14T17:35:00Z,7.595,7.595,7.56,7.56,11156.15426,84599.34898443
1786729200000,2026-08-14T17:40:00Z,7.56,7.59,7.55,7.57,19752.9734,149571.48988214
1786729500000,2026-08-14T17:45:00Z,7.56,7.57,7.545,7.56,15596.704679999999,117858.05858489
1786729800000,2026-08-14T17:50:00Z,7.525,7.545,7.52,7.53,18816.584249,141769.79070724
1786730100000,2026-08-14T17:55:00Z,7.52,7.52,7.49,7.51,19899.614589999997,149404.31638026
1786730400000,2026-08-14T18:00:00Z,7.5,7.5,7.475,7.485,20929.177476,156834.88433415
1786730700000,2026-08-14T18:05:00Z,7.485,7.505,7.46,7.49,20469,153185.9022
1786731000000,2026-08-14T18:10:00Z,7.49,7.495,7.45,7.455,47499.071667,354894.06386716
1786731300000,2026-08-14T18:15:00Z,7.47,7.48,7.45,7.45,17724.67756,132374.9818891
1786731600000,2026-08-14T18:20:00Z,7.44,7.4696,7.44,7.465,16109.171966,120182.47745234
1786731900000,2026-08-14T18:25:00Z,7.48,7.485,7.46,7.46,14328.717674,107068.47707543
1786732200000,2026-08-14T18:30:00Z,7.48,7.48,7.46,7.465,12621.575821999999,94327.34690572
1786732500000,2026-08-14T18:35:00Z,7.48,7.48,7.46,7.48,8732.503877,65235.29696274
1786732800000,2026-08-14T18:40:00Z,7.49,7.49,7.46,7.475,11429.754315,85438.55648006
1786733100000,2026-08-14T18:45:00Z,7.47,7.48,7.46,7.47,10212.328531,76317.75234502
1786733400000,2026-08-14T18:50:00Z,7.465,7.48,7.445,7.48,11669.573596,87106.36514998
1786733700000,2026-08-14T18:55:00Z,7.46,7.5,7.46,7.485,20166.684456,150879.06642601
1786734000000,2026-08-14T19:00:00Z,7.49,7.505,7.48,7.49,18923,141782.4698
1786734300000,2026-08-14T19:05:00Z,7.495,7.51,7.49,7.495,14306.061615999999,107253.97454131
1786734600000,2026-08-14T19:10:00Z,7.5,7.52,7.475,7.475,14462.623491,108455.21355901
1786734900000,2026-08-14T19:15:00Z,7.48,7.51,7.48,7.49,9740.225,72981.55788
1786735200000,2026-08-14T19:20:00Z,7.5,7.5,7.485,7.485,8020.357494,60098.14277404
1786735500000,2026-08-14T19:25:00Z,7.51,7.545,7.5,7.545,20778,156188.226
1786735800000,2026-08-14T19:30:00Z,7.54,7.575,7.535,7.56,36514.667052000004,275773.37144352
1786736100000,2026-08-14T19:35:00Z,7.565,7.585,7.545,7.555,26938.343941000003,203861.30544231
1786736400000,2026-08-14T19:40:00Z,7.565,7.565,7.535,7.555,22729.867077,171696.86992624
1786736700000,2026-08-14T19:45:00Z,7.56,7.605,7.55,7.605,43767.674359,331610.1615484
1786737000000,2026-08-14T19:50:00Z,7.575,7.61,7.565,7.61,59563.184914,451584.24274398
1786737300000,2026-08-14T19:55:00Z,7.58,7.59,7.55,7.585,174499.180883,1321744.04559828
1786737600000,2026-08-14T20:00:00Z,7.57,7.6051,7.57,7.6051,18123.806734,137209.90364109
1786737900000,2026-08-14T20:05:00Z,7.5101,7.5101,7.5101,7.5101,663,4979.1963
1786738200000,2026-08-14T20:10:00Z,7.61,7.66,7.57,7.57,5730.73948,43816.08791618
1786739400000,2026-08-14T20:30:00Z,7.62,7.62,7.62,7.62,170,1292.612
1786740900000,2026-08-14T20:55:00Z,7.72,7.72,7.72,7.72,900,6948
1786743300000,2026-08-14T21:35:00Z,7.7,7.7,7.7,7.7,101,777.7
1786743900000,2026-08-14T21:45:00Z,7.57,7.57,7.57,7.57,2381,18024.17
1786744200000,2026-08-14T21:50:00Z,7.615,7.615,7.615,7.615,170,1294.21
1786746000000,2026-08-14T22:20:00Z,7.57,7.57,7.57,7.57,7000,52990
1786748100000,2026-08-14T22:55:00Z,7.6889,7.6889,7.6889,7.6889,100,768.89
1786750200000,2026-08-14T23:30:00Z,7.6093,7.6093,7.6093,7.6093,100,760.93
1786750500000,2026-08-14T23:35:00Z,7.6,7.6,7.6,7.6,1008,7660.8
1786750800000,2026-08-14T23:40:00Z,7.6,7.6,7.6,7.6,200,1520
1786751100000,2026-08-14T23:45:00Z,7.62,7.62,7.58,7.62,888,6740.9856
1786924800000,2026-08-17T00:00:00Z,7.65,7.65,7.64,7.64,9,68.8
1786925400000,2026-08-17T00:10:00Z,7.65,7.65,7.65,7.65,1,7.65
1786927500000,2026-08-17T00:45:00Z,7.64,7.64,7.6,7.63,168,1279.42
1786927800000,2026-08-17T00:50:00Z,7.64,7.64,7.63,7.63,1000,7633
1786929000000,2026-08-17T01:10:00Z,7.64,7.64,7.64,7.64,100,764
1786931100000,2026-08-17T01:45:00Z,7.63,7.63,7.63,7.63,15,114.45
1786932300000,2026-08-17T02:05:00Z,7.66,7.66,7.66,7.66,2,15.32
1786932600000,2026-08-17T02:10:00Z,7.67,7.67,7.67,7.67,2,15.34
1786935000000,2026-08-17T02:50:00Z,7.67,7.67,7.61,7.61,1522,11613.38
1786937400000,2026-08-17T03:30:00Z,7.61,7.69,7.6,7.69,2018,15515.11
1786940100000,2026-08-17T04:15:00Z,7.64,7.64,7.64,7.64,2,15.28
1786943700000,2026-08-17T05:15:00Z,7.62,7.62,7.62,7.62,26,198.12
1786944900000,2026-08-17T05:35:00Z,7.62,7.62,7.6,7.6,25,190.26
1786946100000,2026-08-17T05:55:00Z,7.6,7.6,7.6,7.6,29,220.4
1786946700000,2026-08-17T06:05:00Z,7.6,7.6,7.6,7.6,705,5358
1786947600000,2026-08-17T06:20:00Z,7.59,7.59,7.59,7.59,69,523.71
1786950600000,2026-08-17T07:10:00Z,7.59,7.59,7.59,7.59,50,379.5
1786952100000,2026-08-17T07:35:00Z,7.6,7.66,7.6,7.65,1308,10008.96
1786952400000,2026-08-17T07:40:00Z,7.67,7.67,7.67,7.67,2,15.34
1786953000000,2026-08-17T07:50:00Z,7.65,7.65,7.65,7.65,100,765
1786953600000,2026-08-17T08:00:00Z,7.646,7.689,7.643,7.645,4795.797433,36664.83053477
1786953900000,2026-08-17T08:05:00Z,7.645,7.645,7.645,7.645,800,6116
1786954200000,2026-08-17T08:10:00Z,7.647,7.654,7.647,7.654,0,0
1786954500000,2026-08-17T08:15:00Z,7.655,7.655,7.655,7.655,1000,7655
1786954800000,2026-08-17T08:20:00Z,7.661,7.684,7.661,7.684,178.618489,1370.28960021
1786955100000,2026-08-17T08:25:00Z,7.684,7.684,7.684,7.684,390,2996.76
1786955400000,2026-08-17T08:30:00Z,7.685,7.685,7.685,7.685,48,368.88
1786956000000,2026-08-17T08:40:00Z,7.685,7.685,7.685,7.685,101.262501,778.20232019
1786956300000,2026-08-17T08:45:00Z,7.68,7.68,7.656,7.656,880,6756.024
1786956600000,2026-08-17T08:50:00Z,7.656,7.656,7.641,7.641,5984,45812.9056
1786956900000,2026-08-17T08:55:00Z,7.641,7.641,7.631,7.631,100,764.09
1786957200000,2026-08-17T09:00:00Z,7.631,7.631,7.63,7.63,23,175.4923
1786957500000,2026-08-17T09:05:00Z,7.63,7.63,7.63,7.63,16,122.08
1786958100000,2026-08-17T09:15:00Z,7.63,7.63,7.63,7.63,397,3029.11
1786958400000,2026-08-17T09:20:00Z,7.63,7.63,7.63,7.63,24,183.12
1786958700000,2026-08-17T09:25:00Z,7.63,7.63,7.63,7.63,522,3982.86
1786959000000,2026-08-17T09:30:00Z,7.63,7.63,7.63,7.63,201,1533.63
1786959300000,2026-08-17T09:35:00Z,7.63,7.63,7.63,7.63,10,76.3
1786959600000,2026-08-17T09:40:00Z,7.63,7.63,7.63,7.63,1170,8927.1
1786959900000,2026-08-17T09:45:00Z,7.63,7.63,7.63,7.63,191,1457.33
1786960500000,2026-08-17T09:55:00Z,7.63,7.63,7.63,7.63,10,76.3
1786960800000,2026-08-17T10:00:00Z,7.63,7.63,7.63,7.63,30,228.9
1786962000000,2026-08-17T10:20:00Z,7.635,7.66,7.635,7.66,642,4917.078
1786962300000,2026-08-17T10:25:00Z,7.66,7.66,7.66,7.66,68,520.88
1786962900000,2026-08-17T10:35:00Z,7.66,7.66,7.66,7.66,1,7.66
1786963500000,2026-08-17T10:45:00Z,7.66,7.66,7.66,7.66,1990,15243.4
1786964100000,2026-08-17T10:55:00Z,7.66,7.66,7.66,7.66,168,1286.88
1786964400000,2026-08-17T11:00:00Z,7.66,7.66,7.62,7.62,2389,18236.1926
1786964700000,2026-08-17T11:05:00Z,7.627,7.66,7.627,7.66,545,4174.155
1786965000000,2026-08-17T11:10:00Z,7.66,7.66,7.66,7.66,1451,11114.66
1786965300000,2026-08-17T11:15:00Z,7.63,7.66,7.63,7.63,2135.271534,16315.39626414
1786965600000,2026-08-17T11:20:00Z,7.659,7.66,7.659,7.66,128,980.4544
1786965900000,2026-08-17T11:25:00Z,7.66,7.66,7.66,7.66,20,153.2
1786966200000,2026-08-17T11:30:00Z,7.66,7.66,7.66,7.66,1030,7889.8
1786966500000,2026-08-17T11:35:00Z,7.66,7.66,7.66,7.66,325,2489.5
1786966800000,2026-08-17T11:40:00Z,7.66,7.66,7.66,7.66,100,766
1786967100000,2026-08-17T11:45:00Z,7.59,7.638,7.54,7.59,57198.349743,432305.12735759
1786967400000,2026-08-17T11:50:00Z,7.607,7.644,7.572,7.572,166,1261.7826
1786967700000,2026-08-17T11:55:00Z,7.571,7.571,7.536,7.536,122,920.002
1786968600000,2026-08-17T12:10:00Z,7.535,7.615,7.535,7.615,2338,17800.363
1786968900000,2026-08-17T12:15:00Z,7.615,7.615,7.615,7.615,3007,22898.305
1786969200000,2026-08-17T12:20:00Z,7.615,7.615,7.615,7.615,160.194914,1219.88427011
1786969500000,2026-08-17T12:25:00Z,7.615,7.633,7.57,7.57,4390,33281.029
1786969800000,2026-08-17T12:30:00Z,7.57,7.57,7.526,7.526,435,3277.0725
1786970100000,2026-08-17T12:35:00Z,7.525,7.525,7.525,7.525,151,1136.275
1786970400000,2026-08-17T12:40:00Z,7.525,7.525,7.497,7.497,8280,62307
1786970700000,2026-08-17T12:45:00Z,7.496,7.496,7.495,7.495,1411.356809,10578.11928346
1786971000000,2026-08-17T12:50:00Z,7.495,7.495,7.495,7.495,6,44.97
1786971300000,2026-08-17T12:55:00Z,7.495,7.495,7.495,7.495,88,659.56
1786971600000,2026-08-17T13:00:00Z,7.497,7.5,7.497,7.5,4022,30164.5978
1786971900000,2026-08-17T13:05:00Z,7.5,7.5,7.5,7.5,8,60
1786972200000,2026-08-17T13:10:00Z,7.5,7.5,7.5,7.5,1810,13575
1786972500000,2026-08-17T13:15:00Z,7.5,7.5,7.5,7.5,4223,31672.5
1786972800000,2026-08-17T13:20:00Z,7.5,7.5,7.5,7.5,787.788,5908.41
1786973100000,2026-08-17T13:25:00Z,7.5,7.5,7.33,7.438,3247.74231,24235.30266568
1786973400000,2026-08-17T13:30:00Z,7.32,7.44,7.18,7.33,123773.436285,910440.26528157
1786973700000,2026-08-17T13:35:00Z,7.25,7.365,7.218,7.25,27626.436962999996,201811.12201471
1786974000000,2026-08-17T13:40:00Z,7.3,7.36,7.22,7.36,19683.960703,143645.67162621
1786974300000,2026-08-17T13:45:00Z,7.35,7.46,7.327,7.46,51759.05104300001,382121.54613516
1786974600000,2026-08-17T13:50:00Z,7.44,7.483,7.405,7.405,38992.987647999995,289990.84913818
1786974900000,2026-08-17T13:55:00Z,7.425,7.449,7.39,7.425,35518.812443,263599.31466448
1786975200000,2026-08-17T14:00:00Z,7.395,7.435,7.36,7.41,41078.864201,303408.49098859
1786975500000,2026-08-17T14:05:00Z,7.4,7.42,7.365,7.42,10264.868921000001,75856.3548393
1786975800000,2026-08-17T14:10:00Z,7.425,7.465,7.4,7.45,23270.254438,172960.82016132
1786976100000,2026-08-17T14:15:00Z,7.43,7.44,7.381,7.41,30807.031924,228369.44694942
1786976400000,2026-08-17T14:20:00Z,7.385,7.44,7.336,7.41,50020.368838,368590.09389345
1786976700000,2026-08-17T14:25:00Z,7.47,7.48,7.395,7.41,51636.146916000005,385112.71092891
1786977000000,2026-08-17T14:30:00Z,7.4,7.427,7.4,7.42,19320.79847,143188.36954102
1786977300000,2026-08-17T14:35:00Z,7.41,7.465,7.41,7.46,12356.979949,91965.58757244
1786977600000,2026-08-17T14:40:00Z,7.46,7.473,7.43,7.465,13226.531185,98643.46957773
1786977900000,2026-08-17T14:45:00Z,7.49,7.57,7.47,7.57,55699.546743,419590.25556969
1786978200000,2026-08-17T14:50:00Z,7.53,7.605,7.53,7.595,38821.159728,293142.4592221
1786978500000,2026-08-17T14:55:00Z,7.59,7.66,7.58,7.65,35516.63677,270757.52875242
1786978800000,2026-08-17T15:00:00Z,7.62,7.66,7.596,7.61,20378.447985,155397.89295442
1786979100000,2026-08-17T15:05:00Z,7.61,7.61,7.58,7.59,21013.237234,159580.82752617
1786979400000,2026-08-17T15:10:00Z,7.6,7.61,7.56,7.56,16560.250632,125794.9758508
1786979700000,2026-08-17T15:15:00Z,7.52,7.567,7.509,7.53,29899.058644999997,225289.40689007
1786980000000,2026-08-17T15:20:00Z,7.515,7.575,7.506,7.57,28225.009850000002,212458.11664391
1786980300000,2026-08-17T15:25:00Z,7.595,7.598,7.57,7.595,11049.412901,83772.22885022
1786980600000,2026-08-17T15:30:00Z,7.58,7.59,7.56,7.58,9147.373681000001,69287.6966841
1786980900000,2026-08-17T15:35:00Z,7.54,7.56,7.521,7.545,27467.771399999998,206997.1252704
1786981200000,2026-08-17T15:40:00Z,7.52,7.54,7.51,7.52,7462.210779999999,56177.015194
1786981500000,2026-08-17T15:45:00Z,7.525,7.535,7.523,7.525,13986.460898000001,105334.83431502
1786981800000,2026-08-17T15:50:00Z,7.52,7.575,7.52,7.56,32512.489794,245355.50423042
1786982100000,2026-08-17T15:55:00Z,7.58,7.591,7.571,7.58,11145.270191,84503.43858816
1786982400000,2026-08-17T16:00:00Z,7.58,7.617,7.58,7.6,11725.28515,89064.09347089
1786982700000,2026-08-17T16:05:00Z,7.62,7.666,7.581,7.66,32277.962225,246019.40028273
1786983000000,2026-08-17T16:10:00Z,7.64,7.672,7.63,7.67,17958.379520000002,137426.4992768
1786983300000,2026-08-17T16:15:00Z,7.655,7.67,7.652,7.67,11836.949706,90675.76952784
1786983600000,2026-08-17T16:20:00Z,7.665,7.665,7.63,7.665,6498.746203,49737.50419004
1786983900000,2026-08-17T16:25:00Z,7.615,7.635,7.615,7.615,9505.819111,72537.95505413
1786984200000,2026-08-17T16:30:00Z,7.6,7.634,7.575,7.575,14605.474394,111264.50393349
1786984500000,2026-08-17T16:35:00Z,7.605,7.61,7.595,7.61,26435.446906,200880.317494
1786984800000,2026-08-17T16:40:00Z,7.6,7.61,7.59,7.59,4771.934759,36274.81645749
1786985100000,2026-08-17T16:45:00Z,7.61,7.61,7.59,7.61,8224.468317,62468.94910177
1786985400000,2026-08-17T16:50:00Z,7.6,7.613,7.575,7.6,21303.108682,161641.59774641
1786985700000,2026-08-17T16:55:00Z,7.61,7.615,7.605,7.61,18834.836219,143383.95768438
1786986000000,2026-08-17T17:00:00Z,7.59,7.62,7.59,7.62,8222.804898,62526.20844439
1786986300000,2026-08-17T17:05:00Z,7.61,7.68,7.606,7.66,135718.730179,1036321.07990081
1786986600000,2026-08-17T17:10:00Z,7.64,7.66,7.621,7.625,14966.960028,114393.97219001
1786986900000,2026-08-17T17:15:00Z,7.63,7.635,7.6,7.62,57379.602825,436813.70242588
1786987200000,2026-08-17T17:20:00Z,7.63,7.63,7.596,7.62,14820.82734,112810.20938114
1786987500000,2026-08-17T17:25:00Z,7.61,7.625,7.6,7.6,12343.108292,94047.07932006
1786987800000,2026-08-17T17:30:00Z,7.64,7.64,7.607,7.64,9149.208672,69717.88500151
1786988100000,2026-08-17T17:35:00Z,7.61,7.625,7.605,7.61,8816.312752,67192.64600809
1786988400000,2026-08-17T17:40:00Z,7.615,7.66,7.605,7.65,26402.05619,201635.14332865
1786988700000,2026-08-17T17:45:00Z,7.655,7.675,7.63,7.66,16477.926375,126252.22409261
1786989000000,2026-08-17T17:50:00Z,7.635,7.645,7.625,7.645,14766.784763,112754.73841484
1786989300000,2026-08-17T17:55:00Z,7.65,7.665,7.647,7.655,17149.04072,131279.33651974
1786989600000,2026-08-17T18:00:00Z,7.615,7.66,7.615,7.63,15562.666720000001,118747.81587362
1786989900000,2026-08-17T18:05:00Z,7.62,7.625,7.605,7.62,20336.13337,154717.30267896
1786990200000,2026-08-17T18:10:00Z,7.62,7.635,7.61,7.62,6603.996184,50352.16890491
1786990500000,2026-08-17T18:15:00Z,7.625,7.64,7.6,7.61,10609.14,80907.423468
1786990800000,2026-08-17T18:20:00Z,7.59,7.598,7.565,7.57,18995.63088,143918.49779923
1786991100000,2026-08-17T18:25:00Z,7.59,7.605,7.585,7.585,9171.247731,69681.30601059
1786991400000,2026-08-17T18:30:00Z,7.61,7.61,7.595,7.6,8133,61836.8256
1786991700000,2026-08-17T18:35:00Z,7.606,7.615,7.605,7.605,12091.203207999999,92010.42905192
1786992000000,2026-08-17T18:40:00Z,7.59,7.614,7.59,7.6,13561.771569,103095.23129038
1786992300000,2026-08-17T18:45:00Z,7.605,7.615,7.6,7.6,5129,39027.0739
1786992600000,2026-08-17T18:50:00Z,7.62,7.635,7.605,7.62,8929.825705000001,68071.16836664
1786992900000,2026-08-17T18:55:00Z,7.63,7.64,7.62,7.64,11009,84000.8718
1786993200000,2026-08-17T19:00:00Z,7.61,7.635,7.6,7.6,9337.26215,71112.5885344
1786993500000,2026-08-17T19:05:00Z,7.61,7.614,7.575,7.585,21591.659209999998,164161.38497363
1786993800000,2026-08-17T19:10:00Z,7.57,7.575,7.525,7.545,13972,105476.0252
1786994100000,2026-08-17T19:15:00Z,7.53,7.56,7.525,7.55,24026,181103.1828
1786994400000,2026-08-17T19:20:00Z,7.53,7.55,7.51,7.55,15308.6054,115264.61349876
1786994700000,2026-08-17T19:25:00Z,7.56,7.56,7.54,7.55,20553,155129.9334
1786995000000,2026-08-17T19:30:00Z,7.58,7.58,7.548,7.56,31378,237336.9164
1786995300000,2026-08-17T19:35:00Z,7.56,7.6,7.555,7.58,55925.382859000005,423696.29307807
1786995600000,2026-08-17T19:40:00Z,7.58,7.59,7.49,7.5,118437.018194,893358.58453552
1786995900000,2026-08-17T19:45:00Z,7.49,7.495,7.485,7.495,21056.193094000002,157769.84361472
1786996200000,2026-08-17T19:50:00Z,7.48,7.495,7.453,7.49,72883.967085,544545.27167887
1786996500000,2026-08-17T19:55:00Z,7.455,7.477,7.405,7.425,305590.287506,2272583.29109587
1786996800000,2026-08-17T20:00:00Z,7.413,7.475,7.411,7.411,307168.834288,2280544.29328783
1786997100000,2026-08-17T20:05:00Z,7.411,7.415,7.411,7.415,57,422.5923
1786997400000,2026-08-17T20:10:00Z,7.415,7.415,7.415,7.415,216.350713,1604.2405369
1786997700000,2026-08-17T20:15:00Z,7.415,7.415,7.415,7.415,10,74.15
1786998000000,2026-08-17T20:20:00Z,7.415,7.415,7.415,7.415,52,385.58
1786998900000,2026-08-17T20:35:00Z,7.415,7.415,7.415,7.415,7,51.905
1786999500000,2026-08-17T20:45:00Z,7.415,7.415,7.415,7.415,370,2743.55
1786999800000,2026-08-17T20:50:00Z,7.415,7.42,7.415,7.42,502,3723.7858
1787000100000,2026-08-17T20:55:00Z,7.42,7.42,7.42,7.42,100,742
1787000700000,2026-08-17T21:05:00Z,7.42,7.439,7.42,7.439,33,244.86
1787001000000,2026-08-17T21:10:00Z,7.437,7.437,7.42,7.42,1207,8956.7849
1787001300000,2026-08-17T21:15:00Z,7.42,7.42,7.42,7.42,47,348.74
1787001600000,2026-08-17T21:20:00Z,7.42,7.42,7.42,7.42,282,2092.44
1787001900000,2026-08-17T21:25:00Z,7.42,7.42,7.42,7.42,420,3116.4
1787002200000,2026-08-17T21:30:00Z,7.42,7.42,7.42,7.42,150,1113
1787002500000,2026-08-17T21:35:00Z,7.42,7.439,7.42,7.439,1,7.42
1787002800000,2026-08-17T21:40:00Z,7.44,7.44,7.44,7.44,24,178.56
1787003400000,2026-08-17T21:50:00Z,7.44,7.44,7.44,7.44,10,74.4
1787003700000,2026-08-17T21:55:00Z,7.437,7.437,7.422,7.422,100,743.7
1787004000000,2026-08-17T22:00:00Z,7.421,7.421,7.421,7.421,0,0
1787004300000,2026-08-17T22:05:00Z,7.422,7.425,7.422,7.425,90,668.25
1787004600000,2026-08-17T22:10:00Z,7.425,7.425,7.425,7.425,185,1373.625
1787004900000,2026-08-17T22:15:00Z,7.425,7.425,7.425,7.425,51,378.675
1787005200000,2026-08-17T22:20:00Z,7.425,7.425,7.425,7.425,122,905.85
1787005800000,2026-08-17T22:30:00Z,7.425,7.425,7.425,7.425,100,742.5
1787006100000,2026-08-17T22:35:00Z,7.425,7.425,7.421,7.421,100,742.42
1787006400000,2026-08-17T22:40:00Z,7.423,7.434,7.423,7.434,150,1113.45
1787006700000,2026-08-17T22:45:00Z,7.435,7.435,7.412,7.412,11799,87697.2474
1787007600000,2026-08-17T23:00:00Z,7.411,7.411,7.41,7.41,950,7039.5
1787007900000,2026-08-17T23:05:00Z,7.411,7.414,7.411,7.414,14.674109999999999,108.78211225
1787008200000,2026-08-17T23:10:00Z,7.414,7.414,7.414,7.414,5,37.07
1787008500000,2026-08-17T23:15:00Z,7.414,7.414,7.414,7.414,100,741.4
1787008800000,2026-08-17T23:20:00Z,7.417,7.429,7.417,7.429,3,22.275
1787009100000,2026-08-17T23:25:00Z,7.43,7.43,7.43,7.43,11,81.73
1787009400000,2026-08-17T23:30:00Z,7.43,7.435,7.43,7.435,77.296862,574.31568466
1787009700000,2026-08-17T23:35:00Z,7.433,7.433,7.426,7.426,0,0
1787010000000,2026-08-17T23:40:00Z,7.425,7.539,7.425,7.539,2043.364017,15259.84247896
1787010300000,2026-08-17T23:45:00Z,7.54,7.54,7.477,7.477,17,128.1477
1787010600000,2026-08-17T23:50:00Z,7.476,7.476,7.475,7.475,1010,7549.75
1787010900000,2026-08-17T23:55:00Z,7.489,7.559,7.489,7.559,7,52.563
1787012400000,2026-08-18T00:20:00Z,7.27,7.47,7.27,7.47,1736,12900.72
1787014200000,2026-08-18T00:50:00Z,7.43,7.43,7.43,7.43,330,2451.9
1787016300000,2026-08-18T01:25:00Z,7.44,7.44,7.44,7.44,20,148.8
1787018100000,2026-08-18T01:55:00Z,7.48,7.48,7.48,7.48,2,14.96
1787020200000,2026-08-18T02:30:00Z,7.41,7.41,7.41,7.41,9,66.69
1787020500000,2026-08-18T02:35:00Z,7.35,7.37,7.21,7.37,1438,10443.14
1787020800000,2026-08-18T02:40:00Z,7.34,7.34,7.34,7.34,673,4939.82
1787024100000,2026-08-18T03:35:00Z,7.34,7.36,7.34,7.36,676,4974.36
1787024700000,2026-08-18T03:45:00Z,7.35,7.35,7.35,7.35,524,3851.4
1787030700000,2026-08-18T05:25:00Z,7.38,7.38,7.38,7.38,20,147.6
1787031000000,2026-08-18T05:30:00Z,7.39,7.39,7.39,7.39,50,369.5
1787039400000,2026-08-18T07:50:00Z,7.39,7.39,7.39,7.39,6,44.34
1787040000000,2026-08-18T08:00:00Z,7.22,7.511,7.152,7.21,3354.027983,24307.6470012
1787040300000,2026-08-18T08:05:00Z,7.254,7.26,7.254,7.26,301,2185.26
1787040600000,2026-08-18T08:10:00Z,7.249,7.249,7.195,7.195,10369,74645.3941
1787040900000,2026-08-18T08:15:00Z,7.195,7.195,7.195,7.195,10,71.95
1787041200000,2026-08-18T08:20:00Z,7.195,7.195,7.191,7.191,355,2554.225
1787041500000,2026-08-18T08:25:00Z,7.191,7.191,7.071,7.071,20703.796639,146849.95918076
1787041800000,2026-08-18T08:30:00Z,7.071,7.071,7.071,7.071,294,2078.874
1787042100000,2026-08-18T08:35:00Z,7.07,7.07,7.07,7.07,40,282.8
1787042400000,2026-08-18T08:40:00Z,7.07,7.074,7.07,7.074,124,876.68
1787042700000,2026-08-18T08:45:00Z,7.074,7.085,7.074,7.085,743,5262.4461
1787043000000,2026-08-18T08:50:00Z,7.085,7.085,7.085,7.085,866,6135.61
1787043300000,2026-08-18T08:55:00Z,7.085,7.085,7.085,7.085,582,4123.47
1787043600000,2026-08-18T09:00:00Z,7.085,7.085,7.085,7.085,29,205.465
1787043900000,2026-08-18T09:05:00Z,7.085,7.085,7.085,7.085,100,708.5
1787044200000,2026-08-18T09:10:00Z,7.085,7.114,7.085,7.114,190,1346.872
1787044500000,2026-08-18T09:15:00Z,7.114,7.115,7.082,7.082,755,5365.785
1787045400000,2026-08-18T09:30:00Z,7.081,7.081,7.051,7.051,1534,10843.079
1787045700000,2026-08-18T09:35:00Z,7.05,7.05,7.05,7.05,61,430.05
1787046000000,2026-08-18T09:40:00Z,7.05,7.05,7.05,7.05,857,6041.85
1787046300000,2026-08-18T09:45:00Z,7.05,7.05,7.05,7.05,0,0
1787046600000,2026-08-18T09:50:00Z,7.05,7.05,7.05,7.05,0,0
1787047500000,2026-08-18T10:05:00Z,7.05,7.05,7.05,7.05,55,387.75
1787047800000,2026-08-18T10:10:00Z,7.05,7.05,7.05,7.05,400,2820
1787048100000,2026-08-18T10:15:00Z,7.05,7.05,7.05,7.05,878,6189.9
1787049600000,2026-08-18T10:40:00Z,7.05,7.05,7.05,7.05,18,126.9
1787049900000,2026-08-18T10:45:00Z,7.05,7.05,7.05,7.05,391,2756.55
1787050200000,2026-08-18T10:50:00Z,7.05,7.05,7.05,7.05,3636,25633.8
1787050500000,2026-08-18T10:55:00Z,7.05,7.074,7.05,7.074,115,812.5785
1787050800000,2026-08-18T11:00:00Z,7.075,7.075,7.064,7.074,6428,45477.4572
1787051100000,2026-08-18T11:05:00Z,7.075,7.1,7.075,7.086,1347,9535.0089
1787051400000,2026-08-18T11:10:00Z,7.085,7.09,7.085,7.09,350,2479.75
1787051700000,2026-08-18T11:15:00Z,7.09,7.09,7.09,7.09,51,361.59
1787052000000,2026-08-18T11:20:00Z,7.09,7.09,7.075,7.075,1482,10503.3786
1787052300000,2026-08-18T11:25:00Z,7.075,7.075,7.075,7.075,203,1436.225
1787052600000,2026-08-18T11:30:00Z,7.071,7.071,7.05,7.05,2938,20735.5226
1787052900000,2026-08-18T11:35:00Z,7.05,7.05,7.05,7.05,71,500.55
1787053200000,2026-08-18T11:40:00Z,7.05,7.05,7.05,7.05,517,3644.85
1787053500000,2026-08-18T11:45:00Z,7.05,7.05,7.05,7.05,10,70.5
1787053800000,2026-08-18T11:50:00Z,7.046,7.046,7.027,7.027,50,352.3
1787054100000,2026-08-18T11:55:00Z,7.026,7.026,7.025,7.025,5,35.125
1787054400000,2026-08-18T12:00:00Z,7.025,7.025,7.025,7.025,333,2339.325
1787054700000,2026-08-18T12:05:00Z,7.025,7.025,7.025,7.025,272,1910.8
1787055000000,2026-08-18T12:10:00Z,7.027,7.034,7.027,7.034,11,77.3036
1787055300000,2026-08-18T12:15:00Z,7.035,7.035,7.035,7.035,175,1231.125
1787055600000,2026-08-18T12:20:00Z,7.035,7.153,7.035,7.153,3,21.105
1787055900000,2026-08-18T12:25:00Z,7.136,7.136,7.046,7.051,589,4159.4591
1787056200000,2026-08-18T12:30:00Z,7.051,7.055,7,7.012,2628,18429.8492
1787056500000,2026-08-18T12:35:00Z,7.011,7.011,7.011,7.011,4,28.044
1787056800000,2026-08-18T12:40:00Z,7.01,7.01,7.01,7.01,1092.640879,7659.41256179
1787057100000,2026-08-18T12:45:00Z,7.033,7.144,7.033,7.144,15,106.05
1787057400000,2026-08-18T12:50:00Z,7.145,7.145,7.145,7.145,80,571.6
1787058000000,2026-08-18T13:00:00Z,7.145,7.145,7.145,7.145,76,543.02
1787058300000,2026-08-18T13:05:00Z,7.145,7.145,7.145,7.145,214,1529.03
1787058600000,2026-08-18T13:10:00Z,7,7.145,6.902,7,3724.711237,26308.7528803
1787058900000,2026-08-18T13:15:00Z,6.901,7.094,6.9,7.094,762.414471,5349.70986011
1787059200000,2026-08-18T13:20:00Z,7.095,7.095,7.095,7.095,970,6882.15
1787059500000,2026-08-18T13:25:00Z,7.079,7.079,7,7,7298,51086
1787059800000,2026-08-18T13:30:00Z,7.015,7.128,6.91,7.075,146045.478798,1020901.7104416594
1787060100000,2026-08-18T13:35:00Z,7.075,7.12,7.024,7.09,47135.236082999996,333068.0094306206717484
1787060400000,2026-08-18T13:40:00Z,7.092,7.135,7.033,7.033,27744.072511,196538.0928797213
1787060700000,2026-08-18T13:45:00Z,7.032,7.032,6.88,6.906,18820.628525,130943.8295949025
1787061000000,2026-08-18T13:50:00Z,6.905,6.913,6.845,6.85,51056.813025,351189.18271116
1787061300000,2026-08-18T13:55:00Z,6.84,6.91,6.83,6.91,55660.233589999996,382007.31517489
1787061600000,2026-08-18T14:00:00Z,6.875,6.99,6.875,6.955,34212.899432000006,236688.25956052
1787061900000,2026-08-18T14:05:00Z,6.91,6.953,6.82,6.82,43242.28794,297723.1524669
1787062200000,2026-08-18T14:10:00Z,6.835,6.835,6.8,6.815,67598.130595,460606.90206127
1787062500000,2026-08-18T14:15:00Z,6.8,6.855,6.8,6.83,26387.400854,179959.43508419
1787062800000,2026-08-18T14:20:00Z,6.85,6.86,6.805,6.835,28982.116083,198165.21871751
1787063100000,2026-08-18T14:25:00Z,6.815,6.855,6.815,6.83,17661.740569,120756.85261837
1787063400000,2026-08-18T14:30:00Z,6.86,6.878,6.8,6.8,20769.377689,142237.00616535
1787063700000,2026-08-18T14:35:00Z,6.814,6.835,6.805,6.805,24910.330165,169834.4378636338
1787064000000,2026-08-18T14:40:00Z,6.805,6.815,6.77,6.775,2534,17245.238
1787064300000,2026-08-18T14:45:00Z,6.79,6.801,6.77,6.775,19142.646131999998,129974.7387070535864204
1787064600000,2026-08-18T14:50:00Z,6.775,6.795,6.76,6.775,7118.42404,48241.3689311
1787064900000,2026-08-18T14:55:00Z,6.775,6.775,6.72,6.725,51804.786852000005,349913.7347065748337745
1787065200000,2026-08-18T15:00:00Z,6.725,6.725,6.704,6.725,999,6711.28
1787065500000,2026-08-18T15:05:00Z,6.73,6.744,6.7,6.7,41215.489505000005,277207.13931273
1787065800000,2026-08-18T15:10:00Z,6.71,6.73,6.691,6.73,28480.399617,191046.52063084
1787066100000,2026-08-18T15:15:00Z,6.72,6.733,6.68,6.68,48829.213347000004,328132.31369184
1787066400000,2026-08-18T15:20:00Z,6.7,6.745,6.685,6.73,48515.05136900001,325438.96458325
1787066700000,2026-08-18T15:25:00Z,6.73,6.76,6.7,6.74,34756.164751,234392.09946427
1787067000000,2026-08-18T15:30:00Z,6.74,6.77,6.73,6.735,20313.351721,137092.77942986
1787067300000,2026-08-18T15:35:00Z,6.74,6.752,6.695,6.71,18495.992943999998,124163.60063307
1787067600000,2026-08-18T15:40:00Z,6.695,6.72,6.69,6.705,21414.10655,143595.848043305
1787067900000,2026-08-18T15:45:00Z,6.705,6.733,6.705,6.729,12160.873961,81696.1651826019
1787068200000,2026-08-18T15:50:00Z,6.728,6.755,6.705,6.745,61241.658477,413084.7284555138
1787068500000,2026-08-18T15:55:00Z,6.745,6.78,6.74,6.765,8904.286408,60156.3370874968
1787068800000,2026-08-18T16:00:00Z,6.765,6.815,6.765,6.795,2100,14270.5
1787069100000,2026-08-18T16:05:00Z,6.795,6.83,6.79,6.805,32596.816489999997,221987.5799785489795697
1787069400000,2026-08-18T16:10:00Z,6.805,6.82,6.78,6.785,16522.154682,112332.9107064544
1787069700000,2026-08-18T16:15:00Z,6.785,6.81,6.76,6.765,30123.898535,204033.059266275
1787070000000,2026-08-18T16:20:00Z,6.78,6.795,6.758,6.762,9444.834986,63941.1314707298
1787070300000,2026-08-18T16:25:00Z,6.76,6.765,6.735,6.755,22590.022467,152591.08376009
1787070600000,2026-08-18T16:30:00Z,6.76,6.77,6.74,6.77,14100.885,95343.1339275
1787070900000,2026-08-18T16:35:00Z,6.76,6.792,6.76,6.78,16262.763675,110230.63846552
1787071200000,2026-08-18T16:40:00Z,6.78,6.8,6.77,6.78,9237.841157,62675.05711378
1787071500000,2026-08-18T16:45:00Z,6.76,6.805,6.76,6.79,15072.923750000002,102156.74071563
1787071800000,2026-08-18T16:50:00Z,6.805,6.81,6.785,6.795,31619.492,214958.7924636
1787072100000,2026-08-18T16:55:00Z,6.805,6.805,6.78,6.795,4879.878265,33185.124153306
1787072400000,2026-08-18T17:00:00Z,6.795,6.82,6.78,6.795,700,4760
1787072700000,2026-08-18T17:05:00Z,6.795,6.795,6.75,6.765,6603.1016309999995,44766.3878175275966102
1787073000000,2026-08-18T17:10:00Z,6.765,6.79,6.76,6.785,12096.256466,81893.02839249
1787073300000,2026-08-18T17:15:00Z,6.785,6.8,6.75,6.758,18716,126935.77
1787073600000,2026-08-18T17:20:00Z,6.757,6.77,6.735,6.745,6439,43501.3035
1787073900000,2026-08-18T17:25:00Z,6.745,6.755,6.74,6.755,7180.281212,48423.49677494
1787074200000,2026-08-18T17:30:00Z,6.755,6.77,6.755,6.755,9105.958889,61584.2005621959
1787074500000,2026-08-18T17:35:00Z,6.755,6.755,6.73,6.745,13956.362839,94102.0030872559
1787074800000,2026-08-18T17:40:00Z,6.73,6.75,6.73,6.73,11680,78676.48
1787075100000,2026-08-18T17:45:00Z,6.74,6.75,6.728,6.75,17692.544329,119182.28636344
1787075400000,2026-08-18T17:50:00Z,6.75,6.755,6.735,6.745,10767.543429000001,72604.4685874
1787075700000,2026-08-18T17:55:00Z,6.73,6.745,6.71,6.73,9861.834003,66436.21712801
1787076000000,2026-08-18T18:00:00Z,6.71,6.745,6.7,6.71,57025.56769,383816.28589431
1787076300000,2026-08-18T18:05:00Z,6.71,6.71,6.686,6.69,18648.75903,124944.8206251
1787076600000,2026-08-18T18:10:00Z,6.69,6.7,6.67,6.7,51324.146781999996,343009.53777346
1787076900000,2026-08-18T18:15:00Z,6.692,6.73,6.692,6.724,10274.4277,68922.59356883
1787077200000,2026-08-18T18:20:00Z,6.724,6.725,6.7,6.715,24832.979104,166745.1551523168
1787077500000,2026-08-18T18:25:00Z,6.715,6.735,6.71,6.735,12474,83813.7268
1787077800000,2026-08-18T18:30:00Z,6.735,6.74,6.725,6.725,4581.222697,30854.534864295
1787078100000,2026-08-18T18:35:00Z,6.725,6.735,6.72,6.725,19219.803352,129344.620282766
1787078400000,2026-08-18T18:40:00Z,6.725,6.725,6.69,6.703,3647.308725,24510.864410185
1787078700000,2026-08-18T18:45:00Z,6.704,6.725,6.695,6.715,2051,13753.455
1787079000000,2026-08-18T18:50:00Z,6.715,6.72,6.705,6.705,3743.3550130000003,25119.0351437339020131
1787079300000,2026-08-18T18:55:00Z,6.705,6.71,6.695,6.71,13767.883129000002,92198.00616166
1787079600000,2026-08-18T19:00:00Z,6.7,6.73,6.695,6.73,16005.5341,107275.49175184
1787079900000,2026-08-18T19:05:00Z,6.725,6.735,6.7,6.7,25386,170487.2988
1787080200000,2026-08-18T19:10:00Z,6.72,6.72,6.62,6.655,91169.47599699999,608948.28102676
1787080500000,2026-08-18T19:15:00Z,6.66,6.665,6.645,6.665,26812.0236,178222.20207156
1787080800000,2026-08-18T19:20:00Z,6.665,6.665,6.63,6.635,22120.233666,147053.1013882
1787081100000,2026-08-18T19:25:00Z,6.64,6.675,6.64,6.665,68205,454156.6335
1787081400000,2026-08-18T19:30:00Z,6.675,6.705,6.66,6.705,54774.640557,365601.8558617522
1787081700000,2026-08-18T19:35:00Z,6.695,6.7,6.645,6.645,29779.313659,198976.2187726014
1787082000000,2026-08-18T19:40:00Z,6.645,6.65,6.6,6.635,171229.428392,1136041.806409112
1787082300000,2026-08-18T19:45:00Z,6.635,6.655,6.6,6.605,33554.601576,222694.0651021184
1787082600000,2026-08-18T19:50:00Z,6.605,6.625,6.545,6.575,31941.600868,210948.826638782
1787082900000,2026-08-18T19:55:00Z,6.62,6.67,6.615,6.64,15188,100806.115
1787083200000,2026-08-18T20:00:00Z,6.642,6.69,6.63,6.63,319357.33495,2121235.29020489
1787083500000,2026-08-18T20:05:00Z,6.625,6.625,6.6,6.6,4608,30416.9472
1787083800000,2026-08-18T20:10:00Z,6.6,6.6,6.6,6.6,7756.825024,51195.0451584
1787084100000,2026-08-18T20:15:00Z,6.6,6.629,6.6,6.629,1820,12018.006
1787084400000,2026-08-18T20:20:00Z,6.63,6.63,6.63,6.63,1275,8453.25
1787084700000,2026-08-18T20:25:00Z,6.63,6.63,6.63,6.63,7222,47881.86
1787085000000,2026-08-18T20:30:00Z,6.63,6.63,6.63,6.63,955,6331.65
1787085300000,2026-08-18T20:35:00Z,6.63,6.63,6.63,6.63,3600,23868
1787085600000,2026-08-18T20:40:00Z,6.63,6.63,6.63,6.63,274,1816.62
1787086200000,2026-08-18T20:50:00Z,6.63,6.63,6.63,6.63,86,570.18
1787086500000,2026-08-18T20:55:00Z,6.63,6.63,6.63,6.63,123,815.49
1787086800000,2026-08-18T21:00:00Z,6.63,6.63,6.63,6.63,12,79.56
1787087100000,2026-08-18T21:05:00Z,6.63,6.63,6.63,6.63,125,828.75
1787087400000,2026-08-18T21:10:00Z,6.63,6.63,6.63,6.63,516,3421.08
1787087700000,2026-08-18T21:15:00Z,6.63,6.63,6.63,6.63,251,1664.13
1787088000000,2026-08-18T21:20:00Z,6.63,6.63,6.63,6.63,24,159.12
1787088300000,2026-08-18T21:25:00Z,6.63,6.63,6.63,6.63,1,6.63
1787088900000,2026-08-18T21:35:00Z,6.63,6.63,6.63,6.63,16,106.08
1787089200000,2026-08-18T21:40:00Z,6.63,6.63,6.63,6.63,2,13.26
1787089500000,2026-08-18T21:45:00Z,6.63,6.63,6.63,6.63,1200,7956
1787089800000,2026-08-18T21:50:00Z,6.63,6.63,6.63,6.63,143,948.09
1787090100000,2026-08-18T21:55:00Z,6.63,6.63,6.572,6.572,347.402405,2302.51365986
1787090400000,2026-08-18T22:00:00Z,6.571,6.571,6.571,6.571,0,0
1787090700000,2026-08-18T22:05:00Z,6.57,6.593,6.57,6.593,246,1616.22
1787091000000,2026-08-18T22:10:00Z,6.594,6.595,6.594,6.595,103,679.285
1787091300000,2026-08-18T22:15:00Z,6.595,6.595,6.595,6.595,1007,6641.165
1787091600000,2026-08-18T22:20:00Z,6.595,6.595,6.595,6.595,203,1338.785
1787091900000,2026-08-18T22:25:00Z,6.595,6.595,6.595,6.595,0,0
1787092500000,2026-08-18T22:35:00Z,6.595,6.595,6.595,6.595,240,1582.8
1787092800000,2026-08-18T22:40:00Z,6.595,6.595,6.595,6.595,200,1319
1787093100000,2026-08-18T22:45:00Z,6.595,6.595,6.595,6.595,50,329.75
1787093400000,2026-08-18T22:50:00Z,6.595,6.595,6.595,6.595,1000,6595
1787093700000,2026-08-18T22:55:00Z,6.595,6.595,6.595,6.595,5,32.975
1787094300000,2026-08-18T23:05:00Z,6.597,6.603,6.597,6.603,4,26.388
1787094600000,2026-08-18T23:10:00Z,6.604,6.663,6.604,6.663,2.550241,16.841791564
1787094900000,2026-08-18T23:15:00Z,6.664,6.669,6.664,6.669,10,66.66
1787095500000,2026-08-18T23:25:00Z,6.669,6.669,6.637,6.637,184,1227.0776
1787095800000,2026-08-18T23:30:00Z,6.636,6.636,6.635,6.635,0,0
1787096400000,2026-08-18T23:40:00Z,6.635,6.635,6.635,6.635,1,6.635
1787097000000,2026-08-18T23:50:00Z,6.635,6.635,6.635,6.635,440,2919.4
1787097300000,2026-08-18T23:55:00Z,6.635,6.635,6.635,6.635,10,66.35
1787101800000,2026-08-19T01:10:00Z,6.66,6.66,6.66,6.66,300,1998
1787106300000,2026-08-19T02:25:00Z,6.7,6.7,6.7,6.7,25,167.5
1787106900000,2026-08-19T02:35:00Z,6.7,6.7,6.7,6.7,10,67
1787109600000,2026-08-19T03:20:00Z,6.69,6.69,6.64,6.64,43,286.31
1787117100000,2026-08-19T05:25:00Z,6.65,6.65,6.65,6.65,1,6.65
1787119500000,2026-08-19T06:05:00Z,6.63,6.63,6.59,6.59,109,722.63
1787121300000,2026-08-19T06:35:00Z,6.59,6.59,6.59,6.59,1,6.59
1787121600000,2026-08-19T06:40:00Z,6.59,6.59,6.59,6.59,1,6.59
1787121900000,2026-08-19T06:45:00Z,6.61,6.61,6.59,6.59,148,977.28
1787126400000,2026-08-19T08:00:00Z,6.635,6.655,6.635,6.654,1660.517289,11031.48055774
1787126700000,2026-08-19T08:05:00Z,6.654,6.655,6.654,6.655,53,352.7097
1787127000000,2026-08-19T08:10:00Z,6.658,6.673,6.658,6.673,0,0
1787127300000,2026-08-19T08:15:00Z,6.674,6.675,6.674,6.675,1511.58374,10089.8214645
1787127600000,2026-08-19T08:20:00Z,6.675,6.675,6.675,6.675,10,66.75
1787128200000,2026-08-19T08:30:00Z,6.675,6.675,6.675,6.675,4,26.7
1787128800000,2026-08-19T08:40:00Z,6.675,6.675,6.675,6.675,13.543815,90.40496513
1787129100000,2026-08-19T08:45:00Z,6.675,6.675,6.675,6.675,3142,20972.85
1787129400000,2026-08-19T08:50:00Z,6.675,6.675,6.675,6.675,129,861.075
1787130000000,2026-08-19T09:00:00Z,6.675,6.675,6.675,6.675,2,13.35
1787130300000,2026-08-19T09:05:00Z,6.675,6.675,6.675,6.675,21,140.175
1787130900000,2026-08-19T09:15:00Z,6.675,6.675,6.675,6.675,3,20.025
1787131500000,2026-08-19T09:25:00Z,6.675,6.675,6.675,6.675,80,534
1787131800000,2026-08-19T09:30:00Z,6.675,6.675,6.675,6.675,475,3170.625
1787132100000,2026-08-19T09:35:00Z,6.675,6.675,6.675,6.675,1,6.675
1787132400000,2026-08-19T09:40:00Z,6.675,6.675,6.675,6.675,20,133.5
1787132700000,2026-08-19T09:45:00Z,6.673,6.673,6.667,6.667,3135,20919.855
1787133000000,2026-08-19T09:50:00Z,6.667,6.674,6.667,6.674,150,1000.05
1787133900000,2026-08-19T10:05:00Z,6.674,6.674,6.67,6.67,3,20.0181
1787134200000,2026-08-19T10:10:00Z,6.67,6.67,6.666,6.666,6,40.0158
1787134500000,2026-08-19T10:15:00Z,6.662,6.662,6.646,6.646,372,2477.9292
1787134800000,2026-08-19T10:20:00Z,6.645,6.645,6.642,6.642,3494.137002,23218.54037829
1787135100000,2026-08-19T10:25:00Z,6.641,6.641,6.641,6.641,420,2789.22
1787135400000,2026-08-19T10:30:00Z,6.64,6.64,6.636,6.636,31,205.7253
1787135700000,2026-08-19T10:35:00Z,6.636,6.639,6.636,6.639,380,2521.68
1787136300000,2026-08-19T10:45:00Z,6.64,6.64,6.64,6.64,10,66.4
1787137200000,2026-08-19T11:00:00Z,6.64,6.775,6.64,6.641,26228.462760000002,175846.10572814
1787137500000,2026-08-19T11:05:00Z,6.634,6.634,6.606,6.606,259,1711.0317
1787138100000,2026-08-19T11:15:00Z,6.605,6.605,6.605,6.605,46,303.83
1787138400000,2026-08-19T11:20:00Z,6.605,6.605,6.605,6.605,1,6.605
1787139000000,2026-08-19T11:30:00Z,6.619,6.688,6.619,6.688,0,0
1787139300000,2026-08-19T11:35:00Z,6.689,6.689,6.682,6.682,3,20.0649
1787139900000,2026-08-19T11:45:00Z,6.681,6.681,6.681,6.681,2,13.362
1787140200000,2026-08-19T11:50:00Z,6.683,6.695,6.683,6.695,172,1150.938
1787140500000,2026-08-19T11:55:00Z,6.695,6.695,6.695,6.695,15,100.425
1787140800000,2026-08-19T12:00:00Z,6.691,6.691,6.666,6.666,0,0
1787141100000,2026-08-19T12:05:00Z,6.665,6.665,6.641,6.641,1888,12568.2272
1787141400000,2026-08-19T12:10:00Z,6.641,6.641,6.64,6.64,450,2988.135
1787141700000,2026-08-19T12:15:00Z,6.643,6.655,6.643,6.655,138,918.2658
1787142000000,2026-08-19T12:20:00Z,6.655,6.655,6.655,6.655,758,5044.49
1787142300000,2026-08-19T12:25:00Z,6.655,6.655,6.655,6.655,6,39.93
1787142600000,2026-08-19T12:30:00Z,6.658,6.673,6.621,6.621,1113,7371.8442
1787142900000,2026-08-19T12:35:00Z,6.62,6.67,6.62,6.67,3939,26092.9011
1787143200000,2026-08-19T12:40:00Z,6.67,6.67,6.65,6.65,2022,13473.7992
1787143500000,2026-08-19T12:45:00Z,6.655,6.68,6.655,6.68,10158,67832.0766
1787143800000,2026-08-19T12:50:00Z,6.68,6.68,6.665,6.665,395,2637.345
1787144100000,2026-08-19T12:55:00Z,6.665,6.665,6.665,6.665,7104,47348.16
1787144400000,2026-08-19T13:00:00Z,6.665,6.665,6.665,6.665,575,3832.375
1787144700000,2026-08-19T13:05:00Z,6.672,6.709,6.672,6.709,0,0
1787145000000,2026-08-19T13:10:00Z,6.709,6.71,6.709,6.71,50,335.45
1787145300000,2026-08-19T13:15:00Z,6.71,6.71,6.71,6.71,0,0
1787145600000,2026-08-19T13:20:00Z,6.71,6.71,6.67,6.71,8200,55022
1787145900000,2026-08-19T13:25:00Z,6.7,6.71,6.602,6.7,18020.46276,120838.01508346
1787146200000,2026-08-19T13:30:00Z,6.47,6.71,6.42,6.57,109864.353566,723423.80892604
1787146500000,2026-08-19T13:35:00Z,6.585,6.595,6.408,6.45,57976.116857999994,377192.61627815
1787146800000,2026-08-19T13:40:00Z,6.42,6.44,6.37,6.42,114563.494457,732862.67404143
1787147100000,2026-08-19T13:45:00Z,6.42,6.435,6.3,6.3,113731.34533800001,726709.17730622
1787147400000,2026-08-19T13:50:00Z,6.32,6.32,6.265,6.285,52466.443579000006,330276.26232981
1787147700000,2026-08-19T13:55:00Z,6.295,6.33,6.275,6.325,21608,135990.625
1787148000000,2026-08-19T14:00:00Z,6.295,6.31,6.22,6.22,1762,11045.02
1787148300000,2026-08-19T14:05:00Z,6.285,6.285,6.225,6.225,2660,16615
1787148600000,2026-08-19T14:10:00Z,6.23,6.23,6.155,6.175,8154,50476.74
1787148900000,2026-08-19T14:15:00Z,6.145,6.25,6.145,6.223,1900,11777.5
1787149200000,2026-08-19T14:20:00Z,6.222,6.31,6.22,6.285,1439,9010.42
1787149500000,2026-08-19T14:25:00Z,6.286,6.3,6.265,6.275,1000,6280
1787149800000,2026-08-19T14:30:00Z,6.275,6.29,6.24,6.248,1874,11745.235
1787150100000,2026-08-19T14:35:00Z,6.249,6.324,6.249,6.315,925,5815.25
1787150400000,2026-08-19T14:40:00Z,6.315,6.34,6.302,6.335,1170,7400.56
1787150700000,2026-08-19T14:45:00Z,6.335,6.34,6.25,6.256,1092,6865.9
1787151000000,2026-08-19T14:50:00Z,6.256,6.284,6.24,6.275,3637,22745.87
1787151300000,2026-08-19T14:55:00Z,6.275,6.333,6.275,6.327,600,3783.5
1787151600000,2026-08-19T15:00:00Z,6.328,6.33,6.296,6.305,2532,15979.24
1787151900000,2026-08-19T15:05:00Z,6.303,6.327,6.285,6.325,700,4415.5
1787152200000,2026-08-19T15:10:00Z,6.323,6.36,6.315,6.336,1600,10117.5
1787152500000,2026-08-19T15:15:00Z,6.335,6.345,6.3,6.325,1300,8211.5
1787152800000,2026-08-19T15:20:00Z,6.325,6.36,6.31,6.326,1000,6342
1787153100000,2026-08-19T15:25:00Z,6.325,6.344,6.315,6.326,0,0
1787153400000,2026-08-19T15:30:00Z,6.327,6.335,6.305,6.315,300,1895.5
1787153700000,2026-08-19T15:35:00Z,6.315,6.315,6.285,6.285,0,0
1787154000000,2026-08-19T15:40:00Z,6.285,6.312,6.27,6.312,500,3138.5
1787154300000,2026-08-19T15:45:00Z,6.3,6.32,6.29,6.29,1676,10570.3
1787154600000,2026-08-19T15:50:00Z,6.31,6.31,6.29,6.29,324,2040.96
1787154900000,2026-08-19T15:55:00Z,6.285,6.31,6.27,6.31,800,5028
1787155200000,2026-08-19T16:00:00Z,6.28,6.325,6.275,6.325,2108,13283.44
1787155500000,2026-08-19T16:05:00Z,6.32,6.355,6.32,6.35,1125,7117.75
1787155800000,2026-08-19T16:10:00Z,6.335,6.335,6.305,6.325,720,4550.2
1787156100000,2026-08-19T16:15:00Z,6.323,6.345,6.305,6.345,200,1265
1787156400000,2026-08-19T16:20:00Z,6.34,6.38,6.335,6.355,3700,23555
1787156700000,2026-08-19T16:25:00Z,6.355,6.365,6.335,6.355,900,5714
1787157000000,2026-08-19T16:30:00Z,6.363,6.38,6.355,6.365,2450,15597.25
1787157300000,2026-08-19T16:35:00Z,6.365,6.365,6.328,6.335,300,1903.5
1787157600000,2026-08-19T16:40:00Z,6.335,6.335,6.305,6.315,936,5913.38
1787157900000,2026-08-19T16:45:00Z,6.315,6.325,6.305,6.305,1100,6943
1787158200000,2026-08-19T16:50:00Z,6.305,6.305,6.29,6.295,1193,7516.4
1787158500000,2026-08-19T16:55:00Z,6.295,6.3,6.285,6.285,399,2512.205
1787158800000,2026-08-19T17:00:00Z,6.285,6.285,6.255,6.255,484,3030.92
1787159100000,2026-08-19T17:05:00Z,6.265,6.28,6.245,6.245,650,4071.75
1787159400000,2026-08-19T17:10:00Z,6.25,6.25,6.22,6.235,800,4981
1787159700000,2026-08-19T17:15:00Z,6.235,6.235,6.22,6.235,700,4358.5
1787160000000,2026-08-19T17:20:00Z,6.22,6.24,6.22,6.24,26620.019,165821.4223548
1787160300000,2026-08-19T17:25:00Z,6.23,6.23,6.215,6.23,17208.882076,106966.969208
1787160600000,2026-08-19T17:30:00Z,6.22,6.22,6.215,6.215,22750,141391.25
1787160900000,2026-08-19T17:35:00Z,6.215,6.22,6.195,6.195,48107.17968,298803.31442842
1787161200000,2026-08-19T17:40:00Z,6.19,6.21,6.19,6.21,30236.848303,187489.62527241
1787161500000,2026-08-19T17:45:00Z,6.205,6.21,6.195,6.195,5220.982858,32394.69863389
1787161800000,2026-08-19T17:50:00Z,6.195,6.225,6.195,6.215,3627.30805,22481.17336975
1787162100000,2026-08-19T17:55:00Z,6.215,6.225,6.205,6.215,9275.968724999999,57640.869657149993786
1787162400000,2026-08-19T18:00:00Z,6.215,6.23,6.177,6.177,8446.27822,52458.6191373
1787162700000,2026-08-19T18:05:00Z,6.176,6.19,6.155,6.155,11959.640789000001,73880.8029022053061777
1787163000000,2026-08-19T18:10:00Z,6.155,6.16,6.135,6.155,30123.787447,185170.921436709
1787163300000,2026-08-19T18:15:00Z,6.155,6.175,6.155,6.175,6008.254952,36980.80922956
1787163600000,2026-08-19T18:20:00Z,6.175,6.19,6.165,6.175,28271.139319,174626.7215684619
1787163900000,2026-08-19T18:25:00Z,6.176,6.195,6.176,6.185,1336,8263.16
1787164200000,2026-08-19T18:30:00Z,6.185,6.215,6.185,6.205,500,3101.5
1787164500000,2026-08-19T18:35:00Z,6.205,6.215,6.16,6.165,7394,45764.4236
1787164800000,2026-08-19T18:40:00Z,6.165,6.195,6.165,6.195,7765.5,47913.00605
1787165100000,2026-08-19T18:45:00Z,6.195,6.195,6.185,6.185,5714.10031,35365.869638652
1787165400000,2026-08-19T18:50:00Z,6.185,6.19,6.155,6.165,41052.13479,253358.256559947
1787165700000,2026-08-19T18:55:00Z,6.18,6.185,6.155,6.185,35556.862414999996,219115.6089462
1787166000000,2026-08-19T19:00:00Z,6.19,6.19,6.17,6.18,17585.523,108676.7735877
1787166300000,2026-08-19T19:05:00Z,6.18,6.185,6.175,6.185,22553.519096,139461.94068203
1787166600000,2026-08-19T19:10:00Z,6.175,6.18,6.166,6.18,29588.995791,182629.19982121
1787166900000,2026-08-19T19:15:00Z,6.175,6.19,6.17,6.175,23470.018,145081.4432688
1787167200000,2026-08-19T19:20:00Z,6.175,6.205,6.16,6.195,27440.549146,169604.3887718336
1787167500000,2026-08-19T19:25:00Z,6.195,6.205,6.185,6.185,6762.753175,41895.255919125
1787167800000,2026-08-19T19:30:00Z,6.185,6.215,6.18,6.215,50424.278445,312464.1262401315
1787168100000,2026-08-19T19:35:00Z,6.215,6.22,6.195,6.205,19535,121377.069
1787168400000,2026-08-19T19:40:00Z,6.205,6.23,6.205,6.225,33386.05806,207394.19266872
1787168700000,2026-08-19T19:45:00Z,6.225,6.245,6.21,6.225,30357.172,188961.0740032
1787169000000,2026-08-19T19:50:00Z,6.225,6.28,6.185,6.253,8050,50117.175
1787169300000,2026-08-19T19:55:00Z,6.252,6.252,6.225,6.235,60055.183655999994,374614.4181726655625744
1787169600000,2026-08-19T20:00:00Z,6.235,6.315,6.235,6.251,174230.44665199998,1086361.680964550275296
1787169900000,2026-08-19T20:05:00Z,6.25,6.25,6.25,6.25,250,1562.5
1787170200000,2026-08-19T20:10:00Z,6.25,6.25,6.25,6.25,67.466324,421.664525
1787170500000,2026-08-19T20:15:00Z,6.25,6.258,6.25,6.258,814,5087.5
1787170800000,2026-08-19T20:20:00Z,6.259,6.26,6.259,6.26,200,1251.86
1787171100000,2026-08-19T20:25:00Z,6.26,6.26,6.26,6.26,505,3161.3
1787171400000,2026-08-19T20:30:00Z,6.26,6.26,6.26,6.26,25,156.5
1787171700000,2026-08-19T20:35:00Z,6.26,6.26,6.26,6.26,7.428184,46.50043184
1787172000000,2026-08-19T20:40:00Z,6.26,6.26,6.26,6.26,750,4695
1787172300000,2026-08-19T20:45:00Z,6.26,6.283,6.26,6.283,593,3712.18
1787172600000,2026-08-19T20:50:00Z,6.32,6.32,6.288,6.32,1812.889489,11400.35555158
1787172900000,2026-08-19T20:55:00Z,6.305,6.305,6.305,6.305,2307,14545.635
1787173200000,2026-08-19T21:00:00Z,6.305,6.305,6.305,6.305,30,189.15
1787173800000,2026-08-19T21:10:00Z,6.305,6.305,6.241,6.241,312,1967.1288
1787174400000,2026-08-19T21:20:00Z,6.241,6.241,6.24,6.24,117,730.0917
1787175000000,2026-08-19T21:30:00Z,6.24,6.24,6.24,6.24,24,149.76
1787175300000,2026-08-19T21:35:00Z,6.24,6.24,6.24,6.24,5,31.2
1787175600000,2026-08-19T21:40:00Z,6.248,6.289,6.248,6.289,10,62.89
1787175900000,2026-08-19T21:45:00Z,6.29,6.29,6.29,6.29,52,327.08
1787176200000,2026-08-19T21:50:00Z,6.29,6.29,6.29,6.29,11,69.19
1787176500000,2026-08-19T21:55:00Z,6.29,6.29,6.29,6.29,33,207.57
1787176800000,2026-08-19T22:00:00Z,6.29,6.29,6.29,6.29,1208,7598.32
1787177100000,2026-08-19T22:05:00Z,6.29,6.29,6.29,6.29,78,490.62
1787177400000,2026-08-19T22:10:00Z,6.29,6.29,6.29,6.29,105,660.45
1787177700000,2026-08-19T22:15:00Z,6.29,6.29,6.29,6.29,50,314.5
1787178000000,2026-08-19T22:20:00Z,6.292,6.305,6.292,6.305,172,1082.654
1787178300000,2026-08-19T22:25:00Z,6.302,6.302,6.292,6.292,0,0
1787178600000,2026-08-19T22:30:00Z,6.291,6.314,6.291,6.314,0,0
1787178900000,2026-08-19T22:35:00Z,6.314,6.314,6.291,6.291,0,0
1787179200000,2026-08-19T22:40:00Z,6.291,6.291,6.291,6.291,0,0
1787179500000,2026-08-19T22:45:00Z,6.29,6.29,6.29,6.29,345.9972,2176.322388
1787179800000,2026-08-19T22:50:00Z,6.29,6.29,6.29,6.29,6,37.74
1787180100000,2026-08-19T22:55:00Z,6.29,6.29,6.29,6.29,152,956.08
1787180400000,2026-08-19T23:00:00Z,6.29,6.29,6.29,6.29,618,3887.22
1787180700000,2026-08-19T23:05:00Z,6.29,6.29,6.29,6.29,217,1364.93
1787181000000,2026-08-19T23:10:00Z,6.29,6.29,6.29,6.29,2,12.58
1787181300000,2026-08-19T23:15:00Z,6.29,6.29,6.29,6.29,1,6.29
1787181600000,2026-08-19T23:20:00Z,6.294,6.313,6.294,6.313,0,0
1787181900000,2026-08-19T23:25:00Z,6.314,6.314,6.314,6.314,1070,6755.98
1787182200000,2026-08-19T23:30:00Z,6.315,6.315,6.315,6.315,319.962586,2020.56373059
1787182500000,2026-08-19T23:35:00Z,6.315,6.315,6.315,6.315,791.827589,5000.391224535
1787183400000,2026-08-19T23:50:00Z,6.315,6.315,6.315,6.315,305,1926.075
1787183700000,2026-08-19T23:55:00Z,6.315,6.315,6.315,6.315,10,63.15
1787185500000,2026-08-20T00:25:00Z,6.3,6.3,6.29,6.29,102,641.59
1787187000000,2026-08-20T00:50:00Z,6.3,6.3,6.3,6.3,200,1260
1787190000000,2026-08-20T01:40:00Z,6.3,6.3,6.3,6.3,18,113.4
1787193300000,2026-08-20T02:35:00Z,6.3,6.3,6.3,6.3,39,245.7
1787199600000,2026-08-20T04:20:00Z,6.31,6.33,6.31,6.33,14,88.36
1787200200000,2026-08-20T04:30:00Z,6.33,6.36,6.33,6.36,6,38.05
1787202300000,2026-08-20T05:05:00Z,6.36,6.36,6.36,6.36,1,6.36
1787202600000,2026-08-20T05:10:00Z,6.37,6.37,6.37,6.37,5,31.85
1787205600000,2026-08-20T06:00:00Z,6.37,6.38,6.37,6.38,10,63.79
1787208000000,2026-08-20T06:40:00Z,6.37,6.37,6.37,6.37,10,63.7
1787210700000,2026-08-20T07:25:00Z,6.37,6.37,6.37,6.37,1,6.37
1787212800000,2026-08-20T08:00:00Z,6.315,6.365,6.315,6.365,4704.003159,29849.25204543
1787213400000,2026-08-20T08:10:00Z,6.358,6.358,6.327,6.327,17,108.086
1787213700000,2026-08-20T08:15:00Z,6.25,6.325,6.25,6.321,100,625
1787214300000,2026-08-20T08:25:00Z,6.321,6.321,6.32,6.32,1584,10010.886
1787214600000,2026-08-20T08:30:00Z,6.314,6.314,6.286,6.286,2476,15607.2184
1787214900000,2026-08-20T08:35:00Z,6.26,6.286,6.26,6.26,424,2665.264
1787215200000,2026-08-20T08:40:00Z,6.291,6.319,6.291,6.319,244,1535.126
1787216100000,2026-08-20T08:55:00Z,6.319,6.319,6.319,6.319,5,31.595
1787217000000,2026-08-20T09:10:00Z,6.319,6.319,6.319,6.319,50,315.95
1787217300000,2026-08-20T09:15:00Z,6.32,6.32,6.32,6.32,7,44.24
1787217900000,2026-08-20T09:25:00Z,6.32,6.32,6.32,6.32,0,0
1787218500000,2026-08-20T09:35:00Z,6.32,6.32,6.32,6.32,0,0
1787221200000,2026-08-20T10:20:00Z,6.322,6.334,6.322,6.334,195,1232.79
1787221800000,2026-08-20T10:30:00Z,6.334,6.334,6.334,6.334,9.459716,59.91784114
1787222100000,2026-08-20T10:35:00Z,6.335,6.335,6.335,6.335,10,63.35
1787222400000,2026-08-20T10:40:00Z,6.335,6.335,6.335,6.335,534,3382.89
1787222700000,2026-08-20T10:45:00Z,6.335,6.335,6.335,6.335,0,0
1787223300000,2026-08-20T10:55:00Z,6.335,6.335,6.335,6.335,9.511431,60.25491539
1787223600000,2026-08-20T11:00:00Z,6.335,6.335,6.335,6.335,313,1982.855
1787223900000,2026-08-20T11:05:00Z,6.329,6.329,6.301,6.301,733,4639.0837
1787224200000,2026-08-20T11:10:00Z,6.301,6.301,6.3,6.3,573.203229,3611.1803427
1787224500000,2026-08-20T11:15:00Z,6.296,6.296,6.276,6.276,731,4587.756
1787225100000,2026-08-20T11:25:00Z,6.275,6.275,6.275,6.275,10,62.75
1787225400000,2026-08-20T11:30:00Z,6.275,6.275,6.275,6.275,135.511431,850.33422953
1787225700000,2026-08-20T11:35:00Z,6.281,6.309,6.281,6.309,812,5100.9028
1787226000000,2026-08-20T11:40:00Z,6.309,6.309,6.309,6.309,0.192201,1.21259611
1787226300000,2026-08-20T11:45:00Z,6.31,6.33,6.3,6.301,607,3835.65
1787226900000,2026-08-20T11:55:00Z,6.301,6.301,6.301,6.301,0,0
1787227200000,2026-08-20T12:00:00Z,6.3,6.3,6.252,6.252,0,0
1787227500000,2026-08-20T12:05:00Z,6.252,6.259,6.252,6.255,5611,35100.7327
1787227800000,2026-08-20T12:10:00Z,6.255,6.255,6.221,6.221,136,846.9128
1787228100000,2026-08-20T12:15:00Z,6.217,6.217,6.14,6.14,1733.131778,10669.6791649
1787228400000,2026-08-20T12:20:00Z,6.14,6.14,6.14,6.14,36,221.04
1787228700000,2026-08-20T12:25:00Z,6.14,6.148,6.14,6.148,943,5790.02
1787229000000,2026-08-20T12:30:00Z,6.154,6.21,6.154,6.21,0,0
1787229300000,2026-08-20T12:35:00Z,6.204,6.204,6.177,6.177,120,743.976
1787229600000,2026-08-20T12:40:00Z,6.176,6.176,6.175,6.175,54,333.4824
1787229900000,2026-08-20T12:45:00Z,6.175,6.175,6.175,6.175,100,617.5
1787230200000,2026-08-20T12:50:00Z,6.175,6.175,6.132,6.132,436,2691.5152
1787230500000,2026-08-20T12:55:00Z,6.131,6.131,6.13,6.13,105,643.65
1787230800000,2026-08-20T13:00:00Z,6.13,6.13,6.13,6.13,0,0
1787231100000,2026-08-20T13:05:00Z,6.137,6.167,6.137,6.167,180,1104.66
1787231400000,2026-08-20T13:10:00Z,6.169,6.169,6.169,6.169,0,0
1787231700000,2026-08-20T13:15:00Z,6.17,6.17,6.17,6.17,0,0
1787232300000,2026-08-20T13:25:00Z,6.17,6.17,6.17,6.17,0,0
1787232600000,2026-08-20T13:30:00Z,6.168,6.188,6.07,6.083,3000,18347.5
1787232900000,2026-08-20T13:35:00Z,6.082,6.177,6.06,6.146,2258,13846.98
1787233200000,2026-08-20T13:40:00Z,6.145,6.159,6.107,6.139,700,4306
1787233500000,2026-08-20T13:45:00Z,6.13,6.15,6.046,6.07,29791.038134000002,181296.34166827
1787233800000,2026-08-20T13:50:00Z,6.07,6.079,6,6.03,62847.291615,379635.34972957
1787234100000,2026-08-20T13:55:00Z,6.03,6.055,6.01,6.03,33869.880353,204550.36841587
1787234400000,2026-08-20T14:00:00Z,6.05,6.07,6.01,6.01,56577.594807,341739.98815324
1787234700000,2026-08-20T14:05:00Z,6,6.05,6,6.04,16046.157249,96615.51741195
1787235000000,2026-08-20T14:10:00Z,6.04,6.07,6.025,6.025,1405,8497.825
1787235300000,2026-08-20T14:15:00Z,6.02,6.04,5.97,5.97,3085,18533.35
1787235600000,2026-08-20T14:20:00Z,5.99,6.03,5.98,6.03,1243,7464.86
1787235900000,2026-08-20T14:25:00Z,6.02,6.05,6.005,6.005,1500,9054.5
1787236200000,2026-08-20T14:30:00Z,6.01,6.015,5.985,5.985,800,4799
1787236500000,2026-08-20T14:35:00Z,5.985,6.065,5.985,6.047,3405,20504.26
1787236800000,2026-08-20T14:40:00Z,6.047,6.065,6.035,6.065,600,3631
1787237100000,2026-08-20T14:45:00Z,6.06,6.065,6.01,6.013,900,5443
1787237400000,2026-08-20T14:50:00Z,6.013,6.032,5.995,5.995,820,4927.7
1787237700000,2026-08-20T14:55:00Z,5.995,6.01,5.99,6.005,699,4194
1787238000000,2026-08-20T15:00:00Z,6.005,6.04,6.005,6.022,1650,9931.5
1787238300000,2026-08-20T15:05:00Z,6.021,6.021,5.966,5.969,1099,6588.16
1787238600000,2026-08-20T15:10:00Z,5.97,6.005,5.94,5.995,7049,41997.05
1787238900000,2026-08-20T15:15:00Z,5.995,6.01,5.97,5.975,1994,11955.56
1787239200000,2026-08-20T15:20:00Z,5.974,5.98,5.95,5.965,1600,9541.5
1787239500000,2026-08-20T15:25:00Z,5.96,5.981,5.96,5.96,18188.153064,108630.56299005
1787239800000,2026-08-20T15:30:00Z,5.965,5.98,5.955,5.98,10848.28507,64721.95355613
1787240100000,2026-08-20T15:35:00Z,5.96,5.96,5.935,5.96,30826.133471,183227.45473828
1787240400000,2026-08-20T15:40:00Z,5.96,5.96,5.94,5.94,17648,105040.896
1787240700000,2026-08-20T15:45:00Z,5.94,5.955,5.935,5.94,15386.782387,91432.87697827
1787241000000,2026-08-20T15:50:00Z,5.94,5.969,5.94,5.94,13482.089469,80248.09293738
1787241300000,2026-08-20T15:55:00Z,5.952,5.97,5.945,5.955,2900,17265
1787241600000,2026-08-20T16:00:00Z,5.955,5.965,5.955,5.955,300,1788
1787241900000,2026-08-20T16:05:00Z,5.955,5.974,5.95,5.965,1400,8347
1787242200000,2026-08-20T16:10:00Z,5.965,5.965,5.95,5.955,956,5692.2
1787242500000,2026-08-20T16:15:00Z,5.955,5.974,5.955,5.974,0,0
1787242800000,2026-08-20T16:20:00Z,5.974,6.014,5.965,6.014,800,4795
1787243100000,2026-08-20T16:25:00Z,6.015,6.018,6.01,6.015,100,601
1787243400000,2026-08-20T16:30:00Z,6.015,6.015,5.98,6.004,2650,15882
1787243700000,2026-08-20T16:35:00Z,6.004,6.015,5.99,6.015,11044.340832,66322.3711302432
1787244000000,2026-08-20T16:40:00Z,6.015,6.035,6.01,6.035,10636.162928,64044.2516412
1787244300000,2026-08-20T16:45:00Z,6.035,6.055,6.03,6.055,13341.672706000001,80642.4065041464060444
1787244600000,2026-08-20T16:50:00Z,6.055,6.07,6.03,6.045,9320.445627,56360.2628847198
1787244900000,2026-08-20T16:55:00Z,6.035,6.055,6.035,6.045,9757.155115,59038.59416984
1787245200000,2026-08-20T17:00:00Z,6.06,6.06,6.03,6.05,11541.386172999999,69780.37494058
1787245500000,2026-08-20T17:05:00Z,6.05,6.053,6.035,6.05,7586.0001,45861.92220456
1787245800000,2026-08-20T17:10:00Z,6.035,6.05,6.035,6.035,8144.8900140000005,49212.23995359
1787246100000,2026-08-20T17:15:00Z,6.035,6.055,6.027,6.03,17405.780957,105064.77501264
1787246400000,2026-08-20T17:20:00Z,6.03,6.045,6.02,6.03,9348.821111000001,56455.66092511
1787246700000,2026-08-20T17:25:00Z,6.03,6.09,6.03,6.09,22528.177948,136378.83084381
1787247000000,2026-08-20T17:30:00Z,6.075,6.085,6.065,6.065,6228.776954999999,37842.3115124069939246
1787247300000,2026-08-20T17:35:00Z,6.07,6.08,6.055,6.061,9438,57249.6942
1787247600000,2026-08-20T17:40:00Z,6.05,6.06,6.04,6.055,10954,66278.709
1787247900000,2026-08-20T17:45:00Z,6.055,6.075,6.045,6.07,7684.385047,46543.3449141649
1787248200000,2026-08-20T17:50:00Z,6.069,6.08,6.06,6.065,8577.437,52094.1433128
1787248500000,2026-08-20T17:55:00Z,6.065,6.07,6.055,6.064,3273.6141049999997,19838.7561991209981819
1787248800000,2026-08-20T18:00:00Z,6.062,6.074,6.055,6.061,6340.826015999999,38416.5285005375939414
1787249100000,2026-08-20T18:05:00Z,6.062,6.064,6.02,6.035,9642.193125,58336.5852835
1787249400000,2026-08-20T18:10:00Z,6.035,6.055,6.032,6.045,6649,40129.215
1787249700000,2026-08-20T18:15:00Z,6.045,6.045,6.026,6.045,1006,6077.77
1787250000000,2026-08-20T18:20:00Z,6.045,6.06,6.04,6.045,2231,13491.92
1787250300000,2026-08-20T18:25:00Z,6.045,6.055,6.04,6.055,8781.47983,53102.486679993
1787250600000,2026-08-20T18:30:00Z,6.055,6.06,6.025,6.04,28291.497452,170795.77011772
1787250900000,2026-08-20T18:35:00Z,6.03,6.045,6.03,6.03,11276.380152,68081.1451677
1787251200000,2026-08-20T18:40:00Z,6.025,6.055,6.02,6.04,13781.068503,83216.98215537
1787251500000,2026-08-20T18:45:00Z,6.055,6.07,6.055,6.065,10211,61902.1453
1787251800000,2026-08-20T18:50:00Z,6.075,6.075,6.045,6.05,15839.563663,95989.33975415
1787252100000,2026-08-20T18:55:00Z,6.045,6.045,6.04,6.04,9590.66128,57975.5474376
1787252400000,2026-08-20T19:00:00Z,6.045,6.055,6.03,6.055,401,2423.03
1787252700000,2026-08-20T19:05:00Z,6.055,6.07,6.055,6.055,1345,8160.15
1787253000000,2026-08-20T19:10:00Z,6.055,6.065,6.055,6.065,2562.10178,15513.5262779
1787253300000,2026-08-20T19:15:00Z,6.065,6.075,6.05,6.065,3380.629,20505.514885
1787253600000,2026-08-20T19:20:00Z,6.065,6.085,6.065,6.075,14544.75,88276.22935
1787253900000,2026-08-20T19:25:00Z,6.075,6.085,6.075,6.075,3813,23167.975
1787254200000,2026-08-20T19:30:00Z,6.075,6.095,6.07,6.085,2365,14383.2
1787254500000,2026-08-20T19:35:00Z,6.085,6.115,6.075,6.105,16302.692,99289.9153568
1787254800000,2026-08-20T19:40:00Z,6.103,6.12,6.095,6.105,24447,149134.574
1787255100000,2026-08-20T19:45:00Z,6.105,6.125,6.085,6.095,51747.96624,315803.903969472
1787255400000,2026-08-20T19:50:00Z,6.095,6.11,6.075,6.087,51761.922915,315410.931266925
1787255700000,2026-08-20T19:55:00Z,6.08,6.12,6.075,6.12,199654.68480299998,1216915.26934277
1787256000000,2026-08-20T20:00:00Z,6.104,6.105,6.104,6.105,295818.840503,1805707.78431436
1787256600000,2026-08-20T20:10:00Z,6.105,6.105,6.105,6.105,6566.657511,40089.44410466
1787256900000,2026-08-20T20:15:00Z,6.105,6.105,6.105,6.105,318,1941.39
1787257200000,2026-08-20T20:20:00Z,6.105,6.105,6.105,6.105,111,677.655
1787257500000,2026-08-20T20:25:00Z,6.105,6.105,6.105,6.105,32,195.36
1787257800000,2026-08-20T20:30:00Z,6.105,6.105,6.105,6.105,40,244.2
1787258100000,2026-08-20T20:35:00Z,6.105,6.105,6.105,6.105,554,3382.17
1787258400000,2026-08-20T20:40:00Z,6.105,6.105,6.105,6.105,10,61.05
1787259000000,2026-08-20T20:50:00Z,6.105,6.105,6.105,6.105,10,61.05
1787259300000,2026-08-20T20:55:00Z,6.105,6.105,6.105,6.105,0,0
1787259900000,2026-08-20T21:05:00Z,6.105,6.105,6.105,6.105,8,48.84
1787260200000,2026-08-20T21:10:00Z,6.105,6.105,6.105,6.105,13,79.365
1787260500000,2026-08-20T21:15:00Z,6.105,6.105,6.105,6.105,105,641.025
1787261100000,2026-08-20T21:25:00Z,6.105,6.105,6.105,6.105,1,6.105
1787261400000,2026-08-20T21:30:00Z,6.105,6.105,6.105,6.105,705,4304.025
1787262000000,2026-08-20T21:40:00Z,6.105,6.105,6.105,6.105,1593,9725.265
1787262300000,2026-08-20T21:45:00Z,6.105,6.105,6.105,6.105,100,610.5
1787262600000,2026-08-20T21:50:00Z,6.105,6.105,6.105,6.105,55,335.775
1787262900000,2026-08-20T21:55:00Z,6.105,6.105,6.105,6.105,50,305.25
1787263200000,2026-08-20T22:00:00Z,6.105,6.105,6.105,6.105,0,0
1787263500000,2026-08-20T22:05:00Z,6.105,6.105,6.105,6.105,1000,6105
1787263800000,2026-08-20T22:10:00Z,6.105,6.105,6.105,6.105,0,0
1787264400000,2026-08-20T22:20:00Z,6.105,6.105,6.105,6.105,891,5439.555
1787264700000,2026-08-20T22:25:00Z,6.105,6.105,6.105,6.105,100,610.5
1787265000000,2026-08-20T22:30:00Z,6.107,6.114,6.107,6.114,20,122.246
1787265300000,2026-08-20T22:35:00Z,6.114,6.115,6.114,6.115,164.112745,1003.38532293
1787265600000,2026-08-20T22:40:00Z,6.115,6.115,6.115,6.115,10,61.15
1787265900000,2026-08-20T22:45:00Z,6.115,6.115,6.115,6.115,150,917.25
1787266200000,2026-08-20T22:50:00Z,6.115,6.115,6.115,6.115,20,122.3
1787266800000,2026-08-20T23:00:00Z,6.115,6.115,6.115,6.115,667,4078.705
1787267700000,2026-08-20T23:15:00Z,6.115,6.115,6.115,6.115,0,0
1787268000000,2026-08-20T23:20:00Z,6.115,6.115,6.115,6.115,0,0
1787268300000,2026-08-20T23:25:00Z,6.115,6.115,6.115,6.115,1,6.115
1787268600000,2026-08-20T23:30:00Z,6.115,6.115,6.115,6.115,1034.623995,6326.72572943
1787269200000,2026-08-20T23:40:00Z,6.115,6.115,6.115,6.115,250,1528.75
1787269800000,2026-08-20T23:50:00Z,6.107,6.107,6.071,6.071,0,0
1787274000000,2026-08-21T01:00:00Z,6.26,6.26,6.26,6.26,50,313
1787274300000,2026-08-21T01:05:00Z,6.17,6.18,6.1,6.17,308,1889.8
1787277000000,2026-08-21T01:50:00Z,6.17,6.17,6.17,6.17,3,18.51
1787277900000,2026-08-21T02:05:00Z,6.18,6.18,6.16,6.16,87,537.06
1787279100000,2026-08-21T02:25:00Z,6.16,6.16,6.16,6.16,1600,9856
1787282400000,2026-08-21T03:20:00Z,6.15,6.15,6.15,6.15,200,1230
1787283900000,2026-08-21T03:45:00Z,6.16,6.16,6.16,6.16,348,2143.68
1787286900000,2026-08-21T04:35:00Z,6.16,6.16,6.16,6.16,5,30.8
1787288100000,2026-08-21T04:55:00Z,6.15,6.15,6.15,6.15,300,1845
1787288400000,2026-08-21T05:00:00Z,6.15,6.15,6.15,6.15,1,6.15
1787295900000,2026-08-21T07:05:00Z,6.17,6.17,6.17,6.17,5,30.85
1787299200000,2026-08-21T08:00:00Z,6.07,6.333,6.07,6.217,550.747163,3443.7669355227
1787299500000,2026-08-21T08:05:00Z,6.216,6.216,6.216,6.216,184,1143.744
1787299800000,2026-08-21T08:10:00Z,6.214,6.214,6.206,6.206,18,111.852
1787300100000,2026-08-21T08:15:00Z,6.206,6.209,6.206,6.209,12,74.478
1787300700000,2026-08-21T08:25:00Z,6.205,6.205,6.186,6.186,309,1916.6652
1787301600000,2026-08-21T08:40:00Z,6.185,6.185,6.185,6.185,15,92.775
1787302200000,2026-08-21T08:50:00Z,6.185,6.185,6.185,6.185,3,18.555
1787302500000,2026-08-21T08:55:00Z,6.185,6.185,6.185,6.185,1,6.185
1787302800000,2026-08-21T09:00:00Z,6.178,6.178,6.147,6.147,186,1149.108
1787303100000,2026-08-21T09:05:00Z,6.146,6.146,6.146,6.146,300,1843.8
1787303400000,2026-08-21T09:10:00Z,6.146,6.146,6.146,6.146,50,307.3
1787303700000,2026-08-21T09:15:00Z,6.146,6.146,6.145,6.145,29,178.205
1787304000000,2026-08-21T09:20:00Z,6.145,6.145,6.145,6.145,60,368.7
1787304300000,2026-08-21T09:25:00Z,6.145,6.145,6.145,6.145,9,55.305
1787304600000,2026-08-21T09:30:00Z,6.145,6.145,6.145,6.145,2,12.29
1787304900000,2026-08-21T09:35:00Z,6.145,6.164,6.145,6.164,1001,6170.164
1787305200000,2026-08-21T09:40:00Z,6.164,6.164,6.164,6.164,2000,12328
1787305800000,2026-08-21T09:50:00Z,6.165,6.165,6.165,6.165,5,30.825
1787306100000,2026-08-21T09:55:00Z,6.167,6.179,6.167,6.179,0,0
1787307000000,2026-08-21T10:10:00Z,6.18,6.18,6.18,6.18,0,0
1787307300000,2026-08-21T10:15:00Z,6.18,6.18,6.18,6.18,0,0
1787308200000,2026-08-21T10:30:00Z,6.185,6.185,6.185,6.185,185,1144.225
1787308500000,2026-08-21T10:35:00Z,6.185,6.185,6.185,6.185,100,618.5
1787309100000,2026-08-21T10:45:00Z,6.18,6.185,6.18,6.18,563,3482.155
1787310000000,2026-08-21T11:00:00Z,6.185,6.209,6.185,6.209,122,754.814
1787310300000,2026-08-21T11:05:00Z,6.21,6.21,6.205,6.205,38,235.8546
1787310600000,2026-08-21T11:10:00Z,6.205,6.205,6.205,6.205,12,74.46
1787311200000,2026-08-21T11:20:00Z,6.202,6.202,6.185,6.185,0,0
1787311500000,2026-08-21T11:25:00Z,6.185,6.208,6.185,6.208,532,3290.42
1787311800000,2026-08-21T11:30:00Z,6.209,6.213,6.209,6.213,105,652.0395
1787312100000,2026-08-21T11:35:00Z,6.214,6.214,6.214,6.214,5,31.07
1787312400000,2026-08-21T11:40:00Z,6.214,6.215,6.212,6.212,117,727.1433
1787312700000,2026-08-21T11:45:00Z,6.211,6.211,6.211,6.211,532,3304.252
1787313300000,2026-08-21T11:55:00Z,6.21,6.21,6.21,6.21,161,999.81
1787313600000,2026-08-21T12:00:00Z,6.21,6.21,6.196,6.196,3300,20479.14
1787313900000,2026-08-21T12:05:00Z,6.195,6.195,6.186,6.186,817,5060.6614
1787314200000,2026-08-21T12:10:00Z,6.185,6.194,6.185,6.194,915,5659.275
1787314500000,2026-08-21T12:15:00Z,6.195,6.195,6.195,6.195,1760,10903.2
1787314800000,2026-08-21T12:20:00Z,6.195,6.195,6.195,6.195,600,3717
1787315100000,2026-08-21T12:25:00Z,6.195,6.195,6.195,6.195,9,55.755
1787315400000,2026-08-21T12:30:00Z,6.195,6.195,6.195,6.195,0,0
1787315700000,2026-08-21T12:35:00Z,6.195,6.195,6.195,6.195,30,185.85
1787316000000,2026-08-21T12:40:00Z,6.195,6.195,6.195,6.195,0,0
1787316300000,2026-08-21T12:45:00Z,6.195,6.195,6.195,6.195,4762,29500.59
1787316600000,2026-08-21T12:50:00Z,6.195,6.195,6.195,6.195,50,309.75
1787316900000,2026-08-21T12:55:00Z,6.195,6.195,6.195,6.195,218,1350.51
1787317200000,2026-08-21T13:00:00Z,6.195,6.195,6.195,6.195,35,216.825
1787317800000,2026-08-21T13:10:00Z,6.195,6.195,6.195,6.195,6,37.17
1787318100000,2026-08-21T13:15:00Z,6.195,6.195,6.195,6.195,1241,7687.995
1787318400000,2026-08-21T13:20:00Z,6.195,6.195,6.16,6.184,6818,42061.6056
1787318700000,2026-08-21T13:25:00Z,6.185,6.185,6.185,6.185,45,278.325
1787319000000,2026-08-21T13:30:00Z,6.21,6.28,6.179,6.25,97686.95743,606215.95172335
1787319300000,2026-08-21T13:35:00Z,6.21,6.272,6.2,6.21,22292.626910000003,139117.13823186
1787319600000,2026-08-21T13:40:00Z,6.27,6.272,6.233,6.27,12622.966938000001,78906.16632944
1787319900000,2026-08-21T13:45:00Z,6.235,6.293,6.23,6.293,10714,66893.9304
1787320200000,2026-08-21T13:50:00Z,6.295,6.3,6.23,6.25,73651.75851,461341.1136833158
1787320500000,2026-08-21T13:55:00Z,6.27,6.311,6.25,6.29,21314.703543999996,133890.44178199
1787320800000,2026-08-21T14:00:00Z,6.21,6.273,6.2,6.2,19340.877418000004,120878.54977476
1787321100000,2026-08-21T14:05:00Z,6.23,6.24,6.18,6.18,17632.29116,109552.95143531
1787321400000,2026-08-21T14:10:00Z,6.19,6.21,6.106,6.11,28969.398446,178471.77300627
1787321700000,2026-08-21T14:15:00Z,6.08,6.119,6.045,6.045,29919.950253000003,182110.76920991
1787322000000,2026-08-21T14:20:00Z,6.05,6.094,6.05,6.075,24310.733025,147551.56302194
1787322300000,2026-08-21T14:25:00Z,6.13,6.138,6.075,6.075,24979.85585,152566.96758946
1787322600000,2026-08-21T14:30:00Z,6.095,6.11,6.08,6.08,11553.764961,70428.28507277
1787322900000,2026-08-21T14:35:00Z,6.075,6.09,6.05,6.08,36304.944253,220458.14348192
1787323200000,2026-08-21T14:40:00Z,6.067,6.095,6.053,6.083,22517,136615.6707
1787323500000,2026-08-21T14:45:00Z,6.084,6.141,6.084,6.141,5436.341377000001,33205.7049600275061075
1787323800000,2026-08-21T14:50:00Z,6.14,6.149,6.097,6.097,7308.77373,44891.892636525
1787324100000,2026-08-21T14:55:00Z,6.096,6.125,6.095,6.125,4584,27999.6708
1787324400000,2026-08-21T15:00:00Z,6.125,6.135,6.1,6.115,20930.2621,127994.83182013
1787324700000,2026-08-21T15:05:00Z,6.115,6.145,6.11,6.136,4307,26362.7404
1787325000000,2026-08-21T15:10:00Z,6.135,6.172,6.135,6.145,3980,24462.316
1787325300000,2026-08-21T15:15:00Z,6.135,6.155,6.12,6.12,15458.27009,94919.96166064
1787325600000,2026-08-21T15:20:00Z,6.135,6.135,6.105,6.115,11008.65217,67448.91098037
1787325900000,2026-08-21T15:25:00Z,6.115,6.136,6.115,6.13,7869.4519,48194.88427117
1787326200000,2026-08-21T15:30:00Z,6.12,6.138,6.115,6.115,27173.404248,166312.10335946
1787326500000,2026-08-21T15:35:00Z,6.13,6.175,6.13,6.15,27680.690784000002,170167.04659464
1787326800000,2026-08-21T15:40:00Z,6.17,6.202,6.17,6.2,17287.294638,106972.05049048
1787327100000,2026-08-21T15:45:00Z,6.184,6.185,6.182,6.185,12650.410893,78242.79137321
1787327400000,2026-08-21T15:50:00Z,6.185,6.214,6.185,6.199,5599,34697.4833
1787327700000,2026-08-21T15:55:00Z,6.2,6.205,6.18,6.185,1907.5533,11829.80520518
1787328000000,2026-08-21T16:00:00Z,6.185,6.215,6.18,6.195,26634.218679999998,165278.8308624759875886
1787328300000,2026-08-21T16:05:00Z,6.195,6.195,6.15,6.165,6166,38124.8888
1787328600000,2026-08-21T16:10:00Z,6.165,6.19,6.165,6.175,5067.407492,31276.3695329036
1787328900000,2026-08-21T16:15:00Z,6.175,6.185,6.165,6.185,11385.67948,70296.323677468
1787329200000,2026-08-21T16:20:00Z,6.185,6.203,6.17,6.176,8383,51869.6483
1787329500000,2026-08-21T16:25:00Z,6.185,6.2,6.178,6.195,8502.888298999998,52612.47163889
1787329800000,2026-08-21T16:30:00Z,6.185,6.19,6.175,6.19,20327.5731,125600.00867028
1787330100000,2026-08-21T16:35:00Z,6.18,6.195,6.18,6.18,9794.535037,60650.69930962
1787330400000,2026-08-21T16:40:00Z,6.18,6.195,6.18,6.18,8799,54438.5331
1787330700000,2026-08-21T16:45:00Z,6.18,6.185,6.175,6.175,7590,46896.333
1787331000000,2026-08-21T16:50:00Z,6.165,6.175,6.165,6.165,7195.178519,44412.23940853
1787331300000,2026-08-21T16:55:00Z,6.15,6.165,6.15,6.16,13653.2206,84064.24455626
1787331600000,2026-08-21T17:00:00Z,6.165,6.2,6.165,6.185,4299.652754,26512.5188117148
1787331900000,2026-08-21T17:05:00Z,6.185,6.215,6.18,6.192,10687,66322.1525
1787332200000,2026-08-21T17:10:00Z,6.191,6.2,6.191,6.195,6643.507882,41154.82582899
1787332500000,2026-08-21T17:15:00Z,6.195,6.2,6.195,6.196,5039,31216.605
1787332800000,2026-08-21T17:20:00Z,6.195,6.195,6.17,6.185,4327,26778.4409
1787333100000,2026-08-21T17:25:00Z,6.183,6.185,6.17,6.185,4941,30538.3446
1787333400000,2026-08-21T17:30:00Z,6.185,6.205,6.185,6.195,6577.494956,40706.477535206
1787333700000,2026-08-21T17:35:00Z,6.195,6.205,6.19,6.195,11323.984103,70192.7789198558
1787334000000,2026-08-21T17:40:00Z,6.195,6.198,6.187,6.195,7150,44281.5892
1787334300000,2026-08-21T17:45:00Z,6.185,6.214,6.185,6.21,15102.4797,93600.63843669
1787334600000,2026-08-21T17:50:00Z,6.22,6.22,6.195,6.2,6363.401828999999,39482.9993284
1787334900000,2026-08-21T17:55:00Z,6.19,6.2,6.182,6.2,9934.761944,61504.12424292
1787335200000,2026-08-21T18:00:00Z,6.19,6.205,6.185,6.19,7869,48772.062
1787335500000,2026-08-21T18:05:00Z,6.185,6.199,6.185,6.185,13524.172,83783.5979572
1787335800000,2026-08-21T18:10:00Z,6.19,6.2,6.185,6.195,8046.3222000000005,49805.12515356
1787336100000,2026-08-21T18:15:00Z,6.18,6.205,6.18,6.19,9139,56589.6019
1787336400000,2026-08-21T18:20:00Z,6.205,6.22,6.2,6.218,10077.177634,62600.675960256
1787336700000,2026-08-21T18:25:00Z,6.22,6.223,6.2,6.205,11824,73437.9932
1787337000000,2026-08-21T18:30:00Z,6.205,6.205,6.175,6.185,11558.662627,71571.2465851721
1787337300000,2026-08-21T18:35:00Z,6.185,6.195,6.16,6.185,14079.845593,87014.2934720958
1787337600000,2026-08-21T18:40:00Z,6.185,6.195,6.18,6.195,6583,40755.2295
1787337900000,2026-08-21T18:45:00Z,6.195,6.214,6.195,6.205,4441,27527.5385
1787338200000,2026-08-21T18:50:00Z,6.2,6.205,6.185,6.195,10284,63749.9262
1787338500000,2026-08-21T18:55:00Z,6.2,6.2,6.185,6.2,10580,65466.924
1787338800000,2026-08-21T19:00:00Z,6.215,6.215,6.185,6.215,18059,111882.7286
1787339100000,2026-08-21T19:05:00Z,6.22,6.22,6.195,6.21,15203.941942000001,94313.09265461
1787339400000,2026-08-21T19:10:00Z,6.195,6.205,6.195,6.205,8761.30775,54321.86031155
1787339700000,2026-08-21T19:15:00Z,6.18,6.215,6.18,6.21,23401.682503,145104.4725281
1787340000000,2026-08-21T19:20:00Z,6.2,6.22,6.2,6.2,10021.095736,62258.06147905
1787340300000,2026-08-21T19:25:00Z,6.2,6.225,6.2,6.225,13087,81305.6049
1787340600000,2026-08-21T19:30:00Z,6.215,6.27,6.208,6.253,35115.995955,218584.0668218975
1787340900000,2026-08-21T19:35:00Z,6.255,6.265,6.245,6.245,9354.20385,58567.605725235
1787341200000,2026-08-21T19:40:00Z,6.245,6.25,6.225,6.235,57961.0352,361381.99467904
1787341500000,2026-08-21T19:45:00Z,6.235,6.255,6.225,6.23,19169.404,119591.2679428
1787341800000,2026-08-21T19:50:00Z,6.235,6.245,6.215,6.225,24381.811547,151947.9429797493
1787342100000,2026-08-21T19:55:00Z,6.225,6.23,6.18,6.194,31883,198285.0705
1787342400000,2026-08-21T20:00:00Z,6.195,6.195,6.195,6.195,0,0
1787342700000,2026-08-21T20:05:00Z,6.195,6.195,6.195,6.195,0,0
1787343000000,2026-08-21T20:10:00Z,6.195,6.233,6.195,6.233,3.539317,21.93314745
1787343300000,2026-08-21T20:15:00Z,6.234,6.234,6.234,6.234,2,12.468
1787343600000,2026-08-21T20:20:00Z,6.234,6.235,6.234,6.235,21,130.914
1787343900000,2026-08-21T20:25:00Z,6.235,6.235,6.235,6.235,15000,93525
1787344200000,2026-08-21T20:30:00Z,6.235,6.235,6.235,6.235,1593,9932.355
1787344800000,2026-08-21T20:40:00Z,6.235,6.235,6.235,6.235,2,12.47
1787345100000,2026-08-21T20:45:00Z,6.235,6.235,6.235,6.235,30,187.05
1787345400000,2026-08-21T20:50:00Z,6.235,6.235,6.235,6.235,122,760.67
1787345700000,2026-08-21T20:55:00Z,6.235,6.235,6.235,6.235,24,149.64
1787346000000,2026-08-21T21:00:00Z,6.235,6.235,6.235,6.235,28,174.58
1787346300000,2026-08-21T21:05:00Z,6.235,6.235,6.235,6.235,11,68.585
1787346600000,2026-08-21T21:10:00Z,6.235,6.235,6.227,6.227,0,0
1787346900000,2026-08-21T21:15:00Z,6.226,6.226,6.226,6.226,0,0
1787347800000,2026-08-21T21:30:00Z,6.225,6.225,6.225,6.225,9,56.025
1787348400000,2026-08-21T21:40:00Z,6.225,6.225,6.225,6.225,40,249
1787348700000,2026-08-21T21:45:00Z,6.225,6.225,6.225,6.225,44,273.9
1787349000000,2026-08-21T21:50:00Z,6.225,6.225,6.225,6.225,3,18.675
1787349600000,2026-08-21T22:00:00Z,6.225,6.225,6.225,6.225,177,1101.825
1787349900000,2026-08-21T22:05:00Z,6.225,6.225,6.225,6.225,290,1805.25
1787350200000,2026-08-21T22:10:00Z,6.225,6.225,6.225,6.225,178,1108.05
1787350800000,2026-08-21T22:20:00Z,6.231,6.325,6.231,6.325,1,6.231
1787351400000,2026-08-21T22:30:00Z,6.325,6.325,6.261,6.261,1,6.325
1787351700000,2026-08-21T22:35:00Z,6.26,6.26,6.26,6.26,147,920.22
1787352000000,2026-08-21T22:40:00Z,6.26,6.325,6.26,6.264,11,69.1845
1787352300000,2026-08-21T22:45:00Z,6.262,6.262,6.26,6.26,0,0
1787352600000,2026-08-21T22:50:00Z,6.26,6.26,6.26,6.26,15,93.9
1787352900000,2026-08-21T22:55:00Z,6.252,6.252,6.211,6.211,513,3189.321
1787353200000,2026-08-21T23:00:00Z,6.218,6.259,6.218,6.259,45,279.81
1787354100000,2026-08-21T23:15:00Z,6.26,6.26,6.26,6.26,68,425.68
1787354400000,2026-08-21T23:20:00Z,6.262,6.274,6.261,6.261,5,31.36
1787354700000,2026-08-21T23:25:00Z,6.26,6.329,6.207,6.224,175,1095.78
1787355000000,2026-08-21T23:30:00Z,6.224,6.225,6.224,6.225,31.77689,197.78889643
1787355300000,2026-08-21T23:35:00Z,6.225,6.225,6.225,6.225,0,0
1787355900000,2026-08-21T23:45:00Z,6.225,6.23,6.225,6.23,2,12.45
1787356200000,2026-08-21T23:50:00Z,6.23,6.23,6.23,6.23,10,62.3
1787356500000,2026-08-21T23:55:00Z,6.232,6.234,6.232,6.234,0,0
1787531100000,2026-08-24T00:25:00Z,6.26,6.26,6.22,6.22,1100,6848.34
1787531700000,2026-08-24T00:35:00Z,6.22,6.22,6.22,6.22,12,74.64
1787536800000,2026-08-24T02:00:00Z,6.21,6.21,6.21,6.21,188,1167.48
1787544000000,2026-08-24T04:00:00Z,6.21,6.21,6.21,6.21,363,2254.23
1787544300000,2026-08-24T04:05:00Z,6.21,6.21,6.21,6.21,88,546.48
1787547900000,2026-08-24T05:05:00Z,6.17,6.17,6.17,6.17,30,185.1
1787551200000,2026-08-24T06:00:00Z,6.18,6.18,6.18,6.18,58,358.44
1787551800000,2026-08-24T06:10:00Z,6.18,6.18,6.18,6.18,1,6.18
1787558400000,2026-08-24T08:00:00Z,6.234,6.264,6.234,6.245,2442,15238.08
1787558700000,2026-08-24T08:05:00Z,6.238,6.238,6.201,6.201,12600,78598.8
1787559000000,2026-08-24T08:10:00Z,6.201,6.201,6.201,6.201,25,155.025
1787559600000,2026-08-24T08:20:00Z,6.2,6.2,6.2,6.2,0,0
1787560800000,2026-08-24T08:40:00Z,6.2,6.2,6.2,6.2,0,0
1787561100000,2026-08-24T08:45:00Z,6.2,6.2,6.2,6.2,0,0
1787562000000,2026-08-24T09:00:00Z,6.194,6.194,6.167,6.167,5,30.97
1787563500000,2026-08-24T09:25:00Z,6.166,6.166,6.166,6.166,48,295.968
1787564100000,2026-08-24T09:35:00Z,6.166,6.166,6.165,6.165,50,308.3
1787565900000,2026-08-24T10:05:00Z,6.165,6.165,6.165,6.165,82,505.53
1787566800000,2026-08-24T10:20:00Z,6.165,6.165,6.165,6.165,70,431.55
1787567100000,2026-08-24T10:25:00Z,6.165,6.165,6.165,6.165,500,3082.5
1787567700000,2026-08-24T10:35:00Z,6.165,6.165,6.165,6.165,1,6.165
1787568600000,2026-08-24T10:50:00Z,6.164,6.164,6.122,6.122,644.532303,3962.58459884
1787569200000,2026-08-24T11:00:00Z,6.121,6.121,6.076,6.076,1403,8586.9212
1787569500000,2026-08-24T11:05:00Z,6.076,6.076,6.075,6.075,0,0
1787569800000,2026-08-24T11:10:00Z,6.075,6.075,6.071,6.071,47,285.525
1787570100000,2026-08-24T11:15:00Z,6.069,6.069,6.061,6.061,0,0
1787570400000,2026-08-24T11:20:00Z,6.061,6.061,6.06,6.06,200,1212.2
1787570700000,2026-08-24T11:25:00Z,6.07,6.119,6.07,6.119,54,327.9744
1787571300000,2026-08-24T11:35:00Z,6.12,6.12,6.12,6.12,121,740.52
1787571900000,2026-08-24T11:45:00Z,6.12,6.12,6.12,6.12,79,483.48
1787572200000,2026-08-24T11:50:00Z,6.12,6.12,6.12,6.12,56,342.72
1787572500000,2026-08-24T11:55:00Z,6.12,6.12,6.12,6.12,25,153
1787572800000,2026-08-24T12:00:00Z,6.12,6.12,6.12,6.12,950,5814
1787573100000,2026-08-24T12:05:00Z,6.12,6.12,6.12,6.12,102,624.24
1787573400000,2026-08-24T12:10:00Z,6.108,6.118,6.045,6.118,185,1124.985
1787573700000,2026-08-24T12:15:00Z,6.119,6.119,6.045,6.045,1116.543057,6762.0080618
1787574000000,2026-08-24T12:20:00Z,6.045,6.045,6.045,6.045,0,0
1787574600000,2026-08-24T12:30:00Z,6.045,6.083,6.045,6.083,2,12.097
1787574900000,2026-08-24T12:35:00Z,6.085,6.085,6.085,6.085,1,6.085
1787575200000,2026-08-24T12:40:00Z,6.085,6.085,6.085,6.085,241.377636,1468.78291506
1787575500000,2026-08-24T12:45:00Z,6.085,6.085,6.085,6.085,74,450.29
1787575800000,2026-08-24T12:50:00Z,6.085,6.085,6.085,6.085,30,182.55
1787576100000,2026-08-24T12:55:00Z,6.081,6.081,6.061,6.061,370,2242.57
1787576400000,2026-08-24T13:00:00Z,6.06,6.06,6.06,6.06,55,333.3
1787576700000,2026-08-24T13:05:00Z,6.06,6.06,6.06,6.06,2501,15156.06
1787577000000,2026-08-24T13:10:00Z,6.06,6.06,6.06,6.06,484,2933.04
1787577300000,2026-08-24T13:15:00Z,6.06,6.06,6.06,6.06,2544,15416.64
1787577600000,2026-08-24T13:20:00Z,6.06,6.06,6.06,6.06,478,2896.68
1787577900000,2026-08-24T13:25:00Z,6.06,6.06,6.001,6.001,746,4520.76
1787578200000,2026-08-24T13:30:00Z,6,6,5.92,5.93,94730.578823,566657.4694613037
1787578500000,2026-08-24T13:35:00Z,5.934,5.934,5.835,5.877,54258.533414,319964.192941625
1787578800000,2026-08-24T13:40:00Z,5.879,5.893,5.85,5.856,29495.073925000002,173068.4630940766117388
1787579100000,2026-08-24T13:45:00Z,5.855,5.909,5.832,5.869,6500.938248,38067.1548446248
1787579400000,2026-08-24T13:50:00Z,5.875,5.875,5.816,5.83,39620.346433,231458.10182694
1787579700000,2026-08-24T13:55:00Z,5.85,5.887,5.835,5.88,13356.866826,78249.86861344
1787580000000,2026-08-24T14:00:00Z,5.86,5.877,5.79,5.79,33690.83702299999,196276.07832859
1787580300000,2026-08-24T14:05:00Z,5.805,5.82,5.79,5.81,18732.644967,108840.41378726
1787580600000,2026-08-24T14:10:00Z,5.825,5.835,5.82,5.83,14652.474092,85377.03603927
1787580900000,2026-08-24T14:15:00Z,5.82,5.825,5.805,5.81,18321.245248,106528.8804945
1787581200000,2026-08-24T14:20:00Z,5.82,5.825,5.805,5.81,29235.903765000003,169883.98959766
1787581500000,2026-08-24T14:25:00Z,5.81,5.835,5.81,5.815,19318.69975,112521.76669388
1787581800000,2026-08-24T14:30:00Z,5.84,5.885,5.827,5.88,18589.430566,108857.84645144
1787582100000,2026-08-24T14:35:00Z,5.883,5.89,5.86,5.863,12922.5626599999998,75894.6414807379988251
1787582400000,2026-08-24T14:40:00Z,5.861,5.861,5.825,5.843,10586,61965.5001
1787582700000,2026-08-24T14:45:00Z,5.841,5.845,5.809,5.834,5827.115094000001,33966.6926900952058308
1787583000000,2026-08-24T14:50:00Z,5.835,5.852,5.825,5.85,17172.212526,100271.98338182
1787583300000,2026-08-24T14:55:00Z,5.86,5.86,5.833,5.85,7841.306187,45836.35531611
1787583600000,2026-08-24T15:00:00Z,5.815,5.835,5.805,5.83,17121.977791,99536.9056902
1787583900000,2026-08-24T15:05:00Z,5.815,5.825,5.81,5.81,16252.805699,94604.33141274
1787584200000,2026-08-24T15:10:00Z,5.81,5.815,5.78,5.78,27805.231957,161417.71307997
1787584500000,2026-08-24T15:15:00Z,5.79,5.809,5.785,5.79,19266.086966,111700.91901147
1787584800000,2026-08-24T15:20:00Z,5.79,5.824,5.79,5.81,9519.91492,55294.52182984
1787585100000,2026-08-24T15:25:00Z,5.824,5.846,5.81,5.835,9347.879898,54496.5319685152
1787585400000,2026-08-24T15:30:00Z,5.835,5.855,5.815,5.835,6558.123287,38258.7480070432
1787585700000,2026-08-24T15:35:00Z,5.825,5.87,5.825,5.845,17824.5521,104119.55988888
1787586000000,2026-08-24T15:40:00Z,5.845,5.87,5.825,5.829,18579.523918,108706.6833198836
1787586300000,2026-08-24T15:45:00Z,5.83,5.875,5.83,5.845,14985.273648,87587.4259451952
1787586600000,2026-08-24T15:50:00Z,5.845,5.845,5.825,5.835,4489,26220.566
1787586900000,2026-08-24T15:55:00Z,5.835,5.835,5.79,5.805,6141.74055,35747.38669722
1787587200000,2026-08-24T16:00:00Z,5.805,5.82,5.785,5.8,13278.299819,77078.535449295
1787587500000,2026-08-24T16:05:00Z,5.8,5.814,5.79,5.8,4534.289489,26303.9225316442
1787587800000,2026-08-24T16:10:00Z,5.803,5.81,5.79,5.795,7768.1227610000005,45073.3536224937029009
1787588100000,2026-08-24T16:15:00Z,5.82,5.82,5.795,5.8,9064.75375,52665.31281213
1787588400000,2026-08-24T16:20:00Z,5.805,5.83,5.805,5.825,11699.847919,68082.58502545
1787588700000,2026-08-24T16:25:00Z,5.815,5.815,5.805,5.81,10717.664646,62273.91865912
1787589000000,2026-08-24T16:30:00Z,5.78,5.805,5.775,5.78,25712.389723,148861.88030131
1787589300000,2026-08-24T16:35:00Z,5.78,5.805,5.775,5.8,12814.811337,74147.77987702
1787589600000,2026-08-24T16:40:00Z,5.78,5.805,5.78,5.78,4048.8,23468.8692
1787589900000,2026-08-24T16:45:00Z,5.795,5.81,5.78,5.805,2106,12209.655
1787590200000,2026-08-24T16:50:00Z,5.805,5.805,5.79,5.805,4287.4259299999999,24857.0858125339994196
1787590500000,2026-08-24T16:55:00Z,5.805,5.815,5.795,5.808,4143.995009,24064.3834167639
1787590800000,2026-08-24T17:00:00Z,5.807,5.807,5.78,5.795,7849.29024,45528.443108096
1787591100000,2026-08-24T17:05:00Z,5.795,5.804,5.795,5.795,8381.490476,48607.6301022284
1787591400000,2026-08-24T17:10:00Z,5.795,5.795,5.785,5.785,8686.745226,50272.99262011
1787591700000,2026-08-24T17:15:00Z,5.785,5.785,5.775,5.785,2930.3634469999997,16946.5848503456982651
1787592000000,2026-08-24T17:20:00Z,5.765,5.785,5.75,5.76,53100.123123,306191.23996415
1787592300000,2026-08-24T17:25:00Z,5.76,5.775,5.76,5.77,26656.110953000003,153803.09458771
1787592600000,2026-08-24T17:30:00Z,5.765,5.795,5.765,5.79,38551.009806999995,222820.98158348
1787592900000,2026-08-24T17:35:00Z,5.79,5.79,5.775,5.79,6368.789075000001,36819.8802793
1787593200000,2026-08-24T17:40:00Z,5.78,5.785,5.76,5.76,9615,55576.623
1787593500000,2026-08-24T17:45:00Z,5.775,5.775,5.76,5.775,4218.868022000001,24336.2782981048057684
1787593800000,2026-08-24T17:50:00Z,5.775,5.775,5.755,5.765,12496.178140000001,72004.7867119992057665
1787594100000,2026-08-24T17:55:00Z,5.77,5.78,5.745,5.765,24790.397608,142911.9751715552
1787594400000,2026-08-24T18:00:00Z,5.765,5.78,5.76,5.775,11659.866405,67249.445477478
1787594700000,2026-08-24T18:05:00Z,5.775,5.8,5.775,5.79,10169,58842.036
1787595000000,2026-08-24T18:10:00Z,5.792,5.805,5.792,5.805,2140.825778,12405.6772183544
1787595300000,2026-08-24T18:15:00Z,5.805,5.815,5.795,5.803,7423,43117.2378
1787595600000,2026-08-24T18:20:00Z,5.804,5.825,5.804,5.825,7109,41315.577
1787595900000,2026-08-24T18:25:00Z,5.825,5.83,5.815,5.815,3786.8463,22052.34942805
1787596200000,2026-08-24T18:30:00Z,5.815,5.83,5.808,5.825,2745.7733550000003,15970.8870593250017445
1787596500000,2026-08-24T18:35:00Z,5.825,5.825,5.805,5.805,8703.588,50652.0530236
1787596800000,2026-08-24T18:40:00Z,5.805,5.815,5.8,5.8,18752.158666,108908.78710039
1787597100000,2026-08-24T18:45:00Z,5.81,5.815,5.805,5.81,22493,130594.358
1787597400000,2026-08-24T18:50:00Z,5.81,5.825,5.795,5.825,25307,146927.3806
1787597700000,2026-08-24T18:55:00Z,5.805,5.805,5.795,5.805,11965.224736,69381.55215417
1787598000000,2026-08-24T19:00:00Z,5.805,5.805,5.785,5.805,12739.445195,73757.56584549
1787598300000,2026-08-24T19:05:00Z,5.795,5.805,5.787,5.805,7664.270301,44414.946394295
1787598600000,2026-08-24T19:10:00Z,5.805,5.815,5.8,5.815,20876.272522,121253.4961766808
1787598900000,2026-08-24T19:15:00Z,5.815,5.815,5.795,5.795,8547.229111,49624.151389355
1787599200000,2026-08-24T19:20:00Z,5.805,5.815,5.8,5.805,13168.722652,76499.9007678988
1787599500000,2026-08-24T19:25:00Z,5.805,5.83,5.8,5.815,10627,61697.7604
1787599800000,2026-08-24T19:30:00Z,5.815,5.84,5.8,5.815,17377,101140.2216
1787600100000,2026-08-24T19:35:00Z,5.815,5.815,5.79,5.805,21042.353607000001,122020.8316411101058043
1787600400000,2026-08-24T19:40:00Z,5.79,5.82,5.785,5.81,24849,144345.85
1787600700000,2026-08-24T19:45:00Z,5.81,5.825,5.81,5.825,20141.245,117119.3255505
1787601000000,2026-08-24T19:50:00Z,5.805,5.825,5.795,5.825,55756.432471,324011.78037548
1787601300000,2026-08-24T19:55:00Z,5.81,5.83,5.78,5.78,113974.57465200001,661850.35500416
1787601600000,2026-08-24T20:00:00Z,5.805,5.805,5.805,5.805,249428.457675,1447932.196803375
1787601900000,2026-08-24T20:05:00Z,5.805,5.805,5.805,5.805,2,11.61
1787602200000,2026-08-24T20:10:00Z,5.805,5.839,5.805,5.839,218.788469,1271.7513145121
1787602800000,2026-08-24T20:20:00Z,5.84,5.854,5.84,5.841,407,2376.88
1787603100000,2026-08-24T20:25:00Z,5.84,5.84,5.786,5.786,0,0
1787603700000,2026-08-24T20:35:00Z,5.785,5.785,5.785,5.785,0,0
1787604000000,2026-08-24T20:40:00Z,5.785,5.785,5.785,5.785,0,0
1787604300000,2026-08-24T20:45:00Z,5.785,5.785,5.785,5.785,101,584.285
1787605200000,2026-08-24T21:00:00Z,5.792,5.823,5.792,5.823,0,0
1787605800000,2026-08-24T21:10:00Z,5.825,5.834,5.825,5.834,115,670.91
1787607000000,2026-08-24T21:30:00Z,5.835,5.835,5.835,5.835,4,23.34
1787607300000,2026-08-24T21:35:00Z,5.835,5.835,5.835,5.835,100,583.5
1787607900000,2026-08-24T21:45:00Z,5.835,5.835,5.835,5.835,5,29.175
1787608200000,2026-08-24T21:50:00Z,5.835,5.835,5.835,5.835,100,583.5
1787608500000,2026-08-24T21:55:00Z,5.835,5.835,5.835,5.835,45,262.575
1787609100000,2026-08-24T22:05:00Z,5.835,5.835,5.835,5.835,405,2363.175
1787609400000,2026-08-24T22:10:00Z,5.837,5.849,5.837,5.849,0,0
1787610000000,2026-08-24T22:20:00Z,5.85,5.85,5.85,5.85,140,819
1787610300000,2026-08-24T22:25:00Z,5.85,5.85,5.85,5.85,112,655.2
1787610600000,2026-08-24T22:30:00Z,5.85,5.85,5.85,5.85,16,93.6
1787610900000,2026-08-24T22:35:00Z,5.85,5.85,5.85,5.85,100,585
1787611500000,2026-08-24T22:45:00Z,5.85,5.85,5.85,5.85,10,58.5
1787612100000,2026-08-24T22:55:00Z,5.85,5.85,5.85,5.85,34,198.9
1787612400000,2026-08-24T23:00:00Z,5.85,5.85,5.85,5.85,0,0
1787613300000,2026-08-24T23:15:00Z,5.85,5.85,5.85,5.85,3,17.55
1787613600000,2026-08-24T23:20:00Z,5.85,5.85,5.85,5.85,0,0
1787613900000,2026-08-24T23:25:00Z,5.85,5.85,5.85,5.85,38,222.3
1787614200000,2026-08-24T23:30:00Z,5.85,5.85,5.85,5.85,4.854162,28.3968477
1787614800000,2026-08-24T23:40:00Z,5.846,5.846,5.826,5.826,763,4448.8241
1787615100000,2026-08-24T23:45:00Z,5.826,5.826,5.826,5.826,5,29.13
1787615400000,2026-08-24T23:50:00Z,5.825,5.858,5.825,5.858,20,116.512
1787615700000,2026-08-24T23:55:00Z,5.859,5.859,5.859,5.859,100,585.9
1787616000000,2026-08-25T00:00:00Z,5.93,5.93,5.93,5.93,21,124.53
1787616600000,2026-08-25T00:10:00Z,5.85,5.85,5.85,5.85,3,17.55
1787617200000,2026-08-25T00:20:00Z,5.87,5.87,5.8,5.81,23,133.64
1787617500000,2026-08-25T00:25:00Z,5.81,5.81,5.81,5.81,1,5.81
1787618700000,2026-08-25T00:45:00Z,5.81,5.81,5.81,5.81,2,11.62
1787619600000,2026-08-25T01:00:00Z,5.81,5.81,5.81,5.81,50,290.5
1787621100000,2026-08-25T01:25:00Z,5.81,5.81,5.81,5.81,1,5.81
1787621400000,2026-08-25T01:30:00Z,5.81,5.81,5.81,5.81,1,5.81
1787622300000,2026-08-25T01:45:00Z,5.81,5.81,5.81,5.81,4,23.24
1787623500000,2026-08-25T02:05:00Z,5.79,5.81,5.79,5.81,123,714.53
1787625000000,2026-08-25T02:30:00Z,5.81,5.81,5.81,5.81,101,586.81
1787630400000,2026-08-25T04:00:00Z,5.89,5.89,5.89,5.89,2,11.78
1787632800000,2026-08-25T04:40:00Z,5.87,5.87,5.87,5.87,18,105.66
1787635200000,2026-08-25T05:20:00Z,5.81,5.81,5.81,5.81,2,11.62
1787637300000,2026-08-25T05:55:00Z,5.9,5.91,5.9,5.9,1403,8278.73
1787644800000,2026-08-25T08:00:00Z,5.859,6,5.859,6,0,0
1787646000000,2026-08-25T08:20:00Z,5.983,5.999,5.902,5.999,137,817.6982
1787646300000,2026-08-25T08:25:00Z,5.999,6,5.999,6,377.67598,2266.05588
1787646600000,2026-08-25T08:30:00Z,6,6,6,6,48,288
1787646900000,2026-08-25T08:35:00Z,6,6,6,6,26,156
1787647200000,2026-08-25T08:40:00Z,6,6,6,6,1,6
1787647500000,2026-08-25T08:45:00Z,6,6,6,6,0,0
1787649600000,2026-08-25T09:20:00Z,6,6,6,6,0,0
1787650200000,2026-08-25T09:30:00Z,6,6,6,6,209.00213,1254.01278
1787650500000,2026-08-25T09:35:00Z,5.992,5.992,5.952,5.952,0,0
1787650800000,2026-08-25T09:40:00Z,5.959,5.998,5.959,5.998,110.576639,659.30215237
1787651100000,2026-08-25T09:45:00Z,5.999,5.999,5.999,5.999,40,239.96
1787651400000,2026-08-25T09:50:00Z,6,6,6,6,400,2400
1787652300000,2026-08-25T10:05:00Z,6,6,6,6,824,4944
1787652600000,2026-08-25T10:10:00Z,6,6,6,6,1,6
1787652900000,2026-08-25T10:15:00Z,6,6,6,6,43,258
1787653200000,2026-08-25T10:20:00Z,6,6,6,6,0,0
1787653500000,2026-08-25T10:25:00Z,6,6,6,6,0,0
1787653800000,2026-08-25T10:30:00Z,6,6,6,6,0,0
1787654400000,2026-08-25T10:40:00Z,6,6,6,6,10,60
1787654700000,2026-08-25T10:45:00Z,6,6,6,6,403.801627,2422.809762
1787655000000,2026-08-25T10:50:00Z,6,6,6,6,25,150
1787655300000,2026-08-25T10:55:00Z,6,6,6,6,400,2400
1787655600000,2026-08-25T11:00:00Z,6,6,6,6,892,5352
1787655900000,2026-08-25T11:05:00Z,6,6,6,6,693,4158
1787656200000,2026-08-25T11:10:00Z,6,6,6,6,1815,10890
1787656500000,2026-08-25T11:15:00Z,6,6,5.952,5.952,79,473.8736
1787656800000,2026-08-25T11:20:00Z,5.951,5.951,5.951,5.951,11,65.461
1787657100000,2026-08-25T11:25:00Z,5.95,5.95,5.95,5.95,32,190.4
1787657400000,2026-08-25T11:30:00Z,5.95,5.95,5.95,5.95,1,5.95
1787658000000,2026-08-25T11:40:00Z,5.95,5.95,5.95,5.95,0,0
1787658300000,2026-08-25T11:45:00Z,5.95,5.95,5.95,5.95,0,0
1787658600000,2026-08-25T11:50:00Z,5.95,5.95,5.95,5.95,297,1767.15
1787658900000,2026-08-25T11:55:00Z,5.95,5.95,5.95,5.95,1339,7967.05
1787659200000,2026-08-25T12:00:00Z,5.95,5.95,5.949,5.949,4674,27810.3
1787659500000,2026-08-25T12:05:00Z,5.948,5.953,5.945,5.953,250,1486.375
1787659800000,2026-08-25T12:10:00Z,5.955,5.964,5.955,5.964,360,2147.04
1787660100000,2026-08-25T12:15:00Z,5.961,5.961,5.947,5.947,2,11.922
1787660400000,2026-08-25T12:20:00Z,5.951,5.974,5.951,5.974,317,1893.5361
1787660700000,2026-08-25T12:25:00Z,5.974,5.974,5.974,5.974,580,3464.92
1787661000000,2026-08-25T12:30:00Z,5.975,5.975,5.975,5.975,102,609.45
1787661300000,2026-08-25T12:35:00Z,5.975,5.975,5.975,5.975,1005,6004.875
1787661600000,2026-08-25T12:40:00Z,5.975,5.975,5.975,5.975,1242,7420.95
1787661900000,2026-08-25T12:45:00Z,5.975,5.975,5.975,5.975,0,0
1787662500000,2026-08-25T12:55:00Z,5.975,5.975,5.947,5.947,11,65.725
1787662800000,2026-08-25T13:00:00Z,5.946,5.946,5.946,5.946,0,0
1787663100000,2026-08-25T13:05:00Z,5.946,5.946,5.946,5.946,1000,5946
1787663400000,2026-08-25T13:10:00Z,5.945,5.945,5.945,5.945,85,505.325
1787663700000,2026-08-25T13:15:00Z,5.948,5.964,5.948,5.964,19,113.316
1787664000000,2026-08-25T13:20:00Z,5.965,5.965,5.965,5.965,7,41.755
1787664300000,2026-08-25T13:25:00Z,5.965,5.968,5.945,5.968,1391.50769,8290.60281702
1787664600000,2026-08-25T13:30:00Z,6.03,6.03,5.935,5.935,55201.852322000006,329709.62354884
1787664900000,2026-08-25T13:35:00Z,5.965,5.985,5.89,5.89,29942.358304999998,178049.23942485
1787665200000,2026-08-25T13:40:00Z,5.915,5.94,5.898,5.9,13833.708193999999,81898.31925012
1787665500000,2026-08-25T13:45:00Z,5.895,5.98,5.895,5.94,15499.475508,92135.08220976
1787665800000,2026-08-25T13:50:00Z,5.954,5.98,5.951,5.98,18980.164567,113127.47486869
1787666100000,2026-08-25T13:55:00Z,5.98,5.984,5.94,5.977,8746.082,52164.1827136
1787666400000,2026-08-25T14:00:00Z,5.976,5.976,5.87,5.888,6608.5368180000005,39326.226508916002981
1787666700000,2026-08-25T14:05:00Z,5.91,5.949,5.888,5.926,7995.003753,47384.7882432804
1787667000000,2026-08-25T14:10:00Z,5.926,5.957,5.915,5.915,12649.436083,75157.6027803429
1787667300000,2026-08-25T14:15:00Z,5.915,5.925,5.88,5.9,20968,123734.5103
1787667600000,2026-08-25T14:20:00Z,5.91,5.924,5.85,5.89,16735.582642999998,98587.64379165
1787667900000,2026-08-25T14:25:00Z,5.9,5.925,5.888,5.915,9992.401221,59062.08589696
1787668200000,2026-08-25T14:30:00Z,5.88,5.937,5.88,5.89,16710,98690.931
1787668500000,2026-08-25T14:35:00Z,5.91,5.942,5.901,5.93,11089.771119,65691.36820051
1787668800000,2026-08-25T14:40:00Z,5.93,5.935,5.91,5.92,10944.090067000001,64838.26160194
1787669100000,2026-08-25T14:45:00Z,5.93,5.95,5.927,5.94,15625.293657,92800.18155829
1787669400000,2026-08-25T14:50:00Z,5.935,6,5.935,5.99,24390.795364999998,145415.48288659
1787669700000,2026-08-25T14:55:00Z,5.96,5.989,5.96,5.98,21169.167364,126475.19041622
1787670000000,2026-08-25T15:00:00Z,5.965,5.97,5.945,5.945,6056.349454,36130.9695726732
1787670300000,2026-08-25T15:05:00Z,5.945,5.964,5.935,5.955,23271.215311,138306.1081830614
1787670600000,2026-08-25T15:10:00Z,5.955,5.96,5.925,5.925,6085.191361,36211.4845755691
1787670900000,2026-08-25T15:15:00Z,5.925,5.97,5.925,5.945,30988.665157,183877.152277152
1787671200000,2026-08-25T15:20:00Z,5.955,5.965,5.94,5.954,10307,61380.0824
1787671500000,2026-08-25T15:25:00Z,5.954,5.97,5.945,5.965,11041.1264,65693.6203008
1787671800000,2026-08-25T15:30:00Z,5.95,5.965,5.925,5.94,10556.911199999999,62741.83464384
1787672100000,2026-08-25T15:35:00Z,5.92,5.944,5.92,5.92,13581.641065,80574.44378222
1787672400000,2026-08-25T15:40:00Z,5.91,5.945,5.91,5.94,12470.995469000001,73896.88365156
1787672700000,2026-08-25T15:45:00Z,5.94,5.954,5.935,5.94,6300.226162000001,37413.26304042
1787673000000,2026-08-25T15:50:00Z,5.945,5.955,5.941,5.95,5707.80008,33939.7208357
1787673300000,2026-08-25T15:55:00Z,5.96,5.96,5.935,5.935,6849.190581,40728.71178992
1787673600000,2026-08-25T16:00:00Z,5.94,5.95,5.935,5.95,7651.198271,45432.05021337
1787673900000,2026-08-25T16:05:00Z,5.935,5.935,5.915,5.915,1481.433619,8784.1606438605
1787674200000,2026-08-25T16:10:00Z,5.915,5.93,5.915,5.925,10093.686994,59708.4101504058
1787674500000,2026-08-25T16:15:00Z,5.925,5.955,5.925,5.945,6631.79988,39319.223808952
1787674800000,2026-08-25T16:20:00Z,5.945,5.95,5.93,5.945,5614.824343,33374.444319135
1787675100000,2026-08-25T16:25:00Z,5.945,5.945,5.945,5.945,3843,22846.635
1787675400000,2026-08-25T16:30:00Z,5.945,5.95,5.935,5.94,5379,31948.1526
1787675700000,2026-08-25T16:35:00Z,5.933,5.94,5.91,5.931,10733.792,63553.3045616
1787676000000,2026-08-25T16:40:00Z,5.932,5.935,5.925,5.925,2658,15774.9642
1787676300000,2026-08-25T16:45:00Z,5.92,5.96,5.92,5.96,8891.731051,52792.8747691
1787676600000,2026-08-25T16:50:00Z,5.96,5.96,5.925,5.935,10559.459983,62727.41608301
1787676900000,2026-08-25T16:55:00Z,5.92,5.935,5.92,5.92,6113.398179,36242.66976438
1787677200000,2026-08-25T17:00:00Z,5.915,5.935,5.915,5.915,6128.067134,36357.20949931
1787677500000,2026-08-25T17:05:00Z,5.94,5.945,5.925,5.945,14843.554058,88022.27556394
1787677800000,2026-08-25T17:10:00Z,5.925,5.96,5.925,5.96,8757.212198000001,51909.25102486
1787678100000,2026-08-25T17:15:00Z,5.95,5.965,5.945,5.965,10332.485963,61474.15848546
1787678400000,2026-08-25T17:20:00Z,5.965,5.97,5.945,5.955,16048.652335,95515.5547744225
1787678700000,2026-08-25T17:25:00Z,5.955,5.96,5.945,5.946,10946,65086.9074
1787679000000,2026-08-25T17:30:00Z,5.945,5.955,5.94,5.945,5028,29889.96
1787679300000,2026-08-25T17:35:00Z,5.945,5.955,5.935,5.953,20164.04275,119812.275856323
1787679600000,2026-08-25T17:40:00Z,5.954,5.98,5.954,5.955,22360.655437,133324.2297922501
1787679900000,2026-08-25T17:45:00Z,5.955,5.97,5.955,5.955,1656,9874.98
1787680200000,2026-08-25T17:50:00Z,5.955,5.97,5.955,5.955,20351.417272,121192.68985476
1787680500000,2026-08-25T17:55:00Z,5.955,5.96,5.955,5.955,11169.743903999999,66515.824948319994045
1787680800000,2026-08-25T18:00:00Z,5.955,5.965,5.95,5.95,11994.05668,71473.78316179
1787681100000,2026-08-25T18:05:00Z,5.97,5.97,5.915,5.915,27402.33,162895.890918
1787681400000,2026-08-25T18:10:00Z,5.925,5.925,5.915,5.925,28508.553412,168893.22297871
1787681700000,2026-08-25T18:15:00Z,5.94,5.94,5.925,5.935,21197.42158,125645.59667329
1787682000000,2026-08-25T18:20:00Z,5.935,5.945,5.935,5.945,9287.75,55159.94725
1787682300000,2026-08-25T18:25:00Z,5.93,5.945,5.93,5.93,11164.693986,66292.60348067
1787682600000,2026-08-25T18:30:00Z,5.945,5.945,5.945,5.945,4816.33597,28633.11734165
1787682900000,2026-08-25T18:35:00Z,5.945,5.965,5.94,5.955,5804.439601,34515.1340873465
1787683200000,2026-08-25T18:40:00Z,5.955,5.96,5.945,5.945,4302,25602.4632
1787683500000,2026-08-25T18:45:00Z,5.945,5.965,5.945,5.953,13150.765456000001,78216.6273964688059473
1787683800000,2026-08-25T18:50:00Z,5.954,5.96,5.925,5.935,7614.146602,45263.75204889
1787684100000,2026-08-25T18:55:00Z,5.935,5.95,5.935,5.945,2899,17234.555
1787684400000,2026-08-25T19:00:00Z,5.945,5.945,5.945,5.945,4986.766644,29646.32769858
1787684700000,2026-08-25T19:05:00Z,5.944,5.955,5.935,5.955,13971,83069.9834
1787685000000,2026-08-25T19:10:00Z,5.955,5.96,5.945,5.945,5222.89281,31095.65668355
1787685300000,2026-08-25T19:15:00Z,5.945,5.945,5.94,5.94,9985.625205,59362.54471868
1787685600000,2026-08-25T19:20:00Z,5.94,5.956,5.935,5.94,17391.3563,103402.04801728
1787685900000,2026-08-25T19:25:00Z,5.97,5.97,5.945,5.945,11054.149209,65869.46430659
1787686200000,2026-08-25T19:30:00Z,5.95,5.965,5.92,5.94,45116,268128.8996
1787686500000,2026-08-25T19:35:00Z,5.92,5.94,5.915,5.93,38087,225631.1967
1787686800000,2026-08-25T19:40:00Z,5.915,5.95,5.915,5.935,71328.179611,423282.81626556
1787687100000,2026-08-25T19:45:00Z,5.926,5.935,5.9,5.915,26839.365936000002,159018.24317080001185
1787687400000,2026-08-25T19:50:00Z,5.925,5.975,5.915,5.947,63915.383474,379025.9363354922
1787687700000,2026-08-25T19:55:00Z,5.945,5.95,5.925,5.941,54511.601882,323774.4242392682
1787688000000,2026-08-25T20:00:00Z,5.942,5.945,5.942,5.945,0,0
1787688300000,2026-08-25T20:05:00Z,5.945,5.945,5.945,5.945,0,0
1787688600000,2026-08-25T20:10:00Z,5.948,5.964,5.948,5.964,0,0
1787688900000,2026-08-25T20:15:00Z,5.965,6.004,5.965,5.966,128,763.52
1787689200000,2026-08-25T20:20:00Z,5.966,5.975,5.96,5.965,366,2184.396
1787689800000,2026-08-25T20:30:00Z,5.965,5.965,5.965,5.965,41,244.565
1787690100000,2026-08-25T20:35:00Z,5.967,5.974,5.967,5.974,841,5018.5834
1787690400000,2026-08-25T20:40:00Z,5.974,5.974,5.974,5.974,100,597.4
1787690700000,2026-08-25T20:45:00Z,5.974,5.984,5.974,5.984,490,2927.26
1787691000000,2026-08-25T20:50:00Z,5.985,5.985,5.985,5.985,0,0
1787691300000,2026-08-25T20:55:00Z,5.985,5.985,5.985,5.985,10,59.85
1787691600000,2026-08-25T21:00:00Z,5.983,5.983,5.961,5.961,76,454.6852
1787691900000,2026-08-25T21:05:00Z,5.96,5.979,5.96,5.979,157,935.7671
1787692200000,2026-08-25T21:10:00Z,5.98,5.98,5.98,5.98,202,1207.96
1787692500000,2026-08-25T21:15:00Z,5.976,5.976,5.956,5.956,95,565.8295
1787692800000,2026-08-25T21:20:00Z,5.956,5.956,5.956,5.956,0,0
1787693700000,2026-08-25T21:35:00Z,5.955,5.955,5.955,5.955,0,0
1787694300000,2026-08-25T21:45:00Z,5.955,5.955,5.955,5.955,133,792.015
1787694600000,2026-08-25T21:50:00Z,5.955,5.955,5.955,5.955,200,1191
1787695500000,2026-08-25T22:05:00Z,5.955,5.955,5.955,5.955,5,29.775
1787695800000,2026-08-25T22:10:00Z,5.956,5.958,5.956,5.958,232,1381.792
1787696100000,2026-08-25T22:15:00Z,5.959,5.959,5.959,5.959,20,119.18
1787696700000,2026-08-25T22:25:00Z,5.959,5.959,5.956,5.956,45,268.0965
1787697000000,2026-08-25T22:30:00Z,5.956,5.956,5.956,5.956,0,0
1787697600000,2026-08-25T22:40:00Z,5.955,5.955,5.955,5.955,0,0
1787697900000,2026-08-25T22:45:00Z,5.955,5.955,5.955,5.955,0,0
1787698200000,2026-08-25T22:50:00Z,5.955,5.955,5.955,5.955,4,23.82
1787698500000,2026-08-25T22:55:00Z,5.955,5.955,5.955,5.955,500,2977.5
1787698800000,2026-08-25T23:00:00Z,5.955,5.955,5.955,5.955,150,893.25
1787699100000,2026-08-25T23:05:00Z,5.955,5.955,5.955,5.955,1100,6550.5
1787699400000,2026-08-25T23:10:00Z,5.955,5.955,5.955,5.955,494,2941.77
1787699700000,2026-08-25T23:15:00Z,5.955,5.955,5.955,5.955,869,5174.895
1787700000000,2026-08-25T23:20:00Z,5.949,5.949,5.922,5.922,0,0
1787700300000,2026-08-25T23:25:00Z,5.927,5.959,5.927,5.959,10,59.27
1787700600000,2026-08-25T23:30:00Z,5.959,5.959,5.959,5.959,0.912692,5.43873163
1787700900000,2026-08-25T23:35:00Z,5.959,5.96,5.959,5.96,302,1799.92
1787701200000,2026-08-25T23:40:00Z,5.96,5.96,5.96,5.96,0,0
1787702400000,2026-08-26T00:00:00Z,6.05,6.05,6.05,6.05,7,42.35
1787712600000,2026-08-26T02:50:00Z,6.01,6.02,6.01,6.02,14,84.23
1787714400000,2026-08-26T03:20:00Z,5.98,6,5.97,5.97,49,293.08
1787718300000,2026-08-26T04:25:00Z,5.97,5.97,5.97,5.97,1,5.97
1787719500000,2026-08-26T04:45:00Z,6.01,6.01,6.01,6.01,5,30.05
1787721600000,2026-08-26T05:20:00Z,6.01,6.01,6.01,6.01,10,60.1
1787721900000,2026-08-26T05:25:00Z,6.01,6.01,6.01,6.01,20,120.2
1787722200000,2026-08-26T05:30:00Z,6.01,6.01,6.01,6.01,25,150.25
1787724000000,2026-08-26T06:00:00Z,6.01,6.01,6.01,6.01,5,30.05
1787731200000,2026-08-26T08:00:00Z,5.966,5.995,5.966,5.995,580,3474.142
1787731800000,2026-08-26T08:10:00Z,6.01,6.01,5.971,6.01,191,1144.1664
1787732100000,2026-08-26T08:15:00Z,5.971,5.971,5.971,5.971,6,35.826
1787733000000,2026-08-26T08:30:00Z,5.972,5.989,5.972,5.989,467,2796.863
1787734200000,2026-08-26T08:50:00Z,5.99,5.99,5.99,5.99,0,0
1787735100000,2026-08-26T09:05:00Z,5.99,5.99,5.99,5.99,20,119.8
1787736900000,2026-08-26T09:35:00Z,5.99,5.99,5.99,5.99,5.424291,32.49150309
1787737200000,2026-08-26T09:40:00Z,5.99,6.013,5.99,6.013,124,742.76
1787738100000,2026-08-26T09:55:00Z,6.015,6.033,6.014,6.015,1078.56522,6487.5697983
1787738700000,2026-08-26T10:05:00Z,6.034,6.034,6.034,6.034,0,0
1787739000000,2026-08-26T10:10:00Z,6.034,6.034,6.034,6.034,0,0
1787739300000,2026-08-26T10:15:00Z,6.035,6.035,6.035,6.035,0,0
1787739600000,2026-08-26T10:20:00Z,6.035,6.035,6.035,6.035,60,362.1
1787740500000,2026-08-26T10:35:00Z,6.035,6.035,6.017,6.017,12,72.4116
1787741700000,2026-08-26T10:55:00Z,6.016,6.016,6.016,6.016,0,0
1787742000000,2026-08-26T11:00:00Z,6.015,6.015,6.015,6.015,5,30.075
1787742300000,2026-08-26T11:05:00Z,6.015,6.015,6.015,6.015,50,300.75
1787742600000,2026-08-26T11:10:00Z,6.015,6.015,6.015,6.015,50,300.75
1787743200000,2026-08-26T11:20:00Z,6.015,6.015,6.015,6.015,0,0
1787743500000,2026-08-26T11:25:00Z,6.015,6.021,6.006,6.006,150,902.25
1787744100000,2026-08-26T11:35:00Z,6.007,6.008,6.007,6.008,0,0
1787744400000,2026-08-26T11:40:00Z,6.009,6.015,6.009,6.015,1029,6189.435
1787745300000,2026-08-26T11:55:00Z,6.015,6.015,6.015,6.015,622,3741.33
1787745600000,2026-08-26T12:00:00Z,6.015,6.015,6.015,6.015,739,4445.085
1787746200000,2026-08-26T12:10:00Z,6.015,6.015,6.015,6.015,200,1203
1787746800000,2026-08-26T12:20:00Z,6.008,6.008,5.961,5.974,427.56522,2568.08498089
1787747400000,2026-08-26T12:30:00Z,5.974,5.975,5.974,5.975,400,2389.6
1787747700000,2026-08-26T12:35:00Z,5.975,5.975,5.951,5.951,4,23.9
1787748000000,2026-08-26T12:40:00Z,5.95,5.95,5.95,5.95,0,0
1787748600000,2026-08-26T12:50:00Z,5.95,5.95,5.902,5.928,954,5670.0036
1787748900000,2026-08-26T12:55:00Z,5.929,5.929,5.911,5.911,1160.576639,6861.67726276
1787749200000,2026-08-26T13:00:00Z,5.909,5.909,5.906,5.906,106,626.0572
1787749800000,2026-08-26T13:10:00Z,5.905,5.933,5.905,5.933,40,236.224
1787750100000,2026-08-26T13:15:00Z,5.934,5.934,5.934,5.934,10,59.34
1787750400000,2026-08-26T13:20:00Z,5.86,5.93,5.86,5.86,717,4249.9458
1787750700000,2026-08-26T13:25:00Z,5.919,5.922,5.919,5.922,1025,6066.975
1787751000000,2026-08-26T13:30:00Z,5.94,6.062,5.91,6.03,88295.271747,529542.06277546
1787751300000,2026-08-26T13:35:00Z,6.07,6.075,6,6,39437.929498000005,238500.87863916
1787751600000,2026-08-26T13:40:00Z,6.02,6.059,5.995,6.02,41418.49022,249364.16221853
1787751900000,2026-08-26T13:45:00Z,6.017,6.041,6.01,6.031,24140.539860999997,145451.5807704971819244
1787752200000,2026-08-26T13:50:00Z,6.03,6.069,6.027,6.069,19665.517106,118737.9873351586
1787752500000,2026-08-26T13:55:00Z,6.08,6.11,6.071,6.097,24776.319248,150869.48331327
1787752800000,2026-08-26T14:00:00Z,6.08,6.098,6.04,6.06,43171.622973,262716.59443989
1787753100000,2026-08-26T14:05:00Z,6.045,6.045,5.99,5.99,45876.662227,276659.21155992
1787753400000,2026-08-26T14:10:00Z,5.97,5.99,5.932,5.96,23327.997620000002,138831.91223591
1787753700000,2026-08-26T14:15:00Z,5.95,5.955,5.93,5.955,11911.965909999999,70758.26870199
1787754000000,2026-08-26T14:20:00Z,5.955,5.955,5.87,5.87,67294.27345000001,398516.6873709
1787754300000,2026-08-26T14:25:00Z,5.86,5.87,5.835,5.84,63072.035902999996,368750.65790689
1787754600000,2026-08-26T14:30:00Z,5.865,5.889,5.85,5.885,33221.014262000004,195180.1029921
1787754900000,2026-08-26T14:35:00Z,5.884,5.895,5.865,5.886,11477.993405000001,67537.66099436
1787755200000,2026-08-26T14:40:00Z,5.9,5.9,5.867,5.88,12458.432352999998,73339.05373241
1787755500000,2026-08-26T14:45:00Z,5.87,5.87,5.862,5.865,3613,21197.3513
1787755800000,2026-08-26T14:50:00Z,5.865,5.89,5.865,5.868,14472.061546,85035.9999027892
1787756100000,2026-08-26T14:55:00Z,5.869,5.885,5.869,5.875,4884.53324,28718.566132568
1787756400000,2026-08-26T15:00:00Z,5.875,5.905,5.875,5.875,3159,18576.625
1787756700000,2026-08-26T15:05:00Z,5.875,5.89,5.87,5.875,4756.568959,27969.3243685856
1787757000000,2026-08-26T15:10:00Z,5.875,5.895,5.872,5.875,8759.205106,51499.8533613296
1787757300000,2026-08-26T15:15:00Z,5.855,5.875,5.855,5.86,13068.07002,76657.29873732
1787757600000,2026-08-26T15:20:00Z,5.87,5.88,5.855,5.87,18597.877412,109076.55102138
1787757900000,2026-08-26T15:25:00Z,5.87,5.88,5.87,5.87,5080.774019,29855.64429045
1787758200000,2026-08-26T15:30:00Z,5.845,5.875,5.83,5.85,15397.999545,90062.89933871
1787758500000,2026-08-26T15:35:00Z,5.87,5.89,5.852,5.89,11870.4768,69731.92891392
1787758800000,2026-08-26T15:40:00Z,5.88,5.908,5.875,5.89,14639.33854,86348.67444434
1787759100000,2026-08-26T15:45:00Z,5.915,5.915,5.89,5.905,10538.53328,62200.53112522
1787759400000,2026-08-26T15:50:00Z,5.905,5.91,5.876,5.883,8022.5144630000004,47237.4423027740023592
1787759700000,2026-08-26T15:55:00Z,5.882,5.886,5.87,5.875,13001.204,76488.3249708
1787760000000,2026-08-26T16:00:00Z,5.875,5.875,5.85,5.861,7505.650356,43992.7573015516
1787760300000,2026-08-26T16:05:00Z,5.862,5.87,5.86,5.86,17430.1334580000002,102148.6822507212011723
1787760600000,2026-08-26T16:10:00Z,5.85,5.86,5.832,5.846,10413,60827.004
1787760900000,2026-08-26T16:15:00Z,5.847,5.85,5.84,5.845,9522,55686.867
1787761200000,2026-08-26T16:20:00Z,5.845,5.86,5.84,5.855,3908,22848.8448
1787761500000,2026-08-26T16:25:00Z,5.854,5.87,5.85,5.86,11867.533462,69465.464452555
1787761800000,2026-08-26T16:30:00Z,5.86,5.86,5.855,5.855,4041.129,23664.0431982
1787762100000,2026-08-26T16:35:00Z,5.87,5.87,5.835,5.835,12897.722602,75520.03515149
1787762400000,2026-08-26T16:40:00Z,5.85,5.85,5.83,5.83,13003.76353,75935.47713344
1787762700000,2026-08-26T16:45:00Z,5.86,5.86,5.845,5.86,9035.095782,52868.86296837
1787763000000,2026-08-26T16:50:00Z,5.84,5.855,5.835,5.835,28351.528205,165805.40724848
1787763300000,2026-08-26T16:55:00Z,5.845,5.855,5.845,5.855,13925.566332999999,81453.42259498
1787763600000,2026-08-26T17:00:00Z,5.855,5.855,5.845,5.845,8325.839935,48701.168115789
1787763900000,2026-08-26T17:05:00Z,5.845,5.849,5.835,5.848,49646.92447,290150.729402989
1787764200000,2026-08-26T17:10:00Z,5.847,5.85,5.83,5.835,25508,149061.773
1787764500000,2026-08-26T17:15:00Z,5.835,5.855,5.835,5.855,8356,48848.8986
1787764800000,2026-08-26T17:20:00Z,5.855,5.86,5.83,5.845,36883.273994,215537.464316912
1787765100000,2026-08-26T17:25:00Z,5.845,5.85,5.83,5.845,12652.698018000001,73929.1592493722058429
1787765400000,2026-08-26T17:30:00Z,5.845,5.845,5.842,5.845,14557,85085.665
1787765700000,2026-08-26T17:35:00Z,5.845,5.865,5.84,5.855,6853.563073,40077.1073241074
1787766000000,2026-08-26T17:40:00Z,5.855,5.855,5.835,5.835,7067.416642,41328.4727954532
1787766300000,2026-08-26T17:45:00Z,5.84,5.845,5.81,5.82,68097.089226,397530.37777462
1787766600000,2026-08-26T17:50:00Z,5.8,5.824,5.79,5.82,109911.793853,638367.69869822
1787766900000,2026-08-26T17:55:00Z,5.82,5.83,5.805,5.83,24127.792459,140131.80582263
1787767200000,2026-08-26T18:00:00Z,5.825,5.825,5.805,5.805,34885.642555,202971.6455135
1787767500000,2026-08-26T18:05:00Z,5.83,5.835,5.805,5.82,49275.23304,286776.9287695
1787767800000,2026-08-26T18:10:00Z,5.82,5.826,5.805,5.825,5154.9794999999995,29981.87626995
1787768100000,2026-08-26T18:15:00Z,5.805,5.82,5.805,5.81,9770.328409,56728.48080834
1787768400000,2026-08-26T18:20:00Z,5.817,5.825,5.817,5.825,5522,32165.4146
1787768700000,2026-08-26T18:25:00Z,5.825,5.825,5.81,5.825,5125,29853.125
1787769000000,2026-08-26T18:30:00Z,5.825,5.825,5.825,5.825,3335,19426.375
1787769300000,2026-08-26T18:35:00Z,5.825,5.85,5.815,5.845,3569,20789.425
1787769600000,2026-08-26T18:40:00Z,5.845,5.855,5.83,5.835,21413.058409,125157.826400605
1787769900000,2026-08-26T18:45:00Z,5.835,5.875,5.835,5.865,8581.329443999999,50235.9606981203941459
1787770200000,2026-08-26T18:50:00Z,5.865,5.865,5.865,5.865,5753,33741.345
1787770500000,2026-08-26T18:55:00Z,5.865,5.88,5.865,5.865,10665,62580.0786
1787770800000,2026-08-26T19:00:00Z,5.86,5.885,5.86,5.87,15579.170502,91496.46835825
1787771100000,2026-08-26T19:05:00Z,5.87,5.885,5.87,5.87,10702.473759,62961.58287682
1787771400000,2026-08-26T19:10:00Z,5.87,5.885,5.87,5.88,12360.283113,72704.42129898
1787771700000,2026-08-26T19:15:00Z,5.905,5.905,5.875,5.905,21149.92734,124598.45194541
1787772000000,2026-08-26T19:20:00Z,5.88,5.895,5.87,5.87,13313.169923,78355.99289881
1787772300000,2026-08-26T19:25:00Z,5.87,5.895,5.87,5.88,10023.24438,59021.87453163
1787772600000,2026-08-26T19:30:00Z,5.88,5.91,5.88,5.89,17298,102096.2556
1787772900000,2026-08-26T19:35:00Z,5.91,5.91,5.88,5.891,11048,65157.259
1787773200000,2026-08-26T19:40:00Z,5.89,5.92,5.88,5.895,18007.33054,106194.125482276
1787773500000,2026-08-26T19:45:00Z,5.895,5.895,5.88,5.892,8321,49032.295
1787773800000,2026-08-26T19:50:00Z,5.891,5.891,5.83,5.846,27548,161582.1374
1787774100000,2026-08-26T19:55:00Z,5.85,5.855,5.82,5.83,3827,22337.065
1787774400000,2026-08-26T20:00:00Z,5.835,5.899,5.835,5.899,0,0
1787774700000,2026-08-26T20:05:00Z,5.9,5.9,5.9,5.9,0,0
1787775000000,2026-08-26T20:10:00Z,5.9,5.923,5.9,5.901,2014.1659260000001,11903.519206067400591
1787775300000,2026-08-26T20:15:00Z,5.9,5.9,5.9,5.9,1002,5911.8
1787775600000,2026-08-26T20:20:00Z,5.896,5.896,5.877,5.877,0,0
1787775900000,2026-08-26T20:25:00Z,5.876,5.899,5.866,5.866,311.785778,1834.82812495
1787776200000,2026-08-26T20:30:00Z,5.871,5.924,5.871,5.924,100,587.1
1787776500000,2026-08-26T20:35:00Z,5.925,5.925,5.901,5.901,11,65.1112
1787776800000,2026-08-26T20:40:00Z,5.905,5.922,5.83,5.83,125,730.7
1787777100000,2026-08-26T20:45:00Z,5.842,5.898,5.842,5.898,5,29.21
1787777400000,2026-08-26T20:50:00Z,5.899,5.9,5.899,5.9,7.758921,45.7776339
1787777700000,2026-08-26T20:55:00Z,5.9,5.924,5.9,5.924,40,236.024
1787778300000,2026-08-26T21:05:00Z,5.921,5.921,5.9,5.9,53,312.7636
1787778600000,2026-08-26T21:10:00Z,5.9,5.92,5.9,5.92,3196,18904.6944
1787778900000,2026-08-26T21:15:00Z,5.92,5.92,5.92,5.92,0,0
1787779200000,2026-08-26T21:20:00Z,5.92,5.92,5.92,5.92,940,5564.8
1787779500000,2026-08-26T21:25:00Z,5.92,5.92,5.92,5.92,500,2960
1787779800000,2026-08-26T21:30:00Z,5.92,5.92,5.92,5.92,949.588288,5621.56266496
1787780100000,2026-08-26T21:35:00Z,5.92,5.92,5.92,5.92,300,1776
1787780400000,2026-08-26T21:40:00Z,5.937,6.019,5.937,6.019,15,89.055
1787780700000,2026-08-26T21:45:00Z,6.02,6.02,6.02,6.02,1760,10595.2
1787781000000,2026-08-26T21:50:00Z,6.02,6.02,5.955,5.955,1405,8368.0395
1787781300000,2026-08-26T21:55:00Z,5.957,5.965,5.957,5.965,410,2442.452
1787781600000,2026-08-26T22:00:00Z,5.965,6.108,5.965,6.022,3418,20446.476
1787781900000,2026-08-26T22:05:00Z,6.021,6.021,6.02,6.02,50,301
1787782200000,2026-08-26T22:10:00Z,6.02,6.109,6.02,6.021,512.576639,3092.42612075
1787782500000,2026-08-26T22:15:00Z,6.02,6.029,6.02,6.029,2331.7,14036.834
1787782800000,2026-08-26T22:20:00Z,6.03,6.049,6.03,6.049,521,3141.9947
1787783100000,2026-08-26T22:25:00Z,6.05,6.05,6.032,6.032,1,6.05
1787783400000,2026-08-26T22:30:00Z,6.031,6.031,6.027,6.027,1500,9045
1787783700000,2026-08-26T22:35:00Z,6.026,6.054,6.026,6.03,1002,6038.108
1787784000000,2026-08-26T22:40:00Z,6.03,6.03,6.03,6.03,574,3461.22
1787784600000,2026-08-26T22:50:00Z,5.94,6.03,5.94,5.94,9000,54136.8
1787785200000,2026-08-26T23:00:00Z,5.976,5.984,5.976,5.984,501,2994.477
1787785500000,2026-08-26T23:05:00Z,5.985,5.985,5.985,5.985,4,23.94
1787785800000,2026-08-26T23:10:00Z,5.985,5.985,5.985,5.985,2,11.97
1787786100000,2026-08-26T23:15:00Z,5.985,5.985,5.985,5.985,291,1741.635
1787786700000,2026-08-26T23:25:00Z,5.983,5.983,5.981,5.981,0,0
1787787000000,2026-08-26T23:30:00Z,5.981,6.004,5.981,6.004,1002.615425,6019.7030117
1787787300000,2026-08-26T23:35:00Z,6.005,6.005,6.005,6.005,0,0
1787787900000,2026-08-26T23:45:00Z,6.005,6.019,6.005,6.019,0,0
1787788200000,2026-08-26T23:50:00Z,6.02,6.02,6.02,6.02,640,3852.8
1787788500000,2026-08-26T23:55:00Z,6.02,6.02,6.02,6.02,1000,6020
1787793000000,2026-08-27T01:10:00Z,5.92,5.92,5.91,5.91,265,1566.24
1787794500000,2026-08-27T01:35:00Z,5.91,5.91,5.91,5.91,2,11.82
1787799900000,2026-08-27T03:05:00Z,5.98,5.98,5.98,5.98,29,173.42
1787805600000,2026-08-27T04:40:00Z,5.97,5.97,5.97,5.97,354,2113.38
1787813700000,2026-08-27T06:55:00Z,5.98,5.98,5.98,5.98,50,299
1787814300000,2026-08-27T07:05:00Z,5.98,5.98,5.98,5.98,30,179.4
1787815800000,2026-08-27T07:30:00Z,5.97,5.97,5.97,5.97,2,11.94
1787817600000,2026-08-27T08:00:00Z,6.02,6.179,6.02,6.026,2352.622005,14400.399292605
1787818200000,2026-08-27T08:10:00Z,6.026,6.049,6.026,6.049,13,78.338
1787818500000,2026-08-27T08:15:00Z,6.035,6.046,6.026,6.035,201,1211.2461
1787818800000,2026-08-27T08:20:00Z,6.025,6.025,6.025,6.025,0,0
1787819400000,2026-08-27T08:30:00Z,6.025,6.049,6.025,6.049,0,0
1787819700000,2026-08-27T08:35:00Z,6.049,6.049,6.049,6.049,0,0
1787820300000,2026-08-27T08:45:00Z,6.049,6.05,6.049,6.05,422,2552.7624
1787820900000,2026-08-27T08:55:00Z,6.05,6.05,6.05,6.05,100,605
1787821200000,2026-08-27T09:00:00Z,6.054,6.074,6.054,6.074,250,1517.5
1787821500000,2026-08-27T09:05:00Z,6.074,6.098,6.074,6.098,570.554028,3465.545166072
1787821800000,2026-08-27T09:10:00Z,6.099,6.099,6.099,6.099,987.557565,6023.11358894
1787822100000,2026-08-27T09:15:00Z,6.1,6.1,6.1,6.1,300,1830
1787822400000,2026-08-27T09:20:00Z,6.1,6.1,6.1,6.1,500,3050
1787823000000,2026-08-27T09:30:00Z,6.1,6.1,6.1,6.1,121,738.1
1787823300000,2026-08-27T09:35:00Z,6.1,6.1,6.1,6.1,50,305
1787824800000,2026-08-27T10:00:00Z,6.1,6.1,6.1,6.1,490,2989
1787825100000,2026-08-27T10:05:00Z,6.097,6.097,6.08,6.08,0.196337,1.19372896
1787826000000,2026-08-27T10:20:00Z,6.08,6.08,6.08,6.08,2,12.16
1787826300000,2026-08-27T10:25:00Z,6.079,6.079,6.072,6.072,602,3659.558
1787826600000,2026-08-27T10:30:00Z,6.071,6.071,6.071,6.071,70,424.97
1787827200000,2026-08-27T10:40:00Z,6.07,6.07,6.07,6.07,0,0
1787827800000,2026-08-27T10:50:00Z,6.071,6.073,6.071,6.073,0,0
1787828100000,2026-08-27T10:55:00Z,6.074,6.074,6.074,6.074,0,0
1787828400000,2026-08-27T11:00:00Z,6.075,6.075,6.075,6.075,200.286946,1216.74319695
1787828700000,2026-08-27T11:05:00Z,6.075,6.075,6.075,6.075,75,455.625
1787829000000,2026-08-27T11:10:00Z,6.075,6.075,6.046,6.046,620,3765.694
1787829300000,2026-08-27T11:15:00Z,6.042,6.042,6.026,6.026,87,524.6622
1787829600000,2026-08-27T11:20:00Z,6.025,6.025,6.025,6.025,521,3139.025
1787829900000,2026-08-27T11:25:00Z,6.038,6.099,6.038,6.099,89,541.4048
1787830200000,2026-08-27T11:30:00Z,6.1,6.1,6.1,6.1,530,3233
1787830500000,2026-08-27T11:35:00Z,6.1,6.1,6.1,6.1,200,1220
1787830800000,2026-08-27T11:40:00Z,6.1,6.1,6.1,6.1,5,30.5
1787831400000,2026-08-27T11:50:00Z,6.1,6.1,6.1,6.1,260.20500200000004,1587.2505122
1787832000000,2026-08-27T12:00:00Z,6.1,6.1,6.1,6.1,2370,14457
1787832300000,2026-08-27T12:05:00Z,6.1,6.1,6.1,6.1,0,0
1787832600000,2026-08-27T12:10:00Z,6.1,6.1,6.027,6.027,910,5551
1787832900000,2026-08-27T12:15:00Z,6.026,6.026,6.025,6.025,1063,6404.575
1787833200000,2026-08-27T12:20:00Z,6.025,6.025,6.025,6.025,1,6.025
1787833800000,2026-08-27T12:30:00Z,6.025,6.025,6.025,6.025,37,222.925
1787834100000,2026-08-27T12:35:00Z,6.025,6.025,6.025,6.025,491,2958.275
1787834400000,2026-08-27T12:40:00Z,6.025,6.025,6.025,6.025,3,18.075
1787834700000,2026-08-27T12:45:00Z,6.025,6.025,6.025,6.025,330,1988.25
1787835000000,2026-08-27T12:50:00Z,6.025,6.025,6.025,6.025,345,2078.625
1787835300000,2026-08-27T12:55:00Z,6.025,6.025,6.025,6.025,51,307.275
1787835600000,2026-08-27T13:00:00Z,6.025,6.025,6.025,6.025,10,60.25
1787835900000,2026-08-27T13:05:00Z,6.025,6.025,6.025,6.025,305,1837.625
1787836200000,2026-08-27T13:10:00Z,6.025,6.049,6.025,6.049,11,66.3146
1787836500000,2026-08-27T13:15:00Z,6.05,6.064,6.05,6.064,0,0
1787836800000,2026-08-27T13:20:00Z,6.065,6.065,6.065,6.065,9,54.585
1787837100000,2026-08-27T13:25:00Z,6.065,6.065,6.065,6.065,0,0
1787837400000,2026-08-27T13:30:00Z,6.065,6.12,6.007,6.007,29228.639012,177331.0457165196
1787837700000,2026-08-27T13:35:00Z,6.06,6.12,6.006,6.1,44986.348568,273606.97199058
1787838000000,2026-08-27T13:40:00Z,6.09,6.114,6.055,6.1,16602.116794,101184.92122439
1787838300000,2026-08-27T13:45:00Z,6.11,6.125,6.03,6.07,49387.888513,299927.7081506
1787838600000,2026-08-27T13:50:00Z,6.115,6.121,6.065,6.075,24764.460941,150810.6142385
1787838900000,2026-08-27T13:55:00Z,6.075,6.075,6.01,6.02,16080.974017,97040.63770559
1787839200000,2026-08-27T14:00:00Z,6.01,6.023,5.95,5.965,41065.055484,246439.61097058
1787839500000,2026-08-27T14:05:00Z,5.91,5.975,5.91,5.95,20277.066600000002,120699.2389365
1787839800000,2026-08-27T14:10:00Z,5.93,6.015,5.93,6.01,24415.910187,146187.82065364
1787840100000,2026-08-27T14:15:00Z,5.995,6.041,5.995,6.02,13878.347991999999,83608.719643
1787840400000,2026-08-27T14:20:00Z,6.025,6.04,6.008,6.022,24403.450849,146942.72983095
1787840700000,2026-08-27T14:25:00Z,6.023,6.04,6.019,6.031,8238.0749,49703.28810472
1787841000000,2026-08-27T14:30:00Z,6.031,6.031,5.96,5.969,9542.068239,57216.0148156352
1787841300000,2026-08-27T14:35:00Z,5.97,5.99,5.96,5.97,6584.688843,39392.7498856441
1787841600000,2026-08-27T14:40:00Z,5.968,5.995,5.955,5.965,8809,52662.2674
1787841900000,2026-08-27T14:45:00Z,5.965,6.007,5.965,6.007,19615.033098,117376.35805843
1787842200000,2026-08-27T14:50:00Z,6.005,6.006,5.966,5.99,11854.652895,70932.31559723
1787842500000,2026-08-27T14:55:00Z,5.98,6.01,5.96,5.97,13439.269014,80337.26231189
1787842800000,2026-08-27T15:00:00Z,6.005,6.015,5.976,5.985,8154.450617,48874.51521805
1787843100000,2026-08-27T15:05:00Z,6,6.019,5.98,6.01,18714.224396999998,112115.04693999
1787843400000,2026-08-27T15:10:00Z,6.02,6.029,5.98,5.98,28224.688167999997,169658.60057785
1787843700000,2026-08-27T15:15:00Z,6,6.04,5.987,6.025,19452,116863.7256
1787844000000,2026-08-27T15:20:00Z,6.025,6.025,5.98,5.985,6891.544414,41410.077759653
1787844300000,2026-08-27T15:25:00Z,5.985,5.985,5.97,5.985,8686.7372,51988.4768054
1787844600000,2026-08-27T15:30:00Z,5.985,6.02,5.97,5.986,7326,43845.3774
1787844900000,2026-08-27T15:35:00Z,5.985,5.995,5.971,5.975,1352.063597,8097.9145015121
1787845200000,2026-08-27T15:40:00Z,5.975,5.995,5.96,5.975,38457.723935,229809.9306442205
1787845500000,2026-08-27T15:45:00Z,5.975,5.975,5.945,5.953,14110.13044,84061.2767441
1787845800000,2026-08-27T15:50:00Z,5.954,5.995,5.95,5.995,14122.528918,84243.1004900864
1787846100000,2026-08-27T15:55:00Z,5.995,6.02,5.995,6.007,9856.321129,59141.2950061129
1787846400000,2026-08-27T16:00:00Z,6.008,6.025,6.005,6.025,2826,16990.1946
1787846700000,2026-08-27T16:05:00Z,6.025,6.025,5.985,5.99,23518.550618,141332.37808381
1787847000000,2026-08-27T16:10:00Z,5.975,6,5.96,6,21591.657701999997,128954.01645942
1787847300000,2026-08-27T16:15:00Z,5.96,5.985,5.96,5.97,18200.188860000002,108673.32768306
1787847600000,2026-08-27T16:20:00Z,5.98,5.984,5.96,5.98,35089.805465,209714.22236157
1787847900000,2026-08-27T16:25:00Z,5.96,6,5.96,5.99,13768.676454,82346.32326844
1787848200000,2026-08-27T16:30:00Z,5.98,5.995,5.98,5.98,13014.113045999999,77910.28916118
1787848500000,2026-08-27T16:35:00Z,5.995,5.995,5.955,5.975,48372.252,289598.5503472
1787848800000,2026-08-27T16:40:00Z,5.975,5.98,5.96,5.975,64152,383295.8665
1787849100000,2026-08-27T16:45:00Z,5.975,6.012,5.975,6.009,4737.128606,28339.27970691
1787849400000,2026-08-27T16:50:00Z,6.008,6.01,5.99,5.995,15612,93625.4288
1787849700000,2026-08-27T16:55:00Z,5.995,6.01,5.995,5.995,4790.5787689999997,28747.6226139999982
1787850000000,2026-08-27T17:00:00Z,5.995,6.01,5.99,5.995,1522.26,9129.961988
1787850300000,2026-08-27T17:05:00Z,5.995,5.995,5.96,5.992,14092.417445,84316.2353500695
1787850600000,2026-08-27T17:10:00Z,5.991,6.005,5.991,6.005,21984.512986,131830.8404718476
1787850900000,2026-08-27T17:15:00Z,5.98,6.005,5.97,5.97,10812.838223,64797.01433515
1787851200000,2026-08-27T17:20:00Z,5.97,5.985,5.97,5.985,4738.4516539999995,28316.9870843
1787851500000,2026-08-27T17:25:00Z,5.955,5.973,5.935,5.955,11918.821203,70943.2075645
1787851800000,2026-08-27T17:30:00Z,5.92,5.945,5.92,5.92,19365.582266,114828.22004625
1787852100000,2026-08-27T17:35:00Z,5.93,5.94,5.925,5.94,17964.948592,106578.8540169
1787852400000,2026-08-27T17:40:00Z,5.925,5.93,5.915,5.915,2200.0104,13035.06162
1787852700000,2026-08-27T17:45:00Z,5.915,5.924,5.9,5.924,12204.338122,72149.4998563812
1787853000000,2026-08-27T17:50:00Z,5.925,5.925,5.91,5.922,13607.896578,80594.035260939
1787853300000,2026-08-27T17:55:00Z,5.922,5.93,5.905,5.915,12638.16416,74797.5041874
1787853600000,2026-08-27T18:00:00Z,5.915,5.925,5.895,5.905,2306,13636.9922
1787853900000,2026-08-27T18:05:00Z,5.91,5.92,5.89,5.905,29270.591525,172828.3588495325
1787854200000,2026-08-27T18:10:00Z,5.905,5.92,5.9,5.915,8862.898249,52348.9663449887
1787854500000,2026-08-27T18:15:00Z,5.915,5.94,5.906,5.925,3612.89422,21360.7881113
1787854800000,2026-08-27T18:20:00Z,5.925,5.93,5.915,5.915,13404,79315.942
1787855100000,2026-08-27T18:25:00Z,5.915,5.94,5.905,5.925,9482.77027,56065.938763266
1787855400000,2026-08-27T18:30:00Z,5.925,5.94,5.92,5.925,1800,10688
1787855700000,2026-08-27T18:35:00Z,5.92,5.935,5.92,5.93,12591,74677.221
1787856000000,2026-08-27T18:40:00Z,5.935,5.935,5.934,5.934,2157.996008,12807.70630748
1787856300000,2026-08-27T18:45:00Z,5.935,5.94,5.929,5.93,11501,68253.8346
1787856600000,2026-08-27T18:50:00Z,5.92,5.935,5.92,5.92,8375.183501,49639.71261043
1787856900000,2026-08-27T18:55:00Z,5.935,5.945,5.92,5.92,19150,113607.375
1787857200000,2026-08-27T19:00:00Z,5.92,5.935,5.92,5.92,7585.271445,44950.31858307
1787857500000,2026-08-27T19:05:00Z,5.935,5.94,5.915,5.925,15803.39923,93707.232797074
1787857800000,2026-08-27T19:10:00Z,5.925,5.93,5.915,5.925,11445,67756.3956
1787858100000,2026-08-27T19:15:00Z,5.925,5.93,5.91,5.925,4008,23729.364
1787858400000,2026-08-27T19:20:00Z,5.925,5.925,5.905,5.914,11924.418952,70628.504404209
1787858700000,2026-08-27T19:25:00Z,5.915,5.92,5.895,5.907,4251,25143.165
1787859000000,2026-08-27T19:30:00Z,5.906,5.932,5.89,5.915,24334.39059,143940.353778909
1787859300000,2026-08-27T19:35:00Z,5.915,5.915,5.895,5.915,49110,290042.3692
1787859600000,2026-08-27T19:40:00Z,5.9,5.92,5.9,5.9,28667.919057,169338.53107779
1787859900000,2026-08-27T19:45:00Z,5.925,5.925,5.905,5.92,28359,167661.2439
1787860200000,2026-08-27T19:50:00Z,5.915,5.92,5.89,5.89,56286.688425,332761.27329976
1787860500000,2026-08-27T19:55:00Z,5.905,5.905,5.855,5.86,202339.093703,1189571.76578931
1787860800000,2026-08-27T20:00:00Z,5.865,5.87,5.865,5.87,253157.54018399998,1485098.0779814
1787861100000,2026-08-27T20:05:00Z,5.87,5.87,5.87,5.87,2,11.74
1787861400000,2026-08-27T20:10:00Z,5.87,5.87,5.87,5.87,0,0
1787861700000,2026-08-27T20:15:00Z,5.879,5.924,5.879,5.924,150,881.85
1787862000000,2026-08-27T20:20:00Z,5.925,5.925,5.925,5.925,0,0
1787862300000,2026-08-27T20:25:00Z,5.925,5.925,5.925,5.925,100,592.5
1787862600000,2026-08-27T20:30:00Z,5.925,5.925,5.925,5.925,0,0
1787862900000,2026-08-27T20:35:00Z,5.925,5.925,5.925,5.925,0,0
1787863200000,2026-08-27T20:40:00Z,5.925,5.925,5.925,5.925,0,0
1787863500000,2026-08-27T20:45:00Z,5.925,5.925,5.925,5.925,0,0
1787863800000,2026-08-27T20:50:00Z,5.925,5.925,5.925,5.925,40,237
1787864100000,2026-08-27T20:55:00Z,5.925,5.925,5.925,5.925,20,118.5
1787864700000,2026-08-27T21:05:00Z,5.923,5.934,5.921,5.934,1010,5980.21
1787865000000,2026-08-27T21:10:00Z,5.934,5.934,5.934,5.934,5,29.67
1787865300000,2026-08-27T21:15:00Z,5.935,5.935,5.935,5.935,51,302.685
1787865600000,2026-08-27T21:20:00Z,5.935,5.935,5.935,5.935,20,118.7
1787865900000,2026-08-27T21:25:00Z,5.935,5.935,5.9,5.933,526,3121.3892
1787866200000,2026-08-27T21:30:00Z,5.927,5.934,5.891,5.934,147,867.5058
1787866500000,2026-08-27T21:35:00Z,5.927,5.927,5.887,5.887,3631,21390.9472
1787866800000,2026-08-27T21:40:00Z,5.886,5.886,5.885,5.885,900,5296.5
1787867400000,2026-08-27T21:50:00Z,5.894,5.933,5.894,5.933,1,5.894
1787867700000,2026-08-27T21:55:00Z,5.934,5.934,5.934,5.934,20,118.68
1787868000000,2026-08-27T22:00:00Z,5.934,5.935,5.934,5.935,0,0
1787868600000,2026-08-27T22:10:00Z,5.935,5.935,5.935,5.935,100,593.5
1787868900000,2026-08-27T22:15:00Z,5.932,5.932,5.917,5.917,20,118.64
1787869200000,2026-08-27T22:20:00Z,5.916,5.916,5.916,5.916,105,621.18
1787869500000,2026-08-27T22:25:00Z,5.915,5.915,5.915,5.915,166,981.89
1787869800000,2026-08-27T22:30:00Z,5.915,5.915,5.915,5.915,3000,17745
1787870400000,2026-08-27T22:40:00Z,5.915,5.915,5.915,5.915,16,94.64
1787870700000,2026-08-27T22:45:00Z,5.915,5.915,5.915,5.915,4,23.66
1787871900000,2026-08-27T23:05:00Z,5.915,5.915,5.915,5.915,0,0
1787872800000,2026-08-27T23:20:00Z,5.915,5.919,5.915,5.919,0,0
1787873100000,2026-08-27T23:25:00Z,5.919,5.919,5.919,5.919,0,0
1787873400000,2026-08-27T23:30:00Z,5.92,5.92,5.902,5.902,744.232098,4403.54690066
1787873700000,2026-08-27T23:35:00Z,5.901,5.901,5.901,5.901,15,88.515
1787874000000,2026-08-27T23:40:00Z,5.901,5.901,5.9,5.9,259,1528.1
1787874300000,2026-08-27T23:45:00Z,5.903,5.918,5.903,5.918,0,0
1787874600000,2026-08-27T23:50:00Z,5.919,5.919,5.919,5.919,0,0
1787877300000,2026-08-28T00:35:00Z,5.88,5.88,5.88,5.88,5,29.4
1787877900000,2026-08-28T00:45:00Z,5.87,5.87,5.87,5.87,160,939.2
1787889900000,2026-08-28T04:05:00Z,5.99,5.99,5.99,5.99,18,107.82
1787904000000,2026-08-28T08:00:00Z,5.92,5.925,5.92,5.925,251,1486.3718
1787904300000,2026-08-28T08:05:00Z,5.925,5.925,5.925,5.925,4,23.7
1787904600000,2026-08-28T08:10:00Z,5.927,5.939,5.927,5.939,100,592.7
1787905200000,2026-08-28T08:20:00Z,5.933,5.933,5.9,5.9,0,0
1787907300000,2026-08-28T08:55:00Z,5.9,5.9,5.9,5.9,100,590
1787909700000,2026-08-28T09:35:00Z,5.9,5.9,5.9,5.9,0,0
1787912100000,2026-08-28T10:15:00Z,5.904,5.923,5.904,5.923,1,5.904
1787912700000,2026-08-28T10:25:00Z,5.924,5.924,5.924,5.924,3,17.772
1787913000000,2026-08-28T10:30:00Z,5.925,5.925,5.925,5.925,255,1510.875
1787913300000,2026-08-28T10:35:00Z,5.925,5.925,5.925,5.925,0,0
1787914800000,2026-08-28T11:00:00Z,5.925,5.975,5.925,5.931,100,593
1787915100000,2026-08-28T11:05:00Z,5.931,5.931,5.93,5.93,100,593.1
1787915400000,2026-08-28T11:10:00Z,5.93,5.93,5.93,5.93,0,0
1787916000000,2026-08-28T11:20:00Z,5.93,5.93,5.93,5.93,1,5.93
1787916300000,2026-08-28T11:25:00Z,5.93,5.93,5.93,5.93,3,17.79
1787916600000,2026-08-28T11:30:00Z,5.93,5.93,5.93,5.93,74.722565,443.10481045
1787916900000,2026-08-28T11:35:00Z,5.93,5.93,5.93,5.93,2036,12073.48
1787917500000,2026-08-28T11:45:00Z,5.93,5.93,5.93,5.93,10,59.3
1787917800000,2026-08-28T11:50:00Z,5.93,5.93,5.93,5.93,1282,7602.26
1787918100000,2026-08-28T11:55:00Z,5.938,5.975,5.931,5.931,25,148.3825
1787918400000,2026-08-28T12:00:00Z,5.931,5.931,5.931,5.931,744,4412.664
1787918700000,2026-08-28T12:05:00Z,5.93,5.93,5.93,5.93,160,948.8
1787919000000,2026-08-28T12:10:00Z,5.93,5.943,5.93,5.943,105,622.7025
1787919300000,2026-08-28T12:15:00Z,5.936,5.936,5.895,5.895,3734,22099.679
1787919600000,2026-08-28T12:20:00Z,5.895,5.895,5.895,5.895,20,117.9
1787919900000,2026-08-28T12:25:00Z,5.88,5.895,5.88,5.88,200,1179
1787920800000,2026-08-28T12:40:00Z,5.895,5.895,5.895,5.895,74,436.23
1787921100000,2026-08-28T12:45:00Z,5.904,5.95,5.904,5.95,5233,31131.117
1787921400000,2026-08-28T12:50:00Z,5.95,5.95,5.95,5.95,10,59.5
1787921700000,2026-08-28T12:55:00Z,5.95,5.95,5.95,5.95,49,291.55
1787922000000,2026-08-28T13:00:00Z,5.95,5.95,5.95,5.95,1520,9044
1787922300000,2026-08-28T13:05:00Z,5.95,5.95,5.95,5.95,28,166.6
1787922600000,2026-08-28T13:10:00Z,5.95,5.95,5.95,5.95,201,1195.95
1787923200000,2026-08-28T13:20:00Z,5.95,5.95,5.95,5.95,0,0
1787923500000,2026-08-28T13:25:00Z,5.92,5.95,5.791,5.791,670,3983.432
1787923800000,2026-08-28T13:30:00Z,5.795,5.843,5.771,5.78,35826.785632,207816.3575726688
1787924100000,2026-08-28T13:35:00Z,5.782,5.815,5.73,5.815,36978.408948,213306.8487213264
1787924400000,2026-08-28T13:40:00Z,5.815,5.817,5.79,5.793,7947.730204,46205.285918523
1787924700000,2026-08-28T13:45:00Z,5.78,5.795,5.721,5.74,21308.284652000002,122548.20669058
1787925000000,2026-08-28T13:50:00Z,5.7,5.745,5.7,5.7,36591.99113,209364.73644941
1787925300000,2026-08-28T13:55:00Z,5.74,5.76,5.72,5.76,16715.41801,95901.36774877
1787925600000,2026-08-28T14:00:00Z,5.76,5.768,5.72,5.72,50700.95550900001,291155.30710598
1787925900000,2026-08-28T14:05:00Z,5.72,5.742,5.66,5.69,51256.254761000004,291796.7327289
1787926200000,2026-08-28T14:10:00Z,5.68,5.701,5.66,5.695,21076.962370999998,119710.82317857
1787926500000,2026-08-28T14:15:00Z,5.66,5.729,5.66,5.675,29961.455401,170648.46538194
1787926800000,2026-08-28T14:20:00Z,5.72,5.74,5.695,5.705,24627.0608,140723.95082336
1787927100000,2026-08-28T14:25:00Z,5.72,5.72,5.685,5.69,17326.451925,98895.92229752
1787927400000,2026-08-28T14:30:00Z,5.708,5.715,5.685,5.712,7417.922638999999,42245.4340523132943053
1787927700000,2026-08-28T14:35:00Z,5.713,5.75,5.71,5.729,16959.843402,97117.3521343982
1787928000000,2026-08-28T14:40:00Z,5.729,5.749,5.71,5.745,24780,141677.978
1787928300000,2026-08-28T14:45:00Z,5.744,5.744,5.711,5.715,7836,44949.0168
1787928600000,2026-08-28T14:50:00Z,5.715,5.725,5.692,5.695,22049.449463999998,125961.8899529927885746
1787928900000,2026-08-28T14:55:00Z,5.685,5.695,5.67,5.67,18891.140421,107483.03253932
1787929200000,2026-08-28T15:00:00Z,5.675,5.69,5.66,5.66,35170.887195999996,199629.9557245
1787929500000,2026-08-28T15:05:00Z,5.67,5.685,5.65,5.65,12819.177026000001,72719.34551539
1787929800000,2026-08-28T15:10:00Z,5.65,5.665,5.635,5.64,24962.204904000002,141153.78007065
1787930100000,2026-08-28T15:15:00Z,5.64,5.665,5.63,5.645,27052.68464,152796.26811518
1787930400000,2026-08-28T15:20:00Z,5.645,5.67,5.645,5.67,26994.097595,152694.81245588
1787930700000,2026-08-28T15:25:00Z,5.665,5.665,5.64,5.64,23696.251423,134016.51954792
1787931000000,2026-08-28T15:30:00Z,5.65,5.65,5.62,5.625,45391.248181,255510.0551356671
1787931300000,2026-08-28T15:35:00Z,5.625,5.625,5.605,5.605,7411,41673.785
1787931600000,2026-08-28T15:40:00Z,5.605,5.61,5.575,5.585,33470.446828,187216.594332418
1787931900000,2026-08-28T15:45:00Z,5.585,5.585,5.54,5.546,12770.657623000001,71030.17296011000557
1787932200000,2026-08-28T15:50:00Z,5.546,5.55,5.525,5.549,27837.54076,154111.409401436
1787932500000,2026-08-28T15:55:00Z,5.551,5.555,5.51,5.525,10998.590597,60904.7517295143
1787932800000,2026-08-28T16:00:00Z,5.525,5.532,5.5,5.525,26058.206444,143703.1910767268
1787933100000,2026-08-28T16:05:00Z,5.525,5.56,5.525,5.545,15537,85954.8703
1787933400000,2026-08-28T16:10:00Z,5.545,5.55,5.524,5.525,11972.911786,66284.7415208318
1787933700000,2026-08-28T16:15:00Z,5.525,5.525,5.5,5.515,3399.621197,18760.4696514051
1787934000000,2026-08-28T16:20:00Z,5.525,5.53,5.505,5.52,14060.473704,77599.75437238
1787934300000,2026-08-28T16:25:00Z,5.53,5.53,5.5,5.5,17415.990377000002,96059.63652338
1787934600000,2026-08-28T16:30:00Z,5.52,5.535,5.505,5.52,15194.643252000002,83915.45628782
1787934900000,2026-08-28T16:35:00Z,5.525,5.55,5.52,5.52,11892.201173000001,65850.68555525
1787935200000,2026-08-28T16:40:00Z,5.54,5.54,5.525,5.53,8183.814928,45267.13551125
1787935500000,2026-08-28T16:45:00Z,5.525,5.56,5.525,5.537,6890.709184,38204.2807895159
1787935800000,2026-08-28T16:50:00Z,5.536,5.55,5.53,5.535,12810.049058,70937.8231073236
1787936100000,2026-08-28T16:55:00Z,5.535,5.545,5.53,5.543,5408,29939.612
1787936400000,2026-08-28T17:00:00Z,5.542,5.542,5.525,5.535,3961,21907.5224
1787936700000,2026-08-28T17:05:00Z,5.535,5.54,5.521,5.535,6757.35089,37336.7331433606
1787937000000,2026-08-28T17:10:00Z,5.534,5.544,5.52,5.544,3664,20252.5844
1787937300000,2026-08-28T17:15:00Z,5.545,5.545,5.52,5.537,4359,24158.478
1787937600000,2026-08-28T17:20:00Z,5.536,5.54,5.525,5.525,10447.464577,57785.6442902865
1787937900000,2026-08-28T17:25:00Z,5.53,5.55,5.525,5.55,8541,47275.2891
1787938200000,2026-08-28T17:30:00Z,5.53,5.555,5.526,5.54,9652.755357000002,53502.32711724
1787938500000,2026-08-28T17:35:00Z,5.545,5.545,5.53,5.54,13841,76668.0672
1787938800000,2026-08-28T17:40:00Z,5.54,5.54,5.52,5.52,9360.312806,51774.69822383
1787939100000,2026-08-28T17:45:00Z,5.525,5.56,5.525,5.555,10065.466252,55779.79432871
1787939400000,2026-08-28T17:50:00Z,5.555,5.565,5.54,5.555,27351.588726,152065.676695038
1787939700000,2026-08-28T17:55:00Z,5.54,5.555,5.54,5.555,14356.037099,79676.0060708393
1787940000000,2026-08-28T18:00:00Z,5.555,5.57,5.54,5.542,12874.922238,71522.7680165376
1787940300000,2026-08-28T18:05:00Z,5.541,5.555,5.536,5.537,6557.4037,36352.34465648
1787940600000,2026-08-28T18:10:00Z,5.536,5.55,5.52,5.522,16767,92790.6931
1787940900000,2026-08-28T18:15:00Z,5.521,5.521,5.515,5.515,7123.808813,39287.9383360332
1787941200000,2026-08-28T18:20:00Z,5.515,5.515,5.5,5.514,4324.181198,23847.85930697
1787941500000,2026-08-28T18:25:00Z,5.514,5.53,5.51,5.518,3815.08735,21039.70673525
1787941800000,2026-08-28T18:30:00Z,5.517,5.525,5.515,5.515,7140.946087,39402.0814590224
1787942100000,2026-08-28T18:35:00Z,5.515,5.52,5.505,5.505,8533.81239,47051.99087585
1787942400000,2026-08-28T18:40:00Z,5.505,5.515,5.505,5.505,9758.565085,53721.900792925
1787942700000,2026-08-28T18:45:00Z,5.505,5.52,5.495,5.495,38840.128517,213694.765858477
1787943000000,2026-08-28T18:50:00Z,5.47,5.495,5.47,5.475,10212.007898000002,56051.66895054
1787943300000,2026-08-28T18:55:00Z,5.46,5.485,5.46,5.485,28212.359039,154561.40899516
1787943600000,2026-08-28T19:00:00Z,5.47,5.485,5.47,5.475,21484.728215000003,117770.68618334
1787943900000,2026-08-28T19:05:00Z,5.495,5.495,5.465,5.495,30561.075334,167520.53444332
1787944200000,2026-08-28T19:10:00Z,5.485,5.49,5.47,5.475,8296.201278,45434.790531066
1787944500000,2026-08-28T19:15:00Z,5.48,5.52,5.478,5.505,27028.236541,148216.1350725735
1787944800000,2026-08-28T19:20:00Z,5.505,5.53,5.505,5.525,25028,137881.546
1787945100000,2026-08-28T19:25:00Z,5.525,5.54,5.52,5.535,29156.117654,161118.58203835
1787945400000,2026-08-28T19:30:00Z,5.535,5.535,5.51,5.515,20639.792966,114030.7281785568
1787945700000,2026-08-28T19:35:00Z,5.515,5.52,5.505,5.515,9165.671,50484.837539
1787946000000,2026-08-28T19:40:00Z,5.515,5.525,5.5,5.525,22949.20795,126644.965113665
1787946300000,2026-08-28T19:45:00Z,5.525,5.53,5.49,5.515,61950.599898,341502.8052777352
1787946600000,2026-08-28T19:50:00Z,5.53,5.535,5.495,5.515,37360,206136.22
1787946900000,2026-08-28T19:55:00Z,5.515,5.515,5.47,5.47,143461.639848,787518.32578161
1787947200000,2026-08-28T20:00:00Z,5.53,5.665,5.475,5.53,260703.878536,1428057.63545665
1787947500000,2026-08-28T20:05:00Z,5.665,5.665,5.665,5.665,1,5.665
1787947800000,2026-08-28T20:10:00Z,5.665,5.665,5.665,5.665,364.680567,2065.91541206
1787948100000,2026-08-28T20:15:00Z,5.665,5.665,5.665,5.665,445,2520.925
1787948400000,2026-08-28T20:20:00Z,5.665,5.665,5.665,5.665,77,436.205
1787948700000,2026-08-28T20:25:00Z,5.665,5.665,5.665,5.665,15,84.975
1787949000000,2026-08-28T20:30:00Z,5.665,5.665,5.665,5.665,165,934.725
1787949300000,2026-08-28T20:35:00Z,5.665,5.665,5.665,5.665,6,33.99
1787949600000,2026-08-28T20:40:00Z,5.665,5.665,5.665,5.665,4000,22660
1787949900000,2026-08-28T20:45:00Z,5.665,5.665,5.665,5.665,824,4667.96
1787950200000,2026-08-28T20:50:00Z,5.645,5.645,5.547,5.547,100,564.5
1787950500000,2026-08-28T20:55:00Z,5.549,5.56,5.549,5.56,0,0
1787950800000,2026-08-28T21:00:00Z,5.561,5.564,5.561,5.564,0,0
1787951100000,2026-08-28T21:05:00Z,5.565,5.565,5.562,5.562,10,55.65
1787951400000,2026-08-28T21:10:00Z,5.561,5.561,5.561,5.561,70,389.27
1787951700000,2026-08-28T21:15:00Z,5.56,5.56,5.56,5.56,1,5.56
1787952000000,2026-08-28T21:20:00Z,5.56,5.56,5.56,5.56,709,3942.04
1787952900000,2026-08-28T21:35:00Z,5.559,5.559,5.552,5.552,38,211.242
1787953200000,2026-08-28T21:40:00Z,5.551,5.551,5.55,5.55,21,116.55
1787953500000,2026-08-28T21:45:00Z,5.55,5.55,5.546,5.546,9,49.9176
1787953800000,2026-08-28T21:50:00Z,5.545,5.545,5.545,5.545,200,1109
1787954100000,2026-08-28T21:55:00Z,5.545,5.545,5.545,5.545,6,33.27
1787954400000,2026-08-28T22:00:00Z,5.545,5.545,5.545,5.545,15,83.175
1787955000000,2026-08-28T22:10:00Z,5.545,5.545,5.545,5.545,0,0
1787955300000,2026-08-28T22:15:00Z,5.545,5.545,5.545,5.545,0,0
1787956200000,2026-08-28T22:30:00Z,5.545,5.545,5.526,5.526,714,3945.8496
1787956500000,2026-08-28T22:35:00Z,5.525,5.539,5.525,5.527,20,110.62
1787956800000,2026-08-28T22:40:00Z,5.526,5.54,5.525,5.54,6,33.225
1787957100000,2026-08-28T22:45:00Z,5.537,5.537,5.525,5.525,15,82.995
1787957400000,2026-08-28T22:50:00Z,5.525,5.544,5.525,5.544,180,994.59
1787957700000,2026-08-28T22:55:00Z,5.545,5.545,5.525,5.525,135,746.55
1787958600000,2026-08-28T23:10:00Z,5.525,5.525,5.525,5.525,1001,5530.525
1787958900000,2026-08-28T23:15:00Z,5.525,5.544,5.525,5.544,2,11.05
1787959500000,2026-08-28T23:25:00Z,5.542,5.542,5.525,5.525,0,0
1787959800000,2026-08-28T23:30:00Z,5.525,5.525,5.525,5.525,3.4997949999999998,19.3363673749999989
1787960700000,2026-08-28T23:45:00Z,5.525,5.525,5.525,5.525,451,2491.775
1787961000000,2026-08-28T23:50:00Z,5.525,5.525,5.525,5.525,250,1381.25
1787961300000,2026-08-28T23:55:00Z,5.526,5.528,5.526,5.528,0,0
1788134400000,2026-08-31T00:00:00Z,5.51,5.51,5.5,5.5,231,1272.71
1788134700000,2026-08-31T00:05:00Z,5.48,5.48,5.48,5.48,5,27.4
1788135000000,2026-08-31T00:10:00Z,5.44,5.44,5.44,5.44,10,54.4
1788137100000,2026-08-31T00:45:00Z,5.49,5.49,5.49,5.49,60,329.4
1788144600000,2026-08-31T02:50:00Z,5.49,5.49,5.49,5.49,6,32.94
1788153000000,2026-08-31T05:10:00Z,5.5,5.5,5.5,5.5,1,5.5
1788153600000,2026-08-31T05:20:00Z,5.51,5.51,5.51,5.51,135,743.85
1788154200000,2026-08-31T05:30:00Z,5.51,5.51,5.51,5.51,399,2198.49
1788161400000,2026-08-31T07:30:00Z,5.49,5.49,5.49,5.49,42,230.58
1788162900000,2026-08-31T07:55:00Z,5.529,5.529,5.529,5.529,0,0
1788163200000,2026-08-31T08:00:00Z,5.529,5.53,5.455,5.464,1000,5478.5
1788163500000,2026-08-31T08:05:00Z,5.465,5.465,5.465,5.465,240,1311.6
1788163800000,2026-08-31T08:10:00Z,5.465,5.465,5.461,5.461,522,2851.5294
1788164100000,2026-08-31T08:15:00Z,5.461,5.464,5.461,5.464,1,5.461
1788165000000,2026-08-31T08:30:00Z,5.464,5.464,5.464,5.464,0,0
1788165300000,2026-08-31T08:35:00Z,5.464,5.464,5.464,5.464,0,0
1788165600000,2026-08-31T08:40:00Z,5.465,5.465,5.465,5.465,14,76.51
1788165900000,2026-08-31T08:45:00Z,5.465,5.465,5.465,5.465,31,169.415
1788166200000,2026-08-31T08:50:00Z,5.463,5.463,5.46,5.46,600,3276.42
1788166800000,2026-08-31T09:00:00Z,5.46,5.46,5.46,5.46,351,1916.46
1788168000000,2026-08-31T09:20:00Z,5.461,5.463,5.461,5.463,32,174.752
1788168600000,2026-08-31T09:30:00Z,5.464,5.464,5.464,5.464,6,32.784
1788168900000,2026-08-31T09:35:00Z,5.464,5.465,5.464,5.465,0,0
1788169500000,2026-08-31T09:45:00Z,5.465,5.465,5.465,5.465,0,0
1788170100000,2026-08-31T09:55:00Z,5.465,5.465,5.465,5.465,25,136.625
1788170400000,2026-08-31T10:00:00Z,5.46,5.46,5.437,5.437,122,666.12
1788172800000,2026-08-31T10:40:00Z,5.437,5.441,5.437,5.441,1,5.437
1788173100000,2026-08-31T10:45:00Z,5.442,5.443,5.442,5.443,0,0
1788173400000,2026-08-31T10:50:00Z,5.444,5.444,5.441,5.441,0.676696,3.683933024
1788174000000,2026-08-31T11:00:00Z,5.441,5.469,5.44,5.469,2544,13841.6496
1788174300000,2026-08-31T11:05:00Z,5.47,5.47,5.47,5.47,200,1094
1788174600000,2026-08-31T11:10:00Z,5.47,5.47,5.47,5.47,1001,5475.47
1788174900000,2026-08-31T11:15:00Z,5.47,5.47,5.47,5.47,100,547
1788175500000,2026-08-31T11:25:00Z,5.465,5.465,5.441,5.444,2175,11883.1125
1788175800000,2026-08-31T11:30:00Z,5.445,5.445,5.445,5.445,100,544.5
1788176100000,2026-08-31T11:35:00Z,5.445,5.445,5.445,5.445,200,1089
1788176400000,2026-08-31T11:40:00Z,5.445,5.445,5.445,5.445,2,10.89
1788176700000,2026-08-31T11:45:00Z,5.445,5.445,5.445,5.445,1.663418,9.05731101
1788177000000,2026-08-31T11:50:00Z,5.442,5.442,5.432,5.432,2,10.884
1788177300000,2026-08-31T11:55:00Z,5.433,5.444,5.433,5.444,1001,5449.444
1788177600000,2026-08-31T12:00:00Z,5.445,5.445,5.445,5.445,1102,6000.39
1788177900000,2026-08-31T12:05:00Z,5.445,5.445,5.445,5.445,1352,7361.64
1788178200000,2026-08-31T12:10:00Z,5.445,5.445,5.445,5.445,120,653.4
1788178500000,2026-08-31T12:15:00Z,5.445,5.445,5.442,5.442,382,2079.608
1788178800000,2026-08-31T12:20:00Z,5.442,5.444,5.442,5.444,100,544.3
1788179100000,2026-08-31T12:25:00Z,5.444,5.444,5.444,5.444,1,5.444
1788179700000,2026-08-31T12:35:00Z,5.445,5.445,5.445,5.445,111,604.395
1788180000000,2026-08-31T12:40:00Z,5.445,5.445,5.445,5.445,745,4056.525
1788180300000,2026-08-31T12:45:00Z,5.445,5.445,5.445,5.445,6211,33818.895
1788180600000,2026-08-31T12:50:00Z,5.445,5.453,5.441,5.446,1570,8560.582
1788180900000,2026-08-31T12:55:00Z,5.446,5.446,5.441,5.441,200,1089.2
1788181200000,2026-08-31T13:00:00Z,5.44,5.44,5.44,5.44,0,0
1788181500000,2026-08-31T13:05:00Z,5.44,5.44,5.44,5.44,25,136
1788182100000,2026-08-31T13:15:00Z,5.441,5.449,5.441,5.449,253,1377.5344
1788182400000,2026-08-31T13:20:00Z,5.45,5.45,5.45,5.45,1150,6267.5
1788182700000,2026-08-31T13:25:00Z,5.451,5.455,5.451,5.455,1469,8008.6942
1788183000000,2026-08-31T13:30:00Z,5.56,5.584,5.457,5.54,112018.867704,614580.31577123
1788183300000,2026-08-31T13:35:00Z,5.56,5.574,5.455,5.455,57509.686898,317758.27301752
1788183600000,2026-08-31T13:40:00Z,5.455,5.482,5.431,5.465,26813.752254,146266.33717034
1788183900000,2026-08-31T13:45:00Z,5.45,5.506,5.44,5.47,23504.513176,128177.16170268
1788184200000,2026-08-31T13:50:00Z,5.46,5.46,5.4,5.42,78530.543295,426860.6211343
1788184500000,2026-08-31T13:55:00Z,5.46,5.47,5.42,5.425,11826.654645999999,64389.03855468
1788184800000,2026-08-31T14:00:00Z,5.42,5.425,5.376,5.415,17288.989192,93389.93291843
1788185100000,2026-08-31T14:05:00Z,5.383,5.387,5.345,5.345,19759.118657,106086.3249461622
1788185400000,2026-08-31T14:10:00Z,5.345,5.375,5.33,5.338,29314.585597,156824.4866640482
1788185700000,2026-08-31T14:15:00Z,5.337,5.35,5.335,5.345,6698.998587,35739.6671612211
1788186000000,2026-08-31T14:20:00Z,5.35,5.356,5.337,5.34,19574.811647000002,104711.5399433
1788186300000,2026-08-31T14:25:00Z,5.32,5.343,5.32,5.325,15495.555983,82633.15139054
1788186600000,2026-08-31T14:30:00Z,5.32,5.35,5.317,5.35,23651.103243999998,126105.31738668
1788186900000,2026-08-31T14:35:00Z,5.32,5.35,5.315,5.325,20296.193835000002,108075.20255199
1788187200000,2026-08-31T14:40:00Z,5.32,5.34,5.295,5.32,69992.709578,372592.19089657
1788187500000,2026-08-31T14:45:00Z,5.34,5.355,5.325,5.34,21201.646101000002,113199.82886246
1788187800000,2026-08-31T14:50:00Z,5.36,5.362,5.325,5.33,25775.355336,137771.85180645
1788188100000,2026-08-31T14:55:00Z,5.36,5.37,5.32,5.34,37184.991347999996,198735.18625939
1788188400000,2026-08-31T15:00:00Z,5.355,5.355,5.32,5.32,14180.222039,75691.18919977
1788188700000,2026-08-31T15:05:00Z,5.325,5.355,5.325,5.325,18074.667881999998,96507.88168915
1788189000000,2026-08-31T15:10:00Z,5.33,5.34,5.32,5.325,13996.037258,74575.0853218
1788189300000,2026-08-31T15:15:00Z,5.325,5.345,5.31,5.345,40407.282236,215168.7779067
1788189600000,2026-08-31T15:20:00Z,5.344,5.345,5.325,5.345,6101.587463,32607.6921664423
1788189900000,2026-08-31T15:25:00Z,5.345,5.375,5.345,5.366,18568.913123,99479.2382738479
1788190200000,2026-08-31T15:30:00Z,5.37,5.37,5.35,5.35,34183.144389,183156.7059507
1788190500000,2026-08-31T15:35:00Z,5.36,5.365,5.345,5.345,17529.523968,93907.41284897
1788190800000,2026-08-31T15:40:00Z,5.345,5.365,5.345,5.36,11266.976714,60357.1942569
1788191100000,2026-08-31T15:45:00Z,5.36,5.37,5.355,5.36,14023.208293,75220.48928365
1788191400000,2026-08-31T15:50:00Z,5.355,5.365,5.35,5.355,8346.767005,44743.679207
1788191700000,2026-08-31T15:55:00Z,5.37,5.37,5.355,5.36,10629.20816,56965.11529189
1788192000000,2026-08-31T16:00:00Z,5.365,5.365,5.355,5.365,10355.70744,55502.44959542
1788192300000,2026-08-31T16:05:00Z,5.355,5.355,5.325,5.335,32961.73903,175999.20555069
1788192600000,2026-08-31T16:10:00Z,5.335,5.35,5.325,5.34,18071.692073,96336.57610275
1788192900000,2026-08-31T16:15:00Z,5.325,5.34,5.325,5.33,9303.23664,49611.37003013
1788193200000,2026-08-31T16:20:00Z,5.35,5.35,5.32,5.345,18489.187779,98663.85274508
1788193500000,2026-08-31T16:25:00Z,5.345,5.345,5.335,5.345,7610.330455,40608.72330788
1788193800000,2026-08-31T16:30:00Z,5.345,5.345,5.335,5.335,5633.27913,30096.920407851
1788194100000,2026-08-31T16:35:00Z,5.335,5.335,5.32,5.325,3429,18284.715
1788194400000,2026-08-31T16:40:00Z,5.325,5.355,5.325,5.355,9888.026718,52750.6449351864
1788194700000,2026-08-31T16:45:00Z,5.355,5.36,5.34,5.355,1941.545756,10396.97752338
1788195000000,2026-08-31T16:50:00Z,5.35,5.36,5.346,5.36,10303.36265,55125.05085003
1788195300000,2026-08-31T16:55:00Z,5.36,5.38,5.355,5.375,26666.845905000002,143123.62865673
1788195600000,2026-08-31T17:00:00Z,5.365,5.369,5.34,5.34,9583,51391.7124
1788195900000,2026-08-31T17:05:00Z,5.36,5.365,5.345,5.345,8708.434181,46604.92720646
1788196200000,2026-08-31T17:10:00Z,5.34,5.365,5.34,5.365,10815.66472,57917.8845756
1788196500000,2026-08-31T17:15:00Z,5.365,5.365,5.34,5.36,18599.713694,99564.26740398
1788196800000,2026-08-31T17:20:00Z,5.35,5.352,5.345,5.345,6460.919304,34548.47379428
1788197100000,2026-08-31T17:25:00Z,5.35,5.365,5.345,5.35,30140,161375.588
1788197400000,2026-08-31T17:30:00Z,5.35,5.365,5.35,5.36,14228.4026,76235.7811308
1788197700000,2026-08-31T17:35:00Z,5.345,5.37,5.34,5.35,13386.227115,71683.24620083
1788198000000,2026-08-31T17:40:00Z,5.365,5.365,5.355,5.365,9551.8397,51220.78520728
1788198300000,2026-08-31T17:45:00Z,5.365,5.375,5.36,5.375,22738.742827000002,122104.77510671
1788198600000,2026-08-31T17:50:00Z,5.37,5.375,5.365,5.375,12436.789767,66810.8463493473
1788198900000,2026-08-31T17:55:00Z,5.37,5.38,5.365,5.38,12740.056958000001,68387.35174485
1788199200000,2026-08-31T18:00:00Z,5.39,5.39,5.365,5.39,8833.64141,47445.48801311
1788199500000,2026-08-31T18:05:00Z,5.39,5.39,5.375,5.375,29371.601213,157972.219964
1788199800000,2026-08-31T18:10:00Z,5.385,5.39,5.37,5.38,34049.814321000005,183225.45584273
1788200100000,2026-08-31T18:15:00Z,5.375,5.385,5.375,5.375,10306.45254,55500.2469279
1788200400000,2026-08-31T18:20:00Z,5.39,5.415,5.38,5.415,45219.174593,244047.88527842
1788200700000,2026-08-31T18:25:00Z,5.41,5.43,5.395,5.43,59620.640812,322583.43917741
1788201000000,2026-08-31T18:30:00Z,5.43,5.43,5.405,5.41,28927.590169,156611.08041595
1788201300000,2026-08-31T18:35:00Z,5.41,5.425,5.405,5.42,29782.338,161333.9031798
1788201600000,2026-08-31T18:40:00Z,5.42,5.42,5.4,5.4,9990.030303,54086.02406044
1788201900000,2026-08-31T18:45:00Z,5.405,5.405,5.395,5.405,20534.865615,110941.6649716
1788202200000,2026-08-31T18:50:00Z,5.4,5.4,5.365,5.365,17912.280592,96430.76256703
1788202500000,2026-08-31T18:55:00Z,5.375,5.4,5.37,5.387,19577.26784,105396.179143424
1788202800000,2026-08-31T19:00:00Z,5.385,5.395,5.365,5.375,15221,81892.0242
1788203100000,2026-08-31T19:05:00Z,5.375,5.38,5.355,5.365,20945.731520000001,112434.7755909600053715
1788203400000,2026-08-31T19:10:00Z,5.365,5.375,5.35,5.365,13563.842849,72731.5060091927
1788203700000,2026-08-31T19:15:00Z,5.355,5.365,5.355,5.36,14338.7,76927.1255
1788204000000,2026-08-31T19:20:00Z,5.365,5.38,5.355,5.38,34145.539300000004,183255.69486917
1788204300000,2026-08-31T19:25:00Z,5.385,5.385,5.375,5.385,17594.5744,94570.8374
1788204600000,2026-08-31T19:30:00Z,5.38,5.4,5.375,5.39,65973,355317.3834
1788204900000,2026-08-31T19:35:00Z,5.39,5.39,5.375,5.38,67041.787599,360671.4089251
1788205200000,2026-08-31T19:40:00Z,5.38,5.385,5.365,5.38,50912.57745800001,273986.03559023
1788205500000,2026-08-31T19:45:00Z,5.375,5.415,5.37,5.38,41073.92632,221536.32899955
1788205800000,2026-08-31T19:50:00Z,5.39,5.47,5.39,5.44,195147.095446,1061658.74335487
1788206100000,2026-08-31T19:55:00Z,5.44,5.455,5.41,5.44,179453.637308,975043.39294929
1788206400000,2026-08-31T20:00:00Z,5.433,5.45,5.426,5.426,525014.278543,2852612.58103554
1788206700000,2026-08-31T20:05:00Z,5.425,5.425,5.425,5.425,6941,37654.925
1788207000000,2026-08-31T20:10:00Z,5.425,5.425,5.425,5.425,13524.687809,73371.43136383
1788207300000,2026-08-31T20:15:00Z,5.425,5.425,5.425,5.425,0,0
1788207600000,2026-08-31T20:20:00Z,5.425,5.425,5.425,5.425,0,0
1788207900000,2026-08-31T20:25:00Z,5.425,5.443,5.425,5.443,53,287.5303
1788208200000,2026-08-31T20:30:00Z,5.444,5.445,5.441,5.441,48,261.2784
1788208800000,2026-08-31T20:40:00Z,5.44,5.44,5.44,5.44,515,2801.6
1788209100000,2026-08-31T20:45:00Z,5.44,5.44,5.44,5.44,144,783.36
1788209400000,2026-08-31T20:50:00Z,5.44,5.44,5.44,5.44,7,38.08
1788209700000,2026-08-31T20:55:00Z,5.44,5.44,5.44,5.44,20,108.8
1788210000000,2026-08-31T21:00:00Z,5.44,5.44,5.44,5.44,18,97.92
1788210300000,2026-08-31T21:05:00Z,5.44,5.44,5.44,5.44,1773,9645.12
1788210900000,2026-08-31T21:15:00Z,5.44,5.44,5.44,5.44,40,217.6
1788211500000,2026-08-31T21:25:00Z,5.44,5.44,5.44,5.44,0,0
1788211800000,2026-08-31T21:30:00Z,5.44,5.44,5.44,5.44,0,0
1788212400000,2026-08-31T21:40:00Z,5.44,5.44,5.44,5.44,100,544
1788213300000,2026-08-31T21:55:00Z,5.44,5.44,5.44,5.44,3,16.32
1788213600000,2026-08-31T22:00:00Z,5.44,5.44,5.44,5.44,35,190.4
1788214200000,2026-08-31T22:10:00Z,5.44,5.44,5.44,5.44,99,538.56
1788214500000,2026-08-31T22:15:00Z,5.44,5.44,5.44,5.44,19,103.36
1788214800000,2026-08-31T22:20:00Z,5.44,5.44,5.44,5.44,100,544
1788215100000,2026-08-31T22:25:00Z,5.44,5.44,5.44,5.44,1001,5445.44
1788215400000,2026-08-31T22:30:00Z,5.44,5.44,5.44,5.44,1877,10210.88
1788216300000,2026-08-31T22:45:00Z,5.44,5.44,5.44,5.44,40,217.6
1788216900000,2026-08-31T22:55:00Z,5.44,5.44,5.44,5.44,431,2344.64
1788218100000,2026-08-31T23:15:00Z,5.44,5.44,5.44,5.44,7,38.08
1788218400000,2026-08-31T23:20:00Z,5.44,5.44,5.44,5.44,2005,10907.2
1788219000000,2026-08-31T23:30:00Z,5.44,5.44,5.44,5.44,6.0514969999999995,32.92014368
1788219600000,2026-08-31T23:40:00Z,5.436,5.436,5.416,5.416,265,1440.54
1788219900000,2026-08-31T23:45:00Z,5.415,5.428,5.415,5.428,35,189.525
1788220200000,2026-08-31T23:50:00Z,5.429,5.429,5.429,5.429,0,0
1788234900000,2026-09-01T03:55:00Z,5.43,5.43,5.43,5.43,1,5.43
1788244800000,2026-09-01T06:40:00Z,5.42,5.42,5.42,5.42,15,81.3
1788249600000,2026-09-01T08:00:00Z,5.43,5.44,5.43,5.44,203.465998,1105.00348854
1788251400000,2026-09-01T08:30:00Z,5.44,5.44,5.44,5.44,10,54.4
1788251700000,2026-09-01T08:35:00Z,5.44,5.44,5.352,5.352,278,1512.0142
1788252900000,2026-09-01T08:55:00Z,5.351,5.372,5.35,5.372,0,0
1788253200000,2026-09-01T09:00:00Z,5.373,5.373,5.366,5.366,124,666.252
1788253800000,2026-09-01T09:10:00Z,5.357,5.357,5.317,5.317,42,224.994
1788254100000,2026-09-01T09:15:00Z,5.316,5.323,5.316,5.323,0,0
1788256800000,2026-09-01T10:00:00Z,5.324,5.324,5.324,5.324,22,117.128
1788257700000,2026-09-01T10:15:00Z,5.325,5.325,5.325,5.325,80,426
1788258000000,2026-09-01T10:20:00Z,5.325,5.325,5.325,5.325,1,5.325
1788258300000,2026-09-01T10:25:00Z,5.325,5.325,5.325,5.325,82,436.65
1788258900000,2026-09-01T10:35:00Z,5.325,5.325,5.325,5.325,45,239.625
1788259200000,2026-09-01T10:40:00Z,5.327,5.339,5.327,5.339,75,400.425
1788259500000,2026-09-01T10:45:00Z,5.339,5.339,5.339,5.339,0,0
1788260400000,2026-09-01T11:00:00Z,5.34,5.34,5.34,5.34,3179,16975.86
1788260700000,2026-09-01T11:05:00Z,5.34,5.34,5.34,5.34,191,1019.94
1788261000000,2026-09-01T11:10:00Z,5.34,5.34,5.326,5.326,1228.704313,6560.17519754
1788261300000,2026-09-01T11:15:00Z,5.325,5.325,5.325,5.325,1,5.325
1788261600000,2026-09-01T11:20:00Z,5.325,5.325,5.325,5.325,720,3834
1788262200000,2026-09-01T11:30:00Z,5.325,5.325,5.325,5.325,1665,8866.125
1788262500000,2026-09-01T11:35:00Z,5.328,5.339,5.328,5.339,55,293.04
1788262800000,2026-09-01T11:40:00Z,5.339,5.339,5.339,5.339,66,352.374
1788263400000,2026-09-01T11:50:00Z,5.337,5.337,5.327,5.327,0,0
1788263700000,2026-09-01T11:55:00Z,5.326,5.339,5.326,5.339,506,2701.4834
1788264000000,2026-09-01T12:00:00Z,5.34,5.34,5.34,5.34,100,534
1788264300000,2026-09-01T12:05:00Z,5.34,5.34,5.34,5.34,26,138.84
1788264600000,2026-09-01T12:10:00Z,5.34,5.34,5.326,5.326,4,21.36
1788264900000,2026-09-01T12:15:00Z,5.326,5.339,5.326,5.339,225.818148,1203.20425617
1788265200000,2026-09-01T12:20:00Z,5.34,5.34,5.34,5.34,200,1068
1788265500000,2026-09-01T12:25:00Z,5.34,5.34,5.34,5.34,213,1137.42
1788265800000,2026-09-01T12:30:00Z,5.34,5.34,5.326,5.326,1298,6916.5228
1788266100000,2026-09-01T12:35:00Z,5.326,5.326,5.326,5.326,5,26.63
1788266400000,2026-09-01T12:40:00Z,5.325,5.339,5.325,5.339,983,5235.2614
1788266700000,2026-09-01T12:45:00Z,5.34,5.34,5.34,5.34,1,5.34
1788267000000,2026-09-01T12:50:00Z,5.34,5.34,5.34,5.34,10,53.4
1788267300000,2026-09-01T12:55:00Z,5.34,5.34,5.326,5.326,56,298.8776
1788267600000,2026-09-01T13:00:00Z,5.325,5.325,5.325,5.325,6,31.95
1788267900000,2026-09-01T13:05:00Z,5.324,5.324,5.32,5.32,8135,43291.216
1788268200000,2026-09-01T13:10:00Z,5.321,5.323,5.32,5.32,3228,17173.2828
1788268500000,2026-09-01T13:15:00Z,5.32,5.32,5.32,5.32,86,457.52
1788268800000,2026-09-01T13:20:00Z,5.32,5.323,5.32,5.323,1005,5347.605
1788269100000,2026-09-01T13:25:00Z,5.324,5.325,5.315,5.315,425.718542,2265.4186494
1788269400000,2026-09-01T13:30:00Z,5.26,5.315,5.26,5.265,95012.60739100001,503585.82169378
1788269700000,2026-09-01T13:35:00Z,5.255,5.266,5.13,5.13,163313.61339,849247.12098934
1788270000000,2026-09-01T13:40:00Z,5.12,5.153,5.1,5.15,49500.126556,253821.7989412
1788270300000,2026-09-01T13:45:00Z,5.16,5.165,5.136,5.15,22468.039305,115586.82820457
1788270600000,2026-09-01T13:50:00Z,5.14,5.17,5.115,5.12,25684.132856,132270.8326216856
1788270900000,2026-09-01T13:55:00Z,5.12,5.14,5.11,5.135,15910.766842999999,81460.0406180336948781
1788271200000,2026-09-01T14:00:00Z,5.135,5.145,5.115,5.14,11595.194977,59442.1889715997
1788271500000,2026-09-01T14:05:00Z,5.139,5.155,5.12,5.155,21496.314267,110453.4049598044
1788271800000,2026-09-01T14:10:00Z,5.155,5.155,5.105,5.115,5833.041838,30041.3320740676
1788272100000,2026-09-01T14:15:00Z,5.115,5.14,5.105,5.115,15901.634644999998,81488.1670652314897506
1788272400000,2026-09-01T14:20:00Z,5.115,5.139,5.11,5.13,19776.68878,101319.9319577
1788272700000,2026-09-01T14:25:00Z,5.13,5.14,5.115,5.12,15847.238227000002,81288.4084854
1788273000000,2026-09-01T14:30:00Z,5.13,5.145,5.125,5.14,18558.679464999997,95230.15193875
1788273300000,2026-09-01T14:35:00Z,5.14,5.145,5.125,5.135,13184.021389000001,67685.44740899
1788273600000,2026-09-01T14:40:00Z,5.13,5.16,5.127,5.155,25192.167478,129636.37462504
1788273900000,2026-09-01T14:45:00Z,5.15,5.17,5.145,5.17,18710.778,96444.705201
1788274200000,2026-09-01T14:50:00Z,5.145,5.165,5.145,5.145,14042.074302,72398.12668625
1788274500000,2026-09-01T14:55:00Z,5.155,5.17,5.155,5.165,13562.459294,70051.45849944
1788274800000,2026-09-01T15:00:00Z,5.16,5.175,5.155,5.175,12394.850864,64037.99698886
1788275100000,2026-09-01T15:05:00Z,5.15,5.16,5.14,5.155,19197.39931,98897.3222854
1788275400000,2026-09-01T15:10:00Z,5.175,5.175,5.135,5.135,15707.911128999998,81049.67984341
1788275700000,2026-09-01T15:15:00Z,5.145,5.145,5.11,5.11,14388.221738,73946.82680028
1788276000000,2026-09-01T15:20:00Z,5.125,5.13,5.11,5.125,20233.25736,103662.63567
1788276300000,2026-09-01T15:25:00Z,5.125,5.125,5.11,5.125,11120,56990
1788276600000,2026-09-01T15:30:00Z,5.125,5.135,5.11,5.125,31946.955321,163567.2950960793
1788276900000,2026-09-01T15:35:00Z,5.115,5.125,5.09,5.097,13017.868372,66634.7004065
1788277200000,2026-09-01T15:40:00Z,5.096,5.11,5.085,5.099,14573.844723999999,74266.5779445591949042
1788277500000,2026-09-01T15:45:00Z,5.101,5.115,5.1,5.115,16068,82027.14
1788277800000,2026-09-01T15:50:00Z,5.1,5.115,5.09,5.09,12957.951028,66196.98862164
1788278100000,2026-09-01T15:55:00Z,5.09,5.115,5.09,5.115,15083.549213,77009.06050697
1788278400000,2026-09-01T16:00:00Z,5.115,5.12,5.11,5.12,25110.201719999997,128448.72587849
1788278700000,2026-09-01T16:05:00Z,5.13,5.165,5.115,5.165,35211.495476,180680.746736
1788279000000,2026-09-01T16:10:00Z,5.16,5.16,5.135,5.135,9649.221305,49670.33158962
1788279300000,2026-09-01T16:15:00Z,5.13,5.145,5.13,5.145,13175.2446,67731.29743968
1788279600000,2026-09-01T16:20:00Z,5.13,5.135,5.115,5.135,19127,98096.6449
1788279900000,2026-09-01T16:25:00Z,5.135,5.135,5.09,5.09,18012.998612,92114.87230205
1788280200000,2026-09-01T16:30:00Z,5.08,5.105,5.075,5.075,23856.89143,121448.2772027
1788280500000,2026-09-01T16:35:00Z,5.09,5.113,5.085,5.1,17044.174424,86867.33936936
1788280800000,2026-09-01T16:40:00Z,5.1,5.115,5.09,5.09,11676.21475,59621.08775645
1788281100000,2026-09-01T16:45:00Z,5.09,5.115,5.09,5.115,13092.332253999999,66880.87008633
1788281400000,2026-09-01T16:50:00Z,5.115,5.115,5.1,5.105,25841.862742999998,132181.12793044
1788281700000,2026-09-01T16:55:00Z,5.11,5.12,5.1,5.115,49676.721489999996,254111.3334378
1788282000000,2026-09-01T17:00:00Z,5.1,5.115,5.1,5.115,8842.323634,45207.26381119
1788282300000,2026-09-01T17:05:00Z,5.115,5.12,5.105,5.11,20566,105069.6374
1788282600000,2026-09-01T17:10:00Z,5.115,5.115,5.115,5.115,5416.229066999999,27704.0116777
1788282900000,2026-09-01T17:15:00Z,5.115,5.125,5.115,5.12,13693.95197,70069.2134401
1788283200000,2026-09-01T17:20:00Z,5.12,5.125,5.115,5.115,12970.928066999999,66442.2819304
1788283500000,2026-09-01T17:25:00Z,5.125,5.145,5.12,5.145,21786.46374,111657.80531387
1788283800000,2026-09-01T17:30:00Z,5.14,5.155,5.125,5.14,18190.373808,93511.25463479
1788284100000,2026-09-01T17:35:00Z,5.145,5.145,5.125,5.135,7163.798291,36760.31455044
1788284400000,2026-09-01T17:40:00Z,5.135,5.135,5.12,5.12,10426.517864,53523.48680306
1788284700000,2026-09-01T17:45:00Z,5.11,5.125,5.11,5.115,8025,41128.125
1788285000000,2026-09-01T17:50:00Z,5.125,5.135,5.115,5.128,9132.874629,46823.948801625
1788285300000,2026-09-01T17:55:00Z,5.127,5.145,5.125,5.135,7055.1917300000005,36184.6673448240025644
1788285600000,2026-09-01T18:00:00Z,5.135,5.14,5.129,5.129,9527.7244,48922.864794
1788285900000,2026-09-01T18:05:00Z,5.128,5.135,5.12,5.135,11029.845731,56537.5227014051
1788286200000,2026-09-01T18:10:00Z,5.135,5.135,5.12,5.125,23273,119466.2558
1788286500000,2026-09-01T18:15:00Z,5.125,5.145,5.12,5.135,21621.94159,110851.08604875
1788286800000,2026-09-01T18:20:00Z,5.14,5.145,5.135,5.145,13298,68285.23
1788287100000,2026-09-01T18:25:00Z,5.125,5.135,5.11,5.13,29545.365853,151419.99999663
1788287400000,2026-09-01T18:30:00Z,5.135,5.135,5.105,5.105,15187.54798,77811.88332073
1788287700000,2026-09-01T18:35:00Z,5.105,5.125,5.105,5.125,16131.582,82584.0208908
1788288000000,2026-09-01T18:40:00Z,5.125,5.125,5.105,5.105,15199.836547,77704.60439557
1788288300000,2026-09-01T18:45:00Z,5.1,5.107,5.09,5.095,14209,72522.736
1788288600000,2026-09-01T18:50:00Z,5.095,5.14,5.095,5.13,50665.723210000004,259352.77053967
1788288900000,2026-09-01T18:55:00Z,5.12,5.135,5.115,5.115,10961.803,56213.2219643
1788289200000,2026-09-01T19:00:00Z,5.14,5.15,5.125,5.145,30847.486493,158432.69062805
1788289500000,2026-09-01T19:05:00Z,5.15,5.16,5.135,5.16,21436.784493,110238.66425525
1788289800000,2026-09-01T19:10:00Z,5.16,5.175,5.145,5.155,23684.503883999998,122223.88229338
1788290100000,2026-09-01T19:15:00Z,5.165,5.205,5.165,5.175,44042.208975,228517.40548769
1788290400000,2026-09-01T19:20:00Z,5.185,5.185,5.165,5.185,17974,93129.1758
1788290700000,2026-09-01T19:25:00Z,5.175,5.195,5.175,5.19,38031.812319000004,197385.10593561
1788291000000,2026-09-01T19:30:00Z,5.2,5.215,5.18,5.215,22825.59,118489.920249
1788291300000,2026-09-01T19:35:00Z,5.215,5.22,5.175,5.18,61597.58314,319999.4444123
1788291600000,2026-09-01T19:40:00Z,5.185,5.19,5.155,5.19,84856.268597,439063.3049746
1788291900000,2026-09-01T19:45:00Z,5.19,5.19,5.157,5.16,54062.69245,279450.05727405
1788292200000,2026-09-01T19:50:00Z,5.16,5.16,5.129,5.14,85700.445525,441048.77284986
1788292500000,2026-09-01T19:55:00Z,5.135,5.145,5.11,5.13,159354.794822,817298.87168307
1788292800000,2026-09-01T20:00:00Z,5.13,5.174,5.13,5.13,427677.230345,2195096.15246875
1788293100000,2026-09-01T20:05:00Z,5.175,5.175,5.175,5.175,27,139.725
1788293400000,2026-09-01T20:10:00Z,5.175,5.175,5.175,5.175,2.613327,13.52396723
1788293700000,2026-09-01T20:15:00Z,5.175,5.175,5.175,5.175,101.4166,524.830905
1788294000000,2026-09-01T20:20:00Z,5.175,5.175,5.175,5.175,1001,5180.175
1788294600000,2026-09-01T20:30:00Z,5.175,5.175,5.175,5.175,20,103.5
1788294900000,2026-09-01T20:35:00Z,5.179,5.198,5.179,5.198,0,0
1788295200000,2026-09-01T20:40:00Z,5.195,5.195,5.131,5.131,0,0
1788295500000,2026-09-01T20:45:00Z,5.142,5.2,5.142,5.2,0,0
1788295800000,2026-09-01T20:50:00Z,5.2,5.2,5.2,5.2,35,182
1788296100000,2026-09-01T20:55:00Z,5.2,5.2,5.2,5.2,19,98.8
1788296400000,2026-09-01T21:00:00Z,5.2,5.2,5.2,5.2,2,10.4
1788296700000,2026-09-01T21:05:00Z,5.2,5.2,5.2,5.2,807,4196.4
1788297000000,2026-09-01T21:10:00Z,5.2,5.2,5.2,5.2,150,780
1788297300000,2026-09-01T21:15:00Z,5.2,5.2,5.2,5.2,300,1560
1788297600000,2026-09-01T21:20:00Z,5.2,5.2,5.2,5.2,19,98.8
1788297900000,2026-09-01T21:25:00Z,5.2,5.2,5.2,5.2,2,10.4
1788299400000,2026-09-01T21:50:00Z,5.2,5.2,5.2,5.2,107,556.4
1788300300000,2026-09-01T22:05:00Z,5.2,5.2,5.162,5.162,6,31.1718
1788300900000,2026-09-01T22:15:00Z,5.16,5.16,5.16,5.16,191,985.56
1788301500000,2026-09-01T22:25:00Z,5.16,5.16,5.16,5.16,28,144.48
1788302400000,2026-09-01T22:40:00Z,5.16,5.16,5.16,5.16,20,103.2
1788302700000,2026-09-01T22:45:00Z,5.16,5.16,5.122,5.122,221,1139.0119
1788303000000,2026-09-01T22:50:00Z,5.121,5.121,5.111,5.111,101.762975,521.026432
1788303300000,2026-09-01T22:55:00Z,5.114,5.13,5.114,5.13,16,81.824
1788303600000,2026-09-01T23:00:00Z,5.129,5.129,5.125,5.125,0,0
1788303900000,2026-09-01T23:05:00Z,5.125,5.125,5.125,5.125,5,25.625
1788304500000,2026-09-01T23:15:00Z,5.125,5.125,5.125,5.125,0,0
1788305400000,2026-09-01T23:30:00Z,5.125,5.125,5.125,5.125,1.331525,6.82406563
1788305700000,2026-09-01T23:35:00Z,5.125,5.125,5.125,5.125,50,256.25
1788306300000,2026-09-01T23:45:00Z,5.125,5.125,5.125,5.125,1,5.125
1788306900000,2026-09-01T23:55:00Z,5.125,5.125,5.125,5.125,100,512.5
1788313200000,2026-09-02T01:40:00Z,5.12,5.12,5.11,5.11,101,517.11
1788314700000,2026-09-02T02:05:00Z,5.09,5.09,5.09,5.09,1,5.09
1788318000000,2026-09-02T03:00:00Z,5.12,5.12,5.12,5.12,4,20.48
1788323100000,2026-09-02T04:25:00Z,5.08,5.08,5.02,5.05,325,1638.7
1788329400000,2026-09-02T06:10:00Z,5.1,5.1,5.1,5.1,10,51
1788336000000,2026-09-02T08:00:00Z,5.125,5.125,5.055,5.06,865.9158,4398.67908084
1788337500000,2026-09-02T08:25:00Z,5.06,5.06,5.06,5.06,25,126.5
1788338400000,2026-09-02T08:40:00Z,5.06,5.06,5.06,5.06,5,25.3
1788339000000,2026-09-02T08:50:00Z,5.06,5.06,5.06,5.06,530,2681.8
1788341400000,2026-09-02T09:30:00Z,5.06,5.06,5.06,5.06,50,253
1788342000000,2026-09-02T09:40:00Z,5.06,5.06,5.06,5.06,60,303.6
1788342600000,2026-09-02T09:50:00Z,5.06,5.06,5.06,5.06,3,15.18
1788343200000,2026-09-02T10:00:00Z,5.06,5.06,5.06,5.06,405,2049.3
1788343500000,2026-09-02T10:05:00Z,5.06,5.06,5.06,5.06,2236.778389,11318.09864834
1788343800000,2026-09-02T10:10:00Z,5.06,5.06,5.06,5.06,116,586.96
1788344100000,2026-09-02T10:15:00Z,5.06,5.06,5.056,5.056,192,971.136
1788344400000,2026-09-02T10:20:00Z,5.056,5.058,5.056,5.058,200,1011.2
1788344700000,2026-09-02T10:25:00Z,5.059,5.059,5.059,5.059,0,0
1788345300000,2026-09-02T10:35:00Z,5.06,5.06,5.06,5.06,0,0
1788345900000,2026-09-02T10:45:00Z,5.06,5.06,5.06,5.06,0,0
1788346500000,2026-09-02T10:55:00Z,5.06,5.06,5.06,5.06,1,5.06
1788346800000,2026-09-02T11:00:00Z,5.06,5.094,5.06,5.075,1735,8797.6645
1788347100000,2026-09-02T11:05:00Z,5.075,5.075,5.075,5.075,40,203
1788347700000,2026-09-02T11:15:00Z,5.071,5.071,5.051,5.051,5261.031683,26673.43063281
1788348600000,2026-09-02T11:30:00Z,5.053,5.063,5.053,5.063,200,1010.6
1788348900000,2026-09-02T11:35:00Z,5.064,5.064,5.064,5.064,801,4056.264
1788349200000,2026-09-02T11:40:00Z,5.065,5.065,5.065,5.065,170,861.05
1788349800000,2026-09-02T11:50:00Z,5.065,5.103,5.065,5.103,190,962.692
1788350100000,2026-09-02T11:55:00Z,5.104,5.104,5.104,5.104,0,0
1788350400000,2026-09-02T12:00:00Z,5.105,5.105,5.105,5.105,0,0
1788351000000,2026-09-02T12:10:00Z,5.105,5.105,5.105,5.105,0,0
1788351300000,2026-09-02T12:15:00Z,5.105,5.105,5.105,5.105,149,760.645
1788351600000,2026-09-02T12:20:00Z,5.1,5.1,5.07,5.075,10917,55395.0414
1788351900000,2026-09-02T12:25:00Z,5.075,5.075,5.075,5.075,588,2984.1
1788352200000,2026-09-02T12:30:00Z,5.075,5.239,5.075,5.141,20,103.221
1788352500000,2026-09-02T12:35:00Z,5.143,5.159,5.143,5.159,506.44761900000003,2604.71074928
1788353100000,2026-09-02T12:45:00Z,5.159,5.159,5.156,5.156,522,2692.998
1788353400000,2026-09-02T12:50:00Z,5.156,5.156,5.156,5.156,5,25.78
1788353700000,2026-09-02T12:55:00Z,5.155,5.155,5.155,5.155,100,515.5
1788354000000,2026-09-02T13:00:00Z,5.155,5.155,5.155,5.155,127.6692,658.134726
1788354300000,2026-09-02T13:05:00Z,5.155,5.155,5.155,5.155,16,82.48
1788354600000,2026-09-02T13:10:00Z,5.153,5.153,5.147,5.147,0,0
1788354900000,2026-09-02T13:15:00Z,5.146,5.146,5.145,5.145,0,0
1788355200000,2026-09-02T13:20:00Z,5.157,5.214,5.157,5.186,0,0
1788355500000,2026-09-02T13:25:00Z,5.185,5.185,4.991,4.991,0.587362,3.04547197
1788355800000,2026-09-02T13:30:00Z,5.135,5.158,4.99,5.08,147563.572745,752470.92649858
1788356100000,2026-09-02T13:35:00Z,5.08,5.114,5.045,5.1,97676.741791,494361.52555261
1788356400000,2026-09-02T13:40:00Z,5.12,5.129,5.102,5.12,15101.074872000001,77254.07883018
1788356700000,2026-09-02T13:45:00Z,5.123,5.124,5.076,5.076,22590.522885,115308.80596191
1788357000000,2026-09-02T13:50:00Z,5.09,5.09,5.055,5.09,8389.421971,42535.20833517
1788357300000,2026-09-02T13:55:00Z,5.07,5.07,5.05,5.05,25738.686592,130317.54408396
1788357600000,2026-09-02T14:00:00Z,5.055,5.13,5.055,5.12,29266.130692,149321.65201672
1788357900000,2026-09-02T14:05:00Z,5.14,5.16,5.129,5.14,23939.64404,122985.13332669
1788358200000,2026-09-02T14:10:00Z,5.18,5.18,5.153,5.17,20225.757322999998,104451.87854317
1788358500000,2026-09-02T14:15:00Z,5.17,5.23,5.165,5.23,29632.907039,153747.37488115
1788358800000,2026-09-02T14:20:00Z,5.23,5.235,5.2,5.2,15278.652627,79876.79593396
1788359100000,2026-09-02T14:25:00Z,5.214,5.22,5.17,5.19,78117.296,406459.8231696
1788359400000,2026-09-02T14:30:00Z,5.19,5.19,5.17,5.176,5930.1357,30722.84703456
1788359700000,2026-09-02T14:35:00Z,5.176,5.177,5.135,5.15,9741,50362.0348
1788360000000,2026-09-02T14:40:00Z,5.151,5.17,5.135,5.145,7587.041634,39095.33505493
1788360300000,2026-09-02T14:45:00Z,5.145,5.145,5.141,5.141,3427,17631.915
1788360600000,2026-09-02T14:50:00Z,5.139,5.139,5.115,5.115,13785.223818,70696.31206825
1788360900000,2026-09-02T14:55:00Z,5.12,5.127,5.115,5.12,12787.000390000001,65503.96689785
1788361200000,2026-09-02T15:00:00Z,5.105,5.115,5.095,5.1,22779.818305,116277.30455604
1788361500000,2026-09-02T15:05:00Z,5.1,5.115,5.09,5.09,17354,88713.648
1788361800000,2026-09-02T15:10:00Z,5.103,5.105,5.095,5.095,18452.064866,94146.12535931
1788362100000,2026-09-02T15:15:00Z,5.095,5.105,5.095,5.105,6461.133128,32969.22401225
1788362400000,2026-09-02T15:20:00Z,5.11,5.11,5.085,5.1,8881.811249999999,45264.37467337
1788362700000,2026-09-02T15:25:00Z,5.08,5.09,5.075,5.09,25917.1968,131757.84509184
1788363000000,2026-09-02T15:30:00Z,5.09,5.094,5.075,5.09,10810.244168000001,54908.47320252
1788363300000,2026-09-02T15:35:00Z,5.095,5.095,5.085,5.095,8682.76967,44179.66863489
1788363600000,2026-09-02T15:40:00Z,5.09,5.105,5.055,5.08,69477.645066,353272.98186709
1788363900000,2026-09-02T15:45:00Z,5.04,5.055,5.04,5.05,14013.8838,70771.51457838
1788364200000,2026-09-02T15:50:00Z,5.04,5.045,5.03,5.04,59874.418969,301755.09671997
1788364500000,2026-09-02T15:55:00Z,5.035,5.055,5.035,5.045,13218.994865,66613.656681416
1788364800000,2026-09-02T16:00:00Z,5.055,5.055,5.045,5.055,13290.139432,67048.75343444
1788365100000,2026-09-02T16:05:00Z,5.06,5.06,5.045,5.045,7743,39063.435
1788365400000,2026-09-02T16:10:00Z,5.04,5.045,5.02,5.04,14942.948,75307.9750356
1788365700000,2026-09-02T16:15:00Z,5.035,5.035,5.025,5.035,18922.92047,95087.67536175
1788366000000,2026-09-02T16:20:00Z,5.03,5.03,5.015,5.03,33072.128362999996,166051.84929779
1788366300000,2026-09-02T16:25:00Z,5.015,5.025,5.015,5.015,7942.749786,39875.78102563
1788366600000,2026-09-02T16:30:00Z,5.015,5.025,5.015,5.025,9778.880715,49117.3620553
1788366900000,2026-09-02T16:35:00Z,5.025,5.025,5.025,5.025,5107.956287,25667.48034218
1788367200000,2026-09-02T16:40:00Z,5.025,5.025,5.016,5.02,15129,75986.9154
1788367500000,2026-09-02T16:45:00Z,5.025,5.025,5.025,5.025,10427.905472,52400.2249968
1788367800000,2026-09-02T16:50:00Z,5.035,5.04,5.025,5.04,7629.4451,38337.9616275
1788368100000,2026-09-02T16:55:00Z,5.04,5.04,5.025,5.04,8589.91,43164.29775
1788368400000,2026-09-02T17:00:00Z,5.04,5.04,5.025,5.035,16917.609,85129.408488
1788368700000,2026-09-02T17:05:00Z,5.035,5.035,5.025,5.03,11660,58690.61
1788369000000,2026-09-02T17:10:00Z,5.025,5.025,5.025,5.025,6560.563723,32966.83270808
1788369300000,2026-09-02T17:15:00Z,5.02,5.025,5.02,5.02,3143.739204,15797.2895001
1788369600000,2026-09-02T17:20:00Z,5.02,5.025,5.02,5.02,4859.712918,24420.05741295
1788369900000,2026-09-02T17:25:00Z,5.02,5.025,5.015,5.025,18044,90584.4888
1788370200000,2026-09-02T17:30:00Z,5.03,5.035,5.01,5.01,17881.37954,89739.49135944
1788370500000,2026-09-02T17:35:00Z,5.035,5.045,5.02,5.045,23387.35161,117598.62010056
1788370800000,2026-09-02T17:40:00Z,5.05,5.055,5.045,5.045,31231.77665,157601.79133123
1788371100000,2026-09-02T17:45:00Z,5.045,5.065,5.045,5.065,8115.113875,41069.77980999
1788371400000,2026-09-02T17:50:00Z,5.05,5.065,5.05,5.065,7873.078536,39844.07585499
1788371700000,2026-09-02T17:55:00Z,5.065,5.065,5.055,5.065,10007.771,50589.282405
1788372000000,2026-09-02T18:00:00Z,5.065,5.07,5.055,5.07,9356.231968999999,47320.07880641
1788372300000,2026-09-02T18:05:00Z,5.065,5.065,5.065,5.065,4222.234635,21385.61842628
1788372600000,2026-09-02T18:10:00Z,5.065,5.065,5.055,5.065,11306.310782,57218.97760555
1788372900000,2026-09-02T18:15:00Z,5.065,5.08,5.065,5.08,9767.454713,49513.18143114
1788373200000,2026-09-02T18:20:00Z,5.075,5.075,5.075,5.075,4520.440573,22941.23590798
1788373500000,2026-09-02T18:25:00Z,5.075,5.075,5.075,5.075,3084.374,15653.19805
1788373800000,2026-09-02T18:30:00Z,5.07,5.075,5.06,5.075,22088.945693,112068.26597344
1788374100000,2026-09-02T18:35:00Z,5.075,5.075,5.075,5.075,4041.697251,20511.61354883
1788374400000,2026-09-02T18:40:00Z,5.06,5.075,5.06,5.06,9274.935,47070.295125
1788374700000,2026-09-02T18:45:00Z,5.08,5.085,5.075,5.085,14433.493545000001,73290.3935228
1788375000000,2026-09-02T18:50:00Z,5.08,5.09,5.075,5.09,17578.805916999998,89212.44002877
1788375300000,2026-09-02T18:55:00Z,5.075,5.085,5.07,5.075,24567.044,124808.2779
1788375600000,2026-09-02T19:00:00Z,5.075,5.075,5.055,5.075,20475,103869.675
1788375900000,2026-09-02T19:05:00Z,5.075,5.095,5.075,5.095,15488.6139,78694.51932783
1788376200000,2026-09-02T19:10:00Z,5.105,5.105,5.095,5.105,17621.546607999997,89781.77996776
1788376500000,2026-09-02T19:15:00Z,5.1,5.1,5.085,5.1,32780,166951.818
1788376800000,2026-09-02T19:20:00Z,5.09,5.09,5.065,5.08,44922.027512,228082.61028668
1788377100000,2026-09-02T19:25:00Z,5.085,5.095,5.085,5.095,19954.767082,101579.74183092
1788377400000,2026-09-02T19:30:00Z,5.095,5.1,5.075,5.075,45788.729145,233183.68204383
1788377700000,2026-09-02T19:35:00Z,5.07,5.085,5.07,5.085,36764.762493,186658.37565321
1788378000000,2026-09-02T19:40:00Z,5.085,5.09,5.07,5.07,51875.356335,263521.62264617
1788378300000,2026-09-02T19:45:00Z,5.07,5.095,5.06,5.07,134379,683102.2086
1788378600000,2026-09-02T19:50:00Z,5.06,5.08,5.03,5.04,202368.51872,1022568.12509216
1788378900000,2026-09-02T19:55:00Z,5.04,5.07,5.03,5.05,366685.752,1853009.7791568
1788379200000,2026-09-02T20:00:00Z,5.055,5.07,5.055,5.07,614735.526554,3107856.9280464
1788379500000,2026-09-02T20:05:00Z,5.07,5.07,5.07,5.07,60,304.2
1788379800000,2026-09-02T20:10:00Z,5.07,5.084,5.07,5.084,1753.958609,8892.92093935
1788380100000,2026-09-02T20:15:00Z,5.08,5.08,5.065,5.065,72.4166,366.81180398
1788380400000,2026-09-02T20:20:00Z,5.065,5.103,5.065,5.103,812,4112.9424
1788380700000,2026-09-02T20:25:00Z,5.104,5.105,5.091,5.091,1013,5170.352
1788381000000,2026-09-02T20:30:00Z,5.089,5.089,5.085,5.085,29,147.4679
1788381300000,2026-09-02T20:35:00Z,5.085,5.085,5.071,5.071,624.980738,3175.65212593
1788381600000,2026-09-02T20:40:00Z,5.073,5.083,5.073,5.083,20,101.46
1788381900000,2026-09-02T20:45:00Z,5.088,5.104,5.088,5.104,0,0
1788382200000,2026-09-02T20:50:00Z,5.105,5.105,5.087,5.087,251,1281.0538
1788382500000,2026-09-02T20:55:00Z,5.086,5.103,5.086,5.087,140,712.418
1788382800000,2026-09-02T21:00:00Z,5.086,5.086,5.085,5.085,0,0
1788383400000,2026-09-02T21:10:00Z,5.07,5.081,5.062,5.08,1032,5243.3856
1788383700000,2026-09-02T21:15:00Z,5.061,5.061,5.06,5.06,177,895.6731
1788384000000,2026-09-02T21:20:00Z,5.06,5.06,5.06,5.06,5,25.3
1788384300000,2026-09-02T21:25:00Z,5.064,5.103,5.064,5.103,0,0
1788384600000,2026-09-02T21:30:00Z,5.104,5.104,5.087,5.087,3,15.306
1788384900000,2026-09-02T21:35:00Z,5.086,5.104,5.085,5.104,15,76.275
1788385200000,2026-09-02T21:40:00Z,5.105,5.105,5.105,5.105,5,25.525
1788387000000,2026-09-02T22:10:00Z,5.105,5.105,5.105,5.105,773,3946.165
1788387300000,2026-09-02T22:15:00Z,5.105,5.105,5.056,5.103,58,295.6028
1788387600000,2026-09-02T22:20:00Z,5.104,5.105,5.104,5.105,20,102.09
1788388500000,2026-09-02T22:35:00Z,5.105,5.105,5.105,5.105,210,1072.05
1788389100000,2026-09-02T22:45:00Z,5.105,5.105,5.105,5.105,100,510.5
1788389400000,2026-09-02T22:50:00Z,5.103,5.103,5.097,5.1,14,71.4294
1788389700000,2026-09-02T22:55:00Z,5.101,5.104,5.101,5.104,2,10.208
1788390000000,2026-09-02T23:00:00Z,5.105,5.105,5.105,5.105,325,1659.125
1788390300000,2026-09-02T23:05:00Z,5.105,5.105,5.105,5.105,1001,5110.105
1788390900000,2026-09-02T23:15:00Z,5.105,5.105,5.105,5.105,1051,5365.355
1788391200000,2026-09-02T23:20:00Z,5.105,5.105,5.105,5.105,5,25.525
1788391800000,2026-09-02T23:30:00Z,5.105,5.105,5.105,5.105,524.977856,2680.01195488
1788392100000,2026-09-02T23:35:00Z,5.105,5.105,5.105,5.105,2000,10210
1788392700000,2026-09-02T23:45:00Z,5.105,5.105,5.105,5.105,2,10.21
1788393300000,2026-09-02T23:55:00Z,5.099,5.099,5.072,5.072,0,0
1788405000000,2026-09-03T03:10:00Z,5.06,5.06,5.06,5.06,7,35.42
1788406200000,2026-09-03T03:30:00Z,5.07,5.07,5.07,5.07,43,218.01
1788414600000,2026-09-03T05:50:00Z,5.1,5.11,5.1,5.11,10,51.06
1788417300000,2026-09-03T06:35:00Z,5.06,5.06,5.06,5.06,40,202.4
1788422400000,2026-09-03T08:00:00Z,5.071,5.109,5.07,5.109,0,0
1788422700000,2026-09-03T08:05:00Z,5.11,5.11,5.11,5.11,700,3577
1788423000000,2026-09-03T08:10:00Z,5.11,5.11,5.11,5.11,0,0
1788424500000,2026-09-03T08:35:00Z,5.11,5.11,5.11,5.11,0,0
1788426000000,2026-09-03T09:00:00Z,5.117,5.154,5.117,5.154,0,0
1788427200000,2026-09-03T09:20:00Z,5.159,5.179,5.159,5.179,0,0
1788427800000,2026-09-03T09:30:00Z,5.179,5.179,5.179,5.179,0,0
1788428100000,2026-09-03T09:35:00Z,5.14,5.18,5.14,5.156,629.556778,3261.10411004
1788428700000,2026-09-03T09:45:00Z,5.155,5.155,5.155,5.155,0,0
1788429300000,2026-09-03T09:55:00Z,5.11,5.155,5.11,5.155,200,1022
1788430200000,2026-09-03T10:10:00Z,5.155,5.155,5.155,5.155,0,0
1788430500000,2026-09-03T10:15:00Z,5.146,5.146,5.096,5.096,4208,21536.544
1788430800000,2026-09-03T10:20:00Z,5.095,5.095,5.095,5.095,0,0
1788431100000,2026-09-03T10:25:00Z,5.095,5.095,5.095,5.095,6,30.57
1788431400000,2026-09-03T10:30:00Z,5.095,5.095,5.095,5.095,0,0
1788432000000,2026-09-03T10:40:00Z,5.095,5.095,5.095,5.095,0,0
1788432600000,2026-09-03T10:50:00Z,5.095,5.095,5.095,5.095,0,0
1788433200000,2026-09-03T11:00:00Z,5.095,5.095,5.095,5.095,0,0
1788433800000,2026-09-03T11:10:00Z,5.104,5.149,5.104,5.149,5,25.52
1788434100000,2026-09-03T11:15:00Z,5.15,5.15,5.15,5.15,0,0
1788435000000,2026-09-03T11:30:00Z,5.15,5.15,5.15,5.15,0,0
1788435300000,2026-09-03T11:35:00Z,5.15,5.15,5.15,5.15,0,0
1788435600000,2026-09-03T11:40:00Z,5.142,5.142,5.101,5.101,0,0
1788436200000,2026-09-03T11:50:00Z,5.101,5.101,5.1,5.1,0,0
1788436500000,2026-09-03T11:55:00Z,5.097,5.097,5.057,5.057,0,0
1788436800000,2026-09-03T12:00:00Z,5.056,5.056,5.056,5.056,0,0
1788437100000,2026-09-03T12:05:00Z,5.055,5.055,5.055,5.055,0,0
1788437400000,2026-09-03T12:10:00Z,5.055,5.055,5.055,5.055,0,0
1788438600000,2026-09-03T12:30:00Z,5.059,5.134,5.059,5.134,0,0
1788438900000,2026-09-03T12:35:00Z,5.135,5.139,5.135,5.139,374,1921.986
1788439200000,2026-09-03T12:40:00Z,5.14,5.14,5.117,5.117,26,133.64
1788439500000,2026-09-03T12:45:00Z,5.116,5.116,5.115,5.115,0,0
1788439800000,2026-09-03T12:50:00Z,5.119,5.139,5.119,5.136,200,1023.8
1788440100000,2026-09-03T12:55:00Z,5.136,5.136,5.136,5.136,0,0
1788440400000,2026-09-03T13:00:00Z,5.135,5.135,5.117,5.117,0,0
1788440700000,2026-09-03T13:05:00Z,5.116,5.116,5.077,5.077,0,0
1788441000000,2026-09-03T13:10:00Z,5.076,5.076,5.075,5.075,10.970873,55.688151348
1788441300000,2026-09-03T13:15:00Z,5.075,5.079,5.075,5.079,25,126.875
1788441600000,2026-09-03T13:20:00Z,5.08,5.08,5.08,5.08,200,1016
1788441900000,2026-09-03T13:25:00Z,5.088,5.11,5.088,5.11,2,10.218
1788442200000,2026-09-03T13:30:00Z,5.106,5.106,4.956,4.99,50543.136382,257149.6759391348
1788442500000,2026-09-03T13:35:00Z,4.99,5.02,4.945,4.991,21214.589991,105488.5844942511
1788442800000,2026-09-03T13:40:00Z,4.99,5.035,4.989,4.992,52089.1789,261001.17871423
1788443100000,2026-09-03T13:45:00Z,4.991,5.054,4.991,5.05,25273.543093,126547.1576209603
1788443400000,2026-09-03T13:50:00Z,5.05,5.073,5.05,5.06,26489.899058,134134.0712888642
1788443700000,2026-09-03T13:55:00Z,5.061,5.065,5.045,5.045,3195,16171.69
1788444000000,2026-09-03T14:00:00Z,5.045,5.045,4.96,5.011,41520.232555,207414.3217285025
1788444300000,2026-09-03T14:05:00Z,5.012,5.019,4.965,4.973,22778.879759,114016.1962976022
1788444600000,2026-09-03T14:10:00Z,4.973,5,4.973,4.997,22823.618087,113641.7041134686
1788444900000,2026-09-03T14:15:00Z,4.996,5.035,4.995,5.025,64407.972172,322001.2160766968
1788445200000,2026-09-03T14:20:00Z,5.025,5.035,4.98,5.01,11664,58554.1944
1788445500000,2026-09-03T14:25:00Z,5.01,5.025,5.01,5.025,9128.98,45857.73103
1788445800000,2026-09-03T14:30:00Z,5.025,5.025,4.995,5.005,11395.32347,57102.444972864
1788446100000,2026-09-03T14:35:00Z,5.005,5.059,5.005,5.05,29564.421118,148391.94460677
1788446400000,2026-09-03T14:40:00Z,5.055,5.075,5.04,5.058,55536.026423,280858.2162169862
1788446700000,2026-09-03T14:45:00Z,5.057,5.09,5.055,5.085,8847.308405,44839.928458221
1788447000000,2026-09-03T14:50:00Z,5.087,5.135,5.087,5.135,12714.460462,64909.977441926
1788447300000,2026-09-03T14:55:00Z,5.135,5.173,5.125,5.173,18887,97255.4656
1788447600000,2026-09-03T15:00:00Z,5.173,5.21,5.17,5.192,12801.762975,66356.722583855
1788447900000,2026-09-03T15:05:00Z,5.194,5.205,5.16,5.161,8720.052745,45377.3405008035
1788448200000,2026-09-03T15:10:00Z,5.162,5.17,5.12,5.136,7354,37921.5396
1788448500000,2026-09-03T15:15:00Z,5.137,5.179,5.137,5.175,10893.767852,56100.7256842296
1788448800000,2026-09-03T15:20:00Z,5.175,5.195,5.175,5.185,4805,24891.0675
1788449100000,2026-09-03T15:25:00Z,5.185,5.221,5.185,5.221,17585.2236,91409.277738
1788449400000,2026-09-03T15:30:00Z,5.222,5.225,5.16,5.175,20649.768786,107423.9536791096
1788449700000,2026-09-03T15:35:00Z,5.175,5.195,5.165,5.175,8949,46260.5206
1788450000000,2026-09-03T15:40:00Z,5.175,5.185,5.175,5.175,3657.530917,18929.222495475
1788450300000,2026-09-03T15:45:00Z,5.175,5.175,5.14,5.155,10639.760758,54998.1852863294
1788450600000,2026-09-03T15:50:00Z,5.155,5.16,5.135,5.154,3247.999585,16727.245862335
1788450900000,2026-09-03T15:55:00Z,5.155,5.155,5.13,5.145,8000.658989,41166.356879112
1788451200000,2026-09-03T16:00:00Z,5.145,5.145,5.1,5.115,1948.701252,10004.4306041532
1788451500000,2026-09-03T16:05:00Z,5.115,5.115,5.085,5.095,9749,49772.857
1788451800000,2026-09-03T16:10:00Z,5.095,5.095,5.08,5.095,3998.935749,20363.577641155
1788452100000,2026-09-03T16:15:00Z,5.095,5.105,5.09,5.105,4916.164000000001,25066.5370032000050988
1788452400000,2026-09-03T16:20:00Z,5.105,5.12,5.1,5.115,6919,35344.433
1788452700000,2026-09-03T16:25:00Z,5.115,5.125,5.11,5.124,10147,51962.164
1788453000000,2026-09-03T16:30:00Z,5.125,5.125,5.11,5.125,2082.996913,10675.359179125
1788453300000,2026-09-03T16:35:00Z,5.125,5.125,5.11,5.125,5593.676952,28664.764379
1788453600000,2026-09-03T16:40:00Z,5.125,5.13,5.105,5.115,39175,200664.1632
1788453900000,2026-09-03T16:45:00Z,5.115,5.115,5.09,5.102,6997,35781.335
1788454200000,2026-09-03T16:50:00Z,5.103,5.115,5.103,5.105,8578,43837.446
1788454500000,2026-09-03T16:55:00Z,5.105,5.105,5.08,5.095,8279,42235.279
1788454800000,2026-09-03T17:00:00Z,5.095,5.095,5.08,5.085,3516,17913.6684
1788455100000,2026-09-03T17:05:00Z,5.085,5.105,5.085,5.105,12283.128028,62538.3180417592
1788455400000,2026-09-03T17:10:00Z,5.11,5.11,5.095,5.095,9369,47751.8795
1788455700000,2026-09-03T17:15:00Z,5.095,5.095,5.085,5.085,12464.980392,63397.8789031232
1788456000000,2026-09-03T17:20:00Z,5.085,5.095,5.07,5.085,11839.28445,60143.392167315
1788456300000,2026-09-03T17:25:00Z,5.085,5.09,5.07,5.085,5914.181006,30073.49041551
1788456600000,2026-09-03T17:30:00Z,5.08,5.085,5.075,5.085,11650.157639,59204.6929301394
1788456900000,2026-09-03T17:35:00Z,5.085,5.085,5.075,5.075,9956.806146999999,50591.6998839715949172
1788457200000,2026-09-03T17:40:00Z,5.075,5.085,5.07,5.085,8028.968338,40765.73789873
1788457500000,2026-09-03T17:45:00Z,5.085,5.1,5.075,5.09,25051.074,127384.71129
1788457800000,2026-09-03T17:50:00Z,5.092,5.095,5.08,5.085,6074.791281,30911.8116338509
1788458100000,2026-09-03T17:55:00Z,5.085,5.105,5.085,5.105,15794.267399,80464.5742345989
1788458400000,2026-09-03T18:00:00Z,5.105,5.115,5.095,5.105,5676,28953.338
1788458700000,2026-09-03T18:05:00Z,5.105,5.12,5.1,5.113,23072,117945.7164
1788459000000,2026-09-03T18:10:00Z,5.114,5.115,5.1,5.105,4068,20789.7808
1788459300000,2026-09-03T18:15:00Z,5.105,5.114,5.1,5.105,7247.915455,37008.988841595
1788459600000,2026-09-03T18:20:00Z,5.105,5.105,5.08,5.095,17012,86800.8768
1788459900000,2026-09-03T18:25:00Z,5.095,5.095,5.08,5.095,14076,71717.22
1788460200000,2026-09-03T18:30:00Z,5.095,5.095,5.08,5.095,5955.084394,30339.65498743
1788460500000,2026-09-03T18:35:00Z,5.095,5.1,5.08,5.095,9719.80834,49501.2722923
1788460800000,2026-09-03T18:40:00Z,5.095,5.095,5.075,5.075,9154.475032,46554.6248450568
1788461100000,2026-09-03T18:45:00Z,5.075,5.085,5.075,5.075,6784.931,34434.024825
1788461400000,2026-09-03T18:50:00Z,5.075,5.085,5.07,5.075,22595,114670.625
1788461700000,2026-09-03T18:55:00Z,5.085,5.1,5.075,5.095,19082.766016999998,97062.2035070296898318
1788462000000,2026-09-03T19:00:00Z,5.095,5.115,5.08,5.115,1871.857,9531.931415
1788462300000,2026-09-03T19:05:00Z,5.115,5.115,5.105,5.115,8889,45451.3148
1788462600000,2026-09-03T19:10:00Z,5.115,5.13,5.115,5.125,29427.341109,150596.957772535
1788462900000,2026-09-03T19:15:00Z,5.125,5.135,5.115,5.115,23768.819,121815.185575
1788463200000,2026-09-03T19:20:00Z,5.115,5.12,5.11,5.115,9936.034299999999,50820.955444499994885
1788463500000,2026-09-03T19:25:00Z,5.115,5.14,5.115,5.125,28888,147807.6446
1788463800000,2026-09-03T19:30:00Z,5.13,5.153,5.127,5.145,26832.883280000002,138001.718709040010286
1788464100000,2026-09-03T19:35:00Z,5.145,5.15,5.125,5.125,16367,84207.215
1788464400000,2026-09-03T19:40:00Z,5.13,5.13,5.09,5.105,21951.449,112196.327545
1788464700000,2026-09-03T19:45:00Z,5.105,5.11,5.08,5.095,23059,117601.8531
1788465000000,2026-09-03T19:50:00Z,5.12,5.145,5.095,5.133,178719.926804000002,914105.2778418432102016
1788465300000,2026-09-03T19:55:00Z,5.14,5.14,5.08,5.114,123714.56978,631742.59646978
1788465600000,2026-09-03T20:00:00Z,5.115,5.115,5.115,5.115,0,0
1788465900000,2026-09-03T20:05:00Z,5.115,5.115,5.115,5.115,0,0
1788466200000,2026-09-03T20:10:00Z,5.115,5.115,5.115,5.115,1.346068,6.88513782
1788466500000,2026-09-03T20:15:00Z,5.115,5.115,5.115,5.115,0,0
1788466800000,2026-09-03T20:20:00Z,5.115,5.148,5.115,5.148,21,107.415
1788467100000,2026-09-03T20:25:00Z,5.149,5.149,5.149,5.149,0,0
1788467400000,2026-09-03T20:30:00Z,5.15,5.15,5.132,5.149,500,2575
1788467700000,2026-09-03T20:35:00Z,5.15,5.155,5.15,5.155,2,10.3
1788468000000,2026-09-03T20:40:00Z,5.15,5.15,5.126,5.126,500,2575
1788468300000,2026-09-03T20:45:00Z,5.124,5.129,5.121,5.129,80,409.704
1788468600000,2026-09-03T20:50:00Z,5.13,5.13,5.13,5.13,0,0
1788468900000,2026-09-03T20:55:00Z,5.129,5.129,5.125,5.125,29,148.6859
1788469500000,2026-09-03T21:05:00Z,5.124,5.124,5.121,5.121,0,0
1788470100000,2026-09-03T21:15:00Z,5.121,5.129,5.121,5.129,0,0
1788470400000,2026-09-03T21:20:00Z,5.13,5.13,5.127,5.127,0,0
1788470700000,2026-09-03T21:25:00Z,5.126,5.126,5.101,5.101,0,0
1788471900000,2026-09-03T21:45:00Z,5.1,5.136,5.1,5.136,10,51
1788472200000,2026-09-03T21:50:00Z,5.138,5.149,5.138,5.149,0,0
1788472500000,2026-09-03T21:55:00Z,5.15,5.15,5.15,5.15,0,0
1788473100000,2026-09-03T22:05:00Z,5.15,5.15,5.15,5.15,0,0
1788473400000,2026-09-03T22:10:00Z,5.147,5.147,5.132,5.132,0,0
1788474000000,2026-09-03T22:20:00Z,5.131,5.131,5.131,5.131,0,0
1788474600000,2026-09-03T22:30:00Z,5.131,5.131,5.13,5.13,0,0
1788475500000,2026-09-03T22:45:00Z,5.13,5.13,5.13,5.13,0,0
1788476700000,2026-09-03T23:05:00Z,5.13,5.13,5.13,5.13,0,0
1788477000000,2026-09-03T23:10:00Z,5.13,5.13,5.13,5.13,0,0
1788477300000,2026-09-03T23:15:00Z,5.13,5.13,5.13,5.13,0,0
1788478200000,2026-09-03T23:30:00Z,5.13,5.13,5.13,5.13,0,0
1788478500000,2026-09-03T23:35:00Z,5.13,5.13,5.13,5.13,0,0
1788479100000,2026-09-03T23:45:00Z,5.13,5.13,5.13,5.13,0,0
1788482100000,2026-09-04T00:35:00Z,5.14,5.14,5.14,5.14,5,25.7
1788486300000,2026-09-04T01:45:00Z,5.09,5.09,5.09,5.09,30,152.7
1788487500000,2026-09-04T02:05:00Z,5.13,5.13,5.13,5.13,1,5.13
1788497700000,2026-09-04T04:55:00Z,5.12,5.12,5.12,5.12,2,10.24
1788499200000,2026-09-04T05:20:00Z,5.17,5.17,5.14,5.14,1000,5140.06
1788504000000,2026-09-04T06:40:00Z,5.16,5.16,5.16,5.16,2,10.32
1788508800000,2026-09-04T08:00:00Z,5.13,5.159,5.13,5.155,1021.469061,5266.2858908916
1788509100000,2026-09-04T08:05:00Z,5.155,5.178,5.155,5.178,0,0
1788509400000,2026-09-04T08:10:00Z,5.179,5.179,5.179,5.179,0,0
1788509700000,2026-09-04T08:15:00Z,5.185,5.209,5.185,5.209,0,0
1788510600000,2026-09-04T08:30:00Z,5.21,5.21,5.21,5.21,0,0
1788510900000,2026-09-04T08:35:00Z,5.21,5.21,5.21,5.21,0,0
1788511200000,2026-09-04T08:40:00Z,5.21,5.21,5.21,5.21,0,0
1788511500000,2026-09-04T08:45:00Z,5.21,5.21,5.21,5.21,0,0
1788512100000,2026-09-04T08:55:00Z,5.21,5.21,5.21,5.21,0,0
1788513600000,2026-09-04T09:20:00Z,5.21,5.21,5.21,5.21,0,0
1788513900000,2026-09-04T09:25:00Z,5.21,5.21,5.21,5.21,0,0
1788514800000,2026-09-04T09:40:00Z,5.21,5.21,5.21,5.21,2,10.42
1788515100000,2026-09-04T09:45:00Z,5.21,5.21,5.21,5.21,3,15.63
1788515400000,2026-09-04T09:50:00Z,5.21,5.21,5.21,5.21,0,0
1788515700000,2026-09-04T09:55:00Z,5.21,5.21,5.21,5.21,0,0
1788517200000,2026-09-04T10:20:00Z,5.21,5.21,5.21,5.21,0,0
1788517500000,2026-09-04T10:25:00Z,5.21,5.21,5.21,5.21,0,0
1788518400000,2026-09-04T10:40:00Z,5.21,5.21,5.21,5.21,0,0
1788518700000,2026-09-04T10:45:00Z,5.212,5.215,5.212,5.215,0,0
1788519000000,2026-09-04T10:50:00Z,5.214,5.214,5.212,5.212,0,0
1788519600000,2026-09-04T11:00:00Z,5.211,5.225,5.211,5.225,19750,102956.75
1788519900000,2026-09-04T11:05:00Z,5.224,5.224,5.222,5.222,0,0
1788520200000,2026-09-04T11:10:00Z,5.22,5.22,5.216,5.216,0,0
1788520500000,2026-09-04T11:15:00Z,5.25,5.255,5.222,5.255,908,4742.2116
1788520800000,2026-09-04T11:20:00Z,5.255,5.255,5.255,5.255,2306,12118.03
1788521100000,2026-09-04T11:25:00Z,5.255,5.255,5.255,5.255,0,0
1788521400000,2026-09-04T11:30:00Z,5.255,5.373,5.255,5.373,0,0
1788521700000,2026-09-04T11:35:00Z,5.374,5.375,5.374,5.375,0,0
1788522000000,2026-09-04T11:40:00Z,5.375,5.375,5.375,5.375,0,0
1788522300000,2026-09-04T11:45:00Z,5.375,5.375,5.375,5.375,32,172
1788522600000,2026-09-04T11:50:00Z,5.375,5.375,5.375,5.375,1216,6536
1788522900000,2026-09-04T11:55:00Z,5.375,5.375,5.375,5.375,60,322.5
1788523200000,2026-09-04T12:00:00Z,5.375,5.375,5.312,5.312,737,3961.375
1788523500000,2026-09-04T12:05:00Z,5.311,5.311,5.31,5.31,0,0
1788523800000,2026-09-04T12:10:00Z,5.31,5.31,5.31,5.31,0,0
1788524100000,2026-09-04T12:15:00Z,5.31,5.31,5.31,5.31,0,0
1788524400000,2026-09-04T12:20:00Z,5.317,5.349,5.317,5.349,0,0
1788524700000,2026-09-04T12:25:00Z,5.347,5.347,5.326,5.335,110,588.17
1788525000000,2026-09-04T12:30:00Z,5.342,5.379,5.251,5.251,432.718542,2323.69857054
1788525300000,2026-09-04T12:35:00Z,5.25,5.25,5.225,5.225,627.1479,3290.0178834
1788525600000,2026-09-04T12:40:00Z,5.225,5.3,5.225,5.3,51.044713,266.708625425
1788525900000,2026-09-04T12:45:00Z,5.3,5.3,5.241,5.263,450,2385
1788526200000,2026-09-04T12:50:00Z,5.264,5.265,5.264,5.265,305,1605.581
1788526500000,2026-09-04T12:55:00Z,5.265,5.265,5.251,5.251,400,2106
1788526800000,2026-09-04T13:00:00Z,5.251,5.251,5.25,5.25,3085,16197.1755
1788527100000,2026-09-04T13:05:00Z,5.251,5.254,5.251,5.254,0,0
1788527400000,2026-09-04T13:10:00Z,5.261,5.294,5.261,5.294,18,94.698
1788528000000,2026-09-04T13:20:00Z,5.3,5.3,5.3,5.3,5,26.5
1788528300000,2026-09-04T13:25:00Z,5.23,5.23,5.23,5.23,14,73.22
1788528600000,2026-09-04T13:30:00Z,5.21,5.31,5.2,5.31,77605.780403,406829.0016482036
1788528900000,2026-09-04T13:35:00Z,5.32,5.32,5.19,5.225,18687.939098000003,98153.3631545034157899
1788529200000,2026-09-04T13:40:00Z,5.225,5.272,5.21,5.26,17832,93412.4204
1788529500000,2026-09-04T13:45:00Z,5.27,5.37,5.265,5.36,29101.312707999998,154646.803349071989432
1788529800000,2026-09-04T13:50:00Z,5.35,5.35,5.28,5.2995,26444.666822,140719.7919603746
1788530100000,2026-09-04T13:55:00Z,5.29,5.3199,5.28,5.28,60174,318871.5744
1788530400000,2026-09-04T14:00:00Z,5.275,5.28,5.2338,5.24,21751.80706,114389.94574266
1788530700000,2026-09-04T14:05:00Z,5.24,5.26,5.22,5.255,11380.928242,59553.8713769568
1788531000000,2026-09-04T14:10:00Z,5.26,5.265,5.23,5.239,12457.788144999999,65447.9257748619947444
1788531300000,2026-09-04T14:15:00Z,5.24,5.25,5.19,5.1924,15665.428587,81987.499167293
1788531600000,2026-09-04T14:20:00Z,5.2,5.23,5.2,5.205,25378,132313.5806
1788531900000,2026-09-04T14:25:00Z,5.21,5.21,5.17,5.1899,10556.747867,54885.5271327601
1788532200000,2026-09-04T14:30:00Z,5.19,5.21,5.18,5.18,28350.835773,147103.8386322731
1788532500000,2026-09-04T14:35:00Z,5.185,5.205,5.185,5.205,8484,44049.9006
1788532800000,2026-09-04T14:40:00Z,5.205,5.205,5.19,5.1991,7986.8430749999998,41514.9736152224989591
1788533100000,2026-09-04T14:45:00Z,5.1908,5.2099,5.185,5.195,15594.616913,80987.0372038395
1788533400000,2026-09-04T14:50:00Z,5.195,5.205,5.192,5.192,5590,29059.595
1788533700000,2026-09-04T14:55:00Z,5.2,5.2,5.185,5.1988,14772.055013000001,76693.0035999895051915
1788534000000,2026-09-04T15:00:00Z,5.2,5.21,5.19,5.19,8475.878787,44059.0210257314
1788534300000,2026-09-04T15:05:00Z,5.2,5.205,5.195,5.1999,20332.858202,105664.0609325132
1788534600000,2026-09-04T15:10:00Z,5.2,5.21,5.2,5.21,29751,154754.005
1788534900000,2026-09-04T15:15:00Z,5.21,5.215,5.205,5.21,3432,17886.9958
1788535200000,2026-09-04T15:20:00Z,5.215,5.2263,5.2114,5.215,12209,63698.757
1788535500000,2026-09-04T15:25:00Z,5.22,5.22,5.21,5.21,1916,9991.94
1788535800000,2026-09-04T15:30:00Z,5.215,5.215,5.1909,5.1909,3031.730429,15791.2190768193
1788536100000,2026-09-04T15:35:00Z,5.195,5.2,5.195,5.195,9557,49686.42
1788536400000,2026-09-04T15:40:00Z,5.195,5.2,5.195,5.199,7903,41056.885
1788536700000,2026-09-04T15:45:00Z,5.2,5.21,5.199,5.205,10939,56851.2686
1788537000000,2026-09-04T15:50:00Z,5.2088,5.2088,5.205,5.205,5546,28866.93
1788537300000,2026-09-04T15:55:00Z,5.2001,5.215,5.2001,5.215,9676,50396.0808
1788537600000,2026-09-04T16:00:00Z,5.215,5.215,5.205,5.205,2976.60861,15523.01390115
1788537900000,2026-09-04T16:05:00Z,5.21,5.22,5.21,5.215,17168,89497.4532
1788538200000,2026-09-04T16:10:00Z,5.215,5.235,5.215,5.225,11724,61272.8233
1788538500000,2026-09-04T16:15:00Z,5.22,5.235,5.22,5.235,7566.04196,39565.720441
1788538800000,2026-09-04T16:20:00Z,5.235,5.27,5.235,5.255,17845,93591.967
1788539100000,2026-09-04T16:25:00Z,5.255,5.255,5.24,5.245,5071.19231,26623.879058272
1788539400000,2026-09-04T16:30:00Z,5.25,5.27,5.245,5.265,76239,401308.27
1788539700000,2026-09-04T16:35:00Z,5.27,5.275,5.27,5.275,5804,30588.7848
1788540000000,2026-09-04T16:40:00Z,5.2799,5.2799,5.26,5.275,49165,259108.866
1788540300000,2026-09-04T16:45:00Z,5.2713,5.2891,5.2713,5.2891,10998.167852,58062.1511193
1788540600000,2026-09-04T16:50:00Z,5.285,5.305,5.285,5.299,59633,315982.3811
1788540900000,2026-09-04T16:55:00Z,5.2911,5.31,5.2911,5.305,5582,29613.2136
1788541200000,2026-09-04T17:00:00Z,5.3088,5.34,5.305,5.33,74221,394729.1874
1788541500000,2026-09-04T17:05:00Z,5.33,5.345,5.3299,5.3301,69544,371154.6525
1788541800000,2026-09-04T17:10:00Z,5.3399,5.349,5.335,5.345,12855.8,68616.378
1788542100000,2026-09-04T17:15:00Z,5.34,5.35,5.31,5.3199,24765.286242,132173.6484580686
1788542400000,2026-09-04T17:20:00Z,5.315,5.315,5.29,5.295,16742.2982,88773.617433
1788542700000,2026-09-04T17:25:00Z,5.29,5.31,5.29,5.305,15131.985071,80192.903450945
1788543000000,2026-09-04T17:30:00Z,5.31,5.33,5.305,5.31,33959,180855.615
1788543300000,2026-09-04T17:35:00Z,5.315,5.32,5.305,5.31,31548.291865,167560.256262475
1788543600000,2026-09-04T17:40:00Z,5.305,5.31,5.3,5.305,11665.733595,61886.716721475
1788543900000,2026-09-04T17:45:00Z,5.31,5.31,5.295,5.3,8433.966,44708.994649
1788544200000,2026-09-04T17:50:00Z,5.295,5.3,5.28,5.299,25751.572645,136340.231555275
1788544500000,2026-09-04T17:55:00Z,5.2943,5.3,5.29,5.29,4644.2,24591.039
1788544800000,2026-09-04T18:00:00Z,5.295,5.3,5.28,5.28,2354.273873,12465.880157535
1788545100000,2026-09-04T18:05:00Z,5.28,5.3,5.275,5.295,70774.996,374699.41396
1788545400000,2026-09-04T18:10:00Z,5.295,5.295,5.285,5.285,26952,142518.4496
1788545700000,2026-09-04T18:15:00Z,5.285,5.31,5.2801,5.305,43788,232215.008
1788546000000,2026-09-04T18:20:00Z,5.31,5.31,5.305,5.305,2472.663524,13117.47999482
1788546300000,2026-09-04T18:25:00Z,5.305,5.305,5.29,5.295,5171.7575620000003,27409.227210798401591
1788546600000,2026-09-04T18:30:00Z,5.295,5.295,5.28,5.29,7865.2,41629.03096
1788546900000,2026-09-04T18:35:00Z,5.295,5.305,5.285,5.285,19851.853249,105171.7703647719
1788547200000,2026-09-04T18:40:00Z,5.285,5.285,5.285,5.285,1392,7356.72
1788547500000,2026-09-04T18:45:00Z,5.285,5.3,5.285,5.29,40970,216845.711
1788547800000,2026-09-04T18:50:00Z,5.295,5.295,5.2932,5.295,3300,17473.5
1788548100000,2026-09-04T18:55:00Z,5.3,5.4199,5.295,5.335,262655.704313,1405885.4472043405
1788548400000,2026-09-04T19:00:00Z,5.335,5.345,5.303,5.315,51894,276246.765
1788548700000,2026-09-04T19:05:00Z,5.315,5.32,5.305,5.315,16803.26272,89320.2413568
1788549000000,2026-09-04T19:10:00Z,5.315,5.32,5.31,5.3101,11847,62972.123
1788549300000,2026-09-04T19:15:00Z,5.315,5.335,5.31,5.335,44280,235557.4689
1788549600000,2026-09-04T19:20:00Z,5.333,5.355,5.333,5.355,31292,167289.733
1788549900000,2026-09-04T19:25:00Z,5.355,5.365,5.35,5.355,19331,103616.526
1788550200000,2026-09-04T19:30:00Z,5.355,5.36,5.34,5.355,71138,380659.3556
1788550500000,2026-09-04T19:35:00Z,5.355,5.379,5.355,5.379,23555,126350.2054
1788550800000,2026-09-04T19:40:00Z,5.375,5.38,5.365,5.375,33729,181296.2236
1788551100000,2026-09-04T19:45:00Z,5.375,5.39,5.375,5.385,20573.199832999999,110749.0513411725946178
1788551400000,2026-09-04T19:50:00Z,5.385,5.39,5.35,5.355,88694,476585.2593
1788551700000,2026-09-04T19:55:00Z,5.355,5.36,5.325,5.35,125972.512865,673382.7065970475
1788552000000,2026-09-04T20:00:00Z,5.36,5.36,5.35,5.35,287375.712588,1538896.92090874
1788552300000,2026-09-04T20:05:00Z,5.36,5.36,5.36,5.36,200,1072
1788552600000,2026-09-04T20:10:00Z,5.35,5.39,5.35,5.39,15,80.69
1788552900000,2026-09-04T20:15:00Z,5.35,5.4,5.35,5.4,3,16.1
1788553500000,2026-09-04T20:25:00Z,5.35,5.37,5.35,5.37,7,37.57
1788554100000,2026-09-04T20:35:00Z,5.4,5.4,5.4,5.4,50,270
1788554400000,2026-09-04T20:40:00Z,5.4,5.4,5.4,5.4,1,5.4
1788555300000,2026-09-04T20:55:00Z,5.4,5.4,5.4,5.4,1,5.4
1788556500000,2026-09-04T21:15:00Z,5.38,5.38,5.38,5.38,2,10.76
1788557100000,2026-09-04T21:25:00Z,5.35,5.35,5.35,5.35,4,21.4
1788557700000,2026-09-04T21:35:00Z,5.37,5.37,5.37,5.37,9,48.33
1788558900000,2026-09-04T21:55:00Z,5.3669,5.3669,5.3669,5.3669,66,354.2154
1788559200000,2026-09-04T22:00:00Z,5.37,5.37,5.37,5.37,8,42.96
1788560400000,2026-09-04T22:20:00Z,5.36,5.36,5.36,5.36,2,10.72
1788560700000,2026-09-04T22:25:00Z,5.36,5.36,5.36,5.36,20,107.2
1788562800000,2026-09-04T23:00:00Z,5.4,5.4,5.4,5.4,10,54
1788564000000,2026-09-04T23:20:00Z,5.38,5.38,5.36,5.36,53,285.04
1788564600000,2026-09-04T23:30:00Z,5.36,5.36,5.36,5.36,4,21.44
1788564900000,2026-09-04T23:35:00Z,5.36,5.36,5.36,5.36,1,5.36
1788565200000,2026-09-04T23:40:00Z,5.38,5.38,5.38,5.38,100,538
1788565500000,2026-09-04T23:45:00Z,5.38,5.38,5.355,5.355,502,2700.71
1788825600000,2026-09-08T00:00:00Z,5.38,5.38,5.38,5.38,4,21.52
1788828300000,2026-09-08T00:45:00Z,5.38,5.38,5.38,5.38,64,344.32
1788829800000,2026-09-08T01:10:00Z,5.39,5.39,5.39,5.39,11,59.29
1788830700000,2026-09-08T01:25:00Z,5.4,5.4,5.4,5.4,85,459
1788831900000,2026-09-08T01:45:00Z,5.4,5.4,5.4,5.4,151,815.4
1788832500000,2026-09-08T01:55:00Z,5.44,5.44,5.44,5.44,37,201.28
1788832800000,2026-09-08T02:00:00Z,5.46,5.46,5.46,5.46,1,5.46
1788833100000,2026-09-08T02:05:00Z,5.47,5.47,5.47,5.47,2,10.94
1788834300000,2026-09-08T02:25:00Z,5.48,5.48,5.48,5.48,3,16.44
1788840600000,2026-09-08T04:10:00Z,5.5,5.5,5.5,5.5,105,577.5
1788840900000,2026-09-08T04:15:00Z,5.5,5.5,5.5,5.5,145,797.5
1788842400000,2026-09-08T04:40:00Z,5.52,5.52,5.52,5.52,299,1650.48
1788842700000,2026-09-08T04:45:00Z,5.49,5.52,5.49,5.52,365,2014.77
1788843000000,2026-09-08T04:50:00Z,5.49,5.52,5.49,5.51,305,1679.48
1788843300000,2026-09-08T04:55:00Z,5.51,5.51,5.51,5.51,276,1520.76
1788844200000,2026-09-08T05:10:00Z,5.5,5.5,5.5,5.5,40,220
1788845700000,2026-09-08T05:35:00Z,5.5,5.5,5.5,5.5,3,16.5
1788846000000,2026-09-08T05:40:00Z,5.48,5.48,5.48,5.48,51,279.48
1788846900000,2026-09-08T05:55:00Z,5.48,5.48,5.48,5.48,139,761.72
1788847200000,2026-09-08T06:00:00Z,5.47,5.47,5.47,5.47,225,1230.75
1788848100000,2026-09-08T06:15:00Z,5.44,5.44,5.44,5.44,64,348.16
1788850500000,2026-09-08T06:55:00Z,5.4,5.4,5.4,5.4,301,1625.4
1788852900000,2026-09-08T07:35:00Z,5.39,5.39,5.39,5.39,53,285.67
1788854400000,2026-09-08T08:00:00Z,5.5045,5.59,5.42,5.428,351,1928.3495
1788855000000,2026-09-08T08:10:00Z,5.4,5.4,5.3787,5.3787,2,10.7787
1788855900000,2026-09-08T08:25:00Z,5.38,5.38,5.38,5.38,50,269
1788856200000,2026-09-08T08:30:00Z,5.37,5.37,5.37,5.37,10,53.7
1788856500000,2026-09-08T08:35:00Z,5.34,5.37,5.34,5.37,13,69.51
1788857100000,2026-09-08T08:45:00Z,5.37,5.37,5.37,5.37,92,494.868
1788859200000,2026-09-08T09:20:00Z,5.34,5.34,5.33,5.33,103,549.82
1788861900000,2026-09-08T10:05:00Z,5.4275,5.4275,5.4275,5.4275,1,5.4275
1788863700000,2026-09-08T10:35:00Z,5.4163,5.4163,5.4163,5.4163,4,21.6652
1788864600000,2026-09-08T10:50:00Z,5.41,5.41,5.41,5.41,10,54.1
1788864900000,2026-09-08T10:55:00Z,5.41,5.41,5.41,5.41,137,741.17
1788865200000,2026-09-08T11:00:00Z,5.385,5.42,5.385,5.42,36,194.12
1788865500000,2026-09-08T11:05:00Z,5.43,5.43,5.43,5.43,25,135.75
1788865800000,2026-09-08T11:10:00Z,5.43,5.43,5.4236,5.4236,7,37.9972
1788866100000,2026-09-08T11:15:00Z,5.43,5.43,5.43,5.43,10,54.3
1788866400000,2026-09-08T11:20:00Z,5.43,5.43,5.43,5.43,10,54.3
1788866700000,2026-09-08T11:25:00Z,5.36,5.36,5.36,5.36,100,536
1788870300000,2026-09-08T12:25:00Z,5.35,5.35,5.35,5.35,55,294.25
1788870900000,2026-09-08T12:35:00Z,5.39,5.39,5.39,5.39,48,258.72
1788872400000,2026-09-08T13:00:00Z,5.41,5.41,5.41,5.41,1,5.41
1788873000000,2026-09-08T13:10:00Z,5.43,5.43,5.43,5.43,2,10.86
1788873600000,2026-09-08T13:20:00Z,5.43,5.43,5.43,5.43,205,1104.95
1788873900000,2026-09-08T13:25:00Z,5.45,5.45,5.45,5.45,2,10.9
1788874200000,2026-09-08T13:30:00Z,5.405,5.5,5.37,5.39,59542,324992.8001
1788874500000,2026-09-08T13:35:00Z,5.4,5.4,5.325,5.325,40156,215083.854
1788874800000,2026-09-08T13:40:00Z,5.32,5.37,5.295,5.36,54339.144071999996,289319.6917299735787348
1788875100000,2026-09-08T13:45:00Z,5.355,5.45,5.355,5.445,78682,426978.9926
1788875400000,2026-09-08T13:50:00Z,5.45,5.47,5.415,5.4412,49795.193583,271061.2857687386
1788875700000,2026-09-08T13:55:00Z,5.45,5.48,5.445,5.475,19549.692901,106793.3044229481
1788876000000,2026-09-08T14:00:00Z,5.485,5.49,5.46,5.4603,7753,42405.9557
1788876300000,2026-09-08T14:05:00Z,5.47,5.48,5.435,5.4511,6213,33883.56
1788876600000,2026-09-08T14:10:00Z,5.46,5.48,5.45,5.45,13824.943707,75535.0194994875
1788876900000,2026-09-08T14:15:00Z,5.46,5.53,5.46,5.53,9749.555476000001,53467.5371859316054841
1788877200000,2026-09-08T14:20:00Z,5.52,5.63,5.52,5.6139,166630,932426.303
1788877500000,2026-09-08T14:25:00Z,5.6199,5.63,5.585,5.625,24107,135141.0603
1788877800000,2026-09-08T14:30:00Z,5.625,5.625,5.585,5.605,23508,131919.6859
1788878100000,2026-09-08T14:35:00Z,5.6,5.62,5.5899,5.61,53800.905459,301966.9074012935
1788878400000,2026-09-08T14:40:00Z,5.605,5.625,5.595,5.605,15737.874733,88353.1063130547
1788878700000,2026-09-08T14:45:00Z,5.61,5.625,5.6,5.625,23017,129263.745
1788879000000,2026-09-08T14:50:00Z,5.625,5.65,5.62,5.635,18740,105603.707
1788879300000,2026-09-08T14:55:00Z,5.635,5.635,5.615,5.615,10688,60128.7491
1788879600000,2026-09-08T15:00:00Z,5.615,5.62,5.5705,5.5917,93115,521047.673
1788879900000,2026-09-08T15:05:00Z,5.5999,5.615,5.57,5.58,32697.35107,183003.685970716
1788880200000,2026-09-08T15:10:00Z,5.585,5.6,5.55,5.565,35445.434,197784.0167446
1788880500000,2026-09-08T15:15:00Z,5.565,5.6,5.565,5.595,13230,73932.908
1788880800000,2026-09-08T15:20:00Z,5.595,5.595,5.5724,5.59,9746.8209099999995,54454.6589496299972035
1788881100000,2026-09-08T15:25:00Z,5.585,5.61,5.585,5.585,6216.775,34783.082965
1788881400000,2026-09-08T15:30:00Z,5.585,5.595,5.58,5.595,6883,38448.9939
1788881700000,2026-09-08T15:35:00Z,5.5999,5.615,5.595,5.615,16178,90714.5524
1788882000000,2026-09-08T15:40:00Z,5.6153,5.6153,5.59,5.59,4714,26413.5321
1788882300000,2026-09-08T15:45:00Z,5.595,5.5999,5.58,5.595,49101,274419.86
1788882600000,2026-09-08T15:50:00Z,5.6,5.61,5.59,5.61,9595.600296,53761.433058044
1788882900000,2026-09-08T15:55:00Z,5.61,5.62,5.61,5.615,7972.715527,44756.0886108145
1788883200000,2026-09-08T16:00:00Z,5.62,5.64,5.615,5.615,10990.512556,61878.90300194
1788883500000,2026-09-08T16:05:00Z,5.615,5.6199,5.59,5.59,14143,79296.955
1788883800000,2026-09-08T16:10:00Z,5.585,5.59,5.56,5.59,10105.260944,56408.4160111248
1788884100000,2026-09-08T16:15:00Z,5.585,5.605,5.585,5.6,15504,86762.05
1788884400000,2026-09-08T16:20:00Z,5.6,5.61,5.595,5.61,6695,37489.0312
1788884700000,2026-09-08T16:25:00Z,5.605,5.6099,5.585,5.585,25185.076728,141040.2869995648
1788885000000,2026-09-08T16:30:00Z,5.5891,5.6,5.58,5.6,1931,10791.6025
1788885300000,2026-09-08T16:35:00Z,5.6,5.61,5.5961,5.605,8998.71883,50373.487207159
1788885600000,2026-09-08T16:40:00Z,5.601,5.601,5.585,5.585,4774,26723.4198
1788885900000,2026-09-08T16:45:00Z,5.585,5.605,5.585,5.605,5159,28870.5893
1788886200000,2026-09-08T16:50:00Z,5.61,5.65,5.61,5.645,16530,93078.1098
1788886500000,2026-09-08T16:55:00Z,5.64,5.64,5.615,5.62,6877.979001,38723.1103105331
1788886800000,2026-09-08T17:00:00Z,5.63,5.68,5.63,5.68,57172,323772.3122
1788887100000,2026-09-08T17:05:00Z,5.675,5.7,5.67,5.67,19273,109704.9969
1788887400000,2026-09-08T17:10:00Z,5.67,5.69,5.67,5.69,6445.860981,36578.7889644883
1788887700000,2026-09-08T17:15:00Z,5.685,5.685,5.6501,5.66,22840.043680000002,129473.3556088160113374
1788888000000,2026-09-08T17:20:00Z,5.655,5.655,5.635,5.645,7455.0001,42133.06946533
1788888300000,2026-09-08T17:25:00Z,5.645,5.65,5.6401,5.65,5189.1990000000005,29295.0283550000028225
1788888600000,2026-09-08T17:30:00Z,5.645,5.66,5.645,5.6591,11705,66185.83
1788888900000,2026-09-08T17:35:00Z,5.65,5.65,5.6388,5.6388,4718,26663.14
1788889200000,2026-09-08T17:40:00Z,5.635,5.65,5.635,5.64,7230,40781.545
1788889500000,2026-09-08T17:45:00Z,5.63,5.64,5.625,5.625,4935,27790.665
1788889800000,2026-09-08T17:50:00Z,5.625,5.625,5.61,5.61,46731.479431,262239.8883761147
1788890100000,2026-09-08T17:55:00Z,5.61,5.61,5.605,5.61,8612.6531,48296.55352356
1788890400000,2026-09-08T18:00:00Z,5.61,5.615,5.6,5.61,6599,37018.2
1788890700000,2026-09-08T18:05:00Z,5.61,5.64,5.61,5.635,6253,35166.35
1788891000000,2026-09-08T18:10:00Z,5.64,5.64,5.625,5.635,20729.313885,116679.2383644995
1788891300000,2026-09-08T18:15:00Z,5.6393,5.67,5.635,5.665,23387.253081000003,132244.3985465145169635
1788891600000,2026-09-08T18:20:00Z,5.665,5.665,5.645,5.645,5795,32798.2855
1788891900000,2026-09-08T18:25:00Z,5.64,5.64,5.63,5.63,3952,22291.6512
1788892200000,2026-09-08T18:30:00Z,5.625,5.6262,5.623,5.623,1832,10305.5275
1788892500000,2026-09-08T18:35:00Z,5.62,5.63,5.605,5.63,19213,107945.486
1788892800000,2026-09-08T18:40:00Z,5.635,5.64,5.63,5.63,23334,131459.51
1788893100000,2026-09-08T18:45:00Z,5.64,5.645,5.605,5.615,11582,65160.6712
1788893400000,2026-09-08T18:50:00Z,5.62,5.63,5.6002,5.61,18745,105204.2
1788893700000,2026-09-08T18:55:00Z,5.61,5.62,5.61,5.615,15227.709705,85502.854993575
1788894000000,2026-09-08T19:00:00Z,5.615,5.63,5.615,5.625,9077,51054.4354
1788894300000,2026-09-08T19:05:00Z,5.625,5.625,5.605,5.605,11558,64963.96
1788894600000,2026-09-08T19:10:00Z,5.61,5.6198,5.61,5.615,10550.540719,59162.6220277206
1788894900000,2026-09-08T19:15:00Z,5.61,5.615,5.6,5.615,15037,84337.83
1788895200000,2026-09-08T19:20:00Z,5.61,5.62,5.605,5.61,17966.2514,100836.0681082
1788895500000,2026-09-08T19:25:00Z,5.605,5.6199,5.6001,5.6199,5572.200901,31236.2032701951
1788895800000,2026-09-08T19:30:00Z,5.615,5.615,5.58,5.595,19765.887515,110709.1335679255
1788896100000,2026-09-08T19:35:00Z,5.6,5.605,5.59,5.595,21775.372915,121857.7667646275
1788896400000,2026-09-08T19:40:00Z,5.595,5.62,5.595,5.605,21558.434392,120743.6134992744
1788896700000,2026-09-08T19:45:00Z,5.601,5.605,5.58,5.58,10285,57500.0872
1788897000000,2026-09-08T19:50:00Z,5.59,5.6,5.565,5.579,44762,249902.2208
1788897300000,2026-09-08T19:55:00Z,5.57,5.61,5.57,5.6,151024.001277,844107.4843246384
1788897600000,2026-09-08T20:00:00Z,5.6,5.6,5.6,5.6,31014,173678.4
1788898200000,2026-09-08T20:10:00Z,5.6,5.69,5.6,5.69,29,164.539
1788898500000,2026-09-08T20:15:00Z,5.6,5.63,5.6,5.63,62,349
1788899100000,2026-09-08T20:25:00Z,5.59,5.59,5.59,5.59,1,5.59
1788899400000,2026-09-08T20:30:00Z,5.5487,5.6,5.5487,5.6,2,11.1487
1788904500000,2026-09-08T21:55:00Z,5.59,5.59,5.59,5.59,1,5.59
1788905100000,2026-09-08T22:05:00Z,5.58,5.58,5.58,5.58,1,5.58
1788905400000,2026-09-08T22:10:00Z,5.59,5.59,5.59,5.59,25,139.75
1788906600000,2026-09-08T22:30:00Z,5.67,5.67,5.67,5.67,1,5.67
1788906900000,2026-09-08T22:35:00Z,5.6,5.6,5.6,5.6,20,112
1788907500000,2026-09-08T22:45:00Z,5.62,5.62,5.62,5.62,5,28.1
1788908700000,2026-09-08T23:05:00Z,5.67,5.67,5.67,5.67,8,45.36
1788909600000,2026-09-08T23:20:00Z,5.51,5.51,5.51,5.51,20,110.2
1788909900000,2026-09-08T23:25:00Z,5.52,5.52,5.52,5.52,25,138
1788910200000,2026-09-08T23:30:00Z,5.52,5.52,5.52,5.52,5,27.6
1788911100000,2026-09-08T23:45:00Z,5.65,5.65,5.59,5.59,23,129.47
1788912300000,2026-09-09T00:05:00Z,5.58,5.58,5.58,5.58,99,552.42
1788912600000,2026-09-09T00:10:00Z,5.59,5.59,5.59,5.59,1,5.59
1788916500000,2026-09-09T01:15:00Z,5.6,5.6,5.6,5.6,76,425.6
1788918300000,2026-09-09T01:45:00Z,5.6,5.6,5.6,5.6,20,112
1788923400000,2026-09-09T03:10:00Z,5.61,5.69,5.61,5.69,100,567.08
1788926400000,2026-09-09T04:00:00Z,5.64,5.64,5.64,5.64,280,1579.2
1788927000000,2026-09-09T04:10:00Z,5.64,5.64,5.64,5.64,22,124.08
1788940800000,2026-09-09T08:00:00Z,5.65,5.6797,5.64,5.64,73,412.0282
1788941700000,2026-09-09T08:15:00Z,5.6707,5.6707,5.67,5.67,471.637287,2664.9393264648
1788942000000,2026-09-09T08:20:00Z,5.6962,5.6962,5.6962,5.6962,1,5.6962
1788942300000,2026-09-09T08:25:00Z,5.66,5.66,5.66,5.66,18,101.88
1788943800000,2026-09-09T08:50:00Z,5.67,5.67,5.67,5.67,3,17.01
1788944100000,2026-09-09T08:55:00Z,5.66,5.66,5.66,5.66,10,56.6
1788945600000,2026-09-09T09:20:00Z,5.67,5.67,5.64,5.64,21,118.77
1788945900000,2026-09-09T09:25:00Z,5.6,5.6,5.6,5.6,10,56
1788946200000,2026-09-09T09:30:00Z,5.63,5.63,5.63,5.63,2,11.26
1788947100000,2026-09-09T09:45:00Z,5.59,5.59,5.5585,5.5585,11,61.4585
1788947400000,2026-09-09T09:50:00Z,5.5522,5.5522,5.5522,5.5522,9,49.9698
1788947700000,2026-09-09T09:55:00Z,5.55,5.55,5.5487,5.5487,11,61.0487
1788949800000,2026-09-09T10:30:00Z,5.52,5.52,5.52,5.52,1,5.52
1788952500000,2026-09-09T11:15:00Z,5.52,5.52,5.52,5.52,1,5.52
1788954900000,2026-09-09T11:55:00Z,5.5,5.5,5.5,5.5,25,137.5
1788955200000,2026-09-09T12:00:00Z,5.5489,5.5489,5.5489,5.5489,5,27.7445
1788956700000,2026-09-09T12:25:00Z,5.55,5.55,5.52,5.52,55,303.75
1788957000000,2026-09-09T12:30:00Z,5.52,5.52,5.5199,5.5199,60,331.197
1788958500000,2026-09-09T12:55:00Z,5.5159,5.64,5.5159,5.64,30,166.718
1788959100000,2026-09-09T13:05:00Z,5.6573,5.6573,5.6573,5.6573,65,367.7245
1788959700000,2026-09-09T13:15:00Z,5.5203,5.5203,5.5203,5.5203,7,38.6421
1788960000000,2026-09-09T13:20:00Z,5.6297,5.6297,5.51,5.51,155,854.6485
1788960300000,2026-09-09T13:25:00Z,5.521,5.521,5.52,5.52,106,585.135
1788960600000,2026-09-09T13:30:00Z,5.532,5.608,5.525,5.601,81812.876717,456365.0947739579
1788960900000,2026-09-09T13:35:00Z,5.62,5.63,5.57,5.57,16700,93511.149
1788961200000,2026-09-09T13:40:00Z,5.565,5.565,5.49,5.53,17010.434668,94017.439452712
1788961500000,2026-09-09T13:45:00Z,5.53,5.53,5.48,5.5182,9455,52040.175
1788961800000,2026-09-09T13:50:00Z,5.515,5.52,5.45,5.46,16071,87949.64
1788962100000,2026-09-09T13:55:00Z,5.465,5.4898,5.46,5.4898,2284,12523.8032
1788962400000,2026-09-09T14:00:00Z,5.49,5.5201,5.48,5.52,8414,46286.8231
1788962700000,2026-09-09T14:05:00Z,5.5299,5.54,5.51,5.51,16021,88691.3424
1788963000000,2026-09-09T14:10:00Z,5.5,5.5097,5.46,5.47,42029,229578.78
1788963300000,2026-09-09T14:15:00Z,5.46,5.46,5.415,5.425,34603,187872.312
1788963600000,2026-09-09T14:20:00Z,5.43,5.435,5.4119,5.42,11238.677563,60995.4074642664
1788963900000,2026-09-09T14:25:00Z,5.43,5.4592,5.43,5.455,3921,21354.337
1788964200000,2026-09-09T14:30:00Z,5.4547,5.455,5.425,5.43,6677,36317.629
1788964500000,2026-09-09T14:35:00Z,5.44,5.44,5.425,5.425,5025,27302.5
1788964800000,2026-09-09T14:40:00Z,5.43,5.43,5.415,5.429,1630,8839.95
1788965100000,2026-09-09T14:45:00Z,5.42,5.4362,5.4101,5.42,6483,35162.8928
1788965400000,2026-09-09T14:50:00Z,5.42,5.445,5.42,5.425,14375,77969.5898
1788965700000,2026-09-09T14:55:00Z,5.435,5.4499,5.435,5.4499,4689,25487.8119
1788966000000,2026-09-09T15:00:00Z,5.445,5.455,5.435,5.44,14538,79206.518
1788966300000,2026-09-09T15:05:00Z,5.45,5.45,5.4433,5.45,2256,12289.865
1788966600000,2026-09-09T15:10:00Z,5.44,5.45,5.425,5.4401,8013.4797,43583.27629642
1788966900000,2026-09-09T15:15:00Z,5.445,5.4499,5.44,5.449,2311,12583.845
1788967200000,2026-09-09T15:20:00Z,5.445,5.445,5.41,5.415,17674,95714.295
1788967500000,2026-09-09T15:25:00Z,5.41,5.415,5.4,5.405,6937,37537.3594
1788967800000,2026-09-09T15:30:00Z,5.41,5.42,5.41,5.42,5734,31020.2848
1788968100000,2026-09-09T15:35:00Z,5.415,5.445,5.415,5.445,6508.45043,35294.654883837
1788968400000,2026-09-09T15:40:00Z,5.45,5.45,5.415,5.435,18214.983,98918.1396832
1788968700000,2026-09-09T15:45:00Z,5.43,5.435,5.43,5.43,424,2303.44
1788969000000,2026-09-09T15:50:00Z,5.43,5.43,5.43,5.43,300,1629
1788969300000,2026-09-09T15:55:00Z,5.425,5.425,5.4183,5.4183,6633,35994.6378
1788969600000,2026-09-09T16:00:00Z,5.415,5.435,5.41,5.435,1483,8047.705
1788969900000,2026-09-09T16:05:00Z,5.43,5.43,5.425,5.425,2849,15466.4174
1788970200000,2026-09-09T16:10:00Z,5.42,5.425,5.415,5.425,6177.03823,33467.306907202
1788970500000,2026-09-09T16:15:00Z,5.425,5.425,5.405,5.405,17542,94926.7147
1788970800000,2026-09-09T16:20:00Z,5.4,5.4,5.39,5.4,11347.267587999999,61291.2931441699945975
1788971100000,2026-09-09T16:25:00Z,5.405,5.405,5.405,5.405,1162.369754,6282.60852037
1788971400000,2026-09-09T16:30:00Z,5.405,5.435,5.405,5.435,6152,33339.8092
1788971700000,2026-09-09T16:35:00Z,5.44,5.45,5.44,5.445,4339.402,23596.9404946
1788972000000,2026-09-09T16:40:00Z,5.445,5.448,5.4301,5.448,7362.290555,40050.9343901445
1788972300000,2026-09-09T16:45:00Z,5.44,5.44,5.425,5.425,2700,14680.5
1788972600000,2026-09-09T16:50:00Z,5.42,5.4251,5.42,5.4251,3282,17803.269
1788972900000,2026-09-09T16:55:00Z,5.4295,5.43,5.42,5.429,4305.69844,23359.314037
1788973200000,2026-09-09T17:00:00Z,5.425,5.435,5.42,5.43,14575,79174.49
1788973500000,2026-09-09T17:05:00Z,5.43,5.4396,5.4101,5.4101,6719,36437.768
1788973800000,2026-09-09T17:10:00Z,5.415,5.415,5.405,5.405,1917,10378.638
1788974100000,2026-09-09T17:15:00Z,5.405,5.405,5.4,5.4009,2359,12745.445
1788974400000,2026-09-09T17:20:00Z,5.405,5.405,5.38,5.38,76897.80438,415167.44584762
1788974700000,2026-09-09T17:25:00Z,5.385,5.3863,5.375,5.375,2623.8300199999999,14121.9446576999994615
1788975000000,2026-09-09T17:30:00Z,5.38,5.385,5.375,5.3791,2871,15447.3854
1788975300000,2026-09-09T17:35:00Z,5.375,5.3799,5.37,5.375,8436,45341.25
1788975600000,2026-09-09T17:40:00Z,5.375,5.395,5.375,5.395,6974.85896,37533.111035552
1788975900000,2026-09-09T17:45:00Z,5.395,5.4099,5.395,5.405,6652,35947.251
1788976200000,2026-09-09T17:50:00Z,5.41,5.41,5.405,5.405,4466.3255799999997,24141.3999598999983785
1788976500000,2026-09-09T17:55:00Z,5.405,5.405,5.4,5.405,5681.248471,30707.147985755
1788976800000,2026-09-09T18:00:00Z,5.405,5.405,5.39,5.395,50179,270912.845
1788977100000,2026-09-09T18:05:00Z,5.395,5.395,5.38,5.385,2131,11485.311
1788977400000,2026-09-09T18:10:00Z,5.3851,5.3851,5.375,5.38,6738.316423,36266.4007100821
1788977700000,2026-09-09T18:15:00Z,5.37,5.37,5.3625,5.3625,1680,9012.95
1788978000000,2026-09-09T18:20:00Z,5.365,5.37,5.365,5.3698,5261,28234.4318
1788978300000,2026-09-09T18:25:00Z,5.36,5.375,5.36,5.375,4272,22921.416
1788978600000,2026-09-09T18:30:00Z,5.375,5.375,5.37,5.375,775,4165.125
1788978900000,2026-09-09T18:35:00Z,5.37,5.3786,5.36,5.36,87859.302,471121.22905
1788979200000,2026-09-09T18:40:00Z,5.37,5.37,5.365,5.3699,1591,8536.4794
1788979500000,2026-09-09T18:45:00Z,5.365,5.37,5.35,5.355,49180,263239.94
1788979800000,2026-09-09T18:50:00Z,5.35,5.35,5.33,5.35,13059,69705.6396
1788980100000,2026-09-09T18:55:00Z,5.36,5.365,5.355,5.355,6242,33457.234
1788980400000,2026-09-09T19:00:00Z,5.36,5.3674,5.355,5.355,12137,65009.7894
1788980700000,2026-09-09T19:05:00Z,5.355,5.3599,5.345,5.3599,8055,43122.9435
1788981000000,2026-09-09T19:10:00Z,5.355,5.36,5.355,5.36,2913,15611.615
1788981300000,2026-09-09T19:15:00Z,5.3656,5.37,5.365,5.365,5337,28638.385
1788981600000,2026-09-09T19:20:00Z,5.365,5.365,5.36,5.365,2834,15194
1788981900000,2026-09-09T19:25:00Z,5.365,5.365,5.36,5.36,14842.495838,79574.29017087
1788982200000,2026-09-09T19:30:00Z,5.35,5.35,5.345,5.345,9516,50902.56
1788982500000,2026-09-09T19:35:00Z,5.345,5.355,5.325,5.335,32641.353315,174432.433468675
1788982800000,2026-09-09T19:40:00Z,5.33,5.33,5.3147,5.32,21432.385942,114090.2485867732
1788983100000,2026-09-09T19:45:00Z,5.32,5.32,5.315,5.32,12703,67554.0416
1788983400000,2026-09-09T19:50:00Z,5.315,5.325,5.305,5.3199,57004,302914.438
1788983700000,2026-09-09T19:55:00Z,5.32,5.33,5.25,5.27,284010.08,1500986.66872
1788984000000,2026-09-09T20:00:00Z,5.29,5.29,5.25,5.27,20666,108914.24
1788984300000,2026-09-09T20:05:00Z,5.34,5.34,5.27,5.27,23,122.12
1788984600000,2026-09-09T20:10:00Z,5.27,5.3,5.27,5.3,304,1610.08
1788984900000,2026-09-09T20:15:00Z,5.27,5.27,5.27,5.27,2,10.54
1788985200000,2026-09-09T20:20:00Z,5.34,5.34,5.34,5.34,21,112.14
1788985800000,2026-09-09T20:30:00Z,5.34,5.34,5.34,5.34,1,5.34
1788986700000,2026-09-09T20:45:00Z,5.3384,5.3384,5.3384,5.3384,5,26.692
1788987600000,2026-09-09T21:00:00Z,5.34,5.34,5.34,5.34,1,5.34
1788988200000,2026-09-09T21:10:00Z,5.34,5.34,5.34,5.34,15,80.1
1788988500000,2026-09-09T21:15:00Z,5.34,5.34,5.34,5.34,25,133.5
1788989400000,2026-09-09T21:30:00Z,5.33,5.33,5.33,5.33,2,10.66
1788990300000,2026-09-09T21:45:00Z,5.33,5.33,5.33,5.33,3,15.99
1788990900000,2026-09-09T21:55:00Z,5.33,5.33,5.33,5.33,1,5.33
1788991500000,2026-09-09T22:05:00Z,5.3,5.3,5.3,5.3,10,53
1788992100000,2026-09-09T22:15:00Z,5.3,5.3,5.3,5.3,5,26.5
1788992400000,2026-09-09T22:20:00Z,5.3,5.3,5.3,5.3,10,53
1788993000000,2026-09-09T22:30:00Z,5.25,5.25,5.25,5.25,37,194.25
1788993300000,2026-09-09T22:35:00Z,5.2987,5.2987,5.2987,5.2987,1,5.2987
1788993600000,2026-09-09T22:40:00Z,5.26,5.26,5.26,5.26,1,5.26
1788994500000,2026-09-09T22:55:00Z,5.3,5.3,5.3,5.3,10,53
1788994800000,2026-09-09T23:00:00Z,5.299,5.299,5.299,5.299,10,52.99
1788995100000,2026-09-09T23:05:00Z,5.2695,5.2999,5.2695,5.2999,2,10.5694
1788995400000,2026-09-09T23:10:00Z,5.2684,5.2684,5.2684,5.2684,39,205.4676
1788996300000,2026-09-09T23:25:00Z,5.26,5.26,5.26,5.26,1,5.26
1788996600000,2026-09-09T23:30:00Z,5.2504,5.27,5.2504,5.27,45,237.052
1788996900000,2026-09-09T23:35:00Z,5.26,5.26,5.26,5.26,2,10.52
1788997500000,2026-09-09T23:45:00Z,5.26,5.2675,5.26,5.2675,70,368.35
1788997800000,2026-09-09T23:50:00Z,5.264,5.264,5.264,5.264,2,10.528
1788998100000,2026-09-09T23:55:00Z,5.2861,5.2861,5.2861,5.2861,20,105.722
1788998400000,2026-09-10T00:00:00Z,5.5,5.5,5.5,5.5,100,550
1789017300000,2026-09-10T05:15:00Z,5.25,5.25,5.25,5.25,3,15.75
1789019400000,2026-09-10T05:50:00Z,5.24,5.24,5.24,5.24,20,104.8
1789019700000,2026-09-10T05:55:00Z,5.24,5.32,5.24,5.32,237,1247.22
1789027200000,2026-09-10T08:00:00Z,5.32,5.32,5.21,5.21,102,532.52
1789027800000,2026-09-10T08:10:00Z,5.31,5.31,5.31,5.31,10,53.1
1789029900000,2026-09-10T08:45:00Z,5.2672,5.2672,5.2672,5.2672,1,5.2672
1789030800000,2026-09-10T09:00:00Z,5.3477,5.3477,5.3477,5.3477,1,5.3477
1789033200000,2026-09-10T09:40:00Z,5.28,5.28,5.28,5.28,30,158.4
1789034100000,2026-09-10T09:55:00Z,5.25,5.25,5.25,5.25,20,105
1789036200000,2026-09-10T10:30:00Z,5.25,5.25,5.25,5.25,92,483
1789038000000,2026-09-10T11:00:00Z,5.28,5.35,5.28,5.35,60,317.5
1789039500000,2026-09-10T11:25:00Z,5.24,5.26,5.24,5.26,30,157.5
1789040400000,2026-09-10T11:40:00Z,5.28,5.28,5.28,5.28,90,475.2
1789041000000,2026-09-10T11:50:00Z,5.25,5.25,5.25,5.25,10,52.5
1789041600000,2026-09-10T12:00:00Z,5.24,5.24,5.24,5.24,183,958.92
1789041900000,2026-09-10T12:05:00Z,5.21,5.21,5.21,5.21,98,510.58
1789042500000,2026-09-10T12:15:00Z,5.2,5.2,5.2,5.2,56,291.2
1789042800000,2026-09-10T12:20:00Z,5.25,5.25,5.25,5.25,54,283.5
1789043400000,2026-09-10T12:30:00Z,5.1501,5.1501,5.1501,5.1501,7,36.0507
1789043700000,2026-09-10T12:35:00Z,5.1987,5.1987,5.1987,5.1987,1,5.1987
1789044000000,2026-09-10T12:40:00Z,5.18,5.18,5.15,5.15,28,144.95
1789044300000,2026-09-10T12:45:00Z,5.15,5.15,5.15,5.15,1747,8997.05
1789044600000,2026-09-10T12:50:00Z,5.18,5.2,5.1509,5.18,4200,21714.2062
1789044900000,2026-09-10T12:55:00Z,5.14,5.14,5.14,5.14,600,3090
1789045200000,2026-09-10T13:00:00Z,5.1062,5.1062,5.1062,5.1062,1,5.1062
1789045800000,2026-09-10T13:10:00Z,5.13,5.14,5.13,5.139,701,3571.595
1789046100000,2026-09-10T13:15:00Z,5.13,5.13,5.11,5.11,250,1281.5
1789046400000,2026-09-10T13:20:00Z,5.11,5.11,5.0997,5.0998,2268.949316,11627.8317445
1789046700000,2026-09-10T13:25:00Z,5.14,5.14,5.07,5.07,3282,16696.9576
1789047000000,2026-09-10T13:30:00Z,5.08,5.1889,5.08,5.1889,71326.145259,364867.4392699913
1789047300000,2026-09-10T13:35:00Z,5.19,5.255,5.19,5.255,8051.399224,41974.6662779712
1789047600000,2026-09-10T13:40:00Z,5.27,5.28,5.23,5.23,16360.054216,86020.795094836
1789047900000,2026-09-10T13:45:00Z,5.23,5.28,5.23,5.2724,18822,99259.22
1789048200000,2026-09-10T13:50:00Z,5.21,5.22,5.195,5.22,5618,29246.034
1789048500000,2026-09-10T13:55:00Z,5.22,5.22,5.21,5.21,15797,82436.7584
1789048800000,2026-09-10T14:00:00Z,5.22,5.2501,5.21,5.2299,9805.112267,51287.6583410221
1789049100000,2026-09-10T14:05:00Z,5.215,5.225,5.2,5.225,5939,30956.18
1789049400000,2026-09-10T14:10:00Z,5.23,5.23,5.2143,5.22,5602,29248.88
1789049700000,2026-09-10T14:15:00Z,5.215,5.22,5.18,5.215,22804,118623.6293
1789050000000,2026-09-10T14:20:00Z,5.22,5.265,5.22,5.26,8492,44446.4288
1789050300000,2026-09-10T14:25:00Z,5.27,5.32,5.265,5.32,24588,130171.82
1789050600000,2026-09-10T14:30:00Z,5.315,5.315,5.29,5.3,6569,34807.1
1789050900000,2026-09-10T14:35:00Z,5.325,5.345,5.32,5.335,6040,32226.595
1789051200000,2026-09-10T14:40:00Z,5.33,5.33,5.3186,5.3186,5227,27826.7088
1789051500000,2026-09-10T14:45:00Z,5.335,5.335,5.315,5.325,6975.353652,37138.1997407776
1789051800000,2026-09-10T14:50:00Z,5.3297,5.33,5.3004,5.32,2732.9,14543.58722
1789052100000,2026-09-10T14:55:00Z,5.312,5.3285,5.312,5.3205,6862.712202000001,36531.0495936864053232
1789052400000,2026-09-10T15:00:00Z,5.33,5.33,5.29,5.315,34195,180930.05
1789052700000,2026-09-10T15:05:00Z,5.3101,5.3299,5.3101,5.32,8756,46580.405
1789053000000,2026-09-10T15:10:00Z,5.32,5.33,5.32,5.3299,2273.639436,12105.8179865612
1789053300000,2026-09-10T15:15:00Z,5.32,5.32,5.295,5.31,29161,154830.818
1789053600000,2026-09-10T15:20:00Z,5.315,5.33,5.31,5.325,9428,50157.91
1789053900000,2026-09-10T15:25:00Z,5.33,5.335,5.32,5.325,2991,15942.905
1789054200000,2026-09-10T15:30:00Z,5.325,5.325,5.315,5.315,1701,9045.315
1789054500000,2026-09-10T15:35:00Z,5.315,5.315,5.275,5.28,23198,122919.0358
1789054800000,2026-09-10T15:40:00Z,5.285,5.29,5.2805,5.285,3634,19204.807
1789055100000,2026-09-10T15:45:00Z,5.285,5.295,5.275,5.275,7351,38864.0019
1789055400000,2026-09-10T15:50:00Z,5.275,5.285,5.275,5.285,3223,17017.385
1789055700000,2026-09-10T15:55:00Z,5.285,5.295,5.285,5.295,5388,28495.1
1789056000000,2026-09-10T16:00:00Z,5.29,5.29,5.26,5.275,9404,49633.9776
1789056300000,2026-09-10T16:05:00Z,5.2777,5.2777,5.265,5.265,3700,19504.7
1789056600000,2026-09-10T16:10:00Z,5.26,5.265,5.2502,5.265,5825,30621.4905
1789056900000,2026-09-10T16:15:00Z,5.265,5.27,5.245,5.255,11190,58780.217
1789057200000,2026-09-10T16:20:00Z,5.26,5.265,5.25,5.255,14609,76794.5991
1789057500000,2026-09-10T16:25:00Z,5.255,5.255,5.242,5.25,4800,25207.2576
1789057800000,2026-09-10T16:30:00Z,5.245,5.255,5.23,5.2331,7060,36966.52
1789058100000,2026-09-10T16:35:00Z,5.225,5.24,5.22,5.23,11544,60349.4708
1789058400000,2026-09-10T16:40:00Z,5.235,5.235,5.235,5.235,1700,8899.5
1789058700000,2026-09-10T16:45:00Z,5.235,5.25,5.235,5.24,7733,40539.405
1789059000000,2026-09-10T16:50:00Z,5.245,5.26,5.245,5.26,4259,22362.3
1789059300000,2026-09-10T16:55:00Z,5.26,5.265,5.26,5.265,4329,22767.9426
1789059600000,2026-09-10T17:00:00Z,5.265,5.265,5.2484,5.25,10051,52800.36
1789059900000,2026-09-10T17:05:00Z,5.252,5.265,5.2501,5.265,3505,18426.6914
1789060200000,2026-09-10T17:10:00Z,5.265,5.27,5.235,5.235,6512,34234.025
1789060500000,2026-09-10T17:15:00Z,5.235,5.235,5.2266,5.2266,3823.598853,20001.921395455
1789060800000,2026-09-10T17:20:00Z,5.225,5.23,5.225,5.23,1771.767135,9257.483280375
1789061100000,2026-09-10T17:25:00Z,5.221,5.235,5.221,5.235,2956,15446.1
1789061400000,2026-09-10T17:30:00Z,5.23,5.23,5.2201,5.2201,5732,29955.5208
1789061700000,2026-09-10T17:35:00Z,5.225,5.225,5.215,5.215,3588,18728.86
1789062000000,2026-09-10T17:40:00Z,5.215,5.215,5.2,5.205,4103,21357.56
1789062300000,2026-09-10T17:45:00Z,5.205,5.205,5.2,5.205,4308,22416.16
1789062600000,2026-09-10T17:50:00Z,5.205,5.205,5.195,5.205,18593,96721.1024
1789062900000,2026-09-10T17:55:00Z,5.205,5.2099,5.2,5.2001,5940.7425650000005,30918.4682508250026025
1789063200000,2026-09-10T18:00:00Z,5.2,5.205,5.17,5.17,12272,63679.095
1789063500000,2026-09-10T18:05:00Z,5.17,5.18,5.17,5.1798,2597,13434.9206
1789063800000,2026-09-10T18:10:00Z,5.175,5.18,5.175,5.1791,2587,13396.19
1789064100000,2026-09-10T18:15:00Z,5.175,5.175,5.165,5.175,6355,32865.3432
1789064400000,2026-09-10T18:20:00Z,5.18,5.185,5.16,5.165,23802.949799,122953.8111542019
1789064700000,2026-09-10T18:25:00Z,5.165,5.165,5.16,5.165,23001.1195,118800.2822175
1789065000000,2026-09-10T18:30:00Z,5.165,5.1699,5.16,5.165,4200,21692.99
1789065300000,2026-09-10T18:35:00Z,5.1699,5.17,5.16,5.17,19600,101163.42
1789065600000,2026-09-10T18:40:00Z,5.16,5.17,5.155,5.16,7848,40502.255
1789065900000,2026-09-10T18:45:00Z,5.1591,5.175,5.15,5.165,10921,56394.755
1789066200000,2026-09-10T18:50:00Z,5.165,5.1899,5.165,5.18,11190,57956.62
1789066500000,2026-09-10T18:55:00Z,5.1762,5.1762,5.1601,5.1751,9913,51247.085
1789066800000,2026-09-10T19:00:00Z,5.175,5.175,5.17,5.175,8990,46507.412
1789067100000,2026-09-10T19:05:00Z,5.17,5.17,5.15,5.155,20644,106549.48
1789067400000,2026-09-10T19:10:00Z,5.1559,5.1559,5.15,5.155,6648,34266.94
1789067700000,2026-09-10T19:15:00Z,5.155,5.16,5.145,5.145,11814,60846.725
1789068000000,2026-09-10T19:20:00Z,5.14,5.145,5.14,5.145,2060,10593.91
1789068300000,2026-09-10T19:25:00Z,5.145,5.16,5.145,5.16,7367,37946.595
1789068600000,2026-09-10T19:30:00Z,5.16,5.165,5.15,5.165,47976,247332.9174
1789068900000,2026-09-10T19:35:00Z,5.17,5.17,5.16,5.17,30246,156171.0884
1789069200000,2026-09-10T19:40:00Z,5.17,5.18,5.165,5.175,13225.597542,68342.21130443
1789069500000,2026-09-10T19:45:00Z,5.1719,5.19,5.165,5.165,56644.578,293466.4597602
1789069800000,2026-09-10T19:50:00Z,5.17,5.175,5.145,5.15,47065,242868.95
1789070100000,2026-09-10T19:55:00Z,5.145,5.175,5.135,5.16,233960,1207327.088
1789070400000,2026-09-10T20:00:00Z,5.16,5.17,5.15,5.16,265918.15021,1373467.23083465
1789071000000,2026-09-10T20:10:00Z,5.16,5.16,5.16,5.16,8,41.28
1789071300000,2026-09-10T20:15:00Z,5.16,5.16,5.16,5.16,2,10.32
1789073100000,2026-09-10T20:45:00Z,5.26,5.26,5.26,5.26,10,52.6
1789074000000,2026-09-10T21:00:00Z,5.18,5.18,5.18,5.18,3,15.54
1789074600000,2026-09-10T21:10:00Z,5.2,5.2,5.2,5.2,1,5.2
1789075500000,2026-09-10T21:25:00Z,5.17,5.17,5.17,5.17,33,170.61
1789076100000,2026-09-10T21:35:00Z,5.17,5.17,5.17,5.17,35,180.95
1789076400000,2026-09-10T21:40:00Z,5.1938,5.1938,5.1938,5.1938,5,25.969
1789076700000,2026-09-10T21:45:00Z,5.18,5.18,5.18,5.18,20,103.6
1789077600000,2026-09-10T22:00:00Z,5.2,5.2,5.2,5.2,5,26
1789077900000,2026-09-10T22:05:00Z,5.1985,5.1985,5.1985,5.1985,30,155.955
1789078200000,2026-09-10T22:10:00Z,5.19,5.19,5.19,5.19,20,103.8
1789080300000,2026-09-10T22:45:00Z,5.16,5.16,5.16,5.16,1,5.16
1789080600000,2026-09-10T22:50:00Z,5.16,5.1999,5.16,5.1999,2,10.3599
1789081500000,2026-09-10T23:05:00Z,5.2,5.2,5.2,5.2,86,447.2
1789083000000,2026-09-10T23:30:00Z,5.1997,5.1997,5.1997,5.1997,5,25.9985
1789083900000,2026-09-10T23:45:00Z,5.1984,5.1984,5.1984,5.1984,10,51.984
1789085100000,2026-09-11T00:05:00Z,5.16,5.18,5.16,5.18,60,310.6
1789099800000,2026-09-11T04:10:00Z,5.1,5.1,5.1,5.1,1,5.1
1789101000000,2026-09-11T04:30:00Z,5.09,5.09,5.08,5.08,3100,15754
1789104000000,2026-09-11T05:20:00Z,5.11,5.11,5.11,5.11,1,5.11
1789110300000,2026-09-11T07:05:00Z,5.14,5.19,5.14,5.19,199,1032.52
1789113600000,2026-09-11T08:00:00Z,5.11,5.11,5.11,5.11,2510,12751.1
1789125000000,2026-09-11T11:10:00Z,5.205,5.205,5.205,5.205,2,10.41
1789126500000,2026-09-11T11:35:00Z,5.3,5.3,5.3,5.3,34,180.2
1789127100000,2026-09-11T11:45:00Z,5.21,5.25,5.21,5.25,9,47.21
1789127400000,2026-09-11T11:50:00Z,5.314,5.314,5.314,5.314,5,26.57
1789128600000,2026-09-11T12:10:00Z,5.3,5.3,5.3,5.3,1,5.3
1789128900000,2026-09-11T12:15:00Z,5.21,5.23,5.21,5.23,41,214.03
1789129500000,2026-09-11T12:25:00Z,5.2342,5.2342,5.2342,5.2342,1,5.2342
1789130100000,2026-09-11T12:35:00Z,5.3512,5.3512,5.3512,5.3512,1,5.3512
1789130400000,2026-09-11T12:40:00Z,5.35,5.35,5.21,5.21,750,3951.75
1789131000000,2026-09-11T12:50:00Z,5.16,5.16,5.16,5.16,25,129
1789131300000,2026-09-11T12:55:00Z,5.28,5.28,5.28,5.28,54,285.12
1789131600000,2026-09-11T13:00:00Z,5.28,5.28,5.28,5.28,3,15.84
1789131900000,2026-09-11T13:05:00Z,5.3,5.3,5.3,5.3,3,15.9
1789132200000,2026-09-11T13:10:00Z,5.3,5.3,5.3,5.3,2,10.6
1789132500000,2026-09-11T13:15:00Z,5.3758,5.4,5.27,5.27,60,323.3088
1789132800000,2026-09-11T13:20:00Z,5.36,5.36,5.3,5.3,39,207
1789133100000,2026-09-11T13:25:00Z,5.3392,5.3392,5.3392,5.3392,5,26.696
1789133400000,2026-09-11T13:30:00Z,5.255,5.3,5.24,5.27,32757.761009,173308.9703225181
1789133700000,2026-09-11T13:35:00Z,5.28,5.28,5.1709,5.235,8370,43709.8594
1789134000000,2026-09-11T13:40:00Z,5.25,5.27,5.24,5.265,28018,147347.885
1789134300000,2026-09-11T13:45:00Z,5.27,5.3,5.26,5.27,12645,66696.16
1789134600000,2026-09-11T13:50:00Z,5.27,5.2771,5.2422,5.265,8051,42299.9792
1789134900000,2026-09-11T13:55:00Z,5.265,5.28,5.265,5.2776,2515,13266.73
1789135200000,2026-09-11T14:00:00Z,5.28,5.28,5.25,5.2581,4724,24878.66
1789135500000,2026-09-11T14:05:00Z,5.255,5.3078,5.255,5.275,11398,60285.432
1789135800000,2026-09-11T14:10:00Z,5.28,5.305,5.28,5.3,12557.422863,66403.573876681
1789136100000,2026-09-11T14:15:00Z,5.295,5.295,5.254,5.27,8981,47341.858
1789136400000,2026-09-11T14:20:00Z,5.285,5.3,5.28,5.295,7150,37799.2869
1789136700000,2026-09-11T14:25:00Z,5.29,5.3,5.265,5.28,8525,45049.925
1789137000000,2026-09-11T14:30:00Z,5.27,5.28,5.265,5.265,1461,7699.215
1789137300000,2026-09-11T14:35:00Z,5.255,5.255,5.21,5.225,5481,28693.4234
1789137600000,2026-09-11T14:40:00Z,5.225,5.23,5.215,5.215,971,5073.735
1789137900000,2026-09-11T14:45:00Z,5.215,5.2199,5.175,5.21,9240,48005.945
1789138200000,2026-09-11T14:50:00Z,5.215,5.225,5.215,5.225,6678,34866.75
1789138500000,2026-09-11T14:55:00Z,5.225,5.225,5.215,5.22,3267,17049.24
1789138800000,2026-09-11T15:00:00Z,5.23,5.24,5.22,5.2395,3592.866278,18786.79130255
1789139100000,2026-09-11T15:05:00Z,5.235,5.25,5.235,5.25,4702,24641.28
1789139400000,2026-09-11T15:10:00Z,5.25,5.25,5.21,5.22,12811,66953.68
1789139700000,2026-09-11T15:15:00Z,5.225,5.24,5.225,5.2381,3242,16960.355
1789140000000,2026-09-11T15:20:00Z,5.24,5.25,5.235,5.235,4922,25794.67
1789140300000,2026-09-11T15:25:00Z,5.25,5.26,5.245,5.25,6573,34466.8255
1789140600000,2026-09-11T15:30:00Z,5.245,5.25,5.24,5.25,8140,42659.15
1789140900000,2026-09-11T15:35:00Z,5.26,5.285,5.25,5.275,11375,59989.9686
1789141200000,2026-09-11T15:40:00Z,5.2799,5.28,5.275,5.28,883,4660.5372
1789141500000,2026-09-11T15:45:00Z,5.28,5.29,5.28,5.285,3920,20703.003
1789141800000,2026-09-11T15:50:00Z,5.28,5.29,5.275,5.28,11948,63175.285
1789142100000,2026-09-11T15:55:00Z,5.2799,5.285,5.27,5.285,6959,36730.932
1789142400000,2026-09-11T16:00:00Z,5.2886,5.2886,5.285,5.285,1150,6078.11
1789142700000,2026-09-11T16:05:00Z,5.29,5.295,5.27,5.275,5205,27468.345
1789143000000,2026-09-11T16:10:00Z,5.27,5.27,5.25,5.25,4586.073736,24176.8635214448
1789143300000,2026-09-11T16:15:00Z,5.2454,5.255,5.245,5.255,2330,12220.85
1789143600000,2026-09-11T16:20:00Z,5.25,5.25,5.23,5.2415,6449,33792.69
1789143900000,2026-09-11T16:25:00Z,5.245,5.25,5.24,5.25,1752,9194.44
1789144500000,2026-09-11T16:35:00Z,5.245,5.245,5.235,5.2397,4715,24723.2705
1789144800000,2026-09-11T16:40:00Z,5.2399,5.245,5.235,5.245,6339,33209.665
1789145100000,2026-09-11T16:45:00Z,5.245,5.245,5.2401,5.2401,529,2773.7279
1789145400000,2026-09-11T16:50:00Z,5.245,5.245,5.245,5.245,300,1573.5
1789145700000,2026-09-11T16:55:00Z,5.245,5.255,5.24,5.255,6211,32580.06
1789146000000,2026-09-11T17:00:00Z,5.26,5.26,5.255,5.255,1031,5417.905
1789146300000,2026-09-11T17:05:00Z,5.2501,5.27,5.2501,5.27,3586,18867.855
1789146600000,2026-09-11T17:10:00Z,5.27,5.27,5.265,5.265,1391,7325.01
1789146900000,2026-09-11T17:15:00Z,5.26,5.2799,5.26,5.2701,22805,120356.285
1789147200000,2026-09-11T17:20:00Z,5.275,5.28,5.275,5.2797,5281,27877.5223
1789147500000,2026-09-11T17:25:00Z,5.27,5.27,5.265,5.27,2062,10861.18
1789147800000,2026-09-11T17:30:00Z,5.265,5.265,5.265,5.265,8585,45200.025
1789148100000,2026-09-11T17:35:00Z,5.26,5.265,5.245,5.265,8925,46888.5399
1789148400000,2026-09-11T17:40:00Z,5.255,5.26,5.255,5.26,2664,14012.14
1789148700000,2026-09-11T17:45:00Z,5.26,5.265,5.255,5.265,1790,9414.9
1789149000000,2026-09-11T17:50:00Z,5.265,5.27,5.26,5.27,5880.287146,30938.53682369
1789149300000,2026-09-11T17:55:00Z,5.265,5.27,5.265,5.265,5264,27714.96
1789149600000,2026-09-11T18:00:00Z,5.265,5.265,5.26,5.265,1718,9044.75
1789149900000,2026-09-11T18:05:00Z,5.265,5.2699,5.26,5.26,5600,29484.7756
1789150200000,2026-09-11T18:10:00Z,5.265,5.265,5.255,5.255,7672.812161,40365.1302165888
1789150500000,2026-09-11T18:15:00Z,5.26,5.27,5.26,5.27,1472,7745.94
1789150800000,2026-09-11T18:20:00Z,5.265,5.27,5.255,5.255,6608,34810.32
1789151100000,2026-09-11T18:25:00Z,5.26,5.26,5.255,5.2599,5100,26825.13
1789151400000,2026-09-11T18:30:00Z,5.25,5.255,5.25,5.255,5848,30705.3959
1789151700000,2026-09-11T18:35:00Z,5.25,5.255,5.25,5.255,9268,48668.545
1789152000000,2026-09-11T18:40:00Z,5.255,5.26,5.245,5.255,7659,40214.505
1789152300000,2026-09-11T18:45:00Z,5.255,5.265,5.255,5.255,7088,37274.755
1789152600000,2026-09-11T18:50:00Z,5.25,5.25,5.24,5.245,8695,45597.77
1789152900000,2026-09-11T18:55:00Z,5.245,5.25,5.245,5.2497,1341,7037.953
1789153200000,2026-09-11T19:00:00Z,5.24,5.245,5.24,5.245,2628,13783.86
1789153500000,2026-09-11T19:05:00Z,5.245,5.255,5.24,5.255,7247,38046.2056
1789153800000,2026-09-11T19:10:00Z,5.255,5.2593,5.245,5.25,4511,23688.085
1789154100000,2026-09-11T19:15:00Z,5.25,5.25,5.2401,5.2401,2229,11697.1663
1789154400000,2026-09-11T19:20:00Z,5.245,5.245,5.23,5.24,9125.732749,47837.1427495568
1789154700000,2026-09-11T19:25:00Z,5.245,5.25,5.24,5.25,3262.842221,17114.8464649229
1789155000000,2026-09-11T19:30:00Z,5.24,5.24,5.22,5.22,25714,134679.6464
1789155300000,2026-09-11T19:35:00Z,5.225,5.225,5.21,5.21,8315,43373.645
1789155600000,2026-09-11T19:40:00Z,5.2199,5.24,5.21,5.235,23951,125173.0219
1789155900000,2026-09-11T19:45:00Z,5.24,5.25,5.195,5.2099,245113,1281497.1466
1789156200000,2026-09-11T19:50:00Z,5.205,5.21,5.2,5.2,22723.5577,118261.0178285
1789156500000,2026-09-11T19:55:00Z,5.205,5.23,5.2,5.23,114444.50124099999,596608.974363376147918
1789156800000,2026-09-11T20:00:00Z,5.23,5.3,5.23,5.23,22777,119124.2306
1789157100000,2026-09-11T20:05:00Z,5.21,5.21,5.21,5.21,8,41.68
1789157400000,2026-09-11T20:10:00Z,5.23,5.23,5.23,5.23,7,36.61
1789157700000,2026-09-11T20:15:00Z,5.23,5.23,5.23,5.23,3,15.69
1789158000000,2026-09-11T20:20:00Z,5.2923,5.2923,5.2923,5.2923,50,264.615
1789158600000,2026-09-11T20:30:00Z,5.2933,5.2933,5.2933,5.2933,3,15.8799
1789158900000,2026-09-11T20:35:00Z,5.2933,5.2933,5.2933,5.2933,12,63.5196
1789160700000,2026-09-11T21:05:00Z,5.2799,5.2799,5.2799,5.2799,37,195.3563
1789162200000,2026-09-11T21:30:00Z,5.27,5.27,5.27,5.27,9,47.43
1789162800000,2026-09-11T21:40:00Z,5.24,5.24,5.24,5.24,25,131
1789163700000,2026-09-11T21:55:00Z,5.2401,5.2401,5.2401,5.2401,3,15.7203
1789164900000,2026-09-11T22:15:00Z,5.26,5.26,5.26,5.26,1,5.26
1789165800000,2026-09-11T22:30:00Z,5.24,5.24,5.24,5.24,1,5.24
1789166400000,2026-09-11T22:40:00Z,5.26,5.26,5.26,5.26,15,78.9
1789167600000,2026-09-11T23:00:00Z,5.28,5.28,5.28,5.28,20,105.6
1789169400000,2026-09-11T23:30:00Z,5.2377,5.2377,5.2377,5.2377,4,20.9508
