ts_ms,ts_utc,open,high,low,close,base_vol,quote_vol
1784043300000,2026-07-14T15:35:00Z,357.145,358.288,356.999,357.815,9908.880533,3545054.60744096
1784043600000,2026-07-14T15:40:00Z,357.395,357.83,356.54,357.44,12759.834031999999,4556447.41398898
1784043900000,2026-07-14T15:45:00Z,357.55,358.376,357.445,357.95,9158.035394,3279100.51067654
1784044200000,2026-07-14T15:50:00Z,357.715,358.142,355.005,355.195,13935.060094999999,4968179.18479175
1784044500000,2026-07-14T15:55:00Z,355.685,356.532,355.202,356.365,9835.944334,3499972.26849446
1784044800000,2026-07-14T16:00:00Z,355.885,357.072,354.964,355.01,12479.892484,4439495.86512904
1784045100000,2026-07-14T16:05:00Z,355.165,355.905,354.628,355.63,14633.928222999999,5200497.12082089
1784045400000,2026-07-14T16:10:00Z,354.76,355.706,354.29,354.49,9767.173245,3468942.45808323
1784045700000,2026-07-14T16:15:00Z,353.81,355.423,353.42,355.14,7749.690740999999,2745931.64590797
1784046000000,2026-07-14T16:20:00Z,355.16,356.11,355.049,355.54,8875.846749,3155705.23936934
1784046300000,2026-07-14T16:25:00Z,356.245,356.545,355.414,356.17,6523.619098000001,2324156.72880626
1784046600000,2026-07-14T16:30:00Z,356.385,356.385,354.52,355.39,7021.0117979999995,2496938.59381712
1784046900000,2026-07-14T16:35:00Z,355.19,355.87,354.78,355.13,12709.589166999998,4514016.48800455
1784047200000,2026-07-14T16:40:00Z,355.01,356.052,355.01,356.045,1844.550984,655673.68443776
1784047500000,2026-07-14T16:45:00Z,356.17,356.175,354.9,355.52,1296.571104,461527.70949406
1784047800000,2026-07-14T16:50:00Z,355.58,355.779,354.652,354.725,3599.216417,1279544.83115021
1784048100000,2026-07-14T16:55:00Z,355.245,355.362,354.609,354.9,8601.484381,3052698.63230911
1784048400000,2026-07-14T17:00:00Z,355.5,355.936,355.18,355.215,13435.61846,4777253.1440339
1784048700000,2026-07-14T17:05:00Z,355.06,355.865,354.869,355.76,8878.288894,3155519.6630477
1784049000000,2026-07-14T17:10:00Z,355.75,355.968,355.127,355.37,5929.709147,2109344.00740383
1784049300000,2026-07-14T17:15:00Z,354.96,355.416,354.357,355.37,10687.859397,3793936.78366729
1784049600000,2026-07-14T17:20:00Z,355.4,356.064,355.011,356.02,13675.904734,4862848.11832531
1784049900000,2026-07-14T17:25:00Z,355.87,356.32,355.51,355.51,7627.384445000001,2714660.10960462
1784050200000,2026-07-14T17:30:00Z,355.92,355.978,354.805,355.055,6575.170931,2337859.88602124
1784050500000,2026-07-14T17:35:00Z,354.71,355.905,354.52,355.755,7057.355807,2506930.1616809
1784050800000,2026-07-14T17:40:00Z,356.015,356.445,355.834,356.42,6017.607216999999,2143184.04907043
1784051100000,2026-07-14T17:45:00Z,356.485,356.95,356.212,356.65,8677.901828,3094135.40163962
1784051400000,2026-07-14T17:50:00Z,357.105,357.562,356.674,356.99,7978.387660999999,2850191.22962798
1784051700000,2026-07-14T17:55:00Z,356.99,357.21,356.72,357.21,8360.421273,2984671.23050313
1784052000000,2026-07-14T18:00:00Z,357.04,357.069,356.36,357,11814.727463000001,4215178.12410239
1784052300000,2026-07-14T18:05:00Z,357.035,357.42,356.65,357.415,9289.666427,3316631.07953332
1784052600000,2026-07-14T18:10:00Z,357.34,357.454,356.99,357.185,8609.106541000001,3075988.99974529
1784052900000,2026-07-14T18:15:00Z,357.25,357.313,356.39,356.83,9520.040515,3396643.83129823
1784053200000,2026-07-14T18:20:00Z,356.89,357.038,356.182,356.25,8246.431369,2940998.21236565
1784053500000,2026-07-14T18:25:00Z,356.14,356.606,355.94,356.15,7267.683562000001,2588857.90003783
1784053800000,2026-07-14T18:30:00Z,356.62,356.675,355.813,356.055,11097.648203,3953001.15591055
1784054100000,2026-07-14T18:35:00Z,356.2,356.43,355.487,355.56,11247.077334000001,4003345.44048156
1784054400000,2026-07-14T18:40:00Z,355.64,355.644,354.56,354.945,13384.220017999998,4754453.72382011
1784054700000,2026-07-14T18:45:00Z,354.94,355.394,354.703,354.92,10271.439389,3646679.39771606
1784055000000,2026-07-14T18:50:00Z,355.2,355.88,354.831,355.51,7752.520043,2755063.43906119
1784055300000,2026-07-14T18:55:00Z,355.49,355.693,355.206,355.52,9342.341827,3320671.87448273
1784055600000,2026-07-14T19:00:00Z,355.34,355.583,353.456,353.6,12019.058687,4259556.80248454
1784055900000,2026-07-14T19:05:00Z,353.535,353.774,352.86,353.19,14727.217368000001,5203868.14786975
1784056200000,2026-07-14T19:10:00Z,353.19,354.285,352.966,353.71,12343.002294,4366156.85366901
1784056500000,2026-07-14T19:15:00Z,354.255,354.435,353.721,354.25,14000.708795999999,4958810.24335191
1784056800000,2026-07-14T19:20:00Z,354.625,354.89,354.15,354.32,15513.457074999998,5498755.7196537
1784057100000,2026-07-14T19:25:00Z,354.08,354.262,351.743,351.75,23514.103288,8303271.93613461
1784057400000,2026-07-14T19:30:00Z,351.72,353.462,350.8,353.4,33247.414739,11704406.58575166
1784057700000,2026-07-14T19:35:00Z,353.67,353.98,353.03,353.59,21263.069470000002,7518453.38634319
1784058000000,2026-07-14T19:40:00Z,353.495,354.294,353.397,354.06,26634.940657999996,9424222.40856168
1784058300000,2026-07-14T19:45:00Z,354.09,354.598,353.892,354.32,25289.467894,8960253.20374698
1784058600000,2026-07-14T19:50:00Z,354.18,356.75,353.091,355.805,74677.589223,26501806.89622591
1784058900000,2026-07-14T19:55:00Z,353.71,355.493,352.77,353.15,175942.724679,62275120.9371292
1784059200000,2026-07-14T20:00:00Z,353.097,353.633,351.914,353.633,566059.323782,199865358.15959612
1784059500000,2026-07-14T20:05:00Z,353.634,353.634,351.851,352.659,142,50002.8434
1784059800000,2026-07-14T20:10:00Z,352.66,352.66,352.47,352.66,35905.583202,12656542.14134731
1784060100000,2026-07-14T20:15:00Z,352.66,352.75,352.66,352.75,515.913251,181988.0897423
1784060400000,2026-07-14T20:20:00Z,352.75,353.65,352.75,353.65,314,110974.0056
1784060700000,2026-07-14T20:25:00Z,353.65,353.65,351.8,351.8,283,99694.2495
1784061000000,2026-07-14T20:30:00Z,352.083,353.665,352.083,353.665,379,133935.3406
1784061300000,2026-07-14T20:35:00Z,353.665,353.695,353.665,353.695,432,152783.28
1784061600000,2026-07-14T20:40:00Z,353.72,353.845,353.72,353.845,212,75015.0976
1784061900000,2026-07-14T20:45:00Z,353.845,353.845,353.845,353.845,85,30076.825
1784062200000,2026-07-14T20:50:00Z,353.845,353.845,353.845,353.845,91,32199.895
1784062500000,2026-07-14T20:55:00Z,353.845,353.85,353.845,353.85,160,56615.904
1784062800000,2026-07-14T21:00:00Z,353.85,354.6,353.85,354.6,516,182651.4612
1784063100000,2026-07-14T21:05:00Z,354.6,354.6,353.625,354.04,8,2832.1008
1784063400000,2026-07-14T21:10:00Z,354.066,354.406,354.066,354.406,19.002824,6731.07770203
1784063700000,2026-07-14T21:15:00Z,354.429,354.545,354.429,354.545,72,25527.24
1784064000000,2026-07-14T21:20:00Z,354.545,354.545,354.545,354.545,667,236481.515
1784064300000,2026-07-14T21:25:00Z,354.545,354.545,354.545,354.545,90,31909.05
1784064600000,2026-07-14T21:30:00Z,354.545,354.545,352.786,352.786,264.9,93853.61967
1784064900000,2026-07-14T21:35:00Z,352.785,354.899,352.785,354.899,82,29014.1748
1784065200000,2026-07-14T21:40:00Z,354.9,354.9,354.9,354.9,274,97242.6
1784065500000,2026-07-14T21:45:00Z,354.9,354.9,354.9,354.9,2,709.8
1784065800000,2026-07-14T21:50:00Z,354.9,354.9,352.786,352.786,185,65655.4455
1784066100000,2026-07-14T21:55:00Z,352.785,352.785,352.785,352.785,4,1411.14
1784066400000,2026-07-14T22:00:00Z,352.785,352.785,352.785,352.785,448,158047.68
1784066700000,2026-07-14T22:05:00Z,352.785,352.785,352.785,352.785,111,39159.135
1784067000000,2026-07-14T22:10:00Z,352.785,352.785,352.785,352.785,127,44803.695
1784067300000,2026-07-14T22:15:00Z,352.868,353.285,352.868,353.285,94,33183.1092
1784067600000,2026-07-14T22:20:00Z,353.487,354.65,353.487,354.65,202,71616.9992
1784067900000,2026-07-14T22:25:00Z,354.65,354.65,354.65,354.65,146,51778.9
1784068200000,2026-07-14T22:30:00Z,354.65,354.65,353.291,353.291,9,3190.4883
1784068500000,2026-07-14T22:35:00Z,353.289,354,353.286,354,183,64735.518
1784068800000,2026-07-14T22:40:00Z,354,354,354,354,108,38232
1784069100000,2026-07-14T22:45:00Z,354,355.131,354,355.131,106,37525.0812
1784069400000,2026-07-14T22:50:00Z,355.134,355.15,355.134,355.15,11,3906.65
1784069700000,2026-07-14T22:55:00Z,355.111,355.111,354.915,354.915,16,5678.8368
1784070000000,2026-07-14T23:00:00Z,354.915,354.999,354.915,354.999,25,8874.015
1784070300000,2026-07-14T23:05:00Z,355,355,355,355,3,1065
1784070600000,2026-07-14T23:10:00Z,355,355,355,355,20,7100
1784070900000,2026-07-14T23:15:00Z,355,355,355,355,46,16330
1784071200000,2026-07-14T23:20:00Z,355,355,355,355,21,7455
1784071500000,2026-07-14T23:25:00Z,355,355,355,355,548,194540
1784071800000,2026-07-14T23:30:00Z,355.042,355.25,355.042,355.25,83,29485.667
1784072100000,2026-07-14T23:35:00Z,355.25,355.25,355.25,355.25,122,43340.5
1784072400000,2026-07-14T23:40:00Z,355.25,355.525,355.25,355.525,38,13507.3394
1784072700000,2026-07-14T23:45:00Z,355.525,358.37,355.525,357.25,144,51287.976
1784073000000,2026-07-14T23:50:00Z,357.25,357.25,357.25,357.25,234,83596.5
1784073300000,2026-07-14T23:55:00Z,357.25,357.25,357.015,357.015,2,714.461
1784074200000,2026-07-15T00:10:00Z,357.91,358.44,357.91,358.44,14,5015.01
1784074500000,2026-07-15T00:15:00Z,359.07,359.08,358.72,358.76,54,19381.84
1784074800000,2026-07-15T00:20:00Z,359.32,359.32,359.1,359.1,20,7184.2
1784075100000,2026-07-15T00:25:00Z,357.75,358.28,357.75,358.28,29,10386.41
1784075400000,2026-07-15T00:30:00Z,358.51,359.61,358.51,358.88,19,6821.61
1784075700000,2026-07-15T00:35:00Z,359.26,359.26,357.35,358.68,201,72052.12
1784076000000,2026-07-15T00:40:00Z,357.26,357.26,356.53,356.53,16,5711.21
1784076300000,2026-07-15T00:45:00Z,356.78,357.09,356.78,356.98,203,72466.52
1784076600000,2026-07-15T00:50:00Z,357.99,357.99,357.79,357.88,39,13957.44
1784076900000,2026-07-15T00:55:00Z,357.81,358.59,357.81,358.59,270,96753.37
1784077200000,2026-07-15T01:00:00Z,359.01,359.01,358.92,358.92,26,9332.7
1784077500000,2026-07-15T01:05:00Z,358.42,358.89,358.41,358.89,56,20087.08
1784077800000,2026-07-15T01:10:00Z,357.43,357.43,357.43,357.43,7,2502.01
1784078100000,2026-07-15T01:15:00Z,357.99,358.41,357.99,358.41,12,4298.4
1784078400000,2026-07-15T01:20:00Z,358.41,358.41,358.41,358.41,1,358.41
1784078700000,2026-07-15T01:25:00Z,358.51,359.62,358.51,359.24,25,8981.68
1784079000000,2026-07-15T01:30:00Z,359.85,360,359.04,359.04,77,27677.99
1784079300000,2026-07-15T01:35:00Z,359.86,359.89,359.86,359.89,38,13675.79
1784079600000,2026-07-15T01:40:00Z,358.56,358.56,357.52,357.52,109,39015.01
1784081400000,2026-07-15T02:10:00Z,359.86,361.35,359.86,361.35,118,42494.66
1784081700000,2026-07-15T02:15:00Z,360.58,360.59,360.58,360.59,36,12981.08
1784082000000,2026-07-15T02:20:00Z,360,360.01,360,360.01,9,3240.02
1784082300000,2026-07-15T02:25:00Z,361.42,361.42,361.24,361.24,13,4697.02
1784082900000,2026-07-15T02:35:00Z,361.15,361.25,361.15,361.25,10,3612
1784083500000,2026-07-15T02:45:00Z,361.07,362,361.07,361.93,53,19174.67
1784084100000,2026-07-15T02:55:00Z,362.34,362.34,362.34,362.34,3,1087.02
1784084400000,2026-07-15T03:00:00Z,362.02,362.02,361.94,361.94,26,9411.67
1784084700000,2026-07-15T03:05:00Z,362.14,362.14,360.39,360.39,6,2164.11
1784085000000,2026-07-15T03:10:00Z,360.89,360.89,360.8,360.8,23,8298.85
1784085300000,2026-07-15T03:15:00Z,361.76,362.15,361.76,362.15,29,10498.84
1784085600000,2026-07-15T03:20:00Z,362.41,363.52,362.41,363.52,109,39587.66
1784085900000,2026-07-15T03:25:00Z,363.95,364.9,363.41,364.9,42,15299.48
1784086200000,2026-07-15T03:30:00Z,364.86,364.86,361.86,361.86,790,286121.95
1784086500000,2026-07-15T03:35:00Z,362.03,362.13,361.87,362.13,260,94106.59
1784086800000,2026-07-15T03:40:00Z,362.89,362.99,362.89,362.99,37,13429.13
1784087700000,2026-07-15T03:55:00Z,363.6,363.6,363.49,363.49,40,14541.8
1784088000000,2026-07-15T04:00:00Z,364.81,364.81,364.81,364.81,11,4012.91
1784088300000,2026-07-15T04:05:00Z,364.74,364.74,364.74,364.74,9,3282.66
1784088600000,2026-07-15T04:10:00Z,364.69,364.69,363.51,363.51,20,7272.64
1784088900000,2026-07-15T04:15:00Z,363.51,363.51,363.5,363.5,15,5452.59
1784089500000,2026-07-15T04:25:00Z,364.5,364.5,364.5,364.5,1,364.5
1784089800000,2026-07-15T04:30:00Z,363.55,363.55,363.5,363.5,20,7270.18
1784090400000,2026-07-15T04:40:00Z,364.42,364.42,363.54,363.54,17,6181.91
1784091300000,2026-07-15T04:55:00Z,364.11,364.16,363.8,363.8,49,17833
1784091600000,2026-07-15T05:00:00Z,363.81,367.01,363.09,363.09,968,353349.44
1784091900000,2026-07-15T05:05:00Z,364.8,364.99,362.91,364.73,482,175810.09
1784092200000,2026-07-15T05:10:00Z,364.02,364.02,363.7,363.7,58,21101.66
1784092500000,2026-07-15T05:15:00Z,364.15,364.25,364.15,364.25,23,8376.07
1784092800000,2026-07-15T05:20:00Z,363.15,363.15,363.09,363.09,77,27961.65
1784093100000,2026-07-15T05:25:00Z,362.99,363.06,361.93,362.47,77,27912.03
1784093400000,2026-07-15T05:30:00Z,361.08,362.01,361.08,361.73,165,59703.8
1784093700000,2026-07-15T05:35:00Z,361.84,361.84,361.84,361.84,1,361.84
1784094300000,2026-07-15T05:45:00Z,362.77,363.81,362.76,363.81,167,60618.09
1784094900000,2026-07-15T05:55:00Z,363.96,365.2,363.96,365.2,139,50618.66
1784095200000,2026-07-15T06:00:00Z,365.09,366.52,365.09,366.08,116,42405.8
1784095500000,2026-07-15T06:05:00Z,366.08,366.08,366.06,366.06,29,10615.92
1784095800000,2026-07-15T06:10:00Z,366.03,366.95,365.89,366.95,369,135102.26
1784096100000,2026-07-15T06:15:00Z,366.94,366.94,366.59,366.59,36,13201.53
1784096700000,2026-07-15T06:25:00Z,366.89,366.91,366.89,366.91,16,5870.36
1784097000000,2026-07-15T06:30:00Z,366.07,366.15,365.98,366.07,39,14275.72
1784097300000,2026-07-15T06:35:00Z,365.85,366.5,365.85,366.5,71,26012.66
1784097600000,2026-07-15T06:40:00Z,366.5,366.5,365.99,366.04,167,61174.65
1784097900000,2026-07-15T06:45:00Z,365.47,365.47,365.46,365.46,8,2923.74
1784098200000,2026-07-15T06:50:00Z,366.48,366.48,366.48,366.48,3,1099.44
1784098500000,2026-07-15T06:55:00Z,365.99,365.99,365.99,365.99,6,2195.94
1784098800000,2026-07-15T07:00:00Z,365.95,368.76,365.28,368.76,716,262928.88
1784099100000,2026-07-15T07:05:00Z,369.29,370.02,368.15,368.94,639,235833.79
1784099400000,2026-07-15T07:10:00Z,369.19,369.45,368.49,368.49,38,14023.48
1784099700000,2026-07-15T07:15:00Z,367.46,367.68,367.07,367.32,135,49582.45
1784100000000,2026-07-15T07:20:00Z,368.26,368.26,366.01,366.01,127,46580.75
1784100300000,2026-07-15T07:25:00Z,366.05,366.12,365.99,365.99,303,110908.34
1784100600000,2026-07-15T07:30:00Z,364.94,364.95,364.92,364.92,213,77730.74
1784100900000,2026-07-15T07:35:00Z,364.89,365,364.89,365,111,40507.47
1784101200000,2026-07-15T07:40:00Z,364.71,364.71,364.71,364.71,4,1458.84
1784101500000,2026-07-15T07:45:00Z,364.69,364.69,364.69,364.69,10,3646.9
1784101800000,2026-07-15T07:50:00Z,365.28,365.49,365.28,365.49,348,127160.52
1784102100000,2026-07-15T07:55:00Z,364.72,364.72,364.09,364.09,17,6190.16
1784102400000,2026-07-15T08:00:00Z,358.784,367.949,358.784,366.005,9113.040791,3342443.73785574
1784102700000,2026-07-15T08:05:00Z,366.005,366.005,363.5,363.5,383,140085.1225
1784103000000,2026-07-15T08:10:00Z,363.5,363.5,363.5,363.5,267,97054.5
1784103300000,2026-07-15T08:15:00Z,363.5,363.5,362.75,362.75,782.997673,284067.09267766
1784103600000,2026-07-15T08:20:00Z,362.75,362.75,360.857,360.857,686,248842.727
1784103900000,2026-07-15T08:25:00Z,360.856,360.856,360.655,360.655,22,7937.8266
1784104200000,2026-07-15T08:30:00Z,360.52,360.52,359.491,359.815,26,9350.0498
1784104500000,2026-07-15T08:35:00Z,359.815,359.815,359.815,359.815,310,111542.65
1784104800000,2026-07-15T08:40:00Z,359.815,360.145,359.815,360.125,421,151610.3516
1784105100000,2026-07-15T08:45:00Z,360.125,362.72,360.125,362.72,94,33867.9838
1784105400000,2026-07-15T08:50:00Z,362.72,362.72,362.72,362.72,48,17410.56
1784105700000,2026-07-15T08:55:00Z,362.72,362.72,362.72,362.72,81,29380.32
1784106000000,2026-07-15T09:00:00Z,362.72,362.72,362.72,362.72,75,27204
1784106300000,2026-07-15T09:05:00Z,362.72,362.72,362.72,362.72,77,27929.44
1784106600000,2026-07-15T09:10:00Z,362.72,362.75,362.72,362.75,40,14508.8
1784106900000,2026-07-15T09:15:00Z,362.75,362.75,362.75,362.75,160,58040
1784107200000,2026-07-15T09:20:00Z,362.75,362.75,362.75,362.75,277,100481.75
1784107500000,2026-07-15T09:25:00Z,362.75,362.75,362.75,362.75,1,362.75
1784107800000,2026-07-15T09:30:00Z,362.75,362.75,362.75,362.75,9,3264.75
1784108100000,2026-07-15T09:35:00Z,362.75,362.75,362.75,362.75,20,7255
1784108400000,2026-07-15T09:40:00Z,362.75,362.75,361.99,361.99,19,6888.0681
1784108700000,2026-07-15T09:45:00Z,361.99,361.99,361.99,361.99,183,66244.17
1784109000000,2026-07-15T09:50:00Z,361.99,361.99,361.99,361.99,182,65882.18
1784109300000,2026-07-15T09:55:00Z,361.99,361.99,361.99,361.99,181,65520.19
1784109600000,2026-07-15T10:00:00Z,361.99,361.99,361.99,361.99,78,28235.22
1784109900000,2026-07-15T10:05:00Z,361.922,361.922,361.58,361.58,131,47366.98
1784110200000,2026-07-15T10:10:00Z,361.58,361.58,361.58,361.58,523,189106.34
1784110500000,2026-07-15T10:15:00Z,361.58,361.58,360.751,360.751,97,35073.26
1784110800000,2026-07-15T10:20:00Z,360.709,360.709,360.5,360.5,443,159717.4923
1784111100000,2026-07-15T10:25:00Z,360.5,360.5,360.5,360.5,237.003263,85439.6763115
1784111400000,2026-07-15T10:30:00Z,360.125,360.125,358.328,358.75,105,37633.197
1784111700000,2026-07-15T10:35:00Z,358.75,358.75,358.75,358.75,219,78566.25
1784112000000,2026-07-15T10:40:00Z,358.75,358.75,358.75,358.75,28,10045
1784112300000,2026-07-15T10:45:00Z,358.75,358.75,358.75,358.75,462,165742.5
1784112600000,2026-07-15T10:50:00Z,358.75,360.334,358.75,360.334,30,10762.5
1784112900000,2026-07-15T10:55:00Z,360.335,360.335,359.119,359.261,533.005188,191883.62659712
1784113200000,2026-07-15T11:00:00Z,359.259,360.505,359.25,360.505,1102,396265.425
1784113500000,2026-07-15T11:05:00Z,360.505,360.505,359.5,359.5,494,177975.9488
1784113800000,2026-07-15T11:10:00Z,359.5,359.5,359.5,359.5,26,9347
1784114100000,2026-07-15T11:15:00Z,359.5,359.5,359.5,359.5,901,323909.5
1784114400000,2026-07-15T11:20:00Z,359.5,360.499,359.5,360.499,22,7910.1682
1784114700000,2026-07-15T11:25:00Z,360.5,360.5,360.5,360.5,843,303901.5
1784115000000,2026-07-15T11:30:00Z,360.5,360.5,360.5,360.5,19,6849.5
1784115300000,2026-07-15T11:35:00Z,360.5,360.5,360.5,360.5,166.111,59883.0155
1784115600000,2026-07-15T11:40:00Z,360.5,360.5,360.5,360.5,448.002,161504.721
1784115900000,2026-07-15T11:45:00Z,360.5,360.5,360.5,360.5,42,15141
1784116200000,2026-07-15T11:50:00Z,360.5,360.5,360.5,360.5,13,4686.5
1784116500000,2026-07-15T11:55:00Z,360.5,360.5,359.5,359.5,1420.461636,512076.419778
1784116800000,2026-07-15T12:00:00Z,358.59,359.5,358.59,358.59,303.91594699999996,109257.7829465
1784117100000,2026-07-15T12:05:00Z,358.51,359.5,358.01,358.51,1969,707669.8233
1784117400000,2026-07-15T12:10:00Z,358.5,358.5,358.5,358.5,202,72417
1784117700000,2026-07-15T12:15:00Z,358.5,359.209,358.5,359.209,218.041674,78171.49420829
1784118000000,2026-07-15T12:20:00Z,359.216,359.246,358,358,943,337671.8918
1784118300000,2026-07-15T12:25:00Z,358,358,357.715,357.998,274,98032.7886
1784118600000,2026-07-15T12:30:00Z,357.999,359,357.999,359,2044.428926,733322.7893204346
1784118900000,2026-07-15T12:35:00Z,359,359,359,359,1114,399926
1784119200000,2026-07-15T12:40:00Z,359,359.001,358.331,358.331,3126,1121563.8965
1784119500000,2026-07-15T12:45:00Z,358.321,358.96,358.275,358.96,369,132203.475
1784119800000,2026-07-15T12:50:00Z,359.116,359.9,359.116,359.9,239,86014.6182
1784120100000,2026-07-15T12:55:00Z,359.9,359.9,359.775,359.775,1514,544810.0234
1784120400000,2026-07-15T13:00:00Z,359.679,359.679,358.235,358.235,656.685942,235615.10721114
1784120700000,2026-07-15T13:05:00Z,358.235,358.644,355.501,355.501,2198,786647.4952
1784121000000,2026-07-15T13:10:00Z,355.5,357.709,354.95,354.95,3470.003328,1233068.11160713
1784121300000,2026-07-15T13:15:00Z,354.95,355.985,354.905,354.905,235,83424.4595
1784121600000,2026-07-15T13:20:00Z,354.904,355.499,354.721,355.499,1185.8525650000001,420925.12730637
1784121900000,2026-07-15T13:25:00Z,355.5,357.173,355.5,357.135,1064.028154,378603.13617317
1784122200000,2026-07-15T13:30:00Z,356.29,357.135,352.64,355.81,77656.50135500001,27641792.82906158
1784122500000,2026-07-15T13:35:00Z,353.06,353.184,345.527,348.21,46951.441739,16398697.19017131
1784122800000,2026-07-15T13:40:00Z,348.545,348.964,346.865,348.375,21897.352912000002,7613558.51576731
1784123100000,2026-07-15T13:45:00Z,348.03,348.345,343.795,345.3,25662.992015999997,8875086.42117651
1784123400000,2026-07-15T13:50:00Z,344.093,345.01,341.85,344.581,119963.220914,41218325.7785499346
1784123700000,2026-07-15T13:55:00Z,344.83,346.89,344.247,346.89,27590.563813,9537056.37268769
1784124000000,2026-07-15T14:00:00Z,346.865,347.12,343.95,344.34,32147.174481000002,11095378.67133068
1784124300000,2026-07-15T14:05:00Z,343.15,345.907,342.25,344.25,30906.346691,10624458.45753823
1784124600000,2026-07-15T14:10:00Z,343.65,344.343,341.93,342.14,20930.337207,7184995.45889105
1784124900000,2026-07-15T14:15:00Z,342.49,342.641,340.749,341.25,23292.07911,7960692.26356265
1784125200000,2026-07-15T14:20:00Z,340.64,340.711,336.34,336.34,51219.661926999994,17322402.59028612
1784125500000,2026-07-15T14:25:00Z,336.21,337.865,334.866,336.26,77771.68003,26126019.34734197
1784125800000,2026-07-15T14:30:00Z,337.97,338.225,334.865,337.205,36015.847266,12136789.48617883
1784126100000,2026-07-15T14:35:00Z,337.01,337.33,333.426,333.81,37670.857315999994,12603696.94981485
1784126400000,2026-07-15T14:40:00Z,333.69,334.99,332.87,334.99,33575.114506,11211234.36027099
1784126700000,2026-07-15T14:45:00Z,334.49,336.467,333.78,336.07,28514.200733,9548059.9552071
1784127000000,2026-07-15T14:50:00Z,336.025,336.507,334.315,334.83,22894.849370999997,7669529.56439673
1784127300000,2026-07-15T14:55:00Z,334.734,335.927,334.517,335.836,16186.676189,5427398.7787421691
1784127600000,2026-07-15T15:00:00Z,335.846,336.26,333.94,334.066,6544.844764,2196042.5654077656
1784127900000,2026-07-15T15:05:00Z,334.068,336.73,333.595,336.241,17752.17812,5938108.2509795568
1784128200000,2026-07-15T15:10:00Z,336.229,337.012,333.999,334.05,31485.80354,10564182.9106876219
1784128500000,2026-07-15T15:15:00Z,332.55,334.06,331.54,333.615,28823.547789,9589283.05508418
1784128800000,2026-07-15T15:20:00Z,332.93,334.275,332.483,334.275,19955.312059,6646737.29145498
1784129100000,2026-07-15T15:25:00Z,334.91,336.188,333.98,335.68,25265.719822,8461471.88238392
1784129400000,2026-07-15T15:30:00Z,335.87,337.611,335.42,336.1,52449.07907500001,17642637.64747174
1784129700000,2026-07-15T15:35:00Z,336.42,337.68,334.58,336.275,24915.385268,8365828.94528225
1784130000000,2026-07-15T15:40:00Z,337.345,337.962,336.62,337.03,31704.251924000004,10701437.342301
1784130300000,2026-07-15T15:45:00Z,336.81,337.073,334.64,335.71,25392.93744,8520892.17677256
1784130600000,2026-07-15T15:50:00Z,335.565,336.485,335.05,335.23,8960.193284,3006519.38286127
1784130900000,2026-07-15T15:55:00Z,335.36,335.8,334.6,335.15,8157.379013,2734497.83076613
1784131200000,2026-07-15T16:00:00Z,335.4,335.57,332.73,332.75,12237.025637,4087467.59358867
1784131500000,2026-07-15T16:05:00Z,332.96,333.104,330,330.77,47358.598583,15675056.78989213
1784131800000,2026-07-15T16:10:00Z,330.69,330.809,326.531,326.675,39560.988245,12997038.72180987
1784132100000,2026-07-15T16:15:00Z,326.741,327.23,326.3,326.801,14731.371778,4813735.8638214814
1784132400000,2026-07-15T16:20:00Z,326.69,327.479,325.71,325.83,29108.856744999997,9512061.21727575
1784132700000,2026-07-15T16:25:00Z,325.83,326.782,325.83,326.53,25120.158538,8192919.61104187
1784133000000,2026-07-15T16:30:00Z,326.59,327.308,325.682,325.98,20445.597630999997,6675289.30422448
1784133300000,2026-07-15T16:35:00Z,325.42,326.38,325.321,326.18,28547.590453999997,9298024.43460298
1784133600000,2026-07-15T16:40:00Z,326.18,328.25,325.843,327.89,28409.57144,9285293.41882099
1784133900000,2026-07-15T16:45:00Z,328.08,330.47,327.624,329.6,44498.544486,14624179.65405698
1784134200000,2026-07-15T16:50:00Z,331,331.693,329.166,330.75,24141.157718000002,7981928.58090133
1784134500000,2026-07-15T16:55:00Z,329.405,331.061,329.338,330.71,17032.313253999997,5619529.02175728
1784134800000,2026-07-15T17:00:00Z,330.53,332.931,329.978,332.68,29212.614800000003,9689984.9985414
1784135100000,2026-07-15T17:05:00Z,331.79,332.87,331.37,332.77,29926.627893,9942828.8364959
1784135400000,2026-07-15T17:10:00Z,332.25,333.238,332.027,332.565,28381.596264,9439977.1899324
1784135700000,2026-07-15T17:15:00Z,332.405,335.261,332.335,334.98,49584.66473,16549010.7737658
1784136000000,2026-07-15T17:20:00Z,334.944,335.816,334.351,335.816,20040.63084,6713416.90858716
1784136300000,2026-07-15T17:25:00Z,335.826,336.308,334.408,335.031,24697.618993,8292119.9743424269
1784136600000,2026-07-15T17:30:00Z,335.02,336.47,334.735,335.445,27758.942978,9317862.5363489736
1784136900000,2026-07-15T17:35:00Z,335.453,336.146,335.27,336.068,14097.999635,4732916.6108460924
1784137200000,2026-07-15T17:40:00Z,336.14,336.714,335.708,336.14,15922.791120999998,5354368.11621245
1784137500000,2026-07-15T17:45:00Z,336.13,339.136,336.13,338.67,20063.253455,6777354.97914693
1784137800000,2026-07-15T17:50:00Z,339.14,339.655,338.753,339.515,19234.809515,6524029.99212152
1784138100000,2026-07-15T17:55:00Z,339.57,339.854,338.627,339.02,20735.980447,7036076.89812883
1784138400000,2026-07-15T18:00:00Z,338.84,341.029,338.71,340.54,18787.287983000002,6388699.94268628
1784138700000,2026-07-15T18:05:00Z,340.02,341.37,340.02,341.03,19266.60612,6566606.53730981
1784139000000,2026-07-15T18:10:00Z,341.23,341.332,340,340,11645.262405,3967992.73756481
1784139300000,2026-07-15T18:15:00Z,340,340.37,337.971,339.33,21010.715581,7123714.63381142
1784139600000,2026-07-15T18:20:00Z,340.06,341.682,339.425,341.58,9687.876444,3299511.49111219
1784139900000,2026-07-15T18:25:00Z,341.57,341.951,340.677,340.7,16008.953271999999,5462363.71728865
1784140200000,2026-07-15T18:30:00Z,340.87,341.378,340.155,341.25,55949.254648,19050598.11928377
1784140500000,2026-07-15T18:35:00Z,340.7,341.065,339.61,339.76,12506.009699,4253211.35896589
1784140800000,2026-07-15T18:40:00Z,339.607,339.828,339.002,339.034,6096.811057000001,2070409.8447598699396328
1784141100000,2026-07-15T18:45:00Z,338.71,339.51,338.559,339.51,25412.778509,8615468.12417754
1784141400000,2026-07-15T18:50:00Z,338.335,339.144,337.6,338.14,19676.15183,6657217.4044711
1784141700000,2026-07-15T18:55:00Z,338,338.54,336.88,338.08,21174.731691999998,7155695.65917503
1784142000000,2026-07-15T19:00:00Z,337.79,338.8,337.263,338.8,17387.317445,5877991.31009159
1784142300000,2026-07-15T19:05:00Z,338.62,340.4,338.512,338.95,19152.809568999997,6501156.899425
1784142600000,2026-07-15T19:10:00Z,338.93,340.017,338.93,340,19112.979423,6489691.75130929
1784142900000,2026-07-15T19:15:00Z,339.71,339.863,339.03,339.03,14789.278116,5023565.79118604
1784143200000,2026-07-15T19:20:00Z,338.46,339.302,337.75,338.27,25637.408956,8673171.34218734
1784143500000,2026-07-15T19:25:00Z,337.95,340.045,337.95,339.625,44129.610753,14945538.5532783
1784143800000,2026-07-15T19:30:00Z,340.28,342.01,339.552,339.56,47261.400740000005,16095512.77705707
1784144100000,2026-07-15T19:35:00Z,339.625,341.113,339.417,341.08,30908.345724,10518113.14071177
1784144400000,2026-07-15T19:40:00Z,341.78,343.01,341.083,342.345,36983.239798,12663941.50794239
1784144700000,2026-07-15T19:45:00Z,342.514,342.539,341.32,342.191,18558.926996000002,6348826.583368102684199
1784145000000,2026-07-15T19:50:00Z,342.18,343.36,340.89,341.24,64459.085108,22040679.4238161888
1784145300000,2026-07-15T19:55:00Z,341.339,343.32,341.339,342.139,134619.639135,46070296.1082482188
1784145600000,2026-07-15T20:00:00Z,342.133,342.188,340.877,342.14,577577.8173359999,197604792.63836844
1784145900000,2026-07-15T20:05:00Z,342.14,342.14,342.045,342.045,428,146397.6996
1784146200000,2026-07-15T20:10:00Z,342.045,343.654,342.045,342.55,4455.732892,1527067.88559966
1784146500000,2026-07-15T20:15:00Z,342.55,342.55,342.55,342.55,89.169342,30544.9581021
1784146800000,2026-07-15T20:20:00Z,342.55,343.16,342.501,342.501,53,18176.1645
1784147100000,2026-07-15T20:25:00Z,342.5,342.5,342.5,342.5,159.012089,54461.6404825
1784147400000,2026-07-15T20:30:00Z,342.5,342.5,342.5,342.5,33,11302.5
1784147700000,2026-07-15T20:35:00Z,342.5,342.5,342.5,342.5,130,44525
1784148000000,2026-07-15T20:40:00Z,342.5,342.5,342.5,342.5,41,14042.5
1784148300000,2026-07-15T20:45:00Z,342.5,342.5,342.5,342.5,577,197622.5
1784148600000,2026-07-15T20:50:00Z,342.5,342.5,342.5,342.5,8,2740
1784148900000,2026-07-15T20:55:00Z,342.5,342.5,342.5,342.5,17,5822.5
1784149200000,2026-07-15T21:00:00Z,342.5,342.5,342.5,342.5,0,0
1784149500000,2026-07-15T21:05:00Z,342.5,342.5,341.501,341.501,9,3082.5
1784149800000,2026-07-15T21:10:00Z,341.5,341.5,341.5,341.5,6,2049
1784150100000,2026-07-15T21:15:00Z,341.5,341.5,341.5,341.5,3,1024.5
1784150400000,2026-07-15T21:20:00Z,341.5,341.5,341.5,341.5,42,14343
1784150700000,2026-07-15T21:25:00Z,341.5,341.5,341.46,341.46,73,24928.9525
1784151000000,2026-07-15T21:30:00Z,341.457,341.457,341.44,341.44,13,4438.7252
1784151300000,2026-07-15T21:35:00Z,341.44,341.497,341.44,341.497,12,4097.2896
1784151600000,2026-07-15T21:40:00Z,341.498,341.499,341.498,341.499,3,1024.497
1784151900000,2026-07-15T21:45:00Z,341.5,341.5,341.5,341.5,125,42687.5
1784152200000,2026-07-15T21:50:00Z,341.5,341.5,341.5,341.5,17,5805.5
1784152500000,2026-07-15T21:55:00Z,341.5,341.5,341.5,341.5,2,683
1784152800000,2026-07-15T22:00:00Z,341.5,341.5,341.5,341.5,91,31076.5
1784153100000,2026-07-15T22:05:00Z,341.5,341.5,341.5,341.5,5,1707.5
1784153400000,2026-07-15T22:10:00Z,341.5,341.5,341.5,341.5,4204,1435666
1784153700000,2026-07-15T22:15:00Z,341.254,341.254,340.025,340.025,0,0
1784154300000,2026-07-15T22:25:00Z,340.025,340.025,340.025,340.025,5,1700.125
1784154600000,2026-07-15T22:30:00Z,340.025,340.025,340.025,340.025,4,1360.1
1784154900000,2026-07-15T22:35:00Z,340.025,340.025,340.025,340.025,27,9180.675
1784155200000,2026-07-15T22:40:00Z,340.025,340.025,340.025,340.025,10,3400.25
1784155500000,2026-07-15T22:45:00Z,340.025,340.025,340.025,340.025,123,41823.075
1784155800000,2026-07-15T22:50:00Z,340.025,340.025,340.025,340.025,16,5440.4
1784156100000,2026-07-15T22:55:00Z,340.025,340.025,340.025,340.025,10,3400.25
1784156400000,2026-07-15T23:00:00Z,340.025,340.025,340.025,340.025,9,3060.225
1784156700000,2026-07-15T23:05:00Z,340.025,341.543,340.025,341.543,3,1020.075
1784157000000,2026-07-15T23:10:00Z,341.555,341.615,340.025,340.025,70.45641,24035.67584843
1784157300000,2026-07-15T23:15:00Z,340.025,340.025,340.025,340.025,38,12920.95
1784157600000,2026-07-15T23:20:00Z,340.025,340.046,340.025,340.046,14,4760.35
1784157900000,2026-07-15T23:25:00Z,340.047,340.545,340.047,340.545,43.396154,14756.8621677
1784158200000,2026-07-15T23:30:00Z,340.637,341.169,340.637,341.124,119,40595.3506
1784158500000,2026-07-15T23:35:00Z,341.127,341.14,341.04,341.04,37,12622.0801
1784158800000,2026-07-15T23:40:00Z,341.038,341.038,341.025,341.025,39,13299.975
1784159100000,2026-07-15T23:45:00Z,341.025,341.085,341.025,341.085,10,3410.55
1784159400000,2026-07-15T23:50:00Z,341.085,341.085,341.025,341.025,74,25239.698
1784159700000,2026-07-15T23:55:00Z,341.035,341.085,339.942,339.942,16,5457.1184
1784160000000,2026-07-16T00:00:00Z,339.941,339.941,339.937,339.937,0,0
1784160300000,2026-07-16T00:05:00Z,342.2,342.2,342.2,342.2,5,1711
1784160600000,2026-07-16T00:10:00Z,342.95,342.98,342.95,342.98,11,3772.56
1784160900000,2026-07-16T00:15:00Z,343.04,343.04,343.04,343.04,4,1372.16
1784161200000,2026-07-16T00:20:00Z,342.2,342.2,342.2,342.2,1,342.2
1784161500000,2026-07-16T00:25:00Z,341.18,341.18,341.02,341.03,33,11255.64
1784161800000,2026-07-16T00:30:00Z,341.01,341.03,341.01,341.02,47,16027.9
1784162400000,2026-07-16T00:40:00Z,340,340,340,340,1,340
1784162700000,2026-07-16T00:45:00Z,339.76,339.76,339.76,339.76,12,4077.12
1784164800000,2026-07-16T01:20:00Z,337.82,337.82,337.82,337.82,6,2026.92
1784165100000,2026-07-16T01:25:00Z,337.92,337.92,337.82,337.82,6,2027.42
1784165400000,2026-07-16T01:30:00Z,336.94,336.94,336.94,336.94,14,4717.16
1784166300000,2026-07-16T01:45:00Z,338.97,339.91,338.97,339.91,36,12217.86
1784166900000,2026-07-16T01:55:00Z,340.5,340.5,340.5,340.5,44,14982
1784167200000,2026-07-16T02:00:00Z,339,339,338.93,338.93,18,6101.39
1784168100000,2026-07-16T02:15:00Z,338.94,338.94,338.94,338.94,1,338.94
1784168400000,2026-07-16T02:20:00Z,338.9,338.95,338.9,338.95,96,32536.59
1784168700000,2026-07-16T02:25:00Z,340.25,340.42,340.21,340.21,6,2041.75
1784169900000,2026-07-16T02:45:00Z,340.19,340.19,340.19,340.19,1,340.19
1784170800000,2026-07-16T03:00:00Z,340.21,341.01,340.21,341.01,23,7835.23
1784172600000,2026-07-16T03:30:00Z,341,342.01,341,342.01,11,3760.09
1784174700000,2026-07-16T04:05:00Z,341.99,341.99,341.99,341.99,1,341.99
1784175300000,2026-07-16T04:15:00Z,341.99,341.99,341.99,341.99,80,27359.2
1784175600000,2026-07-16T04:20:00Z,342,342.01,340.94,341.02,113,38576.02
1784179800000,2026-07-16T05:30:00Z,342.14,342.99,342.14,342.99,11,3764.39
1784180100000,2026-07-16T05:35:00Z,341.36,341.36,341.31,341.31,20,6826.81
1784180400000,2026-07-16T05:40:00Z,341.29,341.29,341,341,39,13305.72
1784181900000,2026-07-16T06:05:00Z,341.11,343.38,339.94,341.28,699,238595.56
1784182200000,2026-07-16T06:10:00Z,342.02,343.66,341.85,343.66,561,192068.11
1784182500000,2026-07-16T06:15:00Z,343.72,345.53,343.72,345.53,620,213580.01
1784182800000,2026-07-16T06:20:00Z,345.09,345.68,344.31,344.7,305,105254.72
1784183100000,2026-07-16T06:25:00Z,343.99,343.99,343.27,343.44,161,55313.55
1784183400000,2026-07-16T06:30:00Z,343.52,343.78,343.06,343.78,249,85506.52
1784184000000,2026-07-16T06:40:00Z,343.18,343.98,342.7,343.01,107,36735.96
1784184900000,2026-07-16T06:55:00Z,342.96,343,342.96,343,28,9603.72
1784185200000,2026-07-16T07:00:00Z,343.12,343.12,342.16,343.01,389,133329.31
1784185500000,2026-07-16T07:05:00Z,342.41,342.44,342.19,342.44,123,42100.99
1784185800000,2026-07-16T07:10:00Z,342.59,342.59,341,341.4,107,36597.67
1784186100000,2026-07-16T07:15:00Z,341.34,341.41,341.33,341.33,45,15361.25
1784187000000,2026-07-16T07:30:00Z,341.29,341.29,340.58,340.58,37,12613.17
1784187300000,2026-07-16T07:35:00Z,340.75,340.75,340.1,340.11,122,41497.79
1784187600000,2026-07-16T07:40:00Z,340.11,340.11,339.86,339.86,125,42507.11
1784187900000,2026-07-16T07:45:00Z,338.05,338.05,338.05,338.05,4,1352.2
1784188200000,2026-07-16T07:50:00Z,339.78,339.78,339.78,339.78,1,339.78
1784188500000,2026-07-16T07:55:00Z,339.01,339.936,337.34,337.34,134,45272.74
1784188800000,2026-07-16T08:00:00Z,339.936,339.936,335.21,335.21,5268.341559,1790739.32545099
1784189100000,2026-07-16T08:05:00Z,335.21,335.21,335.21,335.21,531.01998,178003.2074958
1784189400000,2026-07-16T08:10:00Z,335.21,335.21,333.87,333.87,295.543562,98978.526127111
1784189700000,2026-07-16T08:15:00Z,333.87,333.87,333.87,333.87,1583.55798,528702.5027826
1784190000000,2026-07-16T08:20:00Z,333.87,334.465,333.48,333.876,1065,355571.8695
1784190300000,2026-07-16T08:25:00Z,333.81,333.81,333.26,333.26,722,240631.6256
1784190600000,2026-07-16T08:30:00Z,333.26,333.26,333.26,333.26,67,22328.42
1784190900000,2026-07-16T08:35:00Z,333.26,334.889,333.26,334.889,1026.003829,343301.80458685
1784191200000,2026-07-16T08:40:00Z,334.89,336.045,332.867,332.867,1194,400593.9252
1784191500000,2026-07-16T08:45:00Z,332.859,334.331,332.82,334.331,437,145481.8448
1784191800000,2026-07-16T08:50:00Z,334.341,334.39,333.806,334.065,371.154534,123969.91974859
1784192100000,2026-07-16T08:55:00Z,334.065,334.868,334.065,334.868,265,88541.747
1784192400000,2026-07-16T09:00:00Z,334.872,335.495,334.872,335.495,394,132050.9124
1784192700000,2026-07-16T09:05:00Z,335.505,335.748,335.505,335.595,88,29534.0232
1784193000000,2026-07-16T09:10:00Z,335.595,337.817,335.595,337.817,225,75529.935
1784193300000,2026-07-16T09:15:00Z,337.889,338.25,337.889,338.25,282,95385.1464
1784193600000,2026-07-16T09:20:00Z,338.25,338.25,336.746,336.746,471,158753.75
1784193900000,2026-07-16T09:25:00Z,336.735,336.745,336.686,336.745,83,27949.6275
1784194200000,2026-07-16T09:30:00Z,336.745,336.745,336.165,336.205,386,129773.4316
1784194500000,2026-07-16T09:35:00Z,336.205,336.345,335.976,336.004,24,8069.2128
1784194800000,2026-07-16T09:40:00Z,336.005,336.043,336.005,336.043,39,13105.4859
1784195100000,2026-07-16T09:45:00Z,336.044,336.045,336.044,336.045,36,12097.62
1784195400000,2026-07-16T09:50:00Z,336.045,336.045,332.416,332.416,71,23819.8965
1784195700000,2026-07-16T09:55:00Z,333.054,335.165,333.054,334.403,2233,744871.6352
1784196000000,2026-07-16T10:00:00Z,334.373,334.373,334.22,334.22,177,59156.94
1784196300000,2026-07-16T10:05:00Z,334.22,334.22,334.22,334.22,154.044727,51484.82865794
1784196600000,2026-07-16T10:10:00Z,334.218,334.218,333.755,333.755,82,27368.033
1784196900000,2026-07-16T10:15:00Z,333.755,333.755,333.755,333.755,251,83772.505
1784197200000,2026-07-16T10:20:00Z,333.755,333.755,333.755,333.755,568.1846,189634.451173
1784197500000,2026-07-16T10:25:00Z,333.701,333.701,333.43,333.43,0,0
1784197800000,2026-07-16T10:30:00Z,333.43,333.43,333.425,333.425,6,2000.58
1784198100000,2026-07-16T10:35:00Z,333.425,333.425,333.425,333.425,110,36676.75
1784198400000,2026-07-16T10:40:00Z,333.425,333.425,333.425,333.425,2,666.85
1784198700000,2026-07-16T10:45:00Z,333.254,333.254,332.401,332.401,3,998.436
1784199000000,2026-07-16T10:50:00Z,332.4,332.4,332.4,332.4,20,6648
1784199300000,2026-07-16T10:55:00Z,332.37,332.37,332.22,332.22,17,5647.774
1784199600000,2026-07-16T11:00:00Z,332.22,332.22,328.935,328.935,530.070365,174939.86465946
1784199900000,2026-07-16T11:05:00Z,328.935,328.935,328.72,328.72,921,302838.0624
1784200200000,2026-07-16T11:10:00Z,328.72,328.72,328.72,328.72,172,56539.84
1784200500000,2026-07-16T11:15:00Z,328.72,329.513,328.72,329.444,1077,354075.597
1784200800000,2026-07-16T11:20:00Z,329.434,329.593,328.676,329.593,769,253076.5927
1784201100000,2026-07-16T11:25:00Z,329.559,329.559,329.38,329.38,172.030224,56664.81184407
1784201400000,2026-07-16T11:30:00Z,329.38,329.38,327.98,327.98,729.003906,239839.00455642
1784201700000,2026-07-16T11:35:00Z,327.98,327.98,327.98,327.98,191.799,62906.23602
1784202000000,2026-07-16T11:40:00Z,327.98,327.98,327.507,327.507,188.55,61840.629
1784202300000,2026-07-16T11:45:00Z,327.506,327.506,326.963,326.963,707,231365.6098
1784202600000,2026-07-16T11:50:00Z,326.958,326.958,324.19,324.19,2149.188,697694.124222
1784202900000,2026-07-16T11:55:00Z,324.19,326.935,324.19,326.935,644,210478.2624
1784203200000,2026-07-16T12:00:00Z,326.935,326.935,326.93,326.93,992,324316.1472
1784203500000,2026-07-16T12:05:00Z,326.93,326.93,323.685,324.57,662.9739850000001,216216.56759423
1784203800000,2026-07-16T12:10:00Z,324.32,324.57,324.32,324.32,596,193443.72
1784204100000,2026-07-16T12:15:00Z,324.57,326.734,324.57,326.734,562,182779.3724
1784204400000,2026-07-16T12:20:00Z,326.735,326.735,326.735,326.735,562,183625.07
1784204700000,2026-07-16T12:25:00Z,326.735,326.735,326.735,326.735,68,22217.98
1784205000000,2026-07-16T12:30:00Z,326.735,327.045,326.11,327.045,295,96390.601
1784205300000,2026-07-16T12:35:00Z,327.045,327.045,327.045,327.045,88,28779.96
1784205600000,2026-07-16T12:40:00Z,327.045,327.045,326.735,326.735,444,145137.7836
1784205900000,2026-07-16T12:45:00Z,326.735,326.735,326.735,326.735,333,108802.755
1784206200000,2026-07-16T12:50:00Z,326.735,327.525,326.735,327.525,73,23851.655
1784206500000,2026-07-16T12:55:00Z,327.525,327.525,326.575,326.575,291,95195.07
1784206800000,2026-07-16T13:00:00Z,326.575,327.749,326.575,327.749,1767,577058.025
1784207100000,2026-07-16T13:05:00Z,327.75,329.306,327.75,329.002,561.033909,184240.56223588
1784207400000,2026-07-16T13:10:00Z,329.059,329.595,328.788,329.57,632,208223.776
1784207700000,2026-07-16T13:15:00Z,329.57,329.794,328.461,329.219,714,235167.1098
1784208000000,2026-07-16T13:20:00Z,329.299,329.7,329.001,329.001,4782,1576006.6092
1784208300000,2026-07-16T13:25:00Z,329,331.455,328.65,331.455,14414.003906,4758894.37739598
1784208600000,2026-07-16T13:30:00Z,332.235,332.49,327.97,329.62,88949.563206,29447927.03358062
1784208900000,2026-07-16T13:35:00Z,329.24,331.063,326.664,330.2,44653.277075,14662716.21721902
1784209200000,2026-07-16T13:40:00Z,330.21,332.39,326.786,327.29,43306.176617,14255561.86372535
1784209500000,2026-07-16T13:45:00Z,327.36,327.36,323.35,323.68,118477.17343000001,38442869.00098191
1784209800000,2026-07-16T13:50:00Z,324.47,326.48,323.585,325.09,52910.23265400001,17191106.01979727
1784210100000,2026-07-16T13:55:00Z,324.3,328.16,324.22,327.59,36467.666014999995,11878886.35856106
1784210400000,2026-07-16T14:00:00Z,327.49,329.49,327.203,328.27,36070.405700999996,11842812.34474025
1784210700000,2026-07-16T14:05:00Z,328.122,334.96,328.122,334.17,60079.054672,19948318.9326071369
1784211000000,2026-07-16T14:10:00Z,334.535,335.4,331.594,332.54,17543.641345,5842755.9615039212
1784211300000,2026-07-16T14:15:00Z,332.975,333.515,331.632,333.27,16806.207677,5591127.82426202
1784211600000,2026-07-16T14:20:00Z,332.695,332.878,329.415,331.16,22705.338341000002,7516268.48931444
1784211900000,2026-07-16T14:25:00Z,330.91,333.393,330.203,332.75,23971.908538999996,7952707.02691264
1784212200000,2026-07-16T14:30:00Z,333.06,333.685,331.101,332.16,15498.278295999999,5148478.45544065
1784212500000,2026-07-16T14:35:00Z,331.72,334.19,331.72,332.96,13446.807144,4477819.05128915
1784212800000,2026-07-16T14:40:00Z,332.265,333.031,331.85,332.13,15583.984909000003,5182253.14808262
1784213100000,2026-07-16T14:45:00Z,332.66,332.955,331.735,332.2,8394.533967,2789135.95664635
1784213400000,2026-07-16T14:50:00Z,331.51,332.163,329.85,329.97,21631.538327,7154778.39611587
1784213700000,2026-07-16T14:55:00Z,329.66,332.94,329.58,332.28,15963.867359999998,5282948.16763258
1784214000000,2026-07-16T15:00:00Z,333.47,333.57,331.12,332.15,15915.321553000002,5293582.36948609
1784214300000,2026-07-16T15:05:00Z,331.16,332.153,330.01,330.52,11084.518950000001,3666473.99652299
1784214600000,2026-07-16T15:10:00Z,328.845,330.691,328.725,329.895,12566.417094,4137951.50242343
1784214900000,2026-07-16T15:15:00Z,329.808,331.25,329.459,330.479,7065.674484,2331917.9543881064
1784215200000,2026-07-16T15:20:00Z,330.478,330.651,329.93,330.547,14953.401319,4940220.8263856519
1784215500000,2026-07-16T15:25:00Z,330.543,331.526,329.472,329.813,12888.704524,4262121.4621242284
1784215800000,2026-07-16T15:30:00Z,330.16,330.763,329.017,330.44,7021.948459,2317573.02304757
1784216100000,2026-07-16T15:35:00Z,330.55,330.96,329.743,330.1,8101.208434,2676107.01719949
1784216400000,2026-07-16T15:40:00Z,329.49,330.469,327.09,327.38,14587.583047,4791034.91032552
1784216700000,2026-07-16T15:45:00Z,326.935,327.471,325.852,327.17,11847.932165,3869343.89338114
1784217000000,2026-07-16T15:50:00Z,327.03,328.121,327.03,327.53,15645.755077000002,5126666.4701377
1784217300000,2026-07-16T15:55:00Z,327.445,327.524,326.067,326.44,10106.93146,3302956.31875261
1784217600000,2026-07-16T16:00:00Z,326.1,326.525,325,325.7,13162.742987,4288991.61193594
1784217900000,2026-07-16T16:05:00Z,324.935,326.01,324.74,326.01,52042.079691000006,16940071.64239428
1784218200000,2026-07-16T16:10:00Z,325.6,325.927,323,323.37,28617.994655000002,9272029.94225742
1784218500000,2026-07-16T16:15:00Z,323.345,323.53,322.65,323.1,18645.24926,6023172.50809996
1784218800000,2026-07-16T16:20:00Z,322.59,323.087,321.631,321.89,28767.613122999996,9269281.66663332
1784219100000,2026-07-16T16:25:00Z,321.57,323.04,321.4,322.34,33283.935301,10726280.69371207
1784219400000,2026-07-16T16:30:00Z,322.325,323.734,322.212,322.44,22273.611924,7196942.9423404386
1784219700000,2026-07-16T16:35:00Z,322.428,322.804,321.71,322.333,10208.436544,3290027.205012642
1784220000000,2026-07-16T16:40:00Z,322.57,323.263,322.294,322.36,21020.294497999996,6787179.82957572
1784220300000,2026-07-16T16:45:00Z,322.17,322.7,321.627,322.01,21074.590978999997,6787324.9198787
1784220600000,2026-07-16T16:50:00Z,322.39,323.773,322.027,323.61,29716.994944,9606969.55948621
1784220900000,2026-07-16T16:55:00Z,325.01,325.776,323.54,325.155,20562.296148,6682028.62396443
1784221200000,2026-07-16T17:00:00Z,324.38,325.538,324.14,325.24,12620.906910000002,4098715.24446396
1784221500000,2026-07-16T17:05:00Z,324.63,325.686,324.26,325.345,14100.141238,4582617.81307031
1784221800000,2026-07-16T17:10:00Z,325.84,325.943,324.8,324.92,11010.106523999999,3583852.43116919
1784222100000,2026-07-16T17:15:00Z,324.85,325.088,323.71,323.92,12695.288125,4117889.35926225
1784222400000,2026-07-16T17:20:00Z,323.8,323.93,322.72,323.06,17318.965199000002,5600373.16002243
1784222700000,2026-07-16T17:25:00Z,322.57,323.482,322.252,323.34,17759.106072,5735921.32284371
1784223000000,2026-07-16T17:30:00Z,323.11,323.226,322.288,322.35,13093.702157,4225036.53091429
1784223300000,2026-07-16T17:35:00Z,322.33,322.82,322.15,322.82,12549.361332,4045912.83850067
1784223600000,2026-07-16T17:40:00Z,322.207,322.278,320.51,320.705,23824.049818,7653499.5648171884
1784223900000,2026-07-16T17:45:00Z,320.716,321.23,319.971,320.916,33506.795808,10735180.2838374192
1784224200000,2026-07-16T17:50:00Z,320.73,320.915,319.338,320.02,17388.600105999998,5564362.46708006
1784224500000,2026-07-16T17:55:00Z,319.72,319.968,319.473,319.505,12137.798616,3878946.70294709
1784224800000,2026-07-16T18:00:00Z,319.84,320.142,319.485,319.925,33413.282508000004,10686900.93603047
1784225100000,2026-07-16T18:05:00Z,319.9,321.59,319.8,321.14,19968.410603,6401538.96686473
1784225400000,2026-07-16T18:10:00Z,321.71,323.045,321.316,322.21,17459.364905,5626662.70072767
1784225700000,2026-07-16T18:15:00Z,321.505,324.019,321.445,323.48,14982.888681,4834494.2300543
1784226000000,2026-07-16T18:20:00Z,324.28,325.213,323.907,325.105,18451.375218,5986127.99812513
1784226300000,2026-07-16T18:25:00Z,325.025,325.339,323.8,323.805,28008.950262000002,9090808.96863682
1784226600000,2026-07-16T18:30:00Z,323.55,323.832,322.59,322.725,18593.450421,6007928.71544881
1784226900000,2026-07-16T18:35:00Z,322.47,322.74,322.205,322.57,15830.932368000002,5104654.0632901
1784227200000,2026-07-16T18:40:00Z,321.74,323.75,321.54,323.75,18735.981492,6039133.31595153
1784227500000,2026-07-16T18:45:00Z,322.41,323.259,322.285,323.01,16865.880508000002,5443474.74007336
1784227800000,2026-07-16T18:50:00Z,322.882,323.151,322.136,322.348,9787.58972,3159256.03303366
1784228100000,2026-07-16T18:55:00Z,322.313,322.41,321.55,322.235,15252.4438640000005,4909787.87295271256106
1784228400000,2026-07-16T19:00:00Z,322.32,324.09,321.86,323.62,16476.738869,5318488.64302511
1784228700000,2026-07-16T19:05:00Z,323,323.593,320.897,322.1,32007.557854,10315114.078678
1784229000000,2026-07-16T19:10:00Z,322.03,322.309,321.34,321.82,29959.261082999998,9640186.17387395
1784229300000,2026-07-16T19:15:00Z,321.73,321.915,320.64,321.21,48269.43064600001,15506453.22922315
1784229600000,2026-07-16T19:20:00Z,321.64,322.509,321.035,321.73,51150.422879,16457157.51725861
1784229900000,2026-07-16T19:25:00Z,321.36,322.838,320.13,322.51,64884.498057,20849705.60229473
1784230200000,2026-07-16T19:30:00Z,322.025,323.132,319.05,320.04,89206.779582,28616901.52177057
1784230500000,2026-07-16T19:35:00Z,319.72,320.121,318.63,319.38,55006.97913400001,17557138.60138595
1784230800000,2026-07-16T19:40:00Z,318.77,320.304,318.62,319.67,63486.858352999996,20296361.34561815
1784231100000,2026-07-16T19:45:00Z,319.24,319.561,317.89,318.725,86293.560234,27496847.54299849
1784231400000,2026-07-16T19:50:00Z,319.03,320.83,318.175,320.5,156425.325575,49968287.0062222
1784231700000,2026-07-16T19:55:00Z,321,322.99,320.407,322.99,258662.838088,83343442.66492877
1784232000000,2026-07-16T20:00:00Z,322.576,324.369,322.548,324.115,1062916.515258,342952777.2309333708
1784232300000,2026-07-16T20:05:00Z,323.971,325.345,322.995,322.995,615,199359.753
1784232600000,2026-07-16T20:10:00Z,323.037,323.248,320.625,320.625,1681.913808,542451.276837504
1784232900000,2026-07-16T20:15:00Z,320.625,323.125,320.625,323.125,1492.0628729999999,478584.23952852
1784233200000,2026-07-16T20:20:00Z,323.125,323.498,323.125,323.498,695.02,224586.538736
1784233500000,2026-07-16T20:25:00Z,323.499,323.5,323.001,323.001,805,260411.543
1784233800000,2026-07-16T20:30:00Z,323,323.2,323,323,856,276641.9944
1784234100000,2026-07-16T20:35:00Z,323,323,323,323,20,6460
1784234400000,2026-07-16T20:40:00Z,323,323,323,323,43,13889
1784234700000,2026-07-16T20:45:00Z,323,323.2,322.501,322.518,33,10649.7171
1784235000000,2026-07-16T20:50:00Z,322.515,323.2,322.501,323.001,134.04000000000002,43312.157544
1784235300000,2026-07-16T20:55:00Z,323.034,323.2,323,323.2,80,25845.184
1784235600000,2026-07-16T21:00:00Z,323.2,323.2,323.001,323.199,12,3877.2396
1784235900000,2026-07-16T21:05:00Z,323.2,323.2,323,323,76,24555.6228
1784236200000,2026-07-16T21:10:00Z,323.033,323.2,323.001,323.001,9,2908.4643
1784236500000,2026-07-16T21:15:00Z,323,323.2,323,323.2,22,7106
1784236800000,2026-07-16T21:20:00Z,323.166,323.2,323,323.2,81,26163.8866
1784237100000,2026-07-16T21:25:00Z,323.2,323.2,323.2,323.2,20,6464
1784237400000,2026-07-16T21:30:00Z,323.2,323.2,323,323,31.385551,10140.7342992
1784237700000,2026-07-16T21:35:00Z,323,323,321.74,321.74,155.929425,50178.69708976
1784238000000,2026-07-16T21:40:00Z,321.74,323,321.74,323,90,29011.203
1784238300000,2026-07-16T21:45:00Z,323.033,323.199,321.581,321.581,32,10321.8976
1784238600000,2026-07-16T21:50:00Z,321.58,321.58,321.58,321.58,115,36981.7
1784238900000,2026-07-16T21:55:00Z,321.58,321.58,321.58,321.58,123,39554.34
1784239200000,2026-07-16T22:00:00Z,321.58,321.58,321.58,321.58,60,19294.8
1784239500000,2026-07-16T22:05:00Z,321.592,322.999,321.592,322.999,4099,1323853.6201
1784239800000,2026-07-16T22:10:00Z,323,323,323,323,28,9044
1784240100000,2026-07-16T22:15:00Z,323,323,321.13,321.13,316,101505.1408
1784240400000,2026-07-16T22:20:00Z,321.13,322.115,321.13,322.115,22,7065.8456
1784240700000,2026-07-16T22:25:00Z,322.296,322.948,322.135,322.135,7,2258.3323
1784241000000,2026-07-16T22:30:00Z,322.135,322.214,322.135,322.214,5,1610.675
1784241300000,2026-07-16T22:35:00Z,321.903,321.903,320.345,320.365,4015,1289301.2165
1784241600000,2026-07-16T22:40:00Z,320.35,322.5,320.281,322.5,63,20300.5467
1784241900000,2026-07-16T22:45:00Z,322.5,322.5,320.015,320.015,157,50620.0813
1784242200000,2026-07-16T22:50:00Z,320.015,321.114,320.015,321.114,220,70431.878
1784242500000,2026-07-16T22:55:00Z,320.24,321.115,320.24,320.24,100,32111.5
1784242800000,2026-07-16T23:00:00Z,321.115,321.115,321.115,321.115,496,159273.04
1784243100000,2026-07-16T23:05:00Z,321.115,321.499,321.115,321.116,534,171650.8824
1784243400000,2026-07-16T23:10:00Z,320.24,321.115,319.86,320.24,650,208528.255
1784243700000,2026-07-16T23:15:00Z,319.86,319.86,319.86,319.86,114,36464.04
1784244000000,2026-07-16T23:20:00Z,319.86,319.86,319.86,319.86,31,9915.66
1784244300000,2026-07-16T23:25:00Z,319.86,319.86,319.86,319.86,33,10555.38
1784244600000,2026-07-16T23:30:00Z,319.86,319.86,319.86,319.86,42,13434.12
1784244900000,2026-07-16T23:35:00Z,319.86,319.86,318.758,319.365,93,29715.8
1784245200000,2026-07-16T23:40:00Z,319.365,319.365,319.365,319.365,159.0712,50801.773788
1784245500000,2026-07-16T23:45:00Z,319.365,319.92,319.365,319.92,74,23645.7676
1784245800000,2026-07-16T23:50:00Z,319.92,319.92,319.92,319.92,55.155977,17645.50016184
1784246100000,2026-07-16T23:55:00Z,319.92,319.92,319.301,319.301,72,23034.24
1784246400000,2026-07-17T00:00:00Z,320,320.07,320,320.07,16,5120.07
1784246700000,2026-07-17T00:05:00Z,323.62,323.62,321.99,322.1,110,35534.53
1784247000000,2026-07-17T00:10:00Z,321.79,321.79,321.22,321.22,41,13176.67
1784247300000,2026-07-17T00:15:00Z,321.78,321.8,321.49,321.49,6,1930.45
1784247600000,2026-07-17T00:20:00Z,321.54,321.8,321.34,321.38,83,26692.42
1784247900000,2026-07-17T00:25:00Z,321.14,321.14,318.87,319.58,79,25302.62
1784248200000,2026-07-17T00:30:00Z,319.59,319.59,318.02,318.32,48,15281.02
1784248500000,2026-07-17T00:35:00Z,318.02,318.22,318,318.22,21,6680.31
1784248800000,2026-07-17T00:40:00Z,318.21,318.32,318.21,318.31,400,127322.71
1784249400000,2026-07-17T00:50:00Z,319.8,320.1,318.48,319.5,59,18865.53
1784249700000,2026-07-17T00:55:00Z,320.4,320.88,320.4,320.88,83,26604.04
1784250000000,2026-07-17T01:00:00Z,320.25,323.39,320.25,323.39,215,69189.92
1784250300000,2026-07-17T01:05:00Z,321.66,321.66,321.49,321.49,300,96451.49
1784250600000,2026-07-17T01:10:00Z,321.99,321.99,321.99,321.99,5,1609.95
1784251800000,2026-07-17T01:30:00Z,319.08,319.08,319.07,319.07,47,14996.66
1784252100000,2026-07-17T01:35:00Z,319.07,319.07,319.07,319.07,5,1595.35
1784252400000,2026-07-17T01:40:00Z,319.05,319.05,318.05,318.05,12,3821.85
1784252700000,2026-07-17T01:45:00Z,318.05,318.6,317.67,318.6,9,2861.82
1784253000000,2026-07-17T01:50:00Z,317.78,317.78,317.21,317.21,16,5078.78
1784253300000,2026-07-17T01:55:00Z,318.11,318.11,317.06,317.99,190,60421.49
1784253600000,2026-07-17T02:00:00Z,317.98,318.61,317.98,318.61,152,48382.69
1784253900000,2026-07-17T02:05:00Z,318.15,318.61,317.84,318.61,24,7638.9
1784254200000,2026-07-17T02:10:00Z,318.12,318.59,318.12,318.59,180,57289.76
1784254500000,2026-07-17T02:15:00Z,318.01,318.01,317.98,317.98,26,8268.08
1784254800000,2026-07-17T02:20:00Z,317.5,317.98,317,317.11,90,28567.6
1784255100000,2026-07-17T02:25:00Z,317.71,317.71,317.01,317.01,15,4759.35
1784255400000,2026-07-17T02:30:00Z,316.65,316.65,315.63,315.63,116,36680.85
1784255700000,2026-07-17T02:35:00Z,315.96,315.98,315.13,315.96,282,89004.86
1784256000000,2026-07-17T02:40:00Z,315.96,316.01,315.29,316.01,204,64447.63
1784256300000,2026-07-17T02:45:00Z,315.38,316.01,315.21,316.01,82,25857.67
1784256600000,2026-07-17T02:50:00Z,315.41,315.41,315.13,315.41,18,5676.82
1784256900000,2026-07-17T02:55:00Z,315.39,316.24,315.1,316.24,186,58751.11
1784257200000,2026-07-17T03:00:00Z,316.48,318.01,315.99,318.01,203,64380.41
1784257500000,2026-07-17T03:05:00Z,317.9,319.25,317.9,317.99,21,6690.59
1784257800000,2026-07-17T03:10:00Z,317.99,317.99,317.99,317.99,5,1589.95
1784258100000,2026-07-17T03:15:00Z,318.86,318.99,318.86,318.99,5,1594.69
1784258400000,2026-07-17T03:20:00Z,319.01,320.53,318.21,320.53,226,72235.97
1784258700000,2026-07-17T03:25:00Z,320.46,320.46,320.11,320.11,9,2882.39
1784259000000,2026-07-17T03:30:00Z,319.12,319.12,319.06,319.06,33,10529.28
1784259600000,2026-07-17T03:40:00Z,318.52,318.52,317.56,317.57,644,204630.59
1784260200000,2026-07-17T03:50:00Z,317.61,317.8,317.1,317.1,113,35905.66
1784260500000,2026-07-17T03:55:00Z,316.99,316.99,316.99,316.99,33,10460.67
1784260800000,2026-07-17T04:00:00Z,316.07,316.07,315.69,315.99,123,38862.13
1784261100000,2026-07-17T04:05:00Z,315.86,316.02,315.86,316.02,67,21167.79
1784261400000,2026-07-17T04:10:00Z,315.57,315.6,315.06,315.08,605,190842.01
1784261700000,2026-07-17T04:15:00Z,315.04,315.04,314.99,315,263,82846.61
1784262000000,2026-07-17T04:20:00Z,315.19,315.19,315.19,315.19,2,630.38
1784262300000,2026-07-17T04:25:00Z,314.38,314.75,313,313,75,23526.32
1784262600000,2026-07-17T04:30:00Z,313,313,312.25,312.25,44,13754.01
1784262900000,2026-07-17T04:35:00Z,312.12,312.61,312.01,312.01,25,7802.27
1784263200000,2026-07-17T04:40:00Z,312.04,312.6,312.04,312.6,14,4374.13
1784263500000,2026-07-17T04:45:00Z,312.17,312.63,312.17,312.63,183,57195.61
1784264100000,2026-07-17T04:55:00Z,312.39,312.39,312.07,312.07,75,23418.2
1784264400000,2026-07-17T05:00:00Z,312.04,312.04,312.03,312.03,240,74887.28
1784264700000,2026-07-17T05:05:00Z,312.06,312.3,311.41,311.62,88,27424.87
1784265000000,2026-07-17T05:10:00Z,312.05,312.05,312.05,312.05,1,312.05
1784265300000,2026-07-17T05:15:00Z,311.97,312.05,311.22,312.01,108,33668.86
1784265600000,2026-07-17T05:20:00Z,311.23,311.23,309.98,309.98,485,150479.79
1784265900000,2026-07-17T05:25:00Z,309.98,310.5,309.6,310.5,104,32247.66
1784266200000,2026-07-17T05:30:00Z,311.32,311.32,310.39,310.49,227,70505.62
1784266500000,2026-07-17T05:35:00Z,310.29,310.29,309.33,309.33,43,13315.06
1784266800000,2026-07-17T05:40:00Z,309.45,309.45,308.04,308.53,698,215503.24
1784267100000,2026-07-17T05:45:00Z,309.68,309.88,308.28,309.88,376,116310.43
1784267400000,2026-07-17T05:50:00Z,309.74,309.76,308.59,308.61,77,23777.91
1784267700000,2026-07-17T05:55:00Z,309.56,309.56,308.58,309.19,52,16055.41
1784268000000,2026-07-17T06:00:00Z,309.1,309.2,308.99,308.99,81,25039.71
1784268300000,2026-07-17T06:05:00Z,309.76,309.76,308.91,308.91,10,3091.11
1784268600000,2026-07-17T06:10:00Z,308.9,310.98,308.9,310.65,452,139971.4
1784268900000,2026-07-17T06:15:00Z,310.66,311.64,310.66,311.14,169,52589.01
1784269200000,2026-07-17T06:20:00Z,311.57,311.84,310.99,311.01,277,86174.06
1784269500000,2026-07-17T06:25:00Z,311.74,311.98,311.74,311.98,370,115408.26
1784269800000,2026-07-17T06:30:00Z,311.99,312.77,311.99,312.18,29,9050.66
1784270100000,2026-07-17T06:35:00Z,312.3,312.3,311.22,311.78,98,30559.76
1784270400000,2026-07-17T06:40:00Z,311.53,311.53,311,311.01,399,124196.07
1784270700000,2026-07-17T06:45:00Z,310.71,310.71,309.99,309.99,54,16744.35
1784271000000,2026-07-17T06:50:00Z,309.69,310.13,309.68,310.13,58,17963.29
1784271300000,2026-07-17T06:55:00Z,310,310,310,310,16,4960
1784271600000,2026-07-17T07:00:00Z,310.01,310.77,309,309.99,262,81207.76
1784271900000,2026-07-17T07:05:00Z,310.97,310.97,309.83,309.83,61,18914.54
1784272200000,2026-07-17T07:10:00Z,309.85,309.85,309.85,309.85,1,309.85
1784272500000,2026-07-17T07:15:00Z,309.82,309.92,309.82,309.92,17,5267.58
1784272800000,2026-07-17T07:20:00Z,309.91,309.93,309.91,309.93,41,12706.33
1784273400000,2026-07-17T07:30:00Z,310.05,310.05,310.05,310.05,69,21393.45
1784273700000,2026-07-17T07:35:00Z,309.01,309.21,308.57,308.57,173,53421.66
1784274000000,2026-07-17T07:40:00Z,308.31,308.86,307.95,308.86,121,37279.17
1784274300000,2026-07-17T07:45:00Z,307.96,307.98,307.6,307.98,201,61849.65
1784274600000,2026-07-17T07:50:00Z,307.45,307.98,307.27,307.98,103,31663.49
1784274900000,2026-07-17T07:55:00Z,307.67,307.68,307.07,307.07,244,75009.73
1784275200000,2026-07-17T08:00:00Z,319.3,319.3,306.523,307.98,10249.093691,3164656.73007294
1784275500000,2026-07-17T08:05:00Z,307.98,308.42,307.406,308.211,2280,702813.876
1784275800000,2026-07-17T08:10:00Z,308.212,308.215,307.33,307.33,1111,341604.1695
1784276100000,2026-07-17T08:15:00Z,306.01,307.33,306.01,306.01,1112.331933,340631.96620604
1784276400000,2026-07-17T08:20:00Z,306.14,306.14,306.02,306.14,613.00376,187610.29115101
1784276700000,2026-07-17T08:25:00Z,306.14,306.44,306.14,306.44,1046.02974,320337.29821031
1784277000000,2026-07-17T08:30:00Z,306.44,306.44,304.18,304.18,1772.2,541514.84976
1784277300000,2026-07-17T08:35:00Z,304.18,304.45,304.18,304.45,1083.663212,329812.14000795
1784277600000,2026-07-17T08:40:00Z,304.45,304.45,304.45,304.45,224,68196.8
1784277900000,2026-07-17T08:45:00Z,304.26,304.45,304.26,304.26,470.497708,143243.0272006
1784278200000,2026-07-17T08:50:00Z,304.45,304.45,304.45,304.45,376,114473.2
1784278500000,2026-07-17T08:55:00Z,304.617,305.45,304.617,305.45,87,26574.1326
1784278800000,2026-07-17T09:00:00Z,305.533,305.95,305.533,305.95,530.151633,162195.22678198
1784279100000,2026-07-17T09:05:00Z,305.95,306.625,305.95,306.625,330.983124,101303.07800993
1784279400000,2026-07-17T09:10:00Z,306.627,307.736,306.627,307.736,386,118401.6786
1784279700000,2026-07-17T09:15:00Z,307.932,308.915,307.932,308.915,374,115533.649
1784280000000,2026-07-17T09:20:00Z,308.915,308.915,308.915,308.915,128,39541.12
1784280300000,2026-07-17T09:25:00Z,308.915,309.219,308.915,309.219,704,217491.2256
1784280600000,2026-07-17T09:30:00Z,309.22,309.22,309.22,309.22,18,5565.96
1784280900000,2026-07-17T09:35:00Z,309.22,309.22,309.22,309.22,450,139149
1784281200000,2026-07-17T09:40:00Z,309.22,310.886,309.22,310.5,258.03851299999997,80089.01311859
1784281500000,2026-07-17T09:45:00Z,310.514,310.585,310.514,310.585,187,58079.3015
1784281800000,2026-07-17T09:50:00Z,310.709,313.92,310.709,312.604,1096.004404,341650.10962941
1784282100000,2026-07-17T09:55:00Z,312.605,312.605,312.255,312.255,586,183162.6212
1784282400000,2026-07-17T10:00:00Z,312.255,312.255,312.255,312.255,108,33723.54
1784282700000,2026-07-17T10:05:00Z,312.255,312.255,312.255,312.255,355,110850.525
1784283000000,2026-07-17T10:10:00Z,312.255,315.654,312.255,313.835,12,3747.06
1784283300000,2026-07-17T10:15:00Z,313.835,313.835,313.835,313.835,728,228471.88
1784283600000,2026-07-17T10:20:00Z,313.897,314.21,310.68,312.559,905,282148.5015
1784283900000,2026-07-17T10:25:00Z,312.558,312.674,312.555,312.674,124,38758.5684
1784284200000,2026-07-17T10:30:00Z,312.676,315.737,312.676,315.737,332,104024.9624
1784284500000,2026-07-17T10:35:00Z,315.742,315.751,314.385,314.385,389,122441.4455
1784284800000,2026-07-17T10:40:00Z,314.385,314.385,314.385,314.385,215,67592.775
1784285100000,2026-07-17T10:45:00Z,314.385,314.385,314.385,314.385,130,40870.05
1784285400000,2026-07-17T10:50:00Z,314.385,314.385,314.385,314.385,1674,526280.49
1784285700000,2026-07-17T10:55:00Z,314.385,314.385,314.385,314.385,414,130155.39
1784286000000,2026-07-17T11:00:00Z,315.39,316.15,314.385,315.39,4567,1442018.8325
1784286300000,2026-07-17T11:05:00Z,315.488,315.488,313.71,313.71,1678,526975.7322
1784286600000,2026-07-17T11:10:00Z,313.682,313.682,313.54,313.54,465,145800.471
1784286900000,2026-07-17T11:15:00Z,313.54,314.755,313.54,313.628,989,310385.5842
1784287200000,2026-07-17T11:20:00Z,313.627,313.627,312.955,312.955,1786,559478.788
1784287500000,2026-07-17T11:25:00Z,312.955,312.955,312,312,164,51176.5116
1784287800000,2026-07-17T11:30:00Z,312,314.045,312,313.891,287,89974.2991
1784288100000,2026-07-17T11:35:00Z,313.832,313.832,313.54,313.54,132.994,41698.93876
1784288400000,2026-07-17T11:40:00Z,313.54,313.54,313.04,313.04,752,235663.64
1784288700000,2026-07-17T11:45:00Z,312.865,312.865,311.99,311.99,318.481582,99433.48504596
1784289000000,2026-07-17T11:50:00Z,311.99,311.99,311.99,311.99,217,67701.83
1784289300000,2026-07-17T11:55:00Z,311.99,311.99,311.99,311.99,375,116996.25
1784289600000,2026-07-17T12:00:00Z,311.99,311.99,311.567,311.567,792.993685,247383.18226565
1784289900000,2026-07-17T12:05:00Z,311.55,311.55,310.12,310.12,656.161342,203621.03750759
1784290200000,2026-07-17T12:10:00Z,310.109,310.109,310.055,310.055,3421.1285740000003,1060738.36212443
1784290500000,2026-07-17T12:15:00Z,310.055,310.055,308.84,308.84,692,214444.6412
1784290800000,2026-07-17T12:20:00Z,308.84,308.84,307.126,308.001,1021,314885.168
1784291100000,2026-07-17T12:25:00Z,308.001,308.001,307.939,307.939,467,143836.0319
1784291400000,2026-07-17T12:30:00Z,307.937,307.937,307.935,307.935,714.1,219896.59077
1784291700000,2026-07-17T12:35:00Z,307.935,307.935,307.935,307.935,249,76675.815
1784292000000,2026-07-17T12:40:00Z,307.935,307.935,307.935,307.935,491.13408,151237.3729248
1784292300000,2026-07-17T12:45:00Z,307.935,308.04,307.935,308.04,896,275936.3712
1784292600000,2026-07-17T12:50:00Z,308.04,308.04,308.04,308.04,441,135845.64
1784292900000,2026-07-17T12:55:00Z,307.1,308.04,307.1,307.1,1138,350549.52
1784293200000,2026-07-17T13:00:00Z,308.04,308.04,307.08,307.08,290,89317.187
1784293500000,2026-07-17T13:05:00Z,307.073,307.073,307.035,307.035,1280,393007.744
1784293800000,2026-07-17T13:10:00Z,307.035,307.035,305.58,305.58,597.025146,182612.7978372
1784294100000,2026-07-17T13:15:00Z,305.58,305.658,305.58,305.658,385,117648.3
1784294400000,2026-07-17T13:20:00Z,305.724,307.065,305.724,307.065,306.37849,93868.67069609
1784294700000,2026-07-17T13:25:00Z,306.25,307.065,304.88,304.88,1974,605532.7908
1784295000000,2026-07-17T13:30:00Z,305.59,308.04,302.618,302.865,164643.76496499998,50253129.73141817
1784295300000,2026-07-17T13:35:00Z,302.91,303.38,298.58,298.805,92971.208738,27977184.34418605
1784295600000,2026-07-17T13:40:00Z,298.2,299.92,297.167,297.95,79956.806224,23848596.65722314
1784295900000,2026-07-17T13:45:00Z,298.718,304.44,298.166,302.44,27673.897465000002,8297300.6079650785995384
1784296200000,2026-07-17T13:50:00Z,301.69,305.44,301.602,304.31,33976.154855999994,10325594.69143788
1784296500000,2026-07-17T13:55:00Z,304.955,309.53,304.055,308.99,35973.994343,11059078.57473241
1784296800000,2026-07-17T14:00:00Z,308.92,313.725,308.449,309.99,48882.687766,15207648.57744143
1784297100000,2026-07-17T14:05:00Z,310.32,316.33,310.117,316.33,56699.005399,17812865.71077899
1784297400000,2026-07-17T14:10:00Z,315.45,318.21,313.85,314.105,40096.055451,12673420.870758
1784297700000,2026-07-17T14:15:00Z,313.855,318.7,313.728,317.44,87218.42390800001,27600139.41805074
1784298000000,2026-07-17T14:20:00Z,317.31,317.46,315.145,316.39,34595.383102,10946498.14421933
1784298300000,2026-07-17T14:25:00Z,317.405,317.405,313.825,314.35,15448.028231,4873228.80653997
1784298600000,2026-07-17T14:30:00Z,313.515,314.386,311.09,313.145,23846.489308000004,7462370.13116288
1784298900000,2026-07-17T14:35:00Z,312.93,317.21,312.613,316.98,18553.867934,5856992.26006545
1784299200000,2026-07-17T14:40:00Z,317.18,317.23,314.418,314.87,14736.960653,4653522.48671125
1784299500000,2026-07-17T14:45:00Z,315.378,316.383,313.253,314.684,20274.762886,6386622.8111244114
1784299800000,2026-07-17T14:50:00Z,314.662,316.316,313.146,313.146,14175.049531,4458733.6968821769
1784300100000,2026-07-17T14:55:00Z,313.144,314.424,312.562,312.667,12742.659429,3998232.8079270121
1784300400000,2026-07-17T15:00:00Z,312.673,312.788,309.41,309.667,19142.666787000002,5970872.9123362752238716
1784300700000,2026-07-17T15:05:00Z,309.646,310.83,307.74,309.584,5322.650921,1647699.1238420176
1784301000000,2026-07-17T15:10:00Z,309.584,310.59,308.475,310.326,2449,757441.24
1784301300000,2026-07-17T15:15:00Z,309.79,312.51,309.487,311.545,28494.206086,8849354.40266954
1784301600000,2026-07-17T15:20:00Z,311.25,312.86,309.873,310.03,13286.335138999999,4138899.33399315
1784301900000,2026-07-17T15:25:00Z,310.3,312.091,309.935,311.905,21731.286951000002,6754914.11953233
1784302200000,2026-07-17T15:30:00Z,311.705,312.615,310.65,312.17,25336.936585,7889308.89870364
1784302500000,2026-07-17T15:35:00Z,311.53,316.577,311.53,316.29,45565.256747,14319159.88081091
1784302800000,2026-07-17T15:40:00Z,316.375,317.141,313.941,314.585,18995.129876,5989620.33301982
1784303100000,2026-07-17T15:45:00Z,315.03,316.48,314.941,316.48,11585.203135,3656773.21237673
1784303400000,2026-07-17T15:50:00Z,316.44,318.875,315.83,318.195,11682.234068,3705793.8985615
1784303700000,2026-07-17T15:55:00Z,319.71,322.178,318.905,321.46,25366.106023,8137789.25460971
1784304000000,2026-07-17T16:00:00Z,321.24,322.613,319.826,320.56,20015.618865,6434677.19645302
1784304300000,2026-07-17T16:05:00Z,320.51,323.467,320.427,322.79,32075.769622,10318111.11896622
1784304600000,2026-07-17T16:10:00Z,324.01,324.69,323.237,324.55,23974.885370999997,7765386.25454517
1784304900000,2026-07-17T16:15:00Z,324,324.521,323.29,323.93,22725.483160000003,7361920.269682
1784305200000,2026-07-17T16:20:00Z,323.32,323.958,320.746,322.1,27892.390301,8996882.94908063
1784305500000,2026-07-17T16:25:00Z,320.74,322.637,320.74,321.37,11662.235843999999,3748866.52987925
1784305800000,2026-07-17T16:30:00Z,322.84,322.905,321.411,322.62,15723.551098999998,5064997.64077378
1784306100000,2026-07-17T16:35:00Z,323.015,323.645,322.41,323.26,30137.107027000002,9727908.55787409
1784306400000,2026-07-17T16:40:00Z,322.875,324.275,321.805,323.715,33436.524351,10817885.90590079
1784306700000,2026-07-17T16:45:00Z,323.58,324.31,323.14,324.09,62404.583245999995,20208114.24596935
1784307000000,2026-07-17T16:50:00Z,324.1,325.29,323.86,324.625,29323.865129,9516705.60884889
1784307300000,2026-07-17T16:55:00Z,325.31,325.605,323.943,324.59,47412.206955,15415097.65873428
1784307600000,2026-07-17T17:00:00Z,324.67,327.105,324.433,326.86,30272.156095000002,9866743.08796139
1784307900000,2026-07-17T17:05:00Z,326.94,329.1,326.691,329,26869.935054,8823903.95617523
1784308200000,2026-07-17T17:10:00Z,329.04,329.85,328.13,328.135,46443.11405,15284726.06978492
1784308500000,2026-07-17T17:15:00Z,328.218,330.675,327.932,329.281,38445.349056000003,12682976.2185559557887214
1784308800000,2026-07-17T17:20:00Z,329.2,329.4,328.621,328.925,26020.832021000001,8560641.4378795560290335
1784309100000,2026-07-17T17:25:00Z,328.926,330.4,328.76,329.649,26487.843151999997,8737229.3531454742110422
1784309400000,2026-07-17T17:30:00Z,329.629,329.78,328.63,328.822,12072.502674,3975609.6014316288
1784309700000,2026-07-17T17:35:00Z,328.82,328.82,327.28,327.799,10868.748406,3562761.6306926276
1784310000000,2026-07-17T17:40:00Z,327.8,327.81,325.89,326.378,21883.080882,7154614.725278316
1784310300000,2026-07-17T17:45:00Z,326.57,327.97,326.155,327.62,29468.255856999996,9631395.90382512
1784310600000,2026-07-17T17:50:00Z,328.01,328.04,326.59,326.59,24219.997792,7930874.60698709
1784310900000,2026-07-17T17:55:00Z,326.655,326.841,324.22,324.91,25185.46559,8193428.85196148
1784311200000,2026-07-17T18:00:00Z,324.945,326.165,324.272,325.8,19265.02655,6268047.8467788
1784311500000,2026-07-17T18:05:00Z,325.21,325.954,324.584,325.56,36107.411775,11751511.01480915
1784311800000,2026-07-17T18:10:00Z,325.74,325.74,323.93,323.93,46161.486076,15009351.80382811
1784312100000,2026-07-17T18:15:00Z,324.26,324.313,322.161,323.065,31357.270953,10138053.42154543
1784312400000,2026-07-17T18:20:00Z,323.04,324.165,322.16,323.665,37155.586136,12010413.17391052
1784312700000,2026-07-17T18:25:00Z,323.67,324.345,322.58,324.31,16816.838498,5437477.52080238
1784313000000,2026-07-17T18:30:00Z,324.04,326.268,323.551,324.32,23287.424297999998,7572446.27873841
1784313300000,2026-07-17T18:35:00Z,324.32,324.865,324.043,324.46,15040.997811000001,4879170.33730723
1784313600000,2026-07-17T18:40:00Z,324.61,324.795,322.221,322.54,18856.026505,6094820.2479926
1784313900000,2026-07-17T18:45:00Z,322.76,324.015,322.607,323.27,18299.81957,5917790.16260073
1784314200000,2026-07-17T18:50:00Z,323.045,324.22,322.68,324.22,15850.572970000001,5125919.96288289
1784314500000,2026-07-17T18:55:00Z,324.38,324.58,323.57,324.06,20482.465616999998,6640161.37045775
1784314800000,2026-07-17T19:00:00Z,323.555,324.07,323.092,323.78,20555.57679,6653854.59582675
1784315100000,2026-07-17T19:05:00Z,323.495,323.541,321.675,322.53,25929.136008,8364153.27770702
1784315400000,2026-07-17T19:10:00Z,322.39,322.493,320.879,321.02,25924.08567,8339905.38805878
1784315700000,2026-07-17T19:15:00Z,321.3,322.2,320.323,322.02,36415.727419,11696199.97736248
1784316000000,2026-07-17T19:20:00Z,322.04,322.05,320.815,321.3,34885.131074,11213075.35341921
1784316300000,2026-07-17T19:25:00Z,320.65,323.39,320.28,322.56,40056.287958,12891992.10478963
1784316600000,2026-07-17T19:30:00Z,322.92,324.675,322.55,323.575,60716.071518,19660707.9109225
1784316900000,2026-07-17T19:35:00Z,323.31,325.27,322.095,322.095,41586.46266,13465655.02284534
1784317200000,2026-07-17T19:40:00Z,321.99,324.49,321.55,323.86,86536.26897300001,27993236.89049229
1784317500000,2026-07-17T19:45:00Z,323.76,324.74,323.56,324.233,24285.942808,7866000.093056244
1784317800000,2026-07-17T19:50:00Z,324.61,325.41,322.75,323.955,79422.731956,25775576.9002958632
1784318100000,2026-07-17T19:55:00Z,323.985,324.32,321.95,321.97,11400,3687794.055
1784318400000,2026-07-17T20:00:00Z,322.307,322.397,320.116,320.88,403071.915294,129800321.8167216438
1784318700000,2026-07-17T20:05:00Z,320.88,320.985,320.88,320.985,5553,1781848.3059
1784319000000,2026-07-17T20:10:00Z,321.012,321.149,321.012,321.065,169.259815,54348.92037294
1784319300000,2026-07-17T20:15:00Z,321.065,321.149,320.212,320.925,122.418271,39291.94362603
1784319600000,2026-07-17T20:20:00Z,320.925,320.925,320.925,320.925,1378,442234.65
1784319900000,2026-07-17T20:25:00Z,320.925,320.925,320.925,320.925,35.04,11245.212
1784320200000,2026-07-17T20:30:00Z,320.928,321.004,320.928,321.004,303,97248.0621
1784320500000,2026-07-17T20:35:00Z,321.029,321.15,321.029,321.15,8,2569.0992
1784320800000,2026-07-17T20:40:00Z,320.977,320.977,320.11,320.229,65,20829.5035
1784321100000,2026-07-17T20:45:00Z,322.29,323.23,320.403,322.29,178,57286.808
1784321400000,2026-07-17T20:50:00Z,322.796,322.796,322.566,322.566,12.91,4164.410975
1784321700000,2026-07-17T20:55:00Z,322.545,322.545,322.386,322.386,2,644.772
1784322000000,2026-07-17T21:00:00Z,322.385,322.385,322.385,322.385,1,322.385
1784322300000,2026-07-17T21:05:00Z,322.385,322.385,321.789,322.08,42,13534.5294
1784322600000,2026-07-17T21:10:00Z,322.087,322.125,322.087,322.125,2,644.25
1784322900000,2026-07-17T21:15:00Z,322.125,323.653,322.125,322.526,28,9022.258
1784323200000,2026-07-17T21:20:00Z,322.525,322.525,321.608,321.608,3,967.575
1784323500000,2026-07-17T21:25:00Z,321.261,322.565,319.929,322.565,1,320.368
1784323800000,2026-07-17T21:30:00Z,322.565,322.565,322.565,322.565,14,4515.91
1784324100000,2026-07-17T21:35:00Z,322.565,322.565,322.565,322.565,53,17095.945
1784324400000,2026-07-17T21:40:00Z,322.565,325.397,321.222,321.39,375,120848.55
1784325300000,2026-07-17T21:55:00Z,321.39,321.39,321.39,321.39,97,31174.83
1784325600000,2026-07-17T22:00:00Z,321.39,321.39,321.39,321.39,1,321.39
1784325900000,2026-07-17T22:05:00Z,321.39,321.39,321.39,321.39,3,964.17
1784326200000,2026-07-17T22:10:00Z,321.39,321.39,321.39,321.39,8,2571.12
1784326500000,2026-07-17T22:15:00Z,321.39,321.39,321.39,321.39,87.004065,27962.23645035
1784326800000,2026-07-17T22:20:00Z,321.39,321.39,321.39,321.39,102,32781.78
1784327100000,2026-07-17T22:25:00Z,321.277,321.498,321.038,321.498,117,37582.4943
1784327400000,2026-07-17T22:30:00Z,321.499,321.5,321.499,321.5,12,3857.9892
1784327700000,2026-07-17T22:35:00Z,321.5,321.999,321.5,321.999,9,2895.9903
1784328000000,2026-07-17T22:40:00Z,321.999,322.409,321.999,322.409,106,34132.9964
1784328300000,2026-07-17T22:45:00Z,322.41,322.41,320.385,320.385,36,11555.7984
1784328600000,2026-07-17T22:50:00Z,320.427,320.635,320.427,320.635,6,1923.8088
1784328900000,2026-07-17T22:55:00Z,320.635,320.635,320.635,320.635,6,1923.81
1784329500000,2026-07-17T23:05:00Z,320.635,320.635,320.635,320.635,1,320.635
1784329800000,2026-07-17T23:10:00Z,320.635,320.635,320.635,320.635,21,6733.335
1784330100000,2026-07-17T23:15:00Z,320.635,320.635,320.635,320.635,125,40079.375
1784330400000,2026-07-17T23:20:00Z,320.635,322.164,320.635,322.164,115,36922.061
1784330700000,2026-07-17T23:25:00Z,322.165,322.165,322.165,322.165,6,1932.99
1784331300000,2026-07-17T23:35:00Z,322.165,322.165,322.165,322.165,64,20618.56
1784331600000,2026-07-17T23:40:00Z,322.165,322.165,320.187,320.187,357,115007.9427
1784331900000,2026-07-17T23:45:00Z,320.186,320.186,320.185,320.185,37,11846.845
1784332200000,2026-07-17T23:50:00Z,320.185,320.185,320.185,320.185,116,37141.46
1784332500000,2026-07-17T23:55:00Z,320.185,320.185,320.185,320.185,43,13767.955
1784505600000,2026-07-20T00:00:00Z,324.99,324.99,324.99,324.99,19,6174.81
1784505900000,2026-07-20T00:05:00Z,326.54,326.66,326.54,326.66,26,8492.42
1784506200000,2026-07-20T00:10:00Z,330.24,330.24,329.98,330.01,48,15840.77
1784506500000,2026-07-20T00:15:00Z,330.09,331.4,330.09,330.51,16,5288.72
1784506800000,2026-07-20T00:20:00Z,332.51,332.51,330.6,330.62,82,27135.96
1784507100000,2026-07-20T00:25:00Z,330.54,330.54,328.33,328.33,289,95165.18
1784507400000,2026-07-20T00:30:00Z,328.22,328.22,327.62,327.62,86,28219.03
1784507700000,2026-07-20T00:35:00Z,328.48,328.48,328.01,328.01,4,1313.45
1784508000000,2026-07-20T00:40:00Z,328.11,328.6,328.11,328.6,3,985.31
1784508300000,2026-07-20T00:45:00Z,326.59,326.59,324.9,325.21,496,161382.4
1784508900000,2026-07-20T00:55:00Z,324.89,324.9,324.56,324.9,44,14285
1784509200000,2026-07-20T01:00:00Z,324.09,324.09,324.09,324.09,2,648.18
1784509800000,2026-07-20T01:10:00Z,326.29,326.29,326.29,326.29,30,9788.7
1784510100000,2026-07-20T01:15:00Z,325.25,325.25,325.25,325.25,300,97575
1784510400000,2026-07-20T01:20:00Z,324.09,324.09,324.02,324.02,10,3240.34
1784511000000,2026-07-20T01:30:00Z,323.99,324.21,323.98,324.21,112,36291.6
1784511300000,2026-07-20T01:35:00Z,323.81,323.81,322.55,322.55,43,13886.03
1784511600000,2026-07-20T01:40:00Z,323.11,323.11,323.01,323.01,40,12923
1784512200000,2026-07-20T01:50:00Z,322.71,322.71,321.37,321.37,70,22558.32
1784512500000,2026-07-20T01:55:00Z,322.91,323.01,322.91,323.01,21,6782.92
1784512800000,2026-07-20T02:00:00Z,322.99,323.06,322.99,323.06,26,8398.79
1784514000000,2026-07-20T02:20:00Z,324,324.1,324,324.1,20,6481.5
1784514300000,2026-07-20T02:25:00Z,323.17,323.17,323.08,323.08,22,7108.75
1784514600000,2026-07-20T02:30:00Z,323.67,324.1,323.67,324.1,13,4211.56
1784514900000,2026-07-20T02:35:00Z,323.14,323.14,323.14,323.14,1,323.14
1784515200000,2026-07-20T02:40:00Z,325.37,326.22,325.37,326.22,54,17596.59
1784515500000,2026-07-20T02:45:00Z,326.17,327,326.17,326.91,29,9466.89
1784515800000,2026-07-20T02:50:00Z,327,327.54,327,327.54,32,10471.44
1784517300000,2026-07-20T03:15:00Z,326.23,327.15,326.23,327.15,42,13730.41
1784519400000,2026-07-20T03:50:00Z,326.49,327.99,326.49,327.99,246,80471
1784523300000,2026-07-20T04:55:00Z,327.52,327.52,327.49,327.49,59,19322.3
1784523600000,2026-07-20T05:00:00Z,327.11,327.11,327.02,327.02,48,15699.76
1784523900000,2026-07-20T05:05:00Z,327.02,327.02,326.08,326.08,91,29751.44
1784524200000,2026-07-20T05:10:00Z,326.06,326.06,325,325,71,23114.96
1784524800000,2026-07-20T05:20:00Z,324.99,324.99,324.99,324.99,1,324.99
1784525700000,2026-07-20T05:35:00Z,325.01,325.01,324.91,324.91,30,9749.3
1784526000000,2026-07-20T05:40:00Z,324.99,325.19,324.99,325,427,138774.93
1784527800000,2026-07-20T06:10:00Z,324,324,323.59,323.59,208,67348.68
1784529900000,2026-07-20T06:45:00Z,323.71,323.71,323.01,323.01,250,80767.16
1784532000000,2026-07-20T07:20:00Z,323.44,323.44,323.44,323.44,41,13261.04
1784532300000,2026-07-20T07:25:00Z,324,324,324,324,2,648
1784532600000,2026-07-20T07:30:00Z,326.11,326.51,326.11,326.51,56,18270.16
1784533200000,2026-07-20T07:40:00Z,326.43,326.43,326.43,326.43,40,13057.2
1784534400000,2026-07-20T08:00:00Z,320.185,326.798,320.185,326.225,2796.0738499999998,913351.1839747749346717
1784534700000,2026-07-20T08:05:00Z,326.225,326.54,326.225,326.54,328,107001.8
1784535000000,2026-07-20T08:10:00Z,326.556,327.19,326.556,327.19,120,39232.2
1784535300000,2026-07-20T08:15:00Z,327.197,329.909,327.197,329.909,218,71429.4658
1784535600000,2026-07-20T08:20:00Z,329.884,329.884,328.275,329.239,35,11508.6615
1784535900000,2026-07-20T08:25:00Z,329.243,329.284,328.945,328.976,2,658.229
1784536200000,2026-07-20T08:30:00Z,328.975,328.975,328.611,328.611,419,137840.525
1784536500000,2026-07-20T08:35:00Z,328.61,328.61,328.61,328.61,186.015314,61126.49233354
1784536800000,2026-07-20T08:40:00Z,328.61,328.61,328.303,328.31,389,127829.29
1784537100000,2026-07-20T08:45:00Z,328.31,328.31,328.087,328.087,184,60409.04
1784537400000,2026-07-20T08:50:00Z,328.086,328.086,328.085,328.085,394,129265.49
1784537700000,2026-07-20T08:55:00Z,328.085,328.085,327.666,327.666,18,5905.53
1784538000000,2026-07-20T09:00:00Z,327.665,327.665,327.665,327.665,0,0
1784538300000,2026-07-20T09:05:00Z,327.665,329.1,327.435,329.1,181,59307.025
1784538600000,2026-07-20T09:10:00Z,329.1,329.1,329.1,329.1,0,0
1784538900000,2026-07-20T09:15:00Z,329.1,329.1,329.1,329.1,160,52656
1784539200000,2026-07-20T09:20:00Z,329.166,329.363,329.07,329.07,279.003985,91816.24960691
1784539500000,2026-07-20T09:25:00Z,329.07,329.07,329.07,329.07,150,49360.5
1784540100000,2026-07-20T09:35:00Z,329.07,331.045,329.07,331.007,188,62152.236
1784540400000,2026-07-20T09:40:00Z,331.005,331.005,329.83,329.83,0.003525,1.16293275
1784540700000,2026-07-20T09:45:00Z,329.961,330.615,329.961,330.615,51,16851.5373
1784541000000,2026-07-20T09:50:00Z,330.615,330.93,330.615,330.93,135,44642.178
1784541300000,2026-07-20T09:55:00Z,330.93,330.93,330.93,330.93,312,103250.16
1784541600000,2026-07-20T10:00:00Z,330.93,331.624,330.626,330.626,620,205170.958
1784541900000,2026-07-20T10:05:00Z,330.625,330.625,330.481,330.481,170,56199.79
1784542200000,2026-07-20T10:10:00Z,330.48,330.48,330.48,330.48,280,92534.4
1784542500000,2026-07-20T10:15:00Z,330.48,330.48,330.48,330.48,543,179450.64
1784542800000,2026-07-20T10:20:00Z,330.48,330.48,330.48,330.48,60.015601000000004,19833.95581848
1784543100000,2026-07-20T10:25:00Z,330.48,330.48,330.48,330.48,433,143097.84
1784543400000,2026-07-20T10:30:00Z,330.48,330.48,330.48,330.48,136,44945.28
1784543700000,2026-07-20T10:35:00Z,330.48,330.48,330.48,330.48,51,16854.48
1784544000000,2026-07-20T10:40:00Z,330.48,330.5,330.48,330.5,668,220761.0408
1784544300000,2026-07-20T10:45:00Z,330.5,330.5,330.5,330.5,66,21813
1784544600000,2026-07-20T10:50:00Z,330.5,330.5,330.5,330.5,9,2974.5
1784545200000,2026-07-20T11:00:00Z,330.5,330.5,330.5,330.5,891,294475.5
1784545500000,2026-07-20T11:05:00Z,330.792,332.5,330.792,332.5,207.02619099999998,68815.21605173
1784545800000,2026-07-20T11:10:00Z,332.5,332.5,332.5,332.5,566,188195
1784546100000,2026-07-20T11:15:00Z,332.723,333.839,331.116,331.116,738,245687.58
1784546400000,2026-07-20T11:20:00Z,331.115,332.751,330.775,330.775,470,155777.2504
1784546700000,2026-07-20T11:25:00Z,330.775,330.775,330.775,330.775,412.021274,136286.33690735
1784547000000,2026-07-20T11:30:00Z,330.801,334.56,330.801,334.129,655,218513.8295
1784547300000,2026-07-20T11:35:00Z,334.13,334.13,334.13,334.13,238.86706500000003,79812.65242845
1784547600000,2026-07-20T11:40:00Z,334.13,334.5,334.13,334.5,426,142467.9042
1784547900000,2026-07-20T11:45:00Z,334.5,334.5,333.41,333.41,528,176348.1984
1784548200000,2026-07-20T11:50:00Z,333.233,334.455,332.369,334.455,282.945318,94367.07362341
1784548500000,2026-07-20T11:55:00Z,334.455,334.455,334.455,334.455,43,14381.565
1784548800000,2026-07-20T12:00:00Z,334.455,334.455,331.396,331.511,1352,449858.1256
1784549100000,2026-07-20T12:05:00Z,331.512,331.635,331.512,331.635,1183,392315.0959
1784549400000,2026-07-20T12:10:00Z,331.635,331.635,331.03,331.03,1700,563772.36
1784549700000,2026-07-20T12:15:00Z,331.4,333.25,331.4,333.25,150,49942.005
1784550000000,2026-07-20T12:20:00Z,333.083,333.083,332.25,332.498,197,65475.4913
1784550300000,2026-07-20T12:25:00Z,332.499,332.5,332.499,332.5,534,177554.998
1784550600000,2026-07-20T12:30:00Z,332.5,332.5,332.5,332.5,42,13965
1784550900000,2026-07-20T12:35:00Z,332.5,333.249,332.5,333.249,90,29935.566
1784551200000,2026-07-20T12:40:00Z,333.25,333.25,333.25,333.25,81,26993.25
1784551500000,2026-07-20T12:45:00Z,333.25,333.25,333.25,333.25,199,66316.75
1784551800000,2026-07-20T12:50:00Z,333.25,333.25,333.25,333.25,1110,369907.5
1784552100000,2026-07-20T12:55:00Z,333.25,333.25,333.25,333.25,15,4998.75
1784552400000,2026-07-20T13:00:00Z,333.25,333.25,333.25,333.25,614,204615.5
1784552700000,2026-07-20T13:05:00Z,333.25,333.25,333.25,333.25,56,18662
1784553000000,2026-07-20T13:10:00Z,333.25,333.25,333.25,333.25,64,21328
1784553300000,2026-07-20T13:15:00Z,333.25,333.25,333.25,333.25,250,83312.5
1784553600000,2026-07-20T13:20:00Z,333.25,333.25,333.25,333.25,131,43655.75
1784553900000,2026-07-20T13:25:00Z,333.25,334.245,333.25,333.822,1136.507306,378896.98852688
1784554200000,2026-07-20T13:30:00Z,335.345,345.226,333.8,344.97,137893.21504399998,46732424.25805673
1784554500000,2026-07-20T13:35:00Z,345.327,349.5,345.303,345.897,69601.79743199999,24165769.642116363728179
1784554800000,2026-07-20T13:40:00Z,345.941,349.539,345.77,349.355,41217.891782,14319654.8590014446
1784555100000,2026-07-20T13:45:00Z,348.8,350.935,348.57,348.84,62463.863840000005,21854313.24472379
1784555400000,2026-07-20T13:50:00Z,350,350,344.16,344.16,46090.234652,15991638.34872613
1784555700000,2026-07-20T13:55:00Z,346.88,347.804,342.94,344.03,57915.17548700001,19963569.48500066
1784556000000,2026-07-20T14:00:00Z,344.37,346.572,343.41,345.81,36164.24063,12483932.02971663
1784556300000,2026-07-20T14:05:00Z,344.5,345.715,342.75,343.83,20811.525863,7161031.69074191
1784556600000,2026-07-20T14:10:00Z,342.66,343.431,338.631,340.58,38378.709779,13057419.56178614
1784556900000,2026-07-20T14:15:00Z,340.53,342.41,339.16,340.61,29446.950031,10037787.98571719
1784557200000,2026-07-20T14:20:00Z,340.365,341.49,337.059,340.52,35197.830394,11952598.91781786
1784557500000,2026-07-20T14:25:00Z,340.88,343.72,340.664,343.34,40827.376643999996,13972675.64515161
1784557800000,2026-07-20T14:30:00Z,343.19,345.04,341.102,341.855,40353.412299999996,13839884.72095287
1784558100000,2026-07-20T14:35:00Z,341.66,342.5,340.747,341.68,27651.956709,9450670.07873969
1784558400000,2026-07-20T14:40:00Z,341.655,343.1,340.927,341.49,26186.239873,8958456.6848726
1784558700000,2026-07-20T14:45:00Z,341.055,342.2,340.08,340.177,14139.295181000001,4824249.8305614198412095
1784559000000,2026-07-20T14:50:00Z,339.73,340.46,338.753,338.89,28046.481304000004,9528124.51677897
1784559300000,2026-07-20T14:55:00Z,338.95,339.56,336.95,337.66,28143.304501,9513720.25602325
1784559600000,2026-07-20T15:00:00Z,337.37,340.02,337.228,338.71,36963.52703899999,12519820.13820939
1784559900000,2026-07-20T15:05:00Z,338.56,341.177,338.103,340.6,21264.029401,7227362.90821181
1784560200000,2026-07-20T15:10:00Z,341.12,341.837,339.45,340.88,20863.151224,7110577.11384856
1784560500000,2026-07-20T15:15:00Z,341.03,342.242,338.649,339,23666.038286000003,8064694.79955085
1784560800000,2026-07-20T15:20:00Z,340,341.65,338.802,340.39,14085.178132000001,4798810.32994771
1784561100000,2026-07-20T15:25:00Z,340.26,340.95,338.886,340.79,13842.198015999998,4706153.53466778
1784561400000,2026-07-20T15:30:00Z,339.66,341.054,339.216,340.46,19525.092237,6641620.23017189
1784561700000,2026-07-20T15:35:00Z,340.27,340.604,338.86,340.27,12301.54012,4181835.98470729
1784562000000,2026-07-20T15:40:00Z,338.35,340.383,338.24,339.76,16567.011446,5620815.88257141
1784562300000,2026-07-20T15:45:00Z,339.86,340.343,339.223,339.56,14457.77424,4912870.24050077
1784562600000,2026-07-20T15:50:00Z,339.203,340.765,338.371,340.24,7911.572782,2684459.5123989278
1784562900000,2026-07-20T15:55:00Z,340.249,341.248,340.183,340.646,9508.144048,3240963.5523112528
1784563200000,2026-07-20T16:00:00Z,341.18,341.882,340.01,340.84,13996.591645,4770500.32014029
1784563500000,2026-07-20T16:05:00Z,340.78,342.885,340.685,342.6,16656.106616,5693480.30645685
1784563800000,2026-07-20T16:10:00Z,343.565,344.255,342.851,343.2,14667.573686,5040260.88168387
1784564100000,2026-07-20T16:15:00Z,343.095,343.661,341.981,342.31,13677.630924999998,4687603.14166837
1784564400000,2026-07-20T16:20:00Z,342,342.689,340.979,341.2,13950.723083,4767966.52952308
1784564700000,2026-07-20T16:25:00Z,340.16,341.295,340.16,340.67,6842.7896390000005,2330790.32255722
1784565000000,2026-07-20T16:30:00Z,340.95,341.02,339.52,339.82,11117.830335,3784611.73007308
1784565300000,2026-07-20T16:35:00Z,340.405,340.822,339.74,339.97,10585.938906,3600163.49379042
1784565600000,2026-07-20T16:40:00Z,340.42,340.745,338.27,339.03,26496.395003,8997571.62521273
1784565900000,2026-07-20T16:45:00Z,338.985,340.552,338.959,340.31,10370.560242,3524603.93837564
1784566200000,2026-07-20T16:50:00Z,340.02,340.378,338.771,339.94,15084.637666999999,5119798.4304406
1784566500000,2026-07-20T16:55:00Z,338.62,339.465,338.17,339.465,13829.25069,4686202.0156145
1784566800000,2026-07-20T17:00:00Z,339.4,340.015,338.49,339.313,5510.675413999999,1871004.4124295088604722
1784567100000,2026-07-20T17:05:00Z,339.314,339.314,338.038,338.76,7295.050203,2472429.0868132771
1784567400000,2026-07-20T17:10:00Z,338.2,338.779,336.71,336.71,11664.022128999999,3937281.64901656
1784567700000,2026-07-20T17:15:00Z,336.56,338.32,336.56,338.32,13117.026005999998,4424161.6877051
1784568000000,2026-07-20T17:20:00Z,338.12,338.89,338.019,338.22,12360.095578,4183789.7643597
1784568300000,2026-07-20T17:25:00Z,338.03,338.1,336.84,337.54,26322.417959,8882318.31558063
1784568600000,2026-07-20T17:30:00Z,337.675,339.252,337.6,339.19,13676.671031000002,4628800.9270868
1784568900000,2026-07-20T17:35:00Z,338.9,339.475,338.29,338.45,16243.343456000002,5503566.38109323
1784569200000,2026-07-20T17:40:00Z,338.33,338.53,336.481,336.84,16319.770784,5506204.16773644
1784569500000,2026-07-20T17:45:00Z,336.81,338.123,336.81,337.59,14178.170184,4787488.84898458
1784569800000,2026-07-20T17:50:00Z,337.77,339.173,337.574,338.85,12225.481,4135242.0521918
1784570100000,2026-07-20T17:55:00Z,338.62,339.006,338.268,338.41,8477.680435,2871744.73037668
1784570400000,2026-07-20T18:00:00Z,338.85,339.034,338.17,338.35,10944.45452,3706180.82860746
1784570700000,2026-07-20T18:05:00Z,338.73,339.11,338.338,338.91,6655.040672000001,2253473.970011
1784571000000,2026-07-20T18:10:00Z,338.916,339.748,338.916,339.541,9708.674694,3295462.5271869888
1784571300000,2026-07-20T18:15:00Z,339.535,339.92,338.55,338.554,7259.459466,2464283.725625946
1784571600000,2026-07-20T18:20:00Z,338.34,338.575,337.256,337.36,15215.623487,5140942.26817376
1784571900000,2026-07-20T18:25:00Z,337.82,338.194,337.067,337.43,6710.98873,2266916.29178754
1784572200000,2026-07-20T18:30:00Z,336.63,337.066,335.93,336.175,18361.871702,6178720.2506694
1784572500000,2026-07-20T18:35:00Z,336.36,337.496,336.138,336.71,12441.802477,4188959.55770701
1784572800000,2026-07-20T18:40:00Z,336.42,336.901,335.77,336.31,17398.75998,5851733.64345339
1784573100000,2026-07-20T18:45:00Z,335.98,336.581,335.64,335.98,16511.372899,5549909.98273572
1784573400000,2026-07-20T18:50:00Z,335.98,337.172,335.923,336.635,16553.4853,5566195.51024856
1784573700000,2026-07-20T18:55:00Z,336.9,337.03,335.805,335.89,13142.644456999999,4421263.1369371
1784574000000,2026-07-20T19:00:00Z,335.83,336.513,334.575,334.8,27523.383282,9236178.61122545
1784574300000,2026-07-20T19:05:00Z,334.265,335.345,334.25,334.88,18824.344664,6302945.91167479
1784574600000,2026-07-20T19:10:00Z,334.95,335.89,334.09,334.3,25680.882894000002,8604875.45467455
1784574900000,2026-07-20T19:15:00Z,334.06,335.22,333.49,334.77,43034.55394699999,14387109.81315749
1784575200000,2026-07-20T19:20:00Z,334.738,334.905,332.9,333.601,15981.601841,5339753.5971445346
1784575500000,2026-07-20T19:25:00Z,333.36,335.68,333.005,335.65,36492.071156000005,12180374.5993493
1784575800000,2026-07-20T19:30:00Z,335.72,335.98,334.26,334.63,36075.70046,12077693.56775225
1784576100000,2026-07-20T19:35:00Z,334.55,334.666,333.49,333.855,31773.562531999996,10608823.95610943
1784576400000,2026-07-20T19:40:00Z,333.49,335.5,333.49,334.57,30607.874637,10243791.45012428
1784576700000,2026-07-20T19:45:00Z,334.64,335.83,334.2,335.75,39465.04314,13213488.4189191
1784577000000,2026-07-20T19:50:00Z,335.14,335.669,333.31,333.47,59406.614838,19876253.31117507
1784577300000,2026-07-20T19:55:00Z,333.805,334.06,331.65,333.81,270313.66135099996,90015908.92365428
1784577600000,2026-07-20T20:00:00Z,333.704,333.848,331.256,333.49,708320.694656,236391761.191367488
1784577900000,2026-07-20T20:05:00Z,333.457,333.457,333.29,333.37,137.395522,45804.63059376
1784578200000,2026-07-20T20:10:00Z,333.37,333.39,332.99,333.39,1400.963855,466610.76549811
1784578500000,2026-07-20T20:15:00Z,333.39,333.39,331.872,331.872,957.327665,319151.69510407
1784578800000,2026-07-20T20:20:00Z,332.161,333.61,332.161,332.557,102,34026.7716
1784579100000,2026-07-20T20:25:00Z,332.543,333.789,332.543,333.59,8,2666.9264
1784579400000,2026-07-20T20:30:00Z,333.59,334.899,333.59,333.63,7,2337.7322
1784579700000,2026-07-20T20:35:00Z,333.63,333.63,333.597,333.597,40,13344.868
1784580000000,2026-07-20T20:40:00Z,333.596,333.596,333.161,333.435,47,15667.591
1784580300000,2026-07-20T20:45:00Z,333.435,333.654,333.427,333.654,112,37349.2224
1784580600000,2026-07-20T20:50:00Z,333.688,333.979,333.688,333.979,4,1335.42
1784580900000,2026-07-20T20:55:00Z,333.98,333.98,333.98,333.98,19,6345.62
1784581200000,2026-07-20T21:00:00Z,333.991,334.045,333.991,334.045,9,3006.27
1784581500000,2026-07-20T21:05:00Z,334.045,334.045,334.045,334.045,51,17036.295
1784581800000,2026-07-20T21:10:00Z,334.043,334.043,333.881,333.881,30,10017.204
1784582100000,2026-07-20T21:15:00Z,333.879,333.879,333.816,333.816,5,1669.091
1784582400000,2026-07-20T21:20:00Z,333.723,333.723,333.161,333.161,60,19994.226
1784582700000,2026-07-20T21:25:00Z,333.16,333.16,332.819,332.819,3,998.703
1784583000000,2026-07-20T21:30:00Z,332.818,332.818,332.816,332.816,0,0
1784583900000,2026-07-20T21:45:00Z,332.815,332.815,332.815,332.815,25,8320.375
1784584200000,2026-07-20T21:50:00Z,332.815,332.815,332.815,332.815,13,4326.595
1784584500000,2026-07-20T21:55:00Z,332.815,335.989,332.815,335.989,14,4659.4744
1784584800000,2026-07-20T22:00:00Z,335.525,335.525,333.2,333.2,48,16016.856
1784585100000,2026-07-20T22:05:00Z,333.2,333.2,333.2,333.2,195.03,64983.996
1784585400000,2026-07-20T22:10:00Z,333.2,333.2,333.2,333.2,35,11662
1784585700000,2026-07-20T22:15:00Z,333.2,334.455,331.756,331.756,37,12341.5646
1784586000000,2026-07-20T22:20:00Z,331.755,332.499,331.755,332.499,7,2325.9999
1784586300000,2026-07-20T22:25:00Z,332.5,332.5,332.5,332.5,54,17955
1784586600000,2026-07-20T22:30:00Z,332.5,332.5,331.501,331.501,232,77116.8928
1784586900000,2026-07-20T22:35:00Z,331.5,331.5,331.5,331.5,34,11271
1784587200000,2026-07-20T22:40:00Z,331.5,331.5,331.5,331.5,0,0
1784587500000,2026-07-20T22:45:00Z,331.5,332.75,331.5,332.75,12,3978
1784587800000,2026-07-20T22:50:00Z,332.75,332.75,332.75,332.75,4,1331
1784588100000,2026-07-20T22:55:00Z,332.75,332.75,332.75,332.75,22,7320.5
1784588400000,2026-07-20T23:00:00Z,332.75,332.75,332.75,332.75,22,7320.5
1784588700000,2026-07-20T23:05:00Z,332.75,332.75,332.75,332.75,39,12977.25
1784589000000,2026-07-20T23:10:00Z,332.75,332.75,332.75,332.75,60,19965
1784589300000,2026-07-20T23:15:00Z,332.872,333.48,332.872,333.48,101,33681.48
1784589600000,2026-07-20T23:20:00Z,333.522,333.73,333.522,333.73,344,114802.7072
1784589900000,2026-07-20T23:25:00Z,333.73,338.838,333.73,336.166,8,2679.6984
1784590200000,2026-07-20T23:30:00Z,336.164,336.164,336.16,336.16,10.344257,3477.32543312
1784590500000,2026-07-20T23:35:00Z,336.16,336.16,336.16,336.16,26,8740.16
1784590800000,2026-07-20T23:40:00Z,336.16,336.16,335,335,125,41881.475
1784591100000,2026-07-20T23:45:00Z,335,335,335,335,2,670
1784591400000,2026-07-20T23:50:00Z,334.75,334.75,333.5,333.5,0,0
1784591700000,2026-07-20T23:55:00Z,333.5,333.5,333.5,333.5,5,1667.5
1784592300000,2026-07-21T00:05:00Z,332.09,332.09,331.63,331.63,60,19914.36
1784592600000,2026-07-21T00:10:00Z,331.54,331.64,331.54,331.64,13,4310.62
1784592900000,2026-07-21T00:15:00Z,331.71,332.64,331.56,332.64,30,9965.08
1784593800000,2026-07-21T00:30:00Z,332.9,335.69,332.9,335.69,48,16050.82
1784594100000,2026-07-21T00:35:00Z,335.72,335.99,335.72,335.99,17,5707.74
1784594400000,2026-07-21T00:40:00Z,336.1,336.1,336.1,336.1,1,336.1
1784594700000,2026-07-21T00:45:00Z,336.49,336.99,336.47,336.99,789,265530.91
1784595000000,2026-07-21T00:50:00Z,336.79,337.05,336.79,337.01,1012,341042.95
1784596200000,2026-07-21T01:10:00Z,338,338,338,338,3,1014
1784596800000,2026-07-21T01:20:00Z,337.4,337.4,337.4,337.4,5,1687
1784597100000,2026-07-21T01:25:00Z,337.4,337.49,337.38,337.38,79,26658.83
1784599500000,2026-07-21T02:05:00Z,338.68,339.11,338.68,339.02,142,48137.74
1784599800000,2026-07-21T02:10:00Z,338.01,338.01,338.01,338.01,11,3718.11
1784600100000,2026-07-21T02:15:00Z,337.39,337.39,336.89,336.89,76,25629.84
1784600400000,2026-07-21T02:20:00Z,337.39,337.39,337.39,337.39,5,1686.95
1784600700000,2026-07-21T02:25:00Z,337.37,337.37,337.37,337.37,5,1686.85
1784601300000,2026-07-21T02:35:00Z,339.37,339.46,339.37,339.46,16,5430.38
1784601600000,2026-07-21T02:40:00Z,338.98,338.98,338.98,338.98,6,2033.88
1784601900000,2026-07-21T02:45:00Z,339.46,339.77,339.46,339.73,94,31930.72
1784602500000,2026-07-21T02:55:00Z,339.58,340,339.58,340,136,46186.82
1784602800000,2026-07-21T03:00:00Z,341.11,341.11,341,341,115,39217.3
1784603100000,2026-07-21T03:05:00Z,341.95,341.95,341.95,341.95,10,3419.5
1784603400000,2026-07-21T03:10:00Z,341.56,342.09,341.49,342.09,83,28352.54
1784603700000,2026-07-21T03:15:00Z,341.92,342.27,341.92,342.27,11,3763.7
1784604000000,2026-07-21T03:20:00Z,342.24,342.26,342.24,342.26,2,684.5
1784604300000,2026-07-21T03:25:00Z,342.37,342.37,342.27,342.27,52,17800.82
1784604900000,2026-07-21T03:35:00Z,342.99,343.51,342.99,343.51,15,5147.45
1784605200000,2026-07-21T03:40:00Z,343.5,344.9,343.5,344.9,28,9625.92
1784605500000,2026-07-21T03:45:00Z,343.77,345.01,343.77,345.01,69,23782.94
1784605800000,2026-07-21T03:50:00Z,345.85,345.85,345.85,345.85,5,1729.25
1784606100000,2026-07-21T03:55:00Z,345.83,345.83,345.82,345.82,2,691.65
1784606700000,2026-07-21T04:05:00Z,344.55,344.73,344.01,344.01,42,14466.04
1784607000000,2026-07-21T04:10:00Z,344.68,344.78,344.01,344.01,169,58252.49
1784607300000,2026-07-21T04:15:00Z,344.02,344.02,344.02,344.02,19,6536.38
1784608200000,2026-07-21T04:30:00Z,345.54,345.55,345.49,345.49,40,13821.86
1784608500000,2026-07-21T04:35:00Z,344.74,344.78,344.74,344.78,12,4137.28
1784608800000,2026-07-21T04:40:00Z,344.69,344.69,344.01,344.01,98,33717.42
1784609700000,2026-07-21T04:55:00Z,344.39,344.47,344.39,344.47,25,8611.39
1784610300000,2026-07-21T05:05:00Z,343.6,344.1,343.57,344.1,227,78088.27
1784610600000,2026-07-21T05:10:00Z,344.45,344.45,343.46,343.46,39,13401.76
1784611500000,2026-07-21T05:25:00Z,343.43,343.5,343.43,343.5,36,12364.72
1784611800000,2026-07-21T05:30:00Z,343.94,343.94,343.51,343.51,17,5841.65
1784612100000,2026-07-21T05:35:00Z,343.51,343.51,343.43,343.5,129,44310.07
1784612400000,2026-07-21T05:40:00Z,343.28,344,343.28,344,31,10656.08
1784612700000,2026-07-21T05:45:00Z,344,344.51,344,344.5,361,124343.56
1784613300000,2026-07-21T05:55:00Z,344.95,345,344.95,345,235,81072.76
1784613600000,2026-07-21T06:00:00Z,345.46,345.5,345.46,345.5,3,1036.46
1784614200000,2026-07-21T06:10:00Z,345.91,347.01,345.89,347.01,204,70750.67
1784614500000,2026-07-21T06:15:00Z,347,348.81,347,348.78,100,34805.35
1784614800000,2026-07-21T06:20:00Z,348.7,348.7,347.84,347.84,121,42114.08
1784615100000,2026-07-21T06:25:00Z,347.09,347.09,346.99,346.99,41,14230.59
1784615400000,2026-07-21T06:30:00Z,346.91,348.71,346.91,348.71,113,39227.63
1784615700000,2026-07-21T06:35:00Z,348.69,348.79,348.01,348.01,153,53283.44
1784616000000,2026-07-21T06:40:00Z,348.77,349.61,348.67,349.46,124,43316.62
1784616600000,2026-07-21T06:50:00Z,348.98,349.35,348.96,349.19,70,24443.23
1784616900000,2026-07-21T06:55:00Z,349.08,349.08,349.08,349.08,1,349.08
1784617200000,2026-07-21T07:00:00Z,348.1,349.4,348.1,349.36,122,42620.87
1784617500000,2026-07-21T07:05:00Z,349.12,349.12,348.55,348.56,21,7327.45
1784617800000,2026-07-21T07:10:00Z,348.11,348.98,347.92,347.99,550,191597.59
1784618100000,2026-07-21T07:15:00Z,348.1,348.1,348.1,348.1,14,4873.4
1784618400000,2026-07-21T07:20:00Z,348.12,348.64,347.66,347.76,440,153249.98
1784618700000,2026-07-21T07:25:00Z,347.14,347.14,347.14,347.14,5,1735.7
1784619900000,2026-07-21T07:45:00Z,348.14,348.14,347.7,348.11,112,38974.54
1784620200000,2026-07-21T07:50:00Z,348.14,348.14,348,348,121,42116
1784620500000,2026-07-21T07:55:00Z,347.99,347.99,347.88,347.89,9,3131.4
1784620800000,2026-07-21T08:00:00Z,335.907,351.001,335.907,350.415,6501.494997,2263269.23117965
1784621100000,2026-07-21T08:05:00Z,350.406,350.578,350.08,350.08,364,127520.5932
1784621400000,2026-07-21T08:10:00Z,350.08,350.08,350.08,350.08,470,164537.6
1784621700000,2026-07-21T08:15:00Z,350.08,350.08,350.08,350.08,231,80868.48
1784622000000,2026-07-21T08:20:00Z,350.08,350.08,350.08,350.08,159,55662.72
1784622300000,2026-07-21T08:25:00Z,350.08,352.572,350.08,352.572,172,60278.1396
1784622600000,2026-07-21T08:30:00Z,352.575,352.59,352.575,352.59,1203.021732,424172.0271163012
1784622900000,2026-07-21T08:35:00Z,352.59,352.59,352.59,352.59,498,175589.82
1784623200000,2026-07-21T08:40:00Z,352.59,352.59,352.59,352.59,133,46894.47
1784623500000,2026-07-21T08:45:00Z,352.59,352.59,352.53,352.53,123,43367.4138
1784623800000,2026-07-21T08:50:00Z,352.525,352.525,352.195,352.195,2197,774307.1648
1784624100000,2026-07-21T08:55:00Z,352.195,352.195,350.06,350.06,742,261084.6462
1784624400000,2026-07-21T09:00:00Z,350.06,351.58,350.06,351.58,143.454861,50251.24796976
1784624700000,2026-07-21T09:05:00Z,351.58,351.58,351.58,351.58,72,25313.76
1784625000000,2026-07-21T09:10:00Z,351.58,352.649,351.58,352.649,165,58010.7
1784625300000,2026-07-21T09:15:00Z,352.65,352.65,352.65,352.65,209,73703.85
1784625600000,2026-07-21T09:20:00Z,352.65,352.65,352.65,352.65,3,1057.95
1784625900000,2026-07-21T09:25:00Z,352.65,352.65,352.65,352.65,37,13048.05
1784626200000,2026-07-21T09:30:00Z,352.65,353.345,352.65,353.345,27,9521.782
1784626500000,2026-07-21T09:35:00Z,352.869,352.869,350.491,350.491,0,0
1784626800000,2026-07-21T09:40:00Z,350.49,350.49,350.49,350.49,24,8411.76
1784627100000,2026-07-21T09:45:00Z,350.49,353.59,350.49,351.048,195,68660.5335
1784627400000,2026-07-21T09:50:00Z,351.053,351.08,351.053,351.08,5,1755.4
1784627700000,2026-07-21T09:55:00Z,351.373,352.84,351.373,352.84,148,52217.9076
1784628000000,2026-07-21T10:00:00Z,352.84,352.84,352.84,352.84,182,64216.88
1784628300000,2026-07-21T10:05:00Z,352.84,352.84,352.592,352.592,11.1567,3936.530028
1784628600000,2026-07-21T10:10:00Z,352.591,353.265,352.59,353.265,80,28231.392
1784628900000,2026-07-21T10:15:00Z,353.265,353.265,353.265,353.265,51,18016.515
1784629200000,2026-07-21T10:20:00Z,353.265,353.265,353.241,353.241,199.88696099999999,70612.02786547
1784629500000,2026-07-21T10:25:00Z,353.24,353.24,353.24,353.24,28,9890.72
1784629800000,2026-07-21T10:30:00Z,353.24,353.254,353.24,353.254,121,42742.3062
1784630100000,2026-07-21T10:35:00Z,353.254,353.255,350.74,350.74,160.003,56480.0033647
1784630400000,2026-07-21T10:40:00Z,350.743,351.5,350.743,351.5,189,66395.2842
1784630700000,2026-07-21T10:45:00Z,351.5,351.5,351.5,351.5,206,72409
1784631000000,2026-07-21T10:50:00Z,351.5,351.5,351.5,351.5,210.430394,73966.283491
1784631300000,2026-07-21T10:55:00Z,351.5,351.5,351.5,351.5,5.05,1775.075
1784631600000,2026-07-21T11:00:00Z,351.5,351.5,351.5,351.5,945.284184,332267.390676
1784631900000,2026-07-21T11:05:00Z,351.5,351.738,350.085,350.091,1027,360238.0171
1784632200000,2026-07-21T11:10:00Z,350.089,350.59,350.086,350.59,514,180201.3582
1784632500000,2026-07-21T11:15:00Z,350.59,351.378,350.59,351.378,13,4557.67
1784632800000,2026-07-21T11:20:00Z,351.398,351.5,351.398,351.5,685.136881,240825.47664412
1784633100000,2026-07-21T11:25:00Z,351.348,351.348,350.086,350.589,477,167263.6752
1784633400000,2026-07-21T11:30:00Z,350.59,350.59,350.59,350.59,126,44174.34
1784633700000,2026-07-21T11:35:00Z,350.59,350.59,350.59,350.59,382.095,133958.68605
1784634000000,2026-07-21T11:40:00Z,350.59,350.59,350.59,350.59,224,78532.16
1784634300000,2026-07-21T11:45:00Z,350.59,350.59,350.59,350.59,205,71870.95
1784634600000,2026-07-21T11:50:00Z,350.59,353.5,350.59,353,147,51894.522
1784634900000,2026-07-21T11:55:00Z,353.307,354.84,353.307,354.343,833,294537.8565
1784635200000,2026-07-21T12:00:00Z,354.341,354.89,354.141,354.89,2853,1011307.4748
1784635500000,2026-07-21T12:05:00Z,354.89,354.89,353.52,354.499,559.00886,198188.03847744
1784635800000,2026-07-21T12:10:00Z,354.5,354.75,354.001,354.75,455,161309.0115
1784636100000,2026-07-21T12:15:00Z,354.75,354.75,354.75,354.75,675,239456.25
1784636400000,2026-07-21T12:20:00Z,354.75,354.75,354.75,354.75,1599,567245.25
1784636700000,2026-07-21T12:25:00Z,354.75,354.75,353.5,353.5,1244,441044.65
1784637000000,2026-07-21T12:30:00Z,353.5,353.5,352.001,353.5,514,181502.909
1784637300000,2026-07-21T12:35:00Z,353.55,354.318,353.55,354.318,174.10913399999998,61601.48305689
1784637600000,2026-07-21T12:40:00Z,354.34,354.45,353.291,353.291,492,174283.9644
1784637900000,2026-07-21T12:45:00Z,353.291,353.8,353.29,353.8,1453,513407.6696
1784638200000,2026-07-21T12:50:00Z,353.8,354.495,353.8,354.489,131,46427.5135
1784638500000,2026-07-21T12:55:00Z,354.49,354.6,354.21,354.21,776,275098.1304
1784638800000,2026-07-21T13:00:00Z,354.6,355.345,354.19,355.104,3460,1228914.2622
1784639100000,2026-07-21T13:05:00Z,355.103,355.103,354.19,355.1,308,109178.869
1784639400000,2026-07-21T13:10:00Z,355.1,355.1,355.1,355.1,378,134227.8
1784639700000,2026-07-21T13:15:00Z,355.1,355.1,355.1,355.1,562,199566.2
1784640000000,2026-07-21T13:20:00Z,355.1,356.022,355.1,356.022,1954.5,694043.53635
1784640300000,2026-07-21T13:25:00Z,358,361.786,356.046,358,4000.297085,1434616.94288055
1784640600000,2026-07-21T13:30:00Z,363.47,365.96,356.65,356.825,185972.18321499997,67167145.67574014
1784640900000,2026-07-21T13:35:00Z,356.4,362.605,356.4,361.52,80059.33717299999,28821593.5543578
1784641200000,2026-07-21T13:40:00Z,361.72,363.71,360.405,362.01,61883.921759,22399157.76992579
1784641500000,2026-07-21T13:45:00Z,363.17,365.17,361.99,365.17,61196.566721,22238905.78229147
1784641800000,2026-07-21T13:50:00Z,365.49,367.18,363.01,363.985,37400.891704,13669079.67525189
1784642100000,2026-07-21T13:55:00Z,363.38,365.4,361.785,365.255,40408.386469,14688496.97154526
1784642400000,2026-07-21T14:00:00Z,366.99,367.201,363.85,364.35,53692.95630499999,19635605.39876421
1784642700000,2026-07-21T14:05:00Z,364.61,365.93,363.2,363.54,55142.64301100001,20113455.49471989
1784643000000,2026-07-21T14:10:00Z,363.443,366.22,362.43,366.14,21778.241541,7912016.5149426255
1784643300000,2026-07-21T14:15:00Z,366.155,367,363.775,365.725,42366.581086,15466492.37428896
1784643600000,2026-07-21T14:20:00Z,365.23,366.235,364.18,365.07,26184.648512,9560085.87028218
1784643900000,2026-07-21T14:25:00Z,364.98,368.877,364.54,368.86,42232.383873000006,15506219.43882295
1784644200000,2026-07-21T14:30:00Z,369.47,371.745,368.37,371.4,74236.936281,27466656.80163658
1784644500000,2026-07-21T14:35:00Z,371.63,372.485,369.71,370.24,59155.750371999995,21966831.27181307
1784644800000,2026-07-21T14:40:00Z,369.98,372.439,369.771,372.28,33987.170923,12603313.04982403
1784645100000,2026-07-21T14:45:00Z,372.68,373.054,370.901,371.2,46630.984094,17343051.56142139
1784645400000,2026-07-21T14:50:00Z,371.235,371.461,370.23,371.11,35952.551742,13335326.34836323
1784645700000,2026-07-21T14:55:00Z,371.21,371.815,370.696,371.815,27236.830526,10112512.2271577
1784646000000,2026-07-21T15:00:00Z,371.46,371.763,370.93,371.45,27245.518278,10119097.19507414
1784646300000,2026-07-21T15:05:00Z,371.82,374.261,371.19,374.06,40750.119739,15207712.41091229
1784646600000,2026-07-21T15:10:00Z,374.31,376.205,374.17,376.04,40975.591498,15375480.17331118
1784646900000,2026-07-21T15:15:00Z,376.19,376.56,374.96,375.259,30862.036961,11609760.041617317
1784647200000,2026-07-21T15:20:00Z,375.266,375.7,374.16,375.409,34119.527271000002,12784295.2247066573494704
1784647500000,2026-07-21T15:25:00Z,375.135,377.011,375.135,375.364,16380.216543,6159351.5295207892
1784647800000,2026-07-21T15:30:00Z,375.07,375.361,374.154,374.78,33251.050587000005,12452934.08296384
1784648100000,2026-07-21T15:35:00Z,374.64,375.8,373.31,373.57,32194.064288,12061245.41357847
1784648400000,2026-07-21T15:40:00Z,373.625,373.625,372.3,372.63,26448.975411000003,9864319.94277016
1784648700000,2026-07-21T15:45:00Z,372.83,373.79,372.622,373.79,18617.179496,6946330.31047054
1784649000000,2026-07-21T15:50:00Z,373.91,374.122,373.364,373.38,23756.066791,8880633.04860569
1784649300000,2026-07-21T15:55:00Z,373.52,373.549,372.525,372.61,20367.005193,7594913.26408424
1784649600000,2026-07-21T16:00:00Z,372.45,373.878,372.45,373.69,12893.831733,4809489.49323113
1784649900000,2026-07-21T16:05:00Z,374.19,374.576,373.868,374.06,27415.738002000002,10258223.45227475
1784650200000,2026-07-21T16:10:00Z,374.43,374.679,373.784,373.83,18420.104688,6892937.64101382
1784650500000,2026-07-21T16:15:00Z,374.14,375.47,373.87,374.58,23349.958528000003,8748472.92178529
1784650800000,2026-07-21T16:20:00Z,374.635,375.93,374.586,375.42,17924.86398,6728350.43547512
1784651100000,2026-07-21T16:25:00Z,375.64,375.65,374.35,374.6,14789.908176,5545727.49903019
1784651400000,2026-07-21T16:30:00Z,374.737,375.569,374.372,374.88,15265.611883,5723712.2068565372
1784651700000,2026-07-21T16:35:00Z,375.38,376.325,374.882,376.12,14681.030772,5517617.30623615
1784652000000,2026-07-21T16:40:00Z,376.18,376.427,375.989,376.1,16344.640944,6148796.7168895
1784652300000,2026-07-21T16:45:00Z,376.1,376.405,375.558,376.255,14301.473898,5377766.06809626
1784652600000,2026-07-21T16:50:00Z,376.36,377.552,376.345,377.52,21523.169038,8115280.75334125
1784652900000,2026-07-21T16:55:00Z,377.28,377.58,375.671,375.91,24141.050429,9091454.41072524
1784653200000,2026-07-21T17:00:00Z,376.52,377.108,375.773,376.89,15456.289807000001,5819008.71660305
1784653500000,2026-07-21T17:05:00Z,377.09,379.05,376.739,377.63,49398.749361999995,18685146.1044256
1784653800000,2026-07-21T17:10:00Z,377.46,377.968,376.528,376.97,21225.295003,8003636.36226074
1784654100000,2026-07-21T17:15:00Z,376.695,377.65,376.695,376.91,19189.929009,7238356.78650716
1784654400000,2026-07-21T17:20:00Z,376.71,377.29,376.54,376.54,17087.825958999998,6440434.07081642
1784654700000,2026-07-21T17:25:00Z,376.54,376.9,376.403,376.9,16808.795995,6330609.42985768
1784655000000,2026-07-21T17:30:00Z,377.05,377.54,376.808,376.99,27371.124991999997,10323936.72342003
1784655300000,2026-07-21T17:35:00Z,376.96,378.07,376.94,377.44,21355.350181999998,8063601.1631299418451914
1784655600000,2026-07-21T17:40:00Z,377.44,377.822,377.146,377.682,18621.298895,7027232.8040291988
1784655900000,2026-07-21T17:45:00Z,377.68,378.778,377.68,378.67,25403.476581000003,9610277.45006115
1784656200000,2026-07-21T17:50:00Z,378.78,379.172,378.555,378.695,25721.714806999997,9743755.96158482
1784656500000,2026-07-21T17:55:00Z,378.69,378.706,377.986,378.06,25795.482221,9762179.00777101
1784656800000,2026-07-21T18:00:00Z,378.07,378.666,377.69,377.69,24775.856832999998,9369859.89397379
1784657100000,2026-07-21T18:05:00Z,377.7,378.627,377.645,378.235,26245.454506999995,9925193.66454862
1784657400000,2026-07-21T18:10:00Z,378.33,378.855,377.852,377.865,43007.320876000005,16273531.54480547
1784657700000,2026-07-21T18:15:00Z,378.01,378.31,377.769,378.18,27116.823132,10252428.82199215
1784658000000,2026-07-21T18:20:00Z,378.19,378.69,378.06,378.58,25973.018572,9824273.49644414
1784658300000,2026-07-21T18:25:00Z,378.685,378.685,377.56,377.99,30297.126593,11453643.89601143
1784658600000,2026-07-21T18:30:00Z,378.05,378.223,377.526,377.85,26731.218698,10098867.30557351
1784658900000,2026-07-21T18:35:00Z,378.12,378.909,377.845,378.46,19789.945291,7489609.68208899
1784659200000,2026-07-21T18:40:00Z,378.31,378.78,378.294,378.62,14636.119304,5540617.12425977
1784659500000,2026-07-21T18:45:00Z,378.62,378.76,377.74,378.208,19518.944698999999,7385333.2059725247213824
1784659800000,2026-07-21T18:50:00Z,378.209,378.95,378.07,378.202,19716.388787,7464745.3080182337
1784660100000,2026-07-21T18:55:00Z,377.97,378.61,377.936,378.47,22116.822963,8364602.34974727
1784660400000,2026-07-21T19:00:00Z,378.81,378.82,377.6,378.435,25526.871432,9651176.57682627
1784660700000,2026-07-21T19:05:00Z,378.22,378.81,376.657,376.67,28320.63001,10705331.25074105
1784661000000,2026-07-21T19:10:00Z,376.4,376.716,375.95,376.21,27033.617671,10174180.4079721
1784661300000,2026-07-21T19:15:00Z,376.67,377.129,376.243,376.6,23001.626652,8665481.01413858
1784661600000,2026-07-21T19:20:00Z,376.59,376.693,375.429,375.72,28062.387747,10555953.38738907
1784661900000,2026-07-21T19:25:00Z,375.16,375.42,373.651,373.72,37974.595708999994,14218949.39002714
1784662200000,2026-07-21T19:30:00Z,373.585,373.96,371.84,372.28,62634.59414999999,23348949.06107466
1784662500000,2026-07-21T19:35:00Z,372.14,373.05,372.02,372.83,37835.319841,14092559.41649711
1784662800000,2026-07-21T19:40:00Z,372.67,373.691,372.42,373.615,35429.419097,13213802.20466195
1784663100000,2026-07-21T19:45:00Z,373.585,374.36,373.45,373.84,51445.022744999995,19227309.73682547
1784663400000,2026-07-21T19:50:00Z,373.74,375.78,372.68,375.09,112963.73887100001,42360837.25793065
1784663700000,2026-07-21T19:55:00Z,374.24,374.44,373.91,374.095,4582,1714414.28
1784664000000,2026-07-21T20:00:00Z,374.127,375.5,374.11,374.126,971007.649569,363337986.9623061788
1784664300000,2026-07-21T20:05:00Z,374.125,375.654,374.125,375.654,155,57993.8235
1784664600000,2026-07-21T20:10:00Z,375.655,375.655,374.315,374.315,3909.8111980000003,1463513.09899408
1784664900000,2026-07-21T20:15:00Z,374.315,375.265,373.973,375.265,10514.657383,3945776.6288370652
1784665200000,2026-07-21T20:20:00Z,375.265,375.265,373.925,374.95,2777,1041634.0941
1784665500000,2026-07-21T20:25:00Z,374.95,374.95,374.95,374.95,227.2652,85213.08674
1784665800000,2026-07-21T20:30:00Z,374.741,374.741,373.695,373.695,218,81468.6492
1784666100000,2026-07-21T20:35:00Z,373.695,373.695,373.695,373.695,129,48206.655
1784666400000,2026-07-21T20:40:00Z,373.695,373.695,373.695,373.695,147,54933.165
1784666700000,2026-07-21T20:45:00Z,373.695,373.695,373.515,373.515,2315,864701.8095
1784667000000,2026-07-21T20:50:00Z,373.515,373.515,373.515,373.515,772,288353.58
1784667300000,2026-07-21T20:55:00Z,373.515,373.515,373.406,373.406,42,15686.6262
1784667600000,2026-07-21T21:00:00Z,373.405,373.405,373.405,373.405,353,131811.965
1784667900000,2026-07-21T21:05:00Z,373.405,373.405,373.405,373.405,658,245700.49
1784668200000,2026-07-21T21:10:00Z,373.405,374.925,373.405,374.925,233,87014.2927
1784668500000,2026-07-21T21:15:00Z,374.925,375.368,374.925,374.925,208,78014.456
1784668800000,2026-07-21T21:20:00Z,374.925,374.925,374.925,374.925,76,28494.3
1784669100000,2026-07-21T21:25:00Z,374.925,375.975,374.925,375.975,323,121271.319
1784669400000,2026-07-21T21:30:00Z,375.975,375.975,375.975,375.975,20,7519.5
1784669700000,2026-07-21T21:35:00Z,375.975,375.975,375.975,375.975,79,29702.025
1784670000000,2026-07-21T21:40:00Z,375.975,375.975,375.975,375.975,26,9775.35
1784670300000,2026-07-21T21:45:00Z,375.975,375.975,375.975,375.975,15,5639.625
1784670600000,2026-07-21T21:50:00Z,375.975,375.975,375.975,375.975,288,108280.8
1784670900000,2026-07-21T21:55:00Z,375.975,375.975,375.975,375.975,141,53012.475
1784671200000,2026-07-21T22:00:00Z,375.975,375.975,375.259,375.259,191.951646,72142.16606957
1784671500000,2026-07-21T22:05:00Z,375.22,375.22,374.976,374.976,8,3000.0536
1784671800000,2026-07-21T22:10:00Z,374.975,374.975,374.526,374.526,12,4499.7
1784672100000,2026-07-21T22:15:00Z,374.525,374.525,374.525,374.525,48,17977.2
1784672400000,2026-07-21T22:20:00Z,374.525,374.525,374.525,374.525,10,3745.25
1784672700000,2026-07-21T22:25:00Z,374.525,374.525,372.953,372.953,116.67,43681.808016
1784673000000,2026-07-21T22:30:00Z,372.952,372.952,372.95,372.95,1637,610519.15
1784673300000,2026-07-21T22:35:00Z,372.95,372.95,372.95,372.95,16,5967.2
1784673600000,2026-07-21T22:40:00Z,372.95,373.09,372.95,373.09,34,12684.9206
1784673900000,2026-07-21T22:45:00Z,373.09,373.09,373.09,373.09,82,30593.38
1784674200000,2026-07-21T22:50:00Z,373.09,373.09,373.09,373.09,25,9327.25
1784674500000,2026-07-21T22:55:00Z,373.09,373.09,373.09,373.09,20,7461.8
1784674800000,2026-07-21T23:00:00Z,373.09,373.09,373.09,373.09,1,373.09
1784675100000,2026-07-21T23:05:00Z,373.09,373.09,373.09,373.09,13,4850.17
1784675400000,2026-07-21T23:10:00Z,373.09,373.09,373.09,373.09,16,5969.44
1784675700000,2026-07-21T23:15:00Z,373.09,373.29,373.09,373.29,34,12685.094
1784676000000,2026-07-21T23:20:00Z,373.29,373.29,373.29,373.29,27,10078.83
1784676300000,2026-07-21T23:25:00Z,373.29,373.29,373.29,373.29,38,14185.02
1784676600000,2026-07-21T23:30:00Z,373.29,373.59,373.29,373.59,52.955458,19769.82936187
1784676900000,2026-07-21T23:35:00Z,373.59,373.59,373.59,373.59,71.034284,26537.69815956
1784677200000,2026-07-21T23:40:00Z,373.59,373.59,373.59,373.59,126,47072.34
1784677500000,2026-07-21T23:45:00Z,373.59,373.59,373.59,373.59,26,9713.34
1784677800000,2026-07-21T23:50:00Z,373.59,373.59,373.59,373.59,37,13822.83
1784678100000,2026-07-21T23:55:00Z,373.59,373.59,373.59,373.59,86,32128.74
1784678700000,2026-07-22T00:05:00Z,374.31,374.31,374.3,374.3,5,1871.53
1784679000000,2026-07-22T00:10:00Z,374.14,376.93,374.07,376.93,30,11282.56
1784679300000,2026-07-22T00:15:00Z,376.93,378.85,375.09,377.8,310,117308.12
1784679600000,2026-07-22T00:20:00Z,378,378.01,377.8,377.8,56,21161.91
1784679900000,2026-07-22T00:25:00Z,375.97,376.97,375.16,375.16,72,27078.08
1784680200000,2026-07-22T00:30:00Z,375.09,375.09,374.06,374.06,77,28843.89
1784680500000,2026-07-22T00:35:00Z,374.12,374.53,374.12,374.53,20,7488.05
1784680800000,2026-07-22T00:40:00Z,374.13,374.13,374.03,374.05,44,16459.92
1784681100000,2026-07-22T00:45:00Z,373.42,373.42,372.87,373,91,33948.27
1784681400000,2026-07-22T00:50:00Z,373.24,373.24,373,373,6,2238.7
1784682000000,2026-07-22T01:00:00Z,373.01,373.01,371.99,371.99,269,100303.87
1784682300000,2026-07-22T01:05:00Z,371.95,373.13,371.67,372.01,301,112166.59
1784682600000,2026-07-22T01:10:00Z,371.99,372.12,371.69,371.69,336,124897
1784682900000,2026-07-22T01:15:00Z,372.14,372.14,372.13,372.13,12,4465.63
1784683200000,2026-07-22T01:20:00Z,372.07,372.32,372.04,372.32,222,82646.55
1784683800000,2026-07-22T01:30:00Z,371.8,371.8,371.5,371.58,13,4831.48
1784684100000,2026-07-22T01:35:00Z,371.51,371.51,371.21,371.21,7,2599.37
1784684400000,2026-07-22T01:40:00Z,371.99,371.99,371.53,371.53,68,25287.76
1784685000000,2026-07-22T01:50:00Z,372.09,372.09,372.09,372.09,25,9302.25
1784685300000,2026-07-22T01:55:00Z,373.01,373.01,373.01,373.01,8,2984.08
1784685600000,2026-07-22T02:00:00Z,374.04,374.05,372,372,110,41033.03
1784685900000,2026-07-22T02:05:00Z,372.47,372.47,371.6,371.6,127,47259.32
1784686800000,2026-07-22T02:20:00Z,371.58,371.87,371.52,371.87,108,40145.9
1784687100000,2026-07-22T02:25:00Z,371.87,371.87,371.51,371.51,30,11151.06
1784687400000,2026-07-22T02:30:00Z,371.51,371.68,371.21,371.21,87,32309.89
1784687700000,2026-07-22T02:35:00Z,371.21,371.25,370.34,370.35,209,77556.47
1784688000000,2026-07-22T02:40:00Z,370.25,370.47,370.25,370.47,59,21852.22
1784688300000,2026-07-22T02:45:00Z,370.53,370.53,369.04,369.1,65,24052.84
1784688600000,2026-07-22T02:50:00Z,370,370,369.26,369.26,7,2587.43
1784688900000,2026-07-22T02:55:00Z,369.6,369.97,368.52,368.52,176,64977.52
1784689200000,2026-07-22T03:00:00Z,368.55,368.64,367.7,368.64,919,338270.72
1784689500000,2026-07-22T03:05:00Z,368.64,368.79,367.51,367.51,139,51161.48
1784689800000,2026-07-22T03:10:00Z,367.5,367.5,367.09,367.34,94,34528.66
1784690100000,2026-07-22T03:15:00Z,367.28,367.28,367.26,367.26,18,6610.8
1784690400000,2026-07-22T03:20:00Z,367.61,367.99,367.35,367.35,97,35679.7
1784691000000,2026-07-22T03:30:00Z,369.09,369.09,367.29,368.24,403,148279.09
1784691300000,2026-07-22T03:35:00Z,367.61,368.78,367.52,367.6,336,123780.83
1784691600000,2026-07-22T03:40:00Z,367.63,368.19,367.31,367.31,541,198771.14
1784691900000,2026-07-22T03:45:00Z,367.38,367.38,367.35,367.35,6,2204.25
1784692200000,2026-07-22T03:50:00Z,367.29,367.8,366.2,366.2,228,83702.33
1784692500000,2026-07-22T03:55:00Z,365.73,367.48,365.21,366.9,36,13167.21
1784692800000,2026-07-22T04:00:00Z,365.42,365.42,365.39,365.39,24,8769.82
1784693100000,2026-07-22T04:05:00Z,365.93,367.69,365.93,366.11,221,81038.33
1784693400000,2026-07-22T04:10:00Z,366.11,366.11,365.4,365.41,102,37317.74
1784693700000,2026-07-22T04:15:00Z,365.69,365.69,365.5,365.51,36,13163.01
1784694000000,2026-07-22T04:20:00Z,366.95,366.99,366.95,366.99,43,15780.19
1784694300000,2026-07-22T04:25:00Z,366.1,366.1,366,366,4,1464.11
1784694600000,2026-07-22T04:30:00Z,366.11,366.11,366.11,366.11,21,7688.31
1784694900000,2026-07-22T04:35:00Z,367.63,367.79,366.12,366.95,44,16157.72
1784695200000,2026-07-22T04:40:00Z,366.95,366.95,366.21,366.47,29,10623.99
1784695500000,2026-07-22T04:45:00Z,366.46,366.46,366.46,366.46,2,732.92
1784696100000,2026-07-22T04:55:00Z,366.7,366.7,366.22,366.22,5,1832.33
1784696400000,2026-07-22T05:00:00Z,366.25,366.5,366,366,41,15014.53
1784696700000,2026-07-22T05:05:00Z,365.99,366.1,365.39,365.39,86,31446.7
1784697000000,2026-07-22T05:10:00Z,365.41,365.41,364.01,364.01,280,102109.12
1784697600000,2026-07-22T05:20:00Z,364.2,364.2,363.85,363.85,18,6551.08
1784697900000,2026-07-22T05:25:00Z,363.86,364.3,363.86,364.07,175,63701.64
1784698200000,2026-07-22T05:30:00Z,364.1,364.99,363.84,364.99,100,36437.58
1784698800000,2026-07-22T05:40:00Z,364.4,364.99,363.93,364.91,251,91453.71
1784699100000,2026-07-22T05:45:00Z,364.1,364.1,361.82,362.27,121,43943.03
1784699400000,2026-07-22T05:50:00Z,362.52,362.91,362.33,362.91,256,92851.82
1784699700000,2026-07-22T05:55:00Z,362.77,364.71,362.77,363.26,931,339131.28
1784700000000,2026-07-22T06:00:00Z,362.62,363.09,362.62,362.88,84,30481.01
1784700300000,2026-07-22T06:05:00Z,362.68,362.77,361.14,361.3,325,117694.84
1784700600000,2026-07-22T06:10:00Z,361.27,361.27,361.08,361.08,128,46235.61
1784700900000,2026-07-22T06:15:00Z,361,361.01,360.04,360.04,58,20915.06
1784701200000,2026-07-22T06:20:00Z,360.29,360.29,359.03,359.04,186,66913.5
1784701500000,2026-07-22T06:25:00Z,358.75,360.75,358.75,358.76,54,19471.47
1784701800000,2026-07-22T06:30:00Z,360.5,361.14,358.71,361,211,75887.02
1784702100000,2026-07-22T06:35:00Z,359.62,361.27,359.62,361.27,104,37561.1
1784702400000,2026-07-22T06:40:00Z,361.93,362.93,361.11,362.11,966,350037.85
1784702700000,2026-07-22T06:45:00Z,362.03,362.03,360.09,360.9,193,69632.45
1784703000000,2026-07-22T06:50:00Z,360.11,360.85,360.1,360.12,126,45400.2
1784703300000,2026-07-22T06:55:00Z,360.16,360.16,360.16,360.16,6,2160.96
1784703600000,2026-07-22T07:00:00Z,361.14,361.8,361,361.7,226,81618.97
1784703900000,2026-07-22T07:05:00Z,361.59,361.59,360.99,360.99,23,8314.17
1784704200000,2026-07-22T07:10:00Z,364.42,364.99,364.42,364.99,135,49225.35
1784704500000,2026-07-22T07:15:00Z,363.89,363.89,363.89,363.89,10,3638.9
1784704800000,2026-07-22T07:20:00Z,363.92,363.92,363.92,363.92,1,363.92
1784705100000,2026-07-22T07:25:00Z,363.21,363.21,363,363,21,7624.5
1784705400000,2026-07-22T07:30:00Z,363.02,363.02,363.02,363.02,1,363.02
1784705700000,2026-07-22T07:35:00Z,362.49,362.49,362.49,362.49,1,362.49
1784706300000,2026-07-22T07:45:00Z,361.89,361.89,360.75,360.75,305,110045.25
1784706600000,2026-07-22T07:50:00Z,360.97,360.97,360.97,360.97,25,9024.25
1784706900000,2026-07-22T07:55:00Z,361.2,362.79,361.2,362.79,20,7227.21
1784707200000,2026-07-22T08:00:00Z,373.59,373.59,361.128,361.501,8368.895024,3054929.55241181
1784707500000,2026-07-22T08:05:00Z,361.5,361.505,361.5,361.505,834,301493.502
1784707800000,2026-07-22T08:10:00Z,361.505,361.505,360.543,360.543,699,252691.995
1784708100000,2026-07-22T08:15:00Z,360.542,360.542,360.5,360.5,255,91936.8585
1784708400000,2026-07-22T08:20:00Z,360.5,360.5,360.5,360.5,306,110313
1784708700000,2026-07-22T08:25:00Z,360.5,360.545,360.5,360.545,93,33527.1045
1784709000000,2026-07-22T08:30:00Z,360.545,362.947,360.545,362.947,89.416263,32240.99184081
1784709300000,2026-07-22T08:35:00Z,362.956,362.996,360.545,360.55,51,18389.9574
1784709600000,2026-07-22T08:40:00Z,360.55,360.55,360.55,360.55,75,27041.25
1784709900000,2026-07-22T08:45:00Z,360.55,360.55,360.55,360.55,29,10455.95
1784710200000,2026-07-22T08:50:00Z,360.55,360.55,360.55,360.55,22,7932.1
1784710500000,2026-07-22T08:55:00Z,360.55,361,360.55,361,71,25621.5499
1784710800000,2026-07-22T09:00:00Z,361,361,361,361,68.009234,24551.333474
1784711100000,2026-07-22T09:05:00Z,361,361,361,361,162.222217,58562.220337
1784711400000,2026-07-22T09:10:00Z,361,363.942,361,363.942,150.224656,54308.70687329
1784711700000,2026-07-22T09:15:00Z,363.943,363.945,363.943,363.945,71,25840.0524
1784712000000,2026-07-22T09:20:00Z,363.945,363.945,363.945,363.945,0,0
1784712300000,2026-07-22T09:25:00Z,363.945,363.945,361,361,399,144886.1967
1784712600000,2026-07-22T09:30:00Z,361,363,361,363,32,11613.9808
1784712900000,2026-07-22T09:35:00Z,363,363,363,363,5,1815
1784713200000,2026-07-22T09:40:00Z,363,363,360.5,360.5,833,301300.7648
1784713500000,2026-07-22T09:45:00Z,360.5,360.5,360.5,360.5,367,132303.5
1784713800000,2026-07-22T09:50:00Z,360.5,360.5,360.5,360.5,102,36771
1784714100000,2026-07-22T09:55:00Z,360.5,360.5,360.5,360.5,304,109592
1784714400000,2026-07-22T10:00:00Z,360.5,360.5,360.5,360.5,1721,620420.5
1784714700000,2026-07-22T10:05:00Z,360.5,360.5,360.5,360.5,404,145642
1784715000000,2026-07-22T10:10:00Z,360.5,360.5,360.5,360.5,232,83636
1784715300000,2026-07-22T10:15:00Z,360.5,360.5,359.5,359.5,457.277399,164486.29291175
1784715600000,2026-07-22T10:20:00Z,359.5,361.185,359.5,361.185,885.20806,318953.29953487
1784715900000,2026-07-22T10:25:00Z,361.185,362.649,361.185,362.649,252,91248.9732
1784716200000,2026-07-22T10:30:00Z,362.649,362.65,362.649,362.65,8,2901.1976
1784716500000,2026-07-22T10:35:00Z,362.65,362.65,361.801,361.801,229,83002.4698
1784716800000,2026-07-22T10:40:00Z,361.8,361.8,361.185,361.185,45,16271.163
1784717100000,2026-07-22T10:45:00Z,361.185,361.185,361.185,361.185,8,2889.48
1784717400000,2026-07-22T10:50:00Z,361.185,362.082,361.185,362.082,21,7584.885
1784717700000,2026-07-22T10:55:00Z,362.083,362.085,362.083,362.085,193,69882.3857
1784718000000,2026-07-22T11:00:00Z,362.085,363.471,362.085,362.896,11603,4206545.8185
1784718300000,2026-07-22T11:05:00Z,362.88,362.88,362.8,362.8,625,226750.0625
1784718600000,2026-07-22T11:10:00Z,362.8,362.8,362.8,362.8,791,286974.8
1784718900000,2026-07-22T11:15:00Z,362.8,363.735,360.851,362.001,303,109815.8355
1784719200000,2026-07-22T11:20:00Z,362,362.428,362,362,297,107516.7324
1784719500000,2026-07-22T11:25:00Z,362,362,362,362,57,20634
1784719800000,2026-07-22T11:30:00Z,362,362.102,362,362,453,163994.7688
1784720100000,2026-07-22T11:35:00Z,362,362,362,362,527.002,190774.724
1784720400000,2026-07-22T11:40:00Z,360.79,362,360.125,360.79,1192,430809.5408
1784720700000,2026-07-22T11:45:00Z,361,361,360.125,361,653,235436.7339
1784721000000,2026-07-22T11:50:00Z,360.863,361.583,359.026,359.026,168,60558.4896
1784721300000,2026-07-22T11:55:00Z,359.026,362.424,359.026,362.272,36,12988.3608
1784721600000,2026-07-22T12:00:00Z,362.271,362.271,361.116,361.116,107,38673.7697
1784721900000,2026-07-22T12:05:00Z,361.115,361.115,361.115,361.115,284,102556.66
1784722200000,2026-07-22T12:10:00Z,361.115,361.115,361.115,361.115,503,181640.845
1784722500000,2026-07-22T12:15:00Z,361.115,361.115,361.115,361.115,315.003263,113752.40331825
1784722800000,2026-07-22T12:20:00Z,361.115,361.115,357.101,360.55,839,302158.2151
1784723100000,2026-07-22T12:25:00Z,360.142,360.142,358.1,358.1,176.25604199999998,63117.41201943
1784723400000,2026-07-22T12:30:00Z,358.1,359.1,358.1,359.1,453,162418.8465
1784723700000,2026-07-22T12:35:00Z,359.092,359.092,359.05,359.05,242,86891.2374
1784724000000,2026-07-22T12:40:00Z,359.05,359.05,359.05,359.05,2,718.1
1784724300000,2026-07-22T12:45:00Z,359.05,359.05,359.05,359.05,177.026867,63561.49659635
1784724600000,2026-07-22T12:50:00Z,359.05,359.05,359.05,359.05,118,42367.9
1784724900000,2026-07-22T12:55:00Z,357,359.05,356.99,356.99,818,293610.6296
1784725200000,2026-07-22T13:00:00Z,357.525,357.525,357.525,357.525,506,180907.65
1784725500000,2026-07-22T13:05:00Z,357.525,359.698,357.084,359.643,343,122993.1115
1784725800000,2026-07-22T13:10:00Z,359.72,360.999,359.72,360.999,188,67696.92
1784726100000,2026-07-22T13:15:00Z,361,361.945,361,361.945,464,167745.048
1784726400000,2026-07-22T13:20:00Z,361.622,361.622,360.9,360.9,80,28879.256
1784726700000,2026-07-22T13:25:00Z,360.917,362.388,360.9,360.9,561.413318,203157.40227536
1784727000000,2026-07-22T13:30:00Z,361.5,368.57,360.9,367.36,57231.47715700001,20807899.96846998
1784727300000,2026-07-22T13:35:00Z,367.45,368.189,364.172,366.13,37211.953068,13632212.00214989
1784727600000,2026-07-22T13:40:00Z,366.7,369.909,366.7,369.54,10140.743673,3733483.11955992
1784727900000,2026-07-22T13:45:00Z,369.535,370.895,366.838,366.838,26698.639268,9857680.2841461938
1784728200000,2026-07-22T13:50:00Z,366.695,370.675,365.85,370.599,15924.17202,5880267.486300168
1784728500000,2026-07-22T13:55:00Z,370.642,372.251,370.527,371.633,5636.978596,2095347.0854641976
1784728800000,2026-07-22T14:00:00Z,371.865,371.865,368.545,369.63,19179.569739,7103951.52293979
1784729100000,2026-07-22T14:05:00Z,369.59,370.183,368.64,368.815,8088.200580999999,2987889.67650919
1784729400000,2026-07-22T14:10:00Z,368.27,370.792,368.105,369.52,10347.790357,3824326.0123497
1784729700000,2026-07-22T14:15:00Z,368.7,371.067,368.7,371.06,15190.520944000002,5607839.04533365
1784730000000,2026-07-22T14:20:00Z,370.6,372.164,369.483,370.01,9168.445248,3403684.44542227
1784730300000,2026-07-22T14:25:00Z,370.4,371.059,369.918,370.61,7577.922621,2808619.10128195
1784730600000,2026-07-22T14:30:00Z,371.22,371.955,369.839,370.36,15945.823186,5921317.19814228
1784730900000,2026-07-22T14:35:00Z,369.88,371.195,369.62,369.9,11606.878407,4298724.64750436
1784731200000,2026-07-22T14:40:00Z,370.3,370.714,368.58,369.09,13148.343982,4863064.91286409
1784731500000,2026-07-22T14:45:00Z,369.11,371.14,369.1,370.33,12045.119322,4459747.58688813
1784731800000,2026-07-22T14:50:00Z,370.62,371.291,369.596,370.43,15373.580235000001,5693630.03776063
1784732100000,2026-07-22T14:55:00Z,369.47,370.631,369.112,370,8876.238216000002,3282656.57347984
1784732400000,2026-07-22T15:00:00Z,370.629,373.18,370.622,372.874,5507.096901,2045027.2610268469
1784732700000,2026-07-22T15:05:00Z,372.945,373.73,372.333,373.26,13315.030266999998,4968530.17419158
1784733000000,2026-07-22T15:10:00Z,373.66,374.755,373.382,374.53,14147.727207,5292015.3674599
1784733300000,2026-07-22T15:15:00Z,374.83,374.99,374.108,374.91,10245.903717,3837808.15527669
1784733600000,2026-07-22T15:20:00Z,374.84,375.491,374.2,374.7,16590.987933,6218197.75406442
1784733900000,2026-07-22T15:25:00Z,375.395,376.236,374.32,374.32,15893.437958,5968094.02860711
1784734200000,2026-07-22T15:30:00Z,375.025,375.304,374.178,374.68,17999.211789,6742646.92993253
1784734500000,2026-07-22T15:35:00Z,374.68,374.777,372.452,372.67,18173.937895000003,6796965.53782811
1784734800000,2026-07-22T15:40:00Z,372.32,373.031,372.092,372.29,11900.589981999998,4434396.64903384
1784735100000,2026-07-22T15:45:00Z,372.87,373.059,371.99,372.24,11217.475588,4179307.21904431
1784735400000,2026-07-22T15:50:00Z,372.26,373.15,371.647,371.8,16300.994648,6075046.53491932
1784735700000,2026-07-22T15:55:00Z,371.28,372.16,370.799,372.16,22461.944299999996,8340371.49236616
1784736000000,2026-07-22T16:00:00Z,372.24,372.298,371.35,371.52,15219.002418,5657318.67753661
1784736300000,2026-07-22T16:05:00Z,371.56,372.356,371.541,372.303,7514.5227139999995,2796438.9144560230139688
1784736600000,2026-07-22T16:10:00Z,372.314,372.513,372.055,372.416,7911.602077,2945068.4464750388
1784736900000,2026-07-22T16:15:00Z,372.377,372.69,372.08,372.487,12164.325874,4531004.9099500292
1784737200000,2026-07-22T16:20:00Z,371.94,372.486,371.22,371.22,12251.892143000001,4558347.10153351
1784737500000,2026-07-22T16:25:00Z,371.52,372.305,370.92,372.205,14972.617444,5560888.51190963
1784737800000,2026-07-22T16:30:00Z,372.22,373.81,372.22,373.81,12458.373732,4645308.9633054
1784738100000,2026-07-22T16:35:00Z,374.08,374.319,373.32,373.32,8352.658975999999,3122530.46781322
1784738400000,2026-07-22T16:40:00Z,373.12,373.739,372.016,372.05,9037.136522,3370353.07276999
1784738700000,2026-07-22T16:45:00Z,371.74,372.164,370.878,371.51,11298.932567,4198838.13727337
1784739000000,2026-07-22T16:50:00Z,371.46,372.079,371.317,371.46,4829.74945,1795466.11968673
1784739300000,2026-07-22T16:55:00Z,372.07,372.897,371.785,372.515,6692.163128,2493362.79214868
1784739600000,2026-07-22T17:00:00Z,372.87,373.311,372.63,372.89,12325.902672,4597592.51141268
1784739900000,2026-07-22T17:05:00Z,373.09,373.6,372.887,373.545,8708.792491,3251688.06941033
1784740200000,2026-07-22T17:10:00Z,373.12,373.53,372.525,372.56,12501.311695,4664463.16688384
1784740500000,2026-07-22T17:15:00Z,372.645,372.769,371.48,372.295,16282.484586999999,6059469.650356
1784740800000,2026-07-22T17:20:00Z,371.77,373.01,371.45,373.01,11739.538935,4369336.64830986
1784741100000,2026-07-22T17:25:00Z,372.51,373.339,372.15,372.81,9921.59865,3697431.56874239
1784741400000,2026-07-22T17:30:00Z,372.88,373.065,371.777,372.56,7385.0432599999995,2752775.61366933
1784741700000,2026-07-22T17:35:00Z,372.73,373.332,372.104,373.155,6954.262921,2592431.68990544
1784742000000,2026-07-22T17:40:00Z,373,373.367,373,373.16,9496.163117,3543825.63281765
1784742300000,2026-07-22T17:45:00Z,372.98,373.235,372.201,372.365,9586.053737000002,3575509.85220662
1784742600000,2026-07-22T17:50:00Z,372.19,372.44,371.67,371.67,6703.081888,2494529.13414078
1784742900000,2026-07-22T17:55:00Z,371.99,372.72,371.537,372.4,10676.991574,3974890.21432153
1784743200000,2026-07-22T18:00:00Z,373.6,373.653,372.26,372.66,14012.746067000002,5226971.48055504
1784743500000,2026-07-22T18:05:00Z,372.58,372.81,372.23,372.24,11512.612097000001,4289128.40150743
1784743800000,2026-07-22T18:10:00Z,372.21,372.391,371.04,371.125,16885.853242999998,6276333.18642651
1784744100000,2026-07-22T18:15:00Z,371.065,371.55,370.905,370.905,14429.921504,5356184.84338374
1784744400000,2026-07-22T18:20:00Z,370.929,371.839,370.919,371.663,8375.9279559999995,3110997.8505723166143036
1784744700000,2026-07-22T18:25:00Z,371.659,372.01,371.42,371.894,10805.6700510000005,4015568.5008418141857912
1784745000000,2026-07-22T18:30:00Z,371.883,371.883,370.413,370.43,10485.866817,3892036.9070159887
1784745300000,2026-07-22T18:35:00Z,370.444,371.338,370.211,370.991,6917.0336130000003,2565925.907136020911185
1784745600000,2026-07-22T18:40:00Z,371.135,371.363,370.99,371.25,5343.609106000001,1983518.31029712
1784745900000,2026-07-22T18:45:00Z,371.17,372.296,371.01,371.87,13575.579152,5044015.93683101
1784746200000,2026-07-22T18:50:00Z,371.71,372.559,371.66,372.455,8731.43439,3247915.47181844
1784746500000,2026-07-22T18:55:00Z,372.695,372.87,372.16,372.19,16000.047357,5961382.44452205
1784746800000,2026-07-22T19:00:00Z,371.99,372.407,371.835,372.2,7304.417823,2717703.60847885
1784747100000,2026-07-22T19:05:00Z,371.84,372.299,371.226,371.54,12856.001665999998,4780635.35071909
1784747400000,2026-07-22T19:10:00Z,371.92,371.96,370.769,371.02,12853.91799,4773834.59779129
1784747700000,2026-07-22T19:15:00Z,370.75,372.491,370.75,372.19,9981.759857000001,3711549.70925985
1784748000000,2026-07-22T19:20:00Z,372.24,372.474,371.97,371.97,10886.137183,4052682.44157749
1784748300000,2026-07-22T19:25:00Z,371.82,372.71,371.548,372.24,17064.783893,6351992.08540199
1784748600000,2026-07-22T19:30:00Z,371.8,372.212,370.81,371.48,27587.124817,10242591.84145547
1784748900000,2026-07-22T19:35:00Z,371.585,371.88,370.801,371.02,23066.582282,8567768.28312986
1784749200000,2026-07-22T19:40:00Z,371.52,371.74,370.71,370.77,22819.113983000003,8471450.02385926
1784749500000,2026-07-22T19:45:00Z,370.82,371.806,370.756,371.45,23987.134747999997,8903559.06804349
1784749800000,2026-07-22T19:50:00Z,371.21,371.652,369.81,370.46,57978.993932000005,21488847.28740745
1784750100000,2026-07-22T19:55:00Z,370.19,370.262,369.13,369.56,184955.73853600002,68391379.36763838
1784750400000,2026-07-22T20:00:00Z,369.579,369.579,369.49,369.49,801110.4252,296068382.617227
1784750700000,2026-07-22T20:05:00Z,369.49,369.49,369.49,369.49,151,55792.99
1784751000000,2026-07-22T20:10:00Z,369.49,369.49,369.49,369.49,183.151195,67672.53504055
1784751300000,2026-07-22T20:15:00Z,369.49,375.049,369.49,375.049,1643.978194,613039.79733824
1784751600000,2026-07-22T20:20:00Z,375.05,375.05,373.655,373.655,195,73017.2625
1784751900000,2026-07-22T20:25:00Z,373.751,373.999,372.927,373.575,248,92621.4776
1784752200000,2026-07-22T20:30:00Z,373.575,373.575,373.575,373.575,220,82186.5
1784752500000,2026-07-22T20:35:00Z,373.575,373.575,372.156,372.156,472,175907.6504
1784752800000,2026-07-22T20:40:00Z,372.155,372.155,372.155,372.155,0,0
1784753100000,2026-07-22T20:45:00Z,372.155,372.155,370.512,371.123,153,56739.459
1784753400000,2026-07-22T20:50:00Z,371.124,372.3,371.124,372.3,5,1858.0389
1784753700000,2026-07-22T20:55:00Z,372.337,372.52,372.337,372.52,56,20856.836
1784754000000,2026-07-22T21:00:00Z,372.52,372.715,372.52,372.715,882,328642.1082
1784754300000,2026-07-22T21:05:00Z,372.715,372.715,372.715,372.715,426,158776.59
1784754600000,2026-07-22T21:10:00Z,372.715,372.715,372.715,372.715,3173,1182624.695
1784754900000,2026-07-22T21:15:00Z,372.24,372.715,372.24,372.24,1461.026883,544546.63469735
1784755200000,2026-07-22T21:20:00Z,372.715,372.715,372.715,372.715,1638,610507.17
1784755500000,2026-07-22T21:25:00Z,372.715,372.715,372.715,372.715,52,19381.18
1784755800000,2026-07-22T21:30:00Z,372.715,372.715,372.715,372.715,12,4472.58
1784756100000,2026-07-22T21:35:00Z,372.715,372.715,372.715,372.715,7,2609.005
1784756400000,2026-07-22T21:40:00Z,372.715,372.715,372.715,372.715,31,11554.165
1784756700000,2026-07-22T21:45:00Z,372.715,372.715,372.715,372.715,22,8199.73
1784757000000,2026-07-22T21:50:00Z,372.715,372.715,372.713,372.713,170,63361.55
1784757300000,2026-07-22T21:55:00Z,372.712,372.712,372.71,372.71,243,90568.53
1784757600000,2026-07-22T22:00:00Z,372.71,372.71,372.322,372.322,128,47699.7888
1784757900000,2026-07-22T22:05:00Z,372.321,372.321,371.29,371.29,445,165266.3695
1784758200000,2026-07-22T22:10:00Z,371.29,371.29,371.002,371.002,2,742.58
1784758500000,2026-07-22T22:15:00Z,371.001,371.001,371.001,371.001,179,66409.179
1784758800000,2026-07-22T22:20:00Z,371,371.905,371,371.905,36,13374.846
1784759100000,2026-07-22T22:25:00Z,371.905,371.905,369.743,370.16,61,22591.777
1784759400000,2026-07-22T22:30:00Z,370.16,370.16,369.826,369.849,12,4441.92
1784759700000,2026-07-22T22:35:00Z,369.85,369.85,368.376,368.824,115.059979,42502.10919679
1784760000000,2026-07-22T22:40:00Z,368.825,368.825,367.675,367.675,69,25424.1816
1784760300000,2026-07-22T22:45:00Z,367.675,368.854,367.675,368.854,59,21694.7956
1784760600000,2026-07-22T22:50:00Z,368.855,368.992,368.855,368.992,1,368.855
1784760900000,2026-07-22T22:55:00Z,369.106,369.675,369.106,369.675,0,0
1784761200000,2026-07-22T23:00:00Z,369.675,369.675,369.675,369.675,0,0
1784761500000,2026-07-22T23:05:00Z,369.426,369.426,368.18,368.18,26,9597.6144
1784761800000,2026-07-22T23:10:00Z,367.984,368.179,367.001,368.178,45,16554.9275
1784762100000,2026-07-22T23:15:00Z,368.179,369,368.179,369,52,19188
1784762400000,2026-07-22T23:20:00Z,369,369,368.651,368.651,75,27674.4825
1784762700000,2026-07-22T23:25:00Z,368.65,368.778,368.65,368.722,8,2949.2
1784763000000,2026-07-22T23:30:00Z,368.721,369.729,368.721,369.729,3.987466,1471.62895558
1784763300000,2026-07-22T23:35:00Z,369.68,369.68,369.431,369.431,13,4805.84
1784763600000,2026-07-22T23:40:00Z,369.43,370.674,369.43,370.674,17,6286.7377
1784763900000,2026-07-22T23:45:00Z,370.675,370.675,370.18,370.674,48,17783.496
1784764200000,2026-07-22T23:50:00Z,370.675,370.675,369.15,369.15,102,37657.9818
1784764500000,2026-07-22T23:55:00Z,369.487,371.175,369.487,371.175,159,59016.7455
1784765100000,2026-07-23T00:05:00Z,371.94,372.19,371.8,372.19,71,26412.75
1784765700000,2026-07-23T00:15:00Z,371.09,372.29,371.09,372.29,19,7066.92
1784766000000,2026-07-23T00:20:00Z,372.71,373,372.71,372.99,77,28716.59
1784766600000,2026-07-23T00:30:00Z,376.15,376.17,375.7,375.7,20,7521.89
1784766900000,2026-07-23T00:35:00Z,374.57,374.57,374.57,374.57,3,1123.71
1784767500000,2026-07-23T00:45:00Z,374.8,375.5,374.77,375.5,120,45015.66
1784767800000,2026-07-23T00:50:00Z,375.91,375.91,375.91,375.91,3,1127.73
1784768400000,2026-07-23T01:00:00Z,376.03,376.03,376.03,376.03,100,37603
1784768700000,2026-07-23T01:05:00Z,376.13,376.13,376.13,376.13,1,376.13
1784769000000,2026-07-23T01:10:00Z,376.99,377,376.95,377,41,15456.05
1784769300000,2026-07-23T01:15:00Z,376.99,376.99,376.95,376.99,26,9801.66
1784769600000,2026-07-23T01:20:00Z,377,377,375.62,375.67,106,39882.92
1784769900000,2026-07-23T01:25:00Z,375.67,375.69,375.67,375.67,18,6762.18
1784770200000,2026-07-23T01:30:00Z,375.68,375.68,373.5,374.01,471,176594.52
1784770800000,2026-07-23T01:40:00Z,373.44,373.45,372.21,372.21,55,20514.88
1784771100000,2026-07-23T01:45:00Z,372.23,372.23,371.75,371.75,371,138070.63
1784771700000,2026-07-23T01:55:00Z,372.5,372.5,372.5,372.5,1,372.5
1784772000000,2026-07-23T02:00:00Z,371.26,371.26,371.26,371.26,13,4826.38
1784772600000,2026-07-23T02:10:00Z,370.99,371,370.99,371,50,18549.88
1784772900000,2026-07-23T02:15:00Z,370.34,370.34,369.45,369.45,13,4804.57
1784773200000,2026-07-23T02:20:00Z,369.47,369.47,368.02,369.2,45,16590.78
1784773500000,2026-07-23T02:25:00Z,367.99,368,367.99,368,3,1103.98
1784773800000,2026-07-23T02:30:00Z,367.67,369.17,367.5,368.91,171,63037.74
1784774100000,2026-07-23T02:35:00Z,368.78,368.78,367.02,367.09,64,23510.8
1784774400000,2026-07-23T02:40:00Z,367.11,367.11,365.74,365.75,102,37405.26
1784774700000,2026-07-23T02:45:00Z,367.56,367.67,367.56,367.67,16,5881.46
1784775000000,2026-07-23T02:50:00Z,366.55,366.6,366.55,366.6,21,7698.33
1784775300000,2026-07-23T02:55:00Z,367.98,367.98,367.85,367.98,341,125479.49
1784775600000,2026-07-23T03:00:00Z,368.48,368.64,367.89,367.89,990,364924.79
1784775900000,2026-07-23T03:05:00Z,366.67,366.67,366.49,366.49,54,19797.9
1784776200000,2026-07-23T03:10:00Z,366.41,366.41,365.65,365.73,96,35122.35
1784779500000,2026-07-23T04:05:00Z,368.54,368.54,368.5,368.5,40,14741.06
1784781600000,2026-07-23T04:40:00Z,369.99,369.99,369.99,369.99,3,1109.97
1784781900000,2026-07-23T04:45:00Z,369.78,370.22,369.78,370.22,30,11096.88
1784783400000,2026-07-23T05:10:00Z,369.72,369.72,369.69,369.69,56,20703.75
1784783700000,2026-07-23T05:15:00Z,369.71,369.71,369.71,369.71,18,6654.78
1784784000000,2026-07-23T05:20:00Z,369.93,370.01,369.93,369.94,24,8878.48
1784784600000,2026-07-23T05:30:00Z,371.76,372.98,371.76,372.98,672,250535.65
1784784900000,2026-07-23T05:35:00Z,372.03,372.3,372.01,372.3,72,26787.36
1784785500000,2026-07-23T05:45:00Z,372.32,372.32,370.18,370.18,22,8188.07
1784786100000,2026-07-23T05:55:00Z,370.18,370.18,370.18,370.18,30,11105.4
1784787300000,2026-07-23T06:15:00Z,370.2,370.2,369.69,369.69,60,22201.63
1784787600000,2026-07-23T06:20:00Z,369.1,369.11,369.1,369.11,12,4429.26
1784789700000,2026-07-23T06:55:00Z,369.92,369.92,369.92,369.92,1,369.92
1784790000000,2026-07-23T07:00:00Z,370.02,370.09,369.73,369.73,15,5548.8
1784790300000,2026-07-23T07:05:00Z,369.72,369.72,368.52,368.52,227,83807.92
1784790600000,2026-07-23T07:10:00Z,368.39,368.39,367,367,41,15094.84
1784790900000,2026-07-23T07:15:00Z,367,367,367,367,1,367
1784791500000,2026-07-23T07:25:00Z,367.01,367.01,367.01,367.01,2,734.02
1784791800000,2026-07-23T07:30:00Z,367,367,366,366,50,18301.29
1784792400000,2026-07-23T07:40:00Z,366.1,366.1,365.12,365.29,102,37267.58
1784792700000,2026-07-23T07:45:00Z,365.14,365.27,365.02,365.07,178,64992.26
1784793000000,2026-07-23T07:50:00Z,365.2,365.2,365.2,365.2,6,2191.2
1784793300000,2026-07-23T07:55:00Z,365.18,365.84,365.18,365.83,28,10231.97
1784793600000,2026-07-23T08:00:00Z,371.175,371.175,365.039,365.039,2781.684102,1025373.54511124
1784793900000,2026-07-23T08:05:00Z,365.022,368.893,364.935,366.576,330,120668.262
1784794200000,2026-07-23T08:10:00Z,366.582,370.989,366.582,367.721,264,96835.5696
1784794500000,2026-07-23T08:15:00Z,367.951,369.39,367.721,369.39,221,81399.5156
1784794800000,2026-07-23T08:20:00Z,369.374,369.374,369.295,369.295,150,55394.25
1784795100000,2026-07-23T08:25:00Z,369.295,369.295,369.295,369.295,450,166182.75
1784795400000,2026-07-23T08:30:00Z,369.295,369.85,369.295,369.85,8,2957.1352
1784795700000,2026-07-23T08:35:00Z,369.85,369.85,369.85,369.85,41,15163.85
1784796000000,2026-07-23T08:40:00Z,369.85,369.85,367.03,367.03,29.351599,10851.87611744
1784796300000,2026-07-23T08:45:00Z,367.03,367.03,367.03,367.03,37,13580.11
1784796600000,2026-07-23T08:50:00Z,367.463,372.615,367.463,372.615,174.415749,64573.8555444
1784796900000,2026-07-23T08:55:00Z,372.659,373.784,372.659,373.784,470.003135,175246.63792456
1784797200000,2026-07-23T09:00:00Z,373.785,373.785,373.785,373.785,137,51208.545
1784797500000,2026-07-23T09:05:00Z,373.785,373.785,373.385,373.385,535,199970.588
1784797800000,2026-07-23T09:10:00Z,373.384,373.384,373.38,373.38,23,8587.7492
1784798100000,2026-07-23T09:15:00Z,373.38,373.38,373.38,373.38,81,30243.78
1784798400000,2026-07-23T09:20:00Z,373.38,373.38,373.38,373.38,2,746.76
1784798700000,2026-07-23T09:25:00Z,373.38,373.38,373.38,373.38,202.01,75426.4938
1784799000000,2026-07-23T09:30:00Z,373.38,373.38,373.38,373.38,394,147111.72
1784799300000,2026-07-23T09:35:00Z,373.38,373.38,373.38,373.38,335,125082.3
1784799600000,2026-07-23T09:40:00Z,373.38,373.38,373.38,373.38,22,8214.36
1784799900000,2026-07-23T09:45:00Z,373.38,373.38,373.38,373.38,32,11948.16
1784800200000,2026-07-23T09:50:00Z,373.38,373.38,373.38,373.38,283,105666.54
1784800500000,2026-07-23T09:55:00Z,373.319,373.319,369.9,369.9,139.2011,51818.94580556
1784800800000,2026-07-23T10:00:00Z,369.9,370.41,369.9,370.137,21,7769.3889
1784801100000,2026-07-23T10:05:00Z,370.136,370.63,370.135,370.63,7,2590.9548
1784801400000,2026-07-23T10:10:00Z,370.356,370.356,369.005,369.005,76,28120.7144
1784801700000,2026-07-23T10:15:00Z,369.192,370.125,369.074,369.074,182,67342.7118
1784802000000,2026-07-23T10:20:00Z,369.059,370.14,368.987,370.14,169,62472.9963
1784802300000,2026-07-23T10:25:00Z,370.14,370.14,370.14,370.14,10,3701.4
1784802600000,2026-07-23T10:30:00Z,370.14,370.91,370.14,370.301,185,68519.1345
1784802900000,2026-07-23T10:35:00Z,370.3,371.42,370.3,371.42,100,37094.24
1784803200000,2026-07-23T10:40:00Z,371.606,372.087,370.256,371.405,67,24874.7751
1784803500000,2026-07-23T10:45:00Z,371.405,371.494,371.405,371.494,112,41605.0768
1784803800000,2026-07-23T10:50:00Z,371.495,371.495,371.495,371.495,62,23032.69
1784804100000,2026-07-23T10:55:00Z,371.495,371.495,371.495,371.495,5,1857.475
1784804400000,2026-07-23T11:00:00Z,371.495,371.495,369.865,369.865,99,36698.6664
1784804700000,2026-07-23T11:05:00Z,369.865,369.865,369.865,369.865,128,47342.72
1784805000000,2026-07-23T11:10:00Z,369.865,369.865,369.865,369.865,22,8137.03
1784805300000,2026-07-23T11:15:00Z,370.29,372.415,370.29,372.415,568,211531.6632
1784805600000,2026-07-23T11:20:00Z,372.415,372.415,368.68,368.68,57,21213.9693
1784805900000,2026-07-23T11:25:00Z,368.68,368.835,368.68,368.835,132.003397,48674.60260129
1784806200000,2026-07-23T11:30:00Z,368.835,368.835,367.455,367.455,257.026991,94558.01955678
1784806500000,2026-07-23T11:35:00Z,367.455,367.455,365.48,365.48,2898.939494,1061540.91126166
1784806800000,2026-07-23T11:40:00Z,365.48,365.48,365.48,365.48,18,6578.64
1784807100000,2026-07-23T11:45:00Z,365.48,366.31,365.48,366.31,699.410525,255807.16140507
1784807400000,2026-07-23T11:50:00Z,366.31,366.91,366.31,366.91,9,3296.79
1784807700000,2026-07-23T11:55:00Z,366.91,367.639,366.91,367.639,43,15779.9379
1784808000000,2026-07-23T12:00:00Z,367.64,368.39,367.64,368.39,120,44195.544
1784808300000,2026-07-23T12:05:00Z,368.39,368.395,367.621,367.621,524,192968.1352
1784808600000,2026-07-23T12:10:00Z,367.62,367.62,366.74,366.755,88,32315.6944
1784808900000,2026-07-23T12:15:00Z,366.755,366.755,366.755,366.755,404,148169.02
1784809200000,2026-07-23T12:20:00Z,366.755,366.755,365.23,365.23,762,278316.309
1784809500000,2026-07-23T12:25:00Z,365.23,365.23,365.23,365.23,328,119795.44
1784809800000,2026-07-23T12:30:00Z,365.23,366.784,365.23,365.5,222,81237.3924
1784810100000,2026-07-23T12:35:00Z,365.474,365.474,364.265,364.265,1123.004459,409502.34066945
1784810400000,2026-07-23T12:40:00Z,364.265,364.265,361.814,361.814,554,201606.7494
1784810700000,2026-07-23T12:45:00Z,360.84,361.716,360.84,360.84,965,348788.442
1784811000000,2026-07-23T12:50:00Z,361.386,361.386,360.905,360.905,130,46924.904
1784811300000,2026-07-23T12:55:00Z,360.905,360.905,360.88,360.88,666,240361.4646
1784811600000,2026-07-23T13:00:00Z,360.88,364.14,360.61,360.862,212.223496,77191.0919318152
1784811900000,2026-07-23T13:05:00Z,360.863,360.865,359.896,360.479,1425,514124.5294
1784812200000,2026-07-23T13:10:00Z,360.48,361.09,359.19,360.58,622.055539,223502.56458498
1784812500000,2026-07-23T13:15:00Z,360.58,360.58,358.13,358.141,409.003263,146579.12109818
1784812800000,2026-07-23T13:20:00Z,358.15,358.925,358.15,358.925,165,59134.614
1784813100000,2026-07-23T13:25:00Z,358.941,362.839,358.926,362.745,13091.610081,4710230.39104299
1784813400000,2026-07-23T13:30:00Z,363.36,373.105,362.745,369.5,61999.520228,22636620.03063699
1784813700000,2026-07-23T13:35:00Z,370.75,374.403,369.133,371.425,23605.746389,8783103.3665379
1784814000000,2026-07-23T13:40:00Z,373.18,377.009,371.692,376.79,19832.62549,7429872.68816811
1784814300000,2026-07-23T13:45:00Z,375.71,376.828,373.335,373.5,21188.593175,7955943.81797262
1784814600000,2026-07-23T13:50:00Z,373.51,376.352,370.688,371.51,24449.148677000005,9105092.78931237
1784814900000,2026-07-23T13:55:00Z,376.355,377.175,371.916,372.5,15374.877140999999,5769906.95579019
1784815200000,2026-07-23T14:00:00Z,373.11,375.897,372.67,375.24,20102.839709,7520808.05256004
1784815500000,2026-07-23T14:05:00Z,375.41,378.061,374.285,375.71,17620.599075000002,6633833.09477443
1784815800000,2026-07-23T14:10:00Z,374.651,377.171,374.651,375.678,7904.724157,2969176.745472019
1784816100000,2026-07-23T14:15:00Z,375.661,377.485,375.105,376.758,6660.515504,2503648.788116384
1784816400000,2026-07-23T14:20:00Z,376.759,378.594,375.26,376.391,13738.371882,5190910.0315004323
1784816700000,2026-07-23T14:25:00Z,376.45,377.69,375.2,375.7,10134.794644,3815001.22214181
1784817000000,2026-07-23T14:30:00Z,375.48,376.077,372.57,373.68,14011.458696000002,5248018.47635832
1784817300000,2026-07-23T14:35:00Z,373.34,376.27,372.608,375.73,11951.711134,4476795.46562246
1784817600000,2026-07-23T14:40:00Z,377.01,377.254,373.39,373.39,16188.013869999999,6072886.45809028
1784817900000,2026-07-23T14:45:00Z,373.18,374.504,372.683,373.95,13346.487178000001,4986777.46524177
1784818200000,2026-07-23T14:50:00Z,373.72,374.315,371.098,371.425,16013.208307,5968177.18092714
1784818500000,2026-07-23T14:55:00Z,371.39,373.363,370.905,372.76,12506.908415000002,4657779.05773485
1784818800000,2026-07-23T15:00:00Z,372.53,372.658,370.39,370.615,16139.263587000001,5997992.69161996
1784819100000,2026-07-23T15:05:00Z,370.425,371.384,369.417,370.68,23387.079904000002,8658851.17332088
1784819400000,2026-07-23T15:10:00Z,370.4,370.781,367.27,367.915,39761.173263,14653300.49001585
1784819700000,2026-07-23T15:15:00Z,368.53,370.3,367.704,369.38,26915.151205000002,9941633.25150013
1784820000000,2026-07-23T15:20:00Z,369.74,370.905,367.73,369.23,16847.224152000003,6223135.47950033
1784820300000,2026-07-23T15:25:00Z,369.364,369.456,366.31,367.556,11316.439132,4164769.4958939752
1784820600000,2026-07-23T15:30:00Z,367.564,368.277,366.87,367.443,14795.337774,5439033.0030407778
1784820900000,2026-07-23T15:35:00Z,367.96,371.14,367.438,369.45,21159.956824,7822687.91813503
1784821200000,2026-07-23T15:40:00Z,369.77,370.08,368,368,33494.605521,12356672.44416137
1784821500000,2026-07-23T15:45:00Z,367.9,369.542,367.385,369.41,20389.893879,7505230.40036682
1784821800000,2026-07-23T15:50:00Z,369.54,370.36,369,369,17828.510624,6590296.47220416
1784822100000,2026-07-23T15:55:00Z,369.05,371.604,369.025,371.37,13780.686713,5108025.1308175
1784822400000,2026-07-23T16:00:00Z,371.375,371.92,370.39,371.33,19581.402865,7272051.32155052
1784822700000,2026-07-23T16:05:00Z,370.765,371.79,370.55,371.78,8615.744851000001,3196399.12257123
1784823000000,2026-07-23T16:10:00Z,371.91,372.937,371.61,371.75,9856.545739000001,3670082.8346075
1784823300000,2026-07-23T16:15:00Z,372.36,372.99,371.83,371.88,8720.948648000001,3247983.02133842
1784823600000,2026-07-23T16:20:00Z,372.98,375.07,371.973,374.98,7466.916421,2792422.14794406
1784823900000,2026-07-23T16:25:00Z,375.09,376.646,374.97,376.375,14747.882156,5542964.96214472
1784824200000,2026-07-23T16:30:00Z,376.05,376.613,375.34,376.04,11537.431417,4337009.30787221
1784824500000,2026-07-23T16:35:00Z,376.041,378.219,375.535,378.099,6235.322046,2346791.4619182102
1784824800000,2026-07-23T16:40:00Z,378.09,378.324,375.31,376,6719.460464,2525214.0598041812
1784825100000,2026-07-23T16:45:00Z,375.61,376,374.78,375.065,9437.790990000001,3543291.21701714
1784825400000,2026-07-23T16:50:00Z,374.73,375.058,373.118,373.97,8711.122907,3259346.77798479
1784825700000,2026-07-23T16:55:00Z,373.855,374.915,373.552,374.665,9322.830725,3487989.8150333
1784826000000,2026-07-23T17:00:00Z,374.94,375.381,373.6,373.6,7256.489710000001,2719542.94892657
1784826300000,2026-07-23T17:05:00Z,372.97,373.974,372.36,372.36,8469.877254,3161079.31043753
1784826600000,2026-07-23T17:10:00Z,373.35,374.365,373.26,373.72,11809.918432,4416346.16045879
1784826900000,2026-07-23T17:15:00Z,374.56,375.017,374.01,374.785,6395.088640999999,2395471.66363692
1784827200000,2026-07-23T17:20:00Z,374.87,375.353,374.28,374.885,8954.661997000001,3357170.83810648
1784827500000,2026-07-23T17:25:00Z,374.935,375.5,374.365,374.7,4875.242278,1827727.35497374
1784827800000,2026-07-23T17:30:00Z,374.24,374.646,373.17,373.31,9445.989431,3529819.83752852
1784828100000,2026-07-23T17:35:00Z,373.11,373.475,371.843,372.415,6741.776071,2511460.57969867
1784828400000,2026-07-23T17:40:00Z,371.91,372.393,371.44,371.6,9356.006008,3479952.40066659
1784828700000,2026-07-23T17:45:00Z,371.63,373.09,371.527,372.804,9064.06979,3376751.0233878584
1784829000000,2026-07-23T17:50:00Z,372.812,372.837,371.43,371.666,10288.87506,3829217.6889829272
1784829300000,2026-07-23T17:55:00Z,370.71,371.665,370.082,370.4,8980.827129000001,3329871.56725125
1784829600000,2026-07-23T18:00:00Z,370.5,371,369.99,370.09,8982.403072000001,3328078.24636949
1784829900000,2026-07-23T18:05:00Z,370.13,370.41,369.48,369.48,7015.508474,2596213.08530369
1784830200000,2026-07-23T18:10:00Z,369.48,370.34,368.961,369.91,7854.417989999999,2904445.95643215
1784830500000,2026-07-23T18:15:00Z,370.005,370.098,369.422,369.86,7083.559931,2619405.54278072
1784830800000,2026-07-23T18:20:00Z,369.48,370.502,369.48,370.37,7452.160917000001,2757574.52402784
1784831100000,2026-07-23T18:25:00Z,370.32,370.337,369.856,370.095,6164.521549000001,2281580.04375167
1784831400000,2026-07-23T18:30:00Z,370.39,371.61,369.59,371.61,11968.842614,4435121.65613634
1784831700000,2026-07-23T18:35:00Z,371.64,371.675,370.132,370.295,5687.170777,2109372.20990638
1784832000000,2026-07-23T18:40:00Z,370.87,371.248,370.102,370.77,10156.046622,3763763.84820549
1784832300000,2026-07-23T18:45:00Z,370.91,371.2,369.989,370.14,9586.002623,3554353.65137115
1784832600000,2026-07-23T18:50:00Z,370.3,370.419,368.759,368.78,11651.397802000001,4309460.55999365
1784832900000,2026-07-23T18:55:00Z,368.758,369.881,368.516,369.881,8074.484466,2978683.3188680088
1784833200000,2026-07-23T19:00:00Z,369.884,370.102,367.966,368.095,3693.09723,1365031.149551187
1784833500000,2026-07-23T19:05:00Z,368.086,368.78,367.89,368,10664.7834220000002,3926839.5646041054736686
1784833800000,2026-07-23T19:10:00Z,368.01,368.805,367.815,368.555,17208.111853,6338040.1333614
1784834100000,2026-07-23T19:15:00Z,368.39,369.15,368.27,368.73,17637.64158,6503266.54269802
1784834400000,2026-07-23T19:20:00Z,368.89,370.51,368.671,370.51,13810.874188,5102620.82099523
1784834700000,2026-07-23T19:25:00Z,370.62,371.652,370.139,370.78,16294.231346999999,6043039.95023875
1784835000000,2026-07-23T19:30:00Z,372.1,372.175,369.357,370.23,31204.465588000003,11571620.62382233
1784835300000,2026-07-23T19:35:00Z,370.05,370.92,369.51,369.835,18721.973011000002,6930363.298809
1784835600000,2026-07-23T19:40:00Z,369.82,370.134,368.58,368.74,20493.010471,7568329.02817328
1784835900000,2026-07-23T19:45:00Z,368.795,369.675,368.258,369.6,25259.017832999998,9319309.57768178
1784836200000,2026-07-23T19:50:00Z,370.33,370.54,367.94,369.14,63722.144220999995,23508265.11836614
1784836500000,2026-07-23T19:55:00Z,368.85,374.16,368.85,373.84,274216.339957,102110870.84534394
1784836800000,2026-07-23T20:00:00Z,373.525,377,373.498,377,529252.9061469999,197684904.82001835
1784837100000,2026-07-23T20:05:00Z,376.917,376.917,375.008,375.395,27120,10198896.36
1784837400000,2026-07-23T20:10:00Z,375.405,376.105,375.405,376.105,674.7068919999999,253539.53416715
1784837700000,2026-07-23T20:15:00Z,376.105,378,376.091,378,1960.728645,738925.68719491
1784838000000,2026-07-23T20:20:00Z,378,378.499,376.605,376.649,534.003073,201670.53254303
1784838300000,2026-07-23T20:25:00Z,376.656,380,376.275,376.275,572,215675.0024
1784838600000,2026-07-23T20:30:00Z,376.275,376.465,376.275,376.465,207,77923.3491
1784838900000,2026-07-23T20:35:00Z,376.465,376.465,376.465,376.465,109,41034.685
1784839200000,2026-07-23T20:40:00Z,376.465,376.465,376.465,376.465,68,25599.62
1784839500000,2026-07-23T20:45:00Z,376.465,376.465,376.01,376.01,5384,2024464.76
1784839800000,2026-07-23T20:50:00Z,376.01,376.01,376.01,376.01,96,36096.96
1784840100000,2026-07-23T20:55:00Z,376.01,376.02,376.01,376.02,173,65051.0621
1784840400000,2026-07-23T21:00:00Z,376.02,376.02,376.02,376.02,26,9776.52
1784840700000,2026-07-23T21:05:00Z,376.02,376.02,376.02,376.02,95,35721.9
1784841000000,2026-07-23T21:10:00Z,376.02,376.02,371.131,374.514,133,49500.2688
1784841300000,2026-07-23T21:15:00Z,374.515,374.515,374.515,374.515,540,202238.1
1784841600000,2026-07-23T21:20:00Z,374.515,374.515,374.515,374.515,2,749.03
1784841900000,2026-07-23T21:25:00Z,374.515,374.515,374.515,374.515,45.026648,16863.15507572
1784842200000,2026-07-23T21:30:00Z,374.515,374.515,369.001,369.001,22,8228.3014
1784842500000,2026-07-23T21:35:00Z,369.001,369.001,369.001,369.001,20,7380.02
1784842800000,2026-07-23T21:40:00Z,374.86,374.86,369,374.86,359,132523.1627
1784843400000,2026-07-23T21:50:00Z,369.25,369.25,369.25,369.25,6,2215.5
1784843700000,2026-07-23T21:55:00Z,369.25,370.75,369.25,370.75,395,146438.666
1784844000000,2026-07-23T22:00:00Z,370.75,371.269,370.75,371.269,46,17054.5
1784844300000,2026-07-23T22:05:00Z,371.27,371.27,371.27,371.27,81.391219,30218.11787813
1784844600000,2026-07-23T22:10:00Z,371.27,371.865,371.27,371.865,189,70273.5642
1784844900000,2026-07-23T22:15:00Z,371.865,371.865,370.75,370.75,358,133093.839
1784845200000,2026-07-23T22:20:00Z,370.75,371.765,370.75,371.765,113,42005.3883
1784845500000,2026-07-23T22:25:00Z,371.596,371.596,370.751,370.751,131,48568.381
1784845800000,2026-07-23T22:30:00Z,370.75,370.75,370.75,370.75,6,2224.5
1784846100000,2026-07-23T22:35:00Z,371.623,375.485,371.623,373.889,230,86303.475
1784846400000,2026-07-23T22:40:00Z,373.897,373.989,373.897,373.989,7,2617.503
1784846700000,2026-07-23T22:45:00Z,373.99,373.99,373.931,373.931,12,4487.88
1784847000000,2026-07-23T22:50:00Z,373.983,374.248,373.983,374.248,1,373.983
1784847300000,2026-07-23T22:55:00Z,374.249,376.325,374.249,376.325,344,128780.9064
1784847600000,2026-07-23T23:00:00Z,376.333,376.375,376.333,376.375,77,28979.4043
1784847900000,2026-07-23T23:05:00Z,376.375,376.375,376.375,376.375,2020,760277.5
1784848200000,2026-07-23T23:10:00Z,376.375,376.375,376.36,376.36,1431.026648,538602.51153834
1784848500000,2026-07-23T23:15:00Z,376.36,376.36,376.066,376.066,30,11282.448
1784848800000,2026-07-23T23:20:00Z,376.066,376.066,376.065,376.065,11,4136.72
1784849400000,2026-07-23T23:30:00Z,376.065,376.065,376.065,376.065,60,22563.9
1784849700000,2026-07-23T23:35:00Z,376.065,376.065,376.065,376.065,0,0
1784850000000,2026-07-23T23:40:00Z,376.065,376.065,376.02,376.02,5,1880.325
1784850300000,2026-07-23T23:45:00Z,376.02,376.02,376.02,376.02,19,7144.38
1784850600000,2026-07-23T23:50:00Z,376.02,376.02,374.846,374.846,18,6768.36
1784850900000,2026-07-23T23:55:00Z,374.748,374.748,374.255,374.255,30,11233.35
1784851500000,2026-07-24T00:05:00Z,374.11,374.11,372.88,372.92,42,15668.61
1784851800000,2026-07-24T00:10:00Z,372.88,372.88,372.83,372.83,60,22372.04
1784852400000,2026-07-24T00:20:00Z,371.23,371.23,371.23,371.23,6,2227.38
1784852700000,2026-07-24T00:25:00Z,371.29,371.29,371.29,371.29,6,2227.74
1784853900000,2026-07-24T00:45:00Z,371.31,371.32,371.3,371.32,6,2227.86
1784854200000,2026-07-24T00:50:00Z,371.3,371.3,371.29,371.29,42,15594.58
1784854800000,2026-07-24T01:00:00Z,372.08,372.49,372.08,372.49,68,25303.82
1784855100000,2026-07-24T01:05:00Z,372.49,372.84,372.49,372.84,17,6336.79
1784855400000,2026-07-24T01:10:00Z,371.5,371.5,371.39,371.39,24,8915.56
1784855700000,2026-07-24T01:15:00Z,371.78,372.11,371.7,371.7,67,24914.81
1784856000000,2026-07-24T01:20:00Z,372.37,372.37,371.49,371.49,40,14873.83
1784856300000,2026-07-24T01:25:00Z,372.38,372.38,371.3,371.3,55,20445.7
1784856600000,2026-07-24T01:30:00Z,371.31,371.31,371.23,371.23,31,11509.97
1784856900000,2026-07-24T01:35:00Z,372.01,372.01,372.01,372.01,3,1116.03
1784857500000,2026-07-24T01:45:00Z,372.2,372.2,372,372,43,16004.4
1784858400000,2026-07-24T02:00:00Z,369.74,369.74,368.52,368.52,15,5535.12
1784858700000,2026-07-24T02:05:00Z,368.46,368.47,368.44,368.44,28,10317.01
1784859300000,2026-07-24T02:15:00Z,369.28,369.28,369.28,369.28,8,2954.24
1784860500000,2026-07-24T02:35:00Z,368.55,368.55,366.02,367.24,1323,484699.97
1784860800000,2026-07-24T02:40:00Z,366.8,366.9,366.8,366.9,100,36686.5
1784861100000,2026-07-24T02:45:00Z,365.9,366.89,365.9,366.89,18,6588.28
1784861400000,2026-07-24T02:50:00Z,366.84,366.84,365.11,365.11,104,38037.7
1784861700000,2026-07-24T02:55:00Z,365.1,365.1,365.01,365.01,18,6571.22
1784862000000,2026-07-24T03:00:00Z,365.05,365.46,364.99,365.17,97,35436.62
1784862300000,2026-07-24T03:05:00Z,365.27,365.28,364.29,364.29,55,20056.29
1784862600000,2026-07-24T03:10:00Z,364.09,365.17,364.07,365.17,19,6918.61
1784862900000,2026-07-24T03:15:00Z,365.1,365.1,364.1,364.31,86,31365.24
1784863200000,2026-07-24T03:20:00Z,364.1,364.1,364.08,364.1,18,6553.74
1784863800000,2026-07-24T03:30:00Z,364.99,365.57,364.99,365.57,89,32514.06
1784864100000,2026-07-24T03:35:00Z,364.79,364.79,364.79,364.79,4,1459.16
1784864400000,2026-07-24T03:40:00Z,364.81,364.91,364.81,364.91,26,9485.64
1784864700000,2026-07-24T03:45:00Z,364.85,365.49,364.85,364.99,28,10217.8
1784865300000,2026-07-24T03:55:00Z,365,365,364.19,364.19,31,11293.28
1784865600000,2026-07-24T04:00:00Z,364.27,364.27,364.26,364.27,48,17484.78
1784865900000,2026-07-24T04:05:00Z,364.32,364.32,364.32,364.32,1,364.32
1784866200000,2026-07-24T04:10:00Z,365,365,364.3,364.3,27,9839.13
1784867100000,2026-07-24T04:25:00Z,366.37,366.37,366.37,366.37,2,732.74
1784867400000,2026-07-24T04:30:00Z,366,366,366,366,1,366
1784867700000,2026-07-24T04:35:00Z,365.89,366,365.33,366,59,21589.24
1784868000000,2026-07-24T04:40:00Z,365.9,365.9,365.9,365.9,1,365.9
1784869200000,2026-07-24T05:00:00Z,365.99,366.19,365.99,366.19,6,2196.94
1784869500000,2026-07-24T05:05:00Z,366.85,367.55,366.85,367.54,393,144238.68
1784869800000,2026-07-24T05:10:00Z,368.3,368.78,368.3,368.78,74,27262.49
1784871000000,2026-07-24T05:30:00Z,367.2,367.26,367.14,367.26,19,6976.92
1784871300000,2026-07-24T05:35:00Z,367.25,367.25,367.13,367.13,35,12852.19
1784871600000,2026-07-24T05:40:00Z,367.71,367.73,367.71,367.73,50,18385.64
1784871900000,2026-07-24T05:45:00Z,368,368.02,367.99,368.02,58,21344.21
1784872200000,2026-07-24T05:50:00Z,368.01,368.01,367.01,367.01,716,263449.06
1784872500000,2026-07-24T05:55:00Z,367.02,367.02,366.9,366.9,69,25322.83
1784872800000,2026-07-24T06:00:00Z,366.66,366.66,365.41,365.51,85,31140.79
1784873100000,2026-07-24T06:05:00Z,365.45,365.45,365.35,365.35,36,13154.22
1784873700000,2026-07-24T06:15:00Z,365.84,365.84,365.41,365.41,23,8405.72
1784874000000,2026-07-24T06:20:00Z,365.83,366.47,365.4,366.47,337,123431.42
1784875200000,2026-07-24T06:40:00Z,365.5,365.5,365.5,365.5,6,2193
1784875500000,2026-07-24T06:45:00Z,365.01,365.06,364.97,365,462,168630.84
1784876400000,2026-07-24T07:00:00Z,365.97,368.04,365.97,368.04,121,44381.05
1784877000000,2026-07-24T07:10:00Z,368.11,368.99,368.09,368.1,204,75236.32
1784877300000,2026-07-24T07:15:00Z,368.33,369.39,368.33,369.39,600,221370.67
1784877600000,2026-07-24T07:20:00Z,369.4,369.51,369.4,369.51,158,58379.99
1784877900000,2026-07-24T07:25:00Z,368.05,371.95,368.05,370.22,758,281004.12
1784878200000,2026-07-24T07:30:00Z,371.11,372.22,369.73,369.73,474,176005.5
1784878500000,2026-07-24T07:35:00Z,370.26,371.39,370.05,371.01,715,264996.8
1784879700000,2026-07-24T07:55:00Z,370.69,370.71,370.69,370.69,25,9267.38
1784880000000,2026-07-24T08:00:00Z,373.286,373.286,366.931,368.605,6393.493283,2351172.62995952
1784880300000,2026-07-24T08:05:00Z,368.605,368.605,368.605,368.605,81,29857.005
1784880600000,2026-07-24T08:10:00Z,368.605,368.605,368.605,368.605,239,88096.595
1784880900000,2026-07-24T08:15:00Z,368.605,368.605,368.31,368.31,211,77729.657
1784881200000,2026-07-24T08:20:00Z,368.31,368.31,368.31,368.31,85,31306.35
1784881500000,2026-07-24T08:25:00Z,368.313,368.727,368.313,368.727,254,93587.9764
1784881800000,2026-07-24T08:30:00Z,368.731,369.647,368.731,369.235,190,70126.568
1784882100000,2026-07-24T08:35:00Z,369.214,369.214,369.11,369.11,189,69764.2281
1784882400000,2026-07-24T08:40:00Z,369.11,369.11,369.11,369.11,383,141369.13
1784882700000,2026-07-24T08:45:00Z,369.11,369.11,369.11,369.11,5.2,1919.372
1784883000000,2026-07-24T08:50:00Z,369.11,369.11,369.11,369.11,14,5167.54
1784883300000,2026-07-24T08:55:00Z,369.11,369.11,368.828,368.828,36,13279.2804
1784883600000,2026-07-24T09:00:00Z,368.777,368.777,368.52,368.52,45,16583.4
1784883900000,2026-07-24T09:05:00Z,368.52,370.342,368.52,369.796,406,149950.3754
1784884200000,2026-07-24T09:10:00Z,369.798,369.809,368.408,369.11,145.034963,53533.71015797
1784884500000,2026-07-24T09:15:00Z,369.11,369.11,369.11,369.11,20,7382.2
1784884800000,2026-07-24T09:20:00Z,369.11,369.11,369.11,369.11,25.122545,9272.98258495
1784885100000,2026-07-24T09:25:00Z,369.11,369.11,369.11,369.11,20,7382.2
1784885400000,2026-07-24T09:30:00Z,369.11,369.81,369.11,369.81,132,48781.5372
1784885700000,2026-07-24T09:35:00Z,369.81,371.665,369.81,371.665,201.05958900000002,74428.15823218
1784886000000,2026-07-24T09:40:00Z,371.907,372.855,371.907,372.855,340,126766.654
1784886300000,2026-07-24T09:45:00Z,372.855,372.855,372.855,372.855,314.003372,117077.72726706
1784886600000,2026-07-24T09:50:00Z,372.855,372.855,372.855,372.855,39,14541.345
1784886900000,2026-07-24T09:55:00Z,372.855,372.855,372.855,372.855,43,16032.765
1784887200000,2026-07-24T10:00:00Z,372.855,372.855,372.855,372.855,44,16405.62
1784887500000,2026-07-24T10:05:00Z,372.855,372.855,370.611,370.611,208,77484.6592
1784887800000,2026-07-24T10:10:00Z,370.61,370.61,370.61,370.61,38,14083.18
1784888100000,2026-07-24T10:15:00Z,370.61,370.61,370.61,370.61,57,21124.77
1784888400000,2026-07-24T10:20:00Z,370.61,372.13,370.61,372.13,80,29654.88
1784889300000,2026-07-24T10:35:00Z,372.13,372.13,372.13,372.13,67,24932.71
1784889600000,2026-07-24T10:40:00Z,372.13,372.13,370.61,370.61,130,48364.251
1784889900000,2026-07-24T10:45:00Z,370.61,370.61,370.61,370.61,64,23719.04
1784890200000,2026-07-24T10:50:00Z,370.61,370.61,370.61,370.61,138,51144.18
1784890500000,2026-07-24T10:55:00Z,370.61,370.61,370.61,370.61,27,10006.47
1784890800000,2026-07-24T11:00:00Z,370.61,370.61,370.61,370.61,64,23719.04
1784891100000,2026-07-24T11:05:00Z,370.61,371.625,370.61,371.625,62,23016.973
1784891700000,2026-07-24T11:15:00Z,371.625,371.625,371.625,371.625,91,33817.875
1784892000000,2026-07-24T11:20:00Z,371.625,371.625,371.625,371.625,65,24155.625
1784892300000,2026-07-24T11:25:00Z,371.625,371.625,370.005,370.005,564,209149.6992
1784892600000,2026-07-24T11:30:00Z,370.005,370.005,370.005,370.005,94,34780.47
1784892900000,2026-07-24T11:35:00Z,370.005,370.005,370.005,370.005,130.187,48169.840935
1784893200000,2026-07-24T11:40:00Z,370.005,370.005,370.005,370.005,3,1110.015
1784893500000,2026-07-24T11:45:00Z,370.005,370.005,369.611,369.611,391,144657.488
1784893800000,2026-07-24T11:50:00Z,369.61,369.838,369.61,369.838,66,24396.7944
1784894100000,2026-07-24T11:55:00Z,369.801,370.535,369.611,370.535,529,195734.6023
1784894400000,2026-07-24T12:00:00Z,370.536,370.54,370.536,370.54,80,29643.2
1784894700000,2026-07-24T12:05:00Z,370.54,370.76,370.54,370.76,172.00354,63762.89910243
1784895000000,2026-07-24T12:10:00Z,370.76,373.054,370.76,370.76,280,104122.48
1784895300000,2026-07-24T12:15:00Z,370.76,370.76,370.76,370.76,92,34109.92
1784895600000,2026-07-24T12:20:00Z,370.76,370.855,370.76,370.855,1188,440463.474
1784895900000,2026-07-24T12:25:00Z,370.855,370.855,370.855,370.855,205,76025.275
1784896200000,2026-07-24T12:30:00Z,370.855,370.855,370.651,370.822,634,235111.1018
1784896500000,2026-07-24T12:35:00Z,370.828,370.855,370.828,370.855,103,38197.1277
1784896800000,2026-07-24T12:40:00Z,370.855,370.855,370.855,370.855,570,211387.35
1784897100000,2026-07-24T12:45:00Z,370.855,370.855,370.855,370.855,204,75654.42
1784897400000,2026-07-24T12:50:00Z,370.855,370.855,370.855,370.855,184,68237.32
1784897700000,2026-07-24T12:55:00Z,370.855,370.855,370.855,370.855,65,24105.575
1784898000000,2026-07-24T13:00:00Z,370.855,370.855,370.855,370.855,75,27814.125
1784898300000,2026-07-24T13:05:00Z,370.855,370.855,369.75,369.75,87,32242.1652
1784898600000,2026-07-24T13:10:00Z,369.976,371.085,369.976,371.085,130,48144.525
1784898900000,2026-07-24T13:15:00Z,371.088,371.103,370.752,370.752,68,25219.5
1784899200000,2026-07-24T13:20:00Z,370.751,370.751,370.75,370.75,385,142738.75
1784899500000,2026-07-24T13:25:00Z,370.75,370.9,366.008,368.115,3802.1943929999998,1403128.7397015
1784899800000,2026-07-24T13:30:00Z,366.4,370.137,364.751,369.01,30929.457413999997,11367862.26507342
1784900100000,2026-07-24T13:35:00Z,369.045,369.726,362.594,362.68,38471.034005,14042893.03477853
1784900400000,2026-07-24T13:40:00Z,363.425,366.97,360.788,366.97,31858.763275000005,11544634.56095113
1784900700000,2026-07-24T13:45:00Z,366.634,368.086,359.84,360.923,24141.647561,8756531.2419886035
1784901000000,2026-07-24T13:50:00Z,360.935,360.935,355.63,356.142,11500.936254,4129726.6818088896
1784901300000,2026-07-24T13:55:00Z,356.112,356.766,354.39,356.126,14138.5782,5024368.54468184
1784901600000,2026-07-24T14:00:00Z,356.134,357.328,353.511,355.003,33649.210162,11993191.028411174
1784901900000,2026-07-24T14:05:00Z,355.002,357.981,355,357.491,9423.146171,3352163.3455648338
1784902200000,2026-07-24T14:10:00Z,357.495,358.729,356.753,357.323,7473.292613,2672041.814729859
1784902500000,2026-07-24T14:15:00Z,357.045,357.366,354.524,355.65,42929.997889,15264026.91542086
1784902800000,2026-07-24T14:20:00Z,355.63,358.557,355.117,357.81,14920.547589999998,5326395.2688138
1784903100000,2026-07-24T14:25:00Z,356.71,358.494,356.115,358.23,13216.880822,4717020.17733454
1784903400000,2026-07-24T14:30:00Z,358.86,358.86,354.31,354.31,40630.681781,14448258.25211907
1784903700000,2026-07-24T14:35:00Z,355.05,355.246,351.86,352.61,18447.95327,6524732.99077939
1784904000000,2026-07-24T14:40:00Z,351.98,352.842,351.593,352.53,24460.60605,8614700.12474954
1784904300000,2026-07-24T14:45:00Z,352.53,352.808,350.595,350.97,23903.191293,8396846.89527628
1784904600000,2026-07-24T14:50:00Z,353.4,354.11,352.308,352.99,34152.456094,12072316.05272101
1784904900000,2026-07-24T14:55:00Z,354.26,357.077,353.601,356.43,14156.887057999998,5033867.67648858
1784905200000,2026-07-24T15:00:00Z,356.09,357.038,354.052,354.205,13246.490303999999,4711938.20831451
1784905500000,2026-07-24T15:05:00Z,353.75,354.578,352.41,352.67,20300.270063999997,7175276.61606526
1784905800000,2026-07-24T15:10:00Z,352.99,356.62,352.278,356.62,17648.512686000002,6257154.86838123
1784906100000,2026-07-24T15:15:00Z,356.15,358.069,356.15,357.42,19146.182313999998,6837951.79482414
1784906400000,2026-07-24T15:20:00Z,356.16,358.845,356.16,357.46,10269.304971000001,3674273.11032304
1784906700000,2026-07-24T15:25:00Z,357.74,358.961,357.26,357.28,12080.746640000001,4323475.72864316
1784907000000,2026-07-24T15:30:00Z,357.22,358.38,357.052,357.15,8172.808677,2922612.72851255
1784907300000,2026-07-24T15:35:00Z,357.63,359.48,357.006,359.48,10303.218287,3692776.46624367
1784907600000,2026-07-24T15:40:00Z,359.66,360.149,358.445,359.84,17045.035484,6127039.13614251
1784907900000,2026-07-24T15:45:00Z,359.91,361.35,359.823,360.38,8614.178833,3105882.66487867
1784908200000,2026-07-24T15:50:00Z,360.8,363.141,360.559,362.685,12214.814702,4426487.61245073
1784908500000,2026-07-24T15:55:00Z,363.03,364.455,362.675,364.08,14158.950389999998,5150125.6426372
1784908800000,2026-07-24T16:00:00Z,363.53,364.172,362.63,363.78,9593.039863,3484741.75942575
1784909100000,2026-07-24T16:05:00Z,363.585,364.229,362.97,364.07,34580.124257,12579066.56444701
1784909400000,2026-07-24T16:10:00Z,365.02,365.02,362.453,362.565,18306.375749000003,6666777.47688175
1784909700000,2026-07-24T16:15:00Z,362.41,362.862,361.936,362.67,19235.905444000004,6969366.67218727
1784910000000,2026-07-24T16:20:00Z,362.69,363.499,362.404,363.3,9617.928651,3491024.3714178
1784910300000,2026-07-24T16:25:00Z,362.62,363.135,361.045,361.35,8673.796837,3138962.0721013
1784910600000,2026-07-24T16:30:00Z,361.2,361.257,358.914,360.135,9555.13141,3437095.42975392
1784910900000,2026-07-24T16:35:00Z,359.69,360.144,358.247,358.78,11267.854512000002,4046257.25883747
1784911200000,2026-07-24T16:40:00Z,357.715,358.747,357.471,357.485,7190.246407,2573179.95289486
1784911500000,2026-07-24T16:45:00Z,357.96,358.406,357.424,357.58,5888.739021,2108104.97113657
1784911800000,2026-07-24T16:50:00Z,357.14,357.656,356.802,357.09,6523.599604999999,2329706.58621768
1784912100000,2026-07-24T16:55:00Z,357.36,359.79,357.023,359.22,9722.601426000001,3484055.3306014
1784912400000,2026-07-24T17:00:00Z,358.22,358.972,357.21,358.04,7500.2654410000005,2683922.73638957
1784912700000,2026-07-24T17:05:00Z,357.61,358.07,355.855,356,10562.761919999999,3770630.31735389
1784913000000,2026-07-24T17:10:00Z,356.02,356.89,355.613,356.76,10279.970303000002,3662073.91292187
1784913300000,2026-07-24T17:15:00Z,355.87,357.488,355.63,357.315,18604.430686,6634780.90763486
1784913600000,2026-07-24T17:20:00Z,357.37,357.765,357.19,357.765,8639.453642,3087581.76570379
1784913900000,2026-07-24T17:25:00Z,357.71,358.806,357.44,358.21,10122.313869,3623667.90956696
1784914200000,2026-07-24T17:30:00Z,358.225,359.99,358.223,359.97,9874.19184,3542008.87685539
1784914500000,2026-07-24T17:35:00Z,359.75,360.01,358.318,358.75,17410.911182,6260101.82094369
1784914800000,2026-07-24T17:40:00Z,358.17,358.305,356.767,357.11,9694.89148,3466531.5737958
1784915100000,2026-07-24T17:45:00Z,356.205,357.616,356.205,356.74,9738.809984,3475976.05948928
1784915400000,2026-07-24T17:50:00Z,358.175,358.175,356.23,356.75,19602.193507999997,6998459.41565824
1784915700000,2026-07-24T17:55:00Z,356.79,357.003,356.163,356.2,11244.063921,4008770.77452586
1784916000000,2026-07-24T18:00:00Z,355.98,356.7,355.764,355.895,7930.283315,2823603.54424069
1784916300000,2026-07-24T18:05:00Z,355.385,356.05,355.385,355.56,10473.192228,3726001.51690976
1784916600000,2026-07-24T18:10:00Z,355.29,355.646,354.9,355.06,11927.819096000001,4237821.72601683
1784916900000,2026-07-24T18:15:00Z,354.28,355.047,353.823,354.1,10699.502815,3792149.88620075
1784917200000,2026-07-24T18:20:00Z,353.74,353.919,353.347,353.35,10642.968762,3763733.708228
1784917500000,2026-07-24T18:25:00Z,353.36,353.395,352.48,352.62,15481.348280999999,5462813.57609644
1784917800000,2026-07-24T18:30:00Z,352.675,352.675,351.17,351.185,17474.187681,6148165.37398978
1784918100000,2026-07-24T18:35:00Z,351.35,351.61,350.27,350.44,26767.323278,9394779.06371847
1784918400000,2026-07-24T18:40:00Z,350.215,350.458,349.504,350.29,22466.832775000003,7862391.69719151
1784918700000,2026-07-24T18:45:00Z,350.29,351.657,349.895,350.09,11658.367827,4089481.46206767
1784919000000,2026-07-24T18:50:00Z,350.17,350.58,349.399,349.72,12612.596359,4414071.96932721
1784919300000,2026-07-24T18:55:00Z,349.65,350.81,349.505,350.075,15876.171656999999,5559884.53041354
1784919600000,2026-07-24T19:00:00Z,350.1,350.636,349.61,350,18136.958762,6350565.42572049
1784919900000,2026-07-24T19:05:00Z,349.55,350.778,346.99,347.045,39988.543675,13931628.72520509
1784920200000,2026-07-24T19:10:00Z,346.68,347.916,346.55,347.12,39188.343401,13599985.39523248
1784920500000,2026-07-24T19:15:00Z,346.86,347.74,345.67,347.74,57823.923994,20032387.23345617
1784920800000,2026-07-24T19:20:00Z,347.44,348.71,347.04,348.47,31504.96439,10963929.2394921
1784921100000,2026-07-24T19:25:00Z,347.96,350.77,347.685,350.75,30258.35918,10556336.64554781
1784921400000,2026-07-24T19:30:00Z,350.685,351.25,349.931,350.94,31577.367184000002,11069341.86103949
1784921700000,2026-07-24T19:35:00Z,350.74,351.06,349.31,349.33,34324.51081,12030270.7931069
1784922000000,2026-07-24T19:40:00Z,349.135,349.469,348.055,348.975,51422.946784,17931227.82423291
1784922300000,2026-07-24T19:45:00Z,350.01,350.01,348.19,349.87,64577.165643,22544230.78494921
1784922600000,2026-07-24T19:50:00Z,350.15,350.16,347,349.27,97806.55204899999,34071401.43902939
1784922900000,2026-07-24T19:55:00Z,350.17,350.625,347.33,349.95,416754.80660300003,145540988.95852938
1784923200000,2026-07-24T20:00:00Z,349.886,349.965,349.886,349.965,872755.796916,305266500.6302797596
1784923500000,2026-07-24T20:05:00Z,349.965,349.965,349.965,349.965,347,121437.855
1784923800000,2026-07-24T20:10:00Z,349.965,349.965,349.965,349.965,49.025931,17157.359942415
1784924100000,2026-07-24T20:15:00Z,349.965,352.624,349.965,352.252,1234.024292,431939.21034978
1784924400000,2026-07-24T20:20:00Z,352.251,352.251,350.75,350.75,78,27471.0228
1784924700000,2026-07-24T20:25:00Z,350.75,350.755,350.034,350.754,628,220273.2608
1784925000000,2026-07-24T20:30:00Z,350.629,350.754,350,350.754,130.356192,45639.93191008
1784925300000,2026-07-24T20:35:00Z,350.755,350.755,349.755,349.755,121.141309,42476.44345187
1784925600000,2026-07-24T20:40:00Z,349.755,350.754,349.755,350.754,72,25193.3616
1784925900000,2026-07-24T20:45:00Z,350.754,350.755,350.002,350.514,41,14378.2039
1784926200000,2026-07-24T20:50:00Z,350.511,350.511,350.5,350.5,120,42060.096
1784926500000,2026-07-24T20:55:00Z,350.5,350.5,350.5,350.5,93,32596.5
1784926800000,2026-07-24T21:00:00Z,350.5,351.441,349.784,351.441,223,78146.5813
1784927100000,2026-07-24T21:05:00Z,351.442,351.445,351.442,351.445,34,11949.0586
1784927400000,2026-07-24T21:10:00Z,351.362,351.362,350.95,350.95,17,5970.672
1784927700000,2026-07-24T21:15:00Z,350.95,350.95,349.455,349.455,554,193874.4052
1784928000000,2026-07-24T21:20:00Z,349.455,349.455,349.455,349.455,728,254403.24
1784928300000,2026-07-24T21:25:00Z,349.455,349.455,349.455,349.455,102,35644.41
1784928600000,2026-07-24T21:30:00Z,349.455,349.455,349.455,349.455,57,19918.935
1784928900000,2026-07-24T21:35:00Z,349.455,349.455,349.455,349.455,4,1397.82
1784929200000,2026-07-24T21:40:00Z,349.455,349.455,349.455,349.455,95,33198.225
1784929500000,2026-07-24T21:45:00Z,349.455,349.455,349.455,349.455,57,19918.935
1784929800000,2026-07-24T21:50:00Z,349.455,349.455,349.455,349.455,5,1747.275
1784930100000,2026-07-24T21:55:00Z,349.455,349.455,349.455,349.455,7,2446.185
1784930400000,2026-07-24T22:00:00Z,349.455,349.455,348.491,348.5,183,63861.7662
1784930700000,2026-07-24T22:05:00Z,348.5,348.5,348.5,348.5,33,11500.5
1784931000000,2026-07-24T22:10:00Z,348.5,348.5,348.5,348.5,22,7667
1784931300000,2026-07-24T22:15:00Z,348.5,348.5,348.5,348.5,15,5227.5
1784931600000,2026-07-24T22:20:00Z,348.5,348.5,348.5,348.5,213.485235,74399.6043975
1784931900000,2026-07-24T22:25:00Z,348.5,348.5,348.5,348.5,9,3136.5
1784932200000,2026-07-24T22:30:00Z,348.5,348.5,348.5,348.5,8,2788
1784932500000,2026-07-24T22:35:00Z,348.5,348.5,348.5,348.5,37,12894.5
1784932800000,2026-07-24T22:40:00Z,348.5,348.5,347.835,347.835,37.356192,13018.632912
1784933100000,2026-07-24T22:45:00Z,347.731,348,347.216,348,17,5914.6927
1784933400000,2026-07-24T22:50:00Z,348,348,348,348,19,6612
1784933700000,2026-07-24T22:55:00Z,348,348,348,348,7,2436
1784934000000,2026-07-24T23:00:00Z,348,348,348,348,1,348
1784934300000,2026-07-24T23:05:00Z,348,348.955,348,348.955,125,43523.875
1784934600000,2026-07-24T23:10:00Z,348.955,348.955,348.955,348.955,30,10468.65
1784934900000,2026-07-24T23:15:00Z,348.955,348.955,348.955,348.955,36,12562.38
1784935200000,2026-07-24T23:20:00Z,348.955,348.955,348.955,348.955,41,14307.155
1784935500000,2026-07-24T23:25:00Z,349.045,349.495,349.045,349.495,21,7338.4794
1784935800000,2026-07-24T23:30:00Z,349.495,349.495,349.495,349.495,55.52141,19404.45518795
1784936100000,2026-07-24T23:35:00Z,349.495,349.495,349.495,349.495,38,13280.81
1784936400000,2026-07-24T23:40:00Z,349.495,349.495,349.495,349.495,46,16076.77
1784936700000,2026-07-24T23:45:00Z,349.495,349.495,348.026,348.026,112,39128.9248
1784937000000,2026-07-24T23:50:00Z,348.025,349.619,348.025,349.619,300,104853.3
1784937300000,2026-07-24T23:55:00Z,349.62,349.62,349.62,349.62,41,14334.42
1785110400000,2026-07-27T00:00:00Z,360.69,373,359.86,359.86,170,62057.32
1785110700000,2026-07-27T00:05:00Z,358.89,359.5,358.58,358.72,160,57423.86
1785111000000,2026-07-27T00:10:00Z,358.11,359.63,358.11,359.63,240,86083.43
1785111300000,2026-07-27T00:15:00Z,359.65,359.74,359.63,359.64,91,32729.78
1785111600000,2026-07-27T00:20:00Z,359.15,359.49,359.15,359.4,153,54978.5
1785111900000,2026-07-27T00:25:00Z,359.37,359.67,359.37,359.67,21,7552.39
1785112200000,2026-07-27T00:30:00Z,359.9,360.52,359.88,360.52,92,33119.37
1785112800000,2026-07-27T00:40:00Z,358.78,359.56,358.78,358.99,22,7907.11
1785113100000,2026-07-27T00:45:00Z,358.81,358.81,358.81,358.81,10,3588.1
1785113400000,2026-07-27T00:50:00Z,360.45,362.92,359.96,362,236,85367.78
1785114000000,2026-07-27T01:00:00Z,360.12,360.24,359.75,359.75,124,44642.79
1785114300000,2026-07-27T01:05:00Z,359.88,360.95,359.88,360.95,55,19816.32
1785114600000,2026-07-27T01:10:00Z,360.08,360.08,359.04,359.04,54,19435.49
1785114900000,2026-07-27T01:15:00Z,358.99,358.99,357.94,358,241,86333.95
1785115200000,2026-07-27T01:20:00Z,357.38,357.38,357.37,357.37,60,21442.4
1785115500000,2026-07-27T01:25:00Z,356.94,357,356.93,357,6,2141.69
1785115800000,2026-07-27T01:30:00Z,357.93,358.25,357.93,358.01,101,36160.34
1785116400000,2026-07-27T01:40:00Z,360.91,361.32,360.91,361.32,49,17688.28
1785116700000,2026-07-27T01:45:00Z,359.92,359.92,359.92,359.92,5,1799.6
1785117000000,2026-07-27T01:50:00Z,358.99,359.28,358.99,359.28,135,48488.3
1785117300000,2026-07-27T01:55:00Z,360.44,361.32,360.44,360.69,76,27440.03
1785117600000,2026-07-27T02:00:00Z,360.79,361.32,360.79,361.32,34,12275.49
1785118200000,2026-07-27T02:10:00Z,360.95,360.95,360.95,360.95,2,721.9
1785118500000,2026-07-27T02:15:00Z,361.21,361.32,361.21,361.32,48,17341.57
1785118800000,2026-07-27T02:20:00Z,361.49,361.5,361.49,361.5,10,3614.99
1785119100000,2026-07-27T02:25:00Z,361.94,362.75,361.94,362.75,9,3260.63
1785119400000,2026-07-27T02:30:00Z,362.43,362.43,362.43,362.43,5,1812.15
1785119700000,2026-07-27T02:35:00Z,362.3,363.01,362.13,363.01,44,15943.23
1785120900000,2026-07-27T02:55:00Z,361.99,362.02,361.17,361.17,171,61801.64
1785121500000,2026-07-27T03:05:00Z,361.25,361.28,360.99,360.99,71,25646.24
1785121800000,2026-07-27T03:10:00Z,360.84,360.84,360.04,360.04,85,30650.84
1785122100000,2026-07-27T03:15:00Z,361.59,362.49,361.59,362.49,162,58649.06
1785122700000,2026-07-27T03:25:00Z,361.91,361.91,361.91,361.91,18,6514.38
1785123600000,2026-07-27T03:40:00Z,361.99,361.99,361.96,361.96,10,3619.69
1785123900000,2026-07-27T03:45:00Z,361.62,361.62,361.49,361.51,58,20968.87
1785124200000,2026-07-27T03:50:00Z,361,361,360.49,360.49,92,33193.53
1785124500000,2026-07-27T03:55:00Z,361.12,361.12,361.12,361.12,4,1444.48
1785124800000,2026-07-27T04:00:00Z,361.12,361.12,361.12,361.12,1,361.12
1785125100000,2026-07-27T04:05:00Z,360.61,360.61,360.61,360.61,7,2524.27
1785125400000,2026-07-27T04:10:00Z,361.01,361.01,360.85,360.85,14,5052.7
1785126000000,2026-07-27T04:20:00Z,361.07,361.9,361.07,361.9,32,11577.37
1785127200000,2026-07-27T04:40:00Z,362.11,362.4,362.11,362.26,68,24631.63
1785127800000,2026-07-27T04:50:00Z,362.5,363.32,362.27,363.32,235,85187.64
1785128100000,2026-07-27T04:55:00Z,363.4,363.4,363.4,363.4,4,1453.6
1785128700000,2026-07-27T05:05:00Z,363.23,363.51,363.23,363.51,2,726.74
1785129000000,2026-07-27T05:10:00Z,363.01,363.01,362.95,362.95,542,196745.67
1785129600000,2026-07-27T05:20:00Z,364.11,364.2,364.11,364.2,17,6190.82
1785129900000,2026-07-27T05:25:00Z,364.03,364.13,364.03,364.13,4,1456.42
1785130200000,2026-07-27T05:30:00Z,363.95,364.48,363.95,364.48,40,14574.04
1785131100000,2026-07-27T05:45:00Z,363.53,363.53,363.34,363.34,236,85766.46
1785131700000,2026-07-27T05:55:00Z,363.14,363.14,362.99,362.99,76,27593.54
1785132000000,2026-07-27T06:00:00Z,362.82,362.82,362.82,362.82,100,36282
1785132900000,2026-07-27T06:15:00Z,363.26,363.43,363.26,363.43,113,41054.42
1785134100000,2026-07-27T06:35:00Z,363.2,363.2,363.05,363.05,40,14525.34
1785134400000,2026-07-27T06:40:00Z,363.43,363.65,363.43,363.65,138,50172.13
1785134700000,2026-07-27T06:45:00Z,363.49,363.49,362.73,362.8,51,18517.73
1785135300000,2026-07-27T06:55:00Z,362.8,362.8,362.8,362.8,5,1814
1785135600000,2026-07-27T07:00:00Z,363.99,364.63,363.99,364.63,23,8377.85
1785136500000,2026-07-27T07:15:00Z,364.02,364.02,364.02,364.02,2,728.04
1785136800000,2026-07-27T07:20:00Z,364.93,364.93,364.6,364.72,15,5469.86
1785137400000,2026-07-27T07:30:00Z,363.39,363.39,362.05,362.05,108,39160.54
1785137700000,2026-07-27T07:35:00Z,363.37,363.59,363.37,363.59,16,5814.53
1785138000000,2026-07-27T07:40:00Z,363.56,363.56,363.56,363.56,6,2181.36
1785138300000,2026-07-27T07:45:00Z,363.49,363.58,363.49,363.58,23,8360.84
1785138900000,2026-07-27T07:55:00Z,363.21,363.22,361.99,362.32,390,141247.02
1785139200000,2026-07-27T08:00:00Z,349.62,363.371,349.62,362.081,4540.592442,1646689.43877874
1785139500000,2026-07-27T08:05:00Z,362.08,364.305,360.951,364.305,724.045463,263441.62476707
1785139800000,2026-07-27T08:10:00Z,364.232,364.232,363.87,363.87,25.5,9279.7713
1785140100000,2026-07-27T08:15:00Z,363.826,363.826,358.83,360.353,297,107799.5372
1785140400000,2026-07-27T08:20:00Z,360.354,363.764,360.354,363.764,5,1815.315
1785141000000,2026-07-27T08:30:00Z,363.765,363.765,363.765,363.765,10,3637.65
1785141300000,2026-07-27T08:35:00Z,363.863,364.355,363.863,364.355,349,127131.2072
1785141600000,2026-07-27T08:40:00Z,364.355,364.355,364.355,364.355,1153,420101.315
1785141900000,2026-07-27T08:45:00Z,364.355,364.355,364.355,364.355,14,5100.97
1785142200000,2026-07-27T08:50:00Z,364.355,364.355,363.832,363.879,908,330401.1332
1785142500000,2026-07-27T08:55:00Z,363.88,366.005,363.88,366.005,704.0142069999999,256211.74955067
1785142800000,2026-07-27T09:00:00Z,366.005,366.005,366.005,366.005,369,135055.845
1785143100000,2026-07-27T09:05:00Z,366.005,366.005,366.005,366.005,12,4392.06
1785143400000,2026-07-27T09:10:00Z,366.005,366.005,366.005,366.005,12,4392.06
1785143700000,2026-07-27T09:15:00Z,366.005,366.005,366.005,366.005,0,0
1785144300000,2026-07-27T09:25:00Z,366.005,366.005,363.875,363.875,6,2196.03
1785144600000,2026-07-27T09:30:00Z,363.875,364.229,363.875,364.065,1024.1820910000001,372681.42763726
1785144900000,2026-07-27T09:35:00Z,364.056,364.5,363.802,364.5,322,117314.1634
1785145200000,2026-07-27T09:40:00Z,364.5,364.5,364.5,364.5,16,5832
1785145500000,2026-07-27T09:45:00Z,364.5,364.5,364.5,364.5,203,73993.5
1785145800000,2026-07-27T09:50:00Z,364.5,364.5,364.5,364.5,45,16402.5
1785146100000,2026-07-27T09:55:00Z,364.5,364.5,364.5,364.5,45,16402.5
1785146400000,2026-07-27T10:00:00Z,364.5,366.104,363.436,364.809,227,82807.1257
1785146700000,2026-07-27T10:05:00Z,364.808,365.242,364.807,365.242,299,109106.3558
1785147000000,2026-07-27T10:10:00Z,365.262,365.36,363.06,363.06,72,26260.92
1785147300000,2026-07-27T10:15:00Z,363.153,363.62,363.153,363.62,204.095796,74155.69709831
1785147600000,2026-07-27T10:20:00Z,363.62,363.62,363.06,363.619,5,1816.456
1785147900000,2026-07-27T10:25:00Z,363.62,363.62,363.62,363.62,21,7636.02
1785148200000,2026-07-27T10:30:00Z,363.62,363.62,363.62,363.62,0,0
1785148500000,2026-07-27T10:35:00Z,363.62,363.62,363.62,363.62,41,14908.42
1785148800000,2026-07-27T10:40:00Z,363.568,363.568,363.341,363.341,0,0
1785149100000,2026-07-27T10:45:00Z,363.34,363.34,363.34,363.34,28,10173.52
1785149400000,2026-07-27T10:50:00Z,363.34,364,363.34,364,36,13090.14
1785149700000,2026-07-27T10:55:00Z,364,365.184,364,365.184,210,76450.962
1785150000000,2026-07-27T11:00:00Z,364.99,366.233,362.5,364.99,3419,1243966.5667
1785150300000,2026-07-27T11:05:00Z,362.5,362.5,362.5,362.5,533,193212.5
1785150600000,2026-07-27T11:10:00Z,362,362.5,362,362,775,280937.5
1785150900000,2026-07-27T11:15:00Z,362.5,362.5,362.5,362.5,2,725
1785151200000,2026-07-27T11:20:00Z,362.5,362.5,362.5,362.5,76,27550
1785151500000,2026-07-27T11:25:00Z,362.5,362.5,362.5,362.5,222,80475
1785151800000,2026-07-27T11:30:00Z,362.5,362.5,362.4,362.4,337.687741,122409.74621728
1785152100000,2026-07-27T11:35:00Z,362.4,362.4,362.4,362.4,253,91687.2
1785152400000,2026-07-27T11:40:00Z,362.4,362.4,362.4,362.4,308,111619.2
1785152700000,2026-07-27T11:45:00Z,362.4,363.395,361.251,361.251,123,44688.375
1785153000000,2026-07-27T11:50:00Z,361.25,361.25,361,361,46,16616.373
1785153300000,2026-07-27T11:55:00Z,361.083,361.716,361.083,361.716,184,66517.9136
1785153600000,2026-07-27T12:00:00Z,361.73,361.8,361.73,361.8,988,357456.2264
1785153900000,2026-07-27T12:05:00Z,362.067,363.4,362.067,362.77,738,268184.3292
1785154200000,2026-07-27T12:10:00Z,362.767,362.767,359.631,359.631,696,251817.3936
1785154500000,2026-07-27T12:15:00Z,359.63,359.63,359.63,359.63,63,22656.69
1785154800000,2026-07-27T12:20:00Z,359.63,359.63,359.63,359.63,17,6113.71
1785155100000,2026-07-27T12:25:00Z,359.63,360.005,359.63,360.005,128,46032.64
1785155400000,2026-07-27T12:30:00Z,360.317,362.125,360.317,360.905,322.19005500000003,116440.71019921
1785155700000,2026-07-27T12:35:00Z,360.905,361.659,360.905,361.283,119,42957.3459
1785156000000,2026-07-27T12:40:00Z,361.284,361.285,361.284,361.285,138,49857.33
1785156300000,2026-07-27T12:45:00Z,361.285,361.459,361.285,361.459,247,89237.395
1785156600000,2026-07-27T12:50:00Z,361.233,361.233,360.1,360.1,10,3612.33
1785156900000,2026-07-27T12:55:00Z,360.298,361.284,359.905,359.905,1115,402234.466
1785157200000,2026-07-27T13:00:00Z,359.905,359.905,359.905,359.905,637,229259.485
1785157500000,2026-07-27T13:05:00Z,359.905,359.905,355.95,355.95,2583.068479,923127.45567165
1785157800000,2026-07-27T13:10:00Z,355.95,356.999,355.357,355.357,1111,395878.4082
1785158100000,2026-07-27T13:15:00Z,355.323,357.057,355.15,357.057,643,228467.0306
1785158400000,2026-07-27T13:20:00Z,357.064,357.38,356.65,357.38,1428,509843.4096
1785158700000,2026-07-27T13:25:00Z,357.38,357.38,351.32,351.716,1472.589056,520446.10564416
1785159000000,2026-07-27T13:30:00Z,350.01,354.254,348.58,352.45,79286.52776,27883335.43823406
1785159300000,2026-07-27T13:35:00Z,352.17,354.28,349.45,350.07,27547.433642,9694625.07497412
1785159600000,2026-07-27T13:40:00Z,349.99,350.226,344.07,344.63,37256.011433,12931885.69569377
1785159900000,2026-07-27T13:45:00Z,344.81,345.377,339.892,344.07,61548.875149,21056719.56294996
1785160200000,2026-07-27T13:50:00Z,342.795,345.248,342.56,343.46,44260.972797,15229718.29484421
1785160500000,2026-07-27T13:55:00Z,343.551,343.551,340.249,340.481,24276.566273,8300328.0163382725
1785160800000,2026-07-27T14:00:00Z,340.488,341.01,335.643,335.781,13616.820104,4629913.9799203848
1785161100000,2026-07-27T14:05:00Z,335.792,336.8,333.2,335.813,10475.48858,3512948.288199332
1785161400000,2026-07-27T14:10:00Z,333.87,335.864,329.99,331.06,55753.728082,18512127.77460598
1785161700000,2026-07-27T14:15:00Z,330.49,332.45,328.955,330.935,49429.84587600001,16363592.301743
1785162000000,2026-07-27T14:20:00Z,330.83,331.34,328.86,329.49,31967.174364,10559934.0844458
1785162300000,2026-07-27T14:25:00Z,328.96,329.41,325.98,326.17,46481.819489999994,15236089.68334914
1785162600000,2026-07-27T14:30:00Z,326.33,326.407,324.16,325.24,47038.030122,15304335.81472103
1785162900000,2026-07-27T14:35:00Z,324.54,325.24,322.38,322.38,44109.890208000004,14279011.05373762
1785163200000,2026-07-27T14:40:00Z,322.5,322.5,319.63,321.63,59631.831680999996,19137142.83399721
1785163500000,2026-07-27T14:45:00Z,321.24,328.074,320.441,327.96,66360.733317,21508933.78773268
1785163800000,2026-07-27T14:50:00Z,327.97,329.47,327.39,328.85,44686.887676,14684348.13083828
1785164100000,2026-07-27T14:55:00Z,328.44,331.13,328.161,330.92,36638.141956,12074784.81485438
1785164400000,2026-07-27T15:00:00Z,330.51,331.391,327.41,328.175,36805.741589,12110579.61531535
1785164700000,2026-07-27T15:05:00Z,328.167,329.21,326.985,327.77,8439.3656040000005,2773628.6868343313643314
1785165000000,2026-07-27T15:10:00Z,327.769,328.517,326.19,326.217,29747.138833,9750870.0474490666
1785165300000,2026-07-27T15:15:00Z,325.35,326.603,324.48,326.33,32409.206915,10546895.79714154
1785165600000,2026-07-27T15:20:00Z,326.955,328.087,324.409,324.66,50350.653320000005,16411100.61063819
1785165900000,2026-07-27T15:25:00Z,324.65,324.861,323.17,323.805,28827.466125,9342777.09610301
1785166200000,2026-07-27T15:30:00Z,324.37,324.405,322.433,322.61,20411.231087,6596420.01777231
1785166500000,2026-07-27T15:35:00Z,322.57,323.074,322.229,322.71,23710.226664,7651449.00299145
1785166800000,2026-07-27T15:40:00Z,322.53,323.817,321.937,323.64,47284.039975,15254587.8405746
1785167100000,2026-07-27T15:45:00Z,324.55,324.55,323.01,323.57,16697.254665,5408207.39148417
1785167400000,2026-07-27T15:50:00Z,323.66,325.018,323.442,323.91,22269.254209,7220614.16168205
1785167700000,2026-07-27T15:55:00Z,324.96,327.299,324.362,326.73,24232.599442,7894854.8886865
1785168000000,2026-07-27T16:00:00Z,327.4,330.09,326.262,329.99,36700.905735,12047354.90448791
1785168300000,2026-07-27T16:05:00Z,330.1,330.724,328.94,329.8,36396.005373,11999479.08263619
1785168600000,2026-07-27T16:10:00Z,330.36,331.08,328.503,329.38,44888.13166500001,14819143.34722478
1785168900000,2026-07-27T16:15:00Z,328.528,329.335,327.46,328.452,27331.567685,8971715.2834954352
1785169200000,2026-07-27T16:20:00Z,328.454,330.75,328.085,330.287,25931.311612000001,8528868.6626758819289843
1785169500000,2026-07-27T16:25:00Z,330.274,333.79,330.263,331.527,44963.789031,14964601.6207296013
1785169800000,2026-07-27T16:30:00Z,331.88,334.334,331.527,333.25,34293.766333,11408987.35872777
1785170100000,2026-07-27T16:35:00Z,331.79,333.268,330.825,333.25,58580.213128999996,19461940.18325091
1785170400000,2026-07-27T16:40:00Z,332.86,333.404,331.675,332.15,36994.072782,12309019.33971847
1785170700000,2026-07-27T16:45:00Z,332.37,333.44,332.098,332.47,21448.083719,7140837.05626061
1785171000000,2026-07-27T16:50:00Z,331.99,332.561,329.42,329.515,32255.050932000002,10654891.61199489
1785171300000,2026-07-27T16:55:00Z,329.09,329.561,328.83,328.94,27919.547197999997,9188228.05640133
1785171600000,2026-07-27T17:00:00Z,328.69,329.467,327.599,327.78,17060.466805,5601710.44285432
1785171900000,2026-07-27T17:05:00Z,327.62,328.721,327.51,328.48,15063.528778,4943071.36050178
1785172200000,2026-07-27T17:10:00Z,328.045,329.11,327.952,328.71,13166.380737,4325813.07450328
1785172500000,2026-07-27T17:15:00Z,328.83,329.008,326.84,326.84,17099.052454,5604060.55032641
1785172800000,2026-07-27T17:20:00Z,327.3,327.831,327.01,327.45,13266.355117,4343604.98726807
1785173100000,2026-07-27T17:25:00Z,327.62,327.62,326.725,327.32,18560.818651,6076845.43581097
1785173400000,2026-07-27T17:30:00Z,326.981,329.156,326.865,329.018,6749.593386,2208086.935077135
1785173700000,2026-07-27T17:35:00Z,328.915,329.3,328.18,328.18,20182.619902,6637064.64608265
1785174000000,2026-07-27T17:40:00Z,328.37,329.04,328.176,328.76,19829.835087,6517797.10733972
1785174300000,2026-07-27T17:45:00Z,328.93,329.82,328.099,329.45,19539.186191,6430709.60432125
1785174600000,2026-07-27T17:50:00Z,328.94,330.11,328.82,330.01,18146.407642000002,5977911.18635884
1785174900000,2026-07-27T17:55:00Z,330.17,330.874,329.79,330.74,17639.956814,5824465.01659172
1785175200000,2026-07-27T18:00:00Z,331,332.15,330.6,331.2,33846.745348,11214137.51544471
1785175500000,2026-07-27T18:05:00Z,330.84,331.77,330.77,331.27,15715.058409000001,5204362.17933189
1785175800000,2026-07-27T18:10:00Z,331.27,331.92,330.977,331.69,16029.622206000002,5311232.58026495
1785176100000,2026-07-27T18:15:00Z,331.7,331.732,330.06,331.09,16671.305838,5514292.81115899
1785176400000,2026-07-27T18:20:00Z,330.83,331.65,330.797,331.65,15969.880175999999,5289610.78539146
1785176700000,2026-07-27T18:25:00Z,331.74,331.74,329.844,329.9,35217.152205,11639849.88676388
1785177000000,2026-07-27T18:30:00Z,329.495,330.086,328.665,328.665,28309.292698999994,9323014.43668357
1785177300000,2026-07-27T18:35:00Z,328.766,329.625,328.464,328.479,22588.763147,7434267.8251563005
1785177600000,2026-07-27T18:40:00Z,328.479,329.643,327.89,329.492,35797.148063,11759326.789066807
1785177900000,2026-07-27T18:45:00Z,329.512,330.4,328.88,329.721,13527.519787000001,4459184.0396553237296182
1785178200000,2026-07-27T18:50:00Z,329.57,331.001,329.367,330.73,34560.221579,11409739.20026832
1785178500000,2026-07-27T18:55:00Z,331.05,333.08,330.903,333.08,28324.853617,9404834.27326451
1785178800000,2026-07-27T19:00:00Z,333.14,334.169,332.75,333.61,32820.789032,10943842.66472376
1785179100000,2026-07-27T19:05:00Z,333.56,335.14,332.945,334.845,41561.38524,13892491.50041746
1785179400000,2026-07-27T19:10:00Z,334.755,335.87,333.89,334.49,42276.54208500001,14164049.40732643
1785179700000,2026-07-27T19:15:00Z,334.495,335.419,334.435,334.87,41815.381112999996,14000400.10119665
1785180000000,2026-07-27T19:20:00Z,334.89,335.92,334.62,335.58,44702.17111,14986013.95573884
1785180300000,2026-07-27T19:25:00Z,335.7,336.9,334.52,336.86,55293.527315,18567312.12215135
1785180600000,2026-07-27T19:30:00Z,337.05,337.63,335.54,335.54,93216.499426,31383124.28855188
1785180900000,2026-07-27T19:35:00Z,335.27,335.87,333.725,333.875,71896.367377,24081098.70271366
1785181200000,2026-07-27T19:40:00Z,333.875,335.23,333.875,334.98,62895.239365,21049740.97353458
1785181500000,2026-07-27T19:45:00Z,334.725,335.81,334.17,335.8,70271.83670100001,23535225.70520515
1785181800000,2026-07-27T19:50:00Z,335.86,336.42,334.65,335.27,86483.011272,28994950.1345893296
1785182100000,2026-07-27T19:55:00Z,335.04,335.77,333.64,334.58,430083.69562400004,143845792.83840305
1785182400000,2026-07-27T20:00:00Z,334.555,334.77,331.74,331.74,592055.5072229999,198082057.26842524
1785182700000,2026-07-27T20:05:00Z,331.742,331.755,331.742,331.755,2821,935880.855
1785183000000,2026-07-27T20:10:00Z,331.755,331.755,329.393,330.35,229.175943,75928.3962633
1785183300000,2026-07-27T20:15:00Z,330.35,332.76,330.35,332.76,133057.32681300002,44203107.59787355
1785183600000,2026-07-27T20:20:00Z,332.76,333.345,332.76,333.345,2309.151,769677.6674613
1785183900000,2026-07-27T20:25:00Z,333.345,333.345,333.075,333.075,2847.454757,948846.24360156
1785184200000,2026-07-27T20:30:00Z,333.075,333.595,333.075,333.595,393,131054.1816
1785184500000,2026-07-27T20:35:00Z,333.595,333.75,333.595,333.75,1366,455769.8614
1785184800000,2026-07-27T20:40:00Z,333.75,333.885,333.75,333.885,769,256681.8954
1785185100000,2026-07-27T20:45:00Z,333.885,333.885,333.885,333.885,39,13021.515
1785185400000,2026-07-27T20:50:00Z,333.885,333.885,333.885,333.885,19,6343.815
1785185700000,2026-07-27T20:55:00Z,333.885,333.885,333.885,333.885,30,10016.55
1785186000000,2026-07-27T21:00:00Z,333.885,333.885,333.885,333.885,5,1669.425
1785186300000,2026-07-27T21:05:00Z,333.885,333.885,333.885,333.885,617,206007.045
1785186600000,2026-07-27T21:10:00Z,333.885,333.885,333.885,333.885,129.017,43076.841045
1785186900000,2026-07-27T21:15:00Z,333.885,333.885,333.885,333.885,778,259762.53
1785187200000,2026-07-27T21:20:00Z,333.885,335.48,333.885,335.48,572,191330.7968
1785187500000,2026-07-27T21:25:00Z,335.48,335.48,335.48,335.48,52,17444.96
1785187800000,2026-07-27T21:30:00Z,335.48,335.48,335.48,335.48,1,335.48
1785188100000,2026-07-27T21:35:00Z,335.7,338.094,335.7,338.094,7,2349.9
1785188400000,2026-07-27T21:40:00Z,337.879,337.879,336.801,336.801,57,19205.2038
1785188700000,2026-07-27T21:45:00Z,336.75,336.75,336.5,336.5,45.016924,15148.33898016
1785189000000,2026-07-27T21:50:00Z,336.5,336.5,336.5,336.5,306,102969
1785189300000,2026-07-27T21:55:00Z,336.5,336.5,336.406,336.495,71,23890.9675
1785189600000,2026-07-27T22:00:00Z,336.492,336.492,334.292,334.292,8,2691.24
1785189900000,2026-07-27T22:05:00Z,334.224,334.224,333.885,333.885,20,6677.7
1785190200000,2026-07-27T22:10:00Z,333.885,333.885,333.001,333.001,132,44016.5088
1785190500000,2026-07-27T22:15:00Z,333,333,333,333,49,16317
1785190800000,2026-07-27T22:20:00Z,333,333,333,333,20,6660
1785191100000,2026-07-27T22:25:00Z,333,333,333,333,674,224442
1785191400000,2026-07-27T22:30:00Z,333,333,333,333,438.521797,146027.758401
1785191700000,2026-07-27T22:35:00Z,333,333,333,333,270.05994799999996,89929.962684
1785192000000,2026-07-27T22:40:00Z,333,333,333,333,214,71262
1785192300000,2026-07-27T22:45:00Z,333,333,333,333,65,21645
1785192600000,2026-07-27T22:50:00Z,333,333,333,333,35,11655
1785192900000,2026-07-27T22:55:00Z,333,333,333,333,33,10989
1785193200000,2026-07-27T23:00:00Z,333,333,333,333,858.46257,285868.03581
1785193500000,2026-07-27T23:05:00Z,333,333,331.558,332.005,304.580179,101234.159607
1785193800000,2026-07-27T23:10:00Z,332.005,332.005,332.005,332.005,0,0
1785194100000,2026-07-27T23:15:00Z,331.922,332.005,331.725,331.725,69,22897.374
1785194400000,2026-07-27T23:20:00Z,331.558,331.558,330.72,330.72,100.007658,33074.53265376
1785194700000,2026-07-27T23:25:00Z,330.72,331.05,330.72,331.05,69,22822.3227
1785195000000,2026-07-27T23:30:00Z,331.325,332.45,331.325,332.45,0.24112,80.160344
1785195300000,2026-07-27T23:35:00Z,332.45,332.45,332.45,332.45,8,2659.6
1785195600000,2026-07-27T23:40:00Z,332.417,332.437,332.25,332.437,100,33241.7
1785195900000,2026-07-27T23:45:00Z,332.439,332.47,332.439,332.47,106,35241.0992
1785196200000,2026-07-27T23:50:00Z,332.47,332.47,331.761,331.761,26,8644.22
1785196500000,2026-07-27T23:55:00Z,331.76,331.76,330.855,330.855,241,79882.8481
1785196800000,2026-07-28T00:00:00Z,333.68,335.01,333.68,334.18,100,33471.36
1785197100000,2026-07-28T00:05:00Z,333.82,333.82,331.84,331.84,145,48296.93
1785197400000,2026-07-28T00:10:00Z,332.78,332.78,331.84,332,117,38868.53
1785198300000,2026-07-28T00:25:00Z,330.99,330.99,330.99,330.99,6,1985.94
1785199500000,2026-07-28T00:45:00Z,331.65,331.68,330.99,330.99,159,52696.96
1785199800000,2026-07-28T00:50:00Z,330.46,330.46,330.46,330.46,67,22140.82
1785200100000,2026-07-28T00:55:00Z,330.47,330.47,330,330.01,47,15517.96
1785200400000,2026-07-28T01:00:00Z,330.01,330.01,329.21,329.89,18,5930.07
1785200700000,2026-07-28T01:05:00Z,328.62,328.62,328,328,21,6900.4
1785201600000,2026-07-28T01:20:00Z,326.19,326.91,326.01,326.02,106,34599.5
1785201900000,2026-07-28T01:25:00Z,326.01,328.75,326.01,328.75,348,113998.27
1785202200000,2026-07-28T01:30:00Z,328.71,328.71,328.54,328.54,6,1971.75
1785202500000,2026-07-28T01:35:00Z,329.11,329.11,329.1,329.1,17,5594.79
1785202800000,2026-07-28T01:40:00Z,329.08,329.08,328.66,328.77,68,22366.17
1785203400000,2026-07-28T01:50:00Z,329.08,329.08,327.66,327.66,923,303623.68
1785203700000,2026-07-28T01:55:00Z,327.63,327.63,327.62,327.62,12,3931.53
1785204000000,2026-07-28T02:00:00Z,327.46,327.61,327.13,327.13,137,44855.35
1785204300000,2026-07-28T02:05:00Z,327.12,327.28,326.91,326.95,61,19944.46
1785204600000,2026-07-28T02:10:00Z,327.19,327.19,326.72,326.85,60,19617.32
1785204900000,2026-07-28T02:15:00Z,326.72,326.72,326.72,326.72,15,4900.8
1785205200000,2026-07-28T02:20:00Z,328,328,327.68,327.68,84,27546.59
1785205500000,2026-07-28T02:25:00Z,328.01,328.01,327.95,327.95,35,11479.66
1785205800000,2026-07-28T02:30:00Z,327.18,327.18,325.46,325.46,77,25118.02
1785206400000,2026-07-28T02:40:00Z,325.78,325.78,325.77,325.77,12,3909.33
1785207900000,2026-07-28T03:05:00Z,325.31,325.31,325,325,179,58212.15
1785208200000,2026-07-28T03:10:00Z,325.9,325.9,325.9,325.9,5,1629.5
1785208500000,2026-07-28T03:15:00Z,325.9,326.8,325.9,326.8,81,26409.8
1785208800000,2026-07-28T03:20:00Z,327.01,328.01,327.01,328.01,65,21291.67
1785209100000,2026-07-28T03:25:00Z,327.29,327.29,327.01,327.01,55,17986.95
1785209400000,2026-07-28T03:30:00Z,325.99,327.04,325.99,327.04,98,31972.98
1785209700000,2026-07-28T03:35:00Z,327.99,328.02,327.01,328.02,41,13446.75
1785210000000,2026-07-28T03:40:00Z,328.01,328.04,327.98,327.98,155,50838.02
1785210300000,2026-07-28T03:45:00Z,328,328.5,328,328.5,23,7547
1785210600000,2026-07-28T03:50:00Z,328.51,328.51,328.5,328.5,2,657.01
1785211200000,2026-07-28T04:00:00Z,327.4,327.4,326.51,326.51,151,49347.45
1785211800000,2026-07-28T04:10:00Z,326.51,326.51,325.84,325.84,781,254620.58
1785212700000,2026-07-28T04:25:00Z,325,325,324.99,324.99,250,81249.51
1785213000000,2026-07-28T04:30:00Z,324.5,324.5,324.5,324.5,7,2271.5
1785213900000,2026-07-28T04:45:00Z,325.03,325.8,325.03,325.8,99,32253.31
1785214800000,2026-07-28T05:00:00Z,325.77,325.77,325.77,325.77,12,3909.24
1785216000000,2026-07-28T05:20:00Z,324.58,324.58,323.03,323.26,316,102403.73
1785216300000,2026-07-28T05:25:00Z,323,323,322.97,322.97,51,16472.25
1785216600000,2026-07-28T05:30:00Z,322.94,322.96,321.35,321.35,135,43561.32
1785216900000,2026-07-28T05:35:00Z,321.85,321.85,321.85,321.85,17,5471.45
1785217200000,2026-07-28T05:40:00Z,321.86,321.86,321.86,321.86,3,965.58
1785217500000,2026-07-28T05:45:00Z,321.85,321.87,321.85,321.87,274,88191.54
1785217800000,2026-07-28T05:50:00Z,322.38,322.97,322.38,322.97,600,193708.34
1785218100000,2026-07-28T05:55:00Z,322,322,321.99,321.99,15,4829.95
1785218400000,2026-07-28T06:00:00Z,321.52,321.52,321.01,321.01,312,100197.9
1785218700000,2026-07-28T06:05:00Z,321.43,321.44,320.3,320.3,71,22787.7
1785219000000,2026-07-28T06:10:00Z,321.2,321.2,319.99,319.99,78,24966.05
1785219900000,2026-07-28T06:25:00Z,320.99,322.27,320.99,322.27,137,44049.36
1785220200000,2026-07-28T06:30:00Z,322.51,322.51,322.38,322.38,21,6772.45
1785220500000,2026-07-28T06:35:00Z,322.47,322.48,322.44,322.48,61,19669.77
1785220800000,2026-07-28T06:40:00Z,322.48,323.01,322.48,322.99,147,47453.36
1785221100000,2026-07-28T06:45:00Z,322.94,322.94,322.94,322.94,5,1614.7
1785221400000,2026-07-28T06:50:00Z,322.91,322.97,322,322,253,81515.41
1785221700000,2026-07-28T06:55:00Z,322.96,325.33,322.96,325.23,387,125192.82
1785222000000,2026-07-28T07:00:00Z,325.52,325.68,323.05,325.38,470,151889.96
1785222900000,2026-07-28T07:15:00Z,324.99,324.99,324.99,324.99,2,649.98
1785223200000,2026-07-28T07:20:00Z,324.85,324.85,324.85,324.85,7,2273.95
1785223500000,2026-07-28T07:25:00Z,323.11,323.11,322.71,323.09,210,67819.54
1785223800000,2026-07-28T07:30:00Z,323.02,324.21,322.33,322.33,508,163921.74
1785224400000,2026-07-28T07:40:00Z,322.41,322.65,322.41,322.49,68,21932.85
1785224700000,2026-07-28T07:45:00Z,321.43,321.43,321.43,321.43,12,3857.16
1785225000000,2026-07-28T07:50:00Z,321.94,321.94,321.94,321.94,1,321.94
1785225300000,2026-07-28T07:55:00Z,321.94,322.51,320.5,320.5,38,12237.73
1785225600000,2026-07-28T08:00:00Z,330.855,330.855,321.865,321.865,8133.618145,2618792.42121105
1785225900000,2026-07-28T08:05:00Z,321.865,321.865,320.396,320.396,402.36111800000003,129466.48961939
1785226200000,2026-07-28T08:10:00Z,320.396,320.396,319.612,319.985,413.6,132363.62216
1785226500000,2026-07-28T08:15:00Z,319.985,321.653,318.969,321.653,234,74992.1328
1785226800000,2026-07-28T08:20:00Z,321.654,323.985,321.654,323.081,286,92373.0808
1785227100000,2026-07-28T08:25:00Z,323.08,323.08,323.08,323.08,100,32308
1785227400000,2026-07-28T08:30:00Z,323.08,323.08,323.08,323.08,49,15830.92
1785227700000,2026-07-28T08:35:00Z,323.08,324.635,323.08,324.635,539,174406.6016
1785228000000,2026-07-28T08:40:00Z,324.635,325.209,324.635,325.209,106.004065,34412.62964128
1785228300000,2026-07-28T08:45:00Z,325.21,325.21,325.21,325.21,255,82928.55
1785228600000,2026-07-28T08:50:00Z,325.21,325.21,325.005,325.005,923.921568,300466.50050183
1785228900000,2026-07-28T08:55:00Z,325.005,325.005,325.005,325.005,108,35100.54
1785229200000,2026-07-28T09:00:00Z,325.005,325.005,325.005,325.005,3,975.015
1785229500000,2026-07-28T09:05:00Z,325.005,325.005,325.005,325.005,3,975.015
1785229800000,2026-07-28T09:10:00Z,325.005,326.029,325.005,326.029,11,3575.055
1785230100000,2026-07-28T09:15:00Z,326.03,326.03,325.85,325.85,53,17272.4827
1785230400000,2026-07-28T09:20:00Z,325.627,325.627,324.51,324.51,132,42835.32
1785230700000,2026-07-28T09:25:00Z,324.51,324.51,324.51,324.51,103,33424.53
1785231000000,2026-07-28T09:30:00Z,324.51,324.51,323.691,323.691,309,100258.9434
1785231300000,2026-07-28T09:35:00Z,323.69,323.69,323.69,323.69,2,647.38
1785231600000,2026-07-28T09:40:00Z,323.69,323.69,323.69,323.69,86,27837.34
1785231900000,2026-07-28T09:45:00Z,323.69,323.69,323.69,323.69,202.007,65387.64583
1785232200000,2026-07-28T09:50:00Z,323.69,323.69,323.69,323.69,51,16508.19
1785232500000,2026-07-28T09:55:00Z,323.667,323.667,321.326,321.326,84.46507700000001,27162.47373134
1785232800000,2026-07-28T10:00:00Z,321.596,322.949,321.596,322.949,4,1291.796
1785233100000,2026-07-28T10:05:00Z,322.95,322.95,322.95,322.95,94,30357.3
1785233400000,2026-07-28T10:10:00Z,322.95,322.95,322.95,322.95,170,54901.5
1785233700000,2026-07-28T10:15:00Z,322.95,322.95,322.95,322.95,56.004065,18086.51279175
1785234000000,2026-07-28T10:20:00Z,322.95,322.95,322.95,322.95,23.100533,7460.31713235
1785234300000,2026-07-28T10:25:00Z,322.95,322.95,322.16,322.16,120.338951,38861.79151403
1785234600000,2026-07-28T10:30:00Z,322.16,322.16,322.16,322.16,37.589869,12109.95219704
1785234900000,2026-07-28T10:35:00Z,322.302,323.015,322.302,322.446,234,75552.8904
1785235200000,2026-07-28T10:40:00Z,322.399,322.399,320.595,320.595,233,74738.9673
1785235500000,2026-07-28T10:45:00Z,320.595,320.595,320.595,320.595,16,5129.52
1785235800000,2026-07-28T10:50:00Z,320.595,320.595,320.595,320.595,94,30135.93
1785236100000,2026-07-28T10:55:00Z,320.595,320.595,320.595,320.595,763.1886,244674.449217
1785236400000,2026-07-28T11:00:00Z,320.595,323.015,320.595,322.16,1374.0468799999999,443645.66118938
1785236700000,2026-07-28T11:05:00Z,322.16,322.16,320,320,1847.004148,594176.98630206
1785237000000,2026-07-28T11:10:00Z,320,320,319.705,319.705,2173.015562,694746.97421417
1785237300000,2026-07-28T11:15:00Z,319.705,319.705,319.705,319.705,1713,547654.665
1785237600000,2026-07-28T11:20:00Z,319.705,320.754,319.705,320.754,687,219641.7318
1785237900000,2026-07-28T11:25:00Z,320.755,320.755,319.4,319.4,990,316649.124
1785238200000,2026-07-28T11:30:00Z,319.4,319.4,319.4,319.4,226.917,72477.2898
1785238500000,2026-07-28T11:35:00Z,319.4,319.4,319.4,319.4,531.761,169844.4634
1785238800000,2026-07-28T11:40:00Z,319.4,319.4,317,317,488.993973,156117.82950009
1785239100000,2026-07-28T11:45:00Z,317,318.056,317,318.056,694,220003.2744
1785239400000,2026-07-28T11:50:00Z,318.074,318.165,318.074,318.165,447,142219.6656
1785239700000,2026-07-28T11:55:00Z,318.165,320.754,318.165,320.754,281,89434.6287
1785240000000,2026-07-28T12:00:00Z,320.755,320.755,320.755,320.755,253,81151.015
1785240300000,2026-07-28T12:05:00Z,320.755,320.755,320.755,320.755,610.012,195664.39906
1785240600000,2026-07-28T12:10:00Z,320.755,320.755,318,318,720,230537.304
1785240900000,2026-07-28T12:15:00Z,318.91,318.91,318,318.91,734,233412
1785241200000,2026-07-28T12:20:00Z,318,318,317.776,317.776,165,52467.756
1785241500000,2026-07-28T12:25:00Z,317.775,322.055,317.775,322.055,3820,1220904.852
1785241800000,2026-07-28T12:30:00Z,322.134,324.39,322.055,322.055,583,188549.3126
1785242100000,2026-07-28T12:35:00Z,318.46,322.055,316.976,318.4,3111.516381,992105.44232366
1785242400000,2026-07-28T12:40:00Z,316.975,322.684,316.975,321.49,2517,808410.5634
1785242700000,2026-07-28T12:45:00Z,321.49,321.608,321.045,321.045,776,249361.1592
1785243000000,2026-07-28T12:50:00Z,321.045,321.045,321.045,321.045,332,106586.94
1785243300000,2026-07-28T12:55:00Z,321.045,321.045,320.044,321.01,32,10271.312
1785243600000,2026-07-28T13:00:00Z,321.01,321.01,319.721,319.721,1180,378693.978
1785243900000,2026-07-28T13:05:00Z,319.72,320.955,319.72,320.955,371,118970.2024
1785244200000,2026-07-28T13:10:00Z,320.955,320.955,320.546,320.546,272,87298.944
1785244500000,2026-07-28T13:15:00Z,320.205,320.205,318.5,318.5,858,273299.2548
1785244800000,2026-07-28T13:20:00Z,318.687,319.625,318.687,319.625,201.018643,64227.10479137
1785245100000,2026-07-28T13:25:00Z,319.625,319.625,318,318,6301,2010202.3591
1785245400000,2026-07-28T13:30:00Z,315.74,318.017,311.05,311.99,117763.031705,37156179.59295063
1785245700000,2026-07-28T13:35:00Z,311.67,312.147,305.18,305.18,81672.070266,25169469.93277914
1785246000000,2026-07-28T13:40:00Z,305.28,307.67,304.12,304.205,86311.750135,26383309.69781607
1785246300000,2026-07-28T13:45:00Z,303.98,308.16,301.394,306.44,163590.66182999997,49647050.26041861
1785246600000,2026-07-28T13:50:00Z,307.29,307.81,302.94,303.63,83959.324513,25590407.50273719
1785246900000,2026-07-28T13:55:00Z,303.75,306.3,303.42,304.58,57368.934078000006,17469855.85688418
1785247200000,2026-07-28T14:00:00Z,304.42,307.75,304.42,306.89,60823.697123,18602873.02374214
1785247500000,2026-07-28T14:05:00Z,306.6,309.522,303.82,304.86,41822.927037999994,12814569.93819942
1785247800000,2026-07-28T14:10:00Z,304.22,307.67,303.28,303.28,46178.079551999996,14110732.7426717
1785248100000,2026-07-28T14:15:00Z,303.71,303.909,301.87,302.04,42007.219601000004,12720941.29372183
1785248400000,2026-07-28T14:20:00Z,302.29,306.13,301.887,305.77,63743.493098,19368536.87001902
1785248700000,2026-07-28T14:25:00Z,304.9,306.42,304.03,304.59,52491.065849000006,16014641.0057492
1785249000000,2026-07-28T14:30:00Z,303.66,304.38,302.05,302.15,75363.415317,22854340.04829837
1785249300000,2026-07-28T14:35:00Z,302.36,305.84,302.062,303.77,110906.582785,33731150.26954646
1785249600000,2026-07-28T14:40:00Z,303.37,307.465,303.37,306.255,41932.787429,12805606.54949648
1785249900000,2026-07-28T14:45:00Z,305.925,309.357,305.09,308.86,41548.419787,12766512.31563785
1785250200000,2026-07-28T14:50:00Z,309.39,310.14,307.89,307.89,41984.587211000005,12980828.26156675
1785250500000,2026-07-28T14:55:00Z,308.49,308.52,306.77,307.33,34870.566372,10723881.27159001
1785250800000,2026-07-28T15:00:00Z,307.3,308.712,306.64,306.64,47573.997326000004,14648133.68206979
1785251100000,2026-07-28T15:05:00Z,306.66,307.579,304.875,306.21,31236.939158,9563479.42675587
1785251400000,2026-07-28T15:10:00Z,307.55,308.24,306.18,306.615,29839.435442999995,9164242.65410099
1785251700000,2026-07-28T15:15:00Z,306.13,307.42,306.13,306.87,41572.226603,12756225.71477487
1785252000000,2026-07-28T15:20:00Z,307.68,310.475,307.152,310.475,55812.84292100001,17221203.37795044
1785252300000,2026-07-28T15:25:00Z,311.2,311.525,308.44,308.49,40464.267106,12553399.53421623
1785252600000,2026-07-28T15:30:00Z,308.73,310.599,308.46,310.09,28712.673461000002,8878507.04620431
1785252900000,2026-07-28T15:35:00Z,310.38,312.24,309.936,312.11,18428.347491999997,5733005.46255347
1785253200000,2026-07-28T15:40:00Z,311.91,313.164,311.281,313.07,22398.537880999997,6989049.37281525
1785253500000,2026-07-28T15:45:00Z,312.96,315.38,312.96,314.635,48794.318391,15330823.51935978
1785253800000,2026-07-28T15:50:00Z,314.36,314.773,312.257,313.42,25779.442101,8080192.32464799
1785254100000,2026-07-28T15:55:00Z,312.96,314.205,312.59,313.44,18587.276221,5827137.11747021
1785254400000,2026-07-28T16:00:00Z,313.58,314.929,313.47,313.945,30154.974356,9473966.20777322
1785254700000,2026-07-28T16:05:00Z,314.35,314.98,311.477,311.7,26881.439388,8432280.12112933
1785255000000,2026-07-28T16:10:00Z,311.185,312.599,311.15,311.74,32538.094798000002,10143035.21519094
1785255300000,2026-07-28T16:15:00Z,312.02,312.03,310.605,311.85,26062.856276,8107263.23777896
1785255600000,2026-07-28T16:20:00Z,312.41,312.41,310.42,310.935,15546.324054,4840453.70921647
1785255900000,2026-07-28T16:25:00Z,310.79,311.355,310.22,311.02,48751.785941999995,15154136.77203332
1785256200000,2026-07-28T16:30:00Z,309.99,310.853,307.95,309.99,30277.984355,9356757.06045068
1785256500000,2026-07-28T16:35:00Z,310,311.99,309.15,311.99,31599.555696,9804270.90753071
1785256800000,2026-07-28T16:40:00Z,312.62,313.01,311.809,312.33,30062.68489,9395668.27851255
1785257100000,2026-07-28T16:45:00Z,313.28,313.365,311.68,312.025,22218.889881,6944920.63799137
1785257400000,2026-07-28T16:50:00Z,312.25,314.383,312.102,314.09,23769.135376999995,7451272.15748592
1785257700000,2026-07-28T16:55:00Z,314.01,314.524,313.255,313.29,16982.914479,5331373.31586021
1785258000000,2026-07-28T17:00:00Z,313.12,313.885,311.695,311.695,32840.012004000004,10285675.66372002
1785258300000,2026-07-28T17:05:00Z,311.73,312.661,311.451,311.46,22567.595875,7041931.68432614
1785258600000,2026-07-28T17:10:00Z,311.015,312.051,311.002,311.9,21724.70306,6767155.93190745
1785258900000,2026-07-28T17:15:00Z,311.69,311.99,310.844,311.2,13615.955888999997,4240824.25959235
1785259200000,2026-07-28T17:20:00Z,311.1,312.647,311.1,311.9,23504.166638,7333396.35813922
1785259500000,2026-07-28T17:25:00Z,311.34,311.87,311.28,311.28,20040.817722,6242891.07959895
1785259800000,2026-07-28T17:30:00Z,311.23,312.668,311.201,312.09,17024.379949000002,5309871.7597712
1785260100000,2026-07-28T17:35:00Z,312.32,312.442,310.437,310.45,30816.697241,9589407.33565624
1785260400000,2026-07-28T17:40:00Z,310.38,310.56,309.47,309.47,23104.270351000003,7166129.08213681
1785260700000,2026-07-28T17:45:00Z,309.67,309.926,309.07,309.91,40910.939335,12662938.04219621
1785261000000,2026-07-28T17:50:00Z,309.65,309.872,309.068,309.23,22819.544834999997,7058630.60458706
1785261300000,2026-07-28T17:55:00Z,309.225,309.68,308.49,308.63,84812.644508,26209286.83793586
1785261600000,2026-07-28T18:00:00Z,308.76,309.9,308.735,309.13,46353.242089,14335282.44895569
1785261900000,2026-07-28T18:05:00Z,308.99,309.107,308.11,308.21,54332.235084,16769073.87020822
1785262200000,2026-07-28T18:10:00Z,307.99,308.292,307.59,307.59,29815.852598999998,9182760.82307152
1785262500000,2026-07-28T18:15:00Z,307.21,308.359,307.1,307.605,36733.032293,11302309.56686535
1785262800000,2026-07-28T18:20:00Z,307.8,308.68,307.59,308.3,33561.513855,10339698.31147611
1785263100000,2026-07-28T18:25:00Z,308.23,309.792,308.23,309.565,78088.62736000001,24107216.4929325
1785263400000,2026-07-28T18:30:00Z,309.89,312.65,309.583,312.035,46630.32967000001,14498530.58961179
1785263700000,2026-07-28T18:35:00Z,312,312.035,310.16,310.29,108473.551413,33733387.04964841
1785264000000,2026-07-28T18:40:00Z,310.31,312,309.93,311.73,38550.652583999996,11973346.95436784
1785264300000,2026-07-28T18:45:00Z,311.75,312.29,311.07,312.02,37670.851262,11745711.15012958
1785264600000,2026-07-28T18:50:00Z,312.2,313.025,311.285,311.965,46488.341895000005,14508560.56851312
1785264900000,2026-07-28T18:55:00Z,311.99,313.44,311.884,313.07,36090.153565,11279548.02391333
1785265200000,2026-07-28T19:00:00Z,313.03,316.853,313.03,316.055,51128.967636,16134747.86530547
1785265500000,2026-07-28T19:05:00Z,315.65,316.636,314.92,315.51,41997.262215999996,13256792.79520923
1785265800000,2026-07-28T19:10:00Z,315.27,317.38,315.27,317.38,45893.179755,14526480.99080862
1785266100000,2026-07-28T19:15:00Z,317.24,319.67,316.885,319.67,58637.55967,18643495.45425428
1785266400000,2026-07-28T19:20:00Z,319.7,321.97,319.44,321.76,69402.815025,22262271.57275423
1785266700000,2026-07-28T19:25:00Z,321.88,322.53,320.66,322.49,67419.056237,21684429.28137185
1785267000000,2026-07-28T19:30:00Z,322.4,322.99,321.2,322.05,278193.686229,89593584.16037473
1785267300000,2026-07-28T19:35:00Z,321.76,322.009,319.1,319.49,91098.45843599999,29152281.0364167
1785267600000,2026-07-28T19:40:00Z,319.34,319.95,318.82,319.335,87131.884347,27837948.70698016
1785267900000,2026-07-28T19:45:00Z,319.42,321.87,318.8,321.87,122884.45351200001,39367841.08403583
1785268200000,2026-07-28T19:50:00Z,322.02,323.8,319.29,323.76,241727.461878,77649677.46963856
1785268500000,2026-07-28T19:55:00Z,323.695,323.73,318.27,320.425,542803.352811,174114217.27615525
1785268800000,2026-07-28T20:00:00Z,320.461,322.5,315.085,317.135,787794.29088,252380221.18861853
1785269100000,2026-07-28T20:05:00Z,317.127,317.127,313.655,314.66,2358,741540.5388
1785269400000,2026-07-28T20:10:00Z,314.66,317,313.724,317,1012.310696,319240.68139345
1785269700000,2026-07-28T20:15:00Z,317,317,314.812,316.25,1572.006932,497469.29646537
1785270000000,2026-07-28T20:20:00Z,316.25,319.749,316.25,319.749,2497,793864.7178
1785270300000,2026-07-28T20:25:00Z,319.75,323.559,319.75,323.528,10068,3223961.8716
1785270600000,2026-07-28T20:30:00Z,323.497,323.497,316,317.159,1892.47572,603128.79475528
1785270900000,2026-07-28T20:35:00Z,324.44,371.01,319.629,366.06,56251.256924,19884133.05729953
1785271200000,2026-07-28T20:40:00Z,366.99,366.99,357.37,357.37,28899.143274000002,10461836.65490729
1785271500000,2026-07-28T20:45:00Z,359.99,364.297,359.99,362,12150.977984000001,4400954.21034037
1785271800000,2026-07-28T20:50:00Z,364,364.672,361.596,363.02,18657.985161999997,6781793.25189266
1785272100000,2026-07-28T20:55:00Z,361.595,366.025,361.358,366.025,8762.068971,3181084.9116457
1785272400000,2026-07-28T21:00:00Z,365.01,368.497,363.79,365.01,18977.111665,6946510.99821592
1785272700000,2026-07-28T21:05:00Z,365.5,368.259,365.5,365.5,7165,2626293.492
1785273000000,2026-07-28T21:10:00Z,368.01,368.01,365.616,368.01,28900.5,10586209.79925
1785273300000,2026-07-28T21:15:00Z,365.03,366.285,364.003,365.03,8397.075,3066786.44916
1785273600000,2026-07-28T21:20:00Z,365.19,366.036,364.639,365.19,7176.010412,2620484.53258023
1785273900000,2026-07-28T21:25:00Z,366.055,366.127,364.203,364.739,4729.5,1724480.22195
1785274200000,2026-07-28T21:30:00Z,366.41,366.51,364.001,366.51,4372,1594000.1588
1785274500000,2026-07-28T21:35:00Z,366.99,366.99,366.055,366.99,1640,600522.08
1785274800000,2026-07-28T21:40:00Z,365.74,366.99,365.26,365.26,1772.002725,649082.29456396
1785275100000,2026-07-28T21:45:00Z,365.11,366.546,364.002,365.11,1512.05485,552194.56853478
1785275400000,2026-07-28T21:50:00Z,365.59,365.59,364.245,364.245,1391.356022,506954.48017592
1785275700000,2026-07-28T21:55:00Z,364.245,364.684,364.245,364.654,889,323858.4328
1785276000000,2026-07-28T22:00:00Z,364.62,364.62,364.45,364.525,2309.625664,841887.19388623
1785276300000,2026-07-28T22:05:00Z,364.525,366.295,364.525,365.987,1582.989455,578193.38869552
1785276600000,2026-07-28T22:10:00Z,365.993,366.745,365.452,365.452,2486.156,910068.3428864
1785276900000,2026-07-28T22:15:00Z,365.451,365.451,363.81,363.81,1476,537582.6684
1785277200000,2026-07-28T22:20:00Z,363.81,365,363.81,364.75,5290,1925116.698
1785277500000,2026-07-28T22:25:00Z,364.75,364.991,364.076,364.805,1666,607527.0586
1785277800000,2026-07-28T22:30:00Z,364.809,364.824,363.111,363.111,1156,421015.778
1785278100000,2026-07-28T22:35:00Z,363.111,364.387,363.11,363.61,1002.272237,364303.70770584
1785278400000,2026-07-28T22:40:00Z,363.61,364,363.523,363.523,892.003198,324616.10901008
1785278700000,2026-07-28T22:45:00Z,362,363.519,360.896,362,6577,2385255.5974
1785279000000,2026-07-28T22:50:00Z,361.008,361.43,360.294,361.43,5063,1827586.5533
1785279300000,2026-07-28T22:55:00Z,361.441,361.492,357.79,357.79,13012.203263,4677108.94329337
1785279600000,2026-07-28T23:00:00Z,357.79,359.577,357.341,359.577,5346.045582,1912627.99764423
1785279900000,2026-07-28T23:05:00Z,359.578,360.508,357.018,357.763,1391,498595.7431
1785280200000,2026-07-28T23:10:00Z,357.765,358.75,357,358.75,1942.0755,693623.1404478
1785280500000,2026-07-28T23:15:00Z,357.09,358.75,357.09,357.09,812,290920.8428
1785280800000,2026-07-28T23:20:00Z,357.75,359.748,357.75,358.625,1830,657195.822
1785281100000,2026-07-28T23:25:00Z,359.01,359.01,358.625,359.01,3307,1185986.103
1785281400000,2026-07-28T23:30:00Z,358.626,359.25,358.625,359.25,982.068557,352219.28079547
1785281700000,2026-07-28T23:35:00Z,359.25,359.25,359.25,359.25,326.138467,117165.24426975
1785282000000,2026-07-28T23:40:00Z,359.25,359.255,358.641,359.255,552,198303.792
1785282300000,2026-07-28T23:45:00Z,359.5,362.23,359.255,359.5,3029.003263,1092447.88934174
1785282600000,2026-07-28T23:50:00Z,362.275,363.5,362.275,362.501,1137,412723.8369
1785282900000,2026-07-28T23:55:00Z,362.503,362.548,361.5,361.728,1464,529981.908
1785283200000,2026-07-29T00:00:00Z,362.83,363.51,359.01,363,244,88500.3
1785283500000,2026-07-29T00:05:00Z,363.96,365.01,363.71,365.01,370,134840.12
1785283800000,2026-07-29T00:10:00Z,364.86,367.34,364.49,367.34,148,54068.72
1785284100000,2026-07-29T00:15:00Z,365.99,368.01,365.47,366.36,586,215240.06
1785284400000,2026-07-29T00:20:00Z,367.01,368.81,363.51,363.51,1335,486031.9
1785284700000,2026-07-29T00:25:00Z,360.54,362.78,360,360.95,427,154080.45
1785285000000,2026-07-29T00:30:00Z,360.89,362.01,359.87,361.99,647,233632.13
1785285300000,2026-07-29T00:35:00Z,362.23,363.52,362.23,363.52,44,15966.72
1785285600000,2026-07-29T00:40:00Z,363.49,365.5,363.48,363.48,275,100050.48
1785285900000,2026-07-29T00:45:00Z,364.77,364.99,363.49,363.49,229,83537.54
1785286200000,2026-07-29T00:50:00Z,362.4,363.18,361.99,363.17,59,21366.27
1785286500000,2026-07-29T00:55:00Z,363.33,363.33,359.76,359.76,1216,440118.05
1785286800000,2026-07-29T01:00:00Z,359.61,361.01,359.6,359.71,36,12958.69
1785287100000,2026-07-29T01:05:00Z,360.8,360.8,358.49,358.49,41,14721.05
1785287400000,2026-07-29T01:10:00Z,359.14,359.14,356.52,356.81,171,61307.13
1785287700000,2026-07-29T01:15:00Z,356.8,357.85,356.5,357.28,290,103492.65
1785288000000,2026-07-29T01:20:00Z,357.72,358.8,357.68,358.63,361,129462.12
1785288300000,2026-07-29T01:25:00Z,358.42,358.43,358.41,358.43,5,1792.12
1785288600000,2026-07-29T01:30:00Z,358.15,359.1,356.99,358.85,701,250347.91
1785288900000,2026-07-29T01:35:00Z,358.14,358.51,357.99,357.99,116,41569.93
1785289200000,2026-07-29T01:40:00Z,358.61,358.61,355.51,355.6,255,90938.19
1785289500000,2026-07-29T01:45:00Z,355.91,355.91,354.19,355.43,129,45817.03
1785289800000,2026-07-29T01:50:00Z,354.02,354.02,352.5,352.5,248,87553.37
1785290100000,2026-07-29T01:55:00Z,352.51,352.99,351.99,352,198,69753.54
1785290400000,2026-07-29T02:00:00Z,352.01,353,351.31,352.29,222,78118.95
1785290700000,2026-07-29T02:05:00Z,352.19,353.23,352.18,353.01,157,55358.1
1785291000000,2026-07-29T02:10:00Z,352.85,354.95,352.49,354.1,527,186236.27
1785291300000,2026-07-29T02:15:00Z,353,353,351.71,351.71,136,47931.5
1785291600000,2026-07-29T02:20:00Z,352.26,353.88,351.99,353.88,586,206791.07
1785291900000,2026-07-29T02:25:00Z,353.86,353.88,352.99,353.25,17,6008.17
1785292200000,2026-07-29T02:30:00Z,353.53,355.01,353.02,354.41,141,49963.95
1785292500000,2026-07-29T02:35:00Z,354.42,354.42,354.42,354.42,32,11341.44
1785292800000,2026-07-29T02:40:00Z,354,354.01,353.98,353.98,49,17345.47
1785293100000,2026-07-29T02:45:00Z,353.96,353.96,353.01,353.07,51,18012.67
1785293400000,2026-07-29T02:50:00Z,352.41,352.41,351.12,351.76,233,81989.26
1785293700000,2026-07-29T02:55:00Z,351.84,351.84,350.51,351.64,25,8778.34
1785294000000,2026-07-29T03:00:00Z,351.72,351.72,348.69,348.69,337,117938.58
1785294300000,2026-07-29T03:05:00Z,348.69,350,348.13,350,90,31462.23
1785294600000,2026-07-29T03:10:00Z,350.1,350.1,350,350,88,30802.91
1785294900000,2026-07-29T03:15:00Z,350,350,349.01,349.01,379,132309.42
1785295200000,2026-07-29T03:20:00Z,347.65,348.5,347.51,347.51,50,17399.05
1785295500000,2026-07-29T03:25:00Z,347.01,347.01,346.22,346.45,200,69368.16
1785295800000,2026-07-29T03:30:00Z,346.44,346.44,345,345,181,62647.51
1785296100000,2026-07-29T03:35:00Z,345.5,345.5,344,345.37,327,112686.33
1785296400000,2026-07-29T03:40:00Z,345.37,345.88,345.37,345.88,247,85325.96
1785296700000,2026-07-29T03:45:00Z,346.01,346.01,345.74,345.74,130,44977.54
1785297000000,2026-07-29T03:50:00Z,345.73,345.74,343.99,344.74,184,63473.58
1785297300000,2026-07-29T03:55:00Z,343.02,344.49,343,343.53,162,55680.16
1785297600000,2026-07-29T04:00:00Z,344,344.01,343.01,343.01,4012,1380166.61
1785297900000,2026-07-29T04:05:00Z,343.37,343.91,343.37,343.91,16,5501.48
1785298200000,2026-07-29T04:10:00Z,343.95,344.49,342.51,342.89,265,90993.33
1785298500000,2026-07-29T04:15:00Z,342.99,343.01,341.49,341.5,281,96074.97
1785298800000,2026-07-29T04:20:00Z,341.51,343.98,341.51,342.72,139,47605.37
1785299100000,2026-07-29T04:25:00Z,344,344.22,342.98,342.98,4179,1437491.98
1785299400000,2026-07-29T04:30:00Z,342.98,343.01,342.9,342.9,150,51436.4
1785299700000,2026-07-29T04:35:00Z,344.81,346.21,344.81,346,452,155942.65
1785300000000,2026-07-29T04:40:00Z,344.78,344.78,344.71,344.71,90,31028.8
1785300300000,2026-07-29T04:45:00Z,344.71,344.71,343.99,344.5,44,15143.27
1785300900000,2026-07-29T04:55:00Z,346.51,347.01,346.38,347,33,11441.49
1785301200000,2026-07-29T05:00:00Z,347,347.84,347,347.84,3,1041.84
1785301500000,2026-07-29T05:05:00Z,348.31,350.56,348.31,350.56,316,110496.8
1785301800000,2026-07-29T05:10:00Z,351.19,352.2,351.19,352.2,292,102773.16
1785302100000,2026-07-29T05:15:00Z,351.06,351.06,349.26,349.26,374,131120.48
1785302400000,2026-07-29T05:20:00Z,349.26,349.27,349.02,349.02,27,9427.19
1785302700000,2026-07-29T05:25:00Z,350.02,350.02,350.02,350.02,16,5600.32
1785303000000,2026-07-29T05:30:00Z,350.68,350.68,350.68,350.68,16,5610.88
1785303300000,2026-07-29T05:35:00Z,352.18,353.06,352.18,353.06,205,72205.58
1785303600000,2026-07-29T05:40:00Z,353.05,354.19,352.51,353,124,43839.16
1785303900000,2026-07-29T05:45:00Z,353,353,352.76,352.99,89,31408.94
1785304200000,2026-07-29T05:50:00Z,352.51,352.51,351.99,351.99,164,57734.41
1785304800000,2026-07-29T06:00:00Z,350.69,350.69,350.01,350.01,8,2802.88
1785305100000,2026-07-29T06:05:00Z,350.13,350.13,349.01,349.49,102,35655.17
1785305400000,2026-07-29T06:10:00Z,349.07,349.07,348.92,348.92,47,16402.83
1785305700000,2026-07-29T06:15:00Z,349.99,350.01,349.99,350.01,4,1399.98
1785306000000,2026-07-29T06:20:00Z,350.01,350.51,349.99,350.51,51,17875.02
1785306300000,2026-07-29T06:25:00Z,350.7,350.73,350.5,350.51,118,41381.86
1785306600000,2026-07-29T06:30:00Z,351.73,352.01,351.73,351.98,71,24988.25
1785306900000,2026-07-29T06:35:00Z,352,355.38,352,355.03,386,136360.29
1785307200000,2026-07-29T06:40:00Z,355.05,356.2,355.05,355.8,159,56482.56
1785307500000,2026-07-29T06:45:00Z,355.81,356.82,354.98,356.82,26,9256.38
1785307800000,2026-07-29T06:50:00Z,357.85,357.9,356.46,357.24,33,11777.53
1785308100000,2026-07-29T06:55:00Z,356.72,356.72,356.5,356.5,70,24968.2
1785308400000,2026-07-29T07:00:00Z,357,357.29,355.92,356.01,553,197110.46
1785308700000,2026-07-29T07:05:00Z,355.99,356.74,355.28,356.74,369,131404.27
1785309000000,2026-07-29T07:10:00Z,357,357.16,356.9,356.9,355,126766.76
1785309300000,2026-07-29T07:15:00Z,356.9,357.25,356.69,357.25,26,9279.14
1785309600000,2026-07-29T07:20:00Z,356.59,356.59,355.75,355.75,79,28158.29
1785309900000,2026-07-29T07:25:00Z,356.06,356.08,356.06,356.07,12,4272.92
1785310200000,2026-07-29T07:30:00Z,357.07,357.08,357.07,357.08,16,5713.19
1785310500000,2026-07-29T07:35:00Z,356.36,357.25,356.12,357.25,166,59258.21
1785310800000,2026-07-29T07:40:00Z,357.13,357.14,356.07,356.07,390,139111.37
1785311100000,2026-07-29T07:45:00Z,356,356,353.75,355.62,834,296850.95
1785311400000,2026-07-29T07:50:00Z,354.36,354.36,354.36,354.36,1,354.36
1785311700000,2026-07-29T07:55:00Z,355.13,355.13,354.44,354.44,152,53939.22
1785312000000,2026-07-29T08:00:00Z,361.749,361.749,349.923,349.923,10147.760179,3574749.4487042942
1785312300000,2026-07-29T08:05:00Z,350.149,351.229,343.013,343.474,8188.003534,2844110.39673808
1785312600000,2026-07-29T08:10:00Z,343.478,343.5,342.126,342.126,2959.3036060000004,1015972.13377245
1785312900000,2026-07-29T08:15:00Z,342.126,342.126,339.45,339.501,8426,2875353.9628
1785313200000,2026-07-29T08:20:00Z,339.35,339.35,332.006,332.006,6569.1132179999995,2207359.33571426
1785313500000,2026-07-29T08:25:00Z,332.004,334.74,332,334.74,3164.3,1053415.72152
1785313800000,2026-07-29T08:30:00Z,334.783,336.5,334.251,336.5,9710.663395,3257152.65808358
1785314100000,2026-07-29T08:35:00Z,336.5,339.394,336.5,337.453,8743.003753,2955865.30932738
1785314400000,2026-07-29T08:40:00Z,337.451,341.999,337.44,339.522,7282,2473816.2812
1785314700000,2026-07-29T08:45:00Z,339.518,342.56,339.5,342.56,10350.003678000001,3543640.46927585
1785315000000,2026-07-29T08:50:00Z,342.56,347.85,342.56,343.305,12088.536781,4184057.7558588
1785315300000,2026-07-29T08:55:00Z,343.236,343.236,342.89,342.89,473,162194.3961
1785315600000,2026-07-29T09:00:00Z,342.89,346.51,342.89,346.51,704.152505,242917.05245464
1785315900000,2026-07-29T09:05:00Z,346.51,349.13,345.53,345.53,814,282778.5778
1785316200000,2026-07-29T09:10:00Z,345.53,346.935,345.53,346.935,323,111698.6972
1785316500000,2026-07-29T09:15:00Z,346.937,346.95,343.785,344.805,849,293437.4079
1785316800000,2026-07-29T09:20:00Z,344.791,345.95,343.785,343.938,361,124803.5482
1785317100000,2026-07-29T09:25:00Z,343.996,346.575,343.996,346.575,459,159050.4309
1785317400000,2026-07-29T09:30:00Z,346.575,346.575,343.43,343.43,1639,563010.1037
1785317700000,2026-07-29T09:35:00Z,343.43,345.154,343.43,345.154,238,81850.1992
1785318000000,2026-07-29T09:40:00Z,345.159,345.75,345.159,345.75,861.001954,297434.24431184
1785318300000,2026-07-29T09:45:00Z,345.75,346.355,345.75,346.355,119,41153.2107
1785318600000,2026-07-29T09:50:00Z,346.355,346.355,345.751,345.751,1600.992846,554264.04348377
1785318900000,2026-07-29T09:55:00Z,345.75,345.75,345.042,345.042,286,98869.2562
1785319200000,2026-07-29T10:00:00Z,345.041,345.411,344.76,344.995,432,149000.9472
1785319500000,2026-07-29T10:05:00Z,344.995,347.478,344.995,347.478,386,133310.9286
1785319800000,2026-07-29T10:10:00Z,347.479,347.899,344.935,344.935,1398.971,485752.5292823
1785320100000,2026-07-29T10:15:00Z,344.935,344.935,344.845,344.845,1754,604883.8388
1785320400000,2026-07-29T10:20:00Z,344.845,346,344.845,346,1233,426393.3378
1785320700000,2026-07-29T10:25:00Z,346,346.498,344.641,345.629,2743,946853.9756
1785321000000,2026-07-29T10:30:00Z,345.783,346.55,345.783,346.55,403,139615.5215
1785321300000,2026-07-29T10:35:00Z,346.55,346.55,346.55,346.55,137.806381,47756.80133555
1785321600000,2026-07-29T10:40:00Z,346.55,346.55,346.55,346.55,61.178725,21201.48714875
1785321900000,2026-07-29T10:45:00Z,346.55,346.55,343.505,343.505,7930.049631,2730561.1264869
1785322200000,2026-07-29T10:50:00Z,343.505,344.005,343.505,343.505,454.004421,155956.2390692
1785322500000,2026-07-29T10:55:00Z,343.505,344.005,343.505,344.005,6031.487564999999,2073369.68977424
1785322800000,2026-07-29T11:00:00Z,344.005,344.005,340.011,342.538,3439.376812,1176058.78740687
1785323100000,2026-07-29T11:05:00Z,342.534,342.534,341.045,341.045,4586,1566748.6578
1785323400000,2026-07-29T11:10:00Z,341.045,346.274,341.045,346.274,4498.003606,1545352.11089178
1785323700000,2026-07-29T11:15:00Z,346.275,347.449,346.275,347.449,1000,346358.2
1785324000000,2026-07-29T11:20:00Z,348,350.484,347.45,348,5234.203534,1826688.35527313
1785324300000,2026-07-29T11:25:00Z,350.485,352.05,350.485,352.05,5088,1788945.017
1785324600000,2026-07-29T11:30:00Z,352.05,352.05,346.605,346.605,8110,2845802.966
1785324900000,2026-07-29T11:35:00Z,346.605,346.749,345.797,346.16,9666.510534000001,3346384.51614488
1785325200000,2026-07-29T11:40:00Z,346.161,347.312,346.066,347,5252,1820644.1396
1785325500000,2026-07-29T11:45:00Z,347.057,350.545,347.057,349.028,1649,573167.5001
1785325800000,2026-07-29T11:50:00Z,349.81,350.54,348.106,349.81,6788.28371,2373384.91821382
1785326100000,2026-07-29T11:55:00Z,348.089,349.035,348.005,349.035,16234,5663524.7354
1785326400000,2026-07-29T12:00:00Z,349.035,352.223,349.035,351.585,12135,4252065.168
1785326700000,2026-07-29T12:05:00Z,351.577,357.358,351.543,357.164,9359.096493,3313433.68825452
1785327000000,2026-07-29T12:10:00Z,357.139,358.364,355.95,357.054,14908.018247,5325400.53574225
1785327300000,2026-07-29T12:15:00Z,357.046,357.046,355.005,355.043,22231.012223,7910545.55715654
1785327600000,2026-07-29T12:20:00Z,355.036,356.365,353.4,353.425,14925.466981,5298530.33042811
1785327900000,2026-07-29T12:25:00Z,353.426,353.699,350.416,352.104,12509.716688,4413575.66218332
1785328200000,2026-07-29T12:30:00Z,350.84,354.148,350.251,350.85,12396,4362267.6828
1785328500000,2026-07-29T12:35:00Z,351.227,362.169,350.908,362.169,12575.131688,4435380.936240024
1785328800000,2026-07-29T12:40:00Z,362.224,368.986,361.226,366.299,15342.937189,5598904.4529219818
1785329100000,2026-07-29T12:45:00Z,366.99,369.495,365.99,365.99,6335,2327610.768
1785329400000,2026-07-29T12:50:00Z,367.35,371.065,366.563,369.58,18788.090811000002,6919697.05830017
1785329700000,2026-07-29T12:55:00Z,369.123,371.495,366.505,366.978,22342.031832,8246814.82691961
1785330000000,2026-07-29T13:00:00Z,366.01,367.375,365.08,366.99,13366.410987,4896985.16125226
1785330300000,2026-07-29T13:05:00Z,366.01,366.692,365.009,366.01,4740.589868999999,1733694.86870261
1785330600000,2026-07-29T13:10:00Z,365.725,365.725,363.876,364.955,6659,2428371.4909
1785330900000,2026-07-29T13:15:00Z,364.962,364.998,363.5,363.5,7226.153198,2630472.9585198
1785331200000,2026-07-29T13:20:00Z,364.99,364.99,363.5,364.99,1355,493455.9055
1785331500000,2026-07-29T13:25:00Z,370.97,370.97,363.001,370.97,16344.609467999999,6013879.73810148
1785331800000,2026-07-29T13:30:00Z,367.895,369.01,358.22,364.94,445336.73487000004,161998585.36508787
1785332100000,2026-07-29T13:35:00Z,364.15,371.855,360,360.305,236100.21950200002,86174124.67594719
1785332400000,2026-07-29T13:40:00Z,360.295,364.305,355.58,359.01,215589.60491700002,77471175.93266232
1785332700000,2026-07-29T13:45:00Z,357.269,361.625,353.253,354.373,123489.078432,44217157.9087345088
1785333000000,2026-07-29T13:50:00Z,354.482,355.8,344.01,348.243,195158.885275,68060583.9493572405
1785333300000,2026-07-29T13:55:00Z,348.228,348.228,337.72,338.494,223258.289898,76010136.6028207532
1785333600000,2026-07-29T14:00:00Z,338.135,345.836,338.135,342.89,193066.70732999998,66134363.4757573
1785333900000,2026-07-29T14:05:00Z,344.66,346.71,338.27,339.43,114463.938118,39191044.50516435
1785334200000,2026-07-29T14:10:00Z,338.47,342.24,336.475,337.98,127677.946138,43317194.64388235
1785334500000,2026-07-29T14:15:00Z,338.34,341.485,337.757,339.87,95771.86989799999,32526205.26693758
1785334800000,2026-07-29T14:20:00Z,341.01,342.319,337.087,338.42,86557.138641,29461929.3434997
1785335100000,2026-07-29T14:25:00Z,337.975,337.975,332.334,332.59,105210.604707,35195872.12930235
1785335400000,2026-07-29T14:30:00Z,332.21,336.79,332.21,335.68,114008.15674500001,38115298.1695138
1785335700000,2026-07-29T14:35:00Z,335.01,335.712,332.905,332.905,57573.403291999995,19254204.17485961
1785336000000,2026-07-29T14:40:00Z,332.41,333.072,330.05,331.74,96157.711738,31854194.01476078
1785336300000,2026-07-29T14:45:00Z,331.51,334.56,329.95,333.635,110029.803669,36542009.09949196
1785336600000,2026-07-29T14:50:00Z,333.56,339,333.317,338.36,77671.751058,26093032.51607431
1785336900000,2026-07-29T14:55:00Z,337.941,338.729,333.73,337.311,31465.170190999997,10587728.173420543990515
1785337200000,2026-07-29T15:00:00Z,337.244,342.66,335.87,342.121,51111.077556000004,17284251.3888215565523968
1785337500000,2026-07-29T15:05:00Z,342.198,343.32,338,338.254,35846.429188000002,12243587.6319480718833348
1785337800000,2026-07-29T15:10:00Z,338.77,339.142,332.629,333.82,126216.17326499999,42341739.64520955
1785338100000,2026-07-29T15:15:00Z,333.44,339.4,333.09,336.19,140915.299956,47486130.98272273
1785338400000,2026-07-29T15:20:00Z,336.2,339.09,335.56,339.09,52286.400531,17615622.9718573
1785338700000,2026-07-29T15:25:00Z,339.13,339.13,335.58,335.58,58752.35569,19835741.19387061
1785339000000,2026-07-29T15:30:00Z,335.275,336.78,334.158,334.43,51325.819330000006,17218760.20591874
1785339300000,2026-07-29T15:35:00Z,335.05,335.273,330.25,330.25,85688.841526,28554615.36364229
1785339600000,2026-07-29T15:40:00Z,330.15,333.57,330.02,332.86,102764.22265499999,34038675.68139377
1785339900000,2026-07-29T15:45:00Z,332.63,333.273,330.87,331.965,67607.190934,22441625.60869927
1785340200000,2026-07-29T15:50:00Z,331.93,332.81,328.95,328.95,49533.439933,16417021.55065798
1785340500000,2026-07-29T15:55:00Z,328.95,330.986,328.325,330.74,90646.173237,29876054.10794818
1785340800000,2026-07-29T16:00:00Z,331.19,332.43,326.91,327.58,77530.77511799999,25560865.39709553
1785341100000,2026-07-29T16:05:00Z,327.495,331.15,326.86,329.435,37773.811878,12384981.8163093308
1785341400000,2026-07-29T16:10:00Z,329.447,331.98,328.507,328.667,24403.409169,8072118.8180831365
1785341700000,2026-07-29T16:15:00Z,328.665,330.835,328.588,330.814,16381.117923999998,5398977.6739886461409486
1785342000000,2026-07-29T16:20:00Z,330.766,332.71,330.395,331.602,35705.148101,11834157.8267114533
1785342300000,2026-07-29T16:25:00Z,331.72,332.96,331.31,331.755,53378.86220599999,17731449.1643375
1785342600000,2026-07-29T16:30:00Z,332.35,333.52,329.35,330.12,244719.43793,81259162.78048788
1785342900000,2026-07-29T16:35:00Z,329.42,330.182,328.16,330.16,59243.064733,19505536.16677484
1785343200000,2026-07-29T16:40:00Z,329.81,330.423,328.591,328.75,40294.751468,13277023.90130248
1785343500000,2026-07-29T16:45:00Z,329.33,330.58,328.575,330.58,48165.502837,15860553.29260367
1785343800000,2026-07-29T16:50:00Z,330.82,331.284,330.03,330.71,39111.000926,12933781.16242283
1785344100000,2026-07-29T16:55:00Z,330.53,332.28,330.5,332.28,35912.177453000004,11894558.48343402
1785344400000,2026-07-29T17:00:00Z,332.77,336.414,332.06,336.17,117079.194595,39050512.60978008
1785344700000,2026-07-29T17:05:00Z,335.97,336.195,334.25,335.44,58806.827466,19718646.69264489
1785345000000,2026-07-29T17:10:00Z,335.71,338.079,335.045,337.5,115949.077558,38953092.6056101
1785345300000,2026-07-29T17:15:00Z,339.335,339.335,337.7,338.12,57320.349213,19404371.21733083
1785345600000,2026-07-29T17:20:00Z,338.32,339.315,336.35,336.35,32512.854994,11003465.32089589
1785345900000,2026-07-29T17:25:00Z,336.934,337.89,335.401,335.401,30360.183149,10234592.3919392516
1785346200000,2026-07-29T17:30:00Z,335.402,336.743,334.86,334.986,39454.853734,13240598.5087504348
1785346500000,2026-07-29T17:35:00Z,335.7,335.7,334.132,335.19,43939.389834,14712551.04960299
1785346800000,2026-07-29T17:40:00Z,334.23,335.06,333.54,334.31,30409.868164,10165632.72189952
1785347100000,2026-07-29T17:45:00Z,334.85,335.114,332.78,333.095,41434.364012,13835891.27741548
1785347400000,2026-07-29T17:50:00Z,333.31,336.23,332.683,335.95,42813.895143999995,14302456.9070893
1785347700000,2026-07-29T17:55:00Z,335.79,336.525,334.026,334.26,52220.628224,17523013.01114924
1785348000000,2026-07-29T18:00:00Z,334.995,345.01,334.982,340.22,175055.636165,59882961.99706873
1785348300000,2026-07-29T18:05:00Z,340.58,343.725,339.63,340.615,54823.905606,18719956.9949929
1785348600000,2026-07-29T18:10:00Z,340.25,340.664,337.756,338.51,33168.398929,11252037.70215428
1785348900000,2026-07-29T18:15:00Z,339.42,340.461,335.442,335.76,29566.220924999998,9985565.36383743
1785349200000,2026-07-29T18:20:00Z,335.48,337.591,333.946,337.3,95090.47684300001,31987000.54378487
1785349500000,2026-07-29T18:25:00Z,337.14,337.228,334.056,335.08,25770.381944,8643061.39720511
1785349800000,2026-07-29T18:30:00Z,335.84,336.718,333.63,335.405,36045.953740000004,12090205.78529177
1785350100000,2026-07-29T18:35:00Z,334.939,338.91,333.146,338.002,39758.938489,13333987.8165128482
1785350400000,2026-07-29T18:40:00Z,338.014,342.671,338.014,342.482,51628.70504,17586511.1258345138
1785350700000,2026-07-29T18:45:00Z,342.339,344.711,341.637,344.162,64401.956182,22108259.9792318462
1785351000000,2026-07-29T18:50:00Z,344.15,348.875,342.63,347.798,22215.845439999997,7639007.5573793269689864
1785351300000,2026-07-29T18:55:00Z,347.375,348.109,345.9,347.37,61153.500246999996,21226068.05288244
1785351600000,2026-07-29T19:00:00Z,347.88,349.544,344.33,344.81,79134.08313500001,27466466.90693594
1785351900000,2026-07-29T19:05:00Z,345.11,345.505,340.314,340.4,62679.40317499999,21516033.94316606
1785352200000,2026-07-29T19:10:00Z,340.535,342.749,340.101,341.96,306611.549342,104843611.69434164
1785352500000,2026-07-29T19:15:00Z,342.22,343.344,336.59,336.995,63044.206695,21432924.59979639
1785352800000,2026-07-29T19:20:00Z,336.29,336.927,331.59,333.97,74727.123487,24961228.09447254
1785353100000,2026-07-29T19:25:00Z,333.59,335.61,331.01,335.61,122358.89568999999,40802592.68960938
1785353400000,2026-07-29T19:30:00Z,336.04,338.19,330.06,330.73,136169.377877,45516057.95079275
1785353700000,2026-07-29T19:35:00Z,330.94,331.695,326.37,326.69,104472.907756,34379798.22227362
1785354000000,2026-07-29T19:40:00Z,326.15,327.45,324.84,325.21,103455.985709,33739479.88336192
1785354300000,2026-07-29T19:45:00Z,325.31,327.221,324.27,326.73,117923.516305,38379340.44721878
1785354600000,2026-07-29T19:50:00Z,326.887,326.887,324.28,325.803,176953.84585,57501673.4724058666
1785354900000,2026-07-29T19:55:00Z,325.52,325.765,319.2,319.53,893701.9830710001,286875476.7194452
1785355200000,2026-07-29T20:00:00Z,319.573,322.007,318.764,319.79,495099.645671,158217161.89839249
1785355500000,2026-07-29T20:05:00Z,319.579,320.422,317.558,319.499,4340.031265,1383245.21671202
1785355800000,2026-07-29T20:10:00Z,319.5,319.5,315.041,316.033,8836.034925,2788395.49371368
1785356100000,2026-07-29T20:15:00Z,316.049,316.72,316.049,316.72,1259.289849,398400.64802524
1785356400000,2026-07-29T20:20:00Z,316.72,317.315,316.72,317.315,2147,680540.3869
1785356700000,2026-07-29T20:25:00Z,317.315,317.315,313.972,315.675,782,246956.5384
1785357000000,2026-07-29T20:30:00Z,315.675,316.539,315.675,316.539,691.485095,218311.3178373
1785357300000,2026-07-29T20:35:00Z,316.96,316.96,315.857,316.96,2405.012198,761209.68928532
1785357600000,2026-07-29T20:40:00Z,316.5,316.5,316,316,1775,561069.5125
1785357900000,2026-07-29T20:45:00Z,316,316,314.85,314.85,381,120299.988
1785358200000,2026-07-29T20:50:00Z,314.85,315.05,314.25,314.83,5969.004231,1876321.85979031
1785358500000,2026-07-29T20:55:00Z,314.917,315.35,314.917,315.35,819,258258.7917
1785358800000,2026-07-29T21:00:00Z,315.35,315.84,314.59,314.59,1892,596990.7064
1785359100000,2026-07-29T21:05:00Z,314.59,314.59,314.26,314.26,399,125466.4278
1785359400000,2026-07-29T21:10:00Z,314.26,314.26,314.26,314.26,496,155872.96
1785359700000,2026-07-29T21:15:00Z,314.26,314.26,314.26,314.26,1029.134233,323415.72406258
1785360000000,2026-07-29T21:20:00Z,314.26,314.29,314.26,314.29,368,115650.5504
1785360300000,2026-07-29T21:25:00Z,314.29,314.29,314.26,314.26,592,186051.2144
1785360600000,2026-07-29T21:30:00Z,314.26,314.28,313.396,313.396,2325.004317,730635.164122
1785360900000,2026-07-29T21:35:00Z,313.396,314.03,311.365,311.365,484,151106.1068
1785361200000,2026-07-29T21:40:00Z,311.365,313.289,311.365,313.289,144,44898.5664
1785361500000,2026-07-29T21:45:00Z,313.289,313.29,313.289,313.29,255,79888.95
1785361800000,2026-07-29T21:50:00Z,313.29,313.39,313.29,313.39,262,82102.0492
1785362100000,2026-07-29T21:55:00Z,313.423,315.299,313.423,314.708,374.004668,117376.01678505
1785362400000,2026-07-29T22:00:00Z,314.707,317.705,314.705,317.705,980.108912,309485.07070659
1785362700000,2026-07-29T22:05:00Z,317.491,317.491,316.424,316.92,2932.037734,929221.39865928
1785363000000,2026-07-29T22:10:00Z,316.92,316.92,315.426,316.515,644,203823.102
1785363300000,2026-07-29T22:15:00Z,316.55,318.205,316.55,318.205,605,192485.5295
1785363600000,2026-07-29T22:20:00Z,318.205,319.205,318.205,319.205,2859.004231,912514.38431716
1785363900000,2026-07-29T22:25:00Z,319.172,319.172,317.11,317.42,870,277333.554
1785364200000,2026-07-29T22:30:00Z,319.25,319.26,317.42,319.26,2951,941064.1617
1785364500000,2026-07-29T22:35:00Z,319.25,319.25,319.25,319.25,3880,1238690
1785364800000,2026-07-29T22:40:00Z,319.771,322.375,319.771,321.223,927,298722.1347
1785365100000,2026-07-29T22:45:00Z,321.214,322.5,321.17,322.145,301,96900.629
1785365400000,2026-07-29T22:50:00Z,322.145,322.145,321.37,321.37,455.050156,146587.49099303
1785365700000,2026-07-29T22:55:00Z,321.37,321.37,320.87,320.87,160,51384.32
1785366000000,2026-07-29T23:00:00Z,320.87,320.87,320.87,320.87,346.074651,111044.97326637
1785366300000,2026-07-29T23:05:00Z,320.87,321.975,320.87,321.975,922,296456.3764
1785366600000,2026-07-29T23:10:00Z,321.913,322.024,321.86,322.024,88,28334.1872
1785366900000,2026-07-29T23:15:00Z,322.025,322.025,322.025,322.025,78,25117.95
1785367200000,2026-07-29T23:20:00Z,322.025,322.025,321.7,321.7,216,69521.652
1785367500000,2026-07-29T23:25:00Z,321.7,321.7,321.44,321.44,222.615871,71574.6311652
1785367800000,2026-07-29T23:30:00Z,321.44,322.875,321.44,322.875,346.646689,111584.59857837
1785368100000,2026-07-29T23:35:00Z,322.875,323.875,322.875,323.875,734,237366.7186
1785368400000,2026-07-29T23:40:00Z,323.51,323.875,323.51,323.51,1490,482573.75
1785368700000,2026-07-29T23:45:00Z,323.875,325.5,323.875,325.5,652.004065,211657.14560266
1785369000000,2026-07-29T23:50:00Z,325.5,325.5,325.075,325.075,249,80952.8382
1785369300000,2026-07-29T23:55:00Z,325.075,326.495,325.035,326.495,1127,366456.1089
1785369600000,2026-07-30T00:00:00Z,327.44,327.47,323.99,324.33,584,190205.7
1785369900000,2026-07-30T00:05:00Z,325.81,328.8,325.81,328.01,167,54663.31
1785370200000,2026-07-30T00:10:00Z,328.49,329.82,328.32,329.76,620,204016.77
1785370500000,2026-07-30T00:15:00Z,329.3,329.78,329.3,329.78,120,39550.14
1785370800000,2026-07-30T00:20:00Z,329.37,329.99,329.02,329.99,1431,471978.46
1785371100000,2026-07-30T00:25:00Z,331.91,333.27,331.89,333.04,221,73497.36
1785371400000,2026-07-30T00:30:00Z,333.05,333.08,332,332,120,39902.54
1785372000000,2026-07-30T00:40:00Z,330.06,330.06,327.61,327.61,465,152911.3
1785372300000,2026-07-30T00:45:00Z,328.01,328.01,328.01,328.01,12,3936.12
1785372600000,2026-07-30T00:50:00Z,329.36,329.59,329.36,329.59,106,34918.76
1785372900000,2026-07-30T00:55:00Z,328.5,329.93,328.49,329.93,80,26344.22
1785373200000,2026-07-30T01:00:00Z,329.94,331.35,329.94,330.32,89,29457.39
1785373500000,2026-07-30T01:05:00Z,332.37,333.77,332.37,333.03,329,109542.44
1785373800000,2026-07-30T01:10:00Z,332.8,332.8,330.38,331.91,75,24858
1785374100000,2026-07-30T01:15:00Z,332,332,331.83,331.98,22,7301.44
1785374400000,2026-07-30T01:20:00Z,331.51,333.65,331.51,333.65,249,82699.8
1785374700000,2026-07-30T01:25:00Z,333.77,334.99,333.76,334.32,142,47462.6
1785375000000,2026-07-30T01:30:00Z,334.75,335.19,334.75,335.18,192,64323.29
1785375300000,2026-07-30T01:35:00Z,337,337.01,336.21,336.21,420,141444.24
1785375600000,2026-07-30T01:40:00Z,336.71,338,336.71,338,166,56034.43
1785375900000,2026-07-30T01:45:00Z,337.11,337.68,336.22,337.29,139,46823.24
1785376200000,2026-07-30T01:50:00Z,337.5,337.5,335.93,335.97,386,129828.64
1785376500000,2026-07-30T01:55:00Z,335.98,337.21,335.98,337.21,40,13451.5
1785376800000,2026-07-30T02:00:00Z,336,336.01,335.04,335.04,194,65135.8
1785377100000,2026-07-30T02:05:00Z,335.52,335.94,335.52,335.94,50,16781.47
1785377400000,2026-07-30T02:10:00Z,335.02,336.32,335.02,336.32,33,11056.96
1785377700000,2026-07-30T02:15:00Z,335,335.79,333.76,334,118,39466.48
1785378000000,2026-07-30T02:20:00Z,334.91,334.91,333.54,333.71,261,87140.59
1785378300000,2026-07-30T02:25:00Z,333.71,333.71,332.31,332.31,183,60924.06
1785378600000,2026-07-30T02:30:00Z,332.29,332.29,331.41,331.41,22,7296.33
1785378900000,2026-07-30T02:35:00Z,330.94,330.94,329,329.16,609,200829.86
1785379200000,2026-07-30T02:40:00Z,329.52,329.61,329.51,329.6,23,7579.79
1785379500000,2026-07-30T02:45:00Z,330.29,331.15,330.29,331.15,107,35408.56
1785379800000,2026-07-30T02:50:00Z,330.71,330.71,330.01,330.01,54,17845.29
1785380100000,2026-07-30T02:55:00Z,330.38,330.38,328.99,328.99,132,43460.2
1785380400000,2026-07-30T03:00:00Z,328.38,328.38,327.33,328.01,607,198852.86
1785380700000,2026-07-30T03:05:00Z,327.7,327.7,327,327,191,62525.83
1785381000000,2026-07-30T03:10:00Z,326.7,326.7,325.5,326.01,186,60634.08
1785381300000,2026-07-30T03:15:00Z,325.1,325.1,324.89,325,372,120897.01
1785381900000,2026-07-30T03:25:00Z,326.13,326.13,326.13,326.13,20,6522.6
1785382200000,2026-07-30T03:30:00Z,326.13,326.59,325.53,325.53,116,37835.22
1785382500000,2026-07-30T03:35:00Z,326,326.01,325.99,325.99,23,7497.94
1785382800000,2026-07-30T03:40:00Z,327.41,327.41,326.5,326.5,46,15055.4
1785383100000,2026-07-30T03:45:00Z,327.38,329.22,327.38,329.22,390,127927.93
1785383400000,2026-07-30T03:50:00Z,329.8,329.81,329.51,329.51,56,18467.85
1785383700000,2026-07-30T03:55:00Z,329.53,329.53,328.53,328.53,302,99218.04
1785384300000,2026-07-30T04:05:00Z,328.51,328.51,327.32,327.51,1031,338645.45
1785385200000,2026-07-30T04:20:00Z,326.74,326.74,326.27,326.5,1121,365996.28
1785385500000,2026-07-30T04:25:00Z,326.92,328,326.92,328,125,40874.08
1785386100000,2026-07-30T04:35:00Z,327.27,327.31,326.99,326.99,110,35980.1
1785386400000,2026-07-30T04:40:00Z,327,327,325,325,926,301119.3
1785386700000,2026-07-30T04:45:00Z,326.41,326.41,326.41,326.41,1,326.41
1785387000000,2026-07-30T04:50:00Z,325.1,325.1,324.99,324.99,27,8775.9
1785387600000,2026-07-30T05:00:00Z,323.6,324.01,322.99,322.99,59,19093.15
1785387900000,2026-07-30T05:05:00Z,323.51,325,323.5,325,410,132961.31
1785388200000,2026-07-30T05:10:00Z,324.93,325,324.93,325,160,51998.96
1785388500000,2026-07-30T05:15:00Z,325.34,326.41,325.33,326.41,23,7490.17
1785388800000,2026-07-30T05:20:00Z,326.39,326.8,325.7,326.57,262,85496.11
1785389100000,2026-07-30T05:25:00Z,325.95,325.95,325.95,325.95,1,325.95
1785389400000,2026-07-30T05:30:00Z,326.01,327.65,325.99,327.65,685,223482.62
1785390000000,2026-07-30T05:40:00Z,326.88,328.38,326.78,328.38,227,74338.53
1785390300000,2026-07-30T05:45:00Z,328.37,328.37,328.37,328.37,30,9851.1
1785390900000,2026-07-30T05:55:00Z,326.51,326.51,326.51,326.51,4,1306.04
1785391800000,2026-07-30T06:10:00Z,326.5,326.5,326.5,326.5,10,3265
1785392400000,2026-07-30T06:20:00Z,326.52,326.52,326.51,326.51,219,71505.78
1785392700000,2026-07-30T06:25:00Z,326.51,326.51,326.51,326.51,318,103830.18
1785393000000,2026-07-30T06:30:00Z,326.5,326.5,326.5,326.5,26,8489
1785393300000,2026-07-30T06:35:00Z,326.01,326.02,325.78,325.78,152,49551.78
1785393600000,2026-07-30T06:40:00Z,326,326,325.8,325.8,468,152485.79
1785394200000,2026-07-30T06:50:00Z,325.81,325.81,325.81,325.81,20,6516.2
1785394500000,2026-07-30T06:55:00Z,325.69,325.69,324.73,324.99,246,79999.61
1785394800000,2026-07-30T07:00:00Z,324.99,328.37,324.99,326.8,525,172267.75
1785395100000,2026-07-30T07:05:00Z,326.78,326.8,326.78,326.8,60,19607.2
1785395400000,2026-07-30T07:10:00Z,327.01,327.01,327.01,327.01,40,13080.4
1785396300000,2026-07-30T07:25:00Z,326.36,326.36,325.02,325.03,392,127475.57
1785396600000,2026-07-30T07:30:00Z,325.01,325.01,324.2,324.2,116,37656.12
1785396900000,2026-07-30T07:35:00Z,324.18,324.18,323.61,323.67,390,126235.09
1785397500000,2026-07-30T07:45:00Z,326.03,326.03,326.03,326.03,6,1956.18
1785397800000,2026-07-30T07:50:00Z,325.21,325.27,324.99,324.99,60,19509.01
1785398100000,2026-07-30T07:55:00Z,324.12,324.12,323.68,324.02,16,5184.92
1785398400000,2026-07-30T08:00:00Z,326.499,330.972,326.01,326.01,11677.044310000001,3817969.61266155
1785398700000,2026-07-30T08:05:00Z,326.01,326.744,326.01,326.744,612.700587,199876.2883522
1785399000000,2026-07-30T08:10:00Z,326.745,328.252,326.745,327.298,391,128151.1884
1785399300000,2026-07-30T08:15:00Z,326.99,328,326,326.99,486,158719.095
1785399600000,2026-07-30T08:20:00Z,327.975,327.975,327.975,327.975,61,20006.475
1785399900000,2026-07-30T08:25:00Z,327.975,328.559,327.975,328.559,526.0039850000001,172785.52362109
1785400200000,2026-07-30T08:30:00Z,328.56,328.56,328.56,328.56,118,38770.08
1785400500000,2026-07-30T08:35:00Z,328.56,328.56,328.56,328.56,774.213454,254375.57244624
1785400800000,2026-07-30T08:40:00Z,328.56,329,328.56,329,347,114146.7257
1785401100000,2026-07-30T08:45:00Z,329,329,329,329,110.304147,36290.064363
1785401400000,2026-07-30T08:50:00Z,329,329,328.916,328.916,259,85211
1785401700000,2026-07-30T08:55:00Z,327.69,328.914,326.5,327.69,224,73324.1152
1785402000000,2026-07-30T09:00:00Z,326.888,328.83,326.888,328.83,42,13810.86
1785402300000,2026-07-30T09:05:00Z,328.83,328.83,328.83,328.83,60,19729.8
1785402600000,2026-07-30T09:10:00Z,328.83,328.83,328.83,328.83,53,17427.99
1785402900000,2026-07-30T09:15:00Z,328.83,331,328.83,331,24,7911.6096
1785403200000,2026-07-30T09:20:00Z,331,331,331,331,107,35417
1785403500000,2026-07-30T09:25:00Z,331,331,331,331,54,17874
1785403800000,2026-07-30T09:30:00Z,331,331,330.83,330.83,35,11585
1785404100000,2026-07-30T09:35:00Z,330.83,330.83,330.83,330.83,2,661.66
1785404400000,2026-07-30T09:40:00Z,330.83,331,330.83,330.83,129,42695.2332
1785404700000,2026-07-30T09:45:00Z,330.83,330.83,328.85,328.95,86,28410.8998
1785405000000,2026-07-30T09:50:00Z,328.95,330.999,328.95,330.999,40,13197.46
1785405300000,2026-07-30T09:55:00Z,331,331,331,331,361,119491
1785405600000,2026-07-30T10:00:00Z,331,331.299,329,329.003,584,193129.7928
1785405900000,2026-07-30T10:05:00Z,329.002,329.002,329,329,152,50008
1785406200000,2026-07-30T10:10:00Z,329.417,331.498,329.417,331.43,137,45405.91
1785406500000,2026-07-30T10:15:00Z,331.43,332.327,331.43,332.327,1662.503906,551003.66956558
1785406800000,2026-07-30T10:20:00Z,332.356,335.445,332.356,334.891,1705,567832.859
1785407100000,2026-07-30T10:25:00Z,334.89,335.443,334.865,334.865,564,188880.6108
1785407400000,2026-07-30T10:30:00Z,334.865,335.945,334.865,335.945,107,35861.8525
1785407700000,2026-07-30T10:35:00Z,335.593,335.593,334,334,794.102985,265242.409347301
1785408000000,2026-07-30T10:40:00Z,334,334,334,334,166,55444
1785408300000,2026-07-30T10:45:00Z,334.032,335.69,334.032,335.69,1369.003829,458855.44768393
1785408600000,2026-07-30T10:50:00Z,335.69,335.69,335.69,335.69,694,232968.86
1785408900000,2026-07-30T10:55:00Z,335.69,335.69,335.28,335.28,137,45974.8299
1785409200000,2026-07-30T11:00:00Z,335.28,338.179,335.28,336.999,764,256806.6052
1785409500000,2026-07-30T11:05:00Z,337,338.334,337,338.334,766,258351.4244
1785409800000,2026-07-30T11:10:00Z,337.49,338.335,337.49,337.49,420,142064.412
1785410100000,2026-07-30T11:15:00Z,337.22,338.055,336.73,336.73,1222,412716.2026
1785410400000,2026-07-30T11:20:00Z,337.605,337.605,337.605,337.605,1208,407826.84
1785410700000,2026-07-30T11:25:00Z,337.605,338.335,337.605,338.335,3345.003753,1130874.52030936
1785411000000,2026-07-30T11:30:00Z,338.335,338.335,338.335,338.335,2160.0163119999997,730809.11892052
1785411300000,2026-07-30T11:35:00Z,338.335,338.335,338.335,338.335,980.7850960000001,331833.92545516
1785411600000,2026-07-30T11:40:00Z,338.335,338.485,336.101,337.78,2952,997832.6784
1785411900000,2026-07-30T11:45:00Z,337.78,337.78,337.78,337.78,2362.8,798106.584
1785412200000,2026-07-30T11:50:00Z,337.78,337.78,337.78,337.78,1050,354669
1785412500000,2026-07-30T11:55:00Z,337.78,337.78,336.5,337.709,571,192397.4793
1785412800000,2026-07-30T12:00:00Z,337.71,337.71,335.45,335.89,3092.0888560000003,1039063.68391693
1785413100000,2026-07-30T12:05:00Z,335.89,337.505,335.89,337.331,2049,689662.0503
1785413400000,2026-07-30T12:10:00Z,337.33,337.805,337.33,337.43,2665,899833.2525
1785413700000,2026-07-30T12:15:00Z,337.43,338.692,337.134,337.545,2931.545284,990366.28852995
1785414000000,2026-07-30T12:20:00Z,337.545,337.545,337.05,337.05,573.8199999999999,193537.263634
1785414300000,2026-07-30T12:25:00Z,337.05,337.05,336.408,336.85,864.001062,291060.35776125
1785414600000,2026-07-30T12:30:00Z,336.85,337.545,336.675,337.544,5437.1029849999995,1832827.29896246
1785414900000,2026-07-30T12:35:00Z,337.545,339.135,337.545,339.135,7246,2452055.8198
1785415200000,2026-07-30T12:40:00Z,339.135,339.135,337.75,339.135,2513,850720.864
1785415500000,2026-07-30T12:45:00Z,339.135,341.78,339.135,340.345,4679,1587384.4388
1785415800000,2026-07-30T12:50:00Z,343.28,343.48,340.345,343.11,14573.019149,4980813.1184065
1785416100000,2026-07-30T12:55:00Z,341.99,341.99,341.665,341.665,1800,615069.6104
1785416400000,2026-07-30T13:00:00Z,341.665,343,341.665,343,5329,1821698.9327
1785416700000,2026-07-30T13:05:00Z,343,344.24,342.45,342.45,3170.500056,1087481.519208
1785417000000,2026-07-30T13:10:00Z,342.45,342.45,342.45,342.45,1310,448609.5
1785417300000,2026-07-30T13:15:00Z,342.45,343.563,342.05,342.221,2653,909489.9717
1785417600000,2026-07-30T13:20:00Z,342.217,343,342.2,343,487.274676,166853.92978149
1785417900000,2026-07-30T13:25:00Z,343,346.475,339.973,345.659,25073.745612,8569462.6779523648
1785418200000,2026-07-30T13:30:00Z,345.976,352.19,345.75,348.078,84279.756556,29172824.4616345712
1785418500000,2026-07-30T13:35:00Z,351.48,351.75,349.765,349.765,1328,465941.45
1785418800000,2026-07-30T13:40:00Z,350.528,353.27,346.88,352.655,14508,5065752.895
1785419100000,2026-07-30T13:45:00Z,352.52,355.21,351.14,353.885,145572.116095,51456525.8958168
1785419400000,2026-07-30T13:50:00Z,354.78,358.91,353.43,358.8,187724.50479300003,66786803.38755706
1785419700000,2026-07-30T13:55:00Z,359.495,361.21,358.75,360.51,78945.972941,28395027.02570817
1785420000000,2026-07-30T14:00:00Z,360.35,360.9,355.618,355.905,99570.711165,35663938.61294621
1785420300000,2026-07-30T14:05:00Z,355.68,357.6,350.5,351.03,174802.998748,61934957.41510025
1785420600000,2026-07-30T14:10:00Z,351,352.02,349.4,350.83,117735.189281,41304000.38578756
1785420900000,2026-07-30T14:15:00Z,351.1,353.01,349.8,352.42,79734.11134100001,28027042.46126295
1785421200000,2026-07-30T14:20:00Z,352.59,354.792,351.955,354.1,102537.44351400001,36225576.46399328
1785421500000,2026-07-30T14:25:00Z,354.545,357.748,353.5,356.665,56265.733949,20021384.95862315
1785421800000,2026-07-30T14:30:00Z,357.61,360.773,356.2,360.52,83641.226089,29994111.69691019
1785422100000,2026-07-30T14:35:00Z,360.537,362.75,359.11,360.605,39001.907991,14076159.6955701051
1785422400000,2026-07-30T14:40:00Z,360.407,362.06,357.2,357.97,39516.110771,14269429.1645250319
1785422700000,2026-07-30T14:45:00Z,357.995,359.22,356.34,358.749,34205.708436,12253003.0038623644
1785423000000,2026-07-30T14:50:00Z,358.74,358.869,351.62,352.43,66786.291633,23702227.82716015
1785423300000,2026-07-30T14:55:00Z,352.93,355.12,352.188,354.4,65584.052623,23210222.45690075
1785423600000,2026-07-30T15:00:00Z,354.16,358.605,352.66,357.5,74746.09244000001,26638408.57805714
1785423900000,2026-07-30T15:05:00Z,357.87,359.62,356.335,359.49,58610.229619,20979754.4109936
1785424200000,2026-07-30T15:10:00Z,358.79,359.37,355.24,355.24,50066.732754000004,17854492.82766168
1785424500000,2026-07-30T15:15:00Z,355.38,358.03,355.111,357.34,57830.03142,20643216.20379631
1785424800000,2026-07-30T15:20:00Z,357.52,358.941,356.46,356.83,38152.69979,13636083.9418143
1785425100000,2026-07-30T15:25:00Z,357.16,357.54,354.939,355.8,45115.32881300001,16071347.86393025
1785425400000,2026-07-30T15:30:00Z,355.953,357,354.81,356.268,16455.800507,5846132.9718505574
1785425700000,2026-07-30T15:35:00Z,356.279,356.87,354.98,355.68,31179.308766000002,11108977.0223445595126636
1785426000000,2026-07-30T15:40:00Z,355.71,356.53,355.057,356.261,8851.235989,3148297.7620058716
1785426300000,2026-07-30T15:45:00Z,356.254,357.385,355.93,356.875,19117.612260000002,6818391.2661177687128936
1785426600000,2026-07-30T15:50:00Z,356.912,357.96,356.057,357.879,14107.788293000001,5036992.1173237471570476
1785426900000,2026-07-30T15:55:00Z,357.886,359.41,356.37,356.381,35220.284646,12632975.9144279508
1785427200000,2026-07-30T16:00:00Z,356.379,358.618,355.98,358.467,6513.267684,2321617.646122664
1785427500000,2026-07-30T16:05:00Z,358.467,359.234,358.19,358.657,66023.370396,23690943.1093469302
1785427800000,2026-07-30T16:10:00Z,358.684,361.643,358.684,360.281,27240.545567,9809900.8506109307
1785428100000,2026-07-30T16:15:00Z,360.8,360.91,359.97,359.97,50805.806326,18313770.86368855
1785428400000,2026-07-30T16:20:00Z,359.89,361.15,358.97,359.55,40833.699009,14708976.22244535
1785428700000,2026-07-30T16:25:00Z,359.36,360.57,358.94,360.32,33922.770885,12203594.70390356
1785429000000,2026-07-30T16:30:00Z,359.88,360.387,357.84,357.97,34173.551612,12262058.10347333
1785429300000,2026-07-30T16:35:00Z,358.36,359.75,357.94,358.3,82066.988855,29442279.06132983
1785429600000,2026-07-30T16:40:00Z,358.38,358.561,355.56,356.185,68351.409645,24358323.50377901
1785429900000,2026-07-30T16:45:00Z,356.66,357.418,355.82,356.79,38229.52306200001,13630319.74595473
1785430200000,2026-07-30T16:50:00Z,357.454,358.88,356.62,358.299,53519.211444,19149841.170170339
1785430500000,2026-07-30T16:55:00Z,358.299,359.52,358.299,359.259,32068.194833999997,11513709.3785212577234299
1785430800000,2026-07-30T17:00:00Z,359.26,360.633,359.26,359.954,23946.439529,8620916.4895099241
1785431100000,2026-07-30T17:05:00Z,359.955,361.47,359.955,360.799,34442.118625,12430417.6631421
1785431400000,2026-07-30T17:10:00Z,360.807,360.832,359.6,359.747,17814.688589,6421767.1048537021
1785431700000,2026-07-30T17:15:00Z,360.26,362.079,359.748,361.99,28535.137732,10306241.14765811
1785432000000,2026-07-30T17:20:00Z,362.69,363.284,362.04,362.91,51102.452853999996,18534895.4218628
1785432300000,2026-07-30T17:25:00Z,362.49,362.861,361.51,361.51,24943.026967,9036442.12159375
1785432600000,2026-07-30T17:30:00Z,361.7,362.208,361.43,361.56,23219.147743,8402535.89757774
1785432900000,2026-07-30T17:35:00Z,361.98,361.98,360.49,360.49,21441.240453000002,7747747.2110866
1785433200000,2026-07-30T17:40:00Z,360.59,362.42,360.59,361.52,19231.984316000002,6953618.17880984
1785433500000,2026-07-30T17:45:00Z,362.02,362.63,361.7,361.7,32026.660935,11600866.86517866
1785433800000,2026-07-30T17:50:00Z,361.49,362.287,361.193,361.34,18838.834544999998,6813802.99551341
1785434100000,2026-07-30T17:55:00Z,361.683,361.953,361.14,361.62,20003.056747000001,7231653.7755705109615974
1785434400000,2026-07-30T18:00:00Z,361.619,362.307,361.22,361.451,14854.571812999999,5376106.4884202937380743
1785434700000,2026-07-30T18:05:00Z,361.449,362.4,361.21,361.514,19985.793319,7229507.7088371933
1785435000000,2026-07-30T18:10:00Z,361.504,361.811,361.22,361.753,20363.17528,7362281.184702268
1785435300000,2026-07-30T18:15:00Z,361.754,361.967,359.829,359.829,24245.601732000003,8763368.0282976454844301
1785435600000,2026-07-30T18:20:00Z,359.829,361.87,359.829,361.282,41465.630841,14958011.1736459665
1785435900000,2026-07-30T18:25:00Z,361.275,361.799,360.67,360.81,30083.106666,10870919.8405077866
1785436200000,2026-07-30T18:30:00Z,360.829,361.743,360.829,360.98,12354.563750000001,4464250.3658342503613574
1785436500000,2026-07-30T18:35:00Z,360.81,361.647,360.498,360.7,30777.884590000005,11113337.04573792
1785436800000,2026-07-30T18:40:00Z,360.74,361.61,360.48,361.61,23227.853374,8386760.23291264
1785437100000,2026-07-30T18:45:00Z,361.54,361.943,361.135,361.25,37228.774167999996,13464255.26041172
1785437400000,2026-07-30T18:50:00Z,361.49,361.495,360.187,360.87,30522.792954,11014101.00098217
1785437700000,2026-07-30T18:55:00Z,360.865,361.97,360.62,361.86,48014.121811,17342734.40801847
1785438000000,2026-07-30T19:00:00Z,362.02,363.32,361.918,363.13,39819.595830000006,14448166.0427147
1785438300000,2026-07-30T19:05:00Z,363.32,366.51,363.124,366.18,65704.44873799999,23992767.91006555
1785438600000,2026-07-30T19:10:00Z,366.36,367.63,366.169,366.58,78610.075601,28845817.88264331
1785438900000,2026-07-30T19:15:00Z,366.92,368.352,366.534,367.57,67534.695706,24824518.25659418
1785439200000,2026-07-30T19:20:00Z,367.509,367.55,365.13,365.272,98480.726734999996,36071798.7009327171323336
1785439500000,2026-07-30T19:25:00Z,365.255,366.05,363.43,363.569,54545.98846099999,19924605.73781483534701
1785439800000,2026-07-30T19:30:00Z,363.4,365.03,363.4,364.939,50309.22658,18313903.669646154
1785440100000,2026-07-30T19:35:00Z,365.09,366.01,364.48,365.682,47931.225060999998,17496448.3380979366695252
1785440400000,2026-07-30T19:40:00Z,365.84,366.08,364.34,365.75,72169.610436,26364720.62299882
1785440700000,2026-07-30T19:45:00Z,365.76,366.58,365.526,366.31,84711.804594,31002063.83907077
1785441000000,2026-07-30T19:50:00Z,365.89,366.8,364.67,366.35,259317.59961499998,94924529.85882878
1785441300000,2026-07-30T19:55:00Z,365.51,366.6,364,365.48,506849.461347,185294735.66848215
1785441600000,2026-07-30T20:00:00Z,365.415,367.348,364.584,365.22,1574691.794025,575415057.09856896
1785441900000,2026-07-30T20:05:00Z,365.22,366.718,365.22,365.957,15284.036561,5582505.05273084
1785442200000,2026-07-30T20:10:00Z,365.964,365.983,365.237,365.5,76250.448773,27868822.27231303
1785442500000,2026-07-30T20:15:00Z,365.5,368.634,365.5,368.634,375.387909,137296.10062204
1785442800000,2026-07-30T20:20:00Z,368.634,368.635,366.814,367.256,13973.995746,5150475.26387897
1785443100000,2026-07-30T20:25:00Z,367.255,368,367.255,368,266.015461,97799.81279181
1785443400000,2026-07-30T20:30:00Z,368,369.357,368,369.357,9705.897644,3581666.46622982
1785443700000,2026-07-30T20:35:00Z,369.358,370.055,369.358,369.375,24899.926616,9197315.77406386
1785444000000,2026-07-30T20:40:00Z,369.375,369.375,368.55,368.55,558,206105.2184
1785444300000,2026-07-30T20:45:00Z,368.55,368.55,368.55,368.55,211.003135,77765.20540425
1785444600000,2026-07-30T20:50:00Z,368.55,370.55,368.55,370.55,316,116851.7792
1785444900000,2026-07-30T20:55:00Z,370.55,370.55,370.55,370.55,88581.2,32823763.66
1785445200000,2026-07-30T21:00:00Z,370.55,370.55,370.5,370.5,348,128937.6888
1785445500000,2026-07-30T21:05:00Z,370.117,370.117,368.2,368.379,175,64438.9725
1785445800000,2026-07-30T21:10:00Z,368.38,368.55,368.38,368.55,161,59329.2406
1785446100000,2026-07-30T21:15:00Z,372.01,373.284,368.55,372.01,712,263193.1496
1785446400000,2026-07-30T21:20:00Z,373.32,373.5,370.297,372.6,1325,493869.2375
1785446700000,2026-07-30T21:25:00Z,372.179,372.179,370.075,370.075,486,179863.4484
1785447000000,2026-07-30T21:30:00Z,370.075,370.075,370.075,370.075,118,43668.85
1785447300000,2026-07-30T21:35:00Z,370.08,370.164,370.08,370.131,251.003073,92901.48328153
1785447600000,2026-07-30T21:40:00Z,370.148,370.439,370.148,370.439,120.935621,44794.13074373
1785447900000,2026-07-30T21:45:00Z,370.791,372.545,370.791,372.545,327.028759,121745.21990849
1785448200000,2026-07-30T21:50:00Z,372.545,375.488,371.951,375.488,412.014966,153948.238404
1785448500000,2026-07-30T21:55:00Z,375.489,375.49,371.495,371.515,491,184351.172
1785448800000,2026-07-30T22:00:00Z,371.515,371.745,370.922,371.745,267.47745199999997,99382.82540757
1785449100000,2026-07-30T22:05:00Z,371.757,371.82,371.757,371.82,55,20450.1
1785449400000,2026-07-30T22:10:00Z,371.824,371.885,371.824,371.885,116,43137.384
1785449700000,2026-07-30T22:15:00Z,371.885,371.965,371.885,371.965,250.009928,92979.81726788
1785450000000,2026-07-30T22:20:00Z,371.846,371.846,371.45,371.755,110,40888.947
1785450300000,2026-07-30T22:25:00Z,371.755,371.755,371.755,371.755,139,51673.945
1785450600000,2026-07-30T22:30:00Z,371.755,372.329,371.25,372.329,82,30469.6912
1785450900000,2026-07-30T22:35:00Z,372.436,373.25,372.436,373.25,281,104816.6249
1785451200000,2026-07-30T22:40:00Z,373.25,373.25,373.25,373.25,109,40684.25
1785451500000,2026-07-30T22:45:00Z,373.063,373.063,372.13,372.13,22,8186.871
1785451800000,2026-07-30T22:50:00Z,372.13,372.13,372.13,372.13,353.113849,131404.25662837
1785452100000,2026-07-30T22:55:00Z,372.13,374.38,372.13,374.38,265.422002,99324.31055003
1785452400000,2026-07-30T23:00:00Z,374.38,375.599,374.38,375.599,378,141515.64
1785452700000,2026-07-30T23:05:00Z,375.6,375.6,374.829,374.829,47,17653.2
1785453000000,2026-07-30T23:10:00Z,374.791,374.791,374.6,374.6,0,0
1785453300000,2026-07-30T23:15:00Z,374.6,374.6,372.431,372.431,270,101022.498
1785453600000,2026-07-30T23:20:00Z,372.397,372.397,372.225,372.225,22,8188.9698
1785453900000,2026-07-30T23:25:00Z,372.438,373.5,372.438,372.75,269,100204.4471
1785454200000,2026-07-30T23:30:00Z,372.75,372.75,372.75,372.75,715.136561,266567.15311275
1785454500000,2026-07-30T23:35:00Z,372.75,375.237,372.75,375.237,78,29087.4246
1785454800000,2026-07-30T23:40:00Z,375.239,375.25,375.239,375.25,228,85556.9544
1785455100000,2026-07-30T23:45:00Z,375.25,375.25,375.25,375.25,260,97565
1785455400000,2026-07-30T23:50:00Z,375.25,375.25,375.25,375.25,96,36024
1785455700000,2026-07-30T23:55:00Z,375.25,376.9,375.25,376.9,478.05832599999997,179809.83128425
1785456000000,2026-07-31T00:00:00Z,374.3,374.3,373.16,373.51,35,13089.44
1785456300000,2026-07-31T00:05:00Z,374,374.98,371.22,372.49,101,37723.82
1785456600000,2026-07-31T00:10:00Z,372.39,373.97,371.93,373.77,41,15298.24
1785456900000,2026-07-31T00:15:00Z,374.12,374.23,371.08,374.23,240,89535.58
1785457200000,2026-07-31T00:20:00Z,374,374.83,372.01,373.5,85,31735.63
1785457500000,2026-07-31T00:25:00Z,373.46,373.46,372.11,372.11,23,8575
1785457800000,2026-07-31T00:30:00Z,372.52,375.01,372.52,374.69,162,60585.61
1785458100000,2026-07-31T00:35:00Z,375.79,376,373.82,375,625,233939.67
1785458400000,2026-07-31T00:40:00Z,373.44,374.99,373.44,374.12,35,13102.57
1785458700000,2026-07-31T00:45:00Z,374.12,374.82,373.12,373.12,56,20913.49
1785459000000,2026-07-31T00:50:00Z,373.44,373.61,373.24,373.61,29,10829.36
1785459300000,2026-07-31T00:55:00Z,374.01,375.01,374.01,374.16,16,5994.82
1785459600000,2026-07-31T01:00:00Z,375,378.01,375,378.01,478,180427.03
1785459900000,2026-07-31T01:05:00Z,378.1,378.83,377.99,378.31,73,27639.02
1785460200000,2026-07-31T01:10:00Z,378.31,378.62,376.67,376.8,85,32098
1785460500000,2026-07-31T01:15:00Z,376.9,378,376.55,376.55,139,52481.08
1785460800000,2026-07-31T01:20:00Z,376.29,378.53,374.99,375.11,184,69208.79
1785461100000,2026-07-31T01:25:00Z,377.5,377.5,377.5,377.5,10,3775
1785461400000,2026-07-31T01:30:00Z,376.08,376.92,374.99,374.99,478,179923.31
1785461700000,2026-07-31T01:35:00Z,375.01,375.01,373.15,373.15,160,59881.34
1785462000000,2026-07-31T01:40:00Z,373.17,373.51,372.58,372.58,115,42895.59
1785462300000,2026-07-31T01:45:00Z,372.58,372.62,372.5,372.5,261,97247.8
1785462600000,2026-07-31T01:50:00Z,371.53,371.53,370,370,279,103415.97
1785462900000,2026-07-31T01:55:00Z,371.31,371.31,371.01,371.04,19,7049.87
1785463200000,2026-07-31T02:00:00Z,372.77,372.9,368.41,368.41,495,183206.36
1785463500000,2026-07-31T02:05:00Z,366.44,368.61,366.43,368.6,111,40860.41
1785463800000,2026-07-31T02:10:00Z,368.72,368.72,366.5,367.08,45,16570.76
1785464100000,2026-07-31T02:15:00Z,367.08,367.35,365.67,365.68,395,144786.14
1785464400000,2026-07-31T02:20:00Z,366.2,367.06,365.68,365.7,64,23458.16
1785464700000,2026-07-31T02:25:00Z,366.99,366.99,365.67,366.02,32,11708.28
1785465000000,2026-07-31T02:30:00Z,367.21,367.65,365.61,367,238,87267.61
1785465300000,2026-07-31T02:35:00Z,365.99,366,365.6,365.62,491,179686.43
1785465600000,2026-07-31T02:40:00Z,366.9,367.99,366.9,367.97,294,108018.99
1785465900000,2026-07-31T02:45:00Z,367.98,370.41,367.98,370.25,304,112370.36
1785466200000,2026-07-31T02:50:00Z,370.37,370.37,370.37,370.37,2,740.74
1785466500000,2026-07-31T02:55:00Z,369,370.9,369,370.9,96,35563.83
1785467100000,2026-07-31T03:05:00Z,370.91,370.91,370.91,370.91,2,741.82
1785467400000,2026-07-31T03:10:00Z,370.3,370.3,370.3,370.3,6,2221.8
1785467700000,2026-07-31T03:15:00Z,370.07,371.27,370.07,371.27,218,80729.97
1785468300000,2026-07-31T03:25:00Z,371.69,371.69,370.53,370.53,3,1112.75
1785468600000,2026-07-31T03:30:00Z,370.62,370.62,370.62,370.62,8,2964.96
1785468900000,2026-07-31T03:35:00Z,371.06,371.97,371.06,371.97,107,39751.37
1785469200000,2026-07-31T03:40:00Z,371.92,372.45,371.49,372.45,99,36829.45
1785469500000,2026-07-31T03:45:00Z,372.16,372.16,370.98,370.98,89,33059.55
1785469800000,2026-07-31T03:50:00Z,372.09,372.89,372.09,372.86,1080,402643.24
1785470100000,2026-07-31T03:55:00Z,371.99,371.99,371.98,371.98,60,22319
1785470400000,2026-07-31T04:00:00Z,372.33,372.86,372.01,372.86,194,72281.35
1785470700000,2026-07-31T04:05:00Z,372.78,374.21,372.78,374.21,552,205932.79
1785471300000,2026-07-31T04:15:00Z,373.99,374.98,373.99,374.98,90,33717.93
1785471600000,2026-07-31T04:20:00Z,374.86,374.86,374.86,374.86,6,2249.16
1785471900000,2026-07-31T04:25:00Z,374.87,375,374.87,375,10,3749.35
1785472200000,2026-07-31T04:30:00Z,376,376,374.87,374.87,50,18749.15
1785472500000,2026-07-31T04:35:00Z,374.98,376.9,374.98,376.9,159,59917.78
1785472800000,2026-07-31T04:40:00Z,376.91,377.53,376.57,377.01,126,47520.19
1785473100000,2026-07-31T04:45:00Z,377.54,378.01,376.5,376.51,859,324429.97
1785473700000,2026-07-31T04:55:00Z,377.01,377.93,377.01,377.89,114,43003.74
1785474000000,2026-07-31T05:00:00Z,377.5,377.82,377.01,377.82,64,24154.76
1785474300000,2026-07-31T05:05:00Z,377.69,377.9,377.5,377.5,156,58922.64
1785474600000,2026-07-31T05:10:00Z,377,377.01,376.9,376.9,110,41465.28
1785474900000,2026-07-31T05:15:00Z,377,377,376.89,376.94,86,32416.23
1785475200000,2026-07-31T05:20:00Z,377.52,377.59,377.5,377.59,33,12457.9
1785475500000,2026-07-31T05:25:00Z,377.59,378.51,377.59,378.51,365,137877.12
1785475800000,2026-07-31T05:30:00Z,378.51,378.81,377.51,377.51,347,131277.81
1785476100000,2026-07-31T05:35:00Z,377.27,379.01,376.95,379.01,330,124993.99
1785476400000,2026-07-31T05:40:00Z,379.01,379.3,377.99,377.99,433,164180.31
1785476700000,2026-07-31T05:45:00Z,377.99,379.19,377.99,379.19,174,65951.25
1785477000000,2026-07-31T05:50:00Z,379.16,380.03,379.16,379.33,407,154438.62
1785477300000,2026-07-31T05:55:00Z,380.29,380.29,380.29,380.29,1,380.29
1785477600000,2026-07-31T06:00:00Z,380.22,380.3,379.6,379.6,11,4181.82
1785477900000,2026-07-31T06:05:00Z,380.3,380.3,379.61,379.62,28,10636.13
1785478200000,2026-07-31T06:10:00Z,379.62,382.66,379.62,381.55,578,220809.56
1785478500000,2026-07-31T06:15:00Z,381.53,381.86,381.15,381.17,371,141643.24
1785478800000,2026-07-31T06:20:00Z,381.17,381.61,380.31,380.31,370,140806.84
1785479100000,2026-07-31T06:25:00Z,380.36,380.66,380.3,380.32,144,54766.17
1785479400000,2026-07-31T06:30:00Z,380.32,380.94,377.94,377.94,315,119368.05
1785479700000,2026-07-31T06:35:00Z,377.21,377.3,376.49,376.49,899,338603.1
1785480000000,2026-07-31T06:40:00Z,376.04,376.91,374.81,375.47,254,95375.48
1785480300000,2026-07-31T06:45:00Z,375.14,375.56,374.84,374.94,393,147359.53
1785480600000,2026-07-31T06:50:00Z,375.5,375.5,374.94,374.94,101,37875.38
1785480900000,2026-07-31T06:55:00Z,375.99,375.99,375.97,375.97,42,15790.78
1785481200000,2026-07-31T07:00:00Z,375.49,375.49,374.93,374.94,27,10129.15
1785481500000,2026-07-31T07:05:00Z,374.94,376,374.76,374.78,95,35671.67
1785481800000,2026-07-31T07:10:00Z,376.61,376.61,376.61,376.61,2,753.22
1785482400000,2026-07-31T07:20:00Z,377.85,377.86,376.99,376.99,13,4909.51
1785482700000,2026-07-31T07:25:00Z,377.74,379,377.74,379,90,34009.01
1785483600000,2026-07-31T07:40:00Z,377.99,379.56,377.99,378.99,717,271899.64
1785483900000,2026-07-31T07:45:00Z,379.41,379.98,379.41,379.98,300,113944.43
1785484500000,2026-07-31T07:55:00Z,378.7,379.35,378.7,379.31,12,4550.73
1785484800000,2026-07-31T08:00:00Z,376.917,378.055,376.917,378.055,15466.886022,5845820.93359426
1785485100000,2026-07-31T08:05:00Z,378.055,378.055,377.969,377.969,244,92245.3956
1785485400000,2026-07-31T08:10:00Z,377.968,377.968,377.965,377.965,181,68411.665
1785485700000,2026-07-31T08:15:00Z,377.965,380.5,377.965,380.5,362.8,138002.11796
1785486000000,2026-07-31T08:20:00Z,380.5,380.5,380.5,380.5,383,145731.5
1785486300000,2026-07-31T08:25:00Z,380.5,380.795,380.5,380.795,1940,738182.416
1785486600000,2026-07-31T08:30:00Z,380.795,380.795,380.795,380.795,118,44933.81
1785486900000,2026-07-31T08:35:00Z,380.795,383.5,380.795,383.5,1620,617415.858
1785487200000,2026-07-31T08:40:00Z,383.5,383.5,382.005,382.005,7210,2763079.648
1785487500000,2026-07-31T08:45:00Z,382.005,382.005,382.005,382.005,179,68378.895
1785487800000,2026-07-31T08:50:00Z,382.005,382.505,382.005,382.505,58,22159.2886
1785488100000,2026-07-31T08:55:00Z,382.505,382.505,382.505,382.505,242,92566.21
1785488400000,2026-07-31T09:00:00Z,382.505,382.505,382.505,382.505,273,104423.865
1785488700000,2026-07-31T09:05:00Z,382.505,382.505,382.505,382.505,259,99068.795
1785489000000,2026-07-31T09:10:00Z,382.505,383.25,382.505,383.25,184,70444.5472
1785489300000,2026-07-31T09:15:00Z,383.25,383.25,383.25,383.25,251,96195.75
1785489600000,2026-07-31T09:20:00Z,383.25,383.25,382.506,382.506,164,62848.5228
1785489900000,2026-07-31T09:25:00Z,382.505,382.505,382.505,382.505,251,96008.755
1785490200000,2026-07-31T09:30:00Z,382.505,382.505,380.88,380.88,226.117658,86438.24585308
1785490500000,2026-07-31T09:35:00Z,380.88,380.88,376.916,378.195,1861,708788.8345
1785490800000,2026-07-31T09:40:00Z,378.199,379.5,378.199,379.5,250,94660.4
1785491100000,2026-07-31T09:45:00Z,379.5,379.5,379.5,379.5,61,23149.5
1785491400000,2026-07-31T09:50:00Z,379.5,380,379.5,380,772,293330.5096
1785491700000,2026-07-31T09:55:00Z,380,380,380,380,183,69540
1785492000000,2026-07-31T10:00:00Z,380,380,377.645,378.25,168.003624,63548.12679431
1785492300000,2026-07-31T10:05:00Z,378.25,378.25,378.25,378.25,125,47281.25
1785492600000,2026-07-31T10:10:00Z,378.25,378.25,378.25,378.25,57,21560.25
1785492900000,2026-07-31T10:15:00Z,378.25,378.25,378.25,378.25,47,17777.75
1785493200000,2026-07-31T10:20:00Z,378.25,378.81,378.25,378.81,681,257624.0706
1785493500000,2026-07-31T10:25:00Z,378.81,378.81,378.81,378.81,345,130689.45
1785493800000,2026-07-31T10:30:00Z,378.81,378.81,378.81,378.81,25,9470.25
1785494100000,2026-07-31T10:35:00Z,378.81,378.81,378.81,378.81,18,6818.58
1785494400000,2026-07-31T10:40:00Z,378.81,379.25,378.81,379.25,225.005741,85235.2122683
1785494700000,2026-07-31T10:45:00Z,379.25,379.25,378.653,378.653,233,88361.755
1785495000000,2026-07-31T10:50:00Z,378.637,378.637,378.46,378.46,18,6812.3394
1785495300000,2026-07-31T10:55:00Z,378.46,378.46,378.46,378.46,92,34818.32
1785495600000,2026-07-31T11:00:00Z,378.46,381,378.46,381,2089.832451,792048.17079496
1785495900000,2026-07-31T11:05:00Z,381.5,384,381.5,384,1005,385545.537
1785496200000,2026-07-31T11:10:00Z,384,384,381,381.5,418,159829.1552
1785496500000,2026-07-31T11:15:00Z,381.417,381.5,381,381.056,932.132539,355397.15596865
1785496800000,2026-07-31T11:20:00Z,381.047,383,380.765,383,806,307868.7066
1785497100000,2026-07-31T11:25:00Z,383,383,383,383,262.030224,100357.575792
1785497400000,2026-07-31T11:30:00Z,383,383,381,381,692,264691.2456
1785497700000,2026-07-31T11:35:00Z,380.62,381,380.496,380.62,1204,458653.8068
1785498000000,2026-07-31T11:40:00Z,380.495,381.918,380.495,381.918,1902,724536.6582
1785498300000,2026-07-31T11:45:00Z,381.926,383.7,381.926,383.7,7324,2805717.4696
1785498600000,2026-07-31T11:50:00Z,383.7,383.7,383.7,383.7,651.172789,249854.9991393
1785498900000,2026-07-31T11:55:00Z,383.7,383.7,383.7,383.7,93,35684.1
1785499200000,2026-07-31T12:00:00Z,383.7,383.7,380.75,381,862,328362.091
1785499500000,2026-07-31T12:05:00Z,381.45,381.45,381,381.45,629,239649
1785499800000,2026-07-31T12:10:00Z,381,381,380.04,380.04,359,136551.3581
1785500100000,2026-07-31T12:15:00Z,380.04,380.04,380.04,380.04,944,358757.76
1785500400000,2026-07-31T12:20:00Z,380.04,380.04,379,379,92,34882.306
1785500700000,2026-07-31T12:25:00Z,379.99,380.997,379,379.99,274,103857.6724
1785501000000,2026-07-31T12:30:00Z,380.998,381,380.5,380.997,384,146211.3024
1785501300000,2026-07-31T12:35:00Z,380.999,381,380,380,170,64703.683
1785501600000,2026-07-31T12:40:00Z,379.935,379.935,379.61,379.61,299,113504.0478
1785501900000,2026-07-31T12:45:00Z,379.837,381,378.5,378.5,1051,399422.4604
1785502200000,2026-07-31T12:50:00Z,378.5,378.5,378,378,1199.396825,453914.846853
1785502500000,2026-07-31T12:55:00Z,378,381.17,378,380.466,503,190542.3857
1785502800000,2026-07-31T13:00:00Z,380.465,380.465,380.465,380.465,1230,467971.95
1785503100000,2026-07-31T13:05:00Z,380.465,381.17,380.465,381.17,228.345805,86918.43776384
1785503400000,2026-07-31T13:10:00Z,381.17,381.17,381.17,381.17,148,56413.16
1785503700000,2026-07-31T13:15:00Z,381.17,381.17,380.675,380.675,779.002952,296579.74477688
1785504000000,2026-07-31T13:20:00Z,381.27,381.27,380.67,381.27,39359,14983770.5691
1785504300000,2026-07-31T13:25:00Z,380.67,381.493,380.376,381.493,2805,1067559.438
1785504600000,2026-07-31T13:30:00Z,383.54,391.97,381.494,389.59,162652.891635,62748330.12668528
1785504900000,2026-07-31T13:35:00Z,389.18,389.453,379.21,379.31,89086.631236,34325355.18378763
1785505200000,2026-07-31T13:40:00Z,379.378,380.537,374.26,374.26,4396,1662478.8
1785505500000,2026-07-31T13:45:00Z,375.96,377.493,366.745,369.145,85505.966712,31839908.12812747
1785505800000,2026-07-31T13:50:00Z,369.135,372.31,366.99,368.36,57972.136081,21442246.7276972
1785506100000,2026-07-31T13:55:00Z,369.27,373.094,368.33,372.845,56610.477975,20983262.41040469
1785506400000,2026-07-31T14:00:00Z,373.48,373.625,368.915,368.915,51978.780606,19300667.25281483
1785506700000,2026-07-31T14:05:00Z,367.88,370.085,364.04,364.33,72525.904533,26613997.13857288
1785507000000,2026-07-31T14:10:00Z,363.64,367.635,362.973,366.44,68377.01557,25007642.14534257
1785507300000,2026-07-31T14:15:00Z,367.07,372.81,364.626,371.475,58195.480759,21374466.81972314
1785507600000,2026-07-31T14:20:00Z,370.925,374.78,369.35,371.15,42071.84416000001,15648260.61745223
1785507900000,2026-07-31T14:25:00Z,371.69,373.035,369.368,372.46,40355.781487,14991922.61657528
1785508200000,2026-07-31T14:30:00Z,372.131,373.5,370.44,371.931,46598.548462000006,17327343.1134973138310508
1785508500000,2026-07-31T14:35:00Z,371.968,373.432,371.223,372.074,14959.380222,5575955.3284775232
1785508800000,2026-07-31T14:40:00Z,371.98,372.656,368.99,369.945,33622.067189,12451865.33931177
1785509100000,2026-07-31T14:45:00Z,369.29,373.15,368.055,373.15,71229.973012,26367569.5057117
1785509400000,2026-07-31T14:50:00Z,372.85,373.63,371.46,371.46,31745.777402,11834330.58133813
1785509700000,2026-07-31T14:55:00Z,371.91,374.72,370.99,372.69,26448.755794,9859027.63026912
1785510000000,2026-07-31T15:00:00Z,373.29,374.49,372.677,374.49,18719.501629,6989944.27407577
1785510300000,2026-07-31T15:05:00Z,375.605,376.076,371.52,371.52,19242.918421,7193414.70422401
1785510600000,2026-07-31T15:10:00Z,371.51,372.539,369.18,371.56,33959.647068,12584042.66997689
1785510900000,2026-07-31T15:15:00Z,372.27,374.217,371.675,373,13654.438293,5088744.25569822
1785511200000,2026-07-31T15:20:00Z,372.799,372.799,370.42,370.61,8252.175834,3072533.6617815106
1785511500000,2026-07-31T15:25:00Z,370.984,370.987,368.09,369.907,49725.95757300001,18363681.235410728492976
1785511800000,2026-07-31T15:30:00Z,369.929,371.295,368.742,370.941,8747.997937,3241712.3320094959
1785512100000,2026-07-31T15:35:00Z,371.005,374.041,371.005,372.873,9734.987544,3627413.455981592
1785512400000,2026-07-31T15:40:00Z,372.97,373.084,369.77,370.89,20910.915372,7760931.49954405
1785512700000,2026-07-31T15:45:00Z,371.42,371.58,369.65,370.58,21976.168727999997,8143570.39567197
1785513000000,2026-07-31T15:50:00Z,371.36,373.39,370.643,373.39,15311.436404,5693768.92464978
1785513300000,2026-07-31T15:55:00Z,373.42,373.91,371.357,372.1,12872.247193,4800600.32542709
1785513600000,2026-07-31T16:00:00Z,372.28,373.74,372.004,373.56,14502.875131,5408468.75506553
1785513900000,2026-07-31T16:05:00Z,372.59,373.145,371.37,371.55,15950.642715999998,5935497.34022841
1785514200000,2026-07-31T16:10:00Z,372.305,373.45,372.07,372.54,14953.837167,5569643.38510472
1785514500000,2026-07-31T16:15:00Z,372.586,373.145,371.316,372.543,5469.65474,2036195.743322064
1785514800000,2026-07-31T16:20:00Z,372.541,373.07,371.59,372.367,7112.302821,2650106.0537160004
1785515100000,2026-07-31T16:25:00Z,372.365,374.522,371.526,374.48,11362.047492,4231962.0985646406
1785515400000,2026-07-31T16:30:00Z,374.325,377.153,374.314,376.438,39237.833634,14738416.6530875928
1785515700000,2026-07-31T16:35:00Z,376.439,377.18,375.035,376.663,5036.672831,1897533.2050849357
1785516000000,2026-07-31T16:40:00Z,376.06,376.666,374.232,374.48,15594.411616999998,5852199.05733432
1785516300000,2026-07-31T16:45:00Z,374.29,375.408,374.236,374.4,12735.316197000002,4771919.15842104
1785516600000,2026-07-31T16:50:00Z,376.52,376.52,374.718,375.955,14740.806531999999,5538958.29188342
1785516900000,2026-07-31T16:55:00Z,376.46,377.18,375.691,376.75,20872.947486,7861985.61442402
1785517200000,2026-07-31T17:00:00Z,376.91,378.491,376.517,378.06,15007.402972000002,5666634.7830154
1785517500000,2026-07-31T17:05:00Z,377.2,377.766,376.273,376.455,9524.834568,3590215.89586883
1785517800000,2026-07-31T17:10:00Z,376.21,377.11,376.002,376.53,18940.059588,7132837.80487655
1785518100000,2026-07-31T17:15:00Z,376.541,376.955,376.429,376.816,5475.026,2062345.3247476
1785518400000,2026-07-31T17:20:00Z,376.817,377.71,375.75,377.688,15809.519573,5950931.0045448152
1785518700000,2026-07-31T17:25:00Z,377.694,379.31,377.606,378.149,18039.264587000001,6821041.758738109378007
1785519000000,2026-07-31T17:30:00Z,378.148,379.64,377.84,379.379,14875.697970000001,5629586.3697896423784386
1785519300000,2026-07-31T17:35:00Z,379.94,380.44,379.256,379.44,28086.109718,10669531.11077604
1785519600000,2026-07-31T17:40:00Z,380.01,380.49,379.221,380,20477.415720999998,7774961.44480317
1785519900000,2026-07-31T17:45:00Z,380.045,381,378.472,379.16,23577.688649000003,8955258.84051226
1785520200000,2026-07-31T17:50:00Z,378.88,380.01,378.415,379.37,15716.599035,5959665.20103625
1785520500000,2026-07-31T17:55:00Z,379.54,379.725,378.8,379.315,17154.550593,6508657.78868685
1785520800000,2026-07-31T18:00:00Z,379.01,380.02,378.842,379.535,21333.475691,8098537.24130493
1785521100000,2026-07-31T18:05:00Z,379.535,380.496,379.219,379.76,27876.664811000002,10595507.7200219
1785521400000,2026-07-31T18:10:00Z,379.43,379.831,376.87,376.87,25603.586244,9681668.41226468
1785521700000,2026-07-31T18:15:00Z,376.946,378.689,376.946,378.108,11283.536408,4263256.6608360944
1785522000000,2026-07-31T18:20:00Z,378.105,378.105,377.445,377.586,14495.319483,5476421.7177389777
1785522300000,2026-07-31T18:25:00Z,377.576,377.576,376.862,377.498,8806.500964,3321878.9992766804
1785522600000,2026-07-31T18:30:00Z,377.498,378.123,377.498,378.073,10625.903341000001,4013882.5874620361777438
1785522900000,2026-07-31T18:35:00Z,377.35,378.072,377.065,377.69,17880.521315,6753607.00458536
1785523200000,2026-07-31T18:40:00Z,377.6,378.02,377.6,377.72,17003.523012999998,6424381.58767124
1785523500000,2026-07-31T18:45:00Z,377.91,377.98,377.341,377.645,16367.38599,6181285.71538161
1785523800000,2026-07-31T18:50:00Z,378.14,378.54,377.666,377.79,18188.157626,6876635.01852672
1785524100000,2026-07-31T18:55:00Z,377.805,378.03,376.49,376.99,22739.348313,8581300.22651051
1785524400000,2026-07-31T19:00:00Z,377.03,377.758,375.247,375.25,22418.149157,8437668.99981944
1785524700000,2026-07-31T19:05:00Z,375.23,375.342,374.685,374.96,24002.653079000003,9001662.1783806
1785525000000,2026-07-31T19:10:00Z,375.22,375.629,374.316,375.26,25074.004911000004,9405301.86792445
1785525300000,2026-07-31T19:15:00Z,375.235,375.69,374.661,375.674,13307.478408,4991863.9004297944
1785525600000,2026-07-31T19:20:00Z,375.67,375.75,374.899,374.996,26267.719332,9862535.5454886942
1785525900000,2026-07-31T19:25:00Z,374.999,375.235,374.494,375.098,27487.874563,10307061.3506992336
1785526200000,2026-07-31T19:30:00Z,375.107,375.939,374.326,375.522,10327.727734,3871278.1954171804
1785526500000,2026-07-31T19:35:00Z,375.5,375.66,374.51,374.56,18818.169258,7062166.103885004
1785526800000,2026-07-31T19:40:00Z,374.559,375.201,373.37,374.875,21013.849683,7863097.6918926979
1785527100000,2026-07-31T19:45:00Z,374.876,376.53,374.876,376.083,48082.31206999999,18072412.514959339241351
1785527400000,2026-07-31T19:50:00Z,373.405,373.775,372.38,372.38,2239,835539.99
1785527700000,2026-07-31T19:55:00Z,368.71,368.89,367.56,367.56,83160.877077,30913126.7210265636
1785528000000,2026-07-31T20:00:00Z,367.986,367.986,367.735,367.735,554386.821747,203970664.72134234
1785528300000,2026-07-31T20:05:00Z,367.735,373,367.735,372.601,4024,1483530.4944
1785528600000,2026-07-31T20:10:00Z,372.609,372.627,371.445,371.445,974.831025,362483.70289667
1785528900000,2026-07-31T20:15:00Z,371.445,371.445,369.35,369.35,248.319799,91809.16856598
1785529200000,2026-07-31T20:20:00Z,369.35,369.35,369.35,369.35,342,126317.7
1785529500000,2026-07-31T20:25:00Z,369.35,369.35,368.001,368.001,3061,1130497.3969
1785529800000,2026-07-31T20:30:00Z,368,368,368,368,70,25760
1785530100000,2026-07-31T20:35:00Z,368,368,368,368,493,181424
1785530400000,2026-07-31T20:40:00Z,368,368,368,368,210.348757,77408.342576
1785530700000,2026-07-31T20:45:00Z,368,368,368,368,29,10672
1785531000000,2026-07-31T20:50:00Z,368,368,368,368,205,75440
1785531300000,2026-07-31T20:55:00Z,367.05,368,367.05,368,170.06812,62585.06816
1785531900000,2026-07-31T21:05:00Z,367.918,367.918,367.51,367.51,590,216841.225
1785532200000,2026-07-31T21:10:00Z,367.51,367.51,367.51,367.51,89,32708.39
1785532500000,2026-07-31T21:15:00Z,367.51,367.51,365.686,365.686,263.003135,96314.32546772
1785532800000,2026-07-31T21:20:00Z,365.685,368.099,365.685,367.024,324,119015.7624
1785533100000,2026-07-31T21:25:00Z,366.874,366.874,366.125,366.125,38,13912.75
1785533400000,2026-07-31T21:30:00Z,366.125,366.125,366.125,366.125,150,54918.75
1785533700000,2026-07-31T21:35:00Z,366.562,368.749,365.688,365.821,1067.027236,392461.47372686
1785534000000,2026-07-31T21:40:00Z,365.871,366.125,365.871,366.125,159,58213.7319
1785534300000,2026-07-31T21:45:00Z,366.125,366.125,366.125,366.125,254,92995.75
1785534600000,2026-07-31T21:50:00Z,366.125,366.125,364.626,364.626,41,14989.6615
1785534900000,2026-07-31T21:55:00Z,364.626,364.626,364.625,364.625,256,93344
1785535200000,2026-07-31T22:00:00Z,364.625,366.125,364.625,366.125,0,0
1785535500000,2026-07-31T22:05:00Z,366.125,366.125,366.125,366.125,8,2929
1785535800000,2026-07-31T22:10:00Z,366.125,366.125,366.125,366.125,87,31852.875
1785536100000,2026-07-31T22:15:00Z,366.125,366.125,366.125,366.125,12,4393.5
1785536400000,2026-07-31T22:20:00Z,366.125,366.125,366.125,366.125,479,175373.875
1785536700000,2026-07-31T22:25:00Z,366.125,366.125,365.66,365.66,34,12436.333
1785537000000,2026-07-31T22:30:00Z,365.66,365.66,365.32,365.32,353,128985.4234
1785537300000,2026-07-31T22:35:00Z,365.32,365.32,365.32,365.32,126,46030.32
1785537600000,2026-07-31T22:40:00Z,365.32,365.32,365.32,365.32,33,12055.56
1785537900000,2026-07-31T22:45:00Z,365.512,366.755,365.512,366.47,59,21596.3423
1785538200000,2026-07-31T22:50:00Z,366.47,366.47,366.47,366.47,36,13192.92
1785538500000,2026-07-31T22:55:00Z,366.47,366.47,366.47,366.47,207,75859.29
1785538800000,2026-07-31T23:00:00Z,366.47,366.755,364.847,364.847,83,30362.9023
1785539100000,2026-07-31T23:05:00Z,364.01,364.846,364.01,364.01,106,38673.57
1785539400000,2026-07-31T23:10:00Z,364.845,366.274,364.845,366.274,3,1095.0111
1785539700000,2026-07-31T23:15:00Z,366.275,366.275,366.275,366.275,197,72156.175
1785540000000,2026-07-31T23:20:00Z,366.275,366.275,365.895,365.895,95,34785.7035
1785540300000,2026-07-31T23:25:00Z,365.895,367.824,365.895,367.824,6,2196.7248
1785540600000,2026-07-31T23:30:00Z,367.825,367.825,366.391,366.391,206.232656,75851.50469964
1785540900000,2026-07-31T23:35:00Z,366.39,366.39,365.815,365.815,542,198483.0016
1785541200000,2026-07-31T23:40:00Z,365.815,365.815,365.815,365.815,29,10608.635
1785541500000,2026-07-31T23:45:00Z,365.815,367.46,365.815,366.965,62,22720.3774
1785541800000,2026-07-31T23:50:00Z,366.821,366.965,366.1,366.965,127,46540.3819
1785542100000,2026-07-31T23:55:00Z,366.817,366.817,365.996,365.996,1,366.076
1785715200000,2026-08-03T00:00:00Z,374.22,378.89,372.5,374.99,577,217316.47
1785715500000,2026-08-03T00:05:00Z,375,376.01,375,375.01,111,41636.81
1785715800000,2026-08-03T00:10:00Z,375.22,375.32,375.22,375.32,3,1125.76
1785716100000,2026-08-03T00:15:00Z,376.01,376.16,375.99,376,91,34216.49
1785716400000,2026-08-03T00:20:00Z,375.99,376,375.98,375.98,63,23686.99
1785716700000,2026-08-03T00:25:00Z,375.35,376.16,373.1,373.36,3255,1220722.67
1785717000000,2026-08-03T00:30:00Z,373.99,373.99,373.41,373.85,227,84882.48
1785717900000,2026-08-03T00:45:00Z,375.88,375.99,375.88,375.99,60,22558.7
1785718200000,2026-08-03T00:50:00Z,376.19,377.01,376.02,377.01,621,233843.35
1785718500000,2026-08-03T00:55:00Z,376.44,376.45,376.44,376.44,12,4517.32
1785718800000,2026-08-03T01:00:00Z,376.43,377.01,376.43,377.01,221,83253.73
1785719100000,2026-08-03T01:05:00Z,377.7,377.7,376.49,376.49,243,91606.11
1785719400000,2026-08-03T01:10:00Z,376.49,376.49,375.57,375.57,17,6385.71
1785719700000,2026-08-03T01:15:00Z,375.6,375.6,375.01,375.01,555,208152.48
1785720000000,2026-08-03T01:20:00Z,374.98,375.83,374.98,375.83,54,20249.77
1785720300000,2026-08-03T01:25:00Z,375.15,375.92,375.15,375.92,238,89353.5
1785720900000,2026-08-03T01:35:00Z,374.85,374.85,374.6,374.6,29,10865.65
1785721200000,2026-08-03T01:40:00Z,374.99,376,374.57,376,222,83425.57
1785721800000,2026-08-03T01:50:00Z,375.95,375.99,375.95,375.99,70,26317.7
1785722100000,2026-08-03T01:55:00Z,376,376,376,376,4,1504
1785722700000,2026-08-03T02:05:00Z,376.8,376.8,376.79,376.79,41,15448.79
1785723000000,2026-08-03T02:10:00Z,376.8,376.8,376.8,376.8,3,1130.4
1785723300000,2026-08-03T02:15:00Z,377.54,377.99,377.54,377.99,89,33627.41
1785723600000,2026-08-03T02:20:00Z,378.41,378.82,378.41,378.66,119,45033.42
1785723900000,2026-08-03T02:25:00Z,376.97,376.97,376.56,376.56,300,112992.93
1785724200000,2026-08-03T02:30:00Z,376.96,376.96,376.96,376.96,2,753.92
1785724500000,2026-08-03T02:35:00Z,376.98,377.99,376.98,377.59,22,8298.1
1785725100000,2026-08-03T02:45:00Z,377.61,377.61,377.59,377.59,12,4531.12
1785725700000,2026-08-03T02:55:00Z,377.6,377.6,377.6,377.6,5,1888
1785726000000,2026-08-03T03:00:00Z,377.6,377.6,377.6,377.6,4,1510.4
1785726300000,2026-08-03T03:05:00Z,377.55,377.6,377.55,377.6,15,5663.55
1785728700000,2026-08-03T03:45:00Z,377.61,377.61,377.61,377.61,6,2265.66
1785729000000,2026-08-03T03:50:00Z,377.61,378.45,377.61,378.45,15,5669.94
1785729300000,2026-08-03T03:55:00Z,378.1,378.1,377.61,377.61,68,25688.42
1785730500000,2026-08-03T04:15:00Z,377.05,377.24,376.94,376.94,58,21870.1
1785731100000,2026-08-03T04:25:00Z,377.19,377.19,377.19,377.19,10,3771.9
1785731400000,2026-08-03T04:30:00Z,377.51,377.51,377.41,377.41,13,4906.63
1785731700000,2026-08-03T04:35:00Z,376.51,377.49,376.51,377.49,24,9048.46
1785732000000,2026-08-03T04:40:00Z,376.56,377.1,375.99,377.1,99,37238.28
1785734100000,2026-08-03T05:15:00Z,376.01,376.01,376.01,376.01,1,376.01
1785734400000,2026-08-03T05:20:00Z,375.54,375.54,375.54,375.54,26,9764.04
1785734700000,2026-08-03T05:25:00Z,376.38,376.38,376.17,376.17,11,4139.97
1785735000000,2026-08-03T05:30:00Z,375.54,375.59,374.99,375.01,185,69409.79
1785735300000,2026-08-03T05:35:00Z,375.47,375.47,375.01,375.01,4,1500.96
1785736200000,2026-08-03T05:50:00Z,374.87,374.87,374.87,374.87,3,1124.61
1785736800000,2026-08-03T06:00:00Z,375.14,375.14,374.88,374.89,33,12375.26
1785737100000,2026-08-03T06:05:00Z,374.79,375.33,374.79,374.79,124,46527.96
1785737400000,2026-08-03T06:10:00Z,374.93,374.93,374.92,374.92,10,3749.28
1785737700000,2026-08-03T06:15:00Z,374.95,375.33,374.95,375.33,83,31138.74
1785738000000,2026-08-03T06:20:00Z,374.99,375.01,374.01,374.66,839,314038.3
1785738600000,2026-08-03T06:30:00Z,374.34,374.85,374.34,374.85,80,29979.43
1785738900000,2026-08-03T06:35:00Z,374.33,374.33,374.33,374.33,10,3743.3
1785739200000,2026-08-03T06:40:00Z,374.34,374.34,374.01,374.01,49,18330.75
1785739800000,2026-08-03T06:50:00Z,373.14,373.14,373.14,373.14,32,11940.48
1785740100000,2026-08-03T06:55:00Z,372.61,372.8,372.4,372.4,212,78972.9
1785740400000,2026-08-03T07:00:00Z,371.98,372,370.87,370.87,102,37920.61
1785741300000,2026-08-03T07:15:00Z,373.49,373.99,370.99,371.01,103,38365.81
1785741900000,2026-08-03T07:25:00Z,371.08,371.08,371.08,371.08,5,1855.4
1785742200000,2026-08-03T07:30:00Z,371.17,372.57,371,372.57,189,70311.08
1785742800000,2026-08-03T07:40:00Z,370.99,370.99,370.99,370.99,1,370.99
1785743100000,2026-08-03T07:45:00Z,371.01,371.34,371.01,371.34,20,7421.85
1785743700000,2026-08-03T07:55:00Z,372.56,372.56,370.99,371.29,30,11168.54
1785744000000,2026-08-03T08:00:00Z,367.413,374.893,367.413,370.043,4233.91327,1581676.10540504
1785744300000,2026-08-03T08:05:00Z,370.04,370.925,369.441,369.492,313,115749.9353
1785744600000,2026-08-03T08:10:00Z,369.572,370.269,369.572,369.876,36,13318.6356
1785744900000,2026-08-03T08:15:00Z,369.863,370.14,368.965,368.965,40,14800.404
1785745200000,2026-08-03T08:20:00Z,368.772,368.772,367.77,368.175,754.133135,277554.55260451
1785745500000,2026-08-03T08:25:00Z,368.175,368.175,367.71,367.71,354,130172.526
1785745800000,2026-08-03T08:30:00Z,367.71,367.71,364.345,364.345,34,12407.382
1785746100000,2026-08-03T08:35:00Z,364.257,367.93,363.839,367.93,99,36215.388
1785746400000,2026-08-03T08:40:00Z,367.93,367.93,367.93,367.93,118,43415.74
1785746700000,2026-08-03T08:45:00Z,367.93,367.93,367.93,367.93,0,0
1785747000000,2026-08-03T08:50:00Z,367.93,367.93,367.93,367.93,152,55925.36
1785747300000,2026-08-03T08:55:00Z,368.542,371.095,368.542,371.095,282.003135,104071.45215169
1785747600000,2026-08-03T09:00:00Z,370.32,371.095,370.209,370.32,542,201020.5914
1785747900000,2026-08-03T09:05:00Z,370.45,370.474,370.026,370.026,17,6294.2177
1785748200000,2026-08-03T09:10:00Z,370.025,370.025,369.675,369.675,38,14053.0802
1785748500000,2026-08-03T09:15:00Z,369.675,369.675,369.675,369.675,1.47,543.42225
1785748800000,2026-08-03T09:20:00Z,369.675,369.675,369.675,369.675,138,51015.15
1785749100000,2026-08-03T09:25:00Z,369.675,369.675,369.675,369.675,169,62475.075
1785749400000,2026-08-03T09:30:00Z,369.675,369.675,369.675,369.675,30,11090.25
1785749700000,2026-08-03T09:35:00Z,369.675,369.675,369.675,369.675,6,2218.05
1785750000000,2026-08-03T09:40:00Z,369.675,369.675,369.675,369.675,27,9981.225
1785750300000,2026-08-03T09:45:00Z,369.675,369.675,369.675,369.675,114,42142.95
1785750600000,2026-08-03T09:50:00Z,369.675,369.675,369.675,369.675,384.003135,141956.358931125
1785750900000,2026-08-03T09:55:00Z,369.675,369.675,369.675,369.675,26.006815,9614.06933513
1785751200000,2026-08-03T10:00:00Z,369.675,369.675,369.675,369.675,101,37337.175
1785751500000,2026-08-03T10:05:00Z,369.675,369.675,368.486,368.486,754,278689.4084
1785751800000,2026-08-03T10:10:00Z,368.485,368.485,368.485,368.485,54,19898.19
1785752100000,2026-08-03T10:15:00Z,368.485,368.485,368.485,368.485,224,82540.64
1785752400000,2026-08-03T10:20:00Z,368.485,368.485,360.975,360.975,693.003198,252692.32019857
1785752700000,2026-08-03T10:25:00Z,360.975,360.975,360.975,360.975,213,76887.675
1785753000000,2026-08-03T10:30:00Z,360.975,360.975,360.975,360.975,167,60282.825
1785753300000,2026-08-03T10:35:00Z,360.975,360.975,360.975,360.975,282,101794.95
1785753600000,2026-08-03T10:40:00Z,360.975,360.975,360.975,360.975,242,87355.95
1785753900000,2026-08-03T10:45:00Z,360.975,360.975,360.975,360.975,363,131033.925
1785754200000,2026-08-03T10:50:00Z,361.054,361.449,361.054,361.449,0,0
1785754500000,2026-08-03T10:55:00Z,361.45,361.45,361.45,361.45,51,18433.95
1785754800000,2026-08-03T11:00:00Z,361.45,362.879,361.45,362.335,926,335057.5432
1785755100000,2026-08-03T11:05:00Z,362.335,362.335,360,360.425,2342,847541.0314
1785755400000,2026-08-03T11:10:00Z,360.425,360.425,360.425,360.425,15,5406.375
1785755700000,2026-08-03T11:15:00Z,360.425,360.425,360.425,360.425,173,62353.525
1785756000000,2026-08-03T11:20:00Z,360.425,360.425,360.425,360.425,69.245231,24957.71238318
1785756300000,2026-08-03T11:25:00Z,360.425,360.425,360.425,360.425,478,172283.15
1785756600000,2026-08-03T11:30:00Z,360.425,360.425,360.425,360.425,112,40367.6
1785756900000,2026-08-03T11:35:00Z,360.425,360.425,360.063,360.063,91.00800000000001,32784.0666624
1785757200000,2026-08-03T11:40:00Z,360.062,360.423,360.06,360.423,901.017461,324421.51833036
1785757500000,2026-08-03T11:45:00Z,360.424,360.425,360.424,360.425,221,79653.925
1785757800000,2026-08-03T11:50:00Z,360.425,360.425,356.025,356.025,423,151470.4626
1785758100000,2026-08-03T11:55:00Z,354.22,355.967,354.22,354.22,1177.003328,417903.2706297
1785758400000,2026-08-03T12:00:00Z,355.025,355.025,355.025,355.025,326,115738.15
1785758700000,2026-08-03T12:05:00Z,355.025,355.666,355.025,355.666,698,247808.5668
1785759000000,2026-08-03T12:10:00Z,355.667,357.915,355.667,355.74,436,155626.494
1785759300000,2026-08-03T12:15:00Z,355.729,358.32,355.67,355.692,250,89385.875
1785759600000,2026-08-03T12:20:00Z,355.688,356.245,355.67,356.15,169,60137.7881
1785759900000,2026-08-03T12:25:00Z,356.15,362.505,356.15,362.505,402.280809,144072.68802294
1785760200000,2026-08-03T12:30:00Z,362.505,362.505,362.505,362.505,350,126876.75
1785760500000,2026-08-03T12:35:00Z,362.505,362.505,362.505,362.505,365,132314.325
1785760800000,2026-08-03T12:40:00Z,361.005,362.505,353.505,362.505,422.06030799999996,151882.62243688
1785761100000,2026-08-03T12:45:00Z,362.505,362.505,362.505,362.505,178,64525.89
1785761400000,2026-08-03T12:50:00Z,362.505,362.505,362.505,362.505,183.006056,66340.61033028
1785761700000,2026-08-03T12:55:00Z,362.505,362.505,362.505,362.505,124,44950.62
1785762000000,2026-08-03T13:00:00Z,362.505,362.505,354,354,357,127440.432
1785762300000,2026-08-03T13:05:00Z,354,354.596,354,354.596,1505,532930.2825
1785762600000,2026-08-03T13:10:00Z,354.608,354.85,353.005,353.005,896,317164.8256
1785762900000,2026-08-03T13:15:00Z,353.188,354.206,353.188,354.206,2749,971866.0656
1785763200000,2026-08-03T13:20:00Z,354.29,354.71,354.29,354.71,184,65261.1568
1785763500000,2026-08-03T13:25:00Z,354.71,354.71,354.71,354.71,350,124148.5
1785763800000,2026-08-03T13:30:00Z,355.471,359.21,351.22,351.589,49348.037387,17585046.277156955
1785764100000,2026-08-03T13:35:00Z,351.508,365.01,350.981,359.02,46765.147096,16963347.2265228948
1785764400000,2026-08-03T13:40:00Z,359.36,359.36,355.07,358.41,40492.443763,14443294.30751261
1785764700000,2026-08-03T13:45:00Z,358.97,358.97,353.305,353.38,39499.529207,14036363.10125933
1785765000000,2026-08-03T13:50:00Z,352.4,353.242,349.6,349.83,30500.013124999998,10721267.013658
1785765300000,2026-08-03T13:55:00Z,351.71,355.884,350.172,354.91,43032.972946,15183917.69956383
1785765600000,2026-08-03T14:00:00Z,356.99,358.207,351.14,352.94,55004.280457,19550204.40539978
1785765900000,2026-08-03T14:05:00Z,352.69,355.579,351.734,354.08,26863.278408,9505482.41585205
1785766200000,2026-08-03T14:10:00Z,353.24,356.21,352.633,354.385,36021.835119,12776826.04465341
1785766500000,2026-08-03T14:15:00Z,353.555,355.636,352.597,355.11,23386.850603,8291964.57319269
1785766800000,2026-08-03T14:20:00Z,355.96,359.446,354.847,357.8,32037.561149,11462039.80720435
1785767100000,2026-08-03T14:25:00Z,360,360.321,357.56,357.56,25547.191289,9178364.96159032
1785767400000,2026-08-03T14:30:00Z,360.158,362.393,359.95,361.769,30884.480669,11155878.7518588949
1785767700000,2026-08-03T14:35:00Z,361.774,363.11,360.764,361.879,31302.434444,11333994.0216499786
1785768000000,2026-08-03T14:40:00Z,361.876,362.387,358.916,360.029,6571.580834,2377830.781142082
1785768300000,2026-08-03T14:45:00Z,359.26,364.55,358.93,362.73,17482.443236,6322200.42285521
1785768600000,2026-08-03T14:50:00Z,365.375,368.68,364.283,368.49,32014.080628000003,11751453.39583284
1785768900000,2026-08-03T14:55:00Z,368.97,370.185,367.85,369.62,28632.850902,10562861.9909892
1785769200000,2026-08-03T15:00:00Z,368.71,369.61,368.24,369.01,25353.844997,9353854.8839712
1785769500000,2026-08-03T15:05:00Z,369.04,369.433,364.55,364.55,34581.830067,12685057.91600046
1785769800000,2026-08-03T15:10:00Z,364.08,364.732,362.129,362.89,42257.704871999995,15363012.57205142
1785770100000,2026-08-03T15:15:00Z,363.1,364.13,362.757,363.7,22819.525329,8293382.24060965
1785770400000,2026-08-03T15:20:00Z,363.96,364.28,361.936,362.62,16819.616302000002,6103902.67053775
1785770700000,2026-08-03T15:25:00Z,361.902,361.98,358.692,359.591,17020.450699,6151779.4371732333
1785771000000,2026-08-03T15:30:00Z,359.538,361.521,359.06,361.42,18851.053788,6796569.7340844584
1785771300000,2026-08-03T15:35:00Z,361.436,362.188,359.83,360.117,38204.907364,13765316.1907037709
1785771600000,2026-08-03T15:40:00Z,360.149,361.65,360.014,361.577,14693.956603,5301270.6232203523
1785771900000,2026-08-03T15:45:00Z,361.53,363.466,361.23,362.855,12039.697619,4353754.453820876
1785772200000,2026-08-03T15:50:00Z,362.826,363.254,361.47,363.25,16502.948474,5976983.0458962604
1785772500000,2026-08-03T15:55:00Z,363.25,363.351,361.61,362.343,23770.655805,8614852.4774447514
1785772800000,2026-08-03T16:00:00Z,362.351,363.81,362.261,362.513,6146.23765,2231159.543070415
1785773100000,2026-08-03T16:05:00Z,363.17,363.652,362.515,362.81,20010.597113,7268585.26141536
1785773400000,2026-08-03T16:10:00Z,362.94,363.18,362.374,362.59,10936.513282,3967120.67077463
1785773700000,2026-08-03T16:15:00Z,364,364.853,362.777,364.245,13161.091791,4789530.56410438
1785774000000,2026-08-03T16:20:00Z,364.03,364.619,362.7,364.04,17633.623996,6418125.99608572
1785774300000,2026-08-03T16:25:00Z,362.11,363.09,361.451,361.95,12042.310454,4360541.08732117
1785774600000,2026-08-03T16:30:00Z,361.24,361.781,360.71,361.43,14796.324424,5347222.96873517
1785774900000,2026-08-03T16:35:00Z,361.275,361.329,359.099,359.31,22950.288042000004,8267487.83269465
1785775200000,2026-08-03T16:40:00Z,359.337,359.38,357.437,358.439,22431.391074,8048308.853046737
1785775500000,2026-08-03T16:45:00Z,358.443,358.958,358,358.77,5445.167966000001,1952466.7988502645585687
1785775800000,2026-08-03T16:50:00Z,358.47,359.468,357.545,357.76,19319.28779,6924246.8514150188
1785776100000,2026-08-03T16:55:00Z,357.762,359.262,357.613,358.087,6709.939636,2402444.1915390416
1785776400000,2026-08-03T17:00:00Z,358.081,358.713,357.71,358.206,7467.53387,2674369.388917292
1785776700000,2026-08-03T17:05:00Z,358.5,359.498,358.21,359.44,11457.793225999998,4111815.86117968
1785777000000,2026-08-03T17:10:00Z,359.84,360.608,359.441,360.23,9761.921097999999,3516656.90876205
1785777300000,2026-08-03T17:15:00Z,360.16,361.008,360.14,360.56,13490.930428,4864845.70145331
1785777600000,2026-08-03T17:20:00Z,360.55,361.59,360.365,360.83,11557.149809999999,4170781.20631219
1785777900000,2026-08-03T17:25:00Z,360.73,361.307,360.52,360.87,10713.775571999999,3867595.84230788
1785778200000,2026-08-03T17:30:00Z,361,361.83,360.48,361.83,13689.035111000001,4944502.75345289
1785778500000,2026-08-03T17:35:00Z,361.85,362.21,361.605,361.605,13520.710077,4892800.19875934
1785778800000,2026-08-03T17:40:00Z,362.51,362.859,361.589,362.35,12581.948846000001,4558660.25101061
1785779100000,2026-08-03T17:45:00Z,362.349,363.508,362.304,363.508,6511.196145,2362087.852672674
1785779400000,2026-08-03T17:50:00Z,363.508,363.79,363.25,363.637,8451.9992220000005,3072847.2560491553817959
1785779700000,2026-08-03T17:55:00Z,363.637,365.464,363.49,365.387,11715.466223,4269055.3808386361
1785780000000,2026-08-03T18:00:00Z,365.388,366.406,365.367,365.784,12128.470388,4439430.2778597352
1785780300000,2026-08-03T18:05:00Z,365.783,366.688,365.37,366.345,21249.293711,7786399.5569206372
1785780600000,2026-08-03T18:10:00Z,366.345,366.825,365.117,365.47,13152.649526,4818844.8395316352
1785780900000,2026-08-03T18:15:00Z,365.477,366.617,365.381,365.381,11346.544812,4158179.3162040308
1785781200000,2026-08-03T18:20:00Z,365.38,365.61,364.478,364.478,13339.779435,4870366.8412347485
1785781500000,2026-08-03T18:25:00Z,364.48,364.499,363.196,363.53,15249.160605,5545349.62942795
1785781800000,2026-08-03T18:30:00Z,363.57,363.74,362.951,363.46,18274.57714,6639658.25329106
1785782100000,2026-08-03T18:35:00Z,363.39,363.71,362.745,363.12,19583.852394,7113327.1603435
1785782400000,2026-08-03T18:40:00Z,363.22,363.74,363.024,363.74,11109.763226,4036652.47787187
1785782700000,2026-08-03T18:45:00Z,363.32,364.509,363.073,364.08,17903.369711,6508562.3793454
1785783000000,2026-08-03T18:50:00Z,364.24,364.624,363.676,363.78,11727.191807000001,4269909.23666166
1785783300000,2026-08-03T18:55:00Z,364.06,364.08,362.66,363.59,20769.99089,7547334.90263644
1785783600000,2026-08-03T19:00:00Z,364.08,366.112,363.732,365.56,19146.388142,6994880.17535623
1785783900000,2026-08-03T19:05:00Z,365.492,365.617,364.425,364.865,17941.546479,6552005.3472074815
1785784200000,2026-08-03T19:10:00Z,364.865,366.18,364.676,366.012,17041.875087,6229384.6523007272
1785784500000,2026-08-03T19:15:00Z,366.011,366.98,365.93,366.755,5455.801018,1997905.1649146938
1785784800000,2026-08-03T19:20:00Z,366.752,367.431,366.518,366.518,13533.32155,4964132.996344513
1785785100000,2026-08-03T19:25:00Z,366.805,366.806,365.6,365.68,20080.550657,7355483.61705338
1785785400000,2026-08-03T19:30:00Z,365.39,365.98,364.73,365.52,23441.179892,8563002.06747988
1785785700000,2026-08-03T19:35:00Z,365.75,365.866,364.43,364.57,19075.311319,6966681.38486292
1785786000000,2026-08-03T19:40:00Z,365.13,366.284,364.787,366.01,18610.33457,6796159.19894174
1785786300000,2026-08-03T19:45:00Z,366.2,366.418,365.804,366.1,21188.650714999996,7756980.68550028
1785786600000,2026-08-03T19:50:00Z,366.17,367.46,366.02,367.415,138308.41653400002,50731596.33887947
1785786900000,2026-08-03T19:55:00Z,367.47,367.47,365.37,365.79,219920.752158,80540411.4828379
1785787200000,2026-08-03T20:00:00Z,365.713,368.047,365.645,365.915,381502.244588,139514722.2920158
1785787500000,2026-08-03T20:05:00Z,365.915,365.915,365.117,365.117,105,38407.7715
1785787800000,2026-08-03T20:10:00Z,365.116,365.116,365.115,365.115,5.929525,2164.9642499
1785788100000,2026-08-03T20:15:00Z,365.262,366,365.262,366,74.165757,27141.9179266061
1785788400000,2026-08-03T20:20:00Z,366,366,366,366,214384,78464544
1785788700000,2026-08-03T20:25:00Z,366,366.499,366,366.056,45,16470
1785789000000,2026-08-03T20:30:00Z,366.047,366.047,366,366,0,0
1785789300000,2026-08-03T20:35:00Z,366,366,366,366,1.006659,368.437194
1785789600000,2026-08-03T20:40:00Z,366,366,366,366,40,14640
1785789900000,2026-08-03T20:45:00Z,366,366,366,366,808.03468,295740.69288
1785790200000,2026-08-03T20:50:00Z,366,366,364.916,364.916,117,42803.9001
1785790500000,2026-08-03T20:55:00Z,364.918,365.414,364.918,365.414,11,4016.6632
1785790800000,2026-08-03T21:00:00Z,365.415,365.415,365.415,365.415,19,6942.885
1785791100000,2026-08-03T21:05:00Z,365.415,365.415,365.415,365.415,10,3654.15
1785791400000,2026-08-03T21:10:00Z,365.415,365.415,365.415,365.415,92,33618.18
1785791700000,2026-08-03T21:15:00Z,365.415,365.415,365.415,365.415,30,10962.45
1785792000000,2026-08-03T21:20:00Z,365.415,365.415,365.415,365.415,71,25944.465
1785792300000,2026-08-03T21:25:00Z,365.415,365.415,365.415,365.415,569,207921.135
1785792600000,2026-08-03T21:30:00Z,365.415,365.415,365.415,365.415,1,365.415
1785793200000,2026-08-03T21:40:00Z,365.415,365.415,365.415,365.415,22,8039.13
1785793500000,2026-08-03T21:45:00Z,365.415,365.415,365.415,365.415,15,5481.225
1785793800000,2026-08-03T21:50:00Z,365.648,366.813,365.648,366.813,2,733.478
1785794100000,2026-08-03T21:55:00Z,366.814,366.815,366.814,366.815,106,38882.3794
1785794400000,2026-08-03T22:00:00Z,366.815,366.815,366.815,366.815,5,1834.075
1785794700000,2026-08-03T22:05:00Z,366.815,366.82,366.815,366.82,94,34480.8638
1785795000000,2026-08-03T22:10:00Z,366.82,366.82,366.82,366.82,71,26044.22
1785795300000,2026-08-03T22:15:00Z,366.877,367.544,366.877,367.544,193.003198,70838.00236258
1785795600000,2026-08-03T22:20:00Z,367.83,367.83,367.546,367.83,337,123864.013
1785795900000,2026-08-03T22:25:00Z,367.55,367.55,367.55,367.55,6,2205.3
1785796200000,2026-08-03T22:30:00Z,367.55,367.55,367.55,367.55,18,6615.9
1785796500000,2026-08-03T22:35:00Z,367.55,367.55,367.55,367.55,32,11761.6
1785796800000,2026-08-03T22:40:00Z,367.814,369.135,367.814,368.634,79,29088.432
1785797100000,2026-08-03T22:45:00Z,368.596,368.596,368.4,368.4,18,6631.2
1785797400000,2026-08-03T22:50:00Z,368.4,370.815,368.4,370.815,32,11805.2928
1785797700000,2026-08-03T22:55:00Z,370.815,370.815,368.34,368.34,19,7045.485
1785798000000,2026-08-03T23:00:00Z,368.34,368.34,368.34,368.34,27,9945.18
1785798300000,2026-08-03T23:05:00Z,368.34,368.34,368.34,368.34,11,4051.74
1785798600000,2026-08-03T23:10:00Z,368.515,369.39,368.341,368.341,24,8864.2512
1785798900000,2026-08-03T23:15:00Z,368.34,369.289,368.34,369.289,194,71481.3758
1785799200000,2026-08-03T23:20:00Z,369.29,369.29,369.29,369.29,119.28858799999999,44052.08266252
1785799500000,2026-08-03T23:25:00Z,369.29,370.378,369.29,370.378,70,25863.565
1785799800000,2026-08-03T23:30:00Z,370.375,370.375,370.355,370.355,16.519342,6118.02090641
1785800100000,2026-08-03T23:35:00Z,370.355,370.355,370.355,370.355,36,13332.78
1785800400000,2026-08-03T23:40:00Z,370.355,370.355,368.341,368.341,48,17730.0432
1785800700000,2026-08-03T23:45:00Z,368.34,368.34,368.34,368.34,49,18048.66
1785801000000,2026-08-03T23:50:00Z,368.39,368.64,368.39,368.64,4,1474.5568
1785801300000,2026-08-03T23:55:00Z,368.723,369.139,368.723,369.139,0,0
1785801600000,2026-08-04T00:00:00Z,368.79,369.43,368.79,369.43,8,2952.24
1785801900000,2026-08-04T00:05:00Z,369.03,369.05,368.34,368.34,238,87674.13
1785802200000,2026-08-04T00:10:00Z,368.34,368.34,365.23,365.23,275,101069.48
1785802500000,2026-08-04T00:15:00Z,365.74,365.74,363.33,363.91,280,101978.17
1785802800000,2026-08-04T00:20:00Z,363.87,364.06,362.45,363,235,85358.42
1785803100000,2026-08-04T00:25:00Z,363.58,364,362.99,362.99,38,13809.46
1785803700000,2026-08-04T00:35:00Z,361.99,362.12,361.99,362.12,25,9052.61
1785804000000,2026-08-04T00:40:00Z,362.13,362.13,361,361,103,37190.99
1785804300000,2026-08-04T00:45:00Z,361.04,361.04,361.01,361.01,12,4332.24
1785804600000,2026-08-04T00:50:00Z,362.95,362.95,362.95,362.95,14,5081.3
1785804900000,2026-08-04T00:55:00Z,361.1,361.12,360.66,360.8,106,38267.85
1785805200000,2026-08-04T01:00:00Z,360.63,360.63,357.96,358.06,394,141531.17
1785805800000,2026-08-04T01:10:00Z,359.49,360.15,359.05,359.64,131,47128.47
1785806100000,2026-08-04T01:15:00Z,359.51,360.03,359,360,214,76984.38
1785806400000,2026-08-04T01:20:00Z,360.11,360.11,360.11,360.11,5,1800.55
1785806700000,2026-08-04T01:25:00Z,360.09,360.09,359.99,360,25,9001.25
1785807000000,2026-08-04T01:30:00Z,361.16,365.4,361.16,363.13,273,99242.3
1785807300000,2026-08-04T01:35:00Z,363.51,363.51,363.51,363.51,1,363.51
1785807600000,2026-08-04T01:40:00Z,363.51,363.51,363,363,2,726.51
1785808200000,2026-08-04T01:50:00Z,366.74,367.04,366.74,367.04,40,14679.2
1785808500000,2026-08-04T01:55:00Z,366.77,367.61,366.76,367.61,103,37818.06
1785809100000,2026-08-04T02:05:00Z,365.93,365.99,365.93,365.99,28,10246.86
1785809400000,2026-08-04T02:10:00Z,366.03,366.03,366,366,12,4392.1
1785809700000,2026-08-04T02:15:00Z,365.93,366,365.93,366,52,19030.67
1785810000000,2026-08-04T02:20:00Z,365.99,366.01,365.99,366.01,501,183365.84
1785810600000,2026-08-04T02:30:00Z,365.03,365.03,365.03,365.03,1,365.03
1785811500000,2026-08-04T02:45:00Z,366.13,366.13,364.46,364.46,175,63992.85
1785812700000,2026-08-04T03:05:00Z,365.28,365.28,364.98,364.98,46,16790.88
1785813000000,2026-08-04T03:10:00Z,365.39,365.39,364,364,209,76179.03
1785813300000,2026-08-04T03:15:00Z,364.81,364.81,364,364,11,4008.09
1785813600000,2026-08-04T03:20:00Z,363.87,365,363.8,365,18,6550.1
1785814800000,2026-08-04T03:40:00Z,364.04,364.04,364,364,42,15288.76
1785815100000,2026-08-04T03:45:00Z,364,364.5,363.59,363.59,112,40757.52
1785816600000,2026-08-04T04:10:00Z,364.29,364.3,364,364,14,5099.82
1785817800000,2026-08-04T04:30:00Z,366.07,366.07,365.5,366,708,258884.92
1785818100000,2026-08-04T04:35:00Z,366.03,366.03,365.98,365.98,12,4392.16
1785819300000,2026-08-04T04:55:00Z,366.4,366.4,366.4,366.4,5,1832
1785819600000,2026-08-04T05:00:00Z,367.01,367.01,367.01,367.01,10,3670.1
1785820200000,2026-08-04T05:10:00Z,365.95,365.95,365.81,365.81,121,44277.35
1785821400000,2026-08-04T05:30:00Z,367.09,367.79,367.09,367.79,101,37146.09
1785821700000,2026-08-04T05:35:00Z,368.89,371.26,368.23,370,279,103429.7
1785822300000,2026-08-04T05:45:00Z,369.3,369.3,368.53,368.53,11,4060.76
1785822900000,2026-08-04T05:55:00Z,370.08,370.09,370.08,370.09,393,145444.97
1785823500000,2026-08-04T06:05:00Z,370,370,368.85,368.86,86,31790.78
1785823800000,2026-08-04T06:10:00Z,369.83,369.83,369.82,369.82,11,4068.08
1785824400000,2026-08-04T06:20:00Z,370.59,371,370.18,370.62,298,110510.2
1785824700000,2026-08-04T06:25:00Z,371.42,371.65,370.56,370.57,464,172245.05
1785825000000,2026-08-04T06:30:00Z,370.56,370.57,370.18,370.4,100,37040.4
1785825300000,2026-08-04T06:35:00Z,370.23,370.23,369.17,370.01,272,100565.8
1785825600000,2026-08-04T06:40:00Z,369.07,369.69,368.71,368.71,120,44316.29
1785825900000,2026-08-04T06:45:00Z,369.82,369.82,369.82,369.82,26,9615.32
1785826200000,2026-08-04T06:50:00Z,369.8,369.83,369.8,369.83,10,3698.06
1785826500000,2026-08-04T06:55:00Z,369.91,371.01,369.91,371.01,192,71218.72
1785826800000,2026-08-04T07:00:00Z,372,372.21,372,372.01,23,8558.82
1785827100000,2026-08-04T07:05:00Z,372.39,372.51,371.72,371.81,275,102376.98
1785827700000,2026-08-04T07:15:00Z,371.81,372.07,371.25,372,174,64653.25
1785828000000,2026-08-04T07:20:00Z,372.55,372.58,372.46,372.46,157,58478.3
1785828300000,2026-08-04T07:25:00Z,372.99,373.12,372.99,373.12,22,8208.25
1785828600000,2026-08-04T07:30:00Z,373.06,373.14,373.06,373.14,87,32461.44
1785828900000,2026-08-04T07:35:00Z,372.88,372.89,372.88,372.89,11,4101.71
1785829200000,2026-08-04T07:40:00Z,372.81,372.81,372.8,372.8,12,4473.67
1785829500000,2026-08-04T07:45:00Z,373.12,373.34,373.12,373.34,28,10450
1785830100000,2026-08-04T07:55:00Z,372.35,373.29,372.09,372.09,20,7453.5
1785830400000,2026-08-04T08:00:00Z,369.14,375.134,369.14,375.134,6764.1328300000005,2525322.02716548
1785830700000,2026-08-04T08:05:00Z,375.135,375.499,375.135,375.499,46,17258.4824
1785831000000,2026-08-04T08:10:00Z,375.439,376.565,375.135,376.565,182.003073,68305.46209198
1785831300000,2026-08-04T08:15:00Z,376.565,376.565,376.565,376.565,38,14309.47
1785831600000,2026-08-04T08:20:00Z,376.565,376.565,376.565,376.565,36,13556.34
1785831900000,2026-08-04T08:25:00Z,376.565,376.565,373.99,374.594,710.3880889999999,266416.56086243
1785832200000,2026-08-04T08:30:00Z,374.662,375,374.662,375,241,90375
1785832500000,2026-08-04T08:35:00Z,375,375,373.33,373.33,54,20233.9134
1785832800000,2026-08-04T08:40:00Z,373.33,373.729,373.33,373.729,10,3733.3
1785833100000,2026-08-04T08:45:00Z,373.73,373.73,373.73,373.73,52,19433.96
1785833400000,2026-08-04T08:50:00Z,373.73,373.765,373.73,373.765,462,172663.26
1785833700000,2026-08-04T08:55:00Z,373.765,373.765,373.765,373.765,168,62792.52
1785834000000,2026-08-04T09:00:00Z,373.765,373.765,373.765,373.765,1,373.765
1785834300000,2026-08-04T09:05:00Z,373.765,373.765,373.147,373.15,156,58269.354
1785834600000,2026-08-04T09:10:00Z,373.148,373.148,373.145,373.145,168,62688.4608
1785834900000,2026-08-04T09:15:00Z,373.145,373.145,373.145,373.145,563,210080.635
1785835200000,2026-08-04T09:20:00Z,373.145,373.145,373.115,373.115,266,99248.8294
1785835500000,2026-08-04T09:25:00Z,373.115,373.115,373.115,373.115,58,21640.67
1785835800000,2026-08-04T09:30:00Z,373.115,373.644,373.115,373.644,204,76131.0252
1785836400000,2026-08-04T09:40:00Z,373.645,373.645,373.645,373.645,5.183123,1936.64799334
1785836700000,2026-08-04T09:45:00Z,373.645,374.649,373.645,374.649,10,3736.45
1785837000000,2026-08-04T09:50:00Z,374.65,374.65,374.65,374.65,25,9366.25
1785837300000,2026-08-04T09:55:00Z,374.65,374.65,374.65,374.65,1.372458,514.1913897
1785837600000,2026-08-04T10:00:00Z,374.65,374.65,374.65,374.65,0,0
1785838200000,2026-08-04T10:10:00Z,374.65,376.145,374.65,376.145,287,107871.1312
1785838500000,2026-08-04T10:15:00Z,376.145,376.145,376.145,376.145,531,199732.995
1785838800000,2026-08-04T10:20:00Z,376.145,378.599,376.145,378.599,349,131484.3191
1785839100000,2026-08-04T10:25:00Z,378.6,378.6,378.6,378.6,117.003012,44297.3403432
1785839400000,2026-08-04T10:30:00Z,378.6,378.99,378.6,378.99,173,65498.0076
1785839700000,2026-08-04T10:35:00Z,378.991,379.5,378.991,379.5,205.04155500000002,77799.75788403
1785840000000,2026-08-04T10:40:00Z,379.5,379.5,379.5,379.5,739,280450.5
1785840300000,2026-08-04T10:45:00Z,379.5,383.465,379.5,382.58,302.10346899999996,115215.40532785
1785840600000,2026-08-04T10:50:00Z,382.58,382.58,382.485,382.485,192,73450.1376
1785840900000,2026-08-04T10:55:00Z,382.485,382.485,382.485,382.485,73,27921.405
1785841200000,2026-08-04T11:00:00Z,382.485,385.008,381.967,385.008,3979.0789710000004,1521265.95378473
1785841500000,2026-08-04T11:05:00Z,385.009,385.01,381.501,381.501,594,228142.9566
1785841800000,2026-08-04T11:10:00Z,381.5,381.5,381.5,381.5,115,43872.5
1785842100000,2026-08-04T11:15:00Z,381.5,382,381.5,382,376,143444
1785842400000,2026-08-04T11:20:00Z,382.327,383.964,382.327,383.465,701,268468.4192
1785842700000,2026-08-04T11:25:00Z,383.465,383.465,381.5,383.464,561,214861.1487
1785843000000,2026-08-04T11:30:00Z,383.465,383.465,383.36,383.36,70,26839.414
1785843300000,2026-08-04T11:35:00Z,383.36,383.36,383.36,383.36,213.779,81954.31744
1785843600000,2026-08-04T11:40:00Z,383.01,383.439,382.216,383.01,609,233190.972
1785843900000,2026-08-04T11:45:00Z,384.51,384.939,383.44,384.51,1087.391978,417157.81560811
1785844200000,2026-08-04T11:50:00Z,384.94,384.94,384.94,384.94,365,140503.1
1785844500000,2026-08-04T11:55:00Z,384.94,388.39,384.94,387.79,262.00289399999997,101567.8846863
1785844800000,2026-08-04T12:00:00Z,387.79,387.79,385.01,385.01,107,41309.1262
1785845100000,2026-08-04T12:05:00Z,385.01,385.01,380.443,383.926,287.0535,110509.48326045
1785845400000,2026-08-04T12:10:00Z,384.151,385.274,384.151,385.274,442.480458,170241.92257298
1785845700000,2026-08-04T12:15:00Z,385.275,385.275,385.275,385.275,522,201113.55
1785846000000,2026-08-04T12:20:00Z,385.275,385.275,385.012,385.012,127,48929.925
1785846300000,2026-08-04T12:25:00Z,385.011,385.289,384.733,385.01,446,171820.385
1785846600000,2026-08-04T12:30:00Z,385.312,386.819,384.721,384.721,102,39402.5388
1785846900000,2026-08-04T12:35:00Z,384.72,385.009,384.72,385.009,362.017175,139293.49323162
1785847200000,2026-08-04T12:40:00Z,385.01,385.29,384.226,384.226,82.006,31589.6706702
1785847500000,2026-08-04T12:45:00Z,384.225,384.571,384.081,384.571,1138.2,437528.74662
1785847800000,2026-08-04T12:50:00Z,384.596,384.72,384.104,384.22,283,108812.934
1785848100000,2026-08-04T12:55:00Z,384.22,384.391,384.09,384.391,630,242042.283
1785848400000,2026-08-04T13:00:00Z,384.392,384.5,384.392,384.5,251,96505.6848
1785848700000,2026-08-04T13:05:00Z,384.583,385.29,384.583,385.29,872.046155,335776.92454736
1785849000000,2026-08-04T13:10:00Z,385.29,386.207,385.29,386.207,349,134466.21
1785849300000,2026-08-04T13:15:00Z,386.554,388.79,386.554,388.79,351,136433.0331
1785849600000,2026-08-04T13:20:00Z,388.457,389.58,386.79,386.793,572,221407.0144
1785849900000,2026-08-04T13:25:00Z,386.792,388.787,386.792,388.005,127138.005672,49322095.7141992072
1785850200000,2026-08-04T13:30:00Z,389.77,390.33,383.51,385.759,2996,1161191.345
1785850500000,2026-08-04T13:35:00Z,385.792,390.12,385.77,387.862,29809.413016,11533994.9051541112
1785850800000,2026-08-04T13:40:00Z,387.874,396.08,387.874,392.631,60023.804851,23574161.8880044659
1785851100000,2026-08-04T13:45:00Z,392.73,393.56,390.914,393.02,69107.260826,27119085.11479109
1785851400000,2026-08-04T13:50:00Z,393.945,395.5,393.011,395.5,44320.437247,17468984.54973582
1785851700000,2026-08-04T13:55:00Z,396.16,396.16,390.099,390.62,54125.369797,21286371.30839436
1785852000000,2026-08-04T14:00:00Z,390.95,393.23,389.01,392.88,71016.184497,27781595.28979245
1785852300000,2026-08-04T14:05:00Z,391.53,393.75,391.46,392.53,37674.199654,14792495.70506566
1785852600000,2026-08-04T14:10:00Z,392.71,396.91,391.295,396.42,53754.503882,21208801.87849038
1785852900000,2026-08-04T14:15:00Z,396.68,398.27,394.55,395.14,49266.570856,19541910.48940005
1785853200000,2026-08-04T14:20:00Z,394.71,395.48,393.4,394.855,34400.028641,13573927.94146937
1785853500000,2026-08-04T14:25:00Z,395.36,398.26,394.063,397.7,37702.796157000004,14959719.22945408
1785853800000,2026-08-04T14:30:00Z,397.398,398.25,396.452,396.793,22593.889061,8972471.0115708834
1785854100000,2026-08-04T14:35:00Z,396.785,399.29,396.74,397.997,23370.055921,9278591.6618601147
1785854400000,2026-08-04T14:40:00Z,397.996,400.59,397.42,400.41,39190.51097,15598255.6924825485
1785854700000,2026-08-04T14:45:00Z,400.074,401.83,399.38,401.288,20365.825918000002,8150532.62999483080037
1785855000000,2026-08-04T14:50:00Z,401.286,402.675,400.241,402.229,25824.607374,10358389.9028771774
1785855300000,2026-08-04T14:55:00Z,402.203,403.32,401.04,402.615,10276.028686,4126495.6355990494
1785855600000,2026-08-04T15:00:00Z,402.29,404.45,402.29,404.25,29624.923120000003,11955205.86239918
1785855900000,2026-08-04T15:05:00Z,404.12,404.99,403.169,404.18,21791.802090999998,8800943.97230151
1785856200000,2026-08-04T15:10:00Z,404.14,405.66,403.28,404.38,47073.753415,19022574.36563162
1785856500000,2026-08-04T15:15:00Z,404.18,406.245,403.591,405.985,33273.258385,13465015.54859012
1785856800000,2026-08-04T15:20:00Z,405.83,406.035,404.493,404.815,42956.023193,17409921.55843941
1785857100000,2026-08-04T15:25:00Z,405,405.12,403.949,404.3,28917.240241,11699273.43877525
1785857400000,2026-08-04T15:30:00Z,403.71,404.042,403.097,403.89,21590.709519,8711697.99687892
1785857700000,2026-08-04T15:35:00Z,404.06,405.441,403.85,405.441,28842.245986,11665088.9077350186
1785858000000,2026-08-04T15:40:00Z,405.443,406.318,404.95,406.318,16901.711482,6854978.6795918532
1785858300000,2026-08-04T15:45:00Z,406.323,407.08,406.323,406.917,17973.987564,7308763.1949530508
1785858600000,2026-08-04T15:50:00Z,406.914,407.267,405.95,406.134,28675.134533,11658065.2224288478
1785858900000,2026-08-04T15:55:00Z,406.099,406.11,403.965,403.991,14705.784905,5961867.2347490979
1785859200000,2026-08-04T16:00:00Z,403.988,406.732,403.985,406.59,25458.553319,10326297.9014556072
1785859500000,2026-08-04T16:05:00Z,406.581,407.01,405.73,405.859,11834.252643,4810910.4754095356
1785859800000,2026-08-04T16:10:00Z,405.11,406.429,404.958,406.05,15136.420074000001,6138392.01032781
1785860100000,2026-08-04T16:15:00Z,406.15,408.13,405.707,408.13,14905.754599,6063847.29280569
1785860400000,2026-08-04T16:20:00Z,408.09,408.25,407.251,407.88,12096.165371000001,4933835.94503458
1785860700000,2026-08-04T16:25:00Z,407.48,407.764,406.126,406.54,13751.907275000001,5595337.52671163
1785861000000,2026-08-04T16:30:00Z,406.9,407.153,406.435,406.435,24169.572900000003,9830069.83504854
1785861300000,2026-08-04T16:35:00Z,406.74,407.02,406.062,406.91,18399.989031,7481875.29974244
1785861600000,2026-08-04T16:40:00Z,406.508,406.544,405.671,406.221,9564.686484,3884078.7467873516
1785861900000,2026-08-04T16:45:00Z,406.193,407.532,406.035,406.913,11754.230303,4777872.4027435767
1785862200000,2026-08-04T16:50:00Z,406.922,407.357,406.07,406.68,21041.289850999999,8561516.9770692075932867
1785862500000,2026-08-04T16:55:00Z,406.668,407.93,406.485,407.93,35049.906382,14253292.4844551354
1785862800000,2026-08-04T17:00:00Z,407.721,408,407.307,407.517,11182.976720999999,4559778.2405553583922572
1785863100000,2026-08-04T17:05:00Z,407.515,408.05,406.819,406.853,12278.50473,5005438.878668356
1785863400000,2026-08-04T17:10:00Z,406.856,407.203,406.442,406.77,11234.117718,4570424.215857914
1785863700000,2026-08-04T17:15:00Z,406.768,406.96,406.15,406.413,20397.844026,8294045.0669165674
1785864000000,2026-08-04T17:20:00Z,406.41,406.934,405.705,406.93,15688.708294,6373441.616477462
1785864300000,2026-08-04T17:25:00Z,406.92,407.707,406.893,407.43,13453.747371,5481142.78292857
1785864600000,2026-08-04T17:30:00Z,407.17,407.78,406.867,407.78,13924.362167,5672366.02353457
1785864900000,2026-08-04T17:35:00Z,408.15,408.203,407.708,408.05,15481.570130999999,6317135.48386454
1785865200000,2026-08-04T17:40:00Z,408.44,408.811,408.064,408.1,17118.391786,6992106.41166406
1785865500000,2026-08-04T17:45:00Z,408.73,409.595,408.186,408.8,19237.290825,7867165.10831797
1785865800000,2026-08-04T17:50:00Z,409.089,409.089,407.275,408.127,20877.864648,8516228.9277498184
1785866100000,2026-08-04T17:55:00Z,408.119,408.119,406.915,406.948,14451.062839,5892480.6000595985
1785866400000,2026-08-04T18:00:00Z,406.942,407.55,404.705,404.744,15420.490141999999,6271631.4095652417932659
1785866700000,2026-08-04T18:05:00Z,404.74,405.27,404.056,404.715,24854.9737,10057043.7184846604
1785867000000,2026-08-04T18:10:00Z,404.771,404.771,403.386,404.122,17252.156392,6968335.0101200242
1785867300000,2026-08-04T18:15:00Z,404.141,405.656,404.059,405.003,13033.505247,5274802.278880568
1785867600000,2026-08-04T18:20:00Z,404.991,405.92,404.775,405.427,20170.186889,8177056.1990113148
1785867900000,2026-08-04T18:25:00Z,405.426,405.435,404.342,404.829,31883.218206,12910007.2319922976
1785868200000,2026-08-04T18:30:00Z,404.822,405.585,404.27,404.48,20156.303226,8168341.1657893678
1785868500000,2026-08-04T18:35:00Z,404.58,404.81,403.99,404.43,13110.197611,5300722.96419809
1785868800000,2026-08-04T18:40:00Z,403.955,404.454,403.686,403.85,14418.556206,5825451.40370667
1785869100000,2026-08-04T18:45:00Z,404.17,405.025,403.875,404.635,11499.915083000002,4653698.23643381
1785869400000,2026-08-04T18:50:00Z,404.63,405.183,404.276,404.34,11761.158286,4761455.5352223
1785869700000,2026-08-04T18:55:00Z,404.83,405.652,404.274,405.595,109132.610516,44160456.27899414
1785870000000,2026-08-04T19:00:00Z,405.549,406.984,405.297,406.216,11858.761919999999,4813595.1049850235941078
1785870300000,2026-08-04T19:05:00Z,406.214,407.18,405.71,406.38,32265.142356,13121189.1787214462
1785870600000,2026-08-04T19:10:00Z,406.379,406.379,405.37,405.518,30144.48441,12238333.4629254258
1785870900000,2026-08-04T19:15:00Z,405.514,406.53,405.16,406.315,16156.36982,6554519.949879714
1785871200000,2026-08-04T19:20:00Z,406.346,406.97,405.69,405.872,29811.951406999999,12113658.7767571194933655
1785871500000,2026-08-04T19:25:00Z,405.852,406.04,404.3,404.524,20925.19885,8475828.3645513
1785871800000,2026-08-04T19:30:00Z,404.573,404.66,402.53,402.742,29260.465362,11809625.8791312228
1785872100000,2026-08-04T19:35:00Z,402.759,404.52,402.759,404.315,31411.797589,12685609.4299745059
1785872400000,2026-08-04T19:40:00Z,404.317,405.369,404.317,405.357,33857.023013,13698966.3003678691
1785872700000,2026-08-04T19:45:00Z,405.352,405.386,404.5,404.851,33232.969259,13456474.7876172073
1785873000000,2026-08-04T19:50:00Z,404.49,405.61,402.735,402.735,101994.75411099999,41265170.21140872
1785873300000,2026-08-04T19:55:00Z,402.735,405.39,402.735,403.47,230894.06760400004,93177023.90871309
1785873600000,2026-08-04T20:00:00Z,403.297,405.465,403,405.465,1217624.109379,491081075.41534293
1785873900000,2026-08-04T20:05:00Z,405.465,406.928,405.404,406.775,2378,966398.0358
1785874200000,2026-08-04T20:10:00Z,406.775,406.775,405.78,405.78,581.091842,235918.92966319
1785874500000,2026-08-04T20:15:00Z,405.78,405.78,400.011,400.011,2379.917861,964530.0168128607
1785874800000,2026-08-04T20:20:00Z,399.974,400.33,399.785,400.33,2533.608621,1013132.5108291073
1785875100000,2026-08-04T20:25:00Z,400.368,400.56,398.5,398.5,1285,514710.7547
1785875400000,2026-08-04T20:30:00Z,398.5,400.08,398.5,400.08,271,108094.5288
1785875700000,2026-08-04T20:35:00Z,400.08,400.08,398.425,398.507,1311,522659.6475
1785876000000,2026-08-04T20:40:00Z,398.505,400,398.5,400,620.005672,247339.3758285368
1785876300000,2026-08-04T20:45:00Z,399.792,400.564,398.75,400.08,956,382172.754
1785876600000,2026-08-04T20:50:00Z,400.067,400.067,399.291,399.291,277,110814.406
1785876900000,2026-08-04T20:55:00Z,399.29,400.064,399.29,400.064,524,209279.5544
1785877200000,2026-08-04T21:00:00Z,400.067,400.08,400.067,400.08,519,207641.52
1785877500000,2026-08-04T21:05:00Z,400.08,400.08,400.08,400.08,402.2,160912.176
1785877800000,2026-08-04T21:10:00Z,400.08,400.08,400,400.079,162,64811.5668
1785878100000,2026-08-04T21:15:00Z,400.067,400.067,400,400,183,73201.0797
1785878400000,2026-08-04T21:20:00Z,400,400,400,400,248,99200
1785878700000,2026-08-04T21:25:00Z,400,400.079,400,400.079,38,15200
1785879000000,2026-08-04T21:30:00Z,400.079,400.08,400.079,400.08,36,14402.8764
1785879300000,2026-08-04T21:35:00Z,400.08,400.08,400.08,400.08,40,16003.2
1785879600000,2026-08-04T21:40:00Z,400.08,400.08,400.08,400.08,15,6001.2
1785879900000,2026-08-04T21:45:00Z,400.08,400.08,400.08,400.08,35,14002.8
1785880200000,2026-08-04T21:50:00Z,400.08,400.08,400,400,101,40405.4843
1785880500000,2026-08-04T21:55:00Z,400,400,400,400,24,9600
1785880800000,2026-08-04T22:00:00Z,400.083,401.524,400.061,401.325,75.00267099999999,30024.0867197298959969
1785881100000,2026-08-04T22:05:00Z,401.358,401.525,401.358,401.525,274,110015.4154
1785881400000,2026-08-04T22:10:00Z,401.525,401.525,401.525,401.525,17,6825.925
1785881700000,2026-08-04T22:15:00Z,401.525,401.525,401.525,401.525,13,5219.825
1785882000000,2026-08-04T22:20:00Z,401.525,401.55,401.525,401.55,449.191964,180372.988225
1785882300000,2026-08-04T22:25:00Z,401.55,401.55,400.06,400.06,87,34883.9724
1785882600000,2026-08-04T22:30:00Z,400.06,400.06,400.06,400.06,163,65209.78
1785882900000,2026-08-04T22:35:00Z,400.06,400.06,400.06,400.06,231,92413.86
1785883200000,2026-08-04T22:40:00Z,400.06,400.471,400.06,400.471,8,3200.48
1785883500000,2026-08-04T22:45:00Z,400.476,400.5,400.476,400.5,3,1201.5
1785883800000,2026-08-04T22:50:00Z,400.5,400.5,400.5,400.5,44,17622
1785884100000,2026-08-04T22:55:00Z,400.5,400.5,400.5,400.5,36,14418
1785884400000,2026-08-04T23:00:00Z,400.5,400.5,400.5,400.5,70,28035
1785884700000,2026-08-04T23:05:00Z,400.5,400.5,400.5,400.5,35,14017.5
1785885000000,2026-08-04T23:10:00Z,400.5,400.675,400.5,400.675,170,68085
1785885300000,2026-08-04T23:15:00Z,400.675,400.769,400.675,400.769,302,121003.85
1785885600000,2026-08-04T23:20:00Z,400.77,400.77,400.503,400.503,105,42079.947
1785885900000,2026-08-04T23:25:00Z,400.502,400.502,400.5,400.5,52,20826.0104
1785886200000,2026-08-04T23:30:00Z,400.5,400.5,400.5,400.5,123.47184200000001,49450.472721
1785886500000,2026-08-04T23:35:00Z,400.5,400.5,400.5,400.5,13,5206.5
1785886800000,2026-08-04T23:40:00Z,400.5,400.5,400.5,400.5,59,23629.5
1785887100000,2026-08-04T23:45:00Z,400.5,402.605,400.5,402.605,1221,489725.3955
1785887400000,2026-08-04T23:50:00Z,403.19,403.19,402.605,403.19,490,197276.45
1785887700000,2026-08-04T23:55:00Z,402.605,402.605,402.605,402.605,608,244783.84
1785888000000,2026-08-05T00:00:00Z,403.2,404.99,403.2,404.99,230,92966.71
1785888300000,2026-08-05T00:05:00Z,404.02,405.58,404.02,405.58,8,3235.03
1785888600000,2026-08-05T00:10:00Z,405.35,405.96,405.32,405.96,24,9730.07
1785888900000,2026-08-05T00:15:00Z,406.8,406.8,406.8,406.8,1,406.8
1785889200000,2026-08-05T00:20:00Z,407.42,407.42,406,406.14,169,68667.34
1785889500000,2026-08-05T00:25:00Z,406.02,406.08,406.01,406.08,22,8932.67
1785889800000,2026-08-05T00:30:00Z,405.86,407.9,405.86,407.9,260,105795.72
1785890100000,2026-08-05T00:35:00Z,407.9,407.9,407.9,407.9,5,2039.5
1785890700000,2026-08-05T00:45:00Z,406.15,407.06,406.01,407.04,36,14643
1785891000000,2026-08-05T00:50:00Z,405.41,406.9,403.9,404,40,16207.71
1785891300000,2026-08-05T00:55:00Z,404.41,406.58,404.41,405.99,16,6497.21
1785891600000,2026-08-05T01:00:00Z,404.51,405.95,404.51,405.8,14,5676.79
1785891900000,2026-08-05T01:05:00Z,406.44,407,405.59,405.89,60,24393.81
1785892200000,2026-08-05T01:10:00Z,405.89,406.99,405.89,406.99,124,50387.96
1785892500000,2026-08-05T01:15:00Z,406.59,406.59,404.26,404.27,80,32436.47
1785892800000,2026-08-05T01:20:00Z,405.39,405.39,405.39,405.39,10,4053.9
1785893100000,2026-08-05T01:25:00Z,404.29,404.29,404.28,404.28,12,4851.42
1785893400000,2026-08-05T01:30:00Z,405.7,405.7,405.58,405.58,35,14197.1
1785894000000,2026-08-05T01:40:00Z,405.74,406.81,405.74,406.81,16,6501.85
1785894300000,2026-08-05T01:45:00Z,407.94,409.01,407.71,408.62,189,77161.28
1785894600000,2026-08-05T01:50:00Z,409.91,410.01,407.59,407.59,81,33082.21
1785894900000,2026-08-05T01:55:00Z,407.99,409.81,407.99,409.66,42,17193.05
1785895200000,2026-08-05T02:00:00Z,409.49,409.49,407.38,408.87,90,36769.84
1785895500000,2026-08-05T02:05:00Z,407.61,408.86,407.61,408.07,46,18783.19
1785895800000,2026-08-05T02:10:00Z,408.07,408.07,407.84,407.84,8,3264
1785896100000,2026-08-05T02:15:00Z,407.85,408.81,407.85,408.81,9,3672.58
1785896400000,2026-08-05T02:20:00Z,408.01,408.01,406.98,406.98,22,8972.36
1785897000000,2026-08-05T02:30:00Z,407,407,407,407,2,814
1785897300000,2026-08-05T02:35:00Z,406.98,407.02,406.98,407.01,36,14652.02
1785897900000,2026-08-05T02:45:00Z,408.01,408.01,407.88,408,35,14279.62
1785898200000,2026-08-05T02:50:00Z,408.6,408.61,407.04,407.71,123,50181.64
1785898500000,2026-08-05T02:55:00Z,407.81,407.81,407.81,407.81,4,1631.24
1785898800000,2026-08-05T03:00:00Z,407.81,408.01,407.81,408.01,51,20808.31
1785899100000,2026-08-05T03:05:00Z,407.29,407.37,407.29,407.37,19,7738.67
1785899400000,2026-08-05T03:10:00Z,407.37,407.37,407.3,407.3,3,1221.97
1785899700000,2026-08-05T03:15:00Z,407.45,408,407.3,408,130,53018.29
1785900000000,2026-08-05T03:20:00Z,407.03,407.49,407.01,407.49,111,45186.36
1785900300000,2026-08-05T03:25:00Z,407.01,407.01,406.76,406.76,7,2847.58
1785900600000,2026-08-05T03:30:00Z,406.72,406.72,406.72,406.72,5,2033.6
1785901200000,2026-08-05T03:40:00Z,406.69,406.75,406.69,406.75,11,4474.19
1785901800000,2026-08-05T03:50:00Z,407.49,407.49,407.33,407.33,34,13849.38
1785902400000,2026-08-05T04:00:00Z,407.89,407.89,406.73,406.73,725,294886.29
1785902700000,2026-08-05T04:05:00Z,406.51,406.51,406.51,406.51,1,406.51
1785903000000,2026-08-05T04:10:00Z,406.82,406.82,406.82,406.82,3,1220.46
1785903300000,2026-08-05T04:15:00Z,406.91,406.91,406.81,406.81,20,8138.1
1785903600000,2026-08-05T04:20:00Z,406.93,406.93,406.83,406.89,61,24818.82
1785903900000,2026-08-05T04:25:00Z,406.93,407.89,406.83,407,68,27680.68
1785904200000,2026-08-05T04:30:00Z,406.81,406.81,406.81,406.81,20,8136.2
1785904800000,2026-08-05T04:40:00Z,406.82,407.85,406.82,407.85,4,1628.31
1785905100000,2026-08-05T04:45:00Z,408.51,408.87,408.51,408.79,64,26161.06
1785905400000,2026-08-05T04:50:00Z,408.91,408.91,408.1,408.11,34,13895.39
1785905700000,2026-08-05T04:55:00Z,407.99,407.99,407.99,407.99,12,4895.88
1785906300000,2026-08-05T05:05:00Z,408.83,409.31,408.83,409.31,4,1636.46
1785906600000,2026-08-05T05:10:00Z,409.01,409.51,408.19,408.19,126,51553.66
1785906900000,2026-08-05T05:15:00Z,409.6,409.6,409.5,409.5,27,11057.3
1785907500000,2026-08-05T05:25:00Z,409.47,409.48,409.47,409.47,7,2866.3
1785907800000,2026-08-05T05:30:00Z,409.44,409.45,409.44,409.45,4,1637.77
1785908100000,2026-08-05T05:35:00Z,409.43,409.47,409.43,409.47,4,1637.76
1785909000000,2026-08-05T05:50:00Z,409.45,409.45,409.45,409.45,6,2456.7
1785909300000,2026-08-05T05:55:00Z,409.45,410.09,409.45,410.09,138,56576.69
1785909600000,2026-08-05T06:00:00Z,410.69,410.69,410.69,410.69,1,410.69
1785909900000,2026-08-05T06:05:00Z,410.67,411.52,410.67,411.42,583,239809.17
1785910200000,2026-08-05T06:10:00Z,411.4,411.4,411.4,411.4,8,3291.2
1785910500000,2026-08-05T06:15:00Z,411.41,411.44,410.55,410.55,209,85893.67
1785910800000,2026-08-05T06:20:00Z,410.77,410.77,410,410,213,87441.51
1785911100000,2026-08-05T06:25:00Z,410.08,410.1,409.93,409.93,78,31983.04
1785911400000,2026-08-05T06:30:00Z,409.54,409.54,409.5,409.5,427,174865.28
1785912000000,2026-08-05T06:40:00Z,410.52,410.66,410.52,410.66,19,7800.02
1785912300000,2026-08-05T06:45:00Z,410.65,410.65,410.04,410.49,175,71833.45
1785912600000,2026-08-05T06:50:00Z,410.11,410.98,410.01,410.98,63,25857.8
1785912900000,2026-08-05T06:55:00Z,411.01,411.57,411.01,411.57,28,11517.89
1785913200000,2026-08-05T07:00:00Z,411.16,411.48,411.08,411.08,56,23034.16
1785913500000,2026-08-05T07:05:00Z,411.22,411.94,411.22,411.63,65,26747.76
1785913800000,2026-08-05T07:10:00Z,411.49,411.49,411.49,411.49,16,6583.84
1785914100000,2026-08-05T07:15:00Z,409.73,409.73,408.57,408.57,73,29883.41
1785914400000,2026-08-05T07:20:00Z,411.53,411.53,409.21,411.43,206,84598.2
1785914700000,2026-08-05T07:25:00Z,411.26,411.26,407.02,407.03,1525,622748.43
1785915000000,2026-08-05T07:30:00Z,407.26,407.99,407,407.99,231,94026.47
1785915300000,2026-08-05T07:35:00Z,407.02,407.02,406.78,407.02,202,82197.52
1785915600000,2026-08-05T07:40:00Z,407,407.33,406.78,407.33,74,30132.4
1785915900000,2026-08-05T07:45:00Z,406.7,408.01,406.7,407,139,56653.84
1785916200000,2026-08-05T07:50:00Z,406.05,407.41,406.05,407.41,17,6908.29
1785916500000,2026-08-05T07:55:00Z,407.88,408,406.29,406.31,66,26841.83
1785916800000,2026-08-05T08:00:00Z,402.605,410.575,402.605,409.36,7291.577181,2993087.43408909
1785917100000,2026-08-05T08:05:00Z,409.36,409.36,409.36,409.36,759,310704.24
1785917400000,2026-08-05T08:10:00Z,409.36,409.36,407.002,407.002,898.512489,366611.69472052
1785917700000,2026-08-05T08:15:00Z,407.001,407.001,404.8,404.8,457,185682.9845
1785918000000,2026-08-05T08:20:00Z,404.8,404.8,401.385,403.555,949.3239249999999,383372.22083262
1785918300000,2026-08-05T08:25:00Z,403.56,403.583,400.385,400.385,523.03,210280.916411
1785918600000,2026-08-05T08:30:00Z,400.385,400.385,400.385,400.385,905.986766,362743.51130491
1785918900000,2026-08-05T08:35:00Z,400.385,400.385,400.385,400.385,624,249840.24
1785919200000,2026-08-05T08:40:00Z,400.385,400.385,400.385,400.385,792.002618,317105.96820793
1785919500000,2026-08-05T08:45:00Z,400.385,400.385,400.385,400.385,117,46845.045
1785919800000,2026-08-05T08:50:00Z,400.385,400.385,400.385,400.385,424,169763.24
1785920100000,2026-08-05T08:55:00Z,400.385,400.385,400.385,400.385,103,41239.655
1785920400000,2026-08-05T09:00:00Z,400.385,400.385,400.385,400.385,304,121717.04
1785920700000,2026-08-05T09:05:00Z,400.385,402.06,400.385,402.06,437,175449.7316
1785921000000,2026-08-05T09:10:00Z,402.06,402.06,402.06,402.06,197,79205.82
1785921300000,2026-08-05T09:15:00Z,402.058,402.058,401.995,401.995,336,135076.7712
1785921600000,2026-08-05T09:20:00Z,401.995,401.995,401.995,401.995,239,96076.805
1785921900000,2026-08-05T09:25:00Z,401.995,401.995,401.995,401.995,84,33767.58
1785922200000,2026-08-05T09:30:00Z,401.995,401.995,401.995,401.995,496,199389.52
1785922500000,2026-08-05T09:35:00Z,401.995,402.869,401.995,402.696,73,29388.8218
1785922800000,2026-08-05T09:40:00Z,402.674,402.674,402.48,402.48,162,65207.754
1785923100000,2026-08-05T09:45:00Z,402.48,402.48,402.48,402.48,57,22941.36
1785923400000,2026-08-05T09:50:00Z,402.48,402.48,402.48,402.48,370,148917.6
1785923700000,2026-08-05T09:55:00Z,402.48,402.48,402.455,402.455,75,30185.7
1785924000000,2026-08-05T10:00:00Z,402.455,402.455,402.455,402.455,96,38635.68
1785924300000,2026-08-05T10:05:00Z,402.455,402.52,402.455,402.52,97,39042.7037
1785924600000,2026-08-05T10:10:00Z,402.52,402.52,402.4,402.4,567,228160.9701
1785924900000,2026-08-05T10:15:00Z,402.4,402.4,402.4,402.4,79,31789.6
1785925200000,2026-08-05T10:20:00Z,402.4,402.4,402.4,402.4,323,129975.2
1785925500000,2026-08-05T10:25:00Z,402.4,402.4,402.4,402.4,166,66798.4
1785925800000,2026-08-05T10:30:00Z,402.4,402.4,402.4,402.4,130,52312
1785926100000,2026-08-05T10:35:00Z,402.4,402.4,402.4,402.4,304.08241799999996,122362.7650032
1785926400000,2026-08-05T10:40:00Z,402.4,402.4,398.295,398.295,51,20391.0495
1785926700000,2026-08-05T10:45:00Z,398.295,398.295,398.295,398.295,370,147369.15
1785927000000,2026-08-05T10:50:00Z,398.295,398.295,397.631,397.631,1002,399048.2034
1785927300000,2026-08-05T10:55:00Z,397.63,397.63,397.63,397.63,318,126446.34
1785927600000,2026-08-05T11:00:00Z,397.63,402.7,397.63,402.27,0,0
1785927900000,2026-08-05T11:05:00Z,402.27,402.27,399.802,399.802,103,41433.81
1785928200000,2026-08-05T11:10:00Z,399.801,399.801,398.37,398.37,31,12350.2388
1785928500000,2026-08-05T11:15:00Z,398.37,398.37,398.37,398.37,61,24300.57
1785928800000,2026-08-05T11:20:00Z,398.37,398.37,398.37,398.37,89,35454.93
1785929100000,2026-08-05T11:25:00Z,398.37,402.25,398.37,402.25,145,57874.43
1785929400000,2026-08-05T11:30:00Z,399,402.27,398.99,398.99,237,95337.8715
1785929700000,2026-08-05T11:35:00Z,402.27,402.27,402.27,402.27,367.057,147656.01939
1785930000000,2026-08-05T11:40:00Z,402.27,402.27,401.73,401.73,193.8,77941.74756
1785930300000,2026-08-05T11:45:00Z,401.73,401.73,401.73,401.73,193,77533.89
1785930600000,2026-08-05T11:50:00Z,401.73,401.73,398.675,399.665,950,381023.245
1785930900000,2026-08-05T11:55:00Z,399,399.665,399,399,369,147474.6507
1785931200000,2026-08-05T12:00:00Z,399.65,401.59,399.001,399.001,221,88466.3884
1785931500000,2026-08-05T12:05:00Z,399,399.305,397.87,397.87,685,272886.738
1785931800000,2026-08-05T12:10:00Z,397.87,400.859,397.87,400.789,65,25864.1825
1785932100000,2026-08-05T12:15:00Z,400.787,400.787,397.06,397.395,515,206092.0305
1785932400000,2026-08-05T12:20:00Z,397.395,397.395,397.395,397.395,76,30202.02
1785932700000,2026-08-05T12:25:00Z,397.395,401.655,397.395,401.655,372,147830.94
1785933000000,2026-08-05T12:30:00Z,401.758,402.27,397,402.19,478.174375,191112.4457603125
1785933300000,2026-08-05T12:35:00Z,402.204,402.27,402.204,402.27,116,46662.9836
1785933600000,2026-08-05T12:40:00Z,402.27,402.27,402.27,402.27,269,108210.63
1785933900000,2026-08-05T12:45:00Z,402.27,402.27,402.27,402.27,48,19308.96
1785934200000,2026-08-05T12:50:00Z,402.27,402.27,400.87,400.87,135,54238.464
1785934500000,2026-08-05T12:55:00Z,400.87,400.87,400.87,400.87,156,62535.72
1785934800000,2026-08-05T13:00:00Z,400.87,400.87,400.87,400.87,187.67715099999998,75234.13952137
1785935100000,2026-08-05T13:05:00Z,400.87,400.87,400.87,400.87,106,42492.22
1785935400000,2026-08-05T13:10:00Z,400.87,400.87,398.58,398.58,715,285191.335
1785935700000,2026-08-05T13:15:00Z,398.58,398.58,397.845,397.845,362,144119.1866
1785936000000,2026-08-05T13:20:00Z,397.845,397.845,397.845,397.845,155,61665.975
1785936300000,2026-08-05T13:25:00Z,397.845,402.815,397.475,402.533,2511.024713,1007568.00098154
1785936600000,2026-08-05T13:30:00Z,402.34,404.11,400.01,402.18,50152.213948,20192279.36452237
1785936900000,2026-08-05T13:35:00Z,402.606,404.27,397.13,399.001,1930,770423.25
1785937200000,2026-08-05T13:40:00Z,399.063,404.58,398.266,404.58,1220,489437.725
1785937500000,2026-08-05T13:45:00Z,404.09,408.99,404.08,408.451,37479.673934,15220960.2690648898
1785937800000,2026-08-05T13:50:00Z,408.7,408.79,404.63,406.075,18850.374302999997,7675646.3382263015783772
1785938100000,2026-08-05T13:55:00Z,404.767,405.133,404.767,405.133,32267.431565,13092160.3189279417
1785938400000,2026-08-05T14:00:00Z,404.545,405.526,397.3,397.3,38871.034003,15599128.63926371
1785938700000,2026-08-05T14:05:00Z,399.72,404.486,398.45,403.56,43873.738773,17624458.17926755
1785939000000,2026-08-05T14:10:00Z,403.18,403.505,401.59,401.79,29543.771758000003,11898665.44421923
1785939300000,2026-08-05T14:15:00Z,401.23,402.504,400.13,400.66,18991.061813,7618908.24328041
1785939600000,2026-08-05T14:20:00Z,398.925,400.303,394.35,397.11,37229.729471,14767488.64737265
1785939900000,2026-08-05T14:25:00Z,396.3,397.45,394.67,394.67,20504.005884,8117845.53996445
1785940200000,2026-08-05T14:30:00Z,394.61,394.902,389.99,390.85,38644.244608,15131969.36982363
1785940500000,2026-08-05T14:35:00Z,390.81,391.792,387,387,30272.702203,11799824.03730481
1785940800000,2026-08-05T14:40:00Z,387.52,389.168,386.49,388.17,21525.753190000003,8344755.27949752
1785941100000,2026-08-05T14:45:00Z,389.13,391.672,387.49,390.79,24971.565275,9723205.83984855
1785941400000,2026-08-05T14:50:00Z,386.71,387.767,386.71,387.767,0,0
1785941700000,2026-08-05T14:55:00Z,388.27,391.013,387.978,390,14480.813688,5637983.17058782
1785942000000,2026-08-05T15:00:00Z,391.807,391.807,390,390.235,348,135927.96
1785942300000,2026-08-05T15:05:00Z,390.235,394.72,389.782,394.627,12222.528226,4784374.675466886
1785942600000,2026-08-05T15:10:00Z,394.591,395.773,393.209,393.591,12975.319616,5120481.5676651297
1785942900000,2026-08-05T15:15:00Z,393.58,394.9,392.457,394.821,9464.472726,3724117.0113065164
1785943200000,2026-08-05T15:20:00Z,394.87,395.179,393.043,393.68,7095.868552,2800167.39046911
1785943500000,2026-08-05T15:25:00Z,393.07,393.557,392.177,392.65,10939.776489,4300613.20800386
1785943800000,2026-08-05T15:30:00Z,394.13,396.027,392.733,395.08,17151.226258,6775116.84425555
1785944100000,2026-08-05T15:35:00Z,394.98,397.524,394.436,397.15,16749.576223,6633058.30358701
1785944400000,2026-08-05T15:40:00Z,396.88,397.535,396.229,396.3,9297.750289,3691380.7326634
1785944700000,2026-08-05T15:45:00Z,395.86,397.582,394.39,396.65,8677.988413,3437945.65259559
1785945000000,2026-08-05T15:50:00Z,397.38,397.409,395.053,395.49,8529.985182,3376528.9534088
1785945300000,2026-08-05T15:55:00Z,394.24,395.317,392.97,393.2,13969.008154,5501869.87095564
1785945600000,2026-08-05T16:00:00Z,394.23,395.593,393.393,394.19,14911.300065,5877570.74419098
1785945900000,2026-08-05T16:05:00Z,394.76,395.644,393.61,394.6,11643.258533,4596511.6317475
1785946200000,2026-08-05T16:10:00Z,393.902,395.403,393.77,394.935,4779.125401,1886494.403119881
1785946500000,2026-08-05T16:15:00Z,394.967,396.145,394.59,394.59,7128.665386999999,2820023.0375110200044108
1785946800000,2026-08-05T16:20:00Z,394.586,396.896,394.572,395.205,8228.283198000001,3257246.5334719355958724
1785947100000,2026-08-05T16:25:00Z,395.152,398.204,395.04,398.204,6111.393760999999,2419613.1405189237041319
1785947400000,2026-08-05T16:30:00Z,398.205,398.205,395.273,395.583,6505.596319,2583003.4787800543
1785947700000,2026-08-05T16:35:00Z,395.653,397.58,395.28,397.29,7590.319482,3009617.5132280544
1785948000000,2026-08-05T16:40:00Z,397.72,398.687,397.295,397.455,12688.820841,5049360.18117961
1785948300000,2026-08-05T16:45:00Z,397.15,397.687,396.71,396.71,16386.942457999998,6513491.72037131
1785948600000,2026-08-05T16:50:00Z,396.84,397.71,396.399,397.62,7028.997848,2790487.54416353
1785948900000,2026-08-05T16:55:00Z,397.29,397.729,396.84,396.84,8743.220893,3472999.68955925
1785949200000,2026-08-05T17:00:00Z,396.35,397.278,394.62,394.97,12327.901168,4882300.06371075
1785949500000,2026-08-05T17:05:00Z,394.74,395.25,394.22,394.49,15282.535904,6032146.82286398
1785949800000,2026-08-05T17:10:00Z,393.5,394.5,393.27,394.03,12826.629423,5054342.30277375
1785950100000,2026-08-05T17:15:00Z,393.53,394.01,392.805,393.36,16223.664747,6385467.34067231
1785950400000,2026-08-05T17:20:00Z,393,393.582,392.56,392.79,7473.6711,2937105.65817207
1785950700000,2026-08-05T17:25:00Z,393.33,394.313,392.931,393.77,11522.531426000001,4537636.24948164
1785951000000,2026-08-05T17:30:00Z,392.958,394.376,392.803,393.268,17007.82206,6686851.61937651
1785951300000,2026-08-05T17:35:00Z,393.247,394.371,393.23,394.086,4219.690920999999,1662592.9728958940059936
1785951600000,2026-08-05T17:40:00Z,394.084,394.748,393.761,393.967,3895.1040399999997,1536147.7445754998816838
1785951900000,2026-08-05T17:45:00Z,393.996,394.594,392.965,394.478,5891.286572,2318912.9349143644
1785952200000,2026-08-05T17:50:00Z,394.46,394.839,393.772,393.772,7168.966594,2829569.6534067218
1785952500000,2026-08-05T17:55:00Z,394.31,394.59,393.597,394.215,9242.91303,3643948.21593847
1785952800000,2026-08-05T18:00:00Z,393.83,394.572,393.83,394.47,9669.681066000001,3811685.7775979
1785953100000,2026-08-05T18:05:00Z,394.35,394.68,393.225,393.64,13547.142956000002,5334954.30721631
1785953400000,2026-08-05T18:10:00Z,393.67,394.175,392.585,392.97,9275.8715,3652195.37880505
1785953700000,2026-08-05T18:15:00Z,392.44,393.395,392.415,393.09,12743.822876999999,5008310.92122041
1785954000000,2026-08-05T18:20:00Z,392.94,393.46,392.72,393.28,11021.880337999999,4333084.72230356
1785954300000,2026-08-05T18:25:00Z,393.56,393.758,393.158,393.45,10550.952278,4151865.13729712
1785954600000,2026-08-05T18:30:00Z,393.46,393.46,390.831,391.02,22282.734633000004,8730165.97150385
1785954900000,2026-08-05T18:35:00Z,391.19,391.995,390.84,390.84,9500.181692,3718086.10879804
1785955200000,2026-08-05T18:40:00Z,390.855,391.195,390.62,390.84,10712.212376000001,4186695.74054035
1785955500000,2026-08-05T18:45:00Z,390.768,392.481,390.767,391.782,72429.648561,28346243.7107626722
1785955800000,2026-08-05T18:50:00Z,391.781,392.114,390.79,391.29,10505.241614999999,4116118.4124956416081092
1785956100000,2026-08-05T18:55:00Z,391.292,391.41,390.59,391.06,19019.126937,7436357.7676862541
1785956400000,2026-08-05T19:00:00Z,391.06,393.455,390.954,393.186,7148.319498,2796881.4753770616
1785956700000,2026-08-05T19:05:00Z,393.185,393.734,392.603,393.28,16964.571441,6671248.209375172
1785957000000,2026-08-05T19:10:00Z,393.28,395.61,392.976,395.61,13512.086793,5316951.7536845447
1785957300000,2026-08-05T19:15:00Z,395.449,396.905,395.37,396.835,14175.910006999999,5613921.2655724473040789
1785957600000,2026-08-05T19:20:00Z,396.83,397.119,396.396,396.98,25246.536309,10018131.09050054
1785957900000,2026-08-05T19:25:00Z,397.03,398.59,396.932,397.775,34419.517863,13699863.01693844
1785958200000,2026-08-05T19:30:00Z,397.95,398.35,395.738,396.48,37001.90058,14688762.87932446
1785958500000,2026-08-05T19:35:00Z,396.48,397.36,395.34,397.03,29739.236316999995,11794105.29554113
1785958800000,2026-08-05T19:40:00Z,397.04,397.8,395.39,395.64,39618.037358999994,15731213.33021285
1785959100000,2026-08-05T19:45:00Z,395.845,396.62,394.835,396.58,46864.971468,18549291.61545166
1785959400000,2026-08-05T19:50:00Z,396.74,397.72,393.45,394.46,77418.17921,30575613.11537661
1785959700000,2026-08-05T19:55:00Z,394.51,394.705,388.29,389.324,62259.233439999996,24446399.14374959842814
1785960000000,2026-08-05T20:00:00Z,389.329,389.355,389.329,389.355,0,0
1785960300000,2026-08-05T20:05:00Z,389.355,392.86,387.745,391.6,1347,523827.9624
1785960600000,2026-08-05T20:10:00Z,391.6,392.05,391.6,392.05,21.905894,8583.1323376496
1785960900000,2026-08-05T20:15:00Z,392.05,393.234,392.05,392.781,18.919808,7426.2687055232
1785961200000,2026-08-05T20:20:00Z,392.678,392.678,390.545,390.545,509,199385.7021
1785961500000,2026-08-05T20:25:00Z,390.545,390.545,390.225,390.225,112,43741.04
1785961800000,2026-08-05T20:30:00Z,390.225,391.46,390.225,391.46,549.1,214272.5475
1785962100000,2026-08-05T20:35:00Z,391.46,391.62,391.46,391.62,206,80667.2722
1785962400000,2026-08-05T20:40:00Z,391.62,391.62,390.579,391.395,788.816757,308504.02497578
1785962700000,2026-08-05T20:45:00Z,391.395,391.619,390.515,391.618,583.554343,228046.20965859
1785963000000,2026-08-05T20:50:00Z,391.619,391.62,389.267,390.395,1558,608170.753
1785963300000,2026-08-05T20:55:00Z,390.395,390.395,390.395,390.395,82,32012.39
1785963600000,2026-08-05T21:00:00Z,390.395,391.77,390.395,391.77,262,102596.449
1785963900000,2026-08-05T21:05:00Z,391.77,391.77,391.77,391.77,50,19588.5
1785964200000,2026-08-05T21:10:00Z,391.77,392.134,391.59,391.59,917,359458.1312
1785964500000,2026-08-05T21:15:00Z,391.59,391.59,391.59,391.59,24.728566999999998,9683.45955153
1785964800000,2026-08-05T21:20:00Z,391.59,391.59,391.59,391.59,290,113561.1
1785965100000,2026-08-05T21:25:00Z,391.59,391.59,391.196,391.196,88,34452.4752
1785965400000,2026-08-05T21:30:00Z,391.195,391.195,391.195,391.195,26,10171.07
1785965700000,2026-08-05T21:35:00Z,391.195,391.195,389.935,389.935,101.007478,39401.7141713338
1785966000000,2026-08-05T21:40:00Z,389.935,390.381,389.935,389.946,29,11308.115
1785966300000,2026-08-05T21:45:00Z,389.945,389.945,389.945,389.945,60,23396.7
1785966600000,2026-08-05T21:50:00Z,389.945,390.186,389.945,389.945,607.159139,236761.3611545312
1785966900000,2026-08-05T21:55:00Z,388.3,389.945,388.3,388.3,191.00396,74481.0391822
1785967200000,2026-08-05T22:00:00Z,389.945,389.945,389.945,389.945,294,114643.83
1785967500000,2026-08-05T22:05:00Z,389.945,389.945,389.915,389.944,126,49132.44
1785967800000,2026-08-05T22:10:00Z,389.94,389.94,389.915,389.915,107,41721.2902
1785968100000,2026-08-05T22:15:00Z,389.915,389.915,389.915,389.915,20,7798.3
1785968400000,2026-08-05T22:20:00Z,389.915,389.945,389.915,389.945,124,48351.382
1785968700000,2026-08-05T22:25:00Z,390.015,390.364,389.945,389.945,285,111174.738
1785969000000,2026-08-05T22:30:00Z,390.02,392.134,389.947,392.134,83,32409.4748
1785969300000,2026-08-05T22:35:00Z,392.135,392.894,391.094,392.894,129,50592.2391
1785969600000,2026-08-05T22:40:00Z,392.895,392.895,392.895,392.895,50,19644.75
1785969900000,2026-08-05T22:45:00Z,392.895,392.895,392.895,392.895,138,54219.51
1785970200000,2026-08-05T22:50:00Z,392.895,392.895,392.895,392.895,3,1178.685
1785970500000,2026-08-05T22:55:00Z,392.895,392.895,392.895,392.895,6,2357.37
1785970800000,2026-08-05T23:00:00Z,392.895,392.895,392.895,392.895,4,1571.58
1785971400000,2026-08-05T23:10:00Z,392.895,392.895,392.301,392.301,1,392.895
1785971700000,2026-08-05T23:15:00Z,392.299,392.299,392.291,392.291,1,392.291
1785972000000,2026-08-05T23:20:00Z,392.29,392.29,392.29,392.29,24,9414.96
1785972300000,2026-08-05T23:25:00Z,392.29,392.393,392.29,392.292,179,70227.7144
1785972600000,2026-08-05T23:30:00Z,392.291,392.291,390.397,390.397,29.59748,11580.60895935
1785972900000,2026-08-05T23:35:00Z,390.396,390.396,390.395,390.395,116,45285.82
1785973200000,2026-08-05T23:40:00Z,390.395,390.395,390.395,390.395,35,13663.825
1785973500000,2026-08-05T23:45:00Z,390.395,390.395,389.25,389.25,77,30003.3118
1785973800000,2026-08-05T23:50:00Z,389.25,389.25,389.25,389.25,34,13234.5
1785974100000,2026-08-05T23:55:00Z,389.407,390.195,389.407,390.195,88,34336.544
1785974400000,2026-08-06T00:00:00Z,388.6,388.6,388.6,388.6,1,388.6
1785975300000,2026-08-06T00:15:00Z,389.12,389.12,388.54,388.54,10,3890.1
1785976800000,2026-08-06T00:40:00Z,388.76,388.76,388.46,388.51,86,33411.04
1785977400000,2026-08-06T00:50:00Z,388.01,388.01,388,388.01,7,2716.02
1785977700000,2026-08-06T00:55:00Z,387.93,388,387.38,387.39,106,41118.27
1785978000000,2026-08-06T01:00:00Z,387.4,387.4,386.95,386.95,72,27873.75
1785978300000,2026-08-06T01:05:00Z,386.46,386.46,386.42,386.42,18,6956.2
1785978900000,2026-08-06T01:15:00Z,386.21,386.47,385.54,386.47,194,74904.18
1785979200000,2026-08-06T01:20:00Z,386.45,386.45,382.91,383.01,366,140628.57
1785979500000,2026-08-06T01:25:00Z,383.98,383.98,383.72,383.72,9,3454.26
1785984000000,2026-08-06T02:40:00Z,387.99,389.5,387.99,389.5,44,17099.15
1785984600000,2026-08-06T02:50:00Z,390.37,390.37,390.37,390.37,25,9759.25
1785985800000,2026-08-06T03:10:00Z,389.48,389.9,388.8,388.8,202,78560.33
1785986700000,2026-08-06T03:25:00Z,388.27,388.27,387.88,387.88,5,1940.18
1785987300000,2026-08-06T03:35:00Z,387.77,387.77,387.77,387.77,1,387.77
1785987900000,2026-08-06T03:45:00Z,387.59,388.02,387.59,388.02,30,11637.21
1785989100000,2026-08-06T04:05:00Z,387.87,387.89,387.87,387.89,18,6982
1785989400000,2026-08-06T04:10:00Z,387.89,387.89,387.89,387.89,5,1939.45
1785989700000,2026-08-06T04:15:00Z,387.84,388.19,387.84,388.19,132,51206.31
1785990000000,2026-08-06T04:20:00Z,388.2,388.76,388.2,388.76,55,21361.68
1785990300000,2026-08-06T04:25:00Z,388.76,388.76,388.76,388.76,5,1943.8
1785991500000,2026-08-06T04:45:00Z,388.28,388.73,388.28,388.73,35,13599.32
1785992700000,2026-08-06T05:05:00Z,388.83,388.83,388.74,388.74,10,3888.12
1785993000000,2026-08-06T05:10:00Z,388.76,388.77,388,388,356,138228.73
1785993900000,2026-08-06T05:25:00Z,388.83,388.83,388.83,388.83,5,1944.15
1785994500000,2026-08-06T05:35:00Z,388.51,388.81,388.51,388.81,165,64141.37
1785994800000,2026-08-06T05:40:00Z,388.51,388.51,388.51,388.51,1,388.51
1785995700000,2026-08-06T05:55:00Z,388.42,388.42,387.84,387.84,40,15523.53
1785996000000,2026-08-06T06:00:00Z,388.02,388.06,388.02,388.06,2,776.08
1785996300000,2026-08-06T06:05:00Z,388.18,388.18,388.17,388.17,4,1552.7
1785996600000,2026-08-06T06:10:00Z,387.95,387.95,387.15,387.15,5,1938.95
1785996900000,2026-08-06T06:15:00Z,387.01,387.01,384.33,386.19,212,81810.66
1785997200000,2026-08-06T06:20:00Z,386.42,387.02,386.21,386.21,61,23593.32
1785997800000,2026-08-06T06:30:00Z,386.07,386.07,386.07,386.07,1,386.07
1785998700000,2026-08-06T06:45:00Z,385.01,385.01,385.01,385.01,7,2695.07
1785999300000,2026-08-06T06:55:00Z,385.88,385.88,385.02,385.02,16,6162.04
1785999600000,2026-08-06T07:00:00Z,385.03,386.09,385.03,386.09,103,39753.86
1786001400000,2026-08-06T07:30:00Z,389.14,389.15,387.69,387.7,69,26821.72
1786001700000,2026-08-06T07:35:00Z,389.04,389.13,388.27,389.12,160,62253.61
1786002000000,2026-08-06T07:40:00Z,386.93,386.93,386.93,386.93,11,4256.23
1786002300000,2026-08-06T07:45:00Z,387.72,389,387.72,389,135,52474.61
1786002600000,2026-08-06T07:50:00Z,386.96,386.96,386.96,386.96,50,19348
1786002900000,2026-08-06T07:55:00Z,386.66,386.67,386.66,386.67,4,1546.67
1786003200000,2026-08-06T08:00:00Z,390.195,390.195,382,386.146,3115.895893,1193567.29103285
1786003500000,2026-08-06T08:05:00Z,386.122,386.122,386,386,366,141276.2562
1786003800000,2026-08-06T08:10:00Z,386,386,383.251,385.998,127.268736,48931.8890842
1786004100000,2026-08-06T08:15:00Z,385.999,386,385.999,386,60.003206,23161.237516
1786004400000,2026-08-06T08:20:00Z,386,386,386,386,42,16212
1786004700000,2026-08-06T08:25:00Z,386,386.08,386,386.08,89,34354
1786005000000,2026-08-06T08:30:00Z,386.082,386.095,386.082,386.095,64,24710.08
1786005300000,2026-08-06T08:35:00Z,386.095,386.095,386.095,386.095,15,5791.425
1786005600000,2026-08-06T08:40:00Z,386.079,386.079,386,386,1196.063378,461761.7962177
1786005900000,2026-08-06T08:45:00Z,386.007,386.335,386.001,386.001,48,18532.0704
1786006200000,2026-08-06T08:50:00Z,386,386.235,386,386.235,281,108518.1536
1786006500000,2026-08-06T08:55:00Z,386.285,388.845,386.285,388.845,74,28613.4098
1786006800000,2026-08-06T09:00:00Z,388.845,388.845,386.127,386.127,340,132193.088
1786007100000,2026-08-06T09:05:00Z,386.113,386.24,386.005,386.005,99,38235.4137
1786007400000,2026-08-06T09:10:00Z,386.004,386.004,386,386,28,10808
1786007700000,2026-08-06T09:15:00Z,386.016,386.095,386.016,386.095,4,1544.064
1786008000000,2026-08-06T09:20:00Z,386.095,386.319,386,386,142,54844.8162
1786008300000,2026-08-06T09:25:00Z,386,386,386,386,10,3860
1786008600000,2026-08-06T09:30:00Z,386,386.094,386,386.094,70.00731,27028.23322506
1786008900000,2026-08-06T09:35:00Z,386.095,386.095,386.095,386.095,60,23165.7
1786009200000,2026-08-06T09:40:00Z,386.095,386.095,386.095,386.095,0.019381,7.4829072
1786009500000,2026-08-06T09:45:00Z,386.095,386.095,386.095,386.095,10,3860.95
1786009800000,2026-08-06T09:50:00Z,386.095,386.095,386.095,386.095,13,5019.235
1786010100000,2026-08-06T09:55:00Z,386.095,387.595,386.095,387.595,200,77316.04
1786010400000,2026-08-06T10:00:00Z,387.595,387.595,387.595,387.595,7,2713.165
1786010700000,2026-08-06T10:05:00Z,387.595,387.595,387.595,387.595,62,24030.89
1786011000000,2026-08-06T10:10:00Z,387.595,387.595,387.595,387.595,56,21705.32
1786011300000,2026-08-06T10:15:00Z,387.595,388.085,387.595,388.085,130,50406.148
1786011600000,2026-08-06T10:20:00Z,388.085,388.085,388.085,388.085,2,776.17
1786011900000,2026-08-06T10:25:00Z,388.085,389.624,388.085,389.624,46,17858.5938
1786012200000,2026-08-06T10:30:00Z,389.625,389.625,388.982,388.982,48,18695.712
1786012500000,2026-08-06T10:35:00Z,388.981,388.981,388.975,388.975,316,122916.1
1786012800000,2026-08-06T10:40:00Z,388.975,388.975,388.975,388.975,483,187874.925
1786013100000,2026-08-06T10:45:00Z,388.975,388.975,388.975,388.975,80,31118
1786013400000,2026-08-06T10:50:00Z,388.975,388.975,387.201,387.201,108,41951.574
1786014000000,2026-08-06T11:00:00Z,387.308,389.526,386.7,386.7,877.1706369999999,340149.05418173
1786014300000,2026-08-06T11:05:00Z,386.7,388.559,386.7,388.559,365,141146.96
1786014600000,2026-08-06T11:10:00Z,388.56,388.56,386.745,386.745,40,15495.856
1786014900000,2026-08-06T11:15:00Z,386.745,388.784,386.745,388.784,315,121932.657
1786015200000,2026-08-06T11:20:00Z,388.696,388.696,387.56,387.56,75,29119.545
1786015500000,2026-08-06T11:25:00Z,387.409,387.655,387.155,387.655,49,18984.5943
1786015800000,2026-08-06T11:30:00Z,387.655,388.654,387.655,388.654,196,75992.7476
1786016100000,2026-08-06T11:35:00Z,388.655,391.225,388.655,391.225,78.760691,30641.6323104258
1786016400000,2026-08-06T11:40:00Z,391.225,392.77,390.36,390.36,179,70051.9196
1786016700000,2026-08-06T11:45:00Z,390.396,391.012,390,390,252,98424.542
1786017000000,2026-08-06T11:50:00Z,390,390,390,390,149,58110
1786017300000,2026-08-06T11:55:00Z,390,392.115,390,392.115,44,17227.3024
1786017600000,2026-08-06T12:00:00Z,392.115,392.115,390.273,390.555,98,38320.4696
1786017900000,2026-08-06T12:05:00Z,390.555,390.555,388.625,388.625,256,99943.936
1786018200000,2026-08-06T12:10:00Z,388.625,388.625,387.861,387.861,46,17875.2228
1786018500000,2026-08-06T12:15:00Z,387.86,387.86,386.995,386.995,23,8920.78
1786018800000,2026-08-06T12:20:00Z,386.995,388.384,386.995,387.436,251,97138.4307
1786019100000,2026-08-06T12:25:00Z,387.433,388.385,387.421,387.543,255,98840.2695
1786019400000,2026-08-06T12:30:00Z,387.533,387.96,386.86,386.86,1185.002836,459174.37891597
1786019700000,2026-08-06T12:35:00Z,386.858,387.478,386.801,387.478,29,11228.8087
1786020000000,2026-08-06T12:40:00Z,387.359,387.359,386.755,386.755,51,19738.1781
1786020300000,2026-08-06T12:45:00Z,386.755,386.755,386.755,386.755,94,36354.97
1786020600000,2026-08-06T12:50:00Z,386.706,387.089,386.46,387.089,89,34395.8389
1786020900000,2026-08-06T12:55:00Z,387.114,387.223,386.095,386.095,229,88630.1906
1786021200000,2026-08-06T13:00:00Z,386.095,386.095,386.095,386.095,261.515337,100969.764039015
1786021500000,2026-08-06T13:05:00Z,386.095,386.095,385.87,385.87,398,153580.4856
1786021800000,2026-08-06T13:10:00Z,385.87,385.87,382.045,382.045,615,235150.1085
1786022100000,2026-08-06T13:15:00Z,382.045,382.045,382.045,382.045,168,64183.56
1786022400000,2026-08-06T13:20:00Z,382.045,386.575,382.045,383.001,225,86054.13
1786022700000,2026-08-06T13:25:00Z,383.001,385.197,379.045,385.153,571,219570.056
1786023000000,2026-08-06T13:30:00Z,382.03,385.154,370,372.51,72319.60719099999,27327431.66514532
1786023300000,2026-08-06T13:35:00Z,375.99,378.9,372.68,377.12,37586.297940000004,14144445.57174245
1786023600000,2026-08-06T13:40:00Z,378.78,384.85,378.114,384.85,33157.926408,12647325.08023158
1786023900000,2026-08-06T13:45:00Z,385.11,386.86,382.925,386.35,25945.089803000003,9987917.76739515
1786024200000,2026-08-06T13:50:00Z,384.7,386.948,384.169,385.315,22109.475441,8513041.26759282
1786024500000,2026-08-06T13:55:00Z,384.84,390.02,384.84,390.02,21069.427235,8159875.2336497
1786024800000,2026-08-06T14:00:00Z,390.38,390.567,386.858,388,42333.09463,16431099.61673679
1786025100000,2026-08-06T14:05:00Z,388.168,394.875,388.168,393.772,16220.003491,6333531.9398113435
1786025400000,2026-08-06T14:10:00Z,393.744,395.78,392.714,392.714,64301.951467,25357222.2292467621
1786025700000,2026-08-06T14:15:00Z,392.697,395.6,392.099,393.914,35483.568213,13969330.4701316937
1786026000000,2026-08-06T14:20:00Z,393.893,395.303,392.99,393.154,32832.411319,12939600.2259468199
1786026300000,2026-08-06T14:25:00Z,393.08,393.822,391.988,393.16,50764.936508000006,19939969.56396462
1786026600000,2026-08-06T14:30:00Z,392.4,395.37,391.938,395.3,19342.232776999997,7616300.09210524
1786026900000,2026-08-06T14:35:00Z,395.64,396.3,391.313,391.85,22854.806841999998,9001205.69107381
1786027200000,2026-08-06T14:40:00Z,392.22,393.649,391.22,392.75,18353.154744000003,7204819.03928668
1786027500000,2026-08-06T14:45:00Z,390.84,391.295,386.525,389.12,33271.502298,12928038.14876525
1786027800000,2026-08-06T14:50:00Z,388.83,389.431,387.532,389.06,30673.686801,11913546.46086724
1786028100000,2026-08-06T14:55:00Z,388.33,391.386,387.94,390.95,29599.254811000003,11517588.03391929
1786028400000,2026-08-06T15:00:00Z,390.96,391.42,388.384,389.14,33588.841236,13110910.42050643
1786028700000,2026-08-06T15:05:00Z,389.69,392.935,389.46,391.61,15049.50592,5894482.12230298
1786029000000,2026-08-06T15:10:00Z,392.464,394.181,392.464,393.294,8440.143982000001,3321952.9767369101935939
1786029300000,2026-08-06T15:15:00Z,393.293,394.36,391.709,391.73,12162.550601,4786461.7760185867
1786029600000,2026-08-06T15:20:00Z,391.731,394.209,391.614,393.877,55263.935948,21725004.7917531724
1786029900000,2026-08-06T15:25:00Z,393.897,394.64,393.067,393.681,22148.683866,8720307.9276086758
1786030200000,2026-08-06T15:30:00Z,393.657,394.317,391.064,391.156,26031.274402000003,10235210.1343003605800191
1786030500000,2026-08-06T15:35:00Z,391.142,392.73,390.362,391.134,30449.848603,11926587.4738928794
1786030800000,2026-08-06T15:40:00Z,391.78,392.465,389.515,389.515,27631.296417,10803063.22274732
1786031100000,2026-08-06T15:45:00Z,389.82,392.782,389.757,391.79,27377.936815,10725205.44891003
1786031400000,2026-08-06T15:50:00Z,392.54,393.39,390.08,390.6,23789.573742,9318618.68839357
1786031700000,2026-08-06T15:55:00Z,390.3,391.678,389.495,389.6,18941.576789,7401057.4520274
1786032000000,2026-08-06T16:00:00Z,390,390.116,387.68,388.24,37716.482523,14667785.41561636
1786032300000,2026-08-06T16:05:00Z,388.27,390.294,387.907,389.12,21083.181758,8211722.19601423
1786032600000,2026-08-06T16:10:00Z,389.725,389.8,386.55,386.55,18042.935534,7000985.56432517
1786032900000,2026-08-06T16:15:00Z,386.62,387.02,385.438,386.045,21149.566441,8166475.7449934
1786033200000,2026-08-06T16:20:00Z,386.18,386.381,383.28,385.25,19900.315338,7659448.29069509
1786033500000,2026-08-06T16:25:00Z,384.732,385.27,384.44,384.835,3268.027337,1258183.0714092891
1786033800000,2026-08-06T16:30:00Z,384.788,386.346,384.375,385.077,14937.511298999998,5757155.4695546453291522
1786034100000,2026-08-06T16:35:00Z,385.082,388.11,385.082,388.08,8114.192414,3129363.600509085
1786034400000,2026-08-06T16:40:00Z,388.125,388.87,386.886,387.563,11238.510456,4358701.8436819496
1786034700000,2026-08-06T16:45:00Z,387.553,388.33,386.644,388.297,3117.64861,1208338.339539924
1786035000000,2026-08-06T16:50:00Z,388.69,389.062,387.24,388.04,19601.966922,7616179.59102096
1786035300000,2026-08-06T16:55:00Z,387.69,389.258,387.234,389.075,8886.570527,3449278.80585947
1786035600000,2026-08-06T17:00:00Z,388.71,389.762,388.078,388.28,14251.673891,5542517.30606418
1786035900000,2026-08-06T17:05:00Z,389.05,389.43,387.85,388.39,16604.4005,6453863.14350195
1786036200000,2026-08-06T17:10:00Z,388.74,389.186,388.157,388.355,16454.531716999998,6398091.25836701
1786036500000,2026-08-06T17:15:00Z,387.59,389.044,387.429,388.92,8919.821994,3460621.55504778
1786036800000,2026-08-06T17:20:00Z,389.03,389.312,387.562,387.77,10915.035435,4241364.4693323
1786037100000,2026-08-06T17:25:00Z,387.97,388.94,387.641,387.98,7694.070687,2987040.59475247
1786037400000,2026-08-06T17:30:00Z,387.52,387.982,387.355,387.68,14892.413951999999,5772484.3137282
1786037700000,2026-08-06T17:35:00Z,387.62,387.726,386.942,387.3,8790.357927,3405865.49349841
1786038000000,2026-08-06T17:40:00Z,386.938,387.349,384.949,385.797,28618.573962,11048996.2730247668
1786038300000,2026-08-06T17:45:00Z,385.788,386.27,385.01,385.014,5067.011637,1954768.6974976569
1786038600000,2026-08-06T17:50:00Z,385.013,386.501,385.013,386.241,5521.861289,2127657.6134443149
1786038900000,2026-08-06T17:55:00Z,386.313,386.88,386.1,386.66,13854.362773,5352197.2915281299
1786039200000,2026-08-06T18:00:00Z,386.589,386.808,384.81,385.193,5404.54762,2089284.720856318
1786039500000,2026-08-06T18:05:00Z,385.69,386.205,385.03,385.6,13565.588669,5229173.5872409
1786039800000,2026-08-06T18:10:00Z,385.75,386.116,385.154,385.16,10058.382570000002,3878083.83189452
1786040100000,2026-08-06T18:15:00Z,386.34,387.697,383.615,387.245,57318.320903,22149352.52341567
1786040400000,2026-08-06T18:20:00Z,388.47,388.47,386.751,387.66,19290.117838,7476078.06929528
1786040700000,2026-08-06T18:25:00Z,387.29,387.568,386.184,387.45,16625.701841000002,6429024.23372979
1786041000000,2026-08-06T18:30:00Z,386.73,387.247,385.43,385.43,14927.878425,5774645.25677683
1786041300000,2026-08-06T18:35:00Z,386.18,386.356,385.39,385.595,6415.687446999999,2474608.91969475
1786041600000,2026-08-06T18:40:00Z,385.73,385.907,384.482,385.83,18599.7664,7167178.1852768
1786041900000,2026-08-06T18:45:00Z,385.6,386.616,385.106,385.47,13902.105809,5364026.04103024
1786042200000,2026-08-06T18:50:00Z,385.21,385.83,384.975,385.64,18846.85849,7261958.43221586
1786042500000,2026-08-06T18:55:00Z,386.71,387.397,385.696,387.08,25643.973530000003,9916529.69284571
1786042800000,2026-08-06T19:00:00Z,386.797,389.72,386.751,389.19,13136.159596,5098085.2491736568
1786043100000,2026-08-06T19:05:00Z,389.162,389.162,386.73,388.226,37632.874014,14604592.1358828718
1786043400000,2026-08-06T19:10:00Z,388.278,388.991,387.178,387.351,8032.763558,3121246.0579367548
1786043700000,2026-08-06T19:15:00Z,387.72,387.986,387.199,387.49,10713.390534,4152945.13463408
1786044000000,2026-08-06T19:20:00Z,388.23,388.437,385.9,386.16,33307.124257,12890869.62403641
1786044300000,2026-08-06T19:25:00Z,386.18,387.88,386.18,386.73,36166.566537,13993958.52341464
1786044600000,2026-08-06T19:30:00Z,387.01,387.708,385.59,386.99,27346.839142,10584293.27468054
1786044900000,2026-08-06T19:35:00Z,387.3,387.541,386.891,386.975,17884.858336,6926725.15167029
1786045200000,2026-08-06T19:40:00Z,386.77,387.172,386.5,386.72,18398.476702,7117237.28983896
1786045500000,2026-08-06T19:45:00Z,386.78,387.483,386.69,387.45,28313.136303,10957662.24126452
1786045800000,2026-08-06T19:50:00Z,387.38,388.28,386.74,387.66,60599.423424,23486882.13298022
1786046100000,2026-08-06T19:55:00Z,385.49,385.49,383.88,384.42,13503,5194145.58
1786046400000,2026-08-06T20:00:00Z,384.789,386.6,384.081,386.005,459200.52474100003,176712576.65429492
1786046700000,2026-08-06T20:05:00Z,386.013,386.054,384.595,384.595,759,292775.7492
1786047000000,2026-08-06T20:10:00Z,384.595,384.595,384.595,384.595,94.984456,36530.54685532
1786047300000,2026-08-06T20:15:00Z,384.595,385.79,384.595,385.79,0,0
1786047600000,2026-08-06T20:20:00Z,385.788,385.788,385.785,385.785,40,15431.4
1786047900000,2026-08-06T20:25:00Z,385.554,385.554,383.65,383.65,315.267309,121216.4025225993
1786048200000,2026-08-06T20:30:00Z,383.65,383.793,383.65,383.793,616.743094,236655.118171945
1786048500000,2026-08-06T20:35:00Z,383.794,383.795,383.794,383.795,68,26098.0464
1786048800000,2026-08-06T20:40:00Z,383.795,383.8,383.795,383.8,33,12665.3406
1786049100000,2026-08-06T20:45:00Z,383.8,383.8,383.8,383.8,176,67548.8
1786049400000,2026-08-06T20:50:00Z,383.8,383.8,383.8,383.8,54,20725.2
1786049700000,2026-08-06T20:55:00Z,383.8,383.8,383.8,383.8,32,12281.6
1786050000000,2026-08-06T21:00:00Z,383.8,383.8,383.8,383.8,16,6140.8
1786050300000,2026-08-06T21:05:00Z,383.892,384.905,383.892,384.905,1203,462786.6414
1786050600000,2026-08-06T21:10:00Z,384.905,384.905,384.905,384.905,2,769.81
1786050900000,2026-08-06T21:15:00Z,384.905,384.905,384.905,384.905,2,769.81
1786051200000,2026-08-06T21:20:00Z,384.905,384.905,384.905,384.905,248,95456.44
1786051500000,2026-08-06T21:25:00Z,384.905,384.905,384.905,384.905,50,19245.25
1786051800000,2026-08-06T21:30:00Z,384.905,384.905,384.905,384.905,79,30407.495
1786052100000,2026-08-06T21:35:00Z,384.905,384.905,384.905,384.905,60,23094.3
1786052700000,2026-08-06T21:45:00Z,384.905,384.905,384.905,384.905,9,3464.145
1786053000000,2026-08-06T21:50:00Z,384.905,384.905,384.905,384.905,6,2309.43
1786053600000,2026-08-06T22:00:00Z,384.905,384.905,384.905,384.905,71.973036,27702.78142158
1786053900000,2026-08-06T22:05:00Z,385.742,389.999,385.742,389.93,17.655616000000002,6876.23036095
1786054200000,2026-08-06T22:10:00Z,389.93,389.93,386.501,388.661,170,65877.363
1786054500000,2026-08-06T22:15:00Z,388.726,389.055,388.726,389.055,15,5835.825
1786054800000,2026-08-06T22:20:00Z,389.055,389.055,389.055,389.055,5,1945.275
1786055100000,2026-08-06T22:25:00Z,389.055,389.055,389.055,389.055,14,5446.77
1786055400000,2026-08-06T22:30:00Z,389.055,389.055,389.055,389.055,44,17118.42
1786055700000,2026-08-06T22:35:00Z,389.055,389.055,388.06,388.06,10,3890.55
1786056000000,2026-08-06T22:40:00Z,388.077,388.155,387.975,387.975,4,1552.616
1786056300000,2026-08-06T22:45:00Z,387.975,388.46,387.975,388.258,8,3103.962
1786056600000,2026-08-06T22:50:00Z,388.26,388.26,388.26,388.26,200,77652
1786057200000,2026-08-06T23:00:00Z,388.26,388.26,388.161,388.161,3,1164.78
1786057500000,2026-08-06T23:05:00Z,388.16,388.16,388.16,388.16,192,74526.72
1786057800000,2026-08-06T23:10:00Z,388.16,388.16,388.16,388.16,24,9315.84
1786058100000,2026-08-06T23:15:00Z,388.16,388.16,388.16,388.16,9,3493.44
1786058400000,2026-08-06T23:20:00Z,388.16,389.365,388.16,389.365,41,15941.6733
1786058700000,2026-08-06T23:25:00Z,389.365,389.365,389.365,389.365,76,29591.74
1786059000000,2026-08-06T23:30:00Z,389.365,389.365,389.365,389.365,162.546081,63289.75482857
1786059300000,2026-08-06T23:35:00Z,389.365,389.365,389.365,389.365,47,18300.155
1786059600000,2026-08-06T23:40:00Z,389.365,389.365,389.365,389.365,129,50228.085
1786059900000,2026-08-06T23:45:00Z,389.365,389.365,389.365,389.365,22,8566.03
1786060200000,2026-08-06T23:50:00Z,389.365,389.365,387.326,387.326,0,0
1786060500000,2026-08-06T23:55:00Z,387.325,387.325,387.325,387.325,1,387.325
1786062300000,2026-08-07T00:25:00Z,386.43,386.43,386.43,386.43,3,1159.29
1786062900000,2026-08-07T00:35:00Z,387.78,388.16,387.75,387.76,112,43469.16
1786063500000,2026-08-07T00:45:00Z,387.8,387.8,387.8,387.8,1,387.8
1786063800000,2026-08-07T00:50:00Z,388.21,388.21,388.21,388.21,3,1164.63
1786065000000,2026-08-07T01:10:00Z,388.2,388.2,388.2,388.2,1,388.2
1786065300000,2026-08-07T01:15:00Z,386.64,386.64,386.63,386.63,2,773.27
1786065600000,2026-08-07T01:20:00Z,386.46,386.46,386.46,386.46,5,1932.3
1786066200000,2026-08-07T01:30:00Z,387.93,387.93,387.93,387.93,6,2327.58
1786067100000,2026-08-07T01:45:00Z,387.87,387.87,387.87,387.87,48,18617.76
1786067400000,2026-08-07T01:50:00Z,386.67,386.67,386.44,386.44,3,1159.55
1786067700000,2026-08-07T01:55:00Z,386.62,386.62,386.46,386.46,4,1546
1786068000000,2026-08-07T02:00:00Z,386.6,386.6,386.6,386.6,1,386.6
1786068300000,2026-08-07T02:05:00Z,386.63,386.63,386.45,386.45,9,3478.31
1786069800000,2026-08-07T02:30:00Z,388.27,388.28,388.27,388.28,2,776.55
1786070700000,2026-08-07T02:45:00Z,386.46,386.46,386.46,386.46,5,1932.3
1786072500000,2026-08-07T03:15:00Z,386.99,386.99,386.99,386.99,10,3869.9
1786075200000,2026-08-07T04:00:00Z,387.1,387.12,387.1,387.12,25,9677.86
1786076100000,2026-08-07T04:15:00Z,387.12,387.12,386.46,386.46,53,20498.88
1786077300000,2026-08-07T04:35:00Z,386.55,386.55,386.55,386.55,11,4252.05
1786078200000,2026-08-07T04:50:00Z,386.7,387.1,386.55,386.55,404,156255.31
1786079700000,2026-08-07T05:15:00Z,387.09,387.1,387.09,387.1,425,164515.19
1786080000000,2026-08-07T05:20:00Z,387.11,387.11,387.11,387.11,1,387.11
1786080300000,2026-08-07T05:25:00Z,387.5,387.5,387.5,387.5,1,387.5
1786082400000,2026-08-07T06:00:00Z,388.08,388.08,387.68,387.68,7,2716.16
1786082700000,2026-08-07T06:05:00Z,387.68,387.68,387.51,387.51,20,7753.07
1786083600000,2026-08-07T06:20:00Z,388.62,388.62,388.62,388.62,6,2331.72
1786084200000,2026-08-07T06:30:00Z,388.5,388.5,388.5,388.5,15,5827.5
1786084500000,2026-08-07T06:35:00Z,388.36,388.73,388.35,388.73,15,5826.08
1786084800000,2026-08-07T06:40:00Z,388.33,388.33,388.26,388.26,14,5435.85
1786086000000,2026-08-07T07:00:00Z,388.67,388.67,388.67,388.67,6,2332.02
1786086300000,2026-08-07T07:05:00Z,389,389.26,388.99,389.26,68,26457.25
1786087500000,2026-08-07T07:25:00Z,389.74,390.61,389.74,390.6,104,40605.89
1786088100000,2026-08-07T07:35:00Z,391.2,391.2,391.2,391.2,15,5868
1786088700000,2026-08-07T07:45:00Z,388.86,388.95,388.69,388.72,43,16719.03
1786089000000,2026-08-07T07:50:00Z,388.9,388.9,388.79,388.79,9,3499.42
1786089300000,2026-08-07T07:55:00Z,389.02,389.02,389,389,39,15171.26
1786089600000,2026-08-07T08:00:00Z,387.325,392.013,387.325,391.05,1723.256038,674585.63630988
1786089900000,2026-08-07T08:05:00Z,391.05,391.05,391.05,391.05,42,16424.1
1786090200000,2026-08-07T08:10:00Z,391.05,391.05,391.05,391.05,40,15642
1786090500000,2026-08-07T08:15:00Z,391.05,391.05,390.775,391.049,111.029798,43396.26301982
1786090800000,2026-08-07T08:20:00Z,391.05,391.05,391.05,391.05,15,5865.75
1786091100000,2026-08-07T08:25:00Z,391.05,391.05,391.05,391.05,39,15250.95
1786091400000,2026-08-07T08:30:00Z,391.05,391.05,391.05,391.05,9,3519.45
1786091700000,2026-08-07T08:35:00Z,391.05,391.05,390.775,390.775,690.208526,269870.77443662
1786092000000,2026-08-07T08:40:00Z,390.775,390.775,390.775,390.775,40.798525,15943.04360688
1786092300000,2026-08-07T08:45:00Z,390.775,390.775,390.775,390.775,289,112933.975
1786092600000,2026-08-07T08:50:00Z,390.775,390.775,390.775,390.775,15,5861.625
1786092900000,2026-08-07T08:55:00Z,390.775,390.775,390.775,390.775,294,114887.85
1786093200000,2026-08-07T09:00:00Z,390.775,390.775,390.775,390.775,2,781.55
1786093500000,2026-08-07T09:05:00Z,390.775,390.775,390.775,390.775,2,781.55
1786093800000,2026-08-07T09:10:00Z,390.775,390.775,390.775,390.775,30,11723.25
1786094100000,2026-08-07T09:15:00Z,390.775,390.775,390.775,390.775,198,77373.45
1786094400000,2026-08-07T09:20:00Z,390.775,390.775,390.775,390.775,11,4298.525
1786094700000,2026-08-07T09:25:00Z,390.775,390.775,390.775,390.775,10,3907.75
1786095000000,2026-08-07T09:30:00Z,390.821,391.049,390.821,391.049,115,44945.7835
1786095300000,2026-08-07T09:35:00Z,391.05,391.05,391.05,391.05,62,24245.1
1786095600000,2026-08-07T09:40:00Z,391.05,391.05,391.05,391.05,248,96980.4
1786095900000,2026-08-07T09:45:00Z,391.05,391.05,391.05,391.05,25,9776.25
1786096200000,2026-08-07T09:50:00Z,391.05,391.05,391.05,391.05,12,4692.6
1786096500000,2026-08-07T09:55:00Z,391.05,391.05,391.05,391.05,67,26200.35
1786096800000,2026-08-07T10:00:00Z,391.05,391.05,391.05,391.05,54,21116.7
1786097100000,2026-08-07T10:05:00Z,391.05,391.05,391.05,391.05,306,119661.3
1786097700000,2026-08-07T10:15:00Z,391.05,391.05,391.05,391.05,429,167760.45
1786098000000,2026-08-07T10:20:00Z,391.05,391.05,389.535,389.535,114,44579.7
1786098300000,2026-08-07T10:25:00Z,389.538,390.585,389.538,390.585,0,0
1786098600000,2026-08-07T10:30:00Z,390.585,390.585,390.585,390.585,0,0
1786099200000,2026-08-07T10:40:00Z,390.585,390.939,390.585,390.939,2,781.17
1786099500000,2026-08-07T10:45:00Z,390.939,390.94,390.939,390.94,60,23456.364
1786099800000,2026-08-07T10:50:00Z,390.94,390.94,390.658,390.658,6,2345.64
1786100100000,2026-08-07T10:55:00Z,390.647,390.647,390.59,390.59,242,94522.78
1786100400000,2026-08-07T11:00:00Z,390.59,390.95,390.59,390.95,321,125455.4349
1786100700000,2026-08-07T11:05:00Z,390.95,390.95,390.95,390.95,11,4300.45
1786101000000,2026-08-07T11:10:00Z,390.95,391.999,390.95,391.999,152,59434.888
1786101300000,2026-08-07T11:15:00Z,392,392,392,392,13,5096
1786101600000,2026-08-07T11:20:00Z,392,392,392,392,55.10972,21603.01024
1786101900000,2026-08-07T11:25:00Z,392,392,392,392,54,21168
1786102200000,2026-08-07T11:30:00Z,392,392,392,392,180,70560
1786102500000,2026-08-07T11:35:00Z,392,392,392,392,185,72520
1786102800000,2026-08-07T11:40:00Z,392,392,392,392,56,21952
1786103100000,2026-08-07T11:45:00Z,392,392,391.865,391.865,795.808782,311867.83237954
1786103400000,2026-08-07T11:50:00Z,391.865,391.865,391.865,391.865,106,41537.69
1786103700000,2026-08-07T11:55:00Z,391.865,391.865,390.39,390.39,50,19593.005
1786104000000,2026-08-07T12:00:00Z,390.499,392.52,390.499,392.52,166,65069.5764
1786104300000,2026-08-07T12:05:00Z,392.52,392.52,392.52,392.52,441,173101.32
1786104600000,2026-08-07T12:10:00Z,392.52,392.52,391.865,391.865,76,29790.8068
1786104900000,2026-08-07T12:15:00Z,391.865,391.994,391.865,391.994,110,43105.524
1786105200000,2026-08-07T12:20:00Z,392.078,392.518,392.078,392.518,202,79228.0966
1786105500000,2026-08-07T12:25:00Z,392.519,392.519,392.496,392.518,457,179374.0081
1786105800000,2026-08-07T12:30:00Z,392.519,395.36,392.519,395.36,2044.00278,804730.4352949
1786106100000,2026-08-07T12:35:00Z,395.36,397.301,395.36,397.301,1010.002725,399967.44211717
1786106400000,2026-08-07T12:40:00Z,397.358,399.04,397.358,399.04,287.05735,114145.456128933
1786106700000,2026-08-07T12:45:00Z,399.04,402.499,399.04,402.499,679,271127.6197
1786107000000,2026-08-07T12:50:00Z,402.499,404.999,400.251,404.999,3244.040791,1307094.2866633176
1786107300000,2026-08-07T12:55:00Z,405,405,399.645,404.499,2513,1005733.682
1786107600000,2026-08-07T13:00:00Z,404.499,404.5,400.151,400.642,494.013264,198304.087361928
1786107900000,2026-08-07T13:05:00Z,400.644,400.645,400.15,400.15,698,279539.1582
1786108200000,2026-08-07T13:10:00Z,400.15,400.15,399.684,399.684,1319,527738.6136
1786108500000,2026-08-07T13:15:00Z,399.678,400.05,399,400.05,294,117453.6468
1786108800000,2026-08-07T13:20:00Z,400.05,400.05,399.057,400.05,925,370031.664
1786109100000,2026-08-07T13:25:00Z,400.05,400.05,394.064,397.166,1599.228221,637802.28002535
1786109400000,2026-08-07T13:30:00Z,395.01,397.45,393.042,393.18,121229.66889500001,47976641.46519625
1786109700000,2026-08-07T13:35:00Z,390.41,393.728,388.559,390.48,44987.756497,17567840.37902104
1786110000000,2026-08-07T13:40:00Z,388.27,392.55,387.39,391.99,56841.52413400001,22149271.8688758
1786110300000,2026-08-07T13:45:00Z,391.49,392.192,387.825,388.61,68057.947498,26520555.5550254
1786110600000,2026-08-07T13:50:00Z,388.59,390.09,386.784,387.11,48752.627083,18945095.3749963
1786110900000,2026-08-07T13:55:00Z,386.715,387.29,379.56,380.47,72814.203862,27845323.86551098
1786111200000,2026-08-07T14:00:00Z,380.3,380.82,375.635,375.8,119417.50498900001,45129499.21341095
1786111500000,2026-08-07T14:05:00Z,375.39,378.7,375.356,375.67,85710.361895,32327994.31054279
1786111800000,2026-08-07T14:10:00Z,376.45,376.705,373.29,373.98,34738.400797,13011816.88524894
1786112100000,2026-08-07T14:15:00Z,374.2,379.06,372.8,379.06,57768.548784,21709726.80633576
1786112400000,2026-08-07T14:20:00Z,378.757,379.938,376.577,377.055,59796.865372,22640778.189991936
1786112700000,2026-08-07T14:25:00Z,377.087,382.265,377.087,380.017,20455.526748,7772463.323429348
1786113000000,2026-08-07T14:30:00Z,379.938,379.938,376.983,377.271,11596.464405,4394915.4714584745
1786113300000,2026-08-07T14:35:00Z,377.275,378.03,376.07,376.078,9656.019504,3640895.6136346336
1786113600000,2026-08-07T14:40:00Z,375.735,377.26,373.492,374.27,25304.080757000003,9498481.35803774
1786113900000,2026-08-07T14:45:00Z,373.8,376.814,373.604,376.29,30278.682607,11370629.37611323
1786114200000,2026-08-07T14:50:00Z,376.47,377.251,374.785,375.36,56733.29257399999,21305427.8000452
1786114500000,2026-08-07T14:55:00Z,375.85,377.67,375.53,376.8,31976.572122999998,12040966.89469117
1786114800000,2026-08-07T15:00:00Z,376.82,379.095,376.625,378.93,27908.194755,10546931.00247478
1786115100000,2026-08-07T15:05:00Z,379.1,381.385,378.828,380.47,40110.04332599999,15252537.87846104
1786115400000,2026-08-07T15:10:00Z,380.44,382.201,380.431,380.54,24227.913822,9236257.37329536
1786115700000,2026-08-07T15:15:00Z,379.52,381.896,379.24,381.55,44671.507988,16987770.40069262
1786116000000,2026-08-07T15:20:00Z,381.36,383.266,380.9,383.16,40959.788533,15657292.86060343
1786116300000,2026-08-07T15:25:00Z,383.56,384.942,383.12,383.41,41452.168978999995,15917421.48187421
1786116600000,2026-08-07T15:30:00Z,383.861,385.47,383.861,385.092,25443.494968,9788820.1498507168
1786116900000,2026-08-07T15:35:00Z,385.084,385.13,382.15,382.38,16171.682977,6210959.9111026258
1786117200000,2026-08-07T15:40:00Z,382.39,383.371,380.347,381.128,13143.549394,5028826.4314782208
1786117500000,2026-08-07T15:45:00Z,381.129,383.203,380.79,383.17,33409.940508,12750435.2681707828
1786117800000,2026-08-07T15:50:00Z,383.128,383.66,381.54,382.11,13265.74283,5083535.154223977
1786118100000,2026-08-07T15:55:00Z,382.84,383.117,382.128,382.855,14844.792078999999,5680567.51611846
1786118400000,2026-08-07T16:00:00Z,382.84,383.3,382.34,383.09,15924.909336,6095937.44949171
1786118700000,2026-08-07T16:05:00Z,384.07,385.113,383.307,384.06,32048.349673000004,12316030.15209044
1786119000000,2026-08-07T16:10:00Z,384.2,384.525,383.1,383.1,14531.344250999999,5578754.52782106
1786119300000,2026-08-07T16:15:00Z,383.11,384.03,382.822,383.1,16148.607784000002,6190303.95682874
1786119600000,2026-08-07T16:20:00Z,383.18,383.68,381.129,382,19084.526261,7302997.4177392
1786119900000,2026-08-07T16:25:00Z,380.995,381.765,379.71,380.52,46742.667824000004,17795840.44835259
1786120200000,2026-08-07T16:30:00Z,380.835,381.661,378.767,381.34,24043.424657,9130673.24352314
1786120500000,2026-08-07T16:35:00Z,380.96,381.624,380.39,380.9,47760.519551,18190506.09692177
1786120800000,2026-08-07T16:40:00Z,381.725,381.725,380.576,381.21,13204.935164,5030882.22345654
1786121100000,2026-08-07T16:45:00Z,381.267,381.905,381.168,381.838,7309.19175,2787893.46382235
1786121400000,2026-08-07T16:50:00Z,381.845,382.265,380.45,380.623,3154.891142,1204646.2166576604
1786121700000,2026-08-07T16:55:00Z,380.622,381.943,380.617,381.085,11424.27476,4354748.1350775
1786122000000,2026-08-07T17:00:00Z,381.08,381.52,380.597,381.296,2976,1134193.71
1786122300000,2026-08-07T17:05:00Z,381.5,382.811,381.316,382.38,13780.270004999998,5266204.59586878
1786122600000,2026-08-07T17:10:00Z,382.65,382.694,380.86,380.86,44411.12035800001,16970079.75669257
1786122900000,2026-08-07T17:15:00Z,380.66,382.783,380.66,382.29,10544.996415000001,4026077.52224772
1786123200000,2026-08-07T17:20:00Z,382.85,383.126,381.779,382.02,16797.63308,6428679.26799927
1786123500000,2026-08-07T17:25:00Z,381.71,382.26,381.71,382.07,14651.829351999999,5597439.83252749
1786123800000,2026-08-07T17:30:00Z,381.9,382.1,381.26,381.67,17334.077919,6618440.42857545
1786124100000,2026-08-07T17:35:00Z,381.66,381.882,381.145,381.65,9262.512547999999,3534303.39669914
1786124400000,2026-08-07T17:40:00Z,381.49,381.664,380.53,381.06,13485.086814000002,5137950.22998478
1786124700000,2026-08-07T17:45:00Z,380.94,381.624,380.94,381.065,20979.591797,7999379.88689024
1786125000000,2026-08-07T17:50:00Z,381.33,381.33,380.613,380.75,12534.166672,4773718.84911457
1786125300000,2026-08-07T17:55:00Z,380.66,382.014,380.66,381.325,22440.903485000003,8558341.22024282
1786125600000,2026-08-07T18:00:00Z,381.44,381.65,380.763,381.18,23109.659304,8812159.10903977
1786125900000,2026-08-07T18:05:00Z,381.18,381.902,380.68,381.763,15478.935839,5899769.5804272087
1786126200000,2026-08-07T18:10:00Z,381.764,381.907,379.84,380.68,6481.270418,2473653.4913306958
1786126500000,2026-08-07T18:15:00Z,380.242,381.238,380.242,380.942,3138.0652259999997,1194509.1878957548858298
1786126800000,2026-08-07T18:20:00Z,380.939,381.228,380.418,380.575,2662.697043,1014661.0096439668
1786127100000,2026-08-07T18:25:00Z,380.53,380.615,379.81,379.88,18266.463073,6945102.88486317
1786127400000,2026-08-07T18:30:00Z,379.95,381.089,379.725,380.14,18659.053249999997,7097489.62531785
1786127700000,2026-08-07T18:35:00Z,380.14,380.308,379.41,379.695,20530.252523,7798939.94230089
1786128000000,2026-08-07T18:40:00Z,379.7,379.74,379.22,379.22,15214.906437,5774627.55183289
1786128300000,2026-08-07T18:45:00Z,379.15,379.738,378.9,379.68,30461.672469999998,11554228.12222639
1786128600000,2026-08-07T18:50:00Z,379.945,379.946,379.36,379.45,15008.388506000001,5698518.52261578
1786128900000,2026-08-07T18:55:00Z,379.48,380.15,378.82,380.15,32086.007339000003,12168566.94570401
1786129200000,2026-08-07T19:00:00Z,380.44,381.035,379.974,380.24,48611.723086,18494174.49055482
1786129500000,2026-08-07T19:05:00Z,380.34,381.43,380.34,380.855,81338.93193600001,30985073.78604958
1786129800000,2026-08-07T19:10:00Z,380.77,381.095,379.735,379.735,50271.223219,19139737.68055826
1786130100000,2026-08-07T19:15:00Z,379.76,380.879,379.52,379.52,31474.156693999998,11965397.95889986
1786130400000,2026-08-07T19:20:00Z,379.51,380.239,378.32,378.32,33927.710547,12873157.28513766
1786130700000,2026-08-07T19:25:00Z,378.423,379.12,378.31,378.699,26083.36283,9873827.644330017
1786131000000,2026-08-07T19:30:00Z,378.697,378.697,376.215,376.427,49359.632837,18616225.9671119659
1786131300000,2026-08-07T19:35:00Z,376.3,376.755,375.99,375.99,32111.425035,12085427.02589007
1786131600000,2026-08-07T19:40:00Z,375.98,376.006,374.412,374.45,55239.458499,20721237.85798598
1786131900000,2026-08-07T19:45:00Z,374.27,374.67,373.63,373.835,75296.816143,28164450.30197974
1786132200000,2026-08-07T19:50:00Z,374.05,379.61,373.846,379.61,101242.045415,38080099.67251216
1786132500000,2026-08-07T19:55:00Z,379.46,379.8,379.04,379.135,4299,1630841.52
1786132800000,2026-08-07T20:00:00Z,379.159,381,379.105,381,704741.830742,267368831.82696904
1786133100000,2026-08-07T20:05:00Z,381,381,380.775,380.775,353.807131,134779.21772171
1786133400000,2026-08-07T20:10:00Z,380.775,380.775,380.541,380.775,1231.249174,468828.41173018
1786133700000,2026-08-07T20:15:00Z,380.775,380.775,380.775,380.775,540.929785,205972.53888338
1786134000000,2026-08-07T20:20:00Z,380.776,380.78,379.505,379.505,510,193671.429
1786134300000,2026-08-07T20:25:00Z,379.672,380.505,379.031,379.031,101,38430.1263
1786134600000,2026-08-07T20:30:00Z,379.03,379.03,379.03,379.03,1013.007062,383960.06670986
1786134900000,2026-08-07T20:35:00Z,379.03,379.03,379.03,379.03,0,0
1786135200000,2026-08-07T20:40:00Z,379.03,379.03,379.03,379.03,102,38661.06
1786135500000,2026-08-07T20:45:00Z,379.03,379.03,379.03,379.03,0,0
1786135800000,2026-08-07T20:50:00Z,379.03,379.03,379.03,379.03,31,11749.93
1786136100000,2026-08-07T20:55:00Z,379.03,379.03,379.03,379.03,134,50790.02
1786136400000,2026-08-07T21:00:00Z,379.03,379.03,379.03,379.03,9,3411.27
1786136700000,2026-08-07T21:05:00Z,379.03,379.03,379.03,379.03,19,7201.57
1786137000000,2026-08-07T21:10:00Z,379.03,379.03,379.03,379.03,27,10233.81
1786137300000,2026-08-07T21:15:00Z,379.03,379.03,379.03,379.03,7,2653.21
1786137600000,2026-08-07T21:20:00Z,379.03,379.03,379.03,379.03,104,39419.12
1786137900000,2026-08-07T21:25:00Z,379.03,379.03,379.03,379.03,100.904384,38245.78866752
1786138200000,2026-08-07T21:30:00Z,379.03,379.03,379.03,379.03,68,25774.04
1786138500000,2026-08-07T21:35:00Z,379.03,379.03,379.03,379.03,25,9475.75
1786138800000,2026-08-07T21:40:00Z,379.03,379.03,379.03,379.03,2908,1102219.24
1786139100000,2026-08-07T21:45:00Z,379.03,379.03,379.03,379.03,0,0
1786139400000,2026-08-07T21:50:00Z,379.03,379.03,379.03,379.03,0,0
1786139700000,2026-08-07T21:55:00Z,379.03,379.03,379.03,379.03,49,18572.47
1786140000000,2026-08-07T22:00:00Z,379.03,379.03,379.03,379.03,21,7959.63
1786140600000,2026-08-07T22:10:00Z,379.03,379.03,379.03,379.03,59,22362.77
1786140900000,2026-08-07T22:15:00Z,379.03,379.03,379.03,379.03,17,6443.51
1786141200000,2026-08-07T22:20:00Z,379.03,379.03,379.03,379.03,102,38661.06
1786141500000,2026-08-07T22:25:00Z,379.03,379.03,379.03,379.03,107,40556.21
1786141800000,2026-08-07T22:30:00Z,379.03,379.03,379.03,379.03,1,379.03
1786142100000,2026-08-07T22:35:00Z,379.03,379.03,379.03,379.03,57,21604.71
1786142400000,2026-08-07T22:40:00Z,379.03,379.03,379.03,379.03,17,6443.51
1786142700000,2026-08-07T22:45:00Z,379.199,380.045,379.199,380.045,50,19002.2
1786143000000,2026-08-07T22:50:00Z,380.045,380.045,380.045,380.045,0,0
1786143300000,2026-08-07T22:55:00Z,380.045,380.045,380.045,380.045,0,0
1786143600000,2026-08-07T23:00:00Z,380.045,380.045,380.045,380.045,0,0
1786143900000,2026-08-07T23:05:00Z,380.045,380.045,380.045,380.045,0,0
1786144200000,2026-08-07T23:10:00Z,380.045,380.045,380.045,380.045,1,380.045
1786144500000,2026-08-07T23:15:00Z,380.045,380.045,380.045,380.045,72,27363.24
1786144800000,2026-08-07T23:20:00Z,380.045,380.045,380.045,380.045,17,6460.765
1786145100000,2026-08-07T23:25:00Z,380.045,380.045,380.045,380.045,42,15961.89
1786145400000,2026-08-07T23:30:00Z,380.052,380.09,380.052,380.09,7.185529,2730.95658254
1786145700000,2026-08-07T23:35:00Z,380.09,380.09,380.09,380.09,28.10972,10684.2234748
1786146000000,2026-08-07T23:40:00Z,380.09,381.198,380.09,381.198,107,40715.9931
1786146300000,2026-08-07T23:45:00Z,381.199,381.199,381.199,381.199,44,16772.756
1786146600000,2026-08-07T23:50:00Z,381.2,381.2,381.2,381.2,107,40788.4
1786146900000,2026-08-07T23:55:00Z,381.2,381.2,381.2,381.2,13,4955.6
1786320000000,2026-08-10T00:00:00Z,381.97,382.21,381.97,382.21,73,27885.8
1786320300000,2026-08-10T00:05:00Z,381.99,382.98,381.84,382.98,223,85349.54
1786320600000,2026-08-10T00:10:00Z,384.13,384.13,383.89,383.91,36,13825.88
1786320900000,2026-08-10T00:15:00Z,383.16,383.64,382.01,382.01,288,110124.36
1786321200000,2026-08-10T00:20:00Z,381.99,382.42,381.75,381.84,118,45062.96
1786321500000,2026-08-10T00:25:00Z,381.92,381.92,381.75,381.75,5,1909.17
1786322100000,2026-08-10T00:35:00Z,382.01,382.01,380.76,380.96,65,24794.11
1786322400000,2026-08-10T00:40:00Z,380.66,380.86,380.39,380.39,83,31589.21
1786323000000,2026-08-10T00:50:00Z,380.58,380.58,380.42,380.42,5,1902.42
1786323300000,2026-08-10T00:55:00Z,381.99,381.99,380.39,380.53,116,44133.07
1786323900000,2026-08-10T01:05:00Z,380.5,380.51,380.49,380.49,101,38430.3
1786324200000,2026-08-10T01:10:00Z,381.51,381.51,381.51,381.51,100,38151
1786324500000,2026-08-10T01:15:00Z,382.09,382.09,382.09,382.09,1,382.09
1786325100000,2026-08-10T01:25:00Z,382.12,382.12,382.11,382.11,21,8024.38
1786325400000,2026-08-10T01:30:00Z,382.12,382.12,380.99,381.18,21,8017.11
1786326000000,2026-08-10T01:40:00Z,381.67,382.11,381.66,382.11,110,42027.69
1786326900000,2026-08-10T01:55:00Z,382.29,382.78,382.2,382.78,44,16824.82
1786327200000,2026-08-10T02:00:00Z,382.85,382.99,382.21,382.49,82,31384.11
1786327800000,2026-08-10T02:10:00Z,382.78,383.2,382.59,383.2,107,40978.69
1786328100000,2026-08-10T02:15:00Z,382.59,382.59,381.77,381.77,54,20633.96
1786328400000,2026-08-10T02:20:00Z,383,383,381.52,381.52,53,20258.2
1786329000000,2026-08-10T02:30:00Z,381.5,381.5,381.5,381.5,15,5722.5
1786329300000,2026-08-10T02:35:00Z,381.59,381.59,381.55,381.55,26,9921.26
1786334100000,2026-08-10T03:55:00Z,383.06,383.19,383.06,383.19,6,2298.61
1786335000000,2026-08-10T04:10:00Z,382.39,382.39,382.2,382.2,2,764.59
1786335600000,2026-08-10T04:20:00Z,383.12,383.12,382.61,382.61,6,2296.68
1786336500000,2026-08-10T04:35:00Z,382.83,382.84,382.83,382.83,416,159261.28
1786336800000,2026-08-10T04:40:00Z,382.6,382.6,382.22,382.28,3,1147.1
1786337100000,2026-08-10T04:45:00Z,382.32,382.32,382.26,382.26,97,37080.21
1786337400000,2026-08-10T04:50:00Z,382.26,382.51,382.26,382.5,22,8412.25
1786337700000,2026-08-10T04:55:00Z,382.24,382.24,381.61,381.61,66,25218.76
1786338000000,2026-08-10T05:00:00Z,381.93,381.93,381.22,381.22,45,17175.43
1786338300000,2026-08-10T05:05:00Z,382.38,382.51,382.1,382.51,145,55460.7
1786338600000,2026-08-10T05:10:00Z,382.39,382.39,382.07,382.07,95,36302.38
1786339800000,2026-08-10T05:30:00Z,382.71,382.71,382.71,382.71,3,1148.13
1786340400000,2026-08-10T05:40:00Z,382.7,382.7,382.7,382.7,20,7654
1786341000000,2026-08-10T05:50:00Z,382.94,383.43,382.94,383.43,13,4980.31
1786341600000,2026-08-10T06:00:00Z,383.45,383.91,383.45,383.91,79,30310.83
1786341900000,2026-08-10T06:05:00Z,383.82,384.57,383.82,384.57,76,29190.93
1786342200000,2026-08-10T06:10:00Z,384.24,384.99,384.19,384.99,180,69240.81
1786344000000,2026-08-10T06:40:00Z,384.36,384.37,384.36,384.37,10,3843.61
1786344600000,2026-08-10T06:50:00Z,384.22,384.22,384.22,384.22,7,2689.54
1786344900000,2026-08-10T06:55:00Z,383.87,383.87,382.99,382.99,6,2298.82
1786345200000,2026-08-10T07:00:00Z,382.99,383.84,382.99,383.84,5,1916.65
1786346400000,2026-08-10T07:20:00Z,383.86,383.86,383.86,383.86,12,4606.32
1786346700000,2026-08-10T07:25:00Z,383.84,383.86,383.84,383.86,3,1151.56
1786347000000,2026-08-10T07:30:00Z,384.61,384.61,384.61,384.61,125,48076.25
1786347300000,2026-08-10T07:35:00Z,384.62,385,384.62,385,423,162853.92
1786347900000,2026-08-10T07:45:00Z,385.51,386.17,385.51,386.07,167,64483.37
1786348500000,2026-08-10T07:55:00Z,385.28,386.38,385.11,386.38,7,2701.17
1786348800000,2026-08-10T08:00:00Z,381.2,385.06,381.2,385.06,2866.563546,1092764.9826215
1786349100000,2026-08-10T08:05:00Z,385.06,385.06,385.06,385.06,83,31959.98
1786349400000,2026-08-10T08:10:00Z,385.06,385.814,385.06,385.814,48,18485.8656
1786349700000,2026-08-10T08:15:00Z,385.815,385.815,385.815,385.815,52,20062.38
1786350000000,2026-08-10T08:20:00Z,385.815,385.815,385.815,385.815,41,15818.415
1786350300000,2026-08-10T08:25:00Z,385.815,385.815,385.5,385.5,68,26215.9108
1786350600000,2026-08-10T08:30:00Z,385.5,385.5,385.5,385.5,76,29298
1786350900000,2026-08-10T08:35:00Z,385.5,385.5,385.5,385.5,45,17347.5
1786351200000,2026-08-10T08:40:00Z,385.5,385.5,385.5,385.5,154,59367
1786351500000,2026-08-10T08:45:00Z,385.5,385.5,385.5,385.5,92,35466
1786351800000,2026-08-10T08:50:00Z,385.5,385.5,385.5,385.5,15,5782.5
1786352100000,2026-08-10T08:55:00Z,385.5,385.5,385.5,385.5,46,17733
1786352400000,2026-08-10T09:00:00Z,385.5,385.5,385.5,385.5,104,40092
1786352700000,2026-08-10T09:05:00Z,385.5,385.5,385.5,385.5,242,93291
1786353000000,2026-08-10T09:10:00Z,385.5,385.5,385.5,385.5,47,18118.5
1786353300000,2026-08-10T09:15:00Z,385.5,386.06,385.5,386.06,17,6558.5337
1786353600000,2026-08-10T09:20:00Z,386.06,386.06,386.06,386.06,40,15442.4
1786353900000,2026-08-10T09:25:00Z,386.06,386.06,386.06,386.06,120.005225,46329.2171635
1786354200000,2026-08-10T09:30:00Z,386.06,386.06,386.06,386.06,451,174113.06
1786354500000,2026-08-10T09:35:00Z,386.06,386.06,385.5,385.5,92,35515.9376
1786354800000,2026-08-10T09:40:00Z,385.5,385.5,385.5,385.5,191,73630.5
1786355100000,2026-08-10T09:45:00Z,385.5,385.5,385.5,385.5,423,163066.5
1786355400000,2026-08-10T09:50:00Z,385.5,385.5,385.5,385.5,2,771
1786355700000,2026-08-10T09:55:00Z,385.5,387.177,385.5,387.177,59.175428000000004,22812.14524663
1786356000000,2026-08-10T10:00:00Z,387.231,387.5,387.231,387.5,20,7750
1786356300000,2026-08-10T10:05:00Z,387.5,387.5,386.291,386.291,30.051425,11644.86407951
1786356600000,2026-08-10T10:10:00Z,386.29,386.29,383.882,383.882,1340.5,517586.21915
1786356900000,2026-08-10T10:15:00Z,383.881,383.881,383.881,383.881,26,9980.906
1786357200000,2026-08-10T10:20:00Z,383.88,383.88,383.88,383.88,22.490535,8633.6665758
1786357500000,2026-08-10T10:25:00Z,383.88,383.88,383.88,383.88,129.886227,49860.72482076
1786357800000,2026-08-10T10:30:00Z,383.88,383.88,383.88,383.88,20,7677.6
1786358100000,2026-08-10T10:35:00Z,384.373,386.839,384.373,386.839,45,17321.445
1786358400000,2026-08-10T10:40:00Z,386.84,386.84,386.84,386.84,16,6189.44
1786358700000,2026-08-10T10:45:00Z,386.84,386.84,386.84,386.84,3,1160.52
1786359000000,2026-08-10T10:50:00Z,386.84,386.84,385.521,385.521,63,24363.2214
1786359600000,2026-08-10T11:00:00Z,385.52,385.52,384.58,384.58,2016,776996.2368
1786359900000,2026-08-10T11:05:00Z,384.58,384.58,384.58,384.58,25,9614.5
1786360200000,2026-08-10T11:10:00Z,384.56,384.56,381.542,382.696,834.785126,319813.77831525
1786360500000,2026-08-10T11:15:00Z,382.697,382.7,382.697,382.7,68,26023.6
1786360800000,2026-08-10T11:20:00Z,382.7,382.7,382.7,382.7,136,52047.2
1786361100000,2026-08-10T11:25:00Z,382.7,382.7,382.7,382.7,63,24110.1
1786361400000,2026-08-10T11:30:00Z,382.908,383.95,382.908,383.95,541,207714.8401
1786361700000,2026-08-10T11:35:00Z,383.95,383.95,383.95,383.95,82.342,31615.2109
1786362000000,2026-08-10T11:40:00Z,383.965,384.71,383.965,384.041,104,39944.4376
1786362300000,2026-08-10T11:45:00Z,384.04,384.71,384.04,384.041,281,107969.5011
1786362600000,2026-08-10T11:50:00Z,384.04,384.04,384.04,384.04,17,6528.68
1786362900000,2026-08-10T11:55:00Z,383.898,383.898,383.19,383.19,57,21845.3796
1786363200000,2026-08-10T12:00:00Z,384.99,384.99,383.332,384.99,2998,1152445.5904
1786363500000,2026-08-10T12:05:00Z,385.76,386.455,384.844,385.88,1468,566204.8108
1786363800000,2026-08-10T12:10:00Z,385.565,385.565,383.771,383.771,770,295790.418
1786364100000,2026-08-10T12:15:00Z,383.77,383.77,383.77,383.77,903,346544.31
1786364400000,2026-08-10T12:20:00Z,383.77,383.77,379.456,381.989,764.034272,292057.4487119
1786364700000,2026-08-10T12:25:00Z,381.989,381.99,381.989,381.99,45.051241000000005,17209.10102397
1786365000000,2026-08-10T12:30:00Z,382.24,383.02,381.99,382.25,912.002894,348487.15863184
1786365300000,2026-08-10T12:35:00Z,383.02,383.02,381.105,381.366,890,340591.519
1786365600000,2026-08-10T12:40:00Z,381.366,381.395,381.366,381.395,13,4957.9985
1786365900000,2026-08-10T12:45:00Z,381.395,381.395,381.395,381.395,106,40427.87
1786366200000,2026-08-10T12:50:00Z,381.395,381.395,381.037,381.037,27873,10630622.835
1786366500000,2026-08-10T12:55:00Z,381.034,381.034,380.846,381.02,337,128392.2483
1786366800000,2026-08-10T13:00:00Z,381.02,382.005,381.02,382.005,1255,478180.1
1786367100000,2026-08-10T13:05:00Z,382.028,382.205,382.028,382.205,151,57711.3289
1786367700000,2026-08-10T13:15:00Z,382.205,382.205,382.205,382.205,4583,1751645.515
1786368000000,2026-08-10T13:20:00Z,382.205,382.205,382.205,382.205,269,102813.145
1786368300000,2026-08-10T13:25:00Z,385.87,385.87,382.205,385.87,707,270690.2919
1786368600000,2026-08-10T13:30:00Z,386.36,386.36,376.97,377.07,74358.049554,28417542.20673642
1786368900000,2026-08-10T13:35:00Z,379.25,379.49,374.9,377.04,39423.272972,14858923.31536679
1786369200000,2026-08-10T13:40:00Z,377.785,377.798,372.861,372.92,34262.130342,12831003.35485336
1786369500000,2026-08-10T13:45:00Z,373.17,374.601,371.61,373.15,44236.899994,16492976.135463
1786369800000,2026-08-10T13:50:00Z,373.52,374.72,369.86,371.52,45901.419884,17096644.81624213
1786370100000,2026-08-10T13:55:00Z,371.17,372.19,370.35,371.09,24414.906608999998,9063553.10493105
1786370400000,2026-08-10T14:00:00Z,370.64,373.125,369.189,371.18,34566.238607,12816224.53040935
1786370700000,2026-08-10T14:05:00Z,370.818,373.69,370.818,373.355,1519,565336.405
1786371000000,2026-08-10T14:10:00Z,373.312,376.394,373.272,375.086,15502.417495000002,5816024.4608420942502626
1786371300000,2026-08-10T14:15:00Z,375.059,375.166,370.51,370.993,17704.660948999997,6623543.9959407265773781
1786371600000,2026-08-10T14:20:00Z,370.973,372.881,369.481,369.631,27871.525076,10353765.719394694
1786371900000,2026-08-10T14:25:00Z,369.33,371.111,369.33,369.59,16866.300549,6243818.445107
1786372200000,2026-08-10T14:30:00Z,369.1,371.035,368.572,369.43,28980.003159,10717205.09224179
1786372500000,2026-08-10T14:35:00Z,370.1,370.77,368.065,368.58,24522.548293,9059580.81430797
1786372800000,2026-08-10T14:40:00Z,368.16,369.114,367.665,368.075,18011.423251,6635822.58840317
1786373100000,2026-08-10T14:45:00Z,368.12,368.791,367.91,368.41,17600.789258,6482393.56474744
1786373400000,2026-08-10T14:50:00Z,368.52,368.569,365.525,365.645,39112.387081,14354508.11172044
1786373700000,2026-08-10T14:55:00Z,365.42,366.763,365.15,365.15,30154.548398,11027370.59186145
1786374000000,2026-08-10T15:00:00Z,365.35,366.663,364.798,365.57,24825.016474000004,9074131.87413744
1786374300000,2026-08-10T15:05:00Z,366.695,368.915,366.67,367.22,29406.743103999994,10814138.63266582
1786374600000,2026-08-10T15:10:00Z,367.48,368.63,367.096,367.972,4595.973335,1690489.552613
1786374900000,2026-08-10T15:15:00Z,367.976,369.418,367.976,369.2,9625.741836000001,3548879.7977300615686667
1786375200000,2026-08-10T15:20:00Z,369.2,369.319,367.193,368.54,4419.1901959999996,1630562.5423708610523921
1786375500000,2026-08-10T15:25:00Z,368.537,368.644,367.422,368.198,8301.339581,3054679.7937037013
1786375800000,2026-08-10T15:30:00Z,368.184,368.221,366.687,367.811,10674.811115,3919897.435634683
1786376100000,2026-08-10T15:35:00Z,367.93,367.93,366.92,366.92,8730.646168000001,3207886.47940975
1786376400000,2026-08-10T15:40:00Z,366.81,368.623,366.81,368.615,12813.019561,4712128.88677292
1786376700000,2026-08-10T15:45:00Z,368.76,368.918,367.845,367.925,6460.361666000001,2380238.85528071
1786377000000,2026-08-10T15:50:00Z,368.43,369.948,368.176,369.73,11785.369655,4352295.76479771
1786377300000,2026-08-10T15:55:00Z,369.93,370.09,369.086,369.41,10366.702321,3832880.84914333
1786377600000,2026-08-10T16:00:00Z,370.005,370.204,368.726,370.01,15729.542889,5814804.61090247
1786377900000,2026-08-10T16:05:00Z,368.58,369.675,367.872,368.47,12582.72415,4636825.7031613
1786378200000,2026-08-10T16:10:00Z,368.1,368.668,367.89,367.965,8056.359845999999,2966689.25677475
1786378500000,2026-08-10T16:15:00Z,368.38,369.81,368.38,369.27,11497.707626,4243777.44002906
1786378800000,2026-08-10T16:20:00Z,369.22,369.625,368.785,369.27,11193.145401000002,4134025.95325104
1786379100000,2026-08-10T16:25:00Z,369.473,369.915,368.592,368.689,7477.264443,2764558.4347961542
1786379400000,2026-08-10T16:30:00Z,368.689,368.924,367.05,367.73,11663.471543,4299182.8852212375
1786379700000,2026-08-10T16:35:00Z,367.722,368.473,367.25,367.522,13102.552517,4818391.1784166935
1786380000000,2026-08-10T16:40:00Z,367.52,367.89,366.51,367.026,4590.02599,1686924.762170033
1786380300000,2026-08-10T16:45:00Z,366.92,367.875,366.92,367.745,13065.846865,4803611.56286854
1786380600000,2026-08-10T16:50:00Z,367.615,367.664,366.45,366.45,10890.93999,3995675.68718919
1786380900000,2026-08-10T16:55:00Z,366.525,367.499,366.525,367.105,10598.168847,3890916.32696796
1786381200000,2026-08-10T17:00:00Z,367.25,367.32,366.78,367.13,14101.021548999997,5176387.71358921
1786381500000,2026-08-10T17:05:00Z,367.17,368.589,367.15,368.12,13096.003622,4815984.61357094
1786381800000,2026-08-10T17:10:00Z,368.83,368.83,368.1,368.41,12834.043881000001,4728390.31728375
1786382100000,2026-08-10T17:15:00Z,368.51,369.16,368.24,368.3,13082.134595,4824005.73478322
1786382400000,2026-08-10T17:20:00Z,368.54,368.723,368.049,368.205,21196.084133999997,7810210.14440834
1786382700000,2026-08-10T17:25:00Z,368.22,368.772,368.142,368.54,15658.380705,5769724.96195102
1786383000000,2026-08-10T17:30:00Z,368.88,370.174,368.667,369.97,13947.48777,5151292.6060354
1786383300000,2026-08-10T17:35:00Z,369.7,370.099,368.456,368.98,11330.189140000002,4184585.55318968
1786383600000,2026-08-10T17:40:00Z,368.719,369.078,367.984,368.036,2977.039409,1097469.2044111005
1786383900000,2026-08-10T17:45:00Z,368.056,368.705,368.056,368.463,4649.191241,1713173.9715283526
1786384200000,2026-08-10T17:50:00Z,368.461,369.402,368.458,369.397,5998.80178,2212578.374660846
1786384500000,2026-08-10T17:55:00Z,369.398,369.794,368.82,369.285,5089.0963439999997,1878792.5994654074892427
1786384800000,2026-08-10T18:00:00Z,369.2,369.731,368.632,369.67,9490.460129,3505048.05336071
1786385100000,2026-08-10T18:05:00Z,369.64,370.173,369.267,369.995,6861.422518,2536556.06371756
1786385400000,2026-08-10T18:10:00Z,369.815,370.013,369.28,369.28,14931.595162,5521660.58928163
1786385700000,2026-08-10T18:15:00Z,369.353,369.714,369.333,369.375,7115.115148,2629274.82656649
1786386000000,2026-08-10T18:20:00Z,369.25,369.629,369.045,369.45,8556.563441,3160893.79124132
1786386300000,2026-08-10T18:25:00Z,369.08,369.292,368.753,369.16,7367.18909,2718486.88045873
1786386600000,2026-08-10T18:30:00Z,369.315,369.85,369.01,369.85,9419.131608,3480496.28743271
1786386900000,2026-08-10T18:35:00Z,369.74,369.74,368.926,369.15,10966.902734,4050191.23545463
1786387200000,2026-08-10T18:40:00Z,369.135,369.32,368.94,369.08,9925.874637,3663681.02460271
1786387500000,2026-08-10T18:45:00Z,368.94,369.441,368.726,369.43,10125.875028,3737306.55953437
1786387800000,2026-08-10T18:50:00Z,369.28,369.605,368.986,369.605,11786.85213,4353012.96829722
1786388100000,2026-08-10T18:55:00Z,368.84,369.474,368.84,369.36,11579.784607,4274625.37864332
1786388400000,2026-08-10T19:00:00Z,369.476,370.032,369.463,369.688,4112.79528,1520235.138078672
1786388700000,2026-08-10T19:05:00Z,369.677,370.01,368.847,369.325,19844.891703,7332447.1486528044
1786389000000,2026-08-10T19:10:00Z,369.5,369.94,369.319,369.725,15778.111229,5831840.78220694
1786389300000,2026-08-10T19:15:00Z,369.7,369.92,369.564,369.7,16505.819997,6103840.6808166
1786389600000,2026-08-10T19:20:00Z,369.705,370.68,369.525,370.64,33891.370318999994,12535984.07145801
1786389900000,2026-08-10T19:25:00Z,370.43,371.913,370.294,371.16,32481.277758,12055400.25485949
1786390200000,2026-08-10T19:30:00Z,371.65,371.82,370.764,370.92,43845.418996,16272771.26800784
1786390500000,2026-08-10T19:35:00Z,370.95,371.32,370.812,370.91,34681.344819,12866359.28357669
1786390800000,2026-08-10T19:40:00Z,370.89,370.939,369.959,370.045,40243.398718,14910364.3446531
1786391100000,2026-08-10T19:45:00Z,369.735,371.153,369.477,371.07,47964.501982,17760382.12999853
1786391400000,2026-08-10T19:50:00Z,370.53,371.044,367.9,368.56,67521.17766,24920425.90968886
1786391700000,2026-08-10T19:55:00Z,368.78,369.031,365.125,365.14,271746.346629,99560279.68179465
1786392000000,2026-08-10T20:00:00Z,365.713,365.713,365.555,365.555,467251.583653,170864372.20959558
1786392300000,2026-08-10T20:05:00Z,365.555,368.345,365,368.345,1351,493562.7214
1786392600000,2026-08-10T20:10:00Z,368.345,368.345,366.082,366.082,126.629646,46552.2995885376
1786392900000,2026-08-10T20:15:00Z,366.081,366.081,364,364,46.632492,17071.2273346092
1786393200000,2026-08-10T20:20:00Z,364,365.61,364,365.61,152.41855800000002,55571.19657257
1786393500000,2026-08-10T20:25:00Z,365.592,365.592,365.5,365.5,167,61038.9843
1786393800000,2026-08-10T20:30:00Z,365.5,365.5,365.5,365.5,620.28,226712.34
1786394100000,2026-08-10T20:35:00Z,365.5,365.5,365.5,365.5,45,16447.5
1786394400000,2026-08-10T20:40:00Z,365.5,365.5,365.5,365.5,43,15716.5
1786394700000,2026-08-10T20:45:00Z,365.5,365.5,365.5,365.5,2861,1045695.5
1786395000000,2026-08-10T20:50:00Z,365.5,366.11,365.5,366.003,135,49397.7555
1786395300000,2026-08-10T20:55:00Z,366.002,366.11,366.001,366.11,280.156359,102567.00801496
1786395600000,2026-08-10T21:00:00Z,366.193,366.61,366.193,366.61,45,16493.049
1786395900000,2026-08-10T21:05:00Z,366.61,368.02,366.61,368.02,30,11032.317
1786396200000,2026-08-10T21:10:00Z,368.02,368.02,368.02,368.02,42,15456.84
1786396500000,2026-08-10T21:15:00Z,368.02,368.02,368.02,368.02,22,8096.44
1786396800000,2026-08-10T21:20:00Z,368.02,368.02,365.111,367.844,65,23907.795
1786397100000,2026-08-10T21:25:00Z,367.829,367.829,367.314,367.314,2,735.504
1786397400000,2026-08-10T21:30:00Z,367.306,367.306,366.121,366.121,4,1469.088
1786397700000,2026-08-10T21:35:00Z,366.084,366.084,365.9,365.9,7,2561.3
1786398000000,2026-08-10T21:40:00Z,365.9,365.9,365.61,365.61,24,8777.5416
1786398300000,2026-08-10T21:45:00Z,365.585,365.585,364.55,364.55,190,69414.144
1786398600000,2026-08-10T21:50:00Z,364.55,364.55,364.55,364.55,23.15,8439.3325
1786398900000,2026-08-10T21:55:00Z,364.55,364.6,364.55,364.6,26,9478.898
1786399200000,2026-08-10T22:00:00Z,364.6,364.6,364.6,364.6,117,42658.2
1786399500000,2026-08-10T22:05:00Z,364.6,364.6,364.6,364.6,231,84222.6
1786399800000,2026-08-10T22:10:00Z,364.6,364.6,364.6,364.6,61,22240.6
1786400100000,2026-08-10T22:15:00Z,364.6,364.6,364.6,364.6,40,14584
1786400400000,2026-08-10T22:20:00Z,364.6,364.6,364.6,364.6,1,364.6
1786400700000,2026-08-10T22:25:00Z,364.6,364.79,364.6,364.79,10,3647.703
1786401000000,2026-08-10T22:30:00Z,364.79,364.79,364.551,364.551,59,21522.61
1786401300000,2026-08-10T22:35:00Z,364.558,364.598,364.551,364.551,25,9114.775
1786401600000,2026-08-10T22:40:00Z,364.55,364.55,363.146,363.146,125,45533.8875
1786401900000,2026-08-10T22:45:00Z,363.145,363.145,363.145,363.145,171.412278,62247.51169431
1786402200000,2026-08-10T22:50:00Z,363.179,363.35,363.179,363.35,191,69399.85
1786402500000,2026-08-10T22:55:00Z,363.35,363.35,363.35,363.35,1,363.35
1786402800000,2026-08-10T23:00:00Z,363.35,363.35,363.35,363.35,31,11263.85
1786403100000,2026-08-10T23:05:00Z,363.35,364.55,363.35,364.549,17,6185.2137
1786403400000,2026-08-10T23:10:00Z,364.549,364.55,364.549,364.55,93,33903.1221
1786403700000,2026-08-10T23:15:00Z,364.104,364.104,361.875,361.875,87,31527.3036
1786404000000,2026-08-10T23:20:00Z,361.875,361.875,361.875,361.875,125,45234.375
1786404300000,2026-08-10T23:25:00Z,361.875,362.91,361.875,362.91,31,11237.7759
1786404600000,2026-08-10T23:30:00Z,362.91,362.91,362.91,362.91,208.696035,75737.87806185
1786404900000,2026-08-10T23:35:00Z,362.91,362.91,362.91,362.91,200,72582
1786405500000,2026-08-10T23:45:00Z,362.91,362.91,362.91,362.91,0,0
1786405800000,2026-08-10T23:50:00Z,362.91,362.91,362.91,362.91,14,5080.74
1786406100000,2026-08-10T23:55:00Z,362.944,363.259,362.944,363.259,107,38845.5903
1786406400000,2026-08-11T00:00:00Z,363.31,363.56,363.31,363.56,8,2907.21
1786406700000,2026-08-11T00:05:00Z,363.57,364,363.57,364,120,43653.42
1786407300000,2026-08-11T00:15:00Z,365.39,365.39,365.39,365.39,6,2192.34
1786407900000,2026-08-11T00:25:00Z,365.39,365.39,365.39,365.39,3,1096.17
1786409100000,2026-08-11T00:45:00Z,367.47,367.47,367.47,367.47,1,367.47
1786409700000,2026-08-11T00:55:00Z,368.6,368.64,368.21,368.21,12,4421.02
1786410000000,2026-08-11T01:00:00Z,368.2,368.2,368.2,368.2,12,4418.4
1786410600000,2026-08-11T01:10:00Z,368.11,368.21,368.11,368.21,26,9572.12
1786410900000,2026-08-11T01:15:00Z,369.38,369.96,369.38,369.96,206,76188.9
1786411200000,2026-08-11T01:20:00Z,369.3,370.08,369.3,370.08,217,80154.88
1786411800000,2026-08-11T01:30:00Z,369.02,369.2,368.77,368.77,9,3321.58
1786412400000,2026-08-11T01:40:00Z,369.23,370.23,369.23,370.23,2,739.46
1786413300000,2026-08-11T01:55:00Z,370.26,370.26,370.25,370.25,53,19623.38
1786414200000,2026-08-11T02:10:00Z,369.22,369.22,369.22,369.22,12,4430.64
1786415100000,2026-08-11T02:25:00Z,369.42,371.03,369.42,371.03,34,12594.49
1786415400000,2026-08-11T02:30:00Z,370.93,371.12,370.93,371.12,12,4452.16
1786416000000,2026-08-11T02:40:00Z,371.11,371.12,370.93,371.11,34,12616.02
1786416300000,2026-08-11T02:45:00Z,370.95,372.09,370.95,372.09,78,29008.22
1786418100000,2026-08-11T03:15:00Z,370.82,370.88,370.82,370.88,15,5562.78
1786418400000,2026-08-11T03:20:00Z,370.88,371.4,370.88,371.4,45,16695.94
1786418700000,2026-08-11T03:25:00Z,371.41,371.9,370.5,370.5,20,7434.71
1786419000000,2026-08-11T03:30:00Z,371.01,371.01,371.01,371.01,28,10388.28
1786419600000,2026-08-11T03:40:00Z,371.89,372.05,371.27,371.27,201,74687.09
1786419900000,2026-08-11T03:45:00Z,371.54,371.54,371.53,371.53,52,19320.06
1786420200000,2026-08-11T03:50:00Z,371.1,372.04,371.09,372.04,92,34191.14
1786420500000,2026-08-11T03:55:00Z,372.01,372.01,371.12,371.12,19,7059.05
1786420800000,2026-08-11T04:00:00Z,371.33,371.51,371.33,371.51,4,1485.68
1786421400000,2026-08-11T04:10:00Z,371.23,371.5,371.23,371.5,16,5943.33
1786422000000,2026-08-11T04:20:00Z,371.51,371.52,371.51,371.52,42,15603.69
1786422300000,2026-08-11T04:25:00Z,371.53,372.05,371.53,372.05,30,11160.32
1786422600000,2026-08-11T04:30:00Z,371.53,372.05,371.53,371.8,16,5948.41
1786424400000,2026-08-11T05:00:00Z,371.85,371.85,371.12,371.12,62,23046.92
1786424700000,2026-08-11T05:05:00Z,371.19,371.27,371.1,371.18,31,11508.47
1786425300000,2026-08-11T05:15:00Z,371.2,371.2,370.99,370.99,111,41200.32
1786425600000,2026-08-11T05:20:00Z,370.99,371,368.99,368.99,959,354065.29
1786426200000,2026-08-11T05:30:00Z,369.65,369.65,368.5,368.5,83,30612.37
1786426800000,2026-08-11T05:40:00Z,368.62,368.62,368.62,368.62,1,368.62
1786427100000,2026-08-11T05:45:00Z,368.63,368.63,368.63,368.63,1,368.63
1786427400000,2026-08-11T05:50:00Z,369.2,369.2,368.26,368.26,14,5166.92
1786427700000,2026-08-11T05:55:00Z,368.84,368.84,368.84,368.84,21,7745.64
1786428600000,2026-08-11T06:10:00Z,369.22,369.74,369.22,369.74,81,29928.95
1786429200000,2026-08-11T06:20:00Z,369.68,369.68,369.68,369.68,100,36968
1786429800000,2026-08-11T06:30:00Z,368.15,368.15,368,368,49,18037.22
1786430100000,2026-08-11T06:35:00Z,367.24,367.24,366.28,366.28,457,167650.24
1786430700000,2026-08-11T06:45:00Z,367.01,367.01,367.01,367.01,14,5138.14
1786431000000,2026-08-11T06:50:00Z,367.46,367.46,366.99,367.03,126,46249.56
1786432800000,2026-08-11T07:20:00Z,366.54,366.54,366.54,366.54,1,366.54
1786433400000,2026-08-11T07:30:00Z,366.86,366.99,366.86,366.99,74,27149.41
1786434900000,2026-08-11T07:55:00Z,367.54,367.54,367.54,367.54,1,367.54
1786435200000,2026-08-11T08:00:00Z,363.26,368.292,363.26,367.852,4023.159851,1479074.48762164
1786435500000,2026-08-11T08:05:00Z,367.851,367.851,366.196,366.244,156,57382.3848
1786435800000,2026-08-11T08:10:00Z,366.245,366.245,366.245,366.245,118.25999999999999,43312.1337
1786436100000,2026-08-11T08:15:00Z,366.245,366.245,366.245,366.245,82,30032.09
1786436400000,2026-08-11T08:20:00Z,366.245,366.245,365.43,365.43,12,4390.7136
1786436700000,2026-08-11T08:25:00Z,365.43,365.43,365.43,365.43,5,1827.15
1786437000000,2026-08-11T08:30:00Z,365.43,365.525,365.43,365.525,25,9137.65
1786437300000,2026-08-11T08:35:00Z,365.525,365.525,365.525,365.525,73,26683.325
1786437600000,2026-08-11T08:40:00Z,365.525,365.525,365.525,365.525,63,23028.075
1786437900000,2026-08-11T08:45:00Z,365.525,365.53,365.525,365.53,5.082418,1857.75083945
1786438200000,2026-08-11T08:50:00Z,365.53,365.53,365.53,365.53,8,2924.24
1786438500000,2026-08-11T08:55:00Z,365.53,365.53,365.53,365.53,5,1827.65
1786438800000,2026-08-11T09:00:00Z,365.53,365.53,365.53,365.53,3,1096.59
1786439100000,2026-08-11T09:05:00Z,365.53,365.53,365.53,365.53,34,12428.02
1786439400000,2026-08-11T09:10:00Z,365.53,365.53,365.53,365.53,61,22297.33
1786440000000,2026-08-11T09:20:00Z,365.53,366.029,364.061,364.54,288,105290.1216
1786440300000,2026-08-11T09:25:00Z,364.54,364.54,364.54,364.54,4,1458.16
1786440900000,2026-08-11T09:35:00Z,364.54,365.412,364.54,365.412,35,12758.9
1786441200000,2026-08-11T09:40:00Z,365.469,365.75,365.469,365.75,0,0
1786441500000,2026-08-11T09:45:00Z,365.75,365.75,365.75,365.75,117.85079999999999,43103.9301
1786441800000,2026-08-11T09:50:00Z,365.75,366.273,365.75,366.273,357.491509,130752.51941675
1786442100000,2026-08-11T09:55:00Z,366.274,366.275,366.274,366.275,93,34063.5471
1786442400000,2026-08-11T10:00:00Z,366.275,366.275,366.275,366.275,474,173614.35
1786442700000,2026-08-11T10:05:00Z,366.275,366.275,366.275,366.275,120,43953
1786443600000,2026-08-11T10:20:00Z,366.275,366.275,366.275,366.275,23,8424.325
1786443900000,2026-08-11T10:25:00Z,366.275,366.275,366.275,366.275,346,126731.15
1786444200000,2026-08-11T10:30:00Z,366.275,366.28,366.275,366.28,20.35291,7454.76211025
1786444500000,2026-08-11T10:35:00Z,366.28,367.95,366.28,367.95,1.026075,375.87425658
1786444800000,2026-08-11T10:40:00Z,367.95,367.95,367.95,367.95,128,47097.6
1786445100000,2026-08-11T10:45:00Z,367.95,367.95,367.95,367.95,19,6991.05
1786445400000,2026-08-11T10:50:00Z,367.95,369.964,367.95,369.415,230,84725.284
1786445700000,2026-08-11T10:55:00Z,369.472,369.755,369.237,369.237,57,21074.2053
1786446000000,2026-08-11T11:00:00Z,369.236,371.013,368.933,371.013,312.356045,115639.61161858
1786446300000,2026-08-11T11:05:00Z,371.013,371.013,371.005,371.005,167,61958.0688
1786446600000,2026-08-11T11:10:00Z,371.005,371.005,371.005,371.005,91,33761.455
1786446900000,2026-08-11T11:15:00Z,371.005,371.005,371.005,371.005,11,4081.055
1786447200000,2026-08-11T11:20:00Z,371.005,371.005,370.865,370.865,79.743031,29584.60070658
1786447500000,2026-08-11T11:25:00Z,370.865,370.865,370.865,370.865,0,0
1786447800000,2026-08-11T11:30:00Z,370.865,370.865,370.865,370.865,0,0
1786448100000,2026-08-11T11:35:00Z,370.865,370.865,370.865,370.865,44.031,16329.556815
1786448400000,2026-08-11T11:40:00Z,370.865,370.865,370.865,370.865,0,0
1786448700000,2026-08-11T11:45:00Z,370.865,370.865,370.865,370.865,30,11125.95
1786449000000,2026-08-11T11:50:00Z,370.865,370.865,370.24,370.24,50,18520.01
1786449300000,2026-08-11T11:55:00Z,370.24,370.24,370.24,370.24,16,5923.84
1786449600000,2026-08-11T12:00:00Z,370.24,370.24,370.24,370.24,134,49612.16
1786449900000,2026-08-11T12:05:00Z,370.24,371.914,370.24,371.914,240,88866.528
1786450200000,2026-08-11T12:10:00Z,371.915,371.915,371.915,371.915,48,17851.92
1786450500000,2026-08-11T12:15:00Z,371.915,372.465,371.915,372.465,346,128785.5596
1786450800000,2026-08-11T12:20:00Z,372.465,372.465,371.804,371.804,531,197638.8372
1786451100000,2026-08-11T12:25:00Z,371.786,371.786,371.7,371.7,39.266968,14595.5320056
1786451400000,2026-08-11T12:30:00Z,371.7,371.7,371.7,371.7,26,9664.2
1786451700000,2026-08-11T12:35:00Z,371.7,372,371.7,372,139.027121,51696.17833773
1786452000000,2026-08-11T12:40:00Z,372,372,371.7,371.7,493,183340.6854
1786452300000,2026-08-11T12:45:00Z,371.7,371.999,371.7,371.999,313,116361.7564
1786452600000,2026-08-11T12:50:00Z,372,372,371.915,371.915,328,121998.9252
1786452900000,2026-08-11T12:55:00Z,371.915,371.915,371.915,371.915,0,0
1786453200000,2026-08-11T13:00:00Z,371.915,371.915,371.915,371.915,137.00471199999998,50954.10746348
1786453500000,2026-08-11T13:05:00Z,371.915,372,371.915,372,372.04785400000003,138383.53413837
1786453800000,2026-08-11T13:10:00Z,372,372,372,372,293,108996
1786454100000,2026-08-11T13:15:00Z,372,372,372,372,54185,20156820
1786454400000,2026-08-11T13:20:00Z,372,372,371.475,371.497,44,16350.8092
1786454700000,2026-08-11T13:25:00Z,371.498,372.814,371.498,372.017,36869,13696966.2284
1786455000000,2026-08-11T13:30:00Z,373.21,375.485,372.006,374.99,117979.478878,44056262.73900728
1786455300000,2026-08-11T13:35:00Z,374.91,380.428,374.91,378.35,68364.51491700001,25836324.31388414
1786455600000,2026-08-11T13:40:00Z,379.75,384.084,378.873,384,43020.265311999996,16407722.6927233
1786455900000,2026-08-11T13:45:00Z,382.88,384.087,378.985,381.43,30046.748888,11470851.17337532
1786456200000,2026-08-11T13:50:00Z,378.97,379.68,377.674,378.5,31152.898801999996,11785437.56933522
1786456500000,2026-08-11T13:55:00Z,378.2,379.65,377.736,379.077,24711.602946,9354690.5627217552
1786456800000,2026-08-11T14:00:00Z,379.08,382.062,378.47,381.267,7845.660486000001,2978260.7761604709795771
1786457100000,2026-08-11T14:05:00Z,381.289,384.277,380.748,383.539,14429.021538,5521503.6602812392
1786457400000,2026-08-11T14:10:00Z,383.497,384.472,382.41,382.51,15828.184414,6080272.6046543743
1786457700000,2026-08-11T14:15:00Z,382.13,385.014,381.59,384.49,26958.549389,10348093.10006643
1786458000000,2026-08-11T14:20:00Z,384.89,386.99,384.64,385.75,32506.433553,12547769.40807327
1786458300000,2026-08-11T14:25:00Z,386.22,387.587,385.667,386.29,24708.530017,9554677.36918882
1786458600000,2026-08-11T14:30:00Z,385.61,386.626,384.24,386.08,18705.043991,7212288.99154538
1786458900000,2026-08-11T14:35:00Z,385.87,386.054,383.563,384.08,18146.378447000003,6982891.55844947
1786459200000,2026-08-11T14:40:00Z,383.85,383.996,382.964,383.095,15174.092848999999,5819070.37920303
1786459500000,2026-08-11T14:45:00Z,383.59,384.51,382.961,384.44,13445.556398,5159687.89739639
1786459800000,2026-08-11T14:50:00Z,384.44,384.51,382.845,382.845,13808.895994,5300559.91708249
1786460100000,2026-08-11T14:55:00Z,383.925,383.925,381.468,382.49,11398.273173999998,4365520.38840492
1786460400000,2026-08-11T15:00:00Z,381.99,383.2,381.481,382.99,8928.328156000001,3412949.86357509
1786460700000,2026-08-11T15:05:00Z,383.146,383.146,379.815,380.161,6391.655248000001,2438831.4424485299815727
1786461000000,2026-08-11T15:10:00Z,380.161,381.788,380.161,381.032,8918.958981,3398887.1692729063
1786461300000,2026-08-11T15:15:00Z,380.81,381.001,379.923,380.025,1229.444669,467839.5542760754
1786461600000,2026-08-11T15:20:00Z,380.015,380.64,378.49,378.508,3592.95928,1364738.101619272
1786461900000,2026-08-11T15:25:00Z,379.49,379.597,378.5,379,11720.121138,4443446.0110136
1786462200000,2026-08-11T15:30:00Z,379.46,379.743,378.57,378.59,6915.499696,2623378.21247833
1786462500000,2026-08-11T15:35:00Z,378.802,379.445,378.736,378.766,10268.875512,3894277.98306637
1786462800000,2026-08-11T15:40:00Z,379.99,380.386,378.692,379.99,8699.172518,3299110.7222509
1786463100000,2026-08-11T15:45:00Z,379.97,380.371,379.42,379.66,7829.589842000001,2973877.09357359
1786463400000,2026-08-11T15:50:00Z,379.67,380.15,379.072,379.67,6694.698145,2541397.12479714
1786463700000,2026-08-11T15:55:00Z,379.89,379.925,379.3,379.65,14763.873949,5606042.25073361
1786464000000,2026-08-11T16:00:00Z,379.465,379.492,378.6,379.195,7767.475242,2945247.95983583
1786464300000,2026-08-11T16:05:00Z,379.57,380.622,379.275,380.55,8113.77246,3082233.10665568
1786464600000,2026-08-11T16:10:00Z,381.03,381.252,379.69,379.84,23653.011461000002,8995696.7617395
1786464900000,2026-08-11T16:15:00Z,379.993,380.801,379.944,380.149,3055.139616,1161432.0999717888
1786465200000,2026-08-11T16:20:00Z,380.137,380.946,379.67,380.038,1050.885909,399353.459594544
1786465500000,2026-08-11T16:25:00Z,380.034,380.034,379.297,379.468,2162.65718,821101.674439268
1786465800000,2026-08-11T16:30:00Z,379.465,379.611,378.75,379.048,3624.3886279999997,1374889.2650602298861958
1786466100000,2026-08-11T16:35:00Z,379.049,380.057,379.047,379.669,2392.960301,907797.7271159018
1786466400000,2026-08-11T16:40:00Z,379.712,379.865,378.83,378.876,2939.646112,1115595.7803919168
1786466700000,2026-08-11T16:45:00Z,378.4,378.874,377.864,378.45,7763.648985,2936299.77536053
1786467000000,2026-08-11T16:50:00Z,378.73,378.946,378.417,378.79,4500.003525,1704270.58501091
1786467300000,2026-08-11T16:55:00Z,379.13,379.282,378.192,378.35,5027.566247,1904081.61786369
1786467600000,2026-08-11T17:00:00Z,377.975,378.303,375.728,376,18285.969003,6891266.73584268
1786467900000,2026-08-11T17:05:00Z,375.51,376.28,375,375.61,30463.565693999997,11440119.91111344
1786468200000,2026-08-11T17:10:00Z,375.93,375.94,375.217,375.8,6912.931395,2596482.51480607
1786468500000,2026-08-11T17:15:00Z,375.46,375.872,375.15,375.46,7299.255476,2740958.75222926
1786468800000,2026-08-11T17:20:00Z,376.07,376.128,375.272,375.36,6224.1344070000005,2337534.67306604
1786469100000,2026-08-11T17:25:00Z,375.89,375.89,375.009,375.12,5510.2092,2068304.96204004
1786469400000,2026-08-11T17:30:00Z,374.58,375.786,374.58,374.67,6314.300206,2367611.89953182
1786469700000,2026-08-11T17:35:00Z,376.32,376.406,375.408,375.83,4270.876374,1605542.01352507
1786470000000,2026-08-11T17:40:00Z,375.455,375.758,374.732,374.761,4475,1679812.996
1786470300000,2026-08-11T17:45:00Z,374.775,375.892,374.725,375.644,4638.224283,1738645.8518849204
1786470600000,2026-08-11T17:50:00Z,375.67,376.25,375.67,376.032,1684.10239,633163.891876828
1786470900000,2026-08-11T17:55:00Z,376.305,376.307,375.883,376.23,7291.136629999999,2742300.02068315
1786471200000,2026-08-11T18:00:00Z,374.91,376.003,374.782,375.26,7223.78948,2710742.17232791
1786471500000,2026-08-11T18:05:00Z,375.32,375.73,375.27,375.31,7959.642464,2988729.53445203
1786471800000,2026-08-11T18:10:00Z,375.24,376.242,375.221,375.93,9262.242420999999,3480334.8271271
1786472100000,2026-08-11T18:15:00Z,375.597,375.958,375.587,375.587,5853.5849339999995,2200213.31027478
1786472400000,2026-08-11T18:20:00Z,374.82,375.586,374.82,375.42,7585.289974,2845971.2156139
1786472700000,2026-08-11T18:25:00Z,375.47,375.703,374.3,374.6,8314.068861,3116815.54792155
1786473000000,2026-08-11T18:30:00Z,374.77,375.288,374.354,375.25,13830.713356,5184632.38226958
1786473300000,2026-08-11T18:35:00Z,375.46,375.854,374.959,375.1,11040.833147000001,4144786.17571616
1786473600000,2026-08-11T18:40:00Z,375.52,375.623,374.736,375.35,11714.719475,4395090.96552818
1786473900000,2026-08-11T18:45:00Z,375.735,376.3,375.353,376.3,7608.491385,2859753.44083681
1786474200000,2026-08-11T18:50:00Z,375.955,376.329,375.831,376.14,6622.851959,2490824.81894608
1786474500000,2026-08-11T18:55:00Z,376.088,376.171,375.385,375.385,2385.53152,897034.741069692
1786474800000,2026-08-11T19:00:00Z,375.52,376.319,375.14,375.871,5239.172656,1966494.640979992
1786475100000,2026-08-11T19:05:00Z,375.856,375.856,374.275,374.834,9484.090514,3552946.6291686682
1786475400000,2026-08-11T19:10:00Z,375.59,376.134,374.846,375.705,8790.098384,3301458.10887931
1786475700000,2026-08-11T19:15:00Z,375.46,376.301,375.431,376.23,9294.957704,3493507.06456109
1786476000000,2026-08-11T19:20:00Z,375.84,376.112,374.897,374.92,6866.352038000001,2579192.02342425
1786476300000,2026-08-11T19:25:00Z,374.62,375.877,374.62,375.58,12864.476138999999,4827037.03872309
1786476600000,2026-08-11T19:30:00Z,375.93,376.527,375.341,376.15,14285.298782000002,5367963.86683409
1786476900000,2026-08-11T19:35:00Z,376.3,377.14,376.008,377.14,12089.924260000002,4553107.79105091
1786477200000,2026-08-11T19:40:00Z,377.055,377.11,376.333,376.38,14176.89261,5341850.30006948
1786477500000,2026-08-11T19:45:00Z,376.51,376.932,376.423,376.81,15328.287602999999,5775166.87723058
1786477800000,2026-08-11T19:50:00Z,376.71,378.8,376.71,378.8,49423.210728,18689041.1743181
1786478100000,2026-08-11T19:55:00Z,379.06,379.605,378.648,379.47,172176.817972,65278912.15372251
1786478400000,2026-08-11T20:00:00Z,379.407,379.727,377.214,379.725,395497.836627,150063902.35051726
1786478700000,2026-08-11T20:05:00Z,379.725,379.725,379.272,379.64,394,149575.3232
1786479000000,2026-08-11T20:10:00Z,379.64,379.724,379.64,379.724,24.737273,9391.25832172
1786479300000,2026-08-11T20:15:00Z,379.725,382.554,379.226,379.226,662.312129,253330.0180824486
1786479600000,2026-08-11T20:20:00Z,379.225,379.64,379.225,379.225,224,84973.4592
1786479900000,2026-08-11T20:25:00Z,378.983,379.225,377.776,379.225,868,328224.3048
1786480200000,2026-08-11T20:30:00Z,379.225,379.225,379.225,379.225,1,379.225
1786480500000,2026-08-11T20:35:00Z,379.225,379.225,379.225,379.225,42,15927.45
1786480800000,2026-08-11T20:40:00Z,379.225,379.225,379.225,379.225,40,15169
1786481400000,2026-08-11T20:50:00Z,379.225,379.225,379.225,379.225,535.005739,202887.55137228
1786481700000,2026-08-11T20:55:00Z,379.225,379.225,379.225,379.225,25,9480.625
1786482000000,2026-08-11T21:00:00Z,379.225,379.225,379.225,379.225,62,23511.95
1786482300000,2026-08-11T21:05:00Z,379.225,379.989,379.225,379.989,702,266274.0054
1786482600000,2026-08-11T21:10:00Z,380.071,380.48,380.071,380.48,52,19766.5468
1786482900000,2026-08-11T21:15:00Z,380.48,380.48,377.992,377.992,425,161681.305
1786483200000,2026-08-11T21:20:00Z,377.991,380.485,377.99,380.485,0,0
1786483500000,2026-08-11T21:25:00Z,380.484,380.485,379.498,380.485,7,2661.712
1786483800000,2026-08-11T21:30:00Z,380.485,380.485,379.486,379.486,0,0
1786484100000,2026-08-11T21:35:00Z,379.568,379.979,379.568,379.979,8,3036.9552
1786484400000,2026-08-11T21:40:00Z,379.98,380.145,379.98,380.145,22,8359.89
1786484700000,2026-08-11T21:45:00Z,380.145,380.145,380.145,380.145,3,1140.435
1786485000000,2026-08-11T21:50:00Z,380.145,380.145,380.145,380.145,61,23188.845
1786485300000,2026-08-11T21:55:00Z,380.145,380.145,379.487,379.487,13,4941.6653
1786485600000,2026-08-11T22:00:00Z,379.486,379.486,379.486,379.486,0,0
1786485900000,2026-08-11T22:05:00Z,379.485,379.485,379.485,379.485,24.317909,9228.28169687
1786486200000,2026-08-11T22:10:00Z,379.746,381.05,379.746,381.05,31,11808.3371
1786486500000,2026-08-11T22:15:00Z,381.05,381.05,381.05,381.05,3,1143.15
1786486800000,2026-08-11T22:20:00Z,381.05,381.05,381.05,381.05,7,2667.35
1786487100000,2026-08-11T22:25:00Z,381.05,381.05,381.05,381.05,49,18671.45
1786487400000,2026-08-11T22:30:00Z,381.05,381.05,381.05,381.05,0,0
1786487700000,2026-08-11T22:35:00Z,381.05,381.05,381.05,381.05,0,0
1786488000000,2026-08-11T22:40:00Z,381.015,381.015,380.841,380.841,22,8378.502
1786488300000,2026-08-11T22:45:00Z,380.84,380.84,380.84,380.84,5,1904.2
1786488600000,2026-08-11T22:50:00Z,380.84,380.84,380.84,380.84,26.055,9922.7862
1786488900000,2026-08-11T22:55:00Z,380.84,380.84,380.84,380.84,10,3808.4
1786489200000,2026-08-11T23:00:00Z,380.84,380.84,380.84,380.84,34,12948.56
1786489500000,2026-08-11T23:05:00Z,380.84,380.84,380.84,380.84,1,380.84
1786489800000,2026-08-11T23:10:00Z,380.84,381.324,380.84,380.84,180,68566.608
1786490400000,2026-08-11T23:20:00Z,380.923,381.339,380.841,380.841,36,13715.8056
1786490700000,2026-08-11T23:25:00Z,380.84,380.84,380.84,380.84,19,7235.96
1786491000000,2026-08-11T23:30:00Z,380.84,380.84,380.84,380.84,12.847089,4892.68537476
1786491300000,2026-08-11T23:35:00Z,380.84,380.84,380.84,380.84,16,6093.44
1786491600000,2026-08-11T23:40:00Z,380.84,380.84,380.84,380.84,1,380.84
1786491900000,2026-08-11T23:45:00Z,380.84,380.84,380.84,380.84,55,20946.2
1786492200000,2026-08-11T23:50:00Z,380.84,380.84,380.84,380.84,50,19042
1786492500000,2026-08-11T23:55:00Z,380.84,380.84,380.84,380.84,102,38845.68
1786492800000,2026-08-12T00:00:00Z,380.32,381.01,380.29,381,75,28555.73
1786494000000,2026-08-12T00:20:00Z,380.41,381.18,380.41,380.99,357,135998.84
1786494900000,2026-08-12T00:35:00Z,380.4,380.4,380.32,380.32,5,1901.76
1786495500000,2026-08-12T00:45:00Z,380.39,380.39,380.31,380.31,60,22820.76
1786496100000,2026-08-12T00:55:00Z,380.87,380.87,380.87,380.87,2,761.74
1786496400000,2026-08-12T01:00:00Z,380.99,381.03,380.99,381.03,32,12192.26
1786498800000,2026-08-12T01:40:00Z,381.02,381.02,381.02,381.02,20,7620.4
1786500000000,2026-08-12T02:00:00Z,381.45,381.79,381.45,381.79,62,23657.35
1786500300000,2026-08-12T02:05:00Z,382.28,382.28,382,382,7,2675.4
1786500900000,2026-08-12T02:15:00Z,381.06,381.06,381.06,381.06,5,1905.3
1786501800000,2026-08-12T02:30:00Z,382.07,382.47,381.96,382.47,13,4970.75
1786502100000,2026-08-12T02:35:00Z,382.41,382.99,382.41,382.99,40,15314.17
1786503300000,2026-08-12T02:55:00Z,382.99,382.99,382.99,382.99,11,4212.89
1786504200000,2026-08-12T03:10:00Z,383.41,383.42,383.41,383.42,15,5751.22
1786504500000,2026-08-12T03:15:00Z,383.38,383.38,383.38,383.38,2,766.76
1786505700000,2026-08-12T03:35:00Z,383.01,383.01,383.01,383.01,2,766.02
1786506000000,2026-08-12T03:40:00Z,382.96,382.96,382.96,382.96,5,1914.8
1786506600000,2026-08-12T03:50:00Z,382.78,382.78,382.23,382.23,24,9179.87
1786506900000,2026-08-12T03:55:00Z,382.23,382.41,382.23,382.41,31,11854.53
1786509600000,2026-08-12T04:40:00Z,382.87,382.87,382.87,382.87,2,765.74
1786511400000,2026-08-12T05:10:00Z,382.39,382.39,381.98,381.98,118,45115.1
1786511700000,2026-08-12T05:15:00Z,381.87,381.87,381.49,381.5,91,34718.57
1786512000000,2026-08-12T05:20:00Z,381.51,381.51,381.51,381.51,2,763.02
1786512600000,2026-08-12T05:30:00Z,381.5,381.91,381.5,381.91,7,2672.55
1786514400000,2026-08-12T06:00:00Z,383.07,383.07,382.23,382.23,7,2680.65
1786514700000,2026-08-12T06:05:00Z,383.1,383.37,383.1,383.37,130,49811.1
1786515000000,2026-08-12T06:10:00Z,383,383.18,383,383.18,11,4213.36
1786515300000,2026-08-12T06:15:00Z,382.8,383.79,382.8,383.79,149,57079.95
1786516500000,2026-08-12T06:35:00Z,383.12,383.12,383.12,383.12,2,766.24
1786516800000,2026-08-12T06:40:00Z,383.78,384.04,383.78,383.93,69,26490.03
1786517100000,2026-08-12T06:45:00Z,384.1,384.1,383.91,383.91,8,3072.07
1786517700000,2026-08-12T06:55:00Z,384.4,385.8,384.4,385.8,260,100227.68
1786518000000,2026-08-12T07:00:00Z,384.21,384.21,383.96,384.03,51,19589.2
1786518300000,2026-08-12T07:05:00Z,385.56,385.56,385.39,385.55,86,33146.41
1786518600000,2026-08-12T07:10:00Z,385.49,385.75,385.03,385.03,40,15421.43
1786518900000,2026-08-12T07:15:00Z,385.81,385.82,385.81,385.82,41,15818.22
1786519200000,2026-08-12T07:20:00Z,385.37,385.37,385.21,385.21,15,5780.07
1786519500000,2026-08-12T07:25:00Z,385.2,385.79,385.04,385.79,312,120279.4
1786519800000,2026-08-12T07:30:00Z,385.79,385.79,385.37,385.37,31,11956.13
1786520100000,2026-08-12T07:35:00Z,385.49,385.49,385.36,385.36,6,2312.42
1786520400000,2026-08-12T07:40:00Z,385.59,385.62,385.59,385.62,54,20822.94
1786520700000,2026-08-12T07:45:00Z,385.62,385.96,385.62,385.96,20,7713.08
1786521000000,2026-08-12T07:50:00Z,386.03,386.03,386.03,386.03,30,11580.9
1786521300000,2026-08-12T07:55:00Z,386.5,386.5,385.22,385.45,14,5408.67
1786521600000,2026-08-12T08:00:00Z,381.622,385.535,381.622,385.535,2124.436016,818823.4980829
1786521900000,2026-08-12T08:05:00Z,385.535,385.535,384.03,384.03,41,15805.4303
1786522200000,2026-08-12T08:10:00Z,384.193,385.01,384.193,385.01,698,268559.4786
1786522500000,2026-08-12T08:15:00Z,385.01,385.01,385.01,385.01,24.100507999999998,9278.93658508
1786522800000,2026-08-12T08:20:00Z,385.01,385.01,385.01,385.01,43,16555.43
1786523100000,2026-08-12T08:25:00Z,385.01,385.303,385.01,385.303,33,12708.2571
1786523400000,2026-08-12T08:30:00Z,385.304,385.305,385.304,385.305,284,109426.62
1786523700000,2026-08-12T08:35:00Z,385.305,386.355,385.305,386.355,16,6178.3248
1786524000000,2026-08-12T08:40:00Z,386.355,386.745,386.355,386.745,169,65359.1445
1786524300000,2026-08-12T08:45:00Z,386.745,386.745,386.745,386.745,20,7734.9
1786524600000,2026-08-12T08:50:00Z,386.745,386.745,386.745,386.745,180,69614.1
1786524900000,2026-08-12T08:55:00Z,386.745,386.745,386.745,386.745,5,1933.725
1786525200000,2026-08-12T09:00:00Z,386.745,386.745,386.745,386.745,392,151604.04
1786525500000,2026-08-12T09:05:00Z,386.745,388.3,386.745,388.3,458,177367.6448
1786525800000,2026-08-12T09:10:00Z,388.3,388.3,388.3,388.3,306,118819.8
1786526100000,2026-08-12T09:15:00Z,388.3,388.3,388.3,388.3,215,83484.5
1786526400000,2026-08-12T09:20:00Z,388.3,388.3,388.3,388.3,180,69894
1786526700000,2026-08-12T09:25:00Z,388.807,391.344,388.807,390.695,131,51182.4074
1786527000000,2026-08-12T09:30:00Z,390.695,390.695,390.695,390.695,15.01333,5865.63296435
1786527300000,2026-08-12T09:35:00Z,390.695,390.695,390.695,390.695,67,26176.565
1786527600000,2026-08-12T09:40:00Z,390.695,390.695,390.695,390.695,4,1562.78
1786527900000,2026-08-12T09:45:00Z,390.695,390.695,390.695,390.695,31,12111.545
1786528200000,2026-08-12T09:50:00Z,390.695,390.695,390.695,390.695,18.984867,7417.29261257
1786528500000,2026-08-12T09:55:00Z,390.695,390.695,390.695,390.695,37,14455.715
1786528800000,2026-08-12T10:00:00Z,390.695,390.695,390.141,390.141,24,9376.68
1786529100000,2026-08-12T10:05:00Z,390.14,390.14,390.14,390.14,3,1170.42
1786529400000,2026-08-12T10:10:00Z,390.14,390.14,390.14,390.14,1,390.14
1786529700000,2026-08-12T10:15:00Z,390.14,390.14,390.14,390.14,127,49547.78
1786530000000,2026-08-12T10:20:00Z,390.14,390.14,390.14,390.14,25,9753.5
1786530300000,2026-08-12T10:25:00Z,390.14,390.14,390.14,390.14,47,18336.58
1786530600000,2026-08-12T10:30:00Z,390.14,390.14,388.296,388.296,25,9753.5
1786530900000,2026-08-12T10:35:00Z,388.295,388.295,388.295,388.295,25,9707.375
1786531200000,2026-08-12T10:40:00Z,388.295,388.295,388.295,388.295,26,10095.67
1786531500000,2026-08-12T10:45:00Z,388.295,388.295,387.211,387.211,541,210050.1207
1786531800000,2026-08-12T10:50:00Z,387.21,387.21,387.21,387.21,1,387.21
1786532400000,2026-08-12T11:00:00Z,387.21,389.744,387.21,389.295,904.0258200000001,351551.86551893
1786532700000,2026-08-12T11:05:00Z,389.295,389.295,389.295,389.295,164,63844.38
1786533000000,2026-08-12T11:10:00Z,389.295,389.295,389.295,389.295,131,50997.645
1786533300000,2026-08-12T11:15:00Z,389.166,389.166,387.896,387.924,185,71858.107
1786533600000,2026-08-12T11:20:00Z,387.925,387.925,387.925,387.925,185,71766.125
1786533900000,2026-08-12T11:25:00Z,387.925,387.925,387.925,387.925,205,79524.625
1786534200000,2026-08-12T11:30:00Z,387.958,388.52,387.958,388.52,382,148296.984
1786534500000,2026-08-12T11:35:00Z,388.52,388.52,388.52,388.52,130,50507.6
1786534800000,2026-08-12T11:40:00Z,388.52,389.92,388.52,389.92,149,57959.3163
1786535100000,2026-08-12T11:45:00Z,389.92,389.92,389.92,389.92,117,45620.64
1786535400000,2026-08-12T11:50:00Z,389.92,390.409,389.785,390.409,130.02572,50707.46929332
1786535700000,2026-08-12T11:55:00Z,390.41,390.41,390.41,390.41,44,17178.04
1786536000000,2026-08-12T12:00:00Z,390.41,390.41,390.41,390.41,473.280583,184773.47240903
1786536300000,2026-08-12T12:05:00Z,390.41,390.41,390.075,390.075,81,31601.5425
1786536600000,2026-08-12T12:10:00Z,390.075,390.075,388.856,389.185,64,24927.6608
1786536900000,2026-08-12T12:15:00Z,389.185,390.075,389.185,390.075,546.002836,212783.9664238
1786537200000,2026-08-12T12:20:00Z,390.075,390.075,390.075,390.075,390,152129.25
1786537500000,2026-08-12T12:25:00Z,390.075,393.083,390.075,393.083,499,194664.9399
1786537800000,2026-08-12T12:30:00Z,393.39,393.482,390.502,393.39,1577.021637,617807.84612674
1786538100000,2026-08-12T12:35:00Z,391.5,394.7,391.5,394.7,1927.266521,757425.95726556
1786538400000,2026-08-12T12:40:00Z,395.94,395.94,393.45,395.94,481,189923.4753
1786538700000,2026-08-12T12:45:00Z,394,394,394,394,423.026417,166672.408298
1786539000000,2026-08-12T12:50:00Z,394,394,394,394,492,193848
1786539300000,2026-08-12T12:55:00Z,394,394,393.419,393.5,343.002135,134968.97340777
1786539600000,2026-08-12T13:00:00Z,393.5,394.495,393.5,394.495,777.013132,306251.72274254
1786539900000,2026-08-12T13:05:00Z,394.495,396.995,394.495,396.995,760.6210599999999,301523.42299044
1786540200000,2026-08-12T13:10:00Z,396.995,396.995,396.5,396.5,184,72995.4864
1786540500000,2026-08-12T13:15:00Z,396.5,397.095,396.5,397.095,569,225701.8729
1786540800000,2026-08-12T13:20:00Z,397.095,397.095,397.095,397.095,985.446258,391315.78182051
1786541100000,2026-08-12T13:25:00Z,397.095,398.34,397.095,398.211,1644.009118,653133.9993820316
1786541400000,2026-08-12T13:30:00Z,397.926,398.14,393.81,395.7,33464.599905,13306061.8882258625
1786541700000,2026-08-12T13:35:00Z,395.615,402.74,395.542,397.292,3130,1251096.46
1786542000000,2026-08-12T13:40:00Z,397.413,400.04,396.12,399.573,1326,528509.64
1786542300000,2026-08-12T13:45:00Z,399.571,402.49,396.899,402.311,1660,663883.14
1786542600000,2026-08-12T13:50:00Z,402.19,403.43,401,401.651,1738,699685.405
1786542900000,2026-08-12T13:55:00Z,401.708,402.533,400.21,402.533,19532.580321,7832223.2752606392
1786543200000,2026-08-12T14:00:00Z,402.575,404.14,401.77,402.367,1412,568542.38
1786543500000,2026-08-12T14:05:00Z,402.01,404.285,402.01,403.885,756,304943.51
1786543800000,2026-08-12T14:10:00Z,404.5,405.565,403.35,403.93,36100.594923,14602806.16825725
1786544100000,2026-08-12T14:15:00Z,403.99,406.052,403.96,404.71,24849.217355,10066467.64894521
1786544400000,2026-08-12T14:20:00Z,404.87,406.49,404.495,406.125,33338.890999,13514182.84368354
1786544700000,2026-08-12T14:25:00Z,406.36,408.2,405.96,406.14,33761.911191,13741074.22139917
1786545000000,2026-08-12T14:30:00Z,405.71,406.411,403.35,403.35,44871.38854100001,18169573.92779755
1786545300000,2026-08-12T14:35:00Z,403.795,405.225,402.857,404.075,26464.898685999997,10696349.85979904
1786545600000,2026-08-12T14:40:00Z,404.66,405.728,404.277,405.57,31449.999975000002,12742782.0448706
1786545900000,2026-08-12T14:45:00Z,405.615,406.226,405.24,405.77,20581.368295999997,8349957.85011819
1786546200000,2026-08-12T14:50:00Z,405.7,406.39,403.36,403.4,24516.573769,9942034.54452619
1786546500000,2026-08-12T14:55:00Z,403.89,405.656,403.299,405.31,11031.3286,4459479.67138874
1786546800000,2026-08-12T15:00:00Z,405.091,405.67,404.256,405.193,1297,524976.45
1786547100000,2026-08-12T15:05:00Z,405.218,407.497,405.218,407.202,502,204143.61
1786547400000,2026-08-12T15:10:00Z,407.203,408.48,406.277,407.99,7084.7795989999995,2882605.4183212899966051
1786547700000,2026-08-12T15:15:00Z,407.906,408.25,406.83,407.203,12100.929407,4932608.6770189761
1786548000000,2026-08-12T15:20:00Z,407.204,407.295,405.949,406.692,5022.542678,2044676.116091632
1786548300000,2026-08-12T15:25:00Z,406.688,407.49,406.485,407.066,6492.693048,2640466.69606278
1786548600000,2026-08-12T15:30:00Z,407.02,407.29,405.72,406.21,10415.160997,4236168.84747081
1786548900000,2026-08-12T15:35:00Z,406.7,407.006,405.474,406.01,11334.46262,4607064.61573082
1786549200000,2026-08-12T15:40:00Z,405.05,405.463,404.715,405.04,15112.626206,6121645.80579987
1786549500000,2026-08-12T15:45:00Z,404.37,404.787,402.969,403.625,15443.473616000001,6236874.61807411
1786549800000,2026-08-12T15:50:00Z,403.12,405.115,402.74,404.09,14410.535098,5824369.37691309
1786550100000,2026-08-12T15:55:00Z,403.62,405.195,403.466,404.99,14371.431013000001,5808465.34394668
1786550400000,2026-08-12T16:00:00Z,405.36,406.695,405.222,406.66,16883.752013,6856057.78005257
1786550700000,2026-08-12T16:05:00Z,406.37,407.142,406.057,406.66,9840.023507,3999873.12336513
1786551000000,2026-08-12T16:10:00Z,406.64,407.08,406.6,406.95,11916.600584,4847688.60915196
1786551300000,2026-08-12T16:15:00Z,406.56,406.749,405.86,405.86,12556.652749,5102314.22631328
1786551600000,2026-08-12T16:20:00Z,405.886,406.459,405.754,406.04,3993.34004,1620900.834163568
1786551900000,2026-08-12T16:25:00Z,406.04,406.41,404.48,404.672,5062.68102,2056304.934014884
1786552200000,2026-08-12T16:30:00Z,404.673,404.678,403.96,403.975,9875.04114,3993104.759039074
1786552500000,2026-08-12T16:35:00Z,404.32,404.504,403.537,404.26,11089.43599,4482305.66941404
1786552800000,2026-08-12T16:40:00Z,404,404.49,403.1,403.1,15687.673017000001,6335767.95123738
1786553100000,2026-08-12T16:45:00Z,403.75,404.265,402.881,403.33,8623.179273000002,3480388.45160662
1786553400000,2026-08-12T16:50:00Z,402.795,404.255,402.782,403.79,15822.417835999999,6385109.81960748
1786553700000,2026-08-12T16:55:00Z,403.54,404.48,403.452,404.26,8949.511944,3614666.70642666
1786554000000,2026-08-12T17:00:00Z,404.14,404.636,404.1,404.3,15649.249872,6327915.02899205
1786554300000,2026-08-12T17:05:00Z,404.29,404.443,403.19,403.19,10305.76276,4162341.96174632
1786554600000,2026-08-12T17:10:00Z,402.91,403.318,402.31,402.925,15526.432545,6254281.47825743
1786554900000,2026-08-12T17:15:00Z,402.95,403.476,402.6,403.4,21477.054723,8657465.19000547
1786555200000,2026-08-12T17:20:00Z,403.345,403.48,403.069,403.19,7318.225435,2951176.1299973
1786555500000,2026-08-12T17:25:00Z,403.88,404.143,403.24,403.895,8852.870235999999,3574595.12343863
1786555800000,2026-08-12T17:30:00Z,403.66,404.1,403.59,404.035,11372.155327999999,4592473.20966735
1786556100000,2026-08-12T17:35:00Z,403.977,404.573,403.977,404.267,12023.323787,4860434.321020229
1786556400000,2026-08-12T17:40:00Z,404.268,405.234,403.98,404.831,23700.358685,9592258.7453747561
1786556700000,2026-08-12T17:45:00Z,404.831,405.453,404.53,405.453,6200.508441,2509714.538952545
1786557000000,2026-08-12T17:50:00Z,405.455,405.959,405.173,405.707,4964.60044,2013494.12274442
1786557300000,2026-08-12T17:55:00Z,405.685,406.227,405.561,406.125,5418.723760999999,2199643.9856646100940695
1786557600000,2026-08-12T18:00:00Z,406.04,406.228,404.48,404.48,12813.070427000002,5196595.69177135
1786557900000,2026-08-12T18:05:00Z,404.79,404.926,404.181,404.21,17957.387153999996,7265470.85131134
1786558200000,2026-08-12T18:10:00Z,404.25,405.744,404.126,405.3,14781.691119,5986113.3672483
1786558500000,2026-08-12T18:15:00Z,405.345,405.916,405.335,405.88,11634.338502999999,4719047.08725429
1786558800000,2026-08-12T18:20:00Z,405.79,405.965,405.646,405.76,12344.116845,5009121.64335592
1786559100000,2026-08-12T18:25:00Z,405.95,406.25,405.354,405.48,14043.594712,5699953.8342493
1786559400000,2026-08-12T18:30:00Z,406.01,406.389,405.493,405.51,16775.833924000002,6811985.05767909
1786559700000,2026-08-12T18:35:00Z,405.54,405.636,405.104,405.25,10602.918471,4298029.77986813
1786560000000,2026-08-12T18:40:00Z,405.74,405.868,405.388,405.73,9862.412276,4000407.44725076
1786560300000,2026-08-12T18:45:00Z,405.56,405.729,404.887,405.01,10816.770703,4383619.63857676
1786560600000,2026-08-12T18:50:00Z,404.98,405.151,404.913,405.15,9540.072681000001,3864334.27641298
1786560900000,2026-08-12T18:55:00Z,404.22,404.97,403.975,404.01,12221.176908,4940750.51377704
1786561200000,2026-08-12T19:00:00Z,404.345,404.439,403.427,403.703,836,337693.66
1786561500000,2026-08-12T19:05:00Z,403.704,404.454,403.229,403.383,8996.808975,3634728.08768872
1786561800000,2026-08-12T19:10:00Z,403.31,403.847,402.85,403.8,17926.154316,7229897.68365013
1786562100000,2026-08-12T19:15:00Z,403.86,405.099,403.668,404.575,15965.610519,6457018.16246968
1786562400000,2026-08-12T19:20:00Z,404.28,404.54,402.745,402.745,16244.034128,6554488.88789237
1786562700000,2026-08-12T19:25:00Z,402.49,403.21,402.21,402.9,17235.916258,6939309.15484274
1786563000000,2026-08-12T19:30:00Z,402.78,402.889,401.06,402.37,25632.649914,10301838.89838634
1786563300000,2026-08-12T19:35:00Z,402.575,403.238,402.137,402.8,17250.656202,6947132.51370083
1786563600000,2026-08-12T19:40:00Z,402.76,403.341,401.67,402.43,24796.072936999997,9981924.47876977
1786563900000,2026-08-12T19:45:00Z,402.56,403.37,402.428,403.17,27294.18134,10997022.17999165
1786564200000,2026-08-12T19:50:00Z,403.04,403.41,402.089,402.545,70491.92164300001,28387611.4366641
1786564500000,2026-08-12T19:55:00Z,402.33,403.105,402.15,402.6,147150.09906900002,59252268.21666843
1786564800000,2026-08-12T20:00:00Z,402.739,402.739,399.871,401.5,695527.128933,280092252.45696377
1786565100000,2026-08-12T20:05:00Z,401.5,402.165,401.5,401.5,1246.059212,500293.27204168
1786565400000,2026-08-12T20:10:00Z,401.5,401.5,401.276,401.276,22.135453,8887.3843795
1786565700000,2026-08-12T20:15:00Z,401.313,401.5,399.906,399.906,80.223817,32209.4774511784
1786566000000,2026-08-12T20:20:00Z,399.905,401.5,399.905,401.389,753,302298.7436
1786566300000,2026-08-12T20:25:00Z,401.271,401.435,400.681,401.435,20,8022.336
1786566600000,2026-08-12T20:30:00Z,401.435,401.44,400.5,401.438,58.668935000000005,23541.79606967
1786566900000,2026-08-12T20:35:00Z,401.431,401.431,400.504,401.39,89,35716.3942
1786567200000,2026-08-12T20:40:00Z,401.39,401.39,401.39,401.39,93,37329.27
1786567500000,2026-08-12T20:45:00Z,401.39,401.39,401.121,401.121,23674,9502504.4926
1786567800000,2026-08-12T20:50:00Z,401.12,401.499,401.12,401.499,125,50153.425
1786568100000,2026-08-12T20:55:00Z,401.5,401.5,401.231,401.231,35,14048.1215
1786568400000,2026-08-12T21:00:00Z,401.23,401.23,401.23,401.23,1,401.23
1786568700000,2026-08-12T21:05:00Z,401.23,401.5,401.23,401.5,98,39334.0052
1786569000000,2026-08-12T21:10:00Z,401.455,401.455,401.23,401.23,480893,192955911.785
1786569300000,2026-08-12T21:15:00Z,401.23,401.23,401.23,401.23,83,33302.09
1786569600000,2026-08-12T21:20:00Z,401.23,401.5,401.23,401.5,12.019,4823.1537879
1786569900000,2026-08-12T21:25:00Z,401.5,401.5,401.5,401.5,30,12045
1786570200000,2026-08-12T21:30:00Z,401.5,401.5,401.5,401.5,1,401.5
1786570500000,2026-08-12T21:35:00Z,401.5,401.869,401.5,401.869,420,168659.61
1786570800000,2026-08-12T21:40:00Z,402.287,404.369,402.287,404.369,78,31386.7008
1786571100000,2026-08-12T21:45:00Z,404.369,404.37,402.606,402.606,197,79611.3248
1786571400000,2026-08-12T21:50:00Z,402.605,402.605,402.601,402.601,0,0
1786571700000,2026-08-12T21:55:00Z,402.601,402.601,402.6,402.6,107,43078.2
1786572000000,2026-08-12T22:00:00Z,402.6,402.6,402.6,402.6,29,11675.4
1786572300000,2026-08-12T22:05:00Z,402.6,402.6,402.6,402.6,23.747743,9560.8413318
1786572600000,2026-08-12T22:10:00Z,402.6,402.6,402.6,402.6,147,59182.2
1786572900000,2026-08-12T22:15:00Z,402.6,402.6,402.6,402.6,5,2013
1786573200000,2026-08-12T22:20:00Z,402.6,402.6,402.6,402.6,25,10065
1786573500000,2026-08-12T22:25:00Z,402.35,402.35,401.1,401.1,126,50663.6928
1786573800000,2026-08-12T22:30:00Z,401.1,401.1,401.1,401.1,64,25670.4
1786574100000,2026-08-12T22:35:00Z,401.1,401.6,401.1,401.6,7,2807.7
1786574400000,2026-08-12T22:40:00Z,401.6,401.6,401.1,401.1,9,3614.4
1786574700000,2026-08-12T22:45:00Z,401.1,401.67,401.1,401.67,7,2808.8403
1786575300000,2026-08-12T22:55:00Z,401.67,401.67,401.67,401.67,16,6426.72
1786575600000,2026-08-12T23:00:00Z,401.67,401.67,401.67,401.67,18,7230.06
1786575900000,2026-08-12T23:05:00Z,401.67,403.07,401.67,403.07,95,38254.8945
1786576200000,2026-08-12T23:10:00Z,403.07,403.07,403.07,403.07,14,5642.98
1786576500000,2026-08-12T23:15:00Z,403.279,404.325,403.279,404.325,0,0
1786576800000,2026-08-12T23:20:00Z,404.325,404.325,404.325,404.325,41,16577.325
1786577100000,2026-08-12T23:25:00Z,404.325,404.325,404.325,404.325,10,4043.25
1786577400000,2026-08-12T23:30:00Z,404.325,404.325,404.325,404.325,23.496393,9500.17909973
1786577700000,2026-08-12T23:35:00Z,404.325,404.325,404.325,404.325,24,9703.8
1786578000000,2026-08-12T23:40:00Z,404.325,404.325,404.325,404.325,23,9299.475
1786578300000,2026-08-12T23:45:00Z,404.325,404.325,401.572,403.669,15,6064.875
1786578600000,2026-08-12T23:50:00Z,403.67,403.67,403.67,403.67,0,0
1786578900000,2026-08-12T23:55:00Z,403.67,404.014,403.67,404.014,80,32293.888
1786579200000,2026-08-13T00:00:00Z,402.28,402.29,402.28,402.29,10,4022.82
1786579800000,2026-08-13T00:10:00Z,403.49,403.49,403.49,403.49,11,4438.39
1786580400000,2026-08-13T00:20:00Z,403.01,403.2,403.01,403.02,23,9270.85
1786580700000,2026-08-13T00:25:00Z,403.5,403.51,403.5,403.51,20,8070.01
1786582500000,2026-08-13T00:55:00Z,402.74,402.74,402.74,402.74,5,2013.7
1786583700000,2026-08-13T01:15:00Z,403.32,403.32,403.32,403.32,1,403.32
1786584300000,2026-08-13T01:25:00Z,402.73,402.73,402.49,402.49,64,25760.8
1786584900000,2026-08-13T01:35:00Z,402.49,402.75,402.49,402.75,218,87749.29
1786585800000,2026-08-13T01:50:00Z,402.81,402.81,402.81,402.81,2,805.62
1786586400000,2026-08-13T02:00:00Z,403.42,403.76,403.42,403.76,96,38754.93
1786586700000,2026-08-13T02:05:00Z,403.49,403.76,403.45,403.76,5,2017.94
1786587000000,2026-08-13T02:10:00Z,403.53,404.08,403.44,404.08,68,27445.09
1786587600000,2026-08-13T02:20:00Z,403.92,404,403.87,403.87,151,60988.63
1786588200000,2026-08-13T02:30:00Z,403,403,402.76,402.76,19,7654.31
1786588500000,2026-08-13T02:35:00Z,402.05,403.41,402.05,403.41,20,8060.42
1786589100000,2026-08-13T02:45:00Z,403.58,403.61,403.43,403.61,19,7665.83
1786589700000,2026-08-13T02:55:00Z,403.8,403.8,403.45,403.45,112,45222.58
1786590000000,2026-08-13T03:00:00Z,403.61,403.61,403.49,403.49,28,11298.54
1786590300000,2026-08-13T03:05:00Z,403.59,403.59,403.5,403.5,5,2017.68
1786590600000,2026-08-13T03:10:00Z,403.52,403.52,403.5,403.5,6,2421.02
1786590900000,2026-08-13T03:15:00Z,403.86,403.86,403.86,403.86,4,1615.44
1786591500000,2026-08-13T03:25:00Z,403.72,403.84,403.54,403.84,62,25022.51
1786592100000,2026-08-13T03:35:00Z,404.04,404.04,404.04,404.04,1,404.04
1786592400000,2026-08-13T03:40:00Z,404.09,404.09,404,404,17,6869.19
1786593000000,2026-08-13T03:50:00Z,404.2,404.2,404.02,404.02,3,1212.42
1786593300000,2026-08-13T03:55:00Z,404.21,404.21,404.21,404.21,1,404.21
1786593600000,2026-08-13T04:00:00Z,404.5,404.79,404.5,404.66,73,29538.32
1786593900000,2026-08-13T04:05:00Z,404.89,404.96,404.77,404.77,15,6072.25
1786594500000,2026-08-13T04:15:00Z,405.32,405.32,405.12,405.12,3,1215.76
1786594800000,2026-08-13T04:20:00Z,405.21,405.29,404.77,405.2,271,109792.43
1786595100000,2026-08-13T04:25:00Z,405.38,405.38,404.77,404.77,22,8910.84
1786595400000,2026-08-13T04:30:00Z,404.98,404.98,404.98,404.98,15,6074.7
1786595700000,2026-08-13T04:35:00Z,404.98,404.98,404.98,404.98,1,404.98
1786596300000,2026-08-13T04:45:00Z,405.18,405.18,405,405,31,12555.52
1786596600000,2026-08-13T04:50:00Z,405.24,405.24,405.11,405.11,8,3241.01
1786596900000,2026-08-13T04:55:00Z,405.36,405.36,405.21,405.21,42,17019.12
1786597200000,2026-08-13T05:00:00Z,405.36,405.36,404.71,404.71,13,5262.98
1786597800000,2026-08-13T05:10:00Z,405.34,405.9,405.34,405.9,8,3245.69
1786598100000,2026-08-13T05:15:00Z,406,406.03,406,406.02,52,21112.51
1786598400000,2026-08-13T05:20:00Z,406.02,406.12,406.02,406.12,5,2030.3
1786598700000,2026-08-13T05:25:00Z,406.25,406.61,406.25,406.54,412,167494.32
1786599000000,2026-08-13T05:30:00Z,406.67,406.74,406.67,406.71,91,37010.4
1786599300000,2026-08-13T05:35:00Z,406.13,406.31,406.1,406.31,46,18685.37
1786599600000,2026-08-13T05:40:00Z,406.35,406.35,406.09,406.09,82,33312.06
1786600200000,2026-08-13T05:50:00Z,405.51,405.51,405.51,405.51,4,1622.04
1786600500000,2026-08-13T05:55:00Z,405.51,405.59,405.51,405.52,37,15006.05
1786600800000,2026-08-13T06:00:00Z,405.33,405.33,404.71,404.71,48,19434.14
1786601100000,2026-08-13T06:05:00Z,405.31,405.91,405.31,405.91,33,13377.03
1786601400000,2026-08-13T06:10:00Z,405.94,405.95,405.39,405.91,19,7710
1786601700000,2026-08-13T06:15:00Z,404.99,405.51,404.94,405.51,30,12163.48
1786602000000,2026-08-13T06:20:00Z,405.05,405.05,405.04,405.04,12,4860.57
1786602600000,2026-08-13T06:30:00Z,405.02,406.27,404.95,406.27,118,47893.02
1786603200000,2026-08-13T06:40:00Z,404.97,404.97,403.66,403.98,119,48077.06
1786603500000,2026-08-13T06:45:00Z,403.81,404,403.65,403.65,18,7268.18
1786603800000,2026-08-13T06:50:00Z,403.75,404,403.53,404,338,136502.41
1786604100000,2026-08-13T06:55:00Z,404.1,404.1,403.98,403.98,19,7677.21
1786604400000,2026-08-13T07:00:00Z,404.5,404.69,404.5,404.69,12,4855.48
1786604700000,2026-08-13T07:05:00Z,404.42,404.42,402.54,402.75,213,85844.42
1786605000000,2026-08-13T07:10:00Z,402.56,402.74,402.56,402.74,4,1610.6
1786605900000,2026-08-13T07:25:00Z,403.16,403.34,403.16,403.3,65,26212.3
1786606200000,2026-08-13T07:30:00Z,403.2,403.41,403.2,403.41,9,3629.86
1786606500000,2026-08-13T07:35:00Z,403.26,403.4,403.05,403.08,22,8869.41
1786607700000,2026-08-13T07:55:00Z,402.88,402.88,402.88,402.88,1,402.88
1786608000000,2026-08-13T08:00:00Z,404.014,405.388,403.765,403.765,2936.2342909999998,1185851.95150788
1786608300000,2026-08-13T08:05:00Z,403.765,403.765,401.995,401.995,293,117987.2336
1786608600000,2026-08-13T08:10:00Z,401.995,401.995,401.995,401.995,116,46631.42
1786608900000,2026-08-13T08:15:00Z,401.995,401.995,401.655,401.655,114.002618,45790.1319477126
1786609200000,2026-08-13T08:20:00Z,401.655,401.655,401.655,401.655,205,82339.275
1786609500000,2026-08-13T08:25:00Z,401.655,401.655,401.655,401.655,57,22894.335
1786609800000,2026-08-13T08:30:00Z,401.655,401.655,401.655,401.655,1,401.655
1786610100000,2026-08-13T08:35:00Z,401.655,402.08,401.655,402.08,11,4418.2765
1786610400000,2026-08-13T08:40:00Z,402.009,402.009,401.655,401.655,7.049089,2831.66557529
1786610700000,2026-08-13T08:45:00Z,401.655,402.582,401.655,402.582,43,17274.7813
1786611000000,2026-08-13T08:50:00Z,402.591,402.74,402.591,402.74,3,1208.22
1786611300000,2026-08-13T08:55:00Z,402.74,402.74,402.74,402.74,9,3624.66
1786611600000,2026-08-13T09:00:00Z,402.74,403,401.95,401.95,84.046291,33865.67973257
1786611900000,2026-08-13T09:05:00Z,402.125,403,402.125,403,5,2010.625
1786612200000,2026-08-13T09:10:00Z,403,403,402.678,402.678,113,45534.1862
1786612500000,2026-08-13T09:15:00Z,402.675,402.675,402.66,402.66,62,24965.1432
1786612800000,2026-08-13T09:20:00Z,402.66,402.66,401.77,401.77,0,0
1786613100000,2026-08-13T09:25:00Z,401.502,401.502,399.752,399.752,486.773244,194913.4502985336
1786613400000,2026-08-13T09:30:00Z,399.751,399.751,399.621,399.621,91.374591,36523.72154189
1786613700000,2026-08-13T09:35:00Z,399.62,399.715,399.62,399.715,0,0
1786614000000,2026-08-13T09:40:00Z,399.715,399.715,399.715,399.715,102,40770.93
1786614300000,2026-08-13T09:45:00Z,399.715,399.715,399.715,399.715,35,13990.025
1786614600000,2026-08-13T09:50:00Z,399.715,399.715,399.715,399.715,194,77544.71
1786614900000,2026-08-13T09:55:00Z,399.715,402.085,399.715,401.36,47,18786.605
1786615200000,2026-08-13T10:00:00Z,401.36,401.36,401.36,401.36,146,58598.56
1786615500000,2026-08-13T10:05:00Z,401.36,401.36,401.36,401.36,22.003499,8831.32435864
1786615800000,2026-08-13T10:10:00Z,401.36,401.36,401.36,401.36,17,6823.12
1786616400000,2026-08-13T10:20:00Z,401.36,401.36,401.36,401.36,6,2408.16
1786616700000,2026-08-13T10:25:00Z,401.36,401.36,401.36,401.36,12,4816.32
1786617000000,2026-08-13T10:30:00Z,401.36,401.36,401.36,401.36,0,0
1786617300000,2026-08-13T10:35:00Z,401.36,401.36,401.36,401.36,0,0
1786617600000,2026-08-13T10:40:00Z,401.36,401.36,401.36,401.36,1,401.36
1786618200000,2026-08-13T10:50:00Z,401.36,401.36,401.36,401.36,48,19265.28
1786618500000,2026-08-13T10:55:00Z,401.36,401.36,401.36,401.36,11,4414.96
1786618800000,2026-08-13T11:00:00Z,401.36,402.11,401.36,402.11,412,165650.8624
1786619100000,2026-08-13T11:05:00Z,402.11,402.11,402.11,402.11,9,3618.99
1786619400000,2026-08-13T11:10:00Z,402.11,402.11,402.11,402.11,50,20105.5
1786619700000,2026-08-13T11:15:00Z,402.11,402.11,402.11,402.11,91.179728,36664.28042608
1786620000000,2026-08-13T11:20:00Z,402.11,402.11,401.215,401.215,202,81226.0382
1786620300000,2026-08-13T11:25:00Z,401.179,401.179,401,401,449,180049
1786620600000,2026-08-13T11:30:00Z,401,401,401,401,8,3208
1786620900000,2026-08-13T11:35:00Z,401,401,401,401,0,0
1786621200000,2026-08-13T11:40:00Z,401,401,401,401,0,0
1786621500000,2026-08-13T11:45:00Z,401,401,401,401,59.073979,23688.665579
1786621800000,2026-08-13T11:50:00Z,401,401,401,401,8,3208
1786622100000,2026-08-13T11:55:00Z,401,401.337,401,401.337,136,54542.9632
1786622400000,2026-08-13T12:00:00Z,401.339,401.35,401.339,401.35,223,89500.9608
1786622700000,2026-08-13T12:05:00Z,401.35,401.35,401.35,401.35,3,1204.05
1786623000000,2026-08-13T12:10:00Z,401.35,401.35,401.35,401.35,819,328705.65
1786623300000,2026-08-13T12:15:00Z,401.35,401.35,401.35,401.35,408,163750.8
1786623600000,2026-08-13T12:20:00Z,401.35,401.35,401.35,401.35,24.5,9833.075
1786623900000,2026-08-13T12:25:00Z,401.35,401.35,401.35,401.35,1118,448709.3
1786624200000,2026-08-13T12:30:00Z,401.35,401.35,401.35,401.35,137,54984.95
1786624500000,2026-08-13T12:35:00Z,401.35,402.655,401.35,402.6,226,90958.6268
1786624800000,2026-08-13T12:40:00Z,402.6,402.6,402.6,402.6,10,4026
1786625100000,2026-08-13T12:45:00Z,402.6,402.6,402.6,402.6,530,213378
1786625400000,2026-08-13T12:50:00Z,402.6,403.494,402.6,402.943,21,8460.396
1786625700000,2026-08-13T12:55:00Z,402.942,404.619,402.365,402.365,339,137033.5262
1786626000000,2026-08-13T13:00:00Z,402.262,403.316,401.75,403.316,54,21694.5
1786626300000,2026-08-13T13:05:00Z,403.347,403.5,403.316,403.499,141,56881.5573
1786626600000,2026-08-13T13:10:00Z,403.5,403.5,403.5,403.5,31,12508.5
1786626900000,2026-08-13T13:15:00Z,403.491,403.491,403.316,403.316,48,19361.9136
1786627200000,2026-08-13T13:20:00Z,403.271,403.271,403.045,403.045,36,14509.62
1786627500000,2026-08-13T13:25:00Z,403.045,403.045,401.937,401.937,648.787975,260864.99338199
1786627800000,2026-08-13T13:30:00Z,400.37,405.668,399.728,405.19,50184.17567999999,20203476.66081388
1786628100000,2026-08-13T13:35:00Z,404.92,409.495,404.537,408.9,27937.378861999998,11395950.18028785
1786628400000,2026-08-13T13:40:00Z,409,409.49,404.544,404.61,24373.992507,9928760.47212195
1786628700000,2026-08-13T13:45:00Z,404.85,408.39,403.983,407.23,19738.606599000002,8024752.22529071
1786629000000,2026-08-13T13:50:00Z,406.33,406.99,404.99,406.99,17821.365965,7232086.74012005
1786629300000,2026-08-13T13:55:00Z,405.55,409.73,405.55,409.34,18913.953299,7713295.51207453
1786629600000,2026-08-13T14:00:00Z,408.28,408.82,406.34,407.29,18985.794302,7737149.74991338
1786629900000,2026-08-13T14:05:00Z,406.906,408,405.98,407.399,3841.415574,1564576.724705774
1786630200000,2026-08-13T14:10:00Z,407.377,408.675,407.278,407.563,9245.937352,3773897.2182082892
1786630500000,2026-08-13T14:15:00Z,407.562,409.247,407.562,408.148,13008.907943,5312094.0698471454
1786630800000,2026-08-13T14:20:00Z,408.146,409.166,407.485,408.735,10490.994091,4286429.8547322607
1786631100000,2026-08-13T14:25:00Z,408.06,411.23,407.507,411.01,26748.901955,10950540.37926337
1786631400000,2026-08-13T14:30:00Z,411.36,412.875,410.564,412.37,18080.445071000002,7445444.11019047
1786631700000,2026-08-13T14:35:00Z,412.72,413.115,411.684,412.48,12610.29957,5204809.09233064
1786632000000,2026-08-13T14:40:00Z,413.17,413.3,412.185,413.02,11218.609959999998,4630449.84888211
1786632300000,2026-08-13T14:45:00Z,412.97,414.058,412.215,413.58,11375.257590000001,4701666.96812916
1786632600000,2026-08-13T14:50:00Z,413.25,414.049,412.665,413.25,6584.287838,2720383.45758281
1786632900000,2026-08-13T14:55:00Z,414,414.099,412.661,413.04,11079.832945000002,4579190.80573882
1786633200000,2026-08-13T15:00:00Z,414.99,416.614,413.315,415.8,38611.012505000006,16046142.18748543
1786633500000,2026-08-13T15:05:00Z,415.92,417.953,415.794,416.09,37217.325276999996,15516963.60175169
1786633800000,2026-08-13T15:10:00Z,417.04,418.68,416.251,418.41,36086.558713,15068819.49398988
1786634100000,2026-08-13T15:15:00Z,418.059,418.619,417.203,417.904,19664.781099,8220910.9003896975
1786634400000,2026-08-13T15:20:00Z,417.91,419.51,417.53,419.476,5358.225258,2238455.705966355
1786634700000,2026-08-13T15:25:00Z,419.481,420.359,418.716,419.852,11425.932188,4790807.5626670132
1786635000000,2026-08-13T15:30:00Z,419.845,420.056,417.006,417.006,295,123511.45
1786635300000,2026-08-13T15:35:00Z,416.97,418.06,415.771,416.562,6852.721811,2859699.1175545042
1786635600000,2026-08-13T15:40:00Z,416.557,418.075,416.533,417.608,9131.628269,3808654.9738441086
1786635900000,2026-08-13T15:45:00Z,417.66,417.66,415.779,416.925,14918.364699999998,6219603.49238524
1786636200000,2026-08-13T15:50:00Z,416.19,416.755,414.346,415.04,13253.382907,5504626.92313611
1786636500000,2026-08-13T15:55:00Z,414.79,416.77,414.729,415.515,8856.607876,3681599.78533129
1786636800000,2026-08-13T16:00:00Z,416.3,417.781,415.502,417.49,11060.484285999999,4611613.62062627
1786637100000,2026-08-13T16:05:00Z,417.52,418.88,416.743,418.39,8525.803474,3564947.06656516
1786637400000,2026-08-13T16:10:00Z,418.49,418.99,416.79,417,9057.456467,3786311.17054118
1786637700000,2026-08-13T16:15:00Z,417.22,418.281,416.803,417.32,6290.529036999999,2627292.92179986
1786638000000,2026-08-13T16:20:00Z,417.7,419.244,417.495,418.01,8194.214750000001,3427145.0993541
1786638300000,2026-08-13T16:25:00Z,420,420.132,418.761,419.26,9513.09494,3990685.29745087
1786638600000,2026-08-13T16:30:00Z,419.525,420.446,419.173,420.01,8060.166558000001,3384961.24998083
1786638900000,2026-08-13T16:35:00Z,419.51,419.835,417.843,418.38,6732.729923,2823258.52989333
1786639200000,2026-08-13T16:40:00Z,417.833,419.62,417.805,419.419,10038.459511,4201066.5742298916
1786639500000,2026-08-13T16:45:00Z,419.411,419.411,418.646,418.858,7364.598484,3085888.8292333576
1786639800000,2026-08-13T16:50:00Z,418.862,419.018,417.306,418.499,4456.5629240000003,1866089.9300626857256428
1786640100000,2026-08-13T16:55:00Z,418.695,419.257,418.235,418.69,10941.77004,4579862.76615568
1786640400000,2026-08-13T17:00:00Z,419.42,420.333,418.52,420.25,10487.496563,4404158.1104035
1786640700000,2026-08-13T17:05:00Z,420.375,420.741,420.01,420.695,13011.147070000003,5469999.42520751
1786641000000,2026-08-13T17:10:00Z,420.38,420.673,420.32,420.38,8008.562737,3367832.87922787
1786641300000,2026-08-13T17:15:00Z,420.35,422.047,420.301,421.83,12829.241365000002,5402932.36693883
1786641600000,2026-08-13T17:20:00Z,422.04,422.427,421.475,422.1,14187.226278999999,5987514.55499353
1786641900000,2026-08-13T17:25:00Z,421.79,421.915,421.239,421.44,7058.90942,2976435.74574517
1786642200000,2026-08-13T17:30:00Z,421.235,421.362,420.519,421.23,7807.298257,3286855.39014083
1786642500000,2026-08-13T17:35:00Z,420.66,421.01,420.41,420.72,8464.803242,3561066.54068022
1786642800000,2026-08-13T17:40:00Z,420.74,421.243,420,420.175,18920.133996999997,7958964.37932542
1786643100000,2026-08-13T17:45:00Z,419.56,420.35,419.391,419.42,7484.458146,3142679.81720234
1786643400000,2026-08-13T17:50:00Z,419.225,419.525,418.446,419.225,8578.192134,3595011.3803193
1786643700000,2026-08-13T17:55:00Z,418.444,418.838,418.318,418.584,2322.047186,971890.1464022904
1786644000000,2026-08-13T18:00:00Z,418.585,419.568,418.461,419.568,8001.278513,3349350.8073455175
1786644300000,2026-08-13T18:05:00Z,419.588,419.92,418.409,418.431,5526.4678380000005,2319168.4120471052098238
1786644600000,2026-08-13T18:10:00Z,418.433,418.474,417.71,417.936,5474.924838,2290034.3797160914
1786644900000,2026-08-13T18:15:00Z,418.49,419.053,417.93,418.56,10344.408418,4328857.6927874
1786645200000,2026-08-13T18:20:00Z,418.37,418.754,417.9,418.19,11430.437754999999,4782820.92416802
1786645500000,2026-08-13T18:25:00Z,417.89,418.216,417.55,417.55,10358.931708,4330739.93308649
1786645800000,2026-08-13T18:30:00Z,418.08,418.833,417.916,418.07,9326.081742,3901784.52707846
1786646100000,2026-08-13T18:35:00Z,418.41,418.85,418.06,418.74,14419.557487,6032838.59989782
1786646400000,2026-08-13T18:40:00Z,417.59,418.514,416.3,416.3,13725.175621999999,5728672.81936553
1786646700000,2026-08-13T18:45:00Z,416.92,417.673,416.169,417.07,11352.012662,4733826.74169578
1786647000000,2026-08-13T18:50:00Z,416.27,416.869,416.27,416.27,13248.00145,5518301.32718068
1786647300000,2026-08-13T18:55:00Z,416.06,416.385,415.731,416.03,11559.471620000002,4810270.66796249
1786647600000,2026-08-13T19:00:00Z,416.43,417.118,414.643,414.99,9638.017383,4008533.35273746
1786647900000,2026-08-13T19:05:00Z,415.17,416.006,414.616,415.14,20044.045007999997,8324742.88283508
1786648200000,2026-08-13T19:10:00Z,415.14,415.151,414.5,414.96,16894.077483,7008894.91819691
1786648500000,2026-08-13T19:15:00Z,414.615,414.862,413.544,414.862,29931.472947,12401542.0385696843
1786648800000,2026-08-13T19:20:00Z,414.916,415.324,413.919,414.053,2835.080119,1176860.3674488389
1786649100000,2026-08-13T19:25:00Z,413.85,414.053,412.9,413.08,17185.924918999997,7108483.51121658
1786649400000,2026-08-13T19:30:00Z,412.1,412.913,410.93,411.07,26234.012299,10811608.36988602
1786649700000,2026-08-13T19:35:00Z,411.49,412.138,411.028,411.49,20804.175160000003,8560695.47366579
1786650000000,2026-08-13T19:40:00Z,411.22,411.62,409.31,410.38,26451.221488,10868344.01304316
1786650300000,2026-08-13T19:45:00Z,410.04,410.254,409.233,409.95,32312.750950999995,13245287.42957346
1786650600000,2026-08-13T19:50:00Z,409.6,410.23,408.913,409.765,39613.178153,16230137.05486329
1786650900000,2026-08-13T19:55:00Z,409.33,411.27,408.894,410.57,93328.99633,38328669.53139192
1786651200000,2026-08-13T20:00:00Z,410.562,414,410.54,413.26,550892.180754,226173853.01661764
1786651500000,2026-08-13T20:05:00Z,413.257,414.245,413.155,414.245,669.2,276964.07928
1786651800000,2026-08-13T20:10:00Z,414.223,414.223,413.026,413.156,653.178829,269824.64709422
1786652100000,2026-08-13T20:15:00Z,413.155,415.119,413.155,414.001,233.398653,96478.22736085
1786652400000,2026-08-13T20:20:00Z,414,414,412.5,412.5,388,160466.0912
1786652700000,2026-08-13T20:25:00Z,412.5,414,412.5,414,60,24750
1786653000000,2026-08-13T20:30:00Z,414,414,414,414,19.45,8052.3
1786653300000,2026-08-13T20:35:00Z,414,414,414,414,43,17802
1786653600000,2026-08-13T20:40:00Z,414,414,414,414,27,11178
1786653900000,2026-08-13T20:45:00Z,414,414,414,414,15.879634,6574.168476
1786654200000,2026-08-13T20:50:00Z,414,414.08,414,414.08,131,54242.8949
1786654500000,2026-08-13T20:55:00Z,414.08,414.08,414.08,414.08,39,16149.12
1786654800000,2026-08-13T21:00:00Z,414.08,414.08,414.08,414.08,107,44306.56
1786655100000,2026-08-13T21:05:00Z,414.08,414.08,414.08,414.08,21,8695.68
1786655400000,2026-08-13T21:10:00Z,414.08,414.08,414.08,414.08,26,10766.08
1786655700000,2026-08-13T21:15:00Z,414.08,414.08,414.08,414.08,12,4968.96
1786656000000,2026-08-13T21:20:00Z,414.08,414.08,414.08,414.08,47,19461.76
1786656300000,2026-08-13T21:25:00Z,414.08,414.08,414.08,414.08,133,55072.64
1786656600000,2026-08-13T21:30:00Z,414.08,414.08,414.08,414.08,100,41408
1786656900000,2026-08-13T21:35:00Z,414.08,414.08,413.69,413.69,55,22753.357
1786657200000,2026-08-13T21:40:00Z,413.69,413.69,413.69,413.69,31,12824.39
1786657500000,2026-08-13T21:45:00Z,413.69,413.69,413.69,413.69,1,413.69
1786657800000,2026-08-13T21:50:00Z,413.69,413.69,413.69,413.69,30,12410.7
1786658100000,2026-08-13T21:55:00Z,413.69,413.69,413.69,413.69,85,35163.65
1786658400000,2026-08-13T22:00:00Z,413.69,413.69,413.69,413.69,55,22752.95
1786658700000,2026-08-13T22:05:00Z,413.69,413.69,413.69,413.69,19,7860.11
1786659000000,2026-08-13T22:10:00Z,413.69,413.69,412.832,412.832,6,2482.14
1786659300000,2026-08-13T22:15:00Z,412.777,412.777,412.5,412.5,10,4125
1786659600000,2026-08-13T22:20:00Z,412.5,412.5,412.5,412.5,62,25575
1786659900000,2026-08-13T22:25:00Z,412.5,412.5,412.5,412.5,37,15262.5
1786660200000,2026-08-13T22:30:00Z,412.5,412.5,412.5,412.5,6,2475
1786660500000,2026-08-13T22:35:00Z,412.5,412.5,412.5,412.5,1,412.5
1786660800000,2026-08-13T22:40:00Z,412.5,412.5,412.5,412.5,5,2062.5
1786661100000,2026-08-13T22:45:00Z,412.5,414,412.5,414,22,9106.4798
1786661400000,2026-08-13T22:50:00Z,414,414,414,414,2,828
1786661700000,2026-08-13T22:55:00Z,414,414,414,414,1,414
1786662000000,2026-08-13T23:00:00Z,414,414,414,414,0,0
1786662300000,2026-08-13T23:05:00Z,414,414,413.507,413.507,51,21105.7992
1786662600000,2026-08-13T23:10:00Z,413.506,413.506,413.505,413.505,177,73190.4735
1786662900000,2026-08-13T23:15:00Z,413.505,413.505,413.505,413.505,49,20261.745
1786663200000,2026-08-13T23:20:00Z,413.55,413.774,413.55,413.774,7,2896.418
1786663500000,2026-08-13T23:25:00Z,413.775,413.775,413.775,413.775,11,4551.525
1786663800000,2026-08-13T23:30:00Z,413.775,413.999,413.775,413.999,10.26218,4247.11197211
1786664100000,2026-08-13T23:35:00Z,414,414,414,414,229,94806
1786664400000,2026-08-13T23:40:00Z,414,414,414,414,77,31878
1786664700000,2026-08-13T23:45:00Z,414,414,414,414,253,104742
1786665000000,2026-08-13T23:50:00Z,414,414,414,414,137.002516,56719.041624
1786665300000,2026-08-13T23:55:00Z,414,414.005,414,414.005,82,33948.123
1786665900000,2026-08-14T00:05:00Z,414.02,414.42,413.91,414.42,7,2898.72
1786667100000,2026-08-14T00:25:00Z,412.92,412.92,412.66,412.66,52,21468
1786667400000,2026-08-14T00:30:00Z,412.68,412.68,412.62,412.62,16,6602.56
1786667700000,2026-08-14T00:35:00Z,412.64,412.64,412.6,412.6,4,1650.44
1786668600000,2026-08-14T00:50:00Z,412.01,412.01,410,410,119,48994.54
1786669200000,2026-08-14T01:00:00Z,410.01,410.01,408.39,408.39,7,2863.59
1786669500000,2026-08-14T01:05:00Z,408.4,408.4,408.4,408.4,5,2042
1786669800000,2026-08-14T01:10:00Z,408.68,408.68,406.81,407.01,505,206232.92
1786670100000,2026-08-14T01:15:00Z,406.23,406.42,405.63,406.42,13,5278.56
1786670400000,2026-08-14T01:20:00Z,406.83,406.83,406.83,406.83,9,3661.47
1786670700000,2026-08-14T01:25:00Z,406.84,407.02,406.84,407.02,52,21164.68
1786671600000,2026-08-14T01:40:00Z,408.59,409.24,408.59,409.24,349,142771
1786671900000,2026-08-14T01:45:00Z,409.05,409.27,409.05,409.27,80,32738.36
1786674600000,2026-08-14T02:30:00Z,410.33,410.85,410.33,410.85,24,9853.77
1786675500000,2026-08-14T02:45:00Z,410.66,410.66,410.66,410.66,10,4106.6
1786675800000,2026-08-14T02:50:00Z,410.56,410.56,410.56,410.56,3,1231.68
1786676100000,2026-08-14T02:55:00Z,409.78,409.78,409.31,409.32,22,9005.64
1786676400000,2026-08-14T03:00:00Z,409.31,409.33,409.31,409.31,25,10232.85
1786676700000,2026-08-14T03:05:00Z,409.32,409.32,409.32,409.32,2,818.64
1786678800000,2026-08-14T03:40:00Z,409.46,409.47,409.27,409.27,15,6140.35
1786679100000,2026-08-14T03:45:00Z,409.27,409.27,409.27,409.27,10,4092.7
1786680000000,2026-08-14T04:00:00Z,409.26,409.26,409.26,409.26,7,2864.82
1786680300000,2026-08-14T04:05:00Z,409.47,409.47,409.35,409.35,5,2047.23
1786680600000,2026-08-14T04:10:00Z,409.35,409.36,409.35,409.35,142,58128.2
1786681200000,2026-08-14T04:20:00Z,409.36,410.64,409.36,410.64,14,5735.97
1786681800000,2026-08-14T04:30:00Z,410.46,410.46,410.46,410.46,1,410.46
1786682100000,2026-08-14T04:35:00Z,409.57,409.57,409.57,409.57,6,2457.42
1786682700000,2026-08-14T04:45:00Z,410.34,410.35,410.01,410.01,107,43874.4
1786683000000,2026-08-14T04:50:00Z,409.99,409.99,409.99,409.99,8,3279.92
1786683600000,2026-08-14T05:00:00Z,409.35,409.35,408.99,409.01,12,4910.82
1786683900000,2026-08-14T05:05:00Z,408.99,408.99,407.99,407.99,90,36757.56
1786685400000,2026-08-14T05:30:00Z,408.01,408.01,408.01,408.01,11,4488.11
1786685700000,2026-08-14T05:35:00Z,408.06,408.06,408.06,408.06,6,2448.36
1786687200000,2026-08-14T06:00:00Z,409.2,409.2,409.19,409.19,21,8593.01
1786689000000,2026-08-14T06:30:00Z,410.53,410.53,410.53,410.53,9,3694.77
1786689300000,2026-08-14T06:35:00Z,409.99,410.01,409.99,410.01,11,4509.91
1786690200000,2026-08-14T06:50:00Z,410.5,410.56,410.5,410.56,65,26683.96
1786690500000,2026-08-14T06:55:00Z,410.6,410.97,410.6,410.97,281,115379.35
1786690800000,2026-08-14T07:00:00Z,410.81,411.01,410.51,410.51,49,20125.06
1786691400000,2026-08-14T07:10:00Z,410.99,410.99,410.5,410.5,101,41462.03
1786691700000,2026-08-14T07:15:00Z,410.55,410.55,410.55,410.55,2,821.1
1786692300000,2026-08-14T07:25:00Z,409.88,409.88,409.88,409.88,30,12296.4
1786693200000,2026-08-14T07:40:00Z,410.51,410.51,410.51,410.51,2,821.02
1786693500000,2026-08-14T07:45:00Z,410.48,410.48,410.48,410.48,1,410.48
1786693800000,2026-08-14T07:50:00Z,409.3,409.3,409.3,409.3,1,409.3
1786694100000,2026-08-14T07:55:00Z,409.3,409.31,409.3,409.3,9,3683.71
1786694400000,2026-08-14T08:00:00Z,413.533,413.533,411.195,411.74,1443.197898,594162.9870889122
1786694700000,2026-08-14T08:05:00Z,411.74,411.74,411.74,411.74,1,411.74
1786695000000,2026-08-14T08:10:00Z,411.699,411.699,411.245,411.245,22,9047.9026
1786695900000,2026-08-14T08:25:00Z,411.245,411.245,411.245,411.245,27,11103.615
1786696200000,2026-08-14T08:30:00Z,411.367,411.975,411.367,411.975,62,25524.2096
1786696500000,2026-08-14T08:35:00Z,411.975,411.975,411.16,411.57,162.707301,66899.71012297
1786696800000,2026-08-14T08:40:00Z,411.57,413.475,411.57,413.471,43.145604,17771.1090801876
1786697100000,2026-08-14T08:45:00Z,413.47,413.47,413.47,413.47,134,55404.98
1786697700000,2026-08-14T08:55:00Z,413.47,413.47,413.47,413.47,568,234850.96
1786698000000,2026-08-14T09:00:00Z,413.47,413.47,413.47,413.47,241,99646.27
1786698300000,2026-08-14T09:05:00Z,413.47,413.47,413.47,413.47,0,0
1786699200000,2026-08-14T09:20:00Z,413.47,413.47,413.47,413.47,10,4134.7
1786700100000,2026-08-14T09:35:00Z,413.47,413.47,413.47,413.47,1,413.47
1786700400000,2026-08-14T09:40:00Z,413.47,413.47,413.47,413.47,24,9923.28
1786700700000,2026-08-14T09:45:00Z,413.47,413.47,413.47,413.47,94,38866.18
1786701000000,2026-08-14T09:50:00Z,413.515,413.74,413.515,413.74,4,1654.96
1786701300000,2026-08-14T09:55:00Z,413.74,413.74,413.74,413.74,31,12825.94
1786701600000,2026-08-14T10:00:00Z,413.74,413.74,413.74,413.74,11,4551.14
1786701900000,2026-08-14T10:05:00Z,413.74,413.74,413.74,413.74,141,58337.34
1786702200000,2026-08-14T10:10:00Z,413.793,414.06,413.793,414.06,14.066425,5823.80941135
1786702500000,2026-08-14T10:15:00Z,414.06,414.06,413.668,413.668,26,10765.56
1786702800000,2026-08-14T10:20:00Z,413.666,413.666,413.655,413.655,30,12409.65
1786703100000,2026-08-14T10:25:00Z,413.655,413.655,413.655,413.655,40,16546.2
1786703400000,2026-08-14T10:30:00Z,413.655,413.655,413.655,413.655,60,24819.3
1786703700000,2026-08-14T10:35:00Z,413.655,413.655,413.655,413.655,17,7032.135
1786704600000,2026-08-14T10:50:00Z,413.655,413.655,413.655,413.655,10,4136.55
1786704900000,2026-08-14T10:55:00Z,413.655,413.655,413.655,413.655,3,1240.965
1786705200000,2026-08-14T11:00:00Z,413.655,416.164,413.655,416.164,189.002516,78557.7239598
1786705500000,2026-08-14T11:05:00Z,416.165,416.165,415.75,415.75,216,89806.9896
1786705800000,2026-08-14T11:10:00Z,415.75,417.565,415.75,416.501,520.139156,216648.6213267
1786706100000,2026-08-14T11:15:00Z,416.5,416.5,416.5,416.5,200.023822,83309.921863
1786706400000,2026-08-14T11:20:00Z,416.5,416.5,416.495,416.495,98,40816.8726
1786706700000,2026-08-14T11:25:00Z,416.495,416.495,415.79,415.79,71,29571.145
1786707000000,2026-08-14T11:30:00Z,415.784,416.625,415.625,416.625,557,231567.7769
1786707300000,2026-08-14T11:35:00Z,416.625,416.625,411.625,411.625,218.229336,89878.73406361
1786707600000,2026-08-14T11:40:00Z,412.104,414.5,412.104,414.5,103,42649.0761
1786707900000,2026-08-14T11:45:00Z,414.5,414.5,414.5,414.5,21,8704.5
1786708200000,2026-08-14T11:50:00Z,414.5,414.5,414.5,414.5,180,74610
1786708500000,2026-08-14T11:55:00Z,414.5,414.5,414.5,414.5,49,20310.5
1786708800000,2026-08-14T12:00:00Z,414.5,414.5,413.002,413.002,307,127175.3026
1786709100000,2026-08-14T12:05:00Z,413.001,413.001,413,413,76,31388
1786709400000,2026-08-14T12:10:00Z,413,413,411.986,412.999,828.296592,342035.96640389
1786709700000,2026-08-14T12:15:00Z,413,413,410.013,412.999,462,190415.4714
1786710000000,2026-08-14T12:20:00Z,412.5,412.5,410.001,410.001,217,89512.5
1786710300000,2026-08-14T12:25:00Z,410,413.5,410,413.5,541,222072.9801
1786710600000,2026-08-14T12:30:00Z,413.5,413.5,413.5,413.5,23,9510.5
1786710900000,2026-08-14T12:35:00Z,413.5,413.5,413.5,413.5,55,22742.5
1786711200000,2026-08-14T12:40:00Z,413.5,413.5,413.5,413.5,582.161143,240723.6326305
1786711500000,2026-08-14T12:45:00Z,413.5,413.5,413.5,413.5,79,32666.5
1786711800000,2026-08-14T12:50:00Z,413.5,413.5,411.688,412.996,937,387449.5
1786712100000,2026-08-14T12:55:00Z,412.997,413.5,412.997,413.5,37,15286.4908
1786712400000,2026-08-14T13:00:00Z,413.5,413.57,413.5,413.57,53,21915.5689
1786712700000,2026-08-14T13:05:00Z,413.57,413.57,413.57,413.57,126,52109.82
1786713000000,2026-08-14T13:10:00Z,411.99,413.789,411.99,411.99,804,332468.5524
1786713300000,2026-08-14T13:15:00Z,413.5,413.5,412.5,412.522,171,70577.4969
1786713600000,2026-08-14T13:20:00Z,412.54,412.629,412.002,412.5,97,39999.0267
1786713900000,2026-08-14T13:25:00Z,412.5,412.5,411.4,411.4,1326,546487.5624
1786714200000,2026-08-14T13:30:00Z,410.25,411.4,401.721,402.24,66679.239777,27203469.51594555
1786714500000,2026-08-14T13:35:00Z,401.49,405.87,400.46,405.87,114923.202774,46330944.42872978
1786714800000,2026-08-14T13:40:00Z,410,413.359,405.327,412.29,27220.275637,11142138.03312718
1786715100000,2026-08-14T13:45:00Z,412.82,415.626,411.815,413.88,22549.82289,9327159.21796481
1786715400000,2026-08-14T13:50:00Z,414.02,415.471,413.064,414.287,10938.30781,4534911.104909615
1786715700000,2026-08-14T13:55:00Z,414.181,415.038,410.949,411.388,13162.184514,5441452.0001027709
1786716000000,2026-08-14T14:00:00Z,411.401,414.194,409.615,414.054,375,154301.7
1786716300000,2026-08-14T14:05:00Z,414.052,414.201,411.067,412.415,260,107335.6
1786716600000,2026-08-14T14:10:00Z,412.23,413.295,411.62,411.62,17964.822507,7411631.84684895
1786716900000,2026-08-14T14:15:00Z,412.1,412.385,408.63,408.73,23668.276621,9704736.5984959
1786717200000,2026-08-14T14:20:00Z,408.01,409.039,405.53,405.53,36405.893593999994,14847867.01752158
1786717500000,2026-08-14T14:25:00Z,405.56,407.29,404.821,405.985,15198.272050000001,6171823.74162276
1786717800000,2026-08-14T14:30:00Z,405.35,407.099,404.026,406.94,16254.007450000001,6588895.12701023
1786718100000,2026-08-14T14:35:00Z,406.525,408.24,406.42,406.87,16956.59034,6903985.97476821
1786718400000,2026-08-14T14:40:00Z,405.96,406.827,405.351,406.24,10874.758457,4416558.03981049
1786718700000,2026-08-14T14:45:00Z,405.56,406.01,404.881,404.99,9300.544504000001,3771407.06849557
1786719000000,2026-08-14T14:50:00Z,405.29,405.82,403.865,405.63,12914.357345,5227321.17669243
1786719300000,2026-08-14T14:55:00Z,405.36,405.676,403.861,404.03,8876.309304999999,3592221.9602221
1786719600000,2026-08-14T15:00:00Z,403.822,403.83,402.477,402.865,597,240889.61
1786719900000,2026-08-14T15:05:00Z,402.864,403.631,402.243,402.597,393,158400.13
1786720200000,2026-08-14T15:10:00Z,402.606,403.51,402.482,402.862,8402.737957,3388122.6365236583
1786720500000,2026-08-14T15:15:00Z,402.874,403.245,401.875,402.08,7048.300207,2838917.8507195586
1786720800000,2026-08-14T15:20:00Z,402.101,402.348,398.76,399.195,41429.223826,16605740.131100403
1786721100000,2026-08-14T15:25:00Z,399.24,401.298,398.445,401.298,16255.854592,6491213.4265690176
1786721400000,2026-08-14T15:30:00Z,401.23,402.112,400.217,401.06,25519.578207,10239771.58688388
1786721700000,2026-08-14T15:35:00Z,401.25,401.397,400.971,401.3,9538.278741,3827381.23431886
1786722000000,2026-08-14T15:40:00Z,400.64,401.34,399.751,399.86,12735.304786,5099252.96869828
1786722300000,2026-08-14T15:45:00Z,400.75,401.513,399.837,400.35,8595.067978000001,3445039.04765645
1786722600000,2026-08-14T15:50:00Z,400.465,401.297,399.487,400.88,6814.171509,2728088.31590285
1786722900000,2026-08-14T15:55:00Z,401.12,402.358,400.797,402.225,10724.997772,4310112.76962161
1786723200000,2026-08-14T16:00:00Z,401.5,402.93,401.298,402.285,7845.140584,3154826.79062642
1786723500000,2026-08-14T16:05:00Z,402.34,402.717,401.091,401.415,7374.543216,2966641.56929298
1786723800000,2026-08-14T16:10:00Z,401.33,402.945,401.09,402.945,5673.619620000001,2281749.39006008
1786724100000,2026-08-14T16:15:00Z,403.21,403.436,402.458,403.01,5892.039566,2374672.24150872
1786724400000,2026-08-14T16:20:00Z,403.091,403.53,402.875,403.316,4381.648526,1766713.19133735
1786724700000,2026-08-14T16:25:00Z,403.317,404.487,403.189,404.253,4158.266282,1678101.978817436
1786725000000,2026-08-14T16:30:00Z,404.252,404.313,403.015,403.614,5906.512694999999,2386610.1070935500959241
1786725300000,2026-08-14T16:35:00Z,403.608,405.375,403.283,404.495,3805.190557,1539983.3996287024
1786725600000,2026-08-14T16:40:00Z,404.591,404.591,403.789,404.091,3850.347554,1556103.402013485
1786725900000,2026-08-14T16:45:00Z,404,404.595,403.562,404.5,9374.959928000002,3787755.68474991
1786726200000,2026-08-14T16:50:00Z,404.13,404.615,403.286,403.36,9228.748548,3727773.01536791
1786726500000,2026-08-14T16:55:00Z,403.45,403.839,403.26,403.26,6715.715614000001,2710029.6581533
1786726800000,2026-08-14T17:00:00Z,403.225,403.662,402.852,403.255,5950.451746000001,2399226.9043486
1786727100000,2026-08-14T17:05:00Z,403.245,403.854,403.139,403.63,4670.3847590000005,1884099.99828265
1786727400000,2026-08-14T17:10:00Z,404.12,404.2,402.929,402.97,6856.644598,2766931.04674138
1786727700000,2026-08-14T17:15:00Z,402.96,403.31,402.553,403.09,6873.338138,2768703.63473907
1786728000000,2026-08-14T17:20:00Z,403.12,403.18,402.106,402.785,8288.891492,3338065.08164653
1786728300000,2026-08-14T17:25:00Z,401.7,402.105,401.343,401.96,10044.511755,4033888.97867328
1786728600000,2026-08-14T17:30:00Z,401.47,402.27,401.306,402.24,8621.66114,3465387.02994714
1786728900000,2026-08-14T17:35:00Z,401.9,402.439,401.389,401.58,6577.156548,2642197.69079482
1786729200000,2026-08-14T17:40:00Z,401.55,401.643,400.995,401.56,11834.144982,4749425.80757402
1786729500000,2026-08-14T17:45:00Z,401.391,402.039,401.391,401.901,4975.096750000001,1997642.6691571254015055
1786729800000,2026-08-14T17:50:00Z,401.9,402.71,401.548,402.71,2461.617067,988961.7442922058
1786730100000,2026-08-14T17:55:00Z,402.35,402.83,402.191,402.815,5542.944445,2231530.67834588
1786730400000,2026-08-14T18:00:00Z,403.01,403.628,402.73,403.43,9312.505941,3752464.02516941
1786730700000,2026-08-14T18:05:00Z,403.875,403.875,403.383,403.565,4925.29803,1987845.85213977
1786731000000,2026-08-14T18:10:00Z,404.04,404.04,403.536,403.84,5084.359538000001,2052837.11057305
1786731300000,2026-08-14T18:15:00Z,403.725,404.294,403.71,404.19,7363.5928619999995,2974689.75380358
1786731600000,2026-08-14T18:20:00Z,404.37,404.674,403.947,404.65,5157.909075,2085387.51283145
1786731900000,2026-08-14T18:25:00Z,404.98,405.585,404.674,405.195,9364.070221,3794230.42206806
1786732200000,2026-08-14T18:30:00Z,405.32,406.745,404.803,406.67,15317.880604,6214920.6338848
1786732500000,2026-08-14T18:35:00Z,406.84,407.032,406.546,406.84,11058.734184,4498741.72448161
1786732800000,2026-08-14T18:40:00Z,407.09,407.216,406.729,407.14,4483.124822000001,1824624.62955429
1786733100000,2026-08-14T18:45:00Z,407.35,407.855,406.865,407.81,10857.445091000001,4423520.73557406
1786733400000,2026-08-14T18:50:00Z,408.51,408.57,407.81,408.24,7168.700312,2926635.52290459
1786733700000,2026-08-14T18:55:00Z,408.253,408.548,407.97,408.002,8250.323491,3367946.641200447
1786734000000,2026-08-14T19:00:00Z,408,408.249,407.891,408.046,4326.053702,1765151.9766552136
1786734300000,2026-08-14T19:05:00Z,408.047,408.627,407.681,408.627,2684.501656,1095871.0243146384
1786734600000,2026-08-14T19:10:00Z,408.628,409.198,408.628,409.121,5311.039688000001,2172128.7974847740089847
1786734900000,2026-08-14T19:15:00Z,409.18,409.644,409.105,409.43,12680.133728999997,5191239.14057236
1786735200000,2026-08-14T19:20:00Z,409.875,410.064,408.765,409.91,15248.345035,6243468.42093983
1786735500000,2026-08-14T19:25:00Z,409.74,410.563,409.74,409.89,17385.232901,7128221.91461313
1786735800000,2026-08-14T19:30:00Z,410.04,410.855,409.723,410.43,24226.73666,9939813.35172745
1786736100000,2026-08-14T19:35:00Z,410.42,411.451,409.826,411.41,17616.612621999997,7232225.4928052
1786736400000,2026-08-14T19:40:00Z,411.45,411.99,410.569,410.65,28863.300344,11876875.75498156
1786736700000,2026-08-14T19:45:00Z,409.93,412.091,409.886,411.77,29914.937089,12306595.28377648
1786737000000,2026-08-14T19:50:00Z,412.27,415.55,412.139,415.53,85540.828033,35357334.65608378
1786737300000,2026-08-14T19:55:00Z,418.1,419,418.1,418.82,2097,877688.57
1786737600000,2026-08-14T20:00:00Z,418.694,418.895,418.694,418.895,343080.385992,143650193.48559094
1786737900000,2026-08-14T20:05:00Z,418.895,418.895,414.475,414.475,2927.25,1224984.45645
1786738200000,2026-08-14T20:10:00Z,414.475,414.49,414.475,414.49,65.72994,27244.31738168
1786738500000,2026-08-14T20:15:00Z,414.866,417.348,414.491,416,191.380486,79675.4856554228
1786738800000,2026-08-14T20:20:00Z,416,417.905,416,417.905,536,223623.2736
1786739100000,2026-08-14T20:25:00Z,417.907,417.975,417.907,417.975,141,58934.475
1786739400000,2026-08-14T20:30:00Z,417.975,417.975,417.975,417.975,800,334380
1786739700000,2026-08-14T20:35:00Z,417.975,418.079,417.975,418.079,343,143367.8946
1786740000000,2026-08-14T20:40:00Z,418.08,418.08,418.08,418.08,54,22576.32
1786740300000,2026-08-14T20:45:00Z,418.08,418.58,418.08,418.58,141,58988.7741
1786740600000,2026-08-14T20:50:00Z,418.58,418.584,418,418,51,21341.7864
1786740900000,2026-08-14T20:55:00Z,418,418,418,418,200.012445,83605.20201
1786741200000,2026-08-14T21:00:00Z,418,418,418,418,800,334400
1786741500000,2026-08-14T21:05:00Z,418,418,418,418,428,178904
1786741800000,2026-08-14T21:10:00Z,418,418,417.951,417.951,285,119119.8825
1786742100000,2026-08-14T21:15:00Z,417.95,417.95,417.95,417.95,22,9194.9
1786742400000,2026-08-14T21:20:00Z,417.95,417.95,417.95,417.95,0,0
1786742700000,2026-08-14T21:25:00Z,417.95,417.95,417.95,417.95,211,88187.45
1786743000000,2026-08-14T21:30:00Z,417.95,417.95,417.95,417.95,0,0
1786743300000,2026-08-14T21:35:00Z,417.95,417.95,417.95,417.95,20,8359
1786743600000,2026-08-14T21:40:00Z,417.95,417.95,417.95,417.95,24,10030.8
1786743900000,2026-08-14T21:45:00Z,417.95,417.95,417.95,417.95,21,8776.95
1786744200000,2026-08-14T21:50:00Z,417.95,417.95,417.95,417.95,23,9612.85
1786744500000,2026-08-14T21:55:00Z,417.95,417.95,417.95,417.95,44,18389.8
1786744800000,2026-08-14T22:00:00Z,417.95,417.95,417.95,417.95,24.069407,10059.80865565
1786745100000,2026-08-14T22:05:00Z,417.95,417.95,417.95,417.95,21,8776.95
1786745400000,2026-08-14T22:10:00Z,417.95,417.95,417.95,417.95,51,21315.45
1786745700000,2026-08-14T22:15:00Z,417.95,417.95,417.95,417.95,6,2507.7
1786746000000,2026-08-14T22:20:00Z,417.95,417.95,417.95,417.95,25,10448.75
1786746300000,2026-08-14T22:25:00Z,417.95,418.949,417.95,418.949,2006.5,838616.87565
1786746600000,2026-08-14T22:30:00Z,418.949,418.95,418.949,418.95,128,53625.5872
1786746900000,2026-08-14T22:35:00Z,418.95,418.95,418.95,418.95,1,418.95
1786747200000,2026-08-14T22:40:00Z,418.95,418.95,418.95,418.95,12,5027.4
1786747500000,2026-08-14T22:45:00Z,418.95,418.95,418.95,418.95,66,27650.7
1786747800000,2026-08-14T22:50:00Z,418.95,418.95,418.95,418.95,1,418.95
1786748100000,2026-08-14T22:55:00Z,418.95,418.95,418.95,418.95,14,5865.3
1786748400000,2026-08-14T23:00:00Z,418.95,418.95,418.95,418.95,16,6703.2
1786748700000,2026-08-14T23:05:00Z,418.95,418.95,418.945,418.945,25,10473.655
1786749300000,2026-08-14T23:15:00Z,418.946,418.949,418.946,418.949,2,837.892
1786749600000,2026-08-14T23:20:00Z,418.95,418.95,418.406,418.949,59,24690.6622
1786749900000,2026-08-14T23:25:00Z,418.95,418.95,418.95,418.95,10,4189.5
1786750200000,2026-08-14T23:30:00Z,418.95,418.95,418.95,418.95,6.229915999999999,2610.0233082
1786750500000,2026-08-14T23:35:00Z,418.95,418.95,418.95,418.95,24,10054.8
1786750800000,2026-08-14T23:40:00Z,418.95,418.95,418.95,418.95,46,19271.7
1786751100000,2026-08-14T23:45:00Z,418.95,418.95,418.95,418.95,0,0
1786751400000,2026-08-14T23:50:00Z,418.95,418.95,418.95,418.95,171.97324,72048.188898
1786751700000,2026-08-14T23:55:00Z,418.95,418.95,418.95,418.95,39,16339.05
1786924800000,2026-08-17T00:00:00Z,420.01,420.54,418.88,420.54,37,15529.37
1786925100000,2026-08-17T00:05:00Z,420.61,421.33,420.61,420.95,74,31132.01
1786925400000,2026-08-17T00:10:00Z,421.06,421.26,420.21,421.1,74,31132.46
1786925700000,2026-08-17T00:15:00Z,420.93,420.93,419.89,419.89,54,22688.62
1786926000000,2026-08-17T00:20:00Z,419.89,420.01,419.44,420.01,65,27290.09
1786926300000,2026-08-17T00:25:00Z,420.2,420.2,419.99,419.99,4,1680.19
1786926600000,2026-08-17T00:30:00Z,419.99,419.99,419.11,419.12,60,25154.12
1786926900000,2026-08-17T00:35:00Z,419.06,419.2,419.06,419.2,53,22211.67
1786927500000,2026-08-17T00:45:00Z,419.2,419.2,419.2,419.2,12,5030.4
1786928100000,2026-08-17T00:55:00Z,419.39,419.46,419.19,419.25,73,30605.13
1786928400000,2026-08-17T01:00:00Z,420,420.9,420,420.9,13,5470.71
1786928700000,2026-08-17T01:05:00Z,420.91,421.12,420.91,421.12,451,189863.05
1786929300000,2026-08-17T01:15:00Z,421.27,422.01,421.12,421.51,185,77985.99
1786929600000,2026-08-17T01:20:00Z,421.67,421.67,421.61,421.61,10,4216.34
1786929900000,2026-08-17T01:25:00Z,422.65,422.96,421.63,421.63,132,55754.51
1786930200000,2026-08-17T01:30:00Z,421.69,421.69,421.63,421.63,15,6324.93
1786930500000,2026-08-17T01:35:00Z,421.45,421.45,421.45,421.45,150,63217.5
1786930800000,2026-08-17T01:40:00Z,421.11,421.11,420.81,420.81,93,39160.31
1786931400000,2026-08-17T01:50:00Z,420.8,420.8,420.79,420.79,7,2945.59
1786931700000,2026-08-17T01:55:00Z,420.79,420.81,420.79,420.81,26,10940.9
1786932000000,2026-08-17T02:00:00Z,420.39,420.39,420.11,420.11,12,5041.88
1786932300000,2026-08-17T02:05:00Z,420.28,420.28,420.28,420.28,1,420.28
1786932600000,2026-08-17T02:10:00Z,420.7,421.01,420.32,420.43,66,27772.97
1786932900000,2026-08-17T02:15:00Z,420.85,420.85,420.66,420.66,5,2103.68
1786933200000,2026-08-17T02:20:00Z,421.16,421.16,421.16,421.16,9,3790.44
1786934100000,2026-08-17T02:35:00Z,421.36,421.36,421.16,421.16,50,21060.85
1786934400000,2026-08-17T02:40:00Z,421.36,421.36,421.17,421.17,5,2106.23
1786934700000,2026-08-17T02:45:00Z,421.89,422.66,421.89,422.49,188,79346.97
1786935300000,2026-08-17T02:55:00Z,422.67,422.67,422,422.22,7,2957.23
1786935600000,2026-08-17T03:00:00Z,422.53,422.53,422.52,422.52,7,2957.65
1786935900000,2026-08-17T03:05:00Z,422.63,422.63,422.03,422.03,7,2955.44
1786936200000,2026-08-17T03:10:00Z,422.54,422.71,422.01,422.01,93,39260.76
1786936800000,2026-08-17T03:20:00Z,422.03,422.03,421.38,421.38,30,12654.23
1786937100000,2026-08-17T03:25:00Z,422.39,422.39,422.08,422.08,7,2955.18
1786937700000,2026-08-17T03:35:00Z,422.05,422.05,422.05,422.05,2,844.1
1786938000000,2026-08-17T03:40:00Z,422.21,422.21,422.11,422.11,11,4643.41
1786938600000,2026-08-17T03:50:00Z,422.45,422.49,422.45,422.49,12,5069.76
1786938900000,2026-08-17T03:55:00Z,422.95,422.97,422.26,422.49,19,8030.35
1786939500000,2026-08-17T04:05:00Z,422.99,423,422.43,422.43,71,30031.99
1786939800000,2026-08-17T04:10:00Z,423.01,423.11,423.01,423.11,44,18615.78
1786940100000,2026-08-17T04:15:00Z,423.34,423.35,423.34,423.35,14,5926.82
1786940700000,2026-08-17T04:25:00Z,422.64,422.67,422.51,422.52,41,17324.21
1786941000000,2026-08-17T04:30:00Z,422.51,422.51,422.33,422.33,8,3379.36
1786941300000,2026-08-17T04:35:00Z,422.31,422.51,422.31,422.51,3,1267.13
1786941600000,2026-08-17T04:40:00Z,422.76,422.81,422.61,422.81,20,8454.02
1786941900000,2026-08-17T04:45:00Z,422.81,423.01,422.78,422.78,51,21567.48
1786942200000,2026-08-17T04:50:00Z,422.51,422.51,422.49,422.51,98,41405.62
1786942500000,2026-08-17T04:55:00Z,422.5,422.5,422.1,422.1,17,7179.78
1786942800000,2026-08-17T05:00:00Z,422.1,422.35,422.1,422.35,75,31664.55
1786943100000,2026-08-17T05:05:00Z,422.53,423.09,422.36,422.49,267,112942.73
1786943400000,2026-08-17T05:10:00Z,422.49,422.5,422.07,422.07,270,114038.16
1786943700000,2026-08-17T05:15:00Z,423.01,423.01,422.8,422.8,33,13956.6
1786944000000,2026-08-17T05:20:00Z,422.17,422.17,422.05,422.05,53,22371.7
1786944300000,2026-08-17T05:25:00Z,422,422.01,421.84,421.84,122,51481.54
1786945200000,2026-08-17T05:40:00Z,422.16,422.16,422.01,422.01,58,24482.74
1786945500000,2026-08-17T05:45:00Z,422.24,422.24,422.13,422.13,20,8442.82
1786945800000,2026-08-17T05:50:00Z,422.46,422.98,422.26,422.95,24,10147.77
1786946100000,2026-08-17T05:55:00Z,422.92,423,422.18,422.18,172,72634.49
1786946400000,2026-08-17T06:00:00Z,422.24,423.03,422.18,422.35,55,23230.49
1786946700000,2026-08-17T06:05:00Z,423.26,423.46,423.26,423.33,18,7620.68
1786947000000,2026-08-17T06:10:00Z,423.39,423.83,423.39,423.83,151,63976.81
1786947300000,2026-08-17T06:15:00Z,423.49,423.77,422.99,423,114,48259.76
1786947600000,2026-08-17T06:20:00Z,422.99,422.99,422.99,422.99,15,6344.85
1786947900000,2026-08-17T06:25:00Z,423.01,423.99,422.98,423.99,22,9307.96
1786948200000,2026-08-17T06:30:00Z,423.93,424.01,423.92,424.01,45,19079.21
1786948500000,2026-08-17T06:35:00Z,424.44,425.01,424.02,425.01,399,169391.58
1786948800000,2026-08-17T06:40:00Z,424.44,424.44,424.44,424.44,5,2122.2
1786949100000,2026-08-17T06:45:00Z,424.45,425.26,424,425.26,289,122680.13
1786949400000,2026-08-17T06:50:00Z,425.09,425.09,425.09,425.09,5,2125.45
1786949700000,2026-08-17T06:55:00Z,425.01,425.21,425.01,425.21,100,42518.03
1786950000000,2026-08-17T07:00:00Z,425.2,425.29,424.99,424.99,201,85472.91
1786950300000,2026-08-17T07:05:00Z,424.58,424.58,424.44,424.44,213,90417.59
1786950600000,2026-08-17T07:10:00Z,424.44,424.44,423.01,423.05,433,183668.98
1786950900000,2026-08-17T07:15:00Z,423.01,423.01,422.69,422.7,64,27053.77
1786951200000,2026-08-17T07:20:00Z,422.7,422.7,422.38,422.56,124,52386.07
1786951500000,2026-08-17T07:25:00Z,422.59,422.59,422.56,422.57,34,14367.36
1786951800000,2026-08-17T07:30:00Z,423.72,423.72,423.51,423.51,23,9741.15
1786952100000,2026-08-17T07:35:00Z,423.72,423.72,422.99,422.99,85,35994.99
1786952700000,2026-08-17T07:45:00Z,425.03,425.47,424.65,425.47,311,132243.95
1786953000000,2026-08-17T07:50:00Z,425.08,425.45,424.65,425.45,92,39120.08
1786953300000,2026-08-17T07:55:00Z,425.14,425.26,425.14,425.26,114,48466.98
1786953600000,2026-08-17T08:00:00Z,418.95,427.579,418.95,426.05,6789.9867110000005,2898656.86990331
1786953900000,2026-08-17T08:05:00Z,426.05,426.05,426.05,426.05,1606,684236.3
1786954200000,2026-08-17T08:10:00Z,426.05,426.05,425.055,425.055,222,94572.8658
1786954500000,2026-08-17T08:15:00Z,425.055,425.055,425.055,425.055,800,340044
1786954800000,2026-08-17T08:20:00Z,425.055,426.38,425.055,426.38,368,156880.5712
1786955100000,2026-08-17T08:25:00Z,426.38,426.38,426.38,426.38,251,107021.38
1786955400000,2026-08-17T08:30:00Z,426.38,426.38,426.38,426.38,30,12791.4
1786955700000,2026-08-17T08:35:00Z,426.38,426.38,426.38,426.38,43.020901,18343.25176838
1786956000000,2026-08-17T08:40:00Z,426.38,426.38,426.38,426.38,1074,457932.12
1786956300000,2026-08-17T08:45:00Z,426.38,426.38,426.38,426.38,82,34963.16
1786956600000,2026-08-17T08:50:00Z,426.38,426.38,426.38,426.38,60,25582.8
1786956900000,2026-08-17T08:55:00Z,426.38,426.38,426.38,426.38,205.043438,87426.42109444
1786957200000,2026-08-17T09:00:00Z,426.38,426.38,426.38,426.38,45.5,19400.29
1786957500000,2026-08-17T09:05:00Z,426.38,426.38,426.38,426.38,1,426.38
1786957800000,2026-08-17T09:10:00Z,426.38,426.38,426.38,426.38,4,1705.52
1786958100000,2026-08-17T09:15:00Z,426.38,426.38,426.38,426.38,76,32404.88
1786958400000,2026-08-17T09:20:00Z,426.38,426.38,426.38,426.38,19,8101.22
1786958700000,2026-08-17T09:25:00Z,426.38,426.38,426.38,426.38,15,6395.7
1786959000000,2026-08-17T09:30:00Z,426.38,426.38,426.38,426.38,24,10233.12
1786959300000,2026-08-17T09:35:00Z,426.38,426.38,426.38,426.38,10,4263.8
1786959600000,2026-08-17T09:40:00Z,426.38,426.38,426.38,426.38,84,35815.92
1786959900000,2026-08-17T09:45:00Z,426.38,426.38,426.38,426.38,35.037372000000005,14939.23467336
1786960200000,2026-08-17T09:50:00Z,426.217,426.217,425.4,425.4,58,24673.2
1786960500000,2026-08-17T09:55:00Z,425.4,425.4,425.4,425.4,7,2977.8
1786960800000,2026-08-17T10:00:00Z,425.4,425.4,425.4,425.4,151,64235.4
1786961100000,2026-08-17T10:05:00Z,425.4,425.4,425.4,425.4,55,23397
1786961700000,2026-08-17T10:15:00Z,425.4,425.4,425.4,425.4,22.687749999999998,9651.36885
1786962000000,2026-08-17T10:20:00Z,425.4,425.4,425.4,425.4,13,5530.2
1786962300000,2026-08-17T10:25:00Z,425.4,425.4,425.4,425.4,327,139105.8
1786962600000,2026-08-17T10:30:00Z,425.4,425.4,425.4,425.4,955,406257
1786962900000,2026-08-17T10:35:00Z,425.4,425.4,425.4,425.4,5,2127
1786963200000,2026-08-17T10:40:00Z,425.4,425.4,425.4,425.4,127,54025.8
1786963500000,2026-08-17T10:45:00Z,425.4,425.4,425.4,425.4,91,38711.4
1786963800000,2026-08-17T10:50:00Z,425.4,425.4,425.4,425.4,220,93588
1786964100000,2026-08-17T10:55:00Z,425.4,425.4,425.4,425.4,71,30203.4
1786964400000,2026-08-17T11:00:00Z,425.4,425.4,424.937,425.4,861.654127,366350.00216907
1786964700000,2026-08-17T11:05:00Z,425.4,425.4,425.4,425.4,860,365844
1786965000000,2026-08-17T11:10:00Z,425.4,425.4,425.4,425.4,604,256941.6
1786965300000,2026-08-17T11:15:00Z,425.4,425.4,425.4,425.4,146,62108.4
1786965600000,2026-08-17T11:20:00Z,425.4,425.4,425.4,425.4,92,39136.8
1786965900000,2026-08-17T11:25:00Z,425.4,425.72,425.4,425.72,67,28509.4983
1786966200000,2026-08-17T11:30:00Z,425.72,426.22,425.4,426.22,191,81320.8094
1786966500000,2026-08-17T11:35:00Z,426.22,426.22,426.22,426.22,66.012,28135.63464
1786966800000,2026-08-17T11:40:00Z,426.22,426.22,426.22,426.22,454.10634,193549.2042348
1786967100000,2026-08-17T11:45:00Z,425.96,426.22,425.96,425.96,477,203306.94
1786967400000,2026-08-17T11:50:00Z,426.22,426.22,426.195,426.195,2312,985368.3888
1786967700000,2026-08-17T11:55:00Z,426.44,426.66,426.195,426.44,768,327579.648
1786968000000,2026-08-17T12:00:00Z,426.51,426.51,425.5,425.5,262,111559.1546
1786968300000,2026-08-17T12:05:00Z,425.5,425.5,424.125,424.125,215.051168,91425.025628592
1786968600000,2026-08-17T12:10:00Z,424.125,424.666,424.125,424.666,66,27992.25
1786968900000,2026-08-17T12:15:00Z,424.683,424.77,424.147,424.77,21,8919.1284
1786969200000,2026-08-17T12:20:00Z,424.77,424.77,424.77,424.77,171,72635.67
1786969500000,2026-08-17T12:25:00Z,424.77,424.844,424.77,424.77,533.7446110000001,226734.76412726
1786969800000,2026-08-17T12:30:00Z,424.77,424.77,424.77,424.77,76,32282.52
1786970100000,2026-08-17T12:35:00Z,424.77,424.77,424.66,424.66,242.00672,102781.12520819
1786970400000,2026-08-17T12:40:00Z,422.31,424.625,422.31,422.31,412,174822.7652
1786970700000,2026-08-17T12:45:00Z,424,424,423.805,423.805,184,78000.5808
1786971000000,2026-08-17T12:50:00Z,423.805,423.934,423.805,423.815,303,128418.369
1786971300000,2026-08-17T12:55:00Z,423.99,423.99,423.115,423.99,870,368414.811
1786971600000,2026-08-17T13:00:00Z,423.654,423.925,423.654,423.925,87,36881.475
1786971900000,2026-08-17T13:05:00Z,423.925,423.925,423.925,423.925,240,101742
1786972200000,2026-08-17T13:10:00Z,423.925,424.424,423.925,424.424,176.7791,74963.7076923
1786972500000,2026-08-17T13:15:00Z,424.424,424.434,424.424,424.434,234.98,99731.3865
1786972800000,2026-08-17T13:20:00Z,424.442,424.48,424.125,424.125,15225,6457348.8
1786973100000,2026-08-17T13:25:00Z,422.26,426.99,422.09,422.09,4301.10305,1823567.04738863
1786973400000,2026-08-17T13:30:00Z,426.59,426.59,420.984,421.05,65859.273096,27956385.50091982
1786973700000,2026-08-17T13:35:00Z,421.77,423.47,420.791,420.92,26271.030494,11083382.59809473
1786974000000,2026-08-17T13:40:00Z,421.71,429.093,421.641,428.91,35028.760355,14922780.84551136
1786974300000,2026-08-17T13:45:00Z,428.89,432.19,428.398,432.19,41415.478048000004,17814677.37114818
1786974600000,2026-08-17T13:50:00Z,432.62,433.386,430.854,433.02,34680.76153,14990693.27789559
1786974900000,2026-08-17T13:55:00Z,431,433.31,430.599,432.895,23918.076053,10324567.59772698
1786975200000,2026-08-17T14:00:00Z,432.9,433.076,430.467,431.65,40349.98699,17417309.94915674
1786975500000,2026-08-17T14:05:00Z,430.52,431.74,429.389,430.44,21636.611279,9316300.73915633
1786975800000,2026-08-17T14:10:00Z,432.41,432.67,430.385,432.35,23816.092203,10291390.7098866
1786976100000,2026-08-17T14:15:00Z,432.37,432.53,429.299,429.55,23190.369058999997,9983873.62557947
1786976400000,2026-08-17T14:20:00Z,429.964,432.132,428.946,432.132,12979.69264,5577684.513911122
1786976700000,2026-08-17T14:25:00Z,432.14,433.01,431.252,432.076,6011.606245999999,2597001.3703545491680124
1786977000000,2026-08-17T14:30:00Z,432.046,432.697,431.842,431.961,10270.050519,4437167.4227500056
1786977300000,2026-08-17T14:35:00Z,431.971,432.254,431.22,431.768,16486.119515,7114813.1212547313
1786977600000,2026-08-17T14:40:00Z,431.768,432.53,431.488,431.731,11521.853126,4976269.3371819945
1786977900000,2026-08-17T14:45:00Z,431.688,434.061,431.567,433.735,26804.58133,11604732.8063101866
1786978200000,2026-08-17T14:50:00Z,435.01,435.01,433.37,434.54,36238.941205,15745294.48892503
1786978500000,2026-08-17T14:55:00Z,434.22,434.35,433.587,433.79,21774.728543000005,9449718.30406839
1786978800000,2026-08-17T15:00:00Z,433.15,434.258,432.867,433.23,26008.165622,11273608.70480773
1786979100000,2026-08-17T15:05:00Z,433.52,433.959,432.368,432.74,25550.989749,11063708.87136472
1786979400000,2026-08-17T15:10:00Z,432.41,433.101,431.854,432.355,39535.588993,17106017.47839838
1786979700000,2026-08-17T15:15:00Z,431.99,433.21,431.92,432.72,20215.822162,8744444.84737283
1786980000000,2026-08-17T15:20:00Z,433.23,434.265,432.819,434.07,18427.19971,7991091.51551935
1786980300000,2026-08-17T15:25:00Z,433.08,434.247,432.637,433.36,14115.682880000002,6119032.77988038
1786980600000,2026-08-17T15:30:00Z,433.2,433.525,432.81,433.525,8120.226711000001,3517570.15207659
1786980900000,2026-08-17T15:35:00Z,433.05,434.518,432.282,432.61,18015.379858,7811178.65881309
1786981200000,2026-08-17T15:40:00Z,432.281,432.76,431.109,431.955,4312.122453,1864436.3115241633
1786981500000,2026-08-17T15:45:00Z,431.986,432.827,431.972,432.408,3187.515619,1377650.6898041466
1786981800000,2026-08-17T15:50:00Z,432.3,433.516,431.94,433.08,12274.83207,5311609.52272585
1786982100000,2026-08-17T15:55:00Z,432.77,433.733,432.77,433.73,15886.191481999998,6884636.9294139
1786982400000,2026-08-17T16:00:00Z,434.11,434.6,433.402,433.91,16748.908885999997,7271924.01776128
1786982700000,2026-08-17T16:05:00Z,433.92,435.23,433.5,435.15,26744.197931000002,11621239.23397102
1786983000000,2026-08-17T16:10:00Z,433.95,434.227,433.311,433.955,8919.617601,3868816.34533998
1786983300000,2026-08-17T16:15:00Z,433.52,434.488,433.067,434.07,14767.619335,6405035.48616714
1786983600000,2026-08-17T16:20:00Z,433.73,434.53,433.506,434.53,10764.873231000001,4671535.15219799
1786983900000,2026-08-17T16:25:00Z,435.525,436.27,434.35,435.84,47475.67609800001,20672438.08983956
1786984200000,2026-08-17T16:30:00Z,435.03,435.584,434.355,434.88,11604.576095,5048353.82455677
1786984500000,2026-08-17T16:35:00Z,434.868,435.129,434.625,434.793,6809.8877090000005,2961137.34360553
1786984800000,2026-08-17T16:40:00Z,434.81,435.43,434.664,435.43,14653.326860000001,6372720.12875251
1786985100000,2026-08-17T16:45:00Z,435.367,435.538,434.788,435.13,4012.3376599999997,1745677.0358011178694768
1786985400000,2026-08-17T16:50:00Z,435.15,435.42,434.829,435.222,12241.100195,5326666.1093498801
1786985700000,2026-08-17T16:55:00Z,435.221,436.318,435.019,435.444,23214.742818,10116958.5883778956
1786986000000,2026-08-17T17:00:00Z,435.458,436.124,435.458,436.124,9797.473934,4267958.462915806
1786986300000,2026-08-17T17:05:00Z,436.124,436.77,435.773,436.211,15768.414938,6881537.0644215246
1786986600000,2026-08-17T17:10:00Z,436.229,436.229,435.28,435.628,3156.6537280000002,1375874.567857987287174
1786986900000,2026-08-17T17:15:00Z,435.44,436.786,434.908,436.56,18565.523126,8086527.35487013
1786987200000,2026-08-17T17:20:00Z,436.29,436.512,434.99,434.99,34636.724847000005,15090192.30510995
1786987500000,2026-08-17T17:25:00Z,436.52,436.713,435.311,436.35,14347.239712000002,6258276.0054422
1786987800000,2026-08-17T17:30:00Z,436.41,437.104,435.98,436.55,16122.919965000001,7038297.8692291
1786988100000,2026-08-17T17:35:00Z,436.41,436.719,435.565,435.565,13213.706742999999,5765715.04821422
1786988400000,2026-08-17T17:40:00Z,435.35,439.372,435.34,439.13,23365.498824000002,10227861.5794754
1786988700000,2026-08-17T17:45:00Z,439.45,441.062,439.248,441.055,102188.82521899999,44948357.68664594
1786989000000,2026-08-17T17:50:00Z,441.22,441.54,440.9,441.25,23291.871055,10278739.96356519
1786989300000,2026-08-17T17:55:00Z,441.315,442.76,441.311,442.74,28540.890738,12614214.62538479
1786989600000,2026-08-17T18:00:00Z,443.035,443.109,441.108,441.36,17163.525414,7585138.57490051
1786989900000,2026-08-17T18:05:00Z,441.1,441.465,440.089,440.46,19551.384592000002,8613771.10594357
1786990200000,2026-08-17T18:10:00Z,440.26,440.435,439.314,440.34,23080.450135,10155328.8180496
1786990500000,2026-08-17T18:15:00Z,440.79,440.79,439.767,440.27,17019.834647,7494971.82201198
1786990800000,2026-08-17T18:20:00Z,439.98,440.087,438.66,438.96,62343.550492999995,27410750.93848859
1786991100000,2026-08-17T18:25:00Z,439.095,439.745,438.782,439.745,8242.796393,3619256.10731447
1786991400000,2026-08-17T18:30:00Z,439.685,440.585,438.898,440.58,16132.958658,7093169.86668353
1786991700000,2026-08-17T18:35:00Z,440.22,440.22,439.18,439.18,18298.020896,8049088.9649101
1786992000000,2026-08-17T18:40:00Z,439.69,441.066,439.489,439.86,11384.424187999999,5010188.3175332
1786992300000,2026-08-17T18:45:00Z,441.09,442.148,440.715,442,17435.864685,7700556.61247612
1786992600000,2026-08-17T18:50:00Z,442.14,442.331,441.762,441.89,10198.400101,4507676.52720184
1786992900000,2026-08-17T18:55:00Z,442.08,442.425,441.91,442.26,16292.78061,7204771.8595379
1786993200000,2026-08-17T19:00:00Z,442.425,442.425,440.82,440.82,52954.957735,23368519.77635702
1786993500000,2026-08-17T19:05:00Z,441.06,441.812,440.999,441.22,24628.445050000002,10870421.80230034
1786993800000,2026-08-17T19:10:00Z,441.45,441.49,437.82,438.23,38237.817789,16832027.37355683
1786994100000,2026-08-17T19:15:00Z,437.857,439.118,437.52,437.633,5895.359372999999,2583742.4096938010617445
1786994400000,2026-08-17T19:20:00Z,437.614,437.85,436.671,437.633,10559.176329,4615903.4870542492
1786994700000,2026-08-17T19:25:00Z,437.639,438.598,437.451,437.451,15217.831248999999,6665406.8320544959619964
1786995000000,2026-08-17T19:30:00Z,437.411,440.057,436.897,439.808,21690.128228,9506205.9368207324
1786995300000,2026-08-17T19:35:00Z,439.801,441.247,439.518,441.246,21699.536082,9545773.5005929018
1786995600000,2026-08-17T19:40:00Z,441.235,441.46,439.871,440.49,39122.222599,17239414.73602912
1786995900000,2026-08-17T19:45:00Z,440.875,441.85,440.563,441.145,55855.697125,24652621.29347224
1786996200000,2026-08-17T19:50:00Z,442.07,443.06,441.14,442.71,110136.755435,48674531.55850314
1786996500000,2026-08-17T19:55:00Z,442.24,444.13,441.97,443.09,291665.28235000005,129231957.46601331
1786996800000,2026-08-17T20:00:00Z,443.141,443.979,441.82,441.82,760476.795533,336986736.30663794
1786997100000,2026-08-17T20:05:00Z,441.82,441.82,441.82,441.82,945,417519.9
1786997400000,2026-08-17T20:10:00Z,441.82,441.82,441.82,441.82,314.902271,139130.12137322
1786997700000,2026-08-17T20:15:00Z,441.82,442.75,441.82,442.75,194.168754,85918.08146122
1786998000000,2026-08-17T20:20:00Z,442.75,442.75,442.75,442.75,24820,10989055
1786998300000,2026-08-17T20:25:00Z,442.75,442.75,442.75,442.75,203,89878.25
1786998600000,2026-08-17T20:30:00Z,442.75,442.75,442.75,442.75,333,147435.75
1786998900000,2026-08-17T20:35:00Z,442.75,442.75,442.75,442.75,17,7526.75
1786999200000,2026-08-17T20:40:00Z,442.75,442.75,442.75,442.75,132,58443
1786999500000,2026-08-17T20:45:00Z,442.75,442.75,442.75,442.75,67,29664.25
1786999800000,2026-08-17T20:50:00Z,442.75,442.75,442.75,442.75,23686,10486976.5
1787000100000,2026-08-17T20:55:00Z,442.75,442.849,442.75,442.849,434,192167.5616
1787000400000,2026-08-17T21:00:00Z,442.841,442.841,442.8,442.8,62,27453.6248
1787000700000,2026-08-17T21:05:00Z,442.8,443.798,442.8,442.85,235,104140.8845
1787001000000,2026-08-17T21:10:00Z,442.85,442.85,442.8,442.8,72.25,31992.45895
1787001300000,2026-08-17T21:15:00Z,442.8,442.808,442.8,442.808,15,6642
1787001600000,2026-08-17T21:20:00Z,442.815,442.85,442.815,442.85,83,36756.5251
1787001900000,2026-08-17T21:25:00Z,442.85,442.85,442.85,442.85,96,42513.6
1787002200000,2026-08-17T21:30:00Z,442.85,442.85,442.85,442.85,16,7085.6
1787002500000,2026-08-17T21:35:00Z,442.917,443.25,442.75,442.75,27,11961.3267
1787002800000,2026-08-17T21:40:00Z,442.75,442.75,442.75,442.75,8,3542
1787003100000,2026-08-17T21:45:00Z,442.767,442.85,442.767,442.85,93,41182.755
1787003400000,2026-08-17T21:50:00Z,442.85,442.85,442.8,442.8,134,59335.8094
1787003700000,2026-08-17T21:55:00Z,442.8,442.836,442.8,442.836,20,8856
1787004000000,2026-08-17T22:00:00Z,442.838,443.249,442.838,443.249,24,10629.924
1787004300000,2026-08-17T22:05:00Z,443.249,443.25,443.249,443.25,189.005913,83776.87093725
1787004600000,2026-08-17T22:10:00Z,443.25,443.25,443.25,443.25,25,11081.25
1787004900000,2026-08-17T22:15:00Z,443.417,444.25,443.352,443.352,772,342837.6344
1787005200000,2026-08-17T22:20:00Z,443.351,443.351,443.154,443.154,68,30141
1787005500000,2026-08-17T22:25:00Z,443.149,443.149,443.125,443.125,79,35006.875
1787005800000,2026-08-17T22:30:00Z,443.125,443.125,443.125,443.125,62,27473.75
1787006100000,2026-08-17T22:35:00Z,443.125,443.25,443.125,443.25,125,55400.575
1787006400000,2026-08-17T22:40:00Z,443.25,443.25,443.25,443.25,22,9751.5
1787006700000,2026-08-17T22:45:00Z,443.25,443.25,443.25,443.25,30,13297.5
1787007000000,2026-08-17T22:50:00Z,443.25,443.25,443.25,443.25,533,236252.25
1787007300000,2026-08-17T22:55:00Z,443.25,443.25,443.25,443.25,74,32800.5
1787007600000,2026-08-17T23:00:00Z,443.25,443.25,443.25,443.25,64,28368
1787007900000,2026-08-17T23:05:00Z,443.25,443.25,442.751,443.25,62,27473.7438
1787008200000,2026-08-17T23:10:00Z,443.25,443.25,443.25,443.25,32,14184
1787008500000,2026-08-17T23:15:00Z,443.25,443.25,443.25,443.25,35,15513.75
1787008800000,2026-08-17T23:20:00Z,443.25,443.25,443.25,443.25,38,16843.5
1787009100000,2026-08-17T23:25:00Z,443.188,443.247,442.876,443.247,10,4429.256
1787009400000,2026-08-17T23:30:00Z,443.248,443.449,442.875,443.449,16.261831,7202.56497042
1787009700000,2026-08-17T23:35:00Z,443.449,443.45,443.449,443.45,482,213742.8518
1787010000000,2026-08-17T23:40:00Z,443.45,444.25,443.45,444.25,2242.711736,995182.02708851
1787010300000,2026-08-17T23:45:00Z,444.25,444.5,443.766,443.766,111,49335.3819
1787010600000,2026-08-17T23:50:00Z,443.765,444.249,443.765,444.249,200,88753.56
1787010900000,2026-08-17T23:55:00Z,444.25,444.25,443.706,443.901,294,130556.8446
1787011200000,2026-08-18T00:00:00Z,443.913,443.969,443.913,443.969,0,0
1787011500000,2026-08-18T00:05:00Z,442.93,443.13,442.69,443.12,98,43395.4
1787011800000,2026-08-18T00:10:00Z,443.12,443.12,443.12,443.12,8,3544.96
1787012100000,2026-08-18T00:15:00Z,443.11,443.13,443.11,443.13,13,5760.47
1787012400000,2026-08-18T00:20:00Z,443.33,443.33,443.33,443.33,2,886.66
1787012700000,2026-08-18T00:25:00Z,443.35,443.35,443.33,443.35,11,4876.81
1787013300000,2026-08-18T00:35:00Z,443.44,444.01,443.38,444.01,5,2217.65
1787013600000,2026-08-18T00:40:00Z,444.05,444.05,443.61,443.61,194,86085.48
1787013900000,2026-08-18T00:45:00Z,443.85,443.85,443.85,443.85,2,887.7
1787014200000,2026-08-18T00:50:00Z,444,444.01,444,444.01,3,1332.02
1787014800000,2026-08-18T01:00:00Z,443.99,443.99,443.31,443.31,38,16856.67
1787015400000,2026-08-18T01:10:00Z,443.32,443.98,443.1,443.98,28,12420.94
1787016000000,2026-08-18T01:20:00Z,443.6,443.98,443.6,443.95,23,10208.39
1787016900000,2026-08-18T01:35:00Z,443.5,443.73,442.98,443.5,60,26601.16
1787017200000,2026-08-18T01:40:00Z,442.88,442.88,441.49,441.49,156,69021.87
1787017500000,2026-08-18T01:45:00Z,441,441.01,441,441,17,7497.1
1787017800000,2026-08-18T01:50:00Z,440,440,436.17,436.17,1089,477515.95
1787018100000,2026-08-18T01:55:00Z,437.64,438.82,437.13,438.82,136,59486.28
1787018400000,2026-08-18T02:00:00Z,438.92,438.92,438.63,438.73,25,10970.87
1787018700000,2026-08-18T02:05:00Z,438.43,438.43,437.77,438.01,40,17527.3
1787019000000,2026-08-18T02:10:00Z,437.92,437.92,436.01,436.01,98,42810.68
1787019300000,2026-08-18T02:15:00Z,435.91,437.06,435.9,437.04,65,28374.44
1787019600000,2026-08-18T02:20:00Z,436.98,436.98,436.53,436.55,92,40174.37
1787019900000,2026-08-18T02:25:00Z,436.3,436.5,435.09,435.73,58,25271.83
1787020200000,2026-08-18T02:30:00Z,435.52,435.72,434.19,435.69,158,68728.44
1787020500000,2026-08-18T02:35:00Z,434.99,436.39,434.78,436.02,86,37473.43
1787020800000,2026-08-18T02:40:00Z,436,436.54,434.78,434.78,118,51396.39
1787021100000,2026-08-18T02:45:00Z,435.46,435.46,433.78,433.99,15,6513.16
1787021400000,2026-08-18T02:50:00Z,434.21,436.31,434.21,436.31,180,78405.42
1787021700000,2026-08-18T02:55:00Z,434.96,435,434.34,434.34,45,19564.5
1787022000000,2026-08-18T03:00:00Z,435.02,435.02,434.63,434.63,3,1304.28
1787022300000,2026-08-18T03:05:00Z,434.66,434.66,434.66,434.66,5,2173.3
1787022600000,2026-08-18T03:10:00Z,434.3,435.67,434.3,435.67,138,60010.96
1787022900000,2026-08-18T03:15:00Z,435.37,435.41,435.37,435.41,6,2612.42
1787023200000,2026-08-18T03:20:00Z,434.49,434.49,433.34,433.37,104,45124.61
1787023500000,2026-08-18T03:25:00Z,434.21,434.42,433.87,434.42,209,90730.39
1787023800000,2026-08-18T03:30:00Z,433.9,433.9,432.78,433.3,174,75346.74
1787024100000,2026-08-18T03:35:00Z,433.42,434.99,433.01,434.64,270,117118.81
1787024400000,2026-08-18T03:40:00Z,434.55,435.38,434.55,435.24,110,47854.77
1787024700000,2026-08-18T03:45:00Z,435.25,436.01,434.79,435.99,124,53994.38
1787025000000,2026-08-18T03:50:00Z,435.96,436.55,435.94,436.55,98,42725.89
1787025300000,2026-08-18T03:55:00Z,436.99,437.11,436.2,436.46,60,26182.3
1787025600000,2026-08-18T04:00:00Z,436.49,436.49,435.76,435.76,111,48391.24
1787025900000,2026-08-18T04:05:00Z,435.65,436.29,435.65,436.01,93,40539.72
1787026200000,2026-08-18T04:10:00Z,436.52,436.52,436.51,436.51,32,13968.47
1787026500000,2026-08-18T04:15:00Z,436.52,436.52,436.49,436.49,328,143169.23
1787026800000,2026-08-18T04:20:00Z,436.47,436.47,436.47,436.47,1,436.47
1787027100000,2026-08-18T04:25:00Z,436.21,438.19,436.21,438.19,278,121467.91
1787027400000,2026-08-18T04:30:00Z,437.72,438,436.92,438,115,50320.87
1787027700000,2026-08-18T04:35:00Z,437.8,437.8,437.8,437.8,10,4378
1787028000000,2026-08-18T04:40:00Z,436.82,436.82,436.6,436.6,26,11355.34
1787028600000,2026-08-18T04:50:00Z,437,437.72,437,437.47,26,11372.31
1787028900000,2026-08-18T04:55:00Z,437.79,437.85,437.79,437.85,11,4815.92
1787029200000,2026-08-18T05:00:00Z,437.62,437.62,436.61,436.61,69,30189.63
1787029500000,2026-08-18T05:05:00Z,436.62,437.39,436.62,437.39,75,32755.72
1787029800000,2026-08-18T05:10:00Z,436.81,436.81,436.75,436.81,13,5678.38
1787030100000,2026-08-18T05:15:00Z,435.51,437,435.51,436.96,96,41906.53
1787030400000,2026-08-18T05:20:00Z,436.75,436.97,436.75,436.95,70,30583.21
1787030700000,2026-08-18T05:25:00Z,436.86,438.53,436.86,438.41,143,62581.52
1787031000000,2026-08-18T05:30:00Z,437.8,438.18,436.03,436.03,666,290840.42
1787031300000,2026-08-18T05:35:00Z,436.28,436.93,435.65,436.52,138,60250.99
1787031600000,2026-08-18T05:40:00Z,436.5,437.86,435.95,437.86,291,127114
1787031900000,2026-08-18T05:45:00Z,437.69,437.78,437.06,437.6,174,76094.81
1787032200000,2026-08-18T05:50:00Z,437.59,437.89,436.05,436.05,449,196256.37
1787032500000,2026-08-18T05:55:00Z,436,436.06,435.04,435.96,475,206972.72
1787032800000,2026-08-18T06:00:00Z,435.12,435.87,434.28,434.28,97,42173.59
1787033100000,2026-08-18T06:05:00Z,434.42,434.42,433.22,433.89,285,123682.47
1787033400000,2026-08-18T06:10:00Z,433.39,434.01,433.39,434.01,412,178792.62
1787033700000,2026-08-18T06:15:00Z,434.02,434.68,434.02,434.68,15,6517.56
1787034000000,2026-08-18T06:20:00Z,434.99,435.21,434.99,435.01,66,28710.2
1787034300000,2026-08-18T06:25:00Z,435,435,434.17,434.7,192,83442.96
1787034600000,2026-08-18T06:30:00Z,435.76,436.06,435.76,436.06,140,61035.24
1787034900000,2026-08-18T06:35:00Z,436.44,436.79,436.06,436.78,167,72914.43
1787035200000,2026-08-18T06:40:00Z,436.79,436.79,436.41,436.41,536,233973.54
1787035500000,2026-08-18T06:45:00Z,436.7,436.7,436.06,436.06,41,17886.21
1787036400000,2026-08-18T07:00:00Z,436.91,436.91,436.28,436.29,82,35785.36
1787036700000,2026-08-18T07:05:00Z,436.91,436.94,436.28,436.28,150,65488.29
1787037000000,2026-08-18T07:10:00Z,436.07,436.07,435.84,435.84,33,14389.75
1787037300000,2026-08-18T07:15:00Z,436.26,436.26,436.26,436.26,1,436.26
1787037600000,2026-08-18T07:20:00Z,435.59,435.83,435.59,435.83,17,7405.27
1787037900000,2026-08-18T07:25:00Z,435.81,435.81,435.11,435.15,42,18276.42
1787038200000,2026-08-18T07:30:00Z,435.13,435.13,434.2,434.2,40,17377.67
1787038500000,2026-08-18T07:35:00Z,433.75,434.06,433.75,434.05,90,39062.52
1787038800000,2026-08-18T07:40:00Z,434.46,434.46,433.44,433.44,139,60357.32
1787039100000,2026-08-18T07:45:00Z,433.51,434.48,433.51,434.48,11,4771.52
1787039400000,2026-08-18T07:50:00Z,433.31,433.31,433.31,433.31,20,8666.2
1787039700000,2026-08-18T07:55:00Z,432.88,432.91,432.78,432.78,10,4328.34
1787040000000,2026-08-18T08:00:00Z,429.99,443.969,428.475,429.99,9198.800559,3971896.74032737
1787040300000,2026-08-18T08:05:00Z,428.475,429.011,427.325,427.325,1829.4545,783586.4630765
1787040600000,2026-08-18T08:10:00Z,427.22,427.74,426.69,427.74,420,179510.604
1787040900000,2026-08-18T08:15:00Z,427.74,427.74,427.595,427.595,36.008539,15399.63144083
1787041200000,2026-08-18T08:20:00Z,427.595,427.595,425,425,597,254766.3471
1787041500000,2026-08-18T08:25:00Z,425,430.094,425,430.094,712,304558.4984
1787041800000,2026-08-18T08:30:00Z,430.095,430.095,430.095,430.095,698,300206.31
1787042100000,2026-08-18T08:35:00Z,430.095,430.095,430.095,430.095,452.003646,194404.50812637
1787042400000,2026-08-18T08:40:00Z,430.095,430.095,430.095,430.095,14,6021.33
1787042700000,2026-08-18T08:45:00Z,430.095,430.095,430.095,430.095,15,6451.425
1787043000000,2026-08-18T08:50:00Z,428.908,428.908,427.085,427.49,1119.070204,478859.9881094
1787043300000,2026-08-18T08:55:00Z,427.49,427.49,427.49,427.49,32,13679.68
1787043600000,2026-08-18T09:00:00Z,427.658,428.5,427.189,427.189,251,107536.2061
1787043900000,2026-08-18T09:05:00Z,427.116,427.116,426.75,426.75,37.3741,15949.397175
1787044200000,2026-08-18T09:10:00Z,426.233,426.233,423.65,425.564,233,98821.9871
1787044500000,2026-08-18T09:15:00Z,425.567,425.58,425.567,425.58,716,304715.28
1787044800000,2026-08-18T09:20:00Z,425.58,425.58,422.393,422.393,148.740351,63297.20006981
1787045100000,2026-08-18T09:25:00Z,422.392,423.2,422.39,423.2,255.043438,107903.42068823
1787045400000,2026-08-18T09:30:00Z,423.2,423.2,423.2,423.2,367,155314.4
1787045700000,2026-08-18T09:35:00Z,423.2,423.2,423.2,423.2,251,106223.2
1787046000000,2026-08-18T09:40:00Z,423.2,423.2,422.39,422.39,117.056786,49486.32985975
1787046300000,2026-08-18T09:45:00Z,422.39,422.39,422.39,422.39,38,16050.82
1787046600000,2026-08-18T09:50:00Z,422.39,422.39,422.39,422.39,95.337007,40269.39838673
1787046900000,2026-08-18T09:55:00Z,422.39,422.39,422.39,422.39,297.73436,125760.0163204
1787047200000,2026-08-18T10:00:00Z,422.39,422.39,422.39,422.39,89,37592.71
1787047500000,2026-08-18T10:05:00Z,422.39,423.15,422.39,423.15,297.052826,125682.84274362
1787047800000,2026-08-18T10:10:00Z,423.15,423.15,423.15,423.15,152,64318.8
1787048100000,2026-08-18T10:15:00Z,423.15,423.15,423.15,423.15,44,18618.6
1787048400000,2026-08-18T10:20:00Z,423.15,423.15,423.15,423.15,482,203958.3
1787048700000,2026-08-18T10:25:00Z,423.15,423.15,422.255,422.255,332,140265.5844
1787049000000,2026-08-18T10:30:00Z,422.255,423.155,422.255,423.155,705,298218.0315
1787049300000,2026-08-18T10:35:00Z,423.155,423.155,423.155,423.155,171.037891,72375.53876611
1787049600000,2026-08-18T10:40:00Z,423.155,423.155,421.521,421.521,342.08,144742.702624
1787049900000,2026-08-18T10:45:00Z,421.52,423.155,421.52,423.155,373.757972,157820.91083628
1787050200000,2026-08-18T10:50:00Z,423.155,423.155,423.155,423.155,88.484632,37442.71445396
1787050500000,2026-08-18T10:55:00Z,423.155,423.155,423.155,423.155,413.001651,174763.71362891
1787050800000,2026-08-18T11:00:00Z,423.155,425.15,423.155,425.15,1890,802239.795
1787051100000,2026-08-18T11:05:00Z,425.15,425.639,424.535,424.535,484,205772.6
1787051400000,2026-08-18T11:10:00Z,424.596,424.9,424.16,424.16,620,263212.196
1787051700000,2026-08-18T11:15:00Z,424.16,424.16,424.16,424.16,460,195113.6
1787052000000,2026-08-18T11:20:00Z,424.16,424.16,424.075,424.075,696,295167.1968
1787052300000,2026-08-18T11:25:00Z,424.075,424.075,424.075,424.075,605,256565.375
1787052600000,2026-08-18T11:30:00Z,424.075,424.075,424.075,424.075,349,148002.175
1787052900000,2026-08-18T11:35:00Z,424.075,424.075,421.85,421.85,1158.71362,489277.4862103
1787053200000,2026-08-18T11:40:00Z,421.85,421.85,421.85,421.85,229,96603.65
1787053500000,2026-08-18T11:45:00Z,421.85,423.005,421.85,423.005,627,264503.2731
1787053800000,2026-08-18T11:50:00Z,423.005,423.005,421.453,422.75,1142,482289.2116
1787054100000,2026-08-18T11:55:00Z,422.75,422.75,421.78,421.78,366,154425.3918
1787054400000,2026-08-18T12:00:00Z,421.78,421.78,421.78,421.78,142,59892.76
1787054700000,2026-08-18T12:05:00Z,421.78,423.155,421.78,423.155,900.36401,380385.4267992
1787055000000,2026-08-18T12:10:00Z,423.155,423.155,421.305,421.305,138,58395.39
1787055300000,2026-08-18T12:15:00Z,421.305,421.778,421.305,421.305,180,75836.0196
1787055600000,2026-08-18T12:20:00Z,421.305,423.155,421.305,423.155,467,197045.2795
1787055900000,2026-08-18T12:25:00Z,423.155,423.155,421.001,421.001,376.009456,158583.79291339
1787056200000,2026-08-18T12:30:00Z,421,421,420.774,420.774,968.023759,407505.67054545
1787056500000,2026-08-18T12:35:00Z,420.762,420.762,419.495,420.093,1368,574787.088
1787056800000,2026-08-18T12:40:00Z,420.16,420.495,419.506,420.495,963.556309,405148.44835785
1787057100000,2026-08-18T12:45:00Z,420.277,420.277,418.186,419.495,1191,499010.1822
1787057400000,2026-08-18T12:50:00Z,420.94,420.94,419.495,420.94,844.5,354478.62165
1787057700000,2026-08-18T12:55:00Z,420.27,420.27,419.495,420.269,947.050193,397969.71621752
1787058000000,2026-08-18T13:00:00Z,420.27,420.27,419.495,419.495,399,167573.7357
1787058300000,2026-08-18T13:05:00Z,419.495,419.495,419.495,419.495,549,230302.755
1787058600000,2026-08-18T13:10:00Z,419.495,419.495,419.025,419.025,469.797033,196941.87595491
1787058900000,2026-08-18T13:15:00Z,418.56,419.025,418.101,418.56,41649.002417,17451956.57818246
1787059200000,2026-08-18T13:20:00Z,418.044,418.044,416.99,417.487,411,171479.0229
1787059500000,2026-08-18T13:25:00Z,420,420,417.705,419.459,1296,542808.3456
1787059800000,2026-08-18T13:30:00Z,419.414,424.268,413.975,414.884,60798.138852,25497927.9896898152
1787060100000,2026-08-18T13:35:00Z,414.966,418.14,414.43,416.768,2017,840145.015
1787060400000,2026-08-18T13:40:00Z,416.749,418.32,411.55,411.81,1826,758762.62
1787060700000,2026-08-18T13:45:00Z,411.18,411.751,408.7,409.085,85454.329483,35051477.41324503
1787061000000,2026-08-18T13:50:00Z,408.875,409.979,405.936,406.65,55334.231671999994,22551073.24487873
1787061300000,2026-08-18T13:55:00Z,405.615,409.902,405.605,407.98,43691.330464000006,17811006.79683411
1787061600000,2026-08-18T14:00:00Z,407.99,411.6,406.538,410.38,53420.538945,21851313.53784132
1787061900000,2026-08-18T14:05:00Z,410.39,410.458,407.593,408.29,29832.224726,12190356.90589774
1787062200000,2026-08-18T14:10:00Z,407.11,408.289,404.241,405.25,51737.731694,21006646.95031493
1787062500000,2026-08-18T14:15:00Z,405.41,407.98,404.651,407.98,31134.759444,12648340.35032778
1787062800000,2026-08-18T14:20:00Z,405.51,407.416,404.795,406.44,20785.749947999997,8440508.97430926
1787063100000,2026-08-18T14:25:00Z,405.58,409.5,405.49,408.66,26498.547185,10809984.27949617
1787063400000,2026-08-18T14:30:00Z,408.69,410,408.24,409,34249.017668,14007379.01466995
1787063700000,2026-08-18T14:35:00Z,408.861,409.23,407.007,407.275,9992.840786,4084035.424731777
1787064000000,2026-08-18T14:40:00Z,407.282,407.435,404.157,404.157,32423.115832,13178897.3185642464
1787064300000,2026-08-18T14:45:00Z,404.116,404.22,401.085,401.324,25957.711089,10468030.7229628697
1787064600000,2026-08-18T14:50:00Z,401.53,401.92,398.97,400.311,55867.969914,22346468.2219499895
1787064900000,2026-08-18T14:55:00Z,400.305,400.485,398.313,398.484,30581.549929,12240592.678829055
1787065200000,2026-08-18T15:00:00Z,398.69,399.621,396.575,399.58,50571.36595100001,20127332.84858567
1787065500000,2026-08-18T15:05:00Z,399.28,399.673,396.215,396.56,41732.000464,16610396.17748379
1787065800000,2026-08-18T15:10:00Z,396.31,397.62,395.44,397.62,41588.544012,16493243.00824058
1787066100000,2026-08-18T15:15:00Z,397.68,398.8,395.736,396.07,45530.026892,18087067.25700297
1787066400000,2026-08-18T15:20:00Z,395.76,397.627,395.67,396.905,86811.53843500001,34467088.94523258
1787066700000,2026-08-18T15:25:00Z,397.12,399.423,396.9,398.895,116667.081581,46394916.66535916
1787067000000,2026-08-18T15:30:00Z,399.07,401.892,398.708,401.64,61126.91936,24481679.62712035
1787067300000,2026-08-18T15:35:00Z,400.82,401.876,399.28,399.695,40179.473216,16080142.59888161
1787067600000,2026-08-18T15:40:00Z,398.88,401.359,398.88,400.32,47281.460732,18913302.97100313
1787067900000,2026-08-18T15:45:00Z,400.535,402.292,400.507,402.171,15949.088584000001,6397828.8823225660011359
1787068200000,2026-08-18T15:50:00Z,402.167,402.659,400.99,402.454,20830.70458,8366761.6711817428
1787068500000,2026-08-18T15:55:00Z,402.428,403.198,401.53,402.406,17002.911724,6847785.8731289992
1787068800000,2026-08-18T16:00:00Z,402.409,404.54,401.86,402.125,1626,656202.57
1787069100000,2026-08-18T16:05:00Z,401.95,402.985,400.566,401.169,21728.871735,8731825.336842772
1787069400000,2026-08-18T16:10:00Z,401.18,402.222,400.56,400.619,20801.477199,8350078.8876604265
1787069700000,2026-08-18T16:15:00Z,400.61,400.82,398.96,398.971,21083.316144,8436770.7318487127
1787070000000,2026-08-18T16:20:00Z,398.68,400.069,398.552,398.58,19969.554758,7970845.78470022
1787070300000,2026-08-18T16:25:00Z,398.97,399.164,396.842,397.83,20532.406716999998,8176525.87784001
1787070600000,2026-08-18T16:30:00Z,397.19,399.133,396.748,398.915,28629.747323000003,11393946.59466878
1787070900000,2026-08-18T16:35:00Z,398.93,400.162,398.468,400.05,19593.259249,7823139.7324889
1787071200000,2026-08-18T16:40:00Z,400.18,400.414,398.963,399,19442.492358,7770812.28638092
1787071500000,2026-08-18T16:45:00Z,399.52,402.306,399.325,402.085,30068.063478,12049550.92833242
1787071800000,2026-08-18T16:50:00Z,401.5,402.25,399.985,400.1,21482.018239999998,8612660.97725741
1787072100000,2026-08-18T16:55:00Z,400.01,400.165,398.037,398.28,20887.967353,8334831.6170145
1787072400000,2026-08-18T17:00:00Z,397.825,399.387,397.35,399.1,62396.271631,24844186.20351768
1787072700000,2026-08-18T17:05:00Z,399.192,399.193,397.644,397.823,12444.129713,4961177.7629106633
1787073000000,2026-08-18T17:10:00Z,397.812,398.531,397.06,398.531,19522.885385,7763162.037809636
1787073300000,2026-08-18T17:15:00Z,398.532,398.623,397.406,397.56,27012.289138,10744928.0927259901
1787073600000,2026-08-18T17:20:00Z,397.561,398.112,396.926,396.926,7363.867477,2928614.3177800419
1787073900000,2026-08-18T17:25:00Z,396.926,398.21,396.89,398.132,9325.409337,3703858.5250197266
1787074200000,2026-08-18T17:30:00Z,398.134,398.547,397.75,398.126,11686.197615000001,4650083.1622810728979115
1787074500000,2026-08-18T17:35:00Z,397.89,399.477,397.35,399.21,27263.478512,10855362.92173048
1787074800000,2026-08-18T17:40:00Z,398.84,399.25,398.49,398.76,17308.107043,6901251.13639116
1787075100000,2026-08-18T17:45:00Z,398.755,398.97,397.587,398.11,25204.47682,10035401.88841279
1787075400000,2026-08-18T17:50:00Z,398,398.372,397.58,398.01,26697.664477,10626492.74991189
1787075700000,2026-08-18T17:55:00Z,397.68,397.953,396.19,396.29,31862.714689999997,12645862.19618387
1787076000000,2026-08-18T18:00:00Z,396.4,396.733,395.32,395.81,38568.469259,15272639.43439211
1787076300000,2026-08-18T18:05:00Z,396.145,396.145,393.48,393.48,33749.683443999995,13331597.45594821
1787076600000,2026-08-18T18:10:00Z,393.63,394.611,392.41,394.48,50503.458461999995,19866257.5854837
1787076900000,2026-08-18T18:15:00Z,395.065,396.441,394.633,396.17,23110.810536,9149678.51201192
1787077200000,2026-08-18T18:20:00Z,396.31,396.498,394.476,394.96,23090.568497,9133035.64818691
1787077500000,2026-08-18T18:25:00Z,394.943,395.32,394.831,395.164,12980.365082,5128532.3181009444
1787077800000,2026-08-18T18:30:00Z,395.147,396.81,395.052,396.73,30067.784455,11901237.3548897205
1787078100000,2026-08-18T18:35:00Z,396.785,399.039,396.785,398.79,17200.563522,6852123.6698942229
1787078400000,2026-08-18T18:40:00Z,398.79,399.03,398.415,398.961,18574.119669,7404465.1505606721
1787078700000,2026-08-18T18:45:00Z,398.959,400.42,398.773,399.616,16759.977461,6701137.4837902826
1787079000000,2026-08-18T18:50:00Z,399.38,399.613,397.76,397.76,20526.469867,8184006.16832224
1787079300000,2026-08-18T18:55:00Z,397.55,397.986,397.362,397.57,28636.089541,11387204.00537564
1787079600000,2026-08-18T19:00:00Z,397.35,398.078,397.107,397.465,21261.427082,8452654.68015117
1787079900000,2026-08-18T19:05:00Z,397.49,398.528,397.447,398.32,19137.912087999997,7615560.83992509
1787080200000,2026-08-18T19:10:00Z,398.21,398.58,397.14,397.64,27733.993655,11030083.84313068
1787080500000,2026-08-18T19:15:00Z,397.76,398.056,396.84,397.73,34493.220294000006,13706946.92432799
1787080800000,2026-08-18T19:20:00Z,397.935,399.19,397.51,399.19,27732.737297,11043758.37914864
1787081100000,2026-08-18T19:25:00Z,399.43,401.9,399.149,401.55,47125.524227,18886133.47791824
1787081400000,2026-08-18T19:30:00Z,400.5,401.76,399.794,401.57,63434.72747800001,25413245.89612736
1787081700000,2026-08-18T19:35:00Z,401.34,402.585,400.767,401.97,48505.179664,19482207.27292289
1787082000000,2026-08-18T19:40:00Z,401.988,403.716,401.51,403.614,54353.995031,21842710.0690809371
1787082300000,2026-08-18T19:45:00Z,403.602,403.602,402.71,402.989,49993.476543,20155962.9172431987
1787082600000,2026-08-18T19:50:00Z,403.31,403.983,399.445,400.47,39609.921795999995,15927216.675173081988605
1787082900000,2026-08-18T19:55:00Z,403.26,404.64,403.26,404.22,4114,1661071.96
1787083200000,2026-08-18T20:00:00Z,403.817,403.97,403.05,403.24,964491.682882,389502732.44427409
1787083500000,2026-08-18T20:05:00Z,403.283,406.5,403.283,406.5,9123,3694276.743
1787083800000,2026-08-18T20:10:00Z,406.5,406.5,405.811,405.811,189.942359,77209.63152144
1787084100000,2026-08-18T20:15:00Z,405.783,406.009,405.645,406.009,295.14984200000004,119733.49543411
1787084400000,2026-08-18T20:20:00Z,406.01,406.499,405.145,405.145,4511,1829151.4059
1787084700000,2026-08-18T20:25:00Z,405.145,405.435,405.145,405.171,2968,1203146.1736
1787085000000,2026-08-18T20:30:00Z,405.17,405.17,405.17,405.17,130,52672.1
1787085300000,2026-08-18T20:35:00Z,405.17,405.17,404.906,404.906,426.44432,172766.53876126
1787085600000,2026-08-18T20:40:00Z,404.904,404.904,404.9,404.9,67,27128.3
1787085900000,2026-08-18T20:45:00Z,404.9,404.9,400.265,400.265,141,57004.3965
1787086200000,2026-08-18T20:50:00Z,400.311,400.54,400.311,400.54,47,18825.3753
1787086500000,2026-08-18T20:55:00Z,400.54,400.54,400.424,400.424,68,27236.6248
1787086800000,2026-08-18T21:00:00Z,400.34,400.54,399.92,400.54,0,0
1787087100000,2026-08-18T21:05:00Z,400.54,400.54,400.54,400.54,311,124567.94
1787087400000,2026-08-18T21:10:00Z,400.54,400.54,399.921,400.539,18,7209.72
1787087700000,2026-08-18T21:15:00Z,400.54,400.54,399.922,400.538,83,33244.3054
1787088000000,2026-08-18T21:20:00Z,400.539,400.75,400.539,400.75,52,20834.9752
1787088300000,2026-08-18T21:25:00Z,400.75,401.65,400.75,401.65,8,3211.0344
1787088600000,2026-08-18T21:30:00Z,401.65,402.9,401.65,402.9,58.025,23374.48927
1787088900000,2026-08-18T21:35:00Z,402.9,402.9,402.9,402.9,551,221997.9
1787089200000,2026-08-18T21:40:00Z,402.783,402.783,402.2,402.2,141,56711.5818
1787089500000,2026-08-18T21:45:00Z,402.2,402.748,402.2,402.748,15,6033
1787089800000,2026-08-18T21:50:00Z,402.749,402.75,402.749,402.75,126,50746.5
1787090100000,2026-08-18T21:55:00Z,402.75,402.75,402.75,402.75,245,98673.75
1787090400000,2026-08-18T22:00:00Z,402.75,402.75,402.075,402.075,33,13274.8902
1787090700000,2026-08-18T22:05:00Z,402.075,402.075,401.866,401.866,32,12865.7376
1787091000000,2026-08-18T22:10:00Z,401.865,401.865,401.865,401.865,303,121765.095
1787091300000,2026-08-18T22:15:00Z,401.865,402.073,401.327,401.327,54,21700.71
1787091600000,2026-08-18T22:20:00Z,401.466,402.99,401.466,402.99,209,84088.851
1787091900000,2026-08-18T22:25:00Z,402.99,402.99,402.99,402.99,145,58433.55
1787092200000,2026-08-18T22:30:00Z,402.99,402.99,402.881,402.989,54,21760.4934
1787092500000,2026-08-18T22:35:00Z,402.989,402.99,402.15,402.15,50,20135.75
1787092800000,2026-08-18T22:40:00Z,402.15,402.15,402.15,402.15,16,6434.4
1787093100000,2026-08-18T22:45:00Z,402.15,402.15,402.15,402.15,156,62735.4
1787093400000,2026-08-18T22:50:00Z,402.15,402.15,402.15,402.15,138,55496.7
1787093700000,2026-08-18T22:55:00Z,402.041,402.041,401.495,401.495,474,190308.63
1787094000000,2026-08-18T23:00:00Z,401.495,401.495,401.495,401.495,733,294295.835
1787094300000,2026-08-18T23:05:00Z,401.495,401.495,401.495,401.495,11,4416.445
1787094600000,2026-08-18T23:10:00Z,401.495,401.495,401.495,401.495,173.038096,69473.93035352
1787094900000,2026-08-18T23:15:00Z,401.495,401.495,401.495,401.495,27,10840.365
1787095200000,2026-08-18T23:20:00Z,401.495,401.495,401.495,401.495,70,28104.65
1787095500000,2026-08-18T23:25:00Z,401.495,401.495,401.495,401.495,11,4416.445
1787095800000,2026-08-18T23:30:00Z,401.495,401.495,399.615,399.615,301,120635.2014
1787096100000,2026-08-18T23:35:00Z,399.615,399.615,399.615,399.615,0,0
1787096400000,2026-08-18T23:40:00Z,399.615,399.825,399.615,399.623,69.007475,27581.00421847
1787096700000,2026-08-18T23:45:00Z,399.622,399.622,399.615,399.615,79,31569.6245
1787097000000,2026-08-18T23:50:00Z,399.615,400.097,399.615,400.097,1111,443973.1538
1787097300000,2026-08-18T23:55:00Z,400.101,400.215,400.101,400.215,721,288540.595
1787097600000,2026-08-19T00:00:00Z,401.87,401.87,399.12,399.12,60,24001.92
1787097900000,2026-08-19T00:05:00Z,399.14,399.14,398.93,398.99,53,21151.25
1787098800000,2026-08-19T00:20:00Z,399.8,400.17,398.4,398.4,261,104172.19
1787099400000,2026-08-19T00:30:00Z,400.84,401.33,400.83,401.33,65,26081.54
1787099700000,2026-08-19T00:35:00Z,401.53,401.53,401.53,401.53,1,401.53
1787100000000,2026-08-19T00:40:00Z,401.85,402.48,401.85,402.48,89,35780.03
1787100300000,2026-08-19T00:45:00Z,402.62,403,402.51,403,43,17310.82
1787100600000,2026-08-19T00:50:00Z,403.59,403.59,403.59,403.59,8,3228.72
1787100900000,2026-08-19T00:55:00Z,402.42,402.42,400.88,401.12,185,74287.64
1787101500000,2026-08-19T01:05:00Z,403.26,406.27,403.26,406.27,57,23012.72
1787101800000,2026-08-19T01:10:00Z,406,406,404.21,404.44,293,118587.69
1787102400000,2026-08-19T01:20:00Z,405.01,405.2,405.01,405.2,2,810.21
1787102700000,2026-08-19T01:25:00Z,405,405.51,404.99,405.36,241,97633.67
1787103000000,2026-08-19T01:30:00Z,405.49,406.08,405.27,405.27,73,29614.6
1787103300000,2026-08-19T01:35:00Z,405.38,405.56,404.7,405.47,225,91140.07
1787103600000,2026-08-19T01:40:00Z,405.43,405.57,405.43,405.57,35,14192.11
1787103900000,2026-08-19T01:45:00Z,405.59,405.59,405.53,405.53,40,16222.25
1787104200000,2026-08-19T01:50:00Z,405.08,405.08,405.06,405.06,100,40507.04
1787104500000,2026-08-19T01:55:00Z,405.06,405.06,405.06,405.06,1,405.06
1787104800000,2026-08-19T02:00:00Z,405.1,405.1,404.61,404.61,44,17805.88
1787105100000,2026-08-19T02:05:00Z,404.1,404.1,403.36,403.36,22,8876.91
1787105400000,2026-08-19T02:10:00Z,403.4,403.44,403.01,403.01,15,6049.37
1787106000000,2026-08-19T02:20:00Z,402.64,403.4,402.64,403.4,22,8870.96
1787106300000,2026-08-19T02:25:00Z,403.4,403.4,402.8,403,30,12090.33
1787106600000,2026-08-19T02:30:00Z,402.99,402.99,402.99,402.99,3,1208.97
1787107500000,2026-08-19T02:45:00Z,402.1,402.3,402.1,402.3,26,10458.98
1787107800000,2026-08-19T02:50:00Z,402.77,402.84,402.77,402.84,3,1208.38
1787109300000,2026-08-19T03:15:00Z,402.15,402.25,402.15,402.25,35,14078.37
1787109600000,2026-08-19T03:20:00Z,402.64,402.76,402.64,402.76,3,1208.04
1787110200000,2026-08-19T03:30:00Z,402.82,402.83,402.82,402.83,8,3222.59
1787110500000,2026-08-19T03:35:00Z,403,403,403,403,5,2015
1787110800000,2026-08-19T03:40:00Z,403.84,403.84,403.84,403.84,4,1615.36
1787111700000,2026-08-19T03:55:00Z,402.08,402.08,402.08,402.08,2,804.16
1787112000000,2026-08-19T04:00:00Z,402.01,402.01,401.59,401.59,109,43790.98
1787112600000,2026-08-19T04:10:00Z,402.01,402.01,401.16,401.57,136,54662.01
1787112900000,2026-08-19T04:15:00Z,401.17,401.17,401,401,62,24863.98
1787113200000,2026-08-19T04:20:00Z,401.58,401.58,401.58,401.58,2,803.16
1787113800000,2026-08-19T04:30:00Z,401.57,401.57,400.5,400.5,237,95050.33
1787114100000,2026-08-19T04:35:00Z,400.5,400.5,400.5,400.5,3,1201.5
1787114400000,2026-08-19T04:40:00Z,400.52,400.52,400.51,400.51,8,3204.11
1787114700000,2026-08-19T04:45:00Z,400.05,400.05,400,400,31,12400.76
1787115000000,2026-08-19T04:50:00Z,399.01,399.01,398.7,398.96,157,62631.85
1787115600000,2026-08-19T05:00:00Z,399.78,399.91,399.78,399.91,4,1599.38
1787115900000,2026-08-19T05:05:00Z,400.99,400.99,400.99,400.99,14,5613.86
1787116200000,2026-08-19T05:10:00Z,400.59,400.59,400.59,400.59,5,2002.95
1787117100000,2026-08-19T05:25:00Z,399.78,399.78,399.78,399.78,1,399.78
1787118000000,2026-08-19T05:40:00Z,398.95,398.95,398.94,398.94,2,797.89
1787118900000,2026-08-19T05:55:00Z,398.08,398.08,397.99,397.99,70,27863.5
1787119200000,2026-08-19T06:00:00Z,397.09,397.09,397.09,397.09,2,794.18
1787119500000,2026-08-19T06:05:00Z,397.23,397.24,396.62,396.62,38,15092.41
1787120100000,2026-08-19T06:15:00Z,396.65,398.01,396.65,398.01,570,226785.43
1787120400000,2026-08-19T06:20:00Z,398.51,398.95,398.51,398.95,7,2790.53
1787120700000,2026-08-19T06:25:00Z,398.75,398.93,397.81,398,45,17915.57
1787121300000,2026-08-19T06:35:00Z,397.47,397.47,397.47,397.47,3,1192.41
1787121600000,2026-08-19T06:40:00Z,398.72,399.03,398.72,399.03,153,61023.84
1787121900000,2026-08-19T06:45:00Z,399.03,401.01,399.03,401.01,290,116076.5
1787122200000,2026-08-19T06:50:00Z,401.92,401.94,401.92,401.94,7,2813.54
1787122500000,2026-08-19T06:55:00Z,401.99,402.31,401.99,402.3,75,30154.53
1787122800000,2026-08-19T07:00:00Z,402.61,403.5,402.61,403.21,28,11286.27
1787123100000,2026-08-19T07:05:00Z,402.59,403.47,402.59,403.47,32,12904.62
1787123400000,2026-08-19T07:10:00Z,402.78,402.78,402.72,402.78,98,39471.9
1787123700000,2026-08-19T07:15:00Z,403.01,403.1,401.96,401.96,306,123131.49
1787124000000,2026-08-19T07:20:00Z,403.29,403.51,403.29,403.36,30,12100.23
1787124300000,2026-08-19T07:25:00Z,404.21,404.3,403.49,403.49,75,30301.48
1787124900000,2026-08-19T07:35:00Z,404.58,404.88,403.53,403.53,85,34395.23
1787125200000,2026-08-19T07:40:00Z,403.71,404.85,403.01,403.06,1149,464736.76
1787125500000,2026-08-19T07:45:00Z,404.78,405.01,404.61,404.61,167,67610.56
1787125800000,2026-08-19T07:50:00Z,404.83,405.5,404.83,405.5,49,19860.7
1787126100000,2026-08-19T07:55:00Z,404.86,407.37,404.76,407.37,271,110080.96
1787126400000,2026-08-19T08:00:00Z,400.215,407.198,400.215,407.198,6554.360513,2659989.55422941
1787126700000,2026-08-19T08:05:00Z,413.54,413.545,407.203,413.54,1373.0126070000001,563914.81336509
1787127000000,2026-08-19T08:10:00Z,413.545,413.545,409.265,409.365,272,111507.9504
1787127300000,2026-08-19T08:15:00Z,409.365,409.365,409.365,409.365,200,81873
1787127600000,2026-08-19T08:20:00Z,409.365,409.365,409.365,409.365,109,44620.785
1787127900000,2026-08-19T08:25:00Z,409.365,411.152,409.365,409.823,663,272054.4918
1787128200000,2026-08-19T08:30:00Z,409.822,409.822,409.82,409.82,91,37293.6473
1787128500000,2026-08-19T08:35:00Z,409.82,409.82,407.65,409.82,244,99699.9372
1787128800000,2026-08-19T08:40:00Z,409.06,409.409,407.4,409.06,387.178332,157833.1308863
1787129100000,2026-08-19T08:45:00Z,407.705,407.705,407.705,407.705,27.033094,11021.52758927
1787129400000,2026-08-19T08:50:00Z,407.705,407.705,407.705,407.705,93,37916.565
1787129700000,2026-08-19T08:55:00Z,407.705,407.705,407.705,407.705,286,116603.63
1787130000000,2026-08-19T09:00:00Z,407.705,407.705,407.705,407.705,1229,501069.445
1787130300000,2026-08-19T09:05:00Z,407.705,407.705,407.705,407.705,35,14269.675
1787130600000,2026-08-19T09:10:00Z,407.705,407.705,407.705,407.705,100,40770.5
1787130900000,2026-08-19T09:15:00Z,407.705,407.705,407.705,407.705,383,156151.015
1787131200000,2026-08-19T09:20:00Z,407.705,407.705,407.355,407.355,218,88844.3304
1787131500000,2026-08-19T09:25:00Z,407.355,407.355,405.16,405.16,694.726242,281967.49775118
1787131800000,2026-08-19T09:30:00Z,405.16,405.16,405.16,405.16,18,7292.88
1787132100000,2026-08-19T09:35:00Z,405.16,405.16,405.16,405.16,14,5672.24
1787132400000,2026-08-19T09:40:00Z,405.16,405.16,403.496,403.496,102,41297.046
1787132700000,2026-08-19T09:45:00Z,403.495,403.495,402.814,403.495,191,76994.6785
1787133000000,2026-08-19T09:50:00Z,403.495,403.495,402.9,402.9,181,73027.9433
1787133300000,2026-08-19T09:55:00Z,402.9,402.9,402.001,402.22,331,133278.3747
1787133600000,2026-08-19T10:00:00Z,402.22,402.22,401.875,401.875,42,16886.436
1787133900000,2026-08-19T10:05:00Z,401.875,401.875,401.03,401.03,342,137228.0472
1787134200000,2026-08-19T10:10:00Z,401.03,401.03,400.825,400.825,680.083747,272627.41593626
1787134500000,2026-08-19T10:15:00Z,400.825,400.825,400.825,400.825,85,34070.125
1787134800000,2026-08-19T10:20:00Z,400.825,400.825,400.825,400.825,31,12425.575
1787135100000,2026-08-19T10:25:00Z,400.825,400.825,400.825,400.825,56,22446.2
1787135400000,2026-08-19T10:30:00Z,400.825,400.825,400.825,400.825,0.078896,31.6234892
1787135700000,2026-08-19T10:35:00Z,400.825,403.75,400.825,403.75,45,18139.5
1787136000000,2026-08-19T10:40:00Z,403.75,403.75,403.735,403.735,182.024696,73489.74063956
1787136300000,2026-08-19T10:45:00Z,403.735,403.735,403.735,403.735,22,8882.17
1787136600000,2026-08-19T10:50:00Z,403.735,403.735,403.735,403.735,8.729974,3524.59605289
1787136900000,2026-08-19T10:55:00Z,403.673,403.673,403.365,403.365,205,82711.3295
1787137200000,2026-08-19T11:00:00Z,403.365,405.046,403.14,405.046,294,118622.3556
1787137500000,2026-08-19T11:05:00Z,405.05,405.144,404.57,405.144,260,105213.42
1787137800000,2026-08-19T11:10:00Z,405.145,405.615,405.145,405.615,441,178675.0308
1787138100000,2026-08-19T11:15:00Z,405.615,405.615,405.615,405.615,117,47456.955
1787138400000,2026-08-19T11:20:00Z,405.615,405.615,405.615,405.615,176,71388.24
1787138700000,2026-08-19T11:25:00Z,405.615,405.615,404.118,404.118,202,81921.7262
1787139000000,2026-08-19T11:30:00Z,404.116,404.116,404.115,404.115,266.989567,107894.48886821
1787139300000,2026-08-19T11:35:00Z,403.801,403.801,402.23,403,1054.0284000000001,423986.29679088
1787139600000,2026-08-19T11:40:00Z,403,403,403,403,34.461850999999996,13888.125953
1787139900000,2026-08-19T11:45:00Z,403,403.129,400.501,403.129,115,46201.618
1787140200000,2026-08-19T11:50:00Z,403.13,403.135,403.13,403.135,7,2821.9443
1787140500000,2026-08-19T11:55:00Z,403.135,403.135,403.135,403.135,718.124485,289501.11426048
1787140800000,2026-08-19T12:00:00Z,403.135,403.135,403.135,403.135,8,3225.08
1787141100000,2026-08-19T12:05:00Z,403.135,403.135,403.135,403.135,205.01205,82647.53277675
1787141400000,2026-08-19T12:10:00Z,403.135,403.135,402.645,402.645,208,83827.4528
1787141700000,2026-08-19T12:15:00Z,402.645,402.645,402.645,402.645,91,36640.695
1787142000000,2026-08-19T12:20:00Z,403.98,403.98,402.645,403.98,417,167902.965
1787142300000,2026-08-19T12:25:00Z,404.93,405,402.645,405,1574,634566.2848
1787142600000,2026-08-19T12:30:00Z,404.57,404.874,404.07,404.874,141.345679,57184.22135303
1787142900000,2026-08-19T12:35:00Z,404.875,411.499,404.875,411.499,1210.005236,491988.6972654768
1787143200000,2026-08-19T12:40:00Z,411.5,411.5,410.66,410.66,295,121338.0135
1787143500000,2026-08-19T12:45:00Z,412.01,413.137,410.66,413.137,752,308916.8314
1787143800000,2026-08-19T12:50:00Z,413.197,413.5,411.847,413.498,639.005032,263325.1188376616
1787144100000,2026-08-19T12:55:00Z,413.499,415.519,413.397,413.47,1207,499109.7082
1787144400000,2026-08-19T13:00:00Z,413.475,413.86,411.741,411.741,1411.068715,582551.2400862065
1787144700000,2026-08-19T13:05:00Z,411.701,412,411.49,411.765,1368,563330.9242
1787145000000,2026-08-19T13:10:00Z,411.796,412,411.796,412,1542.611699,635494.9325647196
1787145300000,2026-08-19T13:15:00Z,412,412,410.33,410.62,1229,505774.9173
1787145600000,2026-08-19T13:20:00Z,410.62,410.62,409.846,410.501,605.84,248735.124416
1787145900000,2026-08-19T13:25:00Z,410.499,410.499,404.495,406.658,2165.686869,883646.37168231
1787146200000,2026-08-19T13:30:00Z,405.175,406.682,396.594,399.49,100554.783907,40463285.26609036
1787146500000,2026-08-19T13:35:00Z,399.49,400.095,393.6,393.6,55601.12794699999,22055594.10871461
1787146800000,2026-08-19T13:40:00Z,392.83,395.384,392.17,394.335,49822.453535,19595230.76225974
1787147100000,2026-08-19T13:45:00Z,394.34,395.33,383.545,383.92,75310.830332,29311600.24510616
1787147400000,2026-08-19T13:50:00Z,383.74,384.693,380.745,381.125,60807.44313,23232876.13826418
1787147700000,2026-08-19T13:55:00Z,381.66,385.07,381.365,385.02,3288,1260445.805
1787148000000,2026-08-19T14:00:00Z,384.98,385.38,380.99,382.5,2152,824022.05
1787148300000,2026-08-19T14:05:00Z,382.953,385.533,378.943,379.175,2140,815148.55
1787148600000,2026-08-19T14:10:00Z,379.167,379.29,374.19,375.632,4673,1754590.77
1787148900000,2026-08-19T14:15:00Z,375.632,378.419,375.27,377.21,5866,2206271.09
1787149200000,2026-08-19T14:20:00Z,377.144,379.661,375.48,378.005,1710,645416.22
1787149500000,2026-08-19T14:25:00Z,378.065,382.01,377.245,381.844,1805,686164.15
1787149800000,2026-08-19T14:30:00Z,381.902,385.681,381.902,383.573,1091,418998.3
1787150100000,2026-08-19T14:35:00Z,383.724,387.901,383.724,387.89,1014,392053.92
1787150400000,2026-08-19T14:40:00Z,387.888,387.9,384.388,385.511,1309,504517.475
1787150700000,2026-08-19T14:45:00Z,385.605,385.944,381.286,381.427,895,343002.3
1787151000000,2026-08-19T14:50:00Z,381.422,383.178,380.75,382.792,1255,479306.85
1787151300000,2026-08-19T14:55:00Z,382.808,384.376,382.03,384.152,1999,766600.78
1787151600000,2026-08-19T15:00:00Z,384.152,384.152,381.41,381.648,1505,575571.53
1787151900000,2026-08-19T15:05:00Z,381.63,382.993,380.8,382.369,1350,515310.6
1787152200000,2026-08-19T15:10:00Z,382.36,383.985,381.985,383.645,471,180322.665
1787152500000,2026-08-19T15:15:00Z,383.644,384.315,382.41,383.37,2607,999219.2
1787152800000,2026-08-19T15:20:00Z,383.366,384.26,383.197,383.709,1308,502145.68
1787153100000,2026-08-19T15:25:00Z,383.692,384.251,383.21,383.793,804,308569.46
1787153400000,2026-08-19T15:30:00Z,383.797,384.11,382.357,382.579,914,349945.335
1787153700000,2026-08-19T15:35:00Z,382.49,382.93,381.84,382.55,1005,384201.52
1787154000000,2026-08-19T15:40:00Z,381.61,382.565,380.67,382.565,1137,433570.08
1787154300000,2026-08-19T15:45:00Z,381.86,382.02,381.05,381.195,1157,441489.155
1787154600000,2026-08-19T15:50:00Z,380.7,381.99,380.655,380.88,1525,581552.515
1787154900000,2026-08-19T15:55:00Z,380.84,382.72,380.84,382.72,1387,529305.135
1787155200000,2026-08-19T16:00:00Z,382.69,385.21,381.46,384.78,1914,733209.87
1787155500000,2026-08-19T16:05:00Z,384.65,386.205,384.64,385.83,718,276860.045
1787155800000,2026-08-19T16:10:00Z,385.88,385.88,384.21,384.37,1272,489712.59
1787156100000,2026-08-19T16:15:00Z,383.811,384.118,382.496,383.905,1795,687936.07
1787156400000,2026-08-19T16:20:00Z,383.904,384.949,383.742,384.487,571,219394.87
1787156700000,2026-08-19T16:25:00Z,384.484,384.487,383.36,383.608,720,276396.4
1787157000000,2026-08-19T16:30:00Z,383.611,385.22,383.084,384.93,561,215319.395
1787157300000,2026-08-19T16:35:00Z,384.928,385.195,384,384.94,827,317913.35
1787157600000,2026-08-19T16:40:00Z,384.899,385.12,384.138,384.253,532,204686.68
1787157900000,2026-08-19T16:45:00Z,384.254,384.267,382.34,383.188,2245,860195.5
1787158200000,2026-08-19T16:50:00Z,383.168,383.168,381.349,381.655,967,369408.79
1787158500000,2026-08-19T16:55:00Z,381.657,381.659,380.451,380.603,848,322962.23
1787158800000,2026-08-19T17:00:00Z,380.584,380.584,379.291,379.291,740,281119.75
1787159100000,2026-08-19T17:05:00Z,379.291,379.94,379.236,379.353,630,239140.1
1787159400000,2026-08-19T17:10:00Z,379.354,380.085,379.275,380.085,320,121470.075
1787159700000,2026-08-19T17:15:00Z,380.105,380.585,379.976,380.45,12734.000841000001,4842723.96563121
1787160000000,2026-08-19T17:20:00Z,379.5,380.647,379.5,380.3,8630.28032,3278469.16190554
1787160300000,2026-08-19T17:25:00Z,380.29,380.912,380.136,380.63,11591.252969000001,4410071.85647707
1787160600000,2026-08-19T17:30:00Z,380.21,380.612,379.725,380.19,10038.424354,3815073.06046464
1787160900000,2026-08-19T17:35:00Z,379.89,380.484,378.755,378.755,26585.662433999998,10086470.05771367
1787161200000,2026-08-19T17:40:00Z,378.18,378.774,377.94,378.52,16027.381318,6065389.36407887
1787161500000,2026-08-19T17:45:00Z,378.68,379.245,378.371,378.97,9798.882774,3711694.30875653
1787161800000,2026-08-19T17:50:00Z,378.53,378.838,378.146,378.39,12145.266315,4597012.44886666
1787162100000,2026-08-19T17:55:00Z,378.445,378.499,378.06,378.154,4530.561014,1713861.8484811474
1787162400000,2026-08-19T18:00:00Z,378.155,379.508,377.9,378.254,7770.258872,2939070.3080112496
1787162700000,2026-08-19T18:05:00Z,378.24,378.387,376.16,376.291,10469.93103,3953299.702514245
1787163000000,2026-08-19T18:10:00Z,376.284,376.423,375.18,376.079,20024.444153,7526714.7063029701
1787163300000,2026-08-19T18:15:00Z,376.058,376.419,375.494,376.303,6471.987547000001,2432363.8596712001758234
1787163600000,2026-08-19T18:20:00Z,376.304,376.432,375.616,375.961,19028.989844,7156410.5888844128
1787163900000,2026-08-19T18:25:00Z,375.96,376.747,375.824,376.664,4597.226108,1728446.0718573784
1787164200000,2026-08-19T18:30:00Z,376.665,379.448,376.665,379.279,11398.639123,4308603.5182923144
1787164500000,2026-08-19T18:35:00Z,379.284,379.289,377.049,377.049,9322.452261,3529055.3221914984
1787164800000,2026-08-19T18:40:00Z,377.043,379.392,377.005,379.376,19276.119447,7281126.673403839
1787165100000,2026-08-19T18:45:00Z,378.45,379.37,377.249,377.64,9515.241811,3595347.43962489
1787165400000,2026-08-19T18:50:00Z,377.44,377.853,377.32,377.32,13154.911078,4967532.52694331
1787165700000,2026-08-19T18:55:00Z,377.64,378.68,376.336,378.11,28352.011042,10691469.64870949
1787166000000,2026-08-19T19:00:00Z,378.22,378.698,377.103,377.46,23470.057873,8873442.13033448
1787166300000,2026-08-19T19:05:00Z,377.39,378.2,376.92,378.06,19683.665366999998,7429953.79875076
1787166600000,2026-08-19T19:10:00Z,378.22,378.446,377.79,378.15,18098.340867000003,6842707.58703152
1787166900000,2026-08-19T19:15:00Z,378.27,378.583,377.41,378.52,16710.142264000002,6320589.58817306
1787167200000,2026-08-19T19:20:00Z,378.66,380.163,378.4,380.05,23625.277145,8960880.98140905
1787167500000,2026-08-19T19:25:00Z,380.118,381.48,379.964,380.715,26457.372138,10077882.0980097846
1787167800000,2026-08-19T19:30:00Z,380.714,380.931,380.08,380.931,22170.467689,8435986.067067567
1787168100000,2026-08-19T19:35:00Z,380.926,380.926,379.28,379.448,17197.162336,6530494.5070005536
1787168400000,2026-08-19T19:40:00Z,379.417,379.43,378.491,378.926,21378.382751999998,8101929.476970207242042
1787168700000,2026-08-19T19:45:00Z,378.919,379.94,378.74,379.119,17138.385465,6496033.552236281
1787169000000,2026-08-19T19:50:00Z,379.27,379.46,377.14,377.515,73879.938593,27904806.3537308022
1787169300000,2026-08-19T19:55:00Z,377.54,379.8,377.49,379.66,44446.306352,16798750.2673833504
1787169600000,2026-08-19T20:00:00Z,379.676,383.115,379.676,381.326,527994.779447,200544719.5123317151
1787169900000,2026-08-19T20:05:00Z,381.325,381.755,381.325,381.755,272,103828.2752
1787170200000,2026-08-19T20:10:00Z,381.755,381.755,381.755,381.755,329.512752,125793.14063976
1787170500000,2026-08-19T20:15:00Z,381.293,381.293,378.98,378.98,688.813165,261053.43916598
1787170800000,2026-08-19T20:20:00Z,378.98,381.88,378.98,381.125,1498,569989.2996
1787171100000,2026-08-19T20:25:00Z,381.125,381.498,381.125,381.498,248,94521.976
1787171400000,2026-08-19T20:30:00Z,381.499,382,381.499,382,451,172124.9618
1787171700000,2026-08-19T20:35:00Z,381.888,381.888,379.276,379.276,16463,6277574.0283
1787172000000,2026-08-19T20:40:00Z,379.275,381.5,379.275,381.5,85,32400.2745
1787172300000,2026-08-19T20:45:00Z,381.583,382,381.583,382,7,2672.684
1787172600000,2026-08-19T20:50:00Z,383.56,383.56,382,383.56,1825.2381639999999,697458.91208478
1787172900000,2026-08-19T20:55:00Z,383.164,383.985,383.164,383.985,37,14207.0528
1787173200000,2026-08-19T21:00:00Z,383.985,383.985,383.985,383.985,95,36478.575
1787173500000,2026-08-19T21:05:00Z,383.985,383.985,383.985,383.985,210,80636.85
1787173800000,2026-08-19T21:10:00Z,383.985,383.985,383.985,383.985,16,6143.76
1787174100000,2026-08-19T21:15:00Z,383.985,383.985,383.985,383.985,25,9599.625
1787174400000,2026-08-19T21:20:00Z,383.985,383.985,383.985,383.985,132,50686.02
1787174700000,2026-08-19T21:25:00Z,383.985,383.985,383.985,383.985,86.1,33061.1085
1787175000000,2026-08-19T21:30:00Z,383.985,383.985,383.002,383.002,9.404701,3611.26411349
1787175300000,2026-08-19T21:35:00Z,383.001,383.001,383,383,43,16469
1787175600000,2026-08-19T21:40:00Z,383,383,383,383,143,54769
1787175900000,2026-08-19T21:45:00Z,383,383,383,383,5.7373,2197.3859
1787176200000,2026-08-19T21:50:00Z,383,383,383,383,22,8426
1787176500000,2026-08-19T21:55:00Z,383,383,383,383,30,11490
1787176800000,2026-08-19T22:00:00Z,383,383.299,383,383.299,1470,563010
1787177100000,2026-08-19T22:05:00Z,383.333,383.5,383.333,383.5,660,253107.426
1787177400000,2026-08-19T22:10:00Z,383.5,383.5,383.5,383.5,19,7286.5
1787177700000,2026-08-19T22:15:00Z,383.5,383.5,383.5,383.5,0,0
1787178000000,2026-08-19T22:20:00Z,383.5,383.5,383.5,383.5,5,1917.5
1787178300000,2026-08-19T22:25:00Z,383.5,383.5,383.5,383.5,2,767
1787178600000,2026-08-19T22:30:00Z,383.5,383.5,383.5,383.5,35,13422.5
1787178900000,2026-08-19T22:35:00Z,383.5,385.1,383.5,385,547,209954.3563
1787179200000,2026-08-19T22:40:00Z,385,385,385,385,22,8470
1787179500000,2026-08-19T22:45:00Z,385,385,385,385,271,104335
1787179800000,2026-08-19T22:50:00Z,385,385,385,385,14,5390
1787180100000,2026-08-19T22:55:00Z,385,385,385,385,42,16170
1787180400000,2026-08-19T23:00:00Z,385,385,385,385,147,56595
1787180700000,2026-08-19T23:05:00Z,385,385.335,385,385.335,105,40433.2215
1787181000000,2026-08-19T23:10:00Z,385.335,385.335,385.335,385.335,149,57414.915
1787181300000,2026-08-19T23:15:00Z,385.335,385.335,385.335,385.335,48,18496.08
1787181600000,2026-08-19T23:20:00Z,385.335,385.335,385.057,385.057,129.998393,50089.66780699
1787181900000,2026-08-19T23:25:00Z,385.056,385.056,385.026,385.026,120,46203.564
1787182200000,2026-08-19T23:30:00Z,385.025,385.025,385.025,385.025,204.745023,78831.95248058
1787182500000,2026-08-19T23:35:00Z,385.025,385.025,385.025,385.025,18,6930.45
1787182800000,2026-08-19T23:40:00Z,385.025,385.332,385.025,385.332,46,17711.6698
1787183100000,2026-08-19T23:45:00Z,385.333,386.07,385.333,386.07,187.002894,72139.20880449
1787183400000,2026-08-19T23:50:00Z,386.07,386.07,386.07,386.07,214,82618.98
1787183700000,2026-08-19T23:55:00Z,386.07,386.07,386.07,386.07,321,123928.47
1787184000000,2026-08-20T00:00:00Z,384.89,384.89,384.89,384.89,1,384.89
1787184300000,2026-08-20T00:05:00Z,383.58,383.58,383.47,383.47,12,4601.75
1787184900000,2026-08-20T00:15:00Z,384.81,386.15,384.74,386.15,200,77082.34
1787185200000,2026-08-20T00:20:00Z,386.01,386.02,385.9,385.9,70,27020
1787185500000,2026-08-20T00:25:00Z,385.5,385.5,385.5,385.5,12,4626
1787185800000,2026-08-20T00:30:00Z,385.5,386.47,385.5,386.47,7,2704.02
1787186100000,2026-08-20T00:35:00Z,386,386,385.99,385.99,50,19299.9
1787186400000,2026-08-20T00:40:00Z,386.11,386.79,386.11,386.49,438,169169.06
1787186700000,2026-08-20T00:45:00Z,386.81,387.24,386.5,386.5,232,89804.19
1787187600000,2026-08-20T01:00:00Z,387.62,390.49,387.53,388.5,960,373213.4
1787187900000,2026-08-20T01:05:00Z,388.58,389.01,388.58,388.6,31,12049.56
1787188200000,2026-08-20T01:10:00Z,388.01,389,388,389,6,2331.99
1787188500000,2026-08-20T01:15:00Z,388.08,388.79,387.8,388.65,139,53971.05
1787188800000,2026-08-20T01:20:00Z,388.7,389.08,388.7,389.08,36,14000.88
1787189700000,2026-08-20T01:35:00Z,388.68,388.82,388.01,388.01,48,18629.72
1787190000000,2026-08-20T01:40:00Z,388.03,388.75,388.02,388.75,248,96380.18
1787190300000,2026-08-20T01:45:00Z,388.59,390,388.59,389.49,473,184042.8
1787190900000,2026-08-20T01:55:00Z,389.51,389.51,387.67,387.67,110,42688.26
1787191200000,2026-08-20T02:00:00Z,389.03,389.03,389.03,389.03,25,9725.75
1787191500000,2026-08-20T02:05:00Z,389.56,390,389.01,389.93,124,48330.06
1787191800000,2026-08-20T02:10:00Z,389.06,389.09,389.03,389.03,70,27232.74
1787192100000,2026-08-20T02:15:00Z,388.49,388.53,388.49,388.53,75,29139.03
1787192400000,2026-08-20T02:20:00Z,388.07,388.69,387.98,388.69,279,108251.52
1787193000000,2026-08-20T02:30:00Z,387.8,387.99,387.8,387.99,14,5430.47
1787193600000,2026-08-20T02:40:00Z,387.89,388.39,387.81,387.89,43,16689.1
1787193900000,2026-08-20T02:45:00Z,387.92,387.99,387.92,387.99,32,12414.98
1787194800000,2026-08-20T03:00:00Z,388.02,388.02,388.01,388.01,15,5820.22
1787195100000,2026-08-20T03:05:00Z,388.65,388.65,388.65,388.65,5,1943.25
1787195400000,2026-08-20T03:10:00Z,388,388,386.31,387,387,149791.95
1787196300000,2026-08-20T03:25:00Z,387.48,387.49,387.48,387.49,31,12011.94
1787196600000,2026-08-20T03:30:00Z,387.18,387.28,387,387,40,15480.81
1787196900000,2026-08-20T03:35:00Z,387.01,387.01,387,387,57,22059.4
1787197800000,2026-08-20T03:50:00Z,388.17,388.17,388.17,388.17,1,388.17
1787198100000,2026-08-20T03:55:00Z,388.12,388.21,387.18,388.17,34,13196.82
1787198400000,2026-08-20T04:00:00Z,388.5,388.7,388.19,388.19,74,28739.37
1787198700000,2026-08-20T04:05:00Z,388.49,388.53,388.49,388.53,2,777.02
1787199300000,2026-08-20T04:15:00Z,388.55,388.55,388.55,388.55,11,4274.05
1787199900000,2026-08-20T04:25:00Z,388.56,388.56,388.56,388.56,1,388.56
1787200200000,2026-08-20T04:30:00Z,388.77,388.77,388.17,388.17,33,12820.87
1787200800000,2026-08-20T04:40:00Z,388.3,388.51,388.3,388.35,12,4660.47
1787201100000,2026-08-20T04:45:00Z,388.38,388.49,388.15,388.15,7,2718.8
1787201400000,2026-08-20T04:50:00Z,388.36,388.55,388.36,388.55,97,37682.82
1787202000000,2026-08-20T05:00:00Z,388.1,388.1,388.1,388.1,1,388.1
1787202300000,2026-08-20T05:05:00Z,388.14,388.14,387.99,387.99,13,5044.92
1787202600000,2026-08-20T05:10:00Z,387.48,387.48,387.11,387.11,44,17047.64
1787203800000,2026-08-20T05:30:00Z,387.5,387.5,387.49,387.49,60,23249.7
1787204100000,2026-08-20T05:35:00Z,387.32,387.41,387.21,387.35,116,44929.74
1787204400000,2026-08-20T05:40:00Z,387.19,387.49,387.01,387.3,241,93321.87
1787204700000,2026-08-20T05:45:00Z,387.87,388.04,387.87,388.04,3,1163.78
1787205000000,2026-08-20T05:50:00Z,386.65,388.3,386.5,386.5,306,118686.37
1787205300000,2026-08-20T05:55:00Z,386.74,386.91,386.02,386.91,45,17390.33
1787205600000,2026-08-20T06:00:00Z,386.77,386.77,386.77,386.77,6,2320.62
1787205900000,2026-08-20T06:05:00Z,386.77,387.99,386.77,387.99,42,16272.48
1787206200000,2026-08-20T06:10:00Z,387.91,388.04,387.91,388.03,187,72554.3
1787206500000,2026-08-20T06:15:00Z,388.02,388.02,388.01,388.01,10,3880.12
1787207400000,2026-08-20T06:30:00Z,388.57,388.57,388.57,388.57,40,15542.8
1787207700000,2026-08-20T06:35:00Z,389.3,389.49,389,389.39,90,35033.85
1787208000000,2026-08-20T06:40:00Z,389.27,390.88,388.51,390.13,176,68593.71
1787208300000,2026-08-20T06:45:00Z,390.07,390.09,390.07,390.09,40,15602.98
1787208600000,2026-08-20T06:50:00Z,390.68,391.26,390.12,390.14,166,64881.72
1787209200000,2026-08-20T07:00:00Z,390.01,390.01,389.77,389.77,60,23391
1787209500000,2026-08-20T07:05:00Z,389.38,389.99,389.28,389.99,153,59642.03
1787209800000,2026-08-20T07:10:00Z,389.99,389.99,388.8,388.8,270,105098.31
1787210100000,2026-08-20T07:15:00Z,388.8,388.8,388.8,388.8,2,777.6
1787210400000,2026-08-20T07:20:00Z,388.6,388.6,388.6,388.6,10,3886
1787211300000,2026-08-20T07:35:00Z,387.76,387.76,387.74,387.76,88,34122.7
1787211900000,2026-08-20T07:45:00Z,387.76,387.76,387.76,387.76,2,775.52
1787212500000,2026-08-20T07:55:00Z,387.03,387.07,386.03,386.03,18,6952.42
1787212800000,2026-08-20T08:00:00Z,386.07,389.08,386.07,388.88,3853.569855,1498457.16990388
1787213100000,2026-08-20T08:05:00Z,388.88,388.88,386.366,386.366,584.907721,227005.37709562
1787213400000,2026-08-20T08:10:00Z,386.365,386.365,383.63,383.63,651,249964.5351
1787213700000,2026-08-20T08:15:00Z,383.63,384.535,383.63,384.535,140,53801.72
1787214000000,2026-08-20T08:20:00Z,384.535,384.535,384.535,384.535,4,1538.14
1787214300000,2026-08-20T08:25:00Z,384.425,384.425,383.875,383.875,548,210483.0736
1787214600000,2026-08-20T08:30:00Z,383.875,383.875,381.205,381.205,1173.238204,449406.66488961
1787214900000,2026-08-20T08:35:00Z,381.205,381.205,381.205,381.205,60,22872.3
1787215200000,2026-08-20T08:40:00Z,381.205,381.205,381.205,381.205,13,4955.665
1787215500000,2026-08-20T08:45:00Z,381.205,381.205,381.205,381.205,1486,566470.63
1787215800000,2026-08-20T08:50:00Z,381.205,381.205,381.205,381.205,44,16773.02
1787216100000,2026-08-20T08:55:00Z,381.205,381.205,381.205,381.205,12,4574.46
1787216400000,2026-08-20T09:00:00Z,381.205,381.205,381.205,381.205,9,3430.845
1787216700000,2026-08-20T09:05:00Z,381.342,382.03,381.342,382.03,26,9915.542
1787217000000,2026-08-20T09:10:00Z,382.03,382.445,382.03,382.037,191,72981.8449
1787217300000,2026-08-20T09:15:00Z,382.036,382.036,382.035,382.035,16,6112.56
1787217600000,2026-08-20T09:20:00Z,382.035,382.13,382.035,382.13,14,5348.5852
1787217900000,2026-08-20T09:25:00Z,382.166,382.45,382.025,382.025,187,71507.3112
1787218200000,2026-08-20T09:30:00Z,382.025,382.025,382.025,382.025,0,0
1787218500000,2026-08-20T09:35:00Z,382.025,382.025,382.025,382.025,81,30944.025
1787219100000,2026-08-20T09:45:00Z,381.878,381.878,381.145,381.145,10,3813.91
1787219400000,2026-08-20T09:50:00Z,381.145,382.494,381.145,382.494,615,234498.0855
1787219700000,2026-08-20T09:55:00Z,382.495,382.5,381.629,382.5,438,167365.8006
1787220000000,2026-08-20T10:00:00Z,382.5,382.5,382.15,382.15,18,6883.677
1787220300000,2026-08-20T10:05:00Z,382.15,382.15,382.15,382.15,14.242463,5442.75723545
1787220600000,2026-08-20T10:10:00Z,382.15,382.15,382.15,382.15,2,764.3
1787220900000,2026-08-20T10:15:00Z,382.15,383.53,382.15,383.53,7,2681.9499
1787221200000,2026-08-20T10:20:00Z,383.53,383.53,382.955,382.955,5,1917.65
1787221500000,2026-08-20T10:25:00Z,382.955,382.955,382.955,382.955,38,14552.29
1787221800000,2026-08-20T10:30:00Z,382.955,382.955,382.955,382.955,25,9573.875
1787222100000,2026-08-20T10:35:00Z,382.955,382.955,382.955,382.955,0,0
1787222400000,2026-08-20T10:40:00Z,382.955,382.955,381.87,381.87,45,17232.975
1787223600000,2026-08-20T11:00:00Z,381.87,382.75,381.87,382.47,173,66196.7027
1787223900000,2026-08-20T11:05:00Z,382.47,382.47,380.831,382.231,17,6497.3014
1787224200000,2026-08-20T11:10:00Z,382.23,382.23,382.025,382.025,140.724637,53786.20871067
1787224500000,2026-08-20T11:15:00Z,382.025,382.025,381.915,381.915,542,207020.2062
1787224800000,2026-08-20T11:20:00Z,381.915,381.915,381.705,381.705,59,22530.6722
1787225100000,2026-08-20T11:25:00Z,381.705,382.122,378.326,378.326,566.70447,215795.67848354
1787225400000,2026-08-20T11:30:00Z,378.325,378.325,378.325,378.325,709,268232.425
1787225700000,2026-08-20T11:35:00Z,378.325,378.325,378.325,378.325,69.267536,26205.6405572
1787226000000,2026-08-20T11:40:00Z,378.325,378.325,378.325,378.325,23,8701.475
1787226300000,2026-08-20T11:45:00Z,378.325,378.325,377.325,377.325,102,38589.15
1787226600000,2026-08-20T11:50:00Z,377.325,377.335,377.325,377.335,988,372799.648
1787226900000,2026-08-20T11:55:00Z,377.168,377.168,376.335,376.335,1107,416612.808
1787227200000,2026-08-20T12:00:00Z,376.335,376.335,376.335,376.335,1740,654822.9
1787227500000,2026-08-20T12:05:00Z,376.335,376.335,375.255,375.494,1125.15,422678.79966
1787227800000,2026-08-20T12:10:00Z,375.495,375.495,375.145,375.145,383.403012,143903.22759848
1787228100000,2026-08-20T12:15:00Z,375.145,375.145,375.145,375.145,401,150433.145
1787228400000,2026-08-20T12:20:00Z,375.145,375.754,375.145,375.754,449,168464.2163
1787228700000,2026-08-20T12:25:00Z,375.755,375.755,375.755,375.755,27,10145.385
1787229000000,2026-08-20T12:30:00Z,375.755,375.755,373.3,373.3,531,199418.3775
1787229300000,2026-08-20T12:35:00Z,373.3,373.3,373.3,373.3,270,100791
1787229600000,2026-08-20T12:40:00Z,373.3,375.65,373.3,375.65,700,261992.08
1787229900000,2026-08-20T12:45:00Z,375.958,377.5,375.958,376.651,85,32070.551
1787230200000,2026-08-20T12:50:00Z,376.65,376.65,376.151,376.461,272,102448.3104
1787230500000,2026-08-20T12:55:00Z,376.467,377.5,376.467,376.504,85,32076.5435
1787230800000,2026-08-20T13:00:00Z,376.502,377.25,376.5,377.25,405,152491.572
1787231100000,2026-08-20T13:05:00Z,377.25,377.25,377.25,377.25,236,89031
1787231400000,2026-08-20T13:10:00Z,377.25,377.25,377.25,377.25,24,9054
1787231700000,2026-08-20T13:15:00Z,377.25,377.75,377.25,377.75,313,118079.25
1787232000000,2026-08-20T13:20:00Z,377.75,378.575,377.75,378.575,41,15487.75
1787232300000,2026-08-20T13:25:00Z,378.575,378.575,378.061,378.061,403.326014,152666.1805865252
1787232600000,2026-08-20T13:30:00Z,377.961,382.002,376.165,376.555,529,199737.33
1787232900000,2026-08-20T13:35:00Z,376.547,379.902,374.53,378.991,2181,824001.2
1787233200000,2026-08-20T13:40:00Z,379.87,380.423,376.659,378.115,34511.352511,13067209.40913774
1787233500000,2026-08-20T13:45:00Z,378.345,378.397,373.31,374.93,37882.155104000005,14205058.09732894
1787233800000,2026-08-20T13:50:00Z,375.49,376.125,373.27,374.83,16991.239246999998,6364213.08549745
1787234100000,2026-08-20T13:55:00Z,376.29,377.45,374.79,376.52,9028.941953,3397438.26779489
1787234400000,2026-08-20T14:00:00Z,377.3,378.79,376.035,377.62,1652,623790.71
1787234700000,2026-08-20T14:05:00Z,378.38,380.49,378.3,380.1,1222,463721.65
1787235000000,2026-08-20T14:10:00Z,380.25,382.41,380.25,382.41,288,109747.16
1787235300000,2026-08-20T14:15:00Z,380.34,381.425,380.34,380.71,799,304271.325
1787235600000,2026-08-20T14:20:00Z,382,382.425,381.08,382.415,660,252096.4
1787235900000,2026-08-20T14:25:00Z,381.395,381.69,380.32,380.7,900,342774.9
1787236200000,2026-08-20T14:30:00Z,381.687,382.273,380.47,380.814,725,276223.59
1787236500000,2026-08-20T14:35:00Z,380.786,383.67,380.433,383.221,240,91850.4
1787236800000,2026-08-20T14:40:00Z,383.206,384.413,382.315,383.731,1214,465386.3
1787237100000,2026-08-20T14:45:00Z,383.715,384.25,381.578,381.642,1520,582362.9
1787237400000,2026-08-20T14:50:00Z,381.566,382.68,380.21,380.533,1440,549355.4
1787237700000,2026-08-20T14:55:00Z,380.527,381.284,379.919,380.881,1864,709553.2
1787238000000,2026-08-20T15:00:00Z,380.894,383.321,380.894,382.502,320,122159.4
1787238300000,2026-08-20T15:05:00Z,382.5,382.622,381.379,381.904,708,270315.12
1787238600000,2026-08-20T15:10:00Z,381.941,382.4,380.582,382.4,903,344728.18
1787238900000,2026-08-20T15:15:00Z,382.4,382.852,381.27,382.851,487,186149.16
1787239200000,2026-08-20T15:20:00Z,382.575,382.818,380.661,381.22,10087.998673999999,3846842.41115828
1787239500000,2026-08-20T15:25:00Z,380.97,381.319,380.044,380.72,7337.371897,2794375.71931133
1787239800000,2026-08-20T15:30:00Z,380.44,380.976,379.665,379.665,4517.776506,1718653.44196782
1787240100000,2026-08-20T15:35:00Z,379.515,379.515,378.625,378.625,1774,672853.6
1787240400000,2026-08-20T15:40:00Z,378.78,379.71,378.78,379.08,1310,497182.32
1787240700000,2026-08-20T15:45:00Z,378.74,379.41,378.74,379.31,1674,634542.64
1787241000000,2026-08-20T15:50:00Z,380.79,380.79,380.64,380.64,160,60912.8
1787241300000,2026-08-20T15:55:00Z,380.52,381.055,380.5,381.055,411,156490.925
1787241600000,2026-08-20T16:00:00Z,381.031,382.127,380.54,381.792,440,167871.2
1787241900000,2026-08-20T16:05:00Z,381.771,382.26,381.28,382.21,360,137404.2
1787242200000,2026-08-20T16:10:00Z,382.222,382.57,381.257,381.295,430,164340.5
1787242500000,2026-08-20T16:15:00Z,381.301,381.609,381.264,381.45,166,63317.82
1787242800000,2026-08-20T16:20:00Z,381.446,382.735,381.176,382.514,200,76417.2
1787243100000,2026-08-20T16:25:00Z,382.514,382.605,381.6,381.833,136,51961.48
1787243400000,2026-08-20T16:30:00Z,381.85,381.99,380.61,380.766,2498,952348.12
1787243700000,2026-08-20T16:35:00Z,380.762,381.295,380.716,380.716,1135,432576.515
1787244000000,2026-08-20T16:40:00Z,380.716,381.773,380.716,381.6,8719.994026,3326483.708171747
1787244300000,2026-08-20T16:45:00Z,381.6,381.802,380.495,381.172,8574.947682,3270191.0591046714
1787244600000,2026-08-20T16:50:00Z,381.125,381.173,380.835,381.055,2885.091497,1099267.4643667
1787244900000,2026-08-20T16:55:00Z,381.05,381.77,381.05,381.35,11916.451984,4545398.33667978
1787245200000,2026-08-20T17:00:00Z,381.52,381.852,381.4,381.77,6098.771144,2326812.3150156
1787245500000,2026-08-20T17:05:00Z,381.565,381.83,381.004,381.28,9662.415777,3686384.57616791
1787245800000,2026-08-20T17:10:00Z,381.455,381.524,381.311,381.425,7822.794827,2983376.91633454
1787246100000,2026-08-20T17:15:00Z,381.405,381.418,379.68,380.22,14009.308572000002,5329176.00406023
1787246400000,2026-08-20T17:20:00Z,379.825,380.393,379.729,379.94,10763.770820000002,4090861.51581589
1787246700000,2026-08-20T17:25:00Z,379.72,380.01,379.675,379.785,7997.8028620000005,3037389.57532464
1787247000000,2026-08-20T17:30:00Z,379.725,379.79,378.507,378.66,8292.809958999998,3145008.37146295
1787247300000,2026-08-20T17:35:00Z,378.71,379.25,378.571,379.22,11218.665046,4249206.25388606
1787247600000,2026-08-20T17:40:00Z,379.143,379.73,379,379.475,4002.238731,1518380.4274249177
1787247900000,2026-08-20T17:45:00Z,379.475,380.155,379.46,379.986,7918.372192999999,3005416.487480956620451
1787248200000,2026-08-20T17:50:00Z,379.977,380.05,379.425,379.425,916.777826,348281.9708639654
1787248500000,2026-08-20T17:55:00Z,379.423,379.704,379.37,379.385,2675.48915,1015358.841300135
1787248800000,2026-08-20T18:00:00Z,379.391,379.661,379.132,379.414,3610.431031,1369737.2389631823
1787249100000,2026-08-20T18:05:00Z,379.411,379.445,378.017,378.372,3908.6130839999996,1481445.737354121448367
1787249400000,2026-08-20T18:10:00Z,378.386,379.439,378.141,379.439,3524.207452,1333857.5860369952
1787249700000,2026-08-20T18:15:00Z,379.466,379.589,378.434,379.376,360,136519.2
1787250000000,2026-08-20T18:20:00Z,379.368,379.455,378.791,378.791,938,355709.9
1787250300000,2026-08-20T18:25:00Z,378.99,379.333,378.694,379.03,18384.396575,6968476.83097773
1787250600000,2026-08-20T18:30:00Z,378.97,379.161,378.481,378.615,9561.600539,3621635.96223638
1787250900000,2026-08-20T18:35:00Z,378.89,379.05,378.181,378.385,12278.470926,4648578.7508528
1787251200000,2026-08-20T18:40:00Z,378.265,378.994,378.1,378.81,10052.401045,3805513.33784314
1787251500000,2026-08-20T18:45:00Z,378.74,379.901,378.535,378.95,11221.183140000001,4252114.7428123
1787251800000,2026-08-20T18:50:00Z,379.945,380.293,379.55,379.55,8075.520297,3067977.37644951
1787252100000,2026-08-20T18:55:00Z,380.13,380.155,379.839,379.87,9076.796253,3449592.84733064
1787252400000,2026-08-20T19:00:00Z,379.89,381.267,379.89,381.09,7426.624829,2825281.91985964
1787252700000,2026-08-20T19:05:00Z,380.57,381.811,380.57,381.72,10483.464629,3995798.75200492
1787253000000,2026-08-20T19:10:00Z,381.715,382.022,381.26,381.91,13217.296209000002,5042397.18200388
1787253300000,2026-08-20T19:15:00Z,382.004,383.044,381.372,382.993,2273.809964,868313.6800713328
1787253600000,2026-08-20T19:20:00Z,382.992,385.365,382.912,385.121,33182.818121,12752239.0640690044
1787253900000,2026-08-20T19:25:00Z,385.139,385.726,384.801,385.143,13933.419992,5363990.6746282608
1787254200000,2026-08-20T19:30:00Z,385.182,385.91,384.76,385.166,5514,2125487.1
1787254500000,2026-08-20T19:35:00Z,385.155,385.55,384.29,384.379,14744.67974,5678758.082038768
1787254800000,2026-08-20T19:40:00Z,384.33,384.46,383.32,384.338,45887.412715,17616007.971729163
1787255100000,2026-08-20T19:45:00Z,384.32,385.316,383.93,385.316,25926.245105,9960782.420242816
1787255400000,2026-08-20T19:50:00Z,385.715,385.715,382.773,383.35,114042.154532,43850702.36977837
1787255700000,2026-08-20T19:55:00Z,382.91,383.68,382.54,383.14,229461.17649800002,87913208.1443846
1787256000000,2026-08-20T20:00:00Z,383.089,385.199,383.089,384.201,396793.809006,152017501.41981009
1787256300000,2026-08-20T20:05:00Z,384.2,384.2,384.2,384.2,512,196710.4
1787256600000,2026-08-20T20:10:00Z,383.948,383.98,382.685,383.98,45.783157,17528.92406754
1787256900000,2026-08-20T20:15:00Z,383.98,383.98,383.98,383.98,69.319783,26617.41027634
1787257200000,2026-08-20T20:20:00Z,383.98,383.98,383.98,383.98,92,35326.16
1787257500000,2026-08-20T20:25:00Z,383.959,383.959,383.855,383.855,8,3070.8448
1787257800000,2026-08-20T20:30:00Z,383.855,383.855,383.855,383.855,81,31092.255
1787258100000,2026-08-20T20:35:00Z,383.855,383.855,383.855,383.855,8256,3169106.88
1787258400000,2026-08-20T20:40:00Z,383.855,383.855,383.855,383.855,48,18425.04
1787258700000,2026-08-20T20:45:00Z,383.876,383.98,383.876,383.98,86.1,33055.46895
1787259000000,2026-08-20T20:50:00Z,383.98,383.98,383.98,383.98,105,40317.9
1787259300000,2026-08-20T20:55:00Z,383.98,383.98,383.98,383.98,5,1919.9
1787259600000,2026-08-20T21:00:00Z,383.98,383.98,381.172,381.172,42,16124.8206
1787259900000,2026-08-20T21:05:00Z,381.171,381.664,381.171,381.664,13,4956.6621
1787260200000,2026-08-20T21:10:00Z,381.682,381.77,381.682,381.77,6,2290.62
1787260500000,2026-08-20T21:15:00Z,381.67,381.67,380.625,381.658,5,1905.215
1787260800000,2026-08-20T21:20:00Z,381.663,381.755,381.663,381.755,72,27482.1408
1787261100000,2026-08-20T21:25:00Z,381.755,381.755,381.755,381.755,50,19087.75
1787261400000,2026-08-20T21:30:00Z,381.755,381.755,381.755,381.755,36,13743.18
1787261700000,2026-08-20T21:35:00Z,381.755,381.755,381.755,381.755,15,5726.325
1787262000000,2026-08-20T21:40:00Z,381.755,381.755,381.755,381.755,48,18324.24
1787262300000,2026-08-20T21:45:00Z,381.755,381.755,381.755,381.755,10,3817.55
1787262600000,2026-08-20T21:50:00Z,381.755,381.755,381.755,381.755,47,17942.485
1787262900000,2026-08-20T21:55:00Z,381.755,381.755,381.755,381.755,12,4581.06
1787263500000,2026-08-20T22:05:00Z,381.755,381.755,381.755,381.755,13,4962.815
1787263800000,2026-08-20T22:10:00Z,381.755,381.755,381.755,381.755,0,0
1787264100000,2026-08-20T22:15:00Z,381.755,382.502,381.755,382.502,14.966231,5715.72334875
1787264400000,2026-08-20T22:20:00Z,382.503,382.505,382.503,382.505,150,57375.645
1787264700000,2026-08-20T22:25:00Z,382.505,382.505,382.505,382.505,202,77266.01
1787265000000,2026-08-20T22:30:00Z,382.505,382.505,382.505,382.505,9,3442.545
1787265600000,2026-08-20T22:40:00Z,382.505,382.505,382.505,382.505,6,2295.03
1787265900000,2026-08-20T22:45:00Z,382.505,383.001,382.505,383.001,52,19894.4928
1787266200000,2026-08-20T22:50:00Z,383.002,383.005,383.002,383.005,50,19150.25
1787266500000,2026-08-20T22:55:00Z,383.005,383.005,383.005,383.005,84,32172.42
1787266800000,2026-08-20T23:00:00Z,383.005,383.005,383.005,383.005,11,4213.055
1787267100000,2026-08-20T23:05:00Z,383.005,383.005,383.005,383.005,114,43662.57
1787267400000,2026-08-20T23:10:00Z,383.005,383.005,383.005,383.005,9,3447.045
1787267700000,2026-08-20T23:15:00Z,383.005,383.005,383.005,383.005,4,1532.02
1787268000000,2026-08-20T23:20:00Z,383.005,383.623,383.005,383.007,53,20325.1661
1787268300000,2026-08-20T23:25:00Z,383.006,383.006,383.005,383.005,77,29491.4389
1787268600000,2026-08-20T23:30:00Z,383.005,383.005,382.632,382.632,12.84928,4920.71786618
1787268900000,2026-08-20T23:35:00Z,382.631,382.631,382.63,382.63,23,8800.4946
1787269200000,2026-08-20T23:40:00Z,382.63,382.63,382.63,382.63,26,9948.38
1787269500000,2026-08-20T23:45:00Z,382.63,382.63,382.63,382.63,6,2295.78
1787269800000,2026-08-20T23:50:00Z,382.318,382.318,380.757,380.757,5,1911.59
1787270100000,2026-08-20T23:55:00Z,380.756,380.756,380.755,380.755,59,22464.5509
1787270400000,2026-08-21T00:00:00Z,383.39,383.39,383.29,383.29,16,6133.62
1787270700000,2026-08-21T00:05:00Z,383.89,383.96,383.26,383.95,35,13431.8
1787271000000,2026-08-21T00:10:00Z,383.29,385.56,383.29,385.37,87,33418.11
1787271300000,2026-08-21T00:15:00Z,384.64,384.65,384.64,384.65,10,3846.41
1787271600000,2026-08-21T00:20:00Z,384.62,385.35,384.62,385.35,19,7317.47
1787272200000,2026-08-21T00:30:00Z,384.81,384.92,384.81,384.92,15,5773.6
1787272500000,2026-08-21T00:35:00Z,385.04,385.34,384.8,385.34,110,42374.32
1787273400000,2026-08-21T00:50:00Z,387,387,385.95,385.95,69,26647.38
1787273700000,2026-08-21T00:55:00Z,385.99,385.99,385.56,385.56,50,19282.3
1787274000000,2026-08-21T01:00:00Z,385.35,385.36,384.91,385.01,66,25426.39
1787274600000,2026-08-21T01:10:00Z,384.68,385,384.68,385,66,25396.97
1787275200000,2026-08-21T01:20:00Z,385.13,385.57,385,385,84,32348.74
1787275800000,2026-08-21T01:30:00Z,385.65,385.65,385.64,385.64,8,3085.16
1787276100000,2026-08-21T01:35:00Z,385.44,385.44,385.44,385.44,1,385.44
1787276400000,2026-08-21T01:40:00Z,385.45,385.79,385.45,385.79,55,21207.67
1787276700000,2026-08-21T01:45:00Z,386.76,386.76,386.76,386.76,1,386.76
1787277000000,2026-08-21T01:50:00Z,386.8,387.14,386.45,386.59,39,15084.65
1787277600000,2026-08-21T02:00:00Z,386.65,386.66,386.65,386.66,18,6959.79
1787277900000,2026-08-21T02:05:00Z,387.63,387.91,387.63,387.91,41,15900.88
1787278500000,2026-08-21T02:15:00Z,387.75,388.12,387.75,388.12,78,30261.27
1787278800000,2026-08-21T02:20:00Z,389.96,390.01,389.9,389.9,41,15989.33
1787279100000,2026-08-21T02:25:00Z,389.91,390.01,389.8,389.98,106,41332.16
1787279400000,2026-08-21T02:30:00Z,389.89,389.96,389.89,389.96,4,1559.7
1787279700000,2026-08-21T02:35:00Z,390.01,390.01,390.01,390.01,2,780.02
1787281800000,2026-08-21T03:10:00Z,389.84,389.84,388.99,388.99,38,14807.12
1787282100000,2026-08-21T03:15:00Z,389.01,389.01,388.41,388.41,32,12447.12
1787282700000,2026-08-21T03:25:00Z,388.45,388.45,388.45,388.45,1,388.45
1787283000000,2026-08-21T03:30:00Z,388.46,388.46,388.21,388.21,51,19800.65
1787283300000,2026-08-21T03:35:00Z,388.26,388.26,387.79,387.82,792,307403.97
1787284500000,2026-08-21T03:55:00Z,387.73,387.92,387.72,387.91,21,8144.47
1787285100000,2026-08-21T04:05:00Z,388.12,388.22,387.92,387.92,18,6986.36
1787285400000,2026-08-21T04:10:00Z,388.99,388.99,388.99,388.99,298,115919.02
1787285700000,2026-08-21T04:15:00Z,387.57,387.62,387.57,387.62,13,5038.51
1787286000000,2026-08-21T04:20:00Z,387.63,387.63,387.63,387.63,1,387.63
1787286900000,2026-08-21T04:35:00Z,387,387,387,387,6,2322
1787288100000,2026-08-21T04:55:00Z,388.01,388.01,388.01,388.01,8,3104.08
1787288400000,2026-08-21T05:00:00Z,387.11,387.11,386.36,386.36,984,380585.01
1787288700000,2026-08-21T05:05:00Z,386.8,386.8,386.69,386.69,474,183295.63
1787289000000,2026-08-21T05:10:00Z,386.61,386.61,383.97,384.52,1788,688169.32
1787289300000,2026-08-21T05:15:00Z,384.45,385.36,384.17,384.99,610,234520.6
1787289600000,2026-08-21T05:20:00Z,385.2,385.2,384,384,93,35733.79
1787289900000,2026-08-21T05:25:00Z,384.45,384.7,383.54,384.7,500,192059.78
1787290200000,2026-08-21T05:30:00Z,383.62,383.62,383.09,383.62,414,158685.06
1787290500000,2026-08-21T05:35:00Z,383.7,383.7,383.7,383.7,3,1151.1
1787291100000,2026-08-21T05:45:00Z,382.87,383.21,381.99,381.99,485,185431.4
1787291400000,2026-08-21T05:50:00Z,381.03,381.03,380.1,380.1,519,197606.42
1787291700000,2026-08-21T05:55:00Z,380.93,380.93,380.93,380.93,10,3809.3
1787292000000,2026-08-21T06:00:00Z,380.96,380.96,380.96,380.96,3,1142.88
1787292600000,2026-08-21T06:10:00Z,381.59,381.66,380.96,380.97,57,21747.4
1787293200000,2026-08-21T06:20:00Z,381.8,381.8,381.68,381.68,4,1527.08
1787293500000,2026-08-21T06:25:00Z,381.67,382.46,381.51,382.02,265,101189.12
1787293800000,2026-08-21T06:30:00Z,382.46,382.91,382.38,382.51,402,153745.74
1787294100000,2026-08-21T06:35:00Z,382.5,383,382.5,382.96,198,75756.73
1787294400000,2026-08-21T06:40:00Z,382.52,382.52,380.94,380.94,413,157794.02
1787294700000,2026-08-21T06:45:00Z,380.24,380.24,379.35,379.35,845,320921.41
1787295000000,2026-08-21T06:50:00Z,379.41,379.41,377.03,379.01,637,241542.13
1787295300000,2026-08-21T06:55:00Z,379.01,379.01,379.01,379.01,1,379.01
1787295600000,2026-08-21T07:00:00Z,378.99,379.65,378.99,379.65,7,2655.29
1787295900000,2026-08-21T07:05:00Z,380.24,380.24,379.9,379.92,17,6461.74
1787296500000,2026-08-21T07:15:00Z,380.18,380.94,380.18,380.94,92,35033.62
1787296800000,2026-08-21T07:20:00Z,381.86,381.86,380.99,380.99,13,4954.61
1787297100000,2026-08-21T07:25:00Z,381.86,381.92,381.48,381.5,127,48471.64
1787297400000,2026-08-21T07:30:00Z,381.49,381.6,381.49,381.6,50,19075.78
1787297700000,2026-08-21T07:35:00Z,382.27,382.43,382.27,382.43,26,9942.78
1787298000000,2026-08-21T07:40:00Z,382.51,382.51,381.48,381.49,447,170687.26
1787298300000,2026-08-21T07:45:00Z,381.1,382.35,380.99,382.35,85,32466.61
1787298900000,2026-08-21T07:55:00Z,381.5,382.56,381.5,382.56,86,32850.51
1787299200000,2026-08-21T08:00:00Z,380.755,386.981,380.755,383.85,15291.912127,5860597.79723092
1787299500000,2026-08-21T08:05:00Z,383.85,383.85,383.85,383.85,128,49132.8
1787299800000,2026-08-21T08:10:00Z,383.85,383.85,381.95,381.95,898,344639.0198
1787300100000,2026-08-21T08:15:00Z,381.95,383.475,381.95,383.475,720.010259,275168.98471999
1787300400000,2026-08-21T08:20:00Z,383.475,383.475,382.901,382.901,310,118794.449
1787300700000,2026-08-21T08:25:00Z,382.9,382.9,382.9,382.9,1135,434591.5
1787301000000,2026-08-21T08:30:00Z,382.9,382.9,382.9,382.9,76,29100.4
1787301300000,2026-08-21T08:35:00Z,382.9,382.9,382.9,382.9,116,44416.4
1787301600000,2026-08-21T08:40:00Z,382.9,383.475,382.9,383.475,487,186528.0615
1787301900000,2026-08-21T08:45:00Z,383.475,383.475,383.475,383.475,41,15722.475
1787302200000,2026-08-21T08:50:00Z,383.475,383.475,383.475,383.475,206,78995.85
1787302500000,2026-08-21T08:55:00Z,383.475,383.475,383.475,383.475,13,4985.175
1787302800000,2026-08-21T09:00:00Z,383.475,383.475,383.475,383.475,40.031311,15351.00698573
1787303100000,2026-08-21T09:05:00Z,383.475,383.475,382.9,382.9,17,6513.3256
1787303400000,2026-08-21T09:10:00Z,382.9,382.9,382.9,382.9,53,20293.7
1787303700000,2026-08-21T09:15:00Z,382.9,382.9,382.9,382.9,116,44416.4
1787304000000,2026-08-21T09:20:00Z,382.9,382.9,382.9,382.9,505,193364.5
1787304300000,2026-08-21T09:25:00Z,382.9,382.9,382.9,382.9,3.178332,1216.9833228
1787304600000,2026-08-21T09:30:00Z,382.9,382.9,382.9,382.9,339,129803.1
1787304900000,2026-08-21T09:35:00Z,382.9,382.9,382.9,382.9,61,23356.9
1787305200000,2026-08-21T09:40:00Z,382.9,382.9,382.9,382.9,78,29866.2
1787305800000,2026-08-21T09:50:00Z,382.9,382.938,382.9,382.938,101.052028,38692.8215212
1787306100000,2026-08-21T09:55:00Z,382.94,385.03,382.94,385.03,10,3834.9
1787306400000,2026-08-21T10:00:00Z,385.03,385.03,385.03,385.03,86.029763,33124.03964789
1787306700000,2026-08-21T10:05:00Z,385.03,385.03,385.03,385.03,40,15401.2
1787307000000,2026-08-21T10:10:00Z,385.03,385.03,385.03,385.03,173,66610.19
1787307300000,2026-08-21T10:15:00Z,385.03,385.03,385.03,385.03,162,62374.86
1787307600000,2026-08-21T10:20:00Z,384.838,384.838,383.88,383.88,115,44160.575
1787307900000,2026-08-21T10:25:00Z,383.88,383.88,383.88,383.88,9,3454.92
1787308200000,2026-08-21T10:30:00Z,383.88,383.88,383.88,383.88,22,8445.36
1787308500000,2026-08-21T10:35:00Z,383.88,383.88,383.88,383.88,6,2303.28
1787308800000,2026-08-21T10:40:00Z,383.88,383.88,383.88,383.88,15,5758.2
1787309100000,2026-08-21T10:45:00Z,383.88,383.88,383.88,383.88,120,46065.6
1787309400000,2026-08-21T10:50:00Z,383.88,383.88,383.88,383.88,2,767.76
1787309700000,2026-08-21T10:55:00Z,383.88,383.88,383.88,383.88,24,9213.12
1787310000000,2026-08-21T11:00:00Z,383.88,383.88,383.261,383.43,1370,525620.502
1787310300000,2026-08-21T11:05:00Z,383.43,383.43,383.43,383.43,330,126531.9
1787310600000,2026-08-21T11:10:00Z,383.43,383.43,383.43,383.43,77,29524.11
1787310900000,2026-08-21T11:15:00Z,383.43,383.43,383.43,383.43,301,115412.43
1787311200000,2026-08-21T11:20:00Z,383.43,383.43,383.43,383.43,468,179445.24
1787311500000,2026-08-21T11:25:00Z,383.43,384.975,383.43,384.975,483,185434.0845
1787311800000,2026-08-21T11:30:00Z,384.975,385.9,384.975,385.9,244.35478899999998,94240.38478007
1787312100000,2026-08-21T11:35:00Z,385.9,385.9,385.9,385.9,737.966231,284781.1685429
1787312400000,2026-08-21T11:40:00Z,386.237,387.924,386.237,387.5,190,73649.244
1787312700000,2026-08-21T11:45:00Z,387.5,387.5,387.5,387.5,116,44950
1787313000000,2026-08-21T11:50:00Z,387.5,387.5,387.5,387.5,95,36812.5
1787313300000,2026-08-21T11:55:00Z,387.5,387.5,387.5,387.5,18,6975
1787313600000,2026-08-21T12:00:00Z,387.5,387.5,386.59,386.59,999,387058.7538
1787313900000,2026-08-21T12:05:00Z,385,386.575,385,385,784,302824.5472
1787314200000,2026-08-21T12:10:00Z,385.09,385.09,384.495,384.495,32,12319.328
1787314500000,2026-08-21T12:15:00Z,384.495,384.495,384.495,384.495,185,71131.575
1787314800000,2026-08-21T12:20:00Z,384.495,384.495,384.495,384.495,46,17686.77
1787315100000,2026-08-21T12:25:00Z,384.495,384.495,384.495,384.495,0,0
1787315400000,2026-08-21T12:30:00Z,384.495,384.495,384.23,384.23,0,0
1787315700000,2026-08-21T12:35:00Z,384.23,384.23,384.23,384.23,451,173287.73
1787316000000,2026-08-21T12:40:00Z,384.23,384.23,384.23,384.23,37,14216.51
1787316300000,2026-08-21T12:45:00Z,384.23,384.23,383.736,383.736,32,12295.2768
1787316600000,2026-08-21T12:50:00Z,383.736,385.244,383.735,385.244,40,15394.672
1787316900000,2026-08-21T12:55:00Z,384.49,385.245,384.49,384.49,2424,933833.88
1787317200000,2026-08-21T13:00:00Z,385.245,385.245,384.583,385.245,568,218714.4776
1787317500000,2026-08-21T13:05:00Z,384.39,385.245,383.54,384.39,1144,439307.7832
1787317800000,2026-08-21T13:10:00Z,382.79,384.57,382.79,382.79,879,336855.8298
1787318100000,2026-08-21T13:15:00Z,383.17,383.17,382.48,382.695,4931.01,1887168.533544
1787318400000,2026-08-21T13:20:00Z,382.695,382.695,382.156,382.695,597,228396.1407
1787318700000,2026-08-21T13:25:00Z,382.695,383.965,382.505,383.665,1615,618825.687
1787319000000,2026-08-21T13:30:00Z,380.77,385.429,376.645,377.19,128779.53922600001,49268991.23523999
1787319300000,2026-08-21T13:35:00Z,376.94,378.568,374.135,375.91,33582.747257,12618270.63127923
1787319600000,2026-08-21T13:40:00Z,375.619,376.64,374.924,375.152,13944.043783,5241403.2244997528
1787319900000,2026-08-21T13:45:00Z,375.17,377.474,374.36,376.6,34004.677724,12787915.516292646
1787320200000,2026-08-21T13:50:00Z,376.65,376.7,368.59,370.805,52566.837192,19572588.97292514
1787320500000,2026-08-21T13:55:00Z,370.7,371.418,369.633,370.95,20763.687632,7693841.18259294
1787320800000,2026-08-21T14:00:00Z,370.88,372.628,368.585,368.585,37321.229915,13816629.08074129
1787321100000,2026-08-21T14:05:00Z,369.58,369.666,368,368.915,15538.870363,5730923.41020579
1787321400000,2026-08-21T14:10:00Z,369.02,369.905,365.84,365.92,28561.326489,10513921.24768181
1787321700000,2026-08-21T14:15:00Z,365.43,367.347,365.14,365.14,25876.357393000002,9473595.79278697
1787322000000,2026-08-21T14:20:00Z,365.34,368.375,365.34,366.41,22896.65699,8398006.08513811
1787322300000,2026-08-21T14:25:00Z,366.51,369.657,366.288,368.64,9526.393926,3512855.85493371
1787322600000,2026-08-21T14:30:00Z,368.72,370.079,368.4,368.4,9935.454522,3669551.83124641
1787322900000,2026-08-21T14:35:00Z,368.8,368.81,367.38,367.38,15443.116118,5688138.25075715
1787323200000,2026-08-21T14:40:00Z,367.533,367.759,366.324,367.619,12077.692424,4431345.6115549214
1787323500000,2026-08-21T14:45:00Z,367.621,370.445,367.587,370.256,14492.934014999999,5343535.057233839631344
1787323800000,2026-08-21T14:50:00Z,370.266,370.85,368.28,368.37,11248.961309999999,4164836.766372819629578
1787324100000,2026-08-21T14:55:00Z,368.364,368.88,366.466,367.107,9652.808622,3553666.6097137956
1787324400000,2026-08-21T15:00:00Z,367.079,367.97,366.514,367.792,14160.180038000002,5197117.4221588899340468
1787324700000,2026-08-21T15:05:00Z,367.738,369.368,366.425,369.365,4286.56815,1573438.647847315
1787325000000,2026-08-21T15:10:00Z,369.26,370.175,369.115,369.2,8656.331752,3198621.05524455
1787325300000,2026-08-21T15:15:00Z,369,369.279,367.62,368.45,10821.606659000001,3988471.95123833
1787325600000,2026-08-21T15:20:00Z,367.66,369.485,367.409,368.905,10159.817360000001,3746557.61725353
1787325900000,2026-08-21T15:25:00Z,369.26,369.418,368.86,369.26,5818.096057000001,2147860.12145703
1787326200000,2026-08-21T15:30:00Z,369.4,370.92,369.066,370.71,7112.889276,2632813.91555464
1787326500000,2026-08-21T15:35:00Z,370.71,371.763,370.401,371.6,9396.191304,3485189.23714229
1787326800000,2026-08-21T15:40:00Z,371.825,372.037,370.247,371.42,10401.121903,3861684.85543385
1787327100000,2026-08-21T15:45:00Z,370.13,370.577,370.044,370.33,9613.633683,3560551.51627756
1787327400000,2026-08-21T15:50:00Z,371.8,372.232,370.337,371.8,9641.677319,3582631.31816845
1787327700000,2026-08-21T15:55:00Z,371.963,371.979,370.252,370.252,2165.982261,804958.0665401265
1787328000000,2026-08-21T16:00:00Z,370.252,371.257,370.252,370.51,7230.198238,2680034.8602384922
1787328300000,2026-08-21T16:05:00Z,370.686,370.686,368.572,368.654,3300.068384,1221885.8888445696
1787328600000,2026-08-21T16:10:00Z,368.668,369.996,368.668,369.586,3333.0089230000003,1230014.9888984752107071
1787328900000,2026-08-21T16:15:00Z,369.583,370.772,369.432,370.772,2721.026612,1006242.8561214912
1787329200000,2026-08-21T16:20:00Z,370.16,371.98,369.949,370.69,16437.601512999998,6095642.88835381
1787329500000,2026-08-21T16:25:00Z,370.66,371.245,370.528,371,5501.374108,2039997.54123213
1787329800000,2026-08-21T16:30:00Z,371,371.215,370.63,370.68,14140.938187,5246507.2519189
1787330100000,2026-08-21T16:35:00Z,370.69,371.663,370.665,371.52,10503.848053,3900428.56021906
1787330400000,2026-08-21T16:40:00Z,372.05,372.564,371.391,372.33,15654.434577,5823959.99721121
1787330700000,2026-08-21T16:45:00Z,372.43,372.55,372.3,372.3,9937.623227,3700950.76071521
1787331000000,2026-08-21T16:50:00Z,371.84,372.475,371.4,371.4,13614.22358,5063992.89117697
1787331300000,2026-08-21T16:55:00Z,371.275,371.426,370.709,371,12970.575253,4813217.04714011
1787331600000,2026-08-21T17:00:00Z,371.84,372.203,371.052,371.09,6073.701075999999,2256912.61331836
1787331900000,2026-08-21T17:05:00Z,371.353,372.255,371.22,372.134,5444.444952,2023985.679813254
1787332200000,2026-08-21T17:10:00Z,372.135,372.14,371.659,371.731,3451.915215,1283723.7680071995
1787332500000,2026-08-21T17:15:00Z,371.735,371.737,371.093,371.545,5799.495118,2154134.1682432878
1787332800000,2026-08-21T17:20:00Z,371.54,371.54,370.92,371.134,14058.369221,5217331.740228894
1787333100000,2026-08-21T17:25:00Z,371.117,372.717,370.76,372.707,8139.976787,3021727.8808538909
1787333400000,2026-08-21T17:30:00Z,372.698,374.465,372.659,374.278,10526.011765000001,3928968.4779227218732531
1787333700000,2026-08-21T17:35:00Z,374.278,374.85,374.01,374.434,11725.895475000001,4391433.9873078552744899
1787334000000,2026-08-21T17:40:00Z,374.305,375.04,374.255,374.745,12256.255731000001,4592318.52110871
1787334300000,2026-08-21T17:45:00Z,374.72,375.582,374.7,375.52,18446.766988,6920845.12582095
1787334600000,2026-08-21T17:50:00Z,375.83,376.016,375.597,375.9,15002.719109000001,5639033.02443015
1787334900000,2026-08-21T17:55:00Z,375.82,375.82,375.151,375.61,16463.01876,6181959.02988881
1787335200000,2026-08-21T18:00:00Z,375.48,377.41,375.438,377.41,35309.400217,13296760.96961753
1787335500000,2026-08-21T18:05:00Z,377.385,377.64,376.747,376.875,20737.558348999995,7821589.030004
1787335800000,2026-08-21T18:10:00Z,376.67,377.435,376.63,376.82,23243.546742,8762900.79850227
1787336100000,2026-08-21T18:15:00Z,376.655,377.634,376.505,376.96,15176.888604,5724661.67387438
1787336400000,2026-08-21T18:20:00Z,377.13,377.566,376.886,376.99,24657.940604,9301056.56703279
1787336700000,2026-08-21T18:25:00Z,376.68,377.295,376.255,376.285,8846.246013,3332395.91171532
1787337000000,2026-08-21T18:30:00Z,376.337,376.337,375.448,375.448,3368.2646240000004,1266666.8799568721504262
1787337300000,2026-08-21T18:35:00Z,375.443,376.306,375.44,375.661,14097.245881,5300109.9660934125
1787337600000,2026-08-21T18:40:00Z,375.668,376.204,375.56,375.604,8026.500027,3017590.0911868376
1787337900000,2026-08-21T18:45:00Z,375.601,375.734,374.605,375.45,6211.075865000001,2332548.1476262608755477
1787338200000,2026-08-21T18:50:00Z,375.65,375.978,374.915,374.915,9198.922291,3454407.81537542
1787338500000,2026-08-21T18:55:00Z,374.45,375.571,374.45,375.22,15060.112869999999,5645576.98152046
1787338800000,2026-08-21T19:00:00Z,375.75,376.083,374.85,374.85,8703.47927,3268152.11414537
1787339100000,2026-08-21T19:05:00Z,374.91,375.657,374.75,375.545,10192.422937000001,3824383.60730215
1787339400000,2026-08-21T19:10:00Z,375.22,375.473,374.96,375.38,10762.103898,4038211.51133744
1787339700000,2026-08-21T19:15:00Z,375.24,376.191,375.01,375.91,13746.247249,5162592.85257399
1787340000000,2026-08-21T19:20:00Z,376.12,376.385,375.847,376.22,11516.666318000001,4331054.27554415
1787340300000,2026-08-21T19:25:00Z,376.25,376.838,375.949,376.71,15351.875736000002,5778166.62289201
1787340600000,2026-08-21T19:30:00Z,377.21,377.495,376.575,376.735,40705.391757000005,15346071.09072098
1787340900000,2026-08-21T19:35:00Z,376.44,376.77,375.77,375.77,17236.212481,6487946.51395939
1787341200000,2026-08-21T19:40:00Z,375.997,376.003,374.74,374.962,15499.279588,5817310.3609064388
1787341500000,2026-08-21T19:45:00Z,374.92,376,374.856,375.913,18599.814901,6983659.8703058168
1787341800000,2026-08-21T19:50:00Z,375.65,375.91,374.6,374.74,12298.139857999999,4618089.7515809766244435
1787342100000,2026-08-21T19:55:00Z,374.722,376.231,374.712,375.95,21848.666171999997,8210854.5670936796725358
1787342400000,2026-08-21T20:00:00Z,375.794,375.87,375.491,375.494,0,0
1787342700000,2026-08-21T20:05:00Z,375.495,375.495,373.75,373.75,8611,3224493.1431
1787343000000,2026-08-21T20:10:00Z,373.781,374.04,373.781,374.04,1819.945357,680730.54138692
1787343300000,2026-08-21T20:15:00Z,374.04,374.04,374.04,374.04,198.236424,74148.35203296
1787343600000,2026-08-21T20:20:00Z,374.04,374.04,374.04,374.04,60,22442.4
1787343900000,2026-08-21T20:25:00Z,374.04,374.04,374.04,374.04,16,5984.64
1787344200000,2026-08-21T20:30:00Z,374.04,374.04,374.04,374.04,30,11221.2
1787344500000,2026-08-21T20:35:00Z,374.04,374.04,374.04,374.04,6125,2290995
1787344800000,2026-08-21T20:40:00Z,374.04,374.04,374.04,374.04,106,39648.24
1787345100000,2026-08-21T20:45:00Z,374.04,374.04,374.04,374.04,13,4862.52
1787345400000,2026-08-21T20:50:00Z,374.04,375.999,374.04,375.999,35,13093.0345
1787345700000,2026-08-21T20:55:00Z,375.625,375.625,373.751,373.751,160,60060.688
1787346000000,2026-08-21T21:00:00Z,373.75,373.75,373.75,373.75,3,1121.25
1787346300000,2026-08-21T21:05:00Z,373.75,373.75,373.75,373.75,5,1868.75
1787346600000,2026-08-21T21:10:00Z,373.75,373.75,373.75,373.75,0,0
1787346900000,2026-08-21T21:15:00Z,373.75,373.75,373.75,373.75,115,42981.25
1787347200000,2026-08-21T21:20:00Z,373.75,373.75,373.75,373.75,45,16818.75
1787347500000,2026-08-21T21:25:00Z,373.75,373.75,373.75,373.75,19,7101.25
1787347800000,2026-08-21T21:30:00Z,373.75,373.75,373.75,373.75,3,1121.25
1787348100000,2026-08-21T21:35:00Z,373.583,373.583,372.751,372.964,43,16045.9015
1787348400000,2026-08-21T21:40:00Z,372.964,372.965,372.964,372.965,9,3356.6832
1787348700000,2026-08-21T21:45:00Z,372.965,373.964,372.965,373.964,1,372.965
1787349000000,2026-08-21T21:50:00Z,373.964,373.965,373.964,373.965,4,1495.8592
1787349300000,2026-08-21T21:55:00Z,373.965,373.965,373.965,373.965,2,747.93
1787349600000,2026-08-21T22:00:00Z,373.965,373.965,373.965,373.965,28,10471.02
1787349900000,2026-08-21T22:05:00Z,373.965,373.965,373.965,373.965,120,44875.8
1787350200000,2026-08-21T22:10:00Z,373.965,373.965,373.965,373.965,30,11218.95
1787350500000,2026-08-21T22:15:00Z,373.965,373.965,373.965,373.965,14,5235.51
1787350800000,2026-08-21T22:20:00Z,373.965,373.965,373.965,373.965,0,0
1787351100000,2026-08-21T22:25:00Z,373.965,373.965,373.965,373.965,0,0
1787351400000,2026-08-21T22:30:00Z,373.965,373.965,373.965,373.965,32,11966.88
1787351700000,2026-08-21T22:35:00Z,373.965,373.965,373.965,373.965,301,112563.465
1787352000000,2026-08-21T22:40:00Z,373.965,373.965,373.965,373.965,1,373.965
1787352300000,2026-08-21T22:45:00Z,373.965,373.965,373.965,373.965,9,3365.685
1787352600000,2026-08-21T22:50:00Z,373.965,373.965,373.965,373.965,118,44127.87
1787353200000,2026-08-21T23:00:00Z,373.965,373.965,373.965,373.965,9,3365.685
1787353500000,2026-08-21T23:05:00Z,373.965,373.965,373.965,373.965,20,7479.3
1787353800000,2026-08-21T23:10:00Z,373.965,375.71,373.965,374.352,1751,656045.419
1787354100000,2026-08-21T23:15:00Z,374.439,374.875,374.439,374.775,954,357589.9188
1787354400000,2026-08-21T23:20:00Z,374.775,374.775,373.967,373.967,12.026375,4504.44267713
1787354700000,2026-08-21T23:25:00Z,373.966,373.966,373.965,373.965,8,2991.7208
1787355000000,2026-08-21T23:30:00Z,373.965,373.965,372.882,372.882,1.306396,488.54638014
1787355300000,2026-08-21T23:35:00Z,372.881,374.214,372.881,374.214,0,0
1787355600000,2026-08-21T23:40:00Z,374.295,374.695,374.295,374.695,64,23955.68
1787355900000,2026-08-21T23:45:00Z,374.787,375.249,374.787,375.17,45,16883.0595
1787356500000,2026-08-21T23:55:00Z,375.17,376.199,375.17,376.199,131,49165.3873
1787529600000,2026-08-24T00:00:00Z,377.84,377.84,376,376,95,35735.75
1787529900000,2026-08-24T00:05:00Z,376.13,376.13,376.13,376.13,1,376.13
1787530200000,2026-08-24T00:10:00Z,376.4,376.58,376.15,376.42,98,36885.95
1787530500000,2026-08-24T00:15:00Z,376.14,376.14,375,375,9,3382.77
1787531100000,2026-08-24T00:25:00Z,373.01,373.01,372.33,372.33,16,5962.73
1787531400000,2026-08-24T00:30:00Z,372.95,372.95,372.86,372.86,3,1118.76
1787531700000,2026-08-24T00:35:00Z,372.87,373.11,372.09,372.09,20,7455.6
1787532000000,2026-08-24T00:40:00Z,372.14,372.14,372.14,372.14,2,744.28
1787532900000,2026-08-24T00:55:00Z,373.25,373.62,373.25,373.62,24,8963.5
1787533500000,2026-08-24T01:05:00Z,374.88,374.88,374.88,374.88,2,749.76
1787533800000,2026-08-24T01:10:00Z,375.75,376.39,375.75,376.39,64,24065.77
1787534400000,2026-08-24T01:20:00Z,376.78,377.38,376.42,376.42,473,178476.5
1787534700000,2026-08-24T01:25:00Z,377.01,377.01,375.11,375.49,398,149619.23
1787535300000,2026-08-24T01:35:00Z,374.62,374.82,374.62,374.82,80,29983.94
1787535600000,2026-08-24T01:40:00Z,374.33,374.33,374.32,374.32,12,4491.92
1787535900000,2026-08-24T01:45:00Z,374.33,374.33,374,374,2,748.33
1787536500000,2026-08-24T01:55:00Z,374,374,374,374,6,2244
1787536800000,2026-08-24T02:00:00Z,374.01,374.01,374.01,374.01,1,374.01
1787537100000,2026-08-24T02:05:00Z,373.99,373.99,373.99,373.99,40,14959.6
1787537400000,2026-08-24T02:10:00Z,372.19,373.41,370.6,370.6,186,69120.51
1787538000000,2026-08-24T02:20:00Z,372.29,372.29,372.01,372.01,21,7816.61
1787538300000,2026-08-24T02:25:00Z,372.25,372.25,372.25,372.25,5,1861.25
1787538600000,2026-08-24T02:30:00Z,373.01,373.01,373.01,373.01,5,1865.05
1787539200000,2026-08-24T02:40:00Z,373.01,373.01,373.01,373.01,2,746.02
1787539800000,2026-08-24T02:50:00Z,371.99,371.99,371.99,371.99,3,1115.97
1787540100000,2026-08-24T02:55:00Z,372.79,372.79,372.51,372.51,17,6337.07
1787540700000,2026-08-24T03:05:00Z,371.02,371.02,371,371,20,7420.1
1787541000000,2026-08-24T03:10:00Z,370.87,370.87,369.97,369.99,16,5920.61
1787541600000,2026-08-24T03:20:00Z,369.49,369.65,369.19,369.19,37,13669.27
1787541900000,2026-08-24T03:25:00Z,368.33,368.51,368.32,368.5,33,12155.77
1787542200000,2026-08-24T03:30:00Z,368.17,368.3,368.01,368.3,22,8099.38
1787542500000,2026-08-24T03:35:00Z,368.32,368.42,368.32,368.33,8,2946.77
1787542800000,2026-08-24T03:40:00Z,368.33,368.54,368.33,368.54,52,19162
1787543700000,2026-08-24T03:55:00Z,367.78,367.78,367.78,367.78,3,1103.34
1787544000000,2026-08-24T04:00:00Z,368.04,368.36,368.04,368.2,9,3313.8
1787544300000,2026-08-24T04:05:00Z,368.35,368.82,368.35,368.82,25,9218.19
1787544600000,2026-08-24T04:10:00Z,368.77,369.2,368.77,369.2,55,20299.48
1787544900000,2026-08-24T04:15:00Z,369.99,369.99,369.98,369.98,53,19609.41
1787545500000,2026-08-24T04:25:00Z,369.99,369.99,369.97,369.98,7,2589.86
1787545800000,2026-08-24T04:30:00Z,369.83,369.83,369.2,369.2,18,6646.76
1787547300000,2026-08-24T04:55:00Z,369.49,369.49,369.49,369.49,4,1477.96
1787548200000,2026-08-24T05:10:00Z,369.49,369.49,369.49,369.49,3,1108.47
1787548500000,2026-08-24T05:15:00Z,368.03,368.03,368.03,368.03,4,1472.12
1787548800000,2026-08-24T05:20:00Z,368.11,368.11,368.01,368.01,22,8098.25
1787549400000,2026-08-24T05:30:00Z,367.11,367.88,366,366.35,268,98162.5
1787549700000,2026-08-24T05:35:00Z,366.09,366.09,365,365.53,502,183295.98
1787550000000,2026-08-24T05:40:00Z,365.72,366.05,365.72,365.86,56,20487.82
1787550300000,2026-08-24T05:45:00Z,365.86,365.87,365.54,365.54,25,9145.82
1787550600000,2026-08-24T05:50:00Z,365.54,365.54,365.54,365.54,2,731.08
1787550900000,2026-08-24T05:55:00Z,365.14,365.14,364.36,364.99,682,248929.93
1787551200000,2026-08-24T06:00:00Z,364.37,364.37,363.99,364.01,126,45877.74
1787551500000,2026-08-24T06:05:00Z,364.05,364.05,362.6,363.71,207,75216.46
1787551800000,2026-08-24T06:10:00Z,362.99,363.66,362.81,362.81,105,38105.12
1787552100000,2026-08-24T06:15:00Z,363,364.25,362.79,362.86,152,55259.81
1787552400000,2026-08-24T06:20:00Z,362.84,364.5,362.04,364.12,584,212652.58
1787553000000,2026-08-24T06:30:00Z,364.76,364.8,364.03,364.8,7,2550.44
1787553300000,2026-08-24T06:35:00Z,362.61,362.61,362.54,362.54,30,10877.7
1787553600000,2026-08-24T06:40:00Z,362.72,362.72,362.24,362.24,63,22841.44
1787554800000,2026-08-24T07:00:00Z,362.54,362.54,362.54,362.54,1,362.54
1787555100000,2026-08-24T07:05:00Z,363.77,366.01,363.77,366.01,650,237623.16
1787555400000,2026-08-24T07:10:00Z,366.76,366.99,366.03,366.03,501,183856.91
1787555700000,2026-08-24T07:15:00Z,367.19,368,366.65,366.65,950,349254.59
1787556000000,2026-08-24T07:20:00Z,367.3,367.3,365.83,366.24,159,58229.96
1787556300000,2026-08-24T07:25:00Z,365.78,365.8,365.78,365.8,39,14265.5
1787556600000,2026-08-24T07:30:00Z,365.78,367.23,365.12,367.18,84,30805.95
1787556900000,2026-08-24T07:35:00Z,366.7,366.88,366.15,366.15,43,15761.35
1787557200000,2026-08-24T07:40:00Z,366.01,366.01,366.01,366.01,5,1830.05
1787557800000,2026-08-24T07:50:00Z,366.09,366.09,365.09,365.09,32,11696.13
1787558100000,2026-08-24T07:55:00Z,363.49,364.06,363.49,363.58,8,2910.95
1787558400000,2026-08-24T08:00:00Z,376.2,376.2,362.991,363.24,6589.9762820000005,2402878.00979579
1787558700000,2026-08-24T08:05:00Z,363.24,363.555,363.24,363.555,1198.006794,435523.27009008
1787559000000,2026-08-24T08:10:00Z,363.555,364.015,363.555,364.015,295,107274.744
1787559300000,2026-08-24T08:15:00Z,364.345,365.04,364.345,364.485,867,316120.5114
1787559600000,2026-08-24T08:20:00Z,364.485,364.485,364.485,364.485,408,148709.88
1787559900000,2026-08-24T08:25:00Z,364.485,364.485,364.485,364.485,5,1822.425
1787560200000,2026-08-24T08:30:00Z,364.485,364.495,364.485,364.495,2,728.98
1787560500000,2026-08-24T08:35:00Z,364.495,364.495,364.495,364.495,0,0
1787560800000,2026-08-24T08:40:00Z,364.495,364.95,364.495,364.95,348,126878.8012
1787561100000,2026-08-24T08:45:00Z,364.95,364.95,364.95,364.95,0,0
1787561400000,2026-08-24T08:50:00Z,364.95,366.494,364.95,366.494,895.328818,326750.2521291
1787561700000,2026-08-24T08:55:00Z,366.494,366.495,366.494,366.495,597.15589,218854.64790555
1787562000000,2026-08-24T09:00:00Z,366.495,366.495,366.495,366.495,92,33717.54
1787562300000,2026-08-24T09:05:00Z,366.495,366.495,364.951,364.951,269,98361.8137
1787562600000,2026-08-24T09:10:00Z,364.95,364.95,364.95,364.95,132,48173.4
1787563200000,2026-08-24T09:20:00Z,364.95,364.95,364.95,364.95,16,5839.2
1787563500000,2026-08-24T09:25:00Z,364.95,364.95,364.95,364.95,1,364.95
1787563800000,2026-08-24T09:30:00Z,364.95,364.95,364.95,364.95,1,364.95
1787564100000,2026-08-24T09:35:00Z,364.95,364.95,364.95,364.95,16,5839.2
1787564400000,2026-08-24T09:40:00Z,364.95,364.959,364.95,364.959,10,3649.5
1787564700000,2026-08-24T09:45:00Z,364.96,364.96,364.96,364.96,75,27372
1787565000000,2026-08-24T09:50:00Z,364.96,364.96,364.96,364.96,0,0
1787565300000,2026-08-24T09:55:00Z,364.96,364.96,364.96,364.96,0,0
1787565600000,2026-08-24T10:00:00Z,364.96,365.581,364.811,364.811,45,16441.2225
1787565900000,2026-08-24T10:05:00Z,364.81,364.81,364.81,364.81,79,28819.99
1787566200000,2026-08-24T10:10:00Z,364.81,364.81,364.81,364.81,237.745987,86732.11351747
1787566500000,2026-08-24T10:15:00Z,364.81,364.81,364.456,364.456,36,13133.16
1787566800000,2026-08-24T10:20:00Z,364.455,364.455,364.455,364.455,505.1,184086.2205
1787567100000,2026-08-24T10:25:00Z,364.455,364.455,364.455,364.455,135,49201.425
1787567400000,2026-08-24T10:30:00Z,364.455,364.455,364.455,364.455,11,4009.005
1787568000000,2026-08-24T10:40:00Z,364.455,364.455,364.455,364.455,70,25511.85
1787568300000,2026-08-24T10:45:00Z,364.455,364.455,364.455,364.455,17,6195.735
1787568600000,2026-08-24T10:50:00Z,364.455,364.455,364.455,364.455,152,55397.16
1787568900000,2026-08-24T10:55:00Z,364.455,364.455,364.455,364.455,3,1093.365
1787569200000,2026-08-24T11:00:00Z,364.455,364.5,362.875,362.875,1013.0779630000001,369061.5666103999364297
1787569500000,2026-08-24T11:05:00Z,362.875,363.499,362.875,363.499,96,34836
1787569800000,2026-08-24T11:10:00Z,363.5,363.5,363.5,363.5,89,32351.5
1787570100000,2026-08-24T11:15:00Z,363.5,363.607,363.5,363.607,1114.37973,405077.031855
1787570400000,2026-08-24T11:20:00Z,363.609,363.62,363.609,363.62,24,8726.8704
1787570700000,2026-08-24T11:25:00Z,364,364,363.682,364,696.021716,253165.92762148
1787571000000,2026-08-24T11:30:00Z,363.99,365,363.99,365,775,282725.6575
1787571300000,2026-08-24T11:35:00Z,365,366.543,364.622,365.484,3901.4739889999996,1424963.43561519
1787571600000,2026-08-24T11:40:00Z,365.527,367.245,365.101,365.101,607,222073.3173
1787571900000,2026-08-24T11:45:00Z,365.056,366.435,364.831,366.435,71,26016.885
1787572200000,2026-08-24T11:50:00Z,366.435,366.435,366.435,366.435,196,71821.26
1787572500000,2026-08-24T11:55:00Z,366.435,366.435,366.435,366.435,88,32246.28
1787572800000,2026-08-24T12:00:00Z,366.435,366.435,366.435,366.435,41,15023.835
1787573100000,2026-08-24T12:05:00Z,366.435,366.435,366.435,366.435,81,29681.235
1787573400000,2026-08-24T12:10:00Z,366.435,366.435,364.961,364.985,749,273613.2203
1787573700000,2026-08-24T12:15:00Z,364.985,364.985,364.746,364.746,188,68615.5444
1787574000000,2026-08-24T12:20:00Z,364.745,364.745,364.745,364.745,353,128754.985
1787574300000,2026-08-24T12:25:00Z,364.745,365.494,363.975,365.494,332,120941.3916
1787574600000,2026-08-24T12:30:00Z,365.495,365.495,365.495,365.495,363,132674.685
1787574900000,2026-08-24T12:35:00Z,365.495,365.495,365.495,365.495,886,323828.57
1787575200000,2026-08-24T12:40:00Z,365.495,365.495,365.495,365.495,1340.253853,489856.08200224
1787575500000,2026-08-24T12:45:00Z,365.495,365.495,365.495,365.495,13,4751.435
1787575800000,2026-08-24T12:50:00Z,365.495,365.495,365.495,365.495,30,10964.85
1787576100000,2026-08-24T12:55:00Z,365.495,365.495,365.495,365.495,15,5482.425
1787576400000,2026-08-24T13:00:00Z,365.495,365.495,365.495,365.495,61.41,22445.04795
1787576700000,2026-08-24T13:05:00Z,365.495,365.495,365.495,365.495,154,56286.23
1787577000000,2026-08-24T13:10:00Z,365.495,365.495,365.495,365.495,293,107090.035
1787577300000,2026-08-24T13:15:00Z,365.495,365.495,365.338,365.338,84,30701.58
1787577600000,2026-08-24T13:20:00Z,365.208,365.208,364.557,364.985,18,6569.4732
1787577900000,2026-08-24T13:25:00Z,364.985,364.985,362,363.995,1197.003198,435774.400746291
1787578200000,2026-08-24T13:30:00Z,363.995,363.995,355.07,355.953,56128.860427,20363942.0993609224
1787578500000,2026-08-24T13:35:00Z,355.951,358.945,354.24,354.24,24856.316445,8872752.6501558393
1787578800000,2026-08-24T13:40:00Z,354.214,354.214,351.754,352.745,40841.121284,14413530.7949899612
1787579100000,2026-08-24T13:45:00Z,353.18,355.983,351.99,352.86,31932.707651,11288033.33146565
1787579400000,2026-08-24T13:50:00Z,352.32,352.88,350.27,351.25,34295.271571,12060024.84517539
1787579700000,2026-08-24T13:55:00Z,350.7,353.723,350.7,353,32443.808029000003,11416421.25628781
1787580000000,2026-08-24T14:00:00Z,351.58,352.137,349.404,350.71,39330.102141,13786003.13450418
1787580300000,2026-08-24T14:05:00Z,351,353.479,350.384,352.25,17847.590689999997,6285437.7713103
1787580600000,2026-08-24T14:10:00Z,351.59,352.314,351.385,352.02,23504.054314,8267633.3691396
1787580900000,2026-08-24T14:15:00Z,351.55,352.504,351.006,351.19,25000.203687,8795021.65667923
1787581200000,2026-08-24T14:20:00Z,351.345,354.112,351.182,353.14,28382.688104,10015214.6637858
1787581500000,2026-08-24T14:25:00Z,352.85,353.63,351.671,352.6,18853.531004,6650556.66671759
1787581800000,2026-08-24T14:30:00Z,352.836,355.47,352.721,355.214,12102.247613,4287787.041619964
1787582100000,2026-08-24T14:35:00Z,355.206,355.206,353.825,354.666,9037.985587,3206683.0020323706
1787582400000,2026-08-24T14:40:00Z,354.662,355.16,353.973,354.381,7686.936032,2725448.843590128
1787582700000,2026-08-24T14:45:00Z,353.945,355.48,353.875,355.04,11810.14689,4188348.13104022
1787583000000,2026-08-24T14:50:00Z,355.46,355.482,352.46,352.61,30689.690982,10856048.52920875
1787583300000,2026-08-24T14:55:00Z,352.98,352.98,351.44,351.74,15151.624036000001,5340344.43805337
1787583600000,2026-08-24T15:00:00Z,351.56,351.834,350.61,351.63,9660.146953,3393471.48448747
1787583900000,2026-08-24T15:05:00Z,351.765,351.775,350.465,350.465,14768.960702999999,5186068.85949599
1787584200000,2026-08-24T15:10:00Z,350.445,351.845,350.191,351.385,17231.627628000002,6051844.12006832
1787584500000,2026-08-24T15:15:00Z,351,352.475,351,352.28,18511.436701,6512425.24431366
1787584800000,2026-08-24T15:20:00Z,352.12,353.01,351.903,352.865,16503.195664,5818011.84459306
1787585100000,2026-08-24T15:25:00Z,353,354.77,352.858,354.33,29238.187403999997,10333804.61277022
1787585400000,2026-08-24T15:30:00Z,354.437,356.738,354.437,356.27,44782.043607,15915615.0979278
1787585700000,2026-08-24T15:35:00Z,356.284,358.248,356.26,358.184,18425.33509,6576716.031210776
1787586000000,2026-08-24T15:40:00Z,358.169,359.657,358.106,359.657,13268.434516,4762586.5286426852
1787586300000,2026-08-24T15:45:00Z,359.663,361.615,359.38,360.981,20154.869212999999,7270141.1276815178395259
1787586600000,2026-08-24T15:50:00Z,361.18,362.105,360.35,361.578,28187.245663999999,10174139.8430989984390459
1787586900000,2026-08-24T15:55:00Z,361.607,363.41,361.391,363.284,31903.946013,11542428.3645619489
1787587200000,2026-08-24T16:00:00Z,363.303,365.06,363.303,364.11,39030.363425,14209183.01512681
1787587500000,2026-08-24T16:05:00Z,364.314,364.76,363.86,364.372,25543.772464,9305870.103080462
1787587800000,2026-08-24T16:10:00Z,364.565,364.565,362.76,363.88,33932.514532,12333807.34834863
1787588100000,2026-08-24T16:15:00Z,364.06,364.65,363.983,364.245,26698.673651,9726281.42331409
1787588400000,2026-08-24T16:20:00Z,363.63,364.37,363.3,364.055,23042.073781,8382298.59682188
1787588700000,2026-08-24T16:25:00Z,364.35,364.35,363.195,363.89,9577.270384000001,3484278.00659189
1787589000000,2026-08-24T16:30:00Z,363.25,363.763,362.33,362.52,14684.779091999999,5329156.26073571
1787589300000,2026-08-24T16:35:00Z,362.305,363.308,362.305,363.16,14847.66988,5390020.42180844
1787589600000,2026-08-24T16:40:00Z,363.285,363.42,362.514,362.96,11723.867162999999,4256228.04530865
1787589900000,2026-08-24T16:45:00Z,362.7,363.348,362.168,363.065,10193.399196,3697243.74502148
1787590200000,2026-08-24T16:50:00Z,363.062,363.72,362.761,363.714,7389.5256629999997,2682699.3056176289911025
1787590500000,2026-08-24T16:55:00Z,363.715,363.715,363.03,363.534,9051.999760000001,3290647.4889575333635411
1787590800000,2026-08-24T17:00:00Z,363.531,363.542,362.52,362.822,11227.165104,4075135.4728517952
1787591100000,2026-08-24T17:05:00Z,362.82,364.205,362.817,364.202,20672.226262,7511607.423952916
1787591400000,2026-08-24T17:10:00Z,364.085,365.38,363.903,365.33,20565.335534,7499922.85908918
1787591700000,2026-08-24T17:15:00Z,365.345,365.669,365.034,365.14,22762.764586,8318727.43507683
1787592000000,2026-08-24T17:20:00Z,364.81,365.502,364.59,364.92,34690.208818,12661180.37908041
1787592300000,2026-08-24T17:25:00Z,365.73,366.455,365.34,366.22,13285.551386000001,4861002.56863855
1787592600000,2026-08-24T17:30:00Z,365.78,365.795,365.08,365.08,19873.68944,7263602.9555225
1787592900000,2026-08-24T17:35:00Z,364.51,365.158,363.647,364.34,15495.372147,5645461.47459802
1787593200000,2026-08-24T17:40:00Z,364.28,364.336,363.47,363.47,11620.18924,4229406.08777742
1787593500000,2026-08-24T17:45:00Z,363.485,364.16,363.459,364.08,14933.938577,5431802.00710359
1787593800000,2026-08-24T17:50:00Z,364.28,364.44,363.642,364.06,14618.445864,5321761.89164778
1787594100000,2026-08-24T17:55:00Z,363.817,364.2,363.609,364.19,4953.752001000001,1802376.6806526322638319
1787594400000,2026-08-24T18:00:00Z,364.19,365.546,364.19,364.955,9957.730658,3636604.6331818242
1787594700000,2026-08-24T18:05:00Z,364.965,366.597,364.965,366.597,12049.421382999999,4409026.5114491246342974
1787595000000,2026-08-24T18:10:00Z,366.602,366.905,366.072,366.905,3987.7653060000002,1461094.8766326864732789
1787595300000,2026-08-24T18:15:00Z,366.914,367.484,366.045,366.049,3612.7089509999996,1326718.3177331135531005
1787595600000,2026-08-24T18:20:00Z,366.05,367.663,366.05,366.879,26916.021630000001,9875214.8201183723666444
1787595900000,2026-08-24T18:25:00Z,366.855,367.211,366.576,366.807,6728.1150899999997,2468227.3354451998899391
1787596200000,2026-08-24T18:30:00Z,366.743,367.072,366.538,367.05,23372.815081000001,8575912.2331772128668521
1787596500000,2026-08-24T18:35:00Z,367.05,367.434,366.391,366.54,16327.722149999998,5992760.59517007
1787596800000,2026-08-24T18:40:00Z,366.86,367.629,366.566,367.255,19316.909032,7091527.05928268
1787597100000,2026-08-24T18:45:00Z,367.04,367.331,366.249,366.605,10781.176242000001,3954406.0714507
1787597400000,2026-08-24T18:50:00Z,366.56,366.72,366.01,366.28,10949.27796,4011423.46039303
1787597700000,2026-08-24T18:55:00Z,366.25,366.584,366,366,13204.363405999999,4836096.77701116
1787598000000,2026-08-24T19:00:00Z,366.14,366.702,365.981,366.445,14018.9861,5136199.02289445
1787598300000,2026-08-24T19:05:00Z,366.62,367.065,366.168,366.57,15527.547878000001,5693220.45935755
1787598600000,2026-08-24T19:10:00Z,365.845,366.457,365.65,365.73,21642.629066,7920938.19808139
1787598900000,2026-08-24T19:15:00Z,365.45,366.345,365.231,366.2,19622.069754,7173771.79806011
1787599200000,2026-08-24T19:20:00Z,366.348,366.688,366.191,366.393,11822.446316,4332223.7285740668
1787599500000,2026-08-24T19:25:00Z,366.397,366.81,365.687,365.687,8701.13826,3189917.87369467
1787599800000,2026-08-24T19:30:00Z,365.666,366.661,364.405,364.43,28917.263729,10586828.6500251429
1787600100000,2026-08-24T19:35:00Z,364.619,364.619,362.79,364.105,35152.147576,12771091.7836591346
1787600400000,2026-08-24T19:40:00Z,364.11,364.858,364.029,364.84,22073.387301,8045182.38516086
1787600700000,2026-08-24T19:45:00Z,364.96,364.96,364.31,364.38,28906.144075,10539602.1594485
1787601000000,2026-08-24T19:50:00Z,363.85,364.401,361.865,362.9,59133.244194,21443553.38863883
1787601300000,2026-08-24T19:55:00Z,362.83,365.45,362.52,365.03,225962.16813099998,82394573.83268608
1787601600000,2026-08-24T20:00:00Z,365.054,365.065,365,365,540746.690509,197403634.97048927
1787601900000,2026-08-24T20:05:00Z,365,365,365,365,71564,26120860
1787602200000,2026-08-24T20:10:00Z,365,365.94,365,365,188.494405,68847.41178129
1787602500000,2026-08-24T20:15:00Z,365,365,365,365,22.872453999999998,8348.44571
1787602800000,2026-08-24T20:20:00Z,365,365.939,365,365.001,210,76696.725
1787603100000,2026-08-24T20:25:00Z,365.157,365.939,365.001,365.616,113,41319.6591
1787603400000,2026-08-24T20:30:00Z,365.513,365.513,365,365,31,11315
1787603700000,2026-08-24T20:35:00Z,365,365,365,365,0,0
1787604000000,2026-08-24T20:40:00Z,365,365,365,365,0,0
1787604300000,2026-08-24T20:45:00Z,365,365,365,365,53,19345
1787604600000,2026-08-24T20:50:00Z,365,365,365,365,80,29200
1787604900000,2026-08-24T20:55:00Z,365,365,365,365,12,4380
1787605200000,2026-08-24T21:00:00Z,365,365,365,365,39,14235
1787605500000,2026-08-24T21:05:00Z,365.083,365.5,365,365.5,188,68692.3236
1787605800000,2026-08-24T21:10:00Z,365.5,365.5,365.5,365.5,5,1827.5
1787606100000,2026-08-24T21:15:00Z,365.5,365.5,365.5,365.5,29,10599.5
1787606400000,2026-08-24T21:20:00Z,365.5,365.5,365.5,365.5,3.425256,1251.931068
1787606700000,2026-08-24T21:25:00Z,365.5,365.5,365.5,365.5,18,6579
1787607000000,2026-08-24T21:30:00Z,365.5,365.5,365.5,365.5,25,9137.5
1787607300000,2026-08-24T21:35:00Z,365.5,365.5,365.5,365.5,5,1827.5
1787607900000,2026-08-24T21:45:00Z,365.5,365.5,365.5,365.5,15,5482.5
1787608200000,2026-08-24T21:50:00Z,365.5,365.5,365.5,365.5,89,32529.5
1787608500000,2026-08-24T21:55:00Z,365.5,365.5,365.5,365.5,40,14620
1787608800000,2026-08-24T22:00:00Z,365.5,365.5,365.5,365.5,41,14985.5
1787609100000,2026-08-24T22:05:00Z,365.5,365.5,365.5,365.5,6,2193
1787609400000,2026-08-24T22:10:00Z,365.525,365.65,365.525,365.65,26,9506.7752
1787609700000,2026-08-24T22:15:00Z,365.65,365.65,365.65,365.65,62,22670.3
1787610300000,2026-08-24T22:25:00Z,365.65,365.65,365.65,365.65,42.6,15576.69
1787610600000,2026-08-24T22:30:00Z,365.65,365.65,365.65,365.65,1,365.65
1787610900000,2026-08-24T22:35:00Z,365.65,365.65,365.65,365.65,26,9506.9
1787611200000,2026-08-24T22:40:00Z,365.65,365.65,365.65,365.65,64,23401.6
1787611500000,2026-08-24T22:45:00Z,365.65,365.65,365.65,365.65,14,5119.1
1787611800000,2026-08-24T22:50:00Z,365.65,365.65,363.891,363.891,88,32154.584
1787612100000,2026-08-24T22:55:00Z,363.89,363.89,363.89,363.89,1,363.89
1787612400000,2026-08-24T23:00:00Z,363.89,363.89,363.89,363.89,19,6913.91
1787612700000,2026-08-24T23:05:00Z,363.89,364.01,363.89,364.01,1,363.89
1787613000000,2026-08-24T23:10:00Z,364.012,364.02,364.012,364.02,10,3640.2
1787613300000,2026-08-24T23:15:00Z,364.02,364.02,364.02,364.02,13,4732.26
1787613600000,2026-08-24T23:20:00Z,364.02,364.02,364.02,364.02,0,0
1787614200000,2026-08-24T23:30:00Z,364.02,364.02,364.02,364.02,59.689615,21728.2136523
1787614500000,2026-08-24T23:35:00Z,364.02,364.02,364.02,364.02,629,228968.58
1787614800000,2026-08-24T23:40:00Z,364.02,364.02,364.02,364.02,162,58971.24
1787615100000,2026-08-24T23:45:00Z,364.02,364.468,364.02,364.468,3,1092.06
1787615400000,2026-08-24T23:50:00Z,364.469,364.699,364.469,364.699,97,35357.0626
1787615700000,2026-08-24T23:55:00Z,364.7,364.7,364.7,364.7,138,50328.6
1787616000000,2026-08-25T00:00:00Z,363.97,363.97,363.97,363.97,8,2911.76
1787616300000,2026-08-25T00:05:00Z,362.82,363.78,362.41,363.76,35,12704.29
1787616600000,2026-08-25T00:10:00Z,361.41,361.64,361.41,361.64,48,17354.35
1787616900000,2026-08-25T00:15:00Z,360.89,361.01,360.89,361.01,84,30318.47
1787617800000,2026-08-25T00:30:00Z,362,362,362,362,1,362
1787618400000,2026-08-25T00:40:00Z,363.74,363.85,363.74,363.85,563,204814.12
1787618700000,2026-08-25T00:45:00Z,364.18,366.25,364.17,366.11,102,37259.73
1787619900000,2026-08-25T01:05:00Z,365.43,365.43,365.01,365.01,23,8402.31
1787620200000,2026-08-25T01:10:00Z,365.18,365.18,365.18,365.18,2,730.36
1787620500000,2026-08-25T01:15:00Z,365.17,365.17,364.99,364.99,10,3650.33
1787620800000,2026-08-25T01:20:00Z,365.18,365.18,364.48,364.48,33,12034.31
1787621100000,2026-08-25T01:25:00Z,364.25,364.65,364.23,364.65,44,16031.97
1787621400000,2026-08-25T01:30:00Z,365.06,365.06,365.06,365.06,2,730.12
1787621700000,2026-08-25T01:35:00Z,365.09,365.97,365.09,365.97,22,8040.74
1787622000000,2026-08-25T01:40:00Z,365.67,365.67,365.67,365.67,1,365.67
1787622300000,2026-08-25T01:45:00Z,365.99,365.99,365.99,365.99,12,4391.88
1787622600000,2026-08-25T01:50:00Z,365.85,366,365.85,366,188,68797.61
1787622900000,2026-08-25T01:55:00Z,366.29,366.29,366.29,366.29,10,3662.9
1787624100000,2026-08-25T02:15:00Z,365.98,366.72,365.97,366.72,87,31862.02
1787624400000,2026-08-25T02:20:00Z,366.17,366.17,365.99,365.99,19,6955.41
1787624700000,2026-08-25T02:25:00Z,366.72,366.72,366.54,366.54,346,126832.04
1787625900000,2026-08-25T02:45:00Z,367.33,367.38,366.38,366.38,61,22376.68
1787626200000,2026-08-25T02:50:00Z,366.17,366.17,365.59,365.59,65,23770.18
1787628300000,2026-08-25T03:25:00Z,367.16,368.47,367.16,368.47,42,15453.21
1787628600000,2026-08-25T03:30:00Z,368.51,368.91,368.17,368.91,60,22102.65
1787629500000,2026-08-25T03:45:00Z,367.99,367.99,367.55,367.56,546,200689.51
1787629800000,2026-08-25T03:50:00Z,367.93,367.93,367.93,367.93,1,367.93
1787630100000,2026-08-25T03:55:00Z,367.97,368.01,367.96,367.96,30,11039.56
1787630400000,2026-08-25T04:00:00Z,368.01,368.04,368.01,368.04,57,20976.84
1787631600000,2026-08-25T04:20:00Z,370.67,370.67,370.67,370.67,4,1482.68
1787632200000,2026-08-25T04:30:00Z,370.68,370.85,370.67,370.68,47,17422.27
1787632800000,2026-08-25T04:40:00Z,370.87,371.12,370.87,371.12,8,2968.04
1787633100000,2026-08-25T04:45:00Z,371.11,371.11,371.1,371.1,7,2597.72
1787633700000,2026-08-25T04:55:00Z,370.89,370.89,370.89,370.89,4,1483.56
1787634300000,2026-08-25T05:05:00Z,370.89,370.89,370.89,370.89,14,5192.46
1787634900000,2026-08-25T05:15:00Z,370.89,371.24,370.89,371.24,26,9644.12
1787635200000,2026-08-25T05:20:00Z,372,372.01,370.75,370.75,16,5940.88
1787635800000,2026-08-25T05:30:00Z,372,372.84,372,372.84,63,23462.02
1787636100000,2026-08-25T05:35:00Z,372.8,372.81,372.8,372.81,22,8201.62
1787637000000,2026-08-25T05:50:00Z,372.82,372.85,372.82,372.84,16,5965.46
1787637300000,2026-08-25T05:55:00Z,372.18,372.18,372,372.02,41,15252.71
1787637600000,2026-08-25T06:00:00Z,372.46,372.49,372.46,372.49,20,7449.41
1787637900000,2026-08-25T06:05:00Z,372.43,372.82,372.43,372.82,18,6705.12
1787638500000,2026-08-25T06:15:00Z,372.01,373.12,372.01,373.12,147,54777.57
1787638800000,2026-08-25T06:20:00Z,372.74,374.47,372.55,374.44,87,32509.74
1787639100000,2026-08-25T06:25:00Z,373.99,373.99,373.99,373.99,50,18699.5
1787639700000,2026-08-25T06:35:00Z,373.52,373.52,373.52,373.52,5,1867.6
1787640000000,2026-08-25T06:40:00Z,372.52,372.93,371.94,371.98,107,39846.82
1787641500000,2026-08-25T07:05:00Z,372.46,372.46,372.46,372.46,2,744.92
1787642100000,2026-08-25T07:15:00Z,372.64,372.64,372.5,372.5,118,43956.33
1787642400000,2026-08-25T07:20:00Z,372.49,372.49,372.49,372.49,26,9684.74
1787643000000,2026-08-25T07:30:00Z,373.89,373.89,373.89,373.89,7,2617.23
1787643300000,2026-08-25T07:35:00Z,372.48,372.48,371.94,371.94,49,18248.4
1787644200000,2026-08-25T07:50:00Z,371.95,371.95,371.69,371.69,40,14870.07
1787644500000,2026-08-25T07:55:00Z,372.2,372.69,371.1,371.1,34,12644.08
1787644800000,2026-08-25T08:00:00Z,364.7,373.948,364.7,371.981,2107.419992,784892.5596284608
1787645100000,2026-08-25T08:05:00Z,371.98,371.98,369.766,370.911,136,50395
1787645400000,2026-08-25T08:10:00Z,371.081,371.93,370.058,370.058,200,74293.46
1787645700000,2026-08-25T08:15:00Z,370.055,373.16,370.047,373.16,143,53127.9606
1787646000000,2026-08-25T08:20:00Z,373.16,373.16,373.16,373.16,283,105604.28
1787646300000,2026-08-25T08:25:00Z,373.16,373.458,373.16,373.458,73,27240.68
1787646600000,2026-08-25T08:30:00Z,373.504,373.735,373.118,373.118,3,1121.205
1787646900000,2026-08-25T08:35:00Z,373.117,373.117,373.115,373.115,27,10074.105
1787647200000,2026-08-25T08:40:00Z,373.049,373.252,372.72,373.252,53,19772.6941
1787647500000,2026-08-25T08:45:00Z,373.253,375.384,373.113,375.384,29,10822.3969
1787647800000,2026-08-25T08:50:00Z,375.386,375.39,375.386,375.39,0.853383,320.35144437
1787648700000,2026-08-25T09:05:00Z,375.39,375.39,373.832,373.832,6,2252.34
1787649000000,2026-08-25T09:10:00Z,373.847,373.925,373.847,373.925,5,1869.62
1787649600000,2026-08-25T09:20:00Z,373.925,373.925,373.925,373.925,17,6356.725
1787650200000,2026-08-25T09:30:00Z,373.925,374.355,373.925,374.355,460,172073.81
1787650500000,2026-08-25T09:35:00Z,374.355,374.355,374.355,374.355,53,19840.815
1787650800000,2026-08-25T09:40:00Z,374.355,374.355,374.355,374.355,12,4492.26
1787651100000,2026-08-25T09:45:00Z,374.355,374.355,374.355,374.355,40,14974.2
1787651400000,2026-08-25T09:50:00Z,374.355,375.474,374.355,375.474,117.016073,43872.11075024
1787651700000,2026-08-25T09:55:00Z,375.557,375.97,375.557,375.97,10,3759.7
1787652000000,2026-08-25T10:00:00Z,375.97,375.97,375.97,375.97,169.811925,63844.18944225
1787652300000,2026-08-25T10:05:00Z,375.97,375.97,375.97,375.97,132.323577,49749.69524469
1787652600000,2026-08-25T10:10:00Z,376.065,376.539,376.065,376.539,5,1882.38
1787652900000,2026-08-25T10:15:00Z,376.54,376.54,376.54,376.54,38,14308.52
1787653200000,2026-08-25T10:20:00Z,376.54,376.54,376.54,376.54,0,0
1787653500000,2026-08-25T10:25:00Z,376.54,376.54,376.54,376.54,145,54598.3
1787653800000,2026-08-25T10:30:00Z,376.54,376.54,376.54,376.54,19,7154.26
1787654100000,2026-08-25T10:35:00Z,376.54,376.54,376.54,376.54,84,31629.36
1787654400000,2026-08-25T10:40:00Z,376.54,376.54,376.54,376.54,219.004639,82464.00676906
1787654700000,2026-08-25T10:45:00Z,376.54,376.54,376.54,376.54,30,11296.2
1787655000000,2026-08-25T10:50:00Z,376.54,376.54,376.54,376.54,4,1506.16
1787655300000,2026-08-25T10:55:00Z,376.54,376.54,376.54,376.54,31,11672.74
1787655600000,2026-08-25T11:00:00Z,375,376.54,374.208,375,1817,683372.7915
1787655900000,2026-08-25T11:05:00Z,375.25,375.25,375.25,375.25,602,225900.5
1787656200000,2026-08-25T11:10:00Z,375.25,375.25,375.25,375.25,109.228285,40987.91394625
1787656500000,2026-08-25T11:15:00Z,375.25,375.25,372.531,373.029,293,109643.237
1787656800000,2026-08-25T11:20:00Z,373.03,373.03,373.03,373.03,22,8206.66
1787657100000,2026-08-25T11:25:00Z,373.03,373.03,373.03,373.03,64,23873.92
1787657400000,2026-08-25T11:30:00Z,373.03,373.03,373.03,373.03,12,4476.36
1787657700000,2026-08-25T11:35:00Z,373.03,373.503,373.03,373.503,30.5418,11393.007654
1787658000000,2026-08-25T11:40:00Z,373.504,373.505,373.504,373.505,152,56772.608
1787658300000,2026-08-25T11:45:00Z,375.19,375.19,373.505,375.19,395,147739.4405
1787658600000,2026-08-25T11:50:00Z,375.004,375.005,375.004,375.005,129,48375.645
1787658900000,2026-08-25T11:55:00Z,375.005,375.005,375.005,375.005,102,38250.51
1787659200000,2026-08-25T12:00:00Z,375.005,375.499,375.005,375.499,107,40146.5177
1787659500000,2026-08-25T12:05:00Z,375.499,375.5,375.499,375.5,113,42431.4887
1787659800000,2026-08-25T12:10:00Z,375.5,376.048,375.5,376.048,218,81866.4992
1787660100000,2026-08-25T12:15:00Z,375.958,375.958,375.5,375.5,656,246328.984
1787660400000,2026-08-25T12:20:00Z,375.5,376.048,375.5,375.5,385,144587.443
1787660700000,2026-08-25T12:25:00Z,375.5,375.5,375.5,375.5,400,150200
1787661000000,2026-08-25T12:30:00Z,375.5,376.5,375.5,376.5,96,36129.4368
1787661300000,2026-08-25T12:35:00Z,376.5,376.5,374.251,375.499,1301,488441.5855
1787661600000,2026-08-25T12:40:00Z,375.5,375.5,375.5,375.5,30.014,11270.257
1787661900000,2026-08-25T12:45:00Z,375.5,375.5,375.5,375.5,27,10138.5
1787662200000,2026-08-25T12:50:00Z,375.5,376,375.5,375.5,55,20680
1787662500000,2026-08-25T12:55:00Z,375.5,375.5,375.5,375.5,55,20652.5
1787662800000,2026-08-25T13:00:00Z,375.483,375.483,375.4,375.4,264,99105.6
1787663100000,2026-08-25T13:05:00Z,375.4,375.4,374.85,374.85,422,158359.1292
1787663400000,2026-08-25T13:10:00Z,374.85,375.5,374.85,375.252,659,247067.667
1787663700000,2026-08-25T13:15:00Z,375.251,375.5,375.251,375.5,147,55195.119
1787664000000,2026-08-25T13:20:00Z,375.5,375.5,375.5,375.5,146,54823
1787664300000,2026-08-25T13:25:00Z,375.5,375.65,375.153,375.503,1303,489297.2177
1787664600000,2026-08-25T13:30:00Z,374.045,378.521,371.98,376.01,70348.945832,26423253.99665295
1787664900000,2026-08-25T13:35:00Z,375.28,378.171,371.952,371.985,22605.805869000003,8487451.53964246
1787665200000,2026-08-25T13:40:00Z,372.47,374.184,369.852,370.76,23647.567531,8790727.83591992
1787665500000,2026-08-25T13:45:00Z,370.82,374.42,369.32,372.33,49374.97384400001,18378550.26410906
1787665800000,2026-08-25T13:50:00Z,372.518,373.289,370.986,371.986,11990.439078,4458696.932714123
1787666100000,2026-08-25T13:55:00Z,371.976,371.976,369.756,370.44,13747.9824530000005,5097701.9397714793853476
1787666400000,2026-08-25T14:00:00Z,370.393,370.446,368.024,368.329,4466.402693,1652138.5268348293
1787666700000,2026-08-25T14:05:00Z,368.3,369.37,367.635,368.392,15783.212561,5816435.8355231955
1787667000000,2026-08-25T14:10:00Z,368.397,368.961,364.831,364.831,19484.126561999999,7161767.6036025052316148
1787667300000,2026-08-25T14:15:00Z,364.79,364.878,363.48,363.73,46413.384214000005,16908637.21875811
1787667600000,2026-08-25T14:20:00Z,364.27,364.355,360.718,362.44,13301.567825,4826044.2446605
1787667900000,2026-08-25T14:25:00Z,362.29,363.47,362.12,363.395,14738.475359,5348104.86424672
1787668200000,2026-08-25T14:30:00Z,362.8,365.54,361.21,364.905,25907.890564,9420300.72746057
1787668500000,2026-08-25T14:35:00Z,364.6,366.539,363.326,366.47,13238.87545,4835832.87777384
1787668800000,2026-08-25T14:40:00Z,366.14,366.535,363.541,364.15,15225.873146999998,5549730.27131873
1787669100000,2026-08-25T14:45:00Z,364.57,365.51,363.839,365.39,15552.411531,5670333.0373861
1787669400000,2026-08-25T14:50:00Z,365.47,367.447,365.119,366.71,14282.318404,5230466.36121736
1787669700000,2026-08-25T14:55:00Z,366.5,367.636,366.23,367.45,11753.05719,4312164.94975659
1787670000000,2026-08-25T15:00:00Z,367.382,367.382,366.06,366.089,6654.797891,2441268.2157474448
1787670300000,2026-08-25T15:05:00Z,366.088,367.3,366.083,366.58,15463.910157,5670840.7003749525
1787670600000,2026-08-25T15:10:00Z,366.583,367.135,366.44,366.549,5443.3975260000003,1997025.2913866985100368
1787670900000,2026-08-25T15:15:00Z,366.547,367.74,366.179,367.725,10980.120323,4032080.284169799
1787671200000,2026-08-25T15:20:00Z,367.742,368.57,367.545,367.545,9931.450885,3655702.9438504667
1787671500000,2026-08-25T15:25:00Z,367.99,368.84,367.395,368.62,18494.705389,6808049.01133401
1787671800000,2026-08-25T15:30:00Z,368.71,369.16,368.218,368.37,17612.464187,6491237.47203579
1787672100000,2026-08-25T15:35:00Z,368.355,369.22,367.453,367.51,19850.014086000003,7309209.90177368
1787672400000,2026-08-25T15:40:00Z,367.41,367.742,366.952,367.61,8397.402669,3084757.31928808
1787672700000,2026-08-25T15:45:00Z,367,367.54,366.766,367.54,7134.02053,2618832.59017207
1787673000000,2026-08-25T15:50:00Z,367.43,367.827,367.084,367.14,16429.366778000003,6035769.83586463
1787673300000,2026-08-25T15:55:00Z,367.42,367.755,367.128,367.56,5371.814642,1973120.16179009
1787673600000,2026-08-25T16:00:00Z,366.945,368.33,366.822,367.96,12715.654323,4674171.53233478
1787673900000,2026-08-25T16:05:00Z,368.144,368.816,367.976,367.976,1854.14519,683185.123386527
1787674200000,2026-08-25T16:10:00Z,367.965,368.649,367.905,368.649,4229.110397,1556849.9579291575
1787674500000,2026-08-25T16:15:00Z,368.662,369.19,368.599,368.917,11172.446576,4120813.176853744
1787674800000,2026-08-25T16:20:00Z,368.918,369.092,368.513,368.513,3592.856453,1325642.8416628576
1787675100000,2026-08-25T16:25:00Z,368.511,368.593,368.231,368.343,8414.343256,3100470.9064678464
1787675400000,2026-08-25T16:30:00Z,368.344,368.41,368.07,368.339,8726.2168410000001,3213368.5235505876368305
1787675700000,2026-08-25T16:35:00Z,368.337,368.43,367.81,368.312,8551.210747,3147365.2093245457
1787676000000,2026-08-25T16:40:00Z,367.73,368.378,367.671,367.73,4730.987665,1740967.97831251
1787676300000,2026-08-25T16:45:00Z,368.22,368.22,367.691,367.9,14799.122324,5446916.12546777
1787676600000,2026-08-25T16:50:00Z,367.69,367.833,367.019,367.42,7288.056806999999,2677662.68073039
1787676900000,2026-08-25T16:55:00Z,367.27,367.9,367.114,367.9,14368.353277,5278573.78513788
1787677200000,2026-08-25T17:00:00Z,367.95,368.02,366.988,367.95,5865.814004,2157011.1472721
1787677500000,2026-08-25T17:05:00Z,366.99,367.18,366.499,366.72,17666.69039,6480249.80186338
1787677800000,2026-08-25T17:10:00Z,366.24,366.8,365.73,366.8,10988.660922,4024584.97515549
1787678100000,2026-08-25T17:15:00Z,366.63,366.775,366.289,366.77,6272.058897,2299158.03796164
1787678400000,2026-08-25T17:20:00Z,366.67,366.82,366.545,366.82,11114.180317,4075582.14784225
1787678700000,2026-08-25T17:25:00Z,366.69,366.83,366.392,366.51,4461.776183,1636084.24676809
1787679000000,2026-08-25T17:30:00Z,366.687,367.119,366.51,367.119,5090.733435,1867079.2016121675
1787679300000,2026-08-25T17:35:00Z,367.124,367.125,366.925,367.057,4661.962582,1711330.940450888
1787679600000,2026-08-25T17:40:00Z,367.057,367.074,366.797,366.797,4170.178012,1530105.470807016
1787679900000,2026-08-25T17:45:00Z,366.796,366.796,366.5,366.654,7826.469466000001,2869591.5007390707666699
1787680200000,2026-08-25T17:50:00Z,366.662,366.705,366.453,366.687,2591.1567,949977.13932807
1787680500000,2026-08-25T17:55:00Z,366.43,366.692,366.33,366.43,3220.973892,1180403.5081942
1787680800000,2026-08-25T18:00:00Z,366.23,366.389,365.315,365.8,11359.877950999999,4155506.96979233
1787681100000,2026-08-25T18:05:00Z,365.555,365.762,365.265,365.555,6657.454104,2433254.20432409
1787681400000,2026-08-25T18:10:00Z,365.75,365.956,365.659,365.84,5133.676815999999,1877942.10217805
1787681700000,2026-08-25T18:15:00Z,366.06,366.39,365.807,366.28,4811.613866,1761701.68631207
1787682000000,2026-08-25T18:20:00Z,366.41,366.518,366.222,366.48,7423.306273,2719965.48585303
1787682300000,2026-08-25T18:25:00Z,366.165,366.403,366.165,366.36,4529.848400000001,1659154.3682406
1787682600000,2026-08-25T18:30:00Z,366.65,367.212,366.305,366.71,10940.776786999999,4013270.57722073
1787682900000,2026-08-25T18:35:00Z,367.09,367.607,366.611,367.42,12262.150333,4502303.54748788
1787683200000,2026-08-25T18:40:00Z,367.185,367.527,366.74,367.3,19394.557814,7120380.25447148
1787683500000,2026-08-25T18:45:00Z,367.53,368.514,367.4,368.06,12129.981229,4462065.803106899
1787683800000,2026-08-25T18:50:00Z,368.065,368.253,367.032,367.27,7546.393209,2774915.4512517308
1787684100000,2026-08-25T18:55:00Z,367.271,367.391,367.036,367.208,5619.334928,2063481.644068776
1787684400000,2026-08-25T19:00:00Z,367.191,367.191,366.69,367.014,10549.649175,3872361.6109299225
1787684700000,2026-08-25T19:05:00Z,367.012,367.65,366.696,367.569,8932.767085,3278387.64570105
1787685000000,2026-08-25T19:10:00Z,367.56,367.851,366.272,366.34,15086.412728,5539451.65508613
1787685300000,2026-08-25T19:15:00Z,366.06,366.392,365.811,366.2,19840.342288,7264918.29525467
1787685600000,2026-08-25T19:20:00Z,366.19,366.525,366.03,366.445,11765.050422,4309943.86381816
1787685900000,2026-08-25T19:25:00Z,366.14,367.302,366.039,366.965,17105.445433,6271056.42944937
1787686200000,2026-08-25T19:30:00Z,367.15,367.433,365.573,365.8,15363.955762,5628634.35806714
1787686500000,2026-08-25T19:35:00Z,365.84,366.39,365.805,366.39,14469.465894,5298149.76037317
1787686800000,2026-08-25T19:40:00Z,366.61,367.35,366.273,366.79,18273.691303,6703179.19956515
1787687100000,2026-08-25T19:45:00Z,366.84,366.875,366.39,366.67,24068.699429,8825048.58759668
1787687400000,2026-08-25T19:50:00Z,366.17,367.19,366.17,366.37,38699.785600999996,14197004.73779117
1787687700000,2026-08-25T19:55:00Z,366.38,366.553,365.13,366.478,54641.709036,19978331.777354995
1787688000000,2026-08-25T20:00:00Z,366.475,367.875,366.46,367.875,0,0
1787688300000,2026-08-25T20:05:00Z,367.875,367.875,367.875,367.875,31598,11624114.25
1787688600000,2026-08-25T20:10:00Z,367.875,367.875,367.875,367.875,6.613562,2432.96412075
1787688900000,2026-08-25T20:15:00Z,367.875,367.875,367.875,367.875,2.467404,907.6962465
1787689200000,2026-08-25T20:20:00Z,367.875,367.875,367.875,367.875,10,3678.75
1787689500000,2026-08-25T20:25:00Z,367.875,367.894,367.875,367.876,242,89027.7102
1787689800000,2026-08-25T20:30:00Z,367.875,368.113,367.875,367.879,1055,388308.8915
1787690100000,2026-08-25T20:35:00Z,367.877,367.877,367.875,367.875,10,3678.75
1787690400000,2026-08-25T20:40:00Z,368.075,369.074,368.075,369.074,16,5904.1856
1787690700000,2026-08-25T20:45:00Z,369.075,369.075,367.876,367.876,45.834459,16897.17123433
1787691000000,2026-08-25T20:50:00Z,367.875,367.875,367.875,367.875,18,6621.75
1787691300000,2026-08-25T20:55:00Z,367.875,367.875,366.77,366.77,2,735.75
1787691600000,2026-08-25T21:00:00Z,366.767,366.767,366.75,366.75,1,366.75
1787692200000,2026-08-25T21:10:00Z,366.75,366.75,366.75,366.75,11,4034.25
1787693100000,2026-08-25T21:25:00Z,366.75,366.75,366.75,366.75,1,366.75
1787693400000,2026-08-25T21:30:00Z,366.75,366.75,366.75,366.75,0,0
1787694000000,2026-08-25T21:40:00Z,366.75,366.75,366.75,366.75,4,1467
1787694300000,2026-08-25T21:45:00Z,366.75,366.75,366.75,366.75,14,5134.5
1787694900000,2026-08-25T21:55:00Z,366.75,367.464,366.75,367.464,14,5143.068
1787695200000,2026-08-25T22:00:00Z,367.465,367.465,367.465,367.465,19,6981.835
1787695500000,2026-08-25T22:05:00Z,367.465,367.465,367.465,367.465,17,6246.905
1787695800000,2026-08-25T22:10:00Z,367.465,367.465,367.465,367.465,18,6614.37
1787696100000,2026-08-25T22:15:00Z,367.465,367.465,367.465,367.465,16,5879.44
1787697000000,2026-08-25T22:30:00Z,367.465,367.465,367.465,367.465,218,80107.37
1787697300000,2026-08-25T22:35:00Z,367.465,367.465,367.465,367.465,70,25722.55
1787697600000,2026-08-25T22:40:00Z,367.465,367.465,367.465,367.465,0,0
1787697900000,2026-08-25T22:45:00Z,367.465,367.465,367.465,367.465,32,11758.88
1787698200000,2026-08-25T22:50:00Z,367.465,367.465,367.465,367.465,2,734.93
1787698500000,2026-08-25T22:55:00Z,367.465,367.465,367.465,367.465,2,734.93
1787698800000,2026-08-25T23:00:00Z,367.465,367.465,367.465,367.465,2,734.93
1787699100000,2026-08-25T23:05:00Z,367.465,367.465,367.465,367.465,49,18005.785
1787699400000,2026-08-25T23:10:00Z,367.465,367.465,367.465,367.465,49,18005.785
1787699700000,2026-08-25T23:15:00Z,367.465,367.465,367.465,367.465,11,4042.115
1787700000000,2026-08-25T23:20:00Z,367.346,367.346,366.75,366.75,0,0
1787700300000,2026-08-25T23:25:00Z,366.75,366.75,366.75,366.75,5,1833.75
1787700600000,2026-08-25T23:30:00Z,366.75,366.75,366.75,366.75,9.674492,3548.119941
1787700900000,2026-08-25T23:35:00Z,366.75,366.75,366.75,366.75,9.5,3484.125
1787701200000,2026-08-25T23:40:00Z,366.75,366.75,366.75,366.75,69,25305.75
1787701500000,2026-08-25T23:45:00Z,366.75,366.75,366.75,366.75,0,0
1787701800000,2026-08-25T23:50:00Z,366.75,366.75,366.75,366.75,44,16137
1787702100000,2026-08-25T23:55:00Z,366.75,366.75,365.982,365.982,7,2567.25
1787702400000,2026-08-26T00:00:00Z,365.21,365.21,364.99,364.99,20,7301.49
1787702700000,2026-08-26T00:05:00Z,365.18,365.18,364.99,364.99,73,26645.09
1787703900000,2026-08-26T00:25:00Z,364.98,364.98,364.16,364.16,208,75877.93
1787704200000,2026-08-26T00:30:00Z,363.27,363.27,363.27,363.27,3,1089.81
1787704500000,2026-08-26T00:35:00Z,363.17,363.19,362.92,362.92,93,33764.33
1787704800000,2026-08-26T00:40:00Z,362.96,363.02,362.9,362.9,32,11615.2
1787705100000,2026-08-26T00:45:00Z,362.9,362.9,362.89,362.89,24,8709.47
1787705400000,2026-08-26T00:50:00Z,362.34,362.34,360.44,361,62,22390.34
1787705700000,2026-08-26T00:55:00Z,361.19,361.19,360.09,360.09,39,14070.23
1787706900000,2026-08-26T01:15:00Z,360.76,360.77,360.76,360.77,10,3607.65
1787707200000,2026-08-26T01:20:00Z,360.97,360.99,360.6,360.6,58,20934.22
1787708100000,2026-08-26T01:35:00Z,360.58,360.58,360.58,360.58,2,721.16
1787709900000,2026-08-26T02:05:00Z,361.2,361.2,361.11,361.11,7,2527.86
1787710200000,2026-08-26T02:10:00Z,361.93,361.93,361.1,361.1,2,723.03
1787710500000,2026-08-26T02:15:00Z,362.01,362.48,361.72,362.25,42,15220.31
1787710800000,2026-08-26T02:20:00Z,362.68,362.79,362.68,362.68,158,57312.31
1787711400000,2026-08-26T02:30:00Z,362.75,363.16,362.75,362.98,43,15606.9
1787712300000,2026-08-26T02:45:00Z,364.26,364.26,364.26,364.26,6,2185.56
1787712600000,2026-08-26T02:50:00Z,364.42,364.42,364.24,364.24,2,728.66
1787713500000,2026-08-26T03:05:00Z,364.25,364.25,364.02,364.02,21,7646.16
1787715300000,2026-08-26T03:35:00Z,364.8,365.52,364.8,365.5,63,22991.66
1787715900000,2026-08-26T03:45:00Z,365.73,367,365.73,367,613,224728.6
1787716200000,2026-08-26T03:50:00Z,367.55,368,367.55,367.59,106,38982.89
1787716500000,2026-08-26T03:55:00Z,367.6,367.98,367.6,367.61,42,15441.26
1787717100000,2026-08-26T04:05:00Z,367.79,367.9,367.01,367.01,116,42632.12
1787718600000,2026-08-26T04:30:00Z,368,368.18,368,368.09,208,76556.88
1787720400000,2026-08-26T05:00:00Z,367.7,367.7,367.46,367.7,215,79049.48
1787721900000,2026-08-26T05:25:00Z,367.41,367.41,366.98,367.11,181,66468.21
1787724000000,2026-08-26T06:00:00Z,366.03,366.03,365.29,365.29,73,26672.49
1787726100000,2026-08-26T06:35:00Z,366.79,366.79,366.79,366.79,20,7335.8
1787726700000,2026-08-26T06:45:00Z,366.97,367.75,366.97,367.75,134,49257.06
1787729100000,2026-08-26T07:25:00Z,366.03,366.03,365.89,365.89,185,67702.45
1787729400000,2026-08-26T07:30:00Z,365.89,365.89,365.89,365.89,1,365.89
1787729700000,2026-08-26T07:35:00Z,365.17,365.17,365.17,365.17,6,2191.02
1787730900000,2026-08-26T07:55:00Z,366.33,366.34,365.1,365.36,99,36192.4
1787731200000,2026-08-26T08:00:00Z,365.981,367.931,363.68,363.68,2412.8318529999997,884083.54770906
1787731500000,2026-08-26T08:05:00Z,363.68,363.68,363.68,363.68,43,15638.24
1787731800000,2026-08-26T08:10:00Z,363.68,363.68,363.68,363.68,20,7273.6
1787732100000,2026-08-26T08:15:00Z,363.68,363.68,363.68,363.68,14,5091.52
1787732400000,2026-08-26T08:20:00Z,363.68,363.68,363.68,363.68,7,2545.76
1787732700000,2026-08-26T08:25:00Z,363.68,363.68,363.68,363.68,25,9092
1787733000000,2026-08-26T08:30:00Z,363.68,363.68,363.68,363.68,207,75281.76
1787733300000,2026-08-26T08:35:00Z,363.68,363.68,363.68,363.68,17,6182.56
1787733600000,2026-08-26T08:40:00Z,363.68,363.68,363.68,363.68,0,0
1787735400000,2026-08-26T09:10:00Z,363.68,363.68,363.68,363.68,0.013788,5.01441984
1787736000000,2026-08-26T09:20:00Z,363.68,367.807,363.68,367.807,109,39683.7172
1787736300000,2026-08-26T09:25:00Z,367.829,367.94,367.829,367.94,85,31274.6875
1787737500000,2026-08-26T09:45:00Z,367.94,367.94,367.94,367.94,11,4047.34
1787737800000,2026-08-26T09:50:00Z,367.94,367.94,367.94,367.94,12,4415.28
1787738100000,2026-08-26T09:55:00Z,367.94,367.94,367.94,367.94,317,116636.98
1787738400000,2026-08-26T10:00:00Z,367.94,367.94,367.94,367.94,0,0
1787738700000,2026-08-26T10:05:00Z,367.94,367.94,367.606,367.606,0,0
1787739000000,2026-08-26T10:10:00Z,367.606,367.606,367.605,367.605,210,77197.12
1787739300000,2026-08-26T10:15:00Z,367.605,367.605,367.605,367.605,3,1102.815
1787739600000,2026-08-26T10:20:00Z,367.605,367.605,367.605,367.605,1,367.605
1787740200000,2026-08-26T10:30:00Z,367.605,367.605,367.605,367.605,48,17645.04
1787740800000,2026-08-26T10:40:00Z,367.605,367.605,367.605,367.605,5,1838.025
1787742000000,2026-08-26T11:00:00Z,367.605,367.605,367.605,367.605,87,31981.635
1787742300000,2026-08-26T11:05:00Z,367.605,367.605,367.605,367.605,29,10660.545
1787742600000,2026-08-26T11:10:00Z,367.605,367.605,367.605,367.605,0,0
1787742900000,2026-08-26T11:15:00Z,367.605,367.605,367.605,367.605,0,0
1787743200000,2026-08-26T11:20:00Z,367.605,367.605,367.605,367.605,1,367.605
1787743500000,2026-08-26T11:25:00Z,367.661,367.94,367.611,367.611,38.3,14092.102
1787743800000,2026-08-26T11:30:00Z,367.61,367.61,367.61,367.61,4,1470.44
1787744100000,2026-08-26T11:35:00Z,367.61,367.61,367.416,367.416,73.1,26867.4664
1787744400000,2026-08-26T11:40:00Z,367.414,367.414,367.411,367.411,0,0
1787744700000,2026-08-26T11:45:00Z,367.41,367.41,367.41,367.41,3,1102.23
1787745000000,2026-08-26T11:50:00Z,367.411,367.94,367.411,367.417,13,4782.6909
1787745300000,2026-08-26T11:55:00Z,367.416,367.416,367.415,367.415,6,2204.49
1787745600000,2026-08-26T12:00:00Z,367.415,367.415,367.415,367.415,142,52172.93
1787745900000,2026-08-26T12:05:00Z,367.415,367.415,367.415,367.415,24.476987,8993.21217861
1787746200000,2026-08-26T12:10:00Z,367.399,367.399,367.32,367.32,0,0
1787746500000,2026-08-26T12:15:00Z,367.32,367.32,367.32,367.32,187,68688.84
1787746800000,2026-08-26T12:20:00Z,367.32,367.32,367.32,367.32,0,0
1787747100000,2026-08-26T12:25:00Z,367.32,367.32,367.32,367.32,0,0
1787747400000,2026-08-26T12:30:00Z,367.32,367.32,363.495,364.864,453.75,166340.380525
1787747700000,2026-08-26T12:35:00Z,365.077,369.1,361.965,363.84,1261.056396,458880.3585235368
1787748000000,2026-08-26T12:40:00Z,364.029,365.6,364.029,364.517,4,1460.618
1787748300000,2026-08-26T12:45:00Z,364.514,364.514,361.37,362.903,941,341679.8289
1787748600000,2026-08-26T12:50:00Z,362.946,364,361.524,361.524,198,71971.8714
1787748900000,2026-08-26T12:55:00Z,361.52,363.995,361.501,363.855,117,42491.7558
1787749200000,2026-08-26T13:00:00Z,363.855,363.855,363.855,363.855,69,25105.995
1787749500000,2026-08-26T13:05:00Z,363.748,363.922,361.726,361.726,144.1738,52383.41645776
1787749800000,2026-08-26T13:10:00Z,361.689,361.689,361.5,361.5,139,50248.5139
1787750100000,2026-08-26T13:15:00Z,361.5,361.733,361.5,361.733,92,33258
1787750400000,2026-08-26T13:20:00Z,361.928,362.9,361.928,362.495,88,31920.1608
1787750700000,2026-08-26T13:25:00Z,362.495,364.37,362.495,364.37,746,270745.4816
1787751000000,2026-08-26T13:30:00Z,366.525,366.525,361.432,363.115,39380.871440999996,14333542.41629794
1787751300000,2026-08-26T13:35:00Z,362.58,364.283,361.61,361.63,20462.540639,7423068.99985807
1787751600000,2026-08-26T13:40:00Z,361.926,363.8,361.67,362.904,14713.949661,5330695.6147931795
1787751900000,2026-08-26T13:45:00Z,362.837,362.837,359.15,359.15,13130.996104000002,4735710.9420583839213766
1787752200000,2026-08-26T13:50:00Z,359.129,361.064,359.076,360.774,15924.993372,5733785.732316213
1787752500000,2026-08-26T13:55:00Z,361.01,361.14,360.101,360.665,16077.290283000002,5797914.60926161
1787752800000,2026-08-26T14:00:00Z,360.38,361.81,359.79,360.775,18913.501503,6820766.59027614
1787753100000,2026-08-26T14:05:00Z,360.52,361.894,360.253,360.93,13680.59919,4940876.99510089
1787753400000,2026-08-26T14:10:00Z,360.41,361.411,358.505,358.93,12424.142792999999,4470072.39617924
1787753700000,2026-08-26T14:15:00Z,359.18,359.667,358.2,358.835,12279.520865000002,4409568.57490898
1787754000000,2026-08-26T14:20:00Z,358.755,359.048,357.285,358.55,19460.767936,6969011.92425884
1787754300000,2026-08-26T14:25:00Z,359.29,359.29,357.862,358.61,13385.834772000002,4799287.59281207
1787754600000,2026-08-26T14:30:00Z,358.43,360.911,357.987,360.63,13021.119621999998,4680639.36914615
1787754900000,2026-08-26T14:35:00Z,360.28,360.904,359.85,360.58,12094.308664999999,4358451.41165425
1787755200000,2026-08-26T14:40:00Z,360.71,361.229,360.543,360.55,10665.368737,3848810.54958432
1787755500000,2026-08-26T14:45:00Z,360.939,362.603,360.907,362.504,5353.834984,1935354.04707902
1787755800000,2026-08-26T14:50:00Z,362.495,363.767,362.29,362.505,19073.608036999998,6929787.6125374908733464
1787756100000,2026-08-26T14:55:00Z,362.507,363.387,361.683,362.385,14467.150115,5248292.6855007094
1787756400000,2026-08-26T15:00:00Z,362.411,363.729,362.23,363.722,1819.094083,659799.6404935991
1787756700000,2026-08-26T15:05:00Z,363.737,364.518,363.485,363.897,18352.976502,6681760.43120684
1787757000000,2026-08-26T15:10:00Z,363.87,364.27,363.464,363.55,8910.819151,3242908.17605002
1787757300000,2026-08-26T15:15:00Z,363.08,363.499,361.87,363.125,16322.370757,5920564.57757434
1787757600000,2026-08-26T15:20:00Z,363.11,363.615,362.54,363.125,10017.007164999999,3637132.22848069
1787757900000,2026-08-26T15:25:00Z,363.095,364.571,363.095,364.475,13982.267688,5086831.48027376
1787758200000,2026-08-26T15:30:00Z,364.29,364.435,363.98,364.09,10287.280585,3746264.44805235
1787758500000,2026-08-26T15:35:00Z,364.09,364.809,364.04,364.69,9508.910295000001,3466262.1502337
1787758800000,2026-08-26T15:40:00Z,364.315,364.899,364.255,364.745,7574.262188999999,2761279.84045781
1787759100000,2026-08-26T15:45:00Z,364.91,364.937,364.282,364.4,5536.275145,2018948.88928808
1787759400000,2026-08-26T15:50:00Z,364.565,364.684,362.66,362.735,10205.639274,3709238.57357137
1787759700000,2026-08-26T15:55:00Z,362.742,363.004,362.483,362.515,4443.054375,1611595.9356396325
1787760000000,2026-08-26T16:00:00Z,362.514,362.564,361.735,362.05,5529.254573,2001668.1200336198
1787760300000,2026-08-26T16:05:00Z,362.051,362.112,361.133,361.202,4931.697451,1783935.8097336766
1787760600000,2026-08-26T16:10:00Z,361.177,361.493,360.735,361.324,6738.210105,2432103.2333532835
1787760900000,2026-08-26T16:15:00Z,361.298,361.45,361.083,361.425,5464.32287,1974188.109986296
1787761200000,2026-08-26T16:20:00Z,361.431,362.07,361.4,361.915,5666.752669,2049647.8712960527
1787761500000,2026-08-26T16:25:00Z,361.815,362.17,361.66,361.98,4992.263855,1806680.32006908
1787761800000,2026-08-26T16:30:00Z,362.07,362.437,361.878,361.98,7534.237654,2728282.31736741
1787762100000,2026-08-26T16:35:00Z,361.82,362.066,361.69,361.71,6152.864155,2226733.22813639
1787762400000,2026-08-26T16:40:00Z,361.49,362.227,361.175,361.215,5969.105788999999,2159049.44030446
1787762700000,2026-08-26T16:45:00Z,361.36,361.825,361.175,361.57,4502.573251999999,1627657.71773174
1787763000000,2026-08-26T16:50:00Z,361.565,362.492,361.565,362.155,8188.06827,2964599.01846149
1787763300000,2026-08-26T16:55:00Z,362.17,363.185,362.136,363.1,4697.3548789999995,1703445.48517214
1787763600000,2026-08-26T17:00:00Z,363.045,364.071,362.745,363.45,6821.349782,2477810.96953792
1787763900000,2026-08-26T17:05:00Z,363.56,363.949,363.16,363.53,5771.286752000001,2097855.23167922
1787764200000,2026-08-26T17:10:00Z,363.739,364.442,363.702,364.225,7060.480146,2570011.184195712
1787764500000,2026-08-26T17:15:00Z,364.225,364.415,363.674,363.929,2622.615277,955430.0226567911
1787764800000,2026-08-26T17:20:00Z,363.937,364.237,363.86,364.218,6502.219564,2366941.1894812228
1787765100000,2026-08-26T17:25:00Z,364.228,364.266,363.86,364.066,5779.156386,2104210.6987050912
1787765400000,2026-08-26T17:30:00Z,364.07,364.31,364.015,364.299,3171.72896,1155095.573764928
1787765700000,2026-08-26T17:35:00Z,364.302,364.45,364.069,364.24,3460.908,1260783.76377194
1787766000000,2026-08-26T17:40:00Z,363.895,364.364,363.729,363.745,5155.2733929999995,1876895.33448235
1787766300000,2026-08-26T17:45:00Z,364,364.17,363.806,363.815,6504.246912,2367802.79372102
1787766600000,2026-08-26T17:50:00Z,363.99,364.054,363.76,363.87,6151.814673,2238513.7106707
1787766900000,2026-08-26T17:55:00Z,363.99,364.13,363.693,363.88,5654.714246,2057938.81610379
1787767200000,2026-08-26T18:00:00Z,363.87,364.027,363.705,363.77,7368.402347999999,2681130.98344371
1787767500000,2026-08-26T18:05:00Z,363.87,363.915,363.457,363.75,8131.281055,2957390.01549309
1787767800000,2026-08-26T18:10:00Z,363.34,363.81,363.175,363.175,4960.301931,1802667.4714319
1787768100000,2026-08-26T18:15:00Z,363.31,363.32,363.01,363.01,4575.0349289999995,1661618.37345083
1787768400000,2026-08-26T18:20:00Z,362.835,363.134,362.835,363.005,5401.693888999999,1960731.15545172
1787768700000,2026-08-26T18:25:00Z,362.93,363.37,362.85,363.36,18965.629983000003,6885893.00231377
1787769000000,2026-08-26T18:30:00Z,363.375,363.669,363.316,363.43,8705.152611,3164047.02076073
1787769300000,2026-08-26T18:35:00Z,363.371,363.757,363.371,363.383,4507.3857700000002,1638815.1724810720726986
1787769600000,2026-08-26T18:40:00Z,363.382,363.712,363.2,363.2,3847.19553,1398510.482578448
1787769900000,2026-08-26T18:45:00Z,363.201,364.08,363.201,363.608,12557.170009000001,4567845.1386992054636739
1787770200000,2026-08-26T18:50:00Z,363.602,363.968,363.525,363.801,2877.432926,1046515.448204728
1787770500000,2026-08-26T18:55:00Z,364.27,364.38,363.624,364.28,6867.64268,2499844.59874084
1787770800000,2026-08-26T19:00:00Z,364.6,364.892,364.075,364.87,11795.053098,4299833.52913696
1787771100000,2026-08-26T19:05:00Z,364.54,364.996,363.825,363.98,15815.543849,5764069.84903114
1787771400000,2026-08-26T19:10:00Z,364.07,364.187,363.163,363.275,8256.031834999998,3004337.78623234
1787771700000,2026-08-26T19:15:00Z,363.54,363.835,363.319,363.81,8221.443564,2989034.88435615
1787772000000,2026-08-26T19:20:00Z,363.67,363.849,362.95,363.29,13476.221916,4895410.10662752
1787772300000,2026-08-26T19:25:00Z,363.45,364.05,363.263,363.575,12851.247462,4672522.09359602
1787772600000,2026-08-26T19:30:00Z,363.41,363.533,362.895,362.99,14499.135171,5264330.04883799
1787772900000,2026-08-26T19:35:00Z,362.82,362.984,362.193,362.195,14415.433049000001,5227031.69893749
1787773200000,2026-08-26T19:40:00Z,362.15,363.152,362.034,362.77,24547.162424,8899441.18214411
1787773500000,2026-08-26T19:45:00Z,362.61,363.3,362.61,363.25,18405.885145,6679527.00912525
1787773800000,2026-08-26T19:50:00Z,363.137,363.137,361.51,361.628,22955.075217,8322974.9540903668
1787774100000,2026-08-26T19:55:00Z,361.54,363.19,360.95,363.096,66054.057192,23916941.2569044926
1787774400000,2026-08-26T20:00:00Z,363.097,366.322,362.893,362.893,1081389.691397,392659842.2571830599
1787774700000,2026-08-26T20:05:00Z,362.892,364.549,362.89,363.953,120136,43596273.002
1787775000000,2026-08-26T20:10:00Z,363.952,366.509,363.95,366.357,410.947406,149577.91077284
1787775300000,2026-08-26T20:15:00Z,366.356,366.356,366.355,366.355,139.346171,51050.16647671
1787775600000,2026-08-26T20:20:00Z,366.345,366.345,363.95,365.204,1077,393515.2293
1787775900000,2026-08-26T20:25:00Z,365.129,365.129,364.75,364.75,339,123656.2503
1787776200000,2026-08-26T20:30:00Z,364.78,364.929,363.95,363.95,119.413113,43552.72075401
1787776500000,2026-08-26T20:35:00Z,363.938,363.938,363.875,363.875,639,232517.403
1787776800000,2026-08-26T20:40:00Z,363.875,363.875,363.5,363.5,401,145845.9857
1787777100000,2026-08-26T20:45:00Z,363.5,363.5,363.5,363.5,61,22173.5
1787777400000,2026-08-26T20:50:00Z,363.787,366.828,363.787,366.828,282,102988.9944
1787777700000,2026-08-26T20:55:00Z,366.829,366.83,366.829,366.83,149.007411,54660.38857713
1787778000000,2026-08-26T21:00:00Z,366.83,366.83,366.83,366.83,718.003198,263385.11312234
1787778300000,2026-08-26T21:05:00Z,366.83,372.846,366.83,372.846,1922.5720350000001,710968.29208622
1787778600000,2026-08-26T21:10:00Z,372.847,372.927,369.585,371.688,708,262408.2602
1787778900000,2026-08-26T21:15:00Z,371.731,373.407,369.251,369.251,945,351097.0785
1787779200000,2026-08-26T21:20:00Z,369.25,370.99,369,370.937,466,172078.3754
1787779500000,2026-08-26T21:25:00Z,370.948,370.997,369,369,656,242151.576
1787779800000,2026-08-26T21:30:00Z,369,371.054,369,370.216,318,117644.7678
1787780100000,2026-08-26T21:35:00Z,370.189,371.125,370.073,371.125,3407,1264058.6667
1787780400000,2026-08-26T21:40:00Z,371.125,371.125,369.756,369.756,572,212237.6828
1787780700000,2026-08-26T21:45:00Z,369.754,372.497,369.75,372.497,461,170555.7551
1787781000000,2026-08-26T21:50:00Z,372.499,372.76,372.499,372.76,305,113677.3735
1787781300000,2026-08-26T21:55:00Z,372.758,374.649,372.755,372.769,177,66006.9993
1787781600000,2026-08-26T22:00:00Z,372.766,374.25,372.755,374.25,444,165583.14
1787781900000,2026-08-26T22:05:00Z,374.25,374.25,372.75,372.75,414,154918.6344
1787782200000,2026-08-26T22:10:00Z,372.75,372.75,372.75,372.75,36,13419
1787782500000,2026-08-26T22:15:00Z,372.75,374.744,372.75,374.744,881,329827.4585
1787782800000,2026-08-26T22:20:00Z,374.745,374.749,374.745,374.749,214.003073,80196.6271923069
1787783100000,2026-08-26T22:25:00Z,374.75,374.75,373.251,374.505,167,62551.8284
1787783400000,2026-08-26T22:30:00Z,374.505,374.505,374.505,374.505,112,41944.56
1787783700000,2026-08-26T22:35:00Z,374.546,374.75,374.546,374.75,139,52067.176
1787784000000,2026-08-26T22:40:00Z,374.75,374.75,373.5,373.5,180,67455
1787784300000,2026-08-26T22:45:00Z,373.52,374.749,373.52,374.749,45,16821.288
1787784600000,2026-08-26T22:50:00Z,374.75,374.75,374.75,374.75,200.5,75137.375
1787784900000,2026-08-26T22:55:00Z,374.75,374.75,373.075,373.075,26,9716.4522
1787785200000,2026-08-26T23:00:00Z,373.075,376.227,373.075,374.75,1331,496637.361
1787785500000,2026-08-26T23:05:00Z,374.75,374.75,374.75,374.75,11,4122.25
1787785800000,2026-08-26T23:10:00Z,374.75,374.75,372.85,372.85,60,22407.414
1787786100000,2026-08-26T23:15:00Z,372.85,373.25,372.85,373.25,234,87257.0556
1787786400000,2026-08-26T23:20:00Z,373.25,373.999,373.25,373.999,171,63927.6147
1787786700000,2026-08-26T23:25:00Z,373.999,374,373.999,374,111,41513.9334
1787787000000,2026-08-26T23:30:00Z,374,375.61,374,374.361,873.107411,327447.1475455
1787787300000,2026-08-26T23:35:00Z,374.361,375.602,374.355,375.602,39,14599.8705
1787787600000,2026-08-26T23:40:00Z,375.604,375.61,375.604,375.61,285,107048.679
1787787900000,2026-08-26T23:45:00Z,375.61,375.61,375.61,375.61,591,221985.51
1787788200000,2026-08-26T23:50:00Z,375.61,376.761,375.61,376.761,131,49230.717
1787788500000,2026-08-26T23:55:00Z,376.768,377.5,376.768,377.5,460.003012,173620.3628285
1787788800000,2026-08-27T00:00:00Z,376.56,376.56,376.3,376.3,66,24841.44
1787789100000,2026-08-27T00:05:00Z,376.32,376.32,376.31,376.31,26,9784.13
1787789400000,2026-08-27T00:10:00Z,375.01,375.01,374.86,374.86,8,2999.18
1787789700000,2026-08-27T00:15:00Z,374.48,374.73,373.55,374.06,104,38926.26
1787790000000,2026-08-27T00:20:00Z,374.28,374.3,373.99,373.99,89,33299.6
1787790300000,2026-08-27T00:25:00Z,374.5,374.71,374.48,374.71,15,5618.13
1787790600000,2026-08-27T00:30:00Z,374.38,374.38,374.38,374.38,3,1123.14
1787791200000,2026-08-27T00:40:00Z,372.11,372.11,372.1,372.1,304,113119.93
1787791500000,2026-08-27T00:45:00Z,371.1,371.11,369,369,352,130129.61
1787792100000,2026-08-27T00:55:00Z,369.57,370.92,369.57,370.92,15,5550.85
1787792400000,2026-08-27T01:00:00Z,369.74,371.3,369.73,370.77,894,331776.24
1787793000000,2026-08-27T01:10:00Z,372.12,372.12,371.99,371.99,97,36083.49
1787793600000,2026-08-27T01:20:00Z,371.07,371.07,370.71,371.07,220,81603.84
1787793900000,2026-08-27T01:25:00Z,371.82,371.83,371.28,371.28,22,8174.68
1787794200000,2026-08-27T01:30:00Z,371.6,371.6,371.59,371.59,10,3715.98
1787795100000,2026-08-27T01:45:00Z,373.4,373.41,373.4,373.41,12,4480.84
1787796000000,2026-08-27T02:00:00Z,373.4,373.41,373.33,373.39,38,14188.11
1787796300000,2026-08-27T02:05:00Z,373.19,373.19,373.02,373.02,44,16414.2
1787796600000,2026-08-27T02:10:00Z,373.79,374.48,373.79,374.48,60,22454.28
1787798100000,2026-08-27T02:35:00Z,374.41,374.41,374.41,374.41,6,2246.46
1787798700000,2026-08-27T02:45:00Z,373.79,373.79,373.79,373.79,1,373.79
1787799000000,2026-08-27T02:50:00Z,374.31,374.31,373.85,373.85,11,4116.95
1787799300000,2026-08-27T02:55:00Z,373.9,374.59,373.9,374.48,29,10857.52
1787799600000,2026-08-27T03:00:00Z,374.72,374.84,374.72,374.84,24,8994.89
1787799900000,2026-08-27T03:05:00Z,373.86,374.09,373.86,374.01,16,5984.36
1787800200000,2026-08-27T03:10:00Z,374.15,374.23,374.07,374.23,53,19830.5
1787800500000,2026-08-27T03:15:00Z,374.89,375.01,374.64,374.94,44,16497.7
1787801100000,2026-08-27T03:25:00Z,375.24,375.24,375.24,375.24,11,4127.64
1787801400000,2026-08-27T03:30:00Z,375.36,375.36,374.3,374.3,257,96262.19
1787802600000,2026-08-27T03:50:00Z,374.08,374.19,374.02,374.02,6,2244.64
1787802900000,2026-08-27T03:55:00Z,374.03,374.04,373.75,373.84,156,58338.15
1787803200000,2026-08-27T04:00:00Z,373.93,373.93,373.76,373.8,7,2616.87
1787803500000,2026-08-27T04:05:00Z,373.79,373.81,373.39,373.43,94,35113.57
1787803800000,2026-08-27T04:10:00Z,373.61,373.7,373.4,373.4,45,16808.11
1787804700000,2026-08-27T04:25:00Z,373.59,373.59,373.23,373.23,12,4480.02
1787805000000,2026-08-27T04:30:00Z,373.38,373.38,372.99,373.01,28,10448.11
1787805300000,2026-08-27T04:35:00Z,373.39,373.39,372.37,372.37,63,23491.12
1787805600000,2026-08-27T04:40:00Z,372.02,372.36,371.99,372.32,40,14890.08
1787806500000,2026-08-27T04:55:00Z,372.38,372.38,372.38,372.38,5,1861.9
1787806800000,2026-08-27T05:00:00Z,372.37,372.39,371.99,371.99,204,75960.62
1787807100000,2026-08-27T05:05:00Z,371.73,371.73,371.65,371.72,6,2230.05
1787807400000,2026-08-27T05:10:00Z,371.73,372.17,371.54,371.54,96,35719.11
1787807700000,2026-08-27T05:15:00Z,370.81,370.81,370.77,370.77,10,3707.78
1787808000000,2026-08-27T05:20:00Z,371.74,371.97,371.74,371.9,47,17477.54
1787808300000,2026-08-27T05:25:00Z,371.9,372.12,371.75,371.75,316,117575.64
1787808900000,2026-08-27T05:35:00Z,371.37,371.38,371.37,371.38,4,1485.5
1787809200000,2026-08-27T05:40:00Z,371.55,371.57,371.38,371.42,30,11143.85
1787809800000,2026-08-27T05:50:00Z,371.56,371.57,371.38,371.38,41,15228.72
1787810100000,2026-08-27T05:55:00Z,371.56,371.57,371.37,371.37,35,13000.04
1787810400000,2026-08-27T06:00:00Z,371.39,371.39,371.37,371.37,20,7427.6
1787810700000,2026-08-27T06:05:00Z,371.37,371.38,371.37,371.37,69,25624.58
1787811000000,2026-08-27T06:10:00Z,371.23,371.23,370.26,370.57,311,115284.55
1787813700000,2026-08-27T06:55:00Z,373.27,373.27,373.11,373.25,11,4104.67
1787814000000,2026-08-27T07:00:00Z,372.86,372.89,372.14,372.14,56,20864.15
1787814300000,2026-08-27T07:05:00Z,372.51,372.51,372.51,372.51,6,2235.06
1787814600000,2026-08-27T07:10:00Z,373,373,373,373,1,373
1787815200000,2026-08-27T07:20:00Z,373,373.31,373,373.31,13,4852.1
1787815800000,2026-08-27T07:30:00Z,373.84,373.84,373.83,373.83,13,4859.87
1787816700000,2026-08-27T07:45:00Z,373.05,373.05,372.99,373,15,5595.64
1787817300000,2026-08-27T07:55:00Z,372.43,374.18,372.19,372.79,46,17151.34
1787817600000,2026-08-27T08:00:00Z,377.098,377.098,375.09,375.09,2896.822544,1087008.90569114
1787817900000,2026-08-27T08:05:00Z,375.09,375.09,375.09,375.09,251,94147.59
1787818200000,2026-08-27T08:10:00Z,375.09,375.09,375.09,375.09,981,367963.29
1787818500000,2026-08-27T08:15:00Z,375.09,375.09,375.09,375.09,136,51012.24
1787818800000,2026-08-27T08:20:00Z,375.09,375.09,375.09,375.09,235,88146.15
1787819100000,2026-08-27T08:25:00Z,375.325,376.5,375.325,376.5,659,248067.2409
1787819400000,2026-08-27T08:30:00Z,376.5,376.5,376.5,376.5,194,73041
1787819700000,2026-08-27T08:35:00Z,376.5,376.5,376.5,376.5,316,118974
1787820000000,2026-08-27T08:40:00Z,376.5,376.5,376.5,376.5,444,167166
1787820300000,2026-08-27T08:45:00Z,376.5,376.5,376.5,376.5,326,122739
1787820600000,2026-08-27T08:50:00Z,376.5,376.5,376.5,376.5,380,143070
1787820900000,2026-08-27T08:55:00Z,376.5,376.5,376.5,376.5,81,30496.5
1787821200000,2026-08-27T09:00:00Z,376.5,376.5,376.5,376.5,580,218370
1787821500000,2026-08-27T09:05:00Z,376.5,376.5,376.5,376.5,32,12048
1787821800000,2026-08-27T09:10:00Z,376.5,376.5,376.5,376.5,22,8283
1787822100000,2026-08-27T09:15:00Z,376.5,376.5,376.5,376.5,134,50451
1787822400000,2026-08-27T09:20:00Z,376.5,376.5,376.5,376.5,86,32379
1787822700000,2026-08-27T09:25:00Z,376.5,376.5,375.908,375.908,200,75300
1787823000000,2026-08-27T09:30:00Z,375.906,375.906,375.9,375.9,37,13908.3
1787823300000,2026-08-27T09:35:00Z,375.9,375.9,375.9,375.9,131,49242.9
1787823600000,2026-08-27T09:40:00Z,375.9,375.9,375.9,375.9,516.087765,193997.3908635
1787823900000,2026-08-27T09:45:00Z,375.9,375.9,375.9,375.9,649,243959.1
1787824200000,2026-08-27T09:50:00Z,375.9,375.9,375.9,375.9,0,0
1787824500000,2026-08-27T09:55:00Z,375.9,375.9,375.9,375.9,92,34582.8
1787824800000,2026-08-27T10:00:00Z,375.9,375.9,375.9,375.9,12,4510.8
1787825100000,2026-08-27T10:05:00Z,375.9,375.9,375.9,375.9,21,7893.9
1787825400000,2026-08-27T10:10:00Z,375.9,375.9,375.9,375.9,79,29696.1
1787825700000,2026-08-27T10:15:00Z,375.9,375.9,375.75,375.75,23.053328,8663.64353169
1787826000000,2026-08-27T10:20:00Z,375.75,375.75,375.201,375.201,1358,510116.2682
1787826300000,2026-08-27T10:25:00Z,375.2,375.2,375.2,375.2,292,109558.4
1787826600000,2026-08-27T10:30:00Z,375.2,375.2,375.2,375.2,257,96426.4
1787826900000,2026-08-27T10:35:00Z,375.2,375.2,375.2,375.2,282.35,105937.72
1787827200000,2026-08-27T10:40:00Z,375.2,375.2,373.4,373.4,1,375.2
1787827500000,2026-08-27T10:45:00Z,373.4,373.4,373.4,373.4,27,10081.8
1787827800000,2026-08-27T10:50:00Z,373.4,373.4,373.4,373.4,66,24644.4
1787828100000,2026-08-27T10:55:00Z,373.5,374,373.5,374,4,1496
1787828400000,2026-08-27T11:00:00Z,374,376.249,374,376.249,309,115983.3663
1787828700000,2026-08-27T11:05:00Z,376.249,376.25,376.249,376.25,93,34991.2407
1787829000000,2026-08-27T11:10:00Z,376.25,376.25,376.25,376.25,156,58695
1787829300000,2026-08-27T11:15:00Z,376.25,376.25,376.25,376.25,76,28595
1787829600000,2026-08-27T11:20:00Z,376.25,376.25,376.25,376.25,89,33486.25
1787829900000,2026-08-27T11:25:00Z,376.25,376.25,375.25,375.25,498,187277.4816
1787830200000,2026-08-27T11:30:00Z,375.25,375.25,374.25,374.749,589,220758.2013
1787830500000,2026-08-27T11:35:00Z,374.75,374.75,374.261,374.75,456.754,171165.9123268
1787830800000,2026-08-27T11:40:00Z,374,374.75,374,374,427,160013.98
1787831100000,2026-08-27T11:45:00Z,374.675,374.675,373.225,373.435,293,109650.1518
1787831400000,2026-08-27T11:50:00Z,373.435,373.435,373.435,373.435,126.3852,47196.657162
1787831700000,2026-08-27T11:55:00Z,373.435,373.435,373.435,373.435,155,57882.425
1787832000000,2026-08-27T12:00:00Z,373.435,373.435,373.435,373.435,162,60496.47
1787832300000,2026-08-27T12:05:00Z,373.435,373.435,373.435,373.435,29,10829.615
1787832600000,2026-08-27T12:10:00Z,373.435,373.435,373.435,373.435,62.438502,23316.72199437
1787832900000,2026-08-27T12:15:00Z,373.435,373.435,373.435,373.435,268,100080.58
1787833200000,2026-08-27T12:20:00Z,373.435,373.435,373.435,373.435,61,22779.535
1787833500000,2026-08-27T12:25:00Z,373.435,374.93,373.435,374.93,153,57333.8766
1787833800000,2026-08-27T12:30:00Z,374.93,374.93,374.666,374.666,102,38238.2088
1787834100000,2026-08-27T12:35:00Z,374.404,374.404,372.301,372.301,1744,651720.0688
1787834400000,2026-08-27T12:40:00Z,372.3,372.3,372,372,22,8188.3516
1787834700000,2026-08-27T12:45:00Z,372,372.51,372,372.51,55,20460.3905
1787835000000,2026-08-27T12:50:00Z,372.51,372.51,372.51,372.51,23,8567.73
1787835600000,2026-08-27T13:00:00Z,372.51,372.51,372.3,372.3,138,51397.1478
1787835900000,2026-08-27T13:05:00Z,372.6,373.755,372.6,373.75,464,173049.032
1787836200000,2026-08-27T13:10:00Z,373.751,373.765,372.55,372.55,1116,417088.3716
1787836500000,2026-08-27T13:15:00Z,372.55,372.76,372.55,372.76,250,93185.725
1787836800000,2026-08-27T13:20:00Z,372.76,372.76,372.76,372.76,520,193835.2
1787837100000,2026-08-27T13:25:00Z,372.503,372.503,366.89,366.89,2046.4238420000001,757039.5065002
1787837400000,2026-08-27T13:30:00Z,366.89,372.01,366.89,369.988,57684.129473,21251345.0925015409
1787837700000,2026-08-27T13:35:00Z,369.989,369.989,365.751,367.445,11797.594441,4339821.7224444063
1787838000000,2026-08-27T13:40:00Z,367.471,369.28,367.392,367.62,25253.462685,9291847.893825016
1787838300000,2026-08-27T13:45:00Z,367.63,368.36,363.83,364.73,18035.930070000002,6618008.5739179697339134
1787838600000,2026-08-27T13:50:00Z,365.2,367.231,364.34,366.192,13659.144267,5004587.3267011636
1787838900000,2026-08-27T13:55:00Z,364.915,366.184,361.5,362.07,25320.184975,9193255.2927415
1787839200000,2026-08-27T14:00:00Z,362.915,363.622,362.444,362.62,11844.340628999998,4299508.67710169
1787839500000,2026-08-27T14:05:00Z,362.8,363.387,360.59,362.195,19788.902842000003,7165126.36322568
1787839800000,2026-08-27T14:10:00Z,362.89,366.671,362.252,365.87,20224.276874,7376788.81037
1787840100000,2026-08-27T14:15:00Z,365.66,367.21,365.267,366.56,19990.990849,7327185.92633522
1787840400000,2026-08-27T14:20:00Z,366.925,369.5,366.69,368.81,39149.89767,14423515.25481676
1787840700000,2026-08-27T14:25:00Z,368.63,370.222,368.161,369.675,18554.359001,6850057.82347659
1787841000000,2026-08-27T14:30:00Z,369.15,369.575,366.56,367.74,17661.317516,6489285.53198162
1787841300000,2026-08-27T14:35:00Z,367.53,368.42,365.498,367.08,15335.945701,5630613.93444613
1787841600000,2026-08-27T14:40:00Z,365.494,365.943,363.709,364.657,3918.0597479999997,1431354.2263100954903906
1787841900000,2026-08-27T14:45:00Z,364.729,366.323,364.714,366.252,5569.070751,2032775.1510928261
1787842200000,2026-08-27T14:50:00Z,366.192,366.192,363.852,364.647,6250.520596,2283052.4401126936
1787842500000,2026-08-27T14:55:00Z,364.646,365.129,363.885,364.718,4010.727304,1461839.9709916328
1787842800000,2026-08-27T15:00:00Z,364.9,364.97,364.084,364.32,7503.1833480000005,2735430.30095202
1787843100000,2026-08-27T15:05:00Z,364.99,366.557,364.621,366.36,7451.512121,2722175.97592675
1787843400000,2026-08-27T15:10:00Z,366.16,366.609,365.78,366.58,8456.346922,3097119.30185396
1787843700000,2026-08-27T15:15:00Z,366.36,366.677,365.923,366.23,8389.826880999999,3072923.43408473
1787844000000,2026-08-27T15:20:00Z,366.14,367.196,365.717,365.81,9452.531682,3460849.75321165
1787844300000,2026-08-27T15:25:00Z,366.26,366.445,365.332,366.26,7406.974797,2709966.16665904
1787844600000,2026-08-27T15:30:00Z,366.47,367.56,366.437,367.11,8991.630096,3300975.77013818
1787844900000,2026-08-27T15:35:00Z,366.38,367.672,366.336,366.38,5215.650399,1914376.83600584
1787845200000,2026-08-27T15:40:00Z,366.416,366.515,365.621,366.234,6883.916808,2520219.2155987104
1787845500000,2026-08-27T15:45:00Z,366.227,366.227,364.877,365.063,9382.270659,3430517.6421947965
1787845800000,2026-08-27T15:50:00Z,365.067,367.478,364.948,367.448,4081.176227,1492865.8406649281
1787846100000,2026-08-27T15:55:00Z,367.446,367.935,367.252,367.254,3224.438256,1184900.2782767634
1787846400000,2026-08-27T16:00:00Z,367.251,368.32,367.245,368.259,2109.357654,775034.8122491242
1787846700000,2026-08-27T16:05:00Z,368.278,368.37,366.753,366.753,7575.132882,2787043.3727223038
1787847000000,2026-08-27T16:10:00Z,366.745,367.068,365.956,366.011,2600.41271,953946.320269782
1787847300000,2026-08-27T16:15:00Z,365.991,366.26,364.65,365.191,3149.636475,1152927.2663465775
1787847600000,2026-08-27T16:20:00Z,365.175,365.303,364.722,365.094,2921.827451,1066550.0180670054
1787847900000,2026-08-27T16:25:00Z,364.76,365.514,364.531,364.76,5509.363703999999,2010657.1590568
1787848200000,2026-08-27T16:30:00Z,365.43,366.186,365.362,366.155,4163.41044,1522729.481395
1787848500000,2026-08-27T16:35:00Z,366.15,366.765,365.04,366.41,4555.648243,1669438.71019409
1787848800000,2026-08-27T16:40:00Z,366.638,366.638,366.062,366.258,5789.990389,2120737.9937156
1787849100000,2026-08-27T16:45:00Z,366.53,366.54,366.03,366.105,4187.148144000001,1533933.24994702
1787849400000,2026-08-27T16:50:00Z,366.12,366.411,365.588,365.99,7143.507912,2615355.40011296
1787849700000,2026-08-27T16:55:00Z,366,366.63,366,366.629,3095.598883,1134010.73880939
1787850000000,2026-08-27T17:00:00Z,366.63,366.786,366.409,366.583,8103.889942,2970636.598182149
1787850300000,2026-08-27T17:05:00Z,366.581,366.678,365.787,365.964,10124.1506849999998,3707857.9506668279266872
1787850600000,2026-08-27T17:10:00Z,365.978,366.419,365.82,366.014,3559.275443,1303153.2867711073
1787850900000,2026-08-27T17:15:00Z,366.011,366.51,365.995,366.46,1179.00822,431707.62099407
1787851200000,2026-08-27T17:20:00Z,366.46,366.493,365.799,366.433,3292.912875,1205714.4607558961
1787851500000,2026-08-27T17:25:00Z,366.429,366.429,364.688,364.873,5907.072221,2159014.9944197468
1787851800000,2026-08-27T17:30:00Z,364.86,365.728,364.714,365.01,7375.3905079999995,2692464.48408478
1787852100000,2026-08-27T17:35:00Z,365.42,365.609,364.921,364.945,3962.159169,1447244.01210354
1787852400000,2026-08-27T17:40:00Z,365.105,365.146,364.687,364.77,3830.3230519999997,1397930.40538243
1787852700000,2026-08-27T17:45:00Z,364.57,365,364.396,364.77,3668.492008,1337707.17318558
1787853000000,2026-08-27T17:50:00Z,365.32,365.9,364.801,365.47,2207.010758,806184.39351882
1787853300000,2026-08-27T17:55:00Z,365.71,365.712,364.3,364.81,9748.88522,3559753.76899133
1787853600000,2026-08-27T18:00:00Z,364.56,364.748,364.03,364.45,4666.373509,1701035.93505988
1787853900000,2026-08-27T18:05:00Z,364.2,364.601,364.14,364.41,7886.802068000001,2873941.20941672
1787854200000,2026-08-27T18:10:00Z,364.585,364.691,364.236,364.445,7544.037697,2749343.06306452
1787854500000,2026-08-27T18:15:00Z,364.621,364.778,364.2,364.747,5166.737068,1882914.3562484388
1787854800000,2026-08-27T18:20:00Z,364.743,364.743,364.18,364.349,6926.866004,2524668.3107198468
1787855100000,2026-08-27T18:25:00Z,364.356,364.515,363.8,364.335,10540.636121,3838542.8300602185
1787855400000,2026-08-27T18:30:00Z,364.336,365.522,364.16,364.392,7947.551595,2901165.052603961
1787855700000,2026-08-27T18:35:00Z,364.396,364.997,364.378,364.916,4320.505228,1575378.7120852628
1787856000000,2026-08-27T18:40:00Z,364.924,365.069,364.6,364.981,4440.76213,1620060.647425892
1787856300000,2026-08-27T18:45:00Z,364.981,365.229,364.446,364.446,2391.29716,872883.528607296
1787856600000,2026-08-27T18:50:00Z,364.438,364.736,364.241,364.604,2551.0077209999999,929552.0796544051635659
1787856900000,2026-08-27T18:55:00Z,364.38,364.855,364.13,364.855,6126.9618359999995,2233364.59208007
1787857200000,2026-08-27T19:00:00Z,364.855,365.052,364.419,364.64,6383.588089,2328442.48160915
1787857500000,2026-08-27T19:05:00Z,364.41,365.091,364.298,364.315,6058.6918350000005,2209500.09685575
1787857800000,2026-08-27T19:10:00Z,365.44,365.783,364.674,365.205,11457.584590999999,4185437.31895695
1787858100000,2026-08-27T19:15:00Z,365.36,365.55,365.076,365.36,11063.151115,4041396.76018729
1787858400000,2026-08-27T19:20:00Z,365.41,365.42,364.952,365.28,11463.574189,4187226.37714122
1787858700000,2026-08-27T19:25:00Z,365.03,365.508,364.551,365,15463.577100000002,5645680.86675534
1787859000000,2026-08-27T19:30:00Z,364.26,365.594,364.24,365.165,19936.422477,7274585.24849455
1787859300000,2026-08-27T19:35:00Z,365.248,365.534,365.11,365.166,11955.0289,4367187.69558861
1787859600000,2026-08-27T19:40:00Z,365.165,365.56,364.916,365.468,11284.542954,4121040.8043740106
1787859900000,2026-08-27T19:45:00Z,365.467,367.03,365.464,366.795,14901.895589,5453432.1729841089
1787860200000,2026-08-27T19:50:00Z,366.51,368.93,366.44,368.52,46469.23406,17070948.105719186
1787860500000,2026-08-27T19:55:00Z,368.52,372.07,368.44,372.055,71571.154457,26466500.9276118861
1787860800000,2026-08-27T20:00:00Z,371.614,371.674,368.442,370.794,727181.545267,270201755.50104026
1787861100000,2026-08-27T20:05:00Z,370.795,370.795,368.441,370.795,466,172786.043
1787861400000,2026-08-27T20:10:00Z,371.012,372.067,371.012,371.935,176.387358,65599.76370665
1787861700000,2026-08-27T20:15:00Z,371.935,371.935,371.935,371.935,793.266673,295043.64002226
1787862000000,2026-08-27T20:20:00Z,371.935,371.935,371.935,371.935,201,74758.935
1787862300000,2026-08-27T20:25:00Z,371.763,371.763,370.925,370.925,95,35258.642
1787862600000,2026-08-27T20:30:00Z,370.925,370.925,369.465,369.465,49,18132.0433
1787862900000,2026-08-27T20:35:00Z,369.465,369.465,369.465,369.465,16,5911.44
1787863200000,2026-08-27T20:40:00Z,369.465,369.465,369.465,369.465,883,326237.595
1787863500000,2026-08-27T20:45:00Z,369.465,369.465,369.465,369.465,525497,194152749.105
1787863800000,2026-08-27T20:50:00Z,369.465,369.465,369.465,369.465,8,2955.72
1787864100000,2026-08-27T20:55:00Z,369.465,369.465,369.465,369.465,306,113056.29
1787864400000,2026-08-27T21:00:00Z,369.465,369.589,369.465,369.589,72,26601.48
1787864700000,2026-08-27T21:05:00Z,369.59,369.6,369.59,369.6,50,18479.5
1787865000000,2026-08-27T21:10:00Z,369.6,370.995,369.6,370.95,2,739.2
1787865300000,2026-08-27T21:15:00Z,370.95,370.95,370.95,370.95,2483,921068.85
1787865600000,2026-08-27T21:20:00Z,370.916,370.916,370.746,370.746,35,12977.0585
1787865900000,2026-08-27T21:25:00Z,370.745,370.945,370.745,370.945,65,24104.9055
1787866200000,2026-08-27T21:30:00Z,370.945,370.945,370.945,370.945,3,1112.835
1787867100000,2026-08-27T21:45:00Z,370.945,370.945,370.945,370.945,22,8160.79
1787867700000,2026-08-27T21:55:00Z,370.945,370.945,370.945,370.945,20,7418.9
1787868000000,2026-08-27T22:00:00Z,370.945,370.945,370.945,370.945,48,17805.36
1787868300000,2026-08-27T22:05:00Z,370.945,370.945,370.945,370.945,32,11870.24
1787868900000,2026-08-27T22:15:00Z,370.663,370.663,369.25,369.25,8,2956.8264
1787869200000,2026-08-27T22:20:00Z,369.25,369.25,369.25,369.25,0,0
1787869500000,2026-08-27T22:25:00Z,369.25,369.25,369.25,369.25,3,1107.75
1787869800000,2026-08-27T22:30:00Z,369.25,369.25,369.25,369.25,52,19201
1787870100000,2026-08-27T22:35:00Z,369.25,369.25,369.25,369.25,14,5169.5
1787870400000,2026-08-27T22:40:00Z,369.284,369.455,369.284,369.455,2,738.672
1787870700000,2026-08-27T22:45:00Z,369.455,369.455,369.455,369.455,12,4433.46
1787871000000,2026-08-27T22:50:00Z,369.455,369.455,369.455,369.455,241,89038.655
1787871300000,2026-08-27T22:55:00Z,369.455,369.455,369.455,369.455,13,4802.915
1787871600000,2026-08-27T23:00:00Z,369.455,369.455,369.455,369.455,28,10344.74
1787871900000,2026-08-27T23:05:00Z,369.455,369.455,369.455,369.455,22,8128.01
1787872200000,2026-08-27T23:10:00Z,369.455,369.455,369.455,369.455,13,4802.915
1787872500000,2026-08-27T23:15:00Z,369.455,369.455,369.455,369.455,920,339898.6
1787872800000,2026-08-27T23:20:00Z,369.455,369.944,369.455,369.944,62,22922.02
1787873100000,2026-08-27T23:25:00Z,369.945,369.945,369.945,369.945,1,369.945
1787873400000,2026-08-27T23:30:00Z,369.945,369.945,369.945,369.945,0,0
1787873700000,2026-08-27T23:35:00Z,369.945,369.945,369.945,369.945,0,0
1787874000000,2026-08-27T23:40:00Z,369.945,369.945,369.945,369.945,0,0
1787874300000,2026-08-27T23:45:00Z,369.945,369.945,369.945,369.945,162,59931.09
1787874600000,2026-08-27T23:50:00Z,369.945,369.945,369.945,369.945,46,17017.47
1787874900000,2026-08-27T23:55:00Z,369.945,369.945,369.945,369.945,2,739.89
1787875200000,2026-08-28T00:00:00Z,369.54,369.87,369.54,369.78,50,18485.86
1787875500000,2026-08-28T00:05:00Z,369.84,369.84,369.55,369.55,26,9613.88
1787876100000,2026-08-28T00:15:00Z,370.24,370.24,370.24,370.24,2,740.48
1787876400000,2026-08-28T00:20:00Z,370.24,370.24,370.24,370.24,6,2221.44
1787876700000,2026-08-28T00:25:00Z,370.78,371.01,370.78,371.01,24,8900.75
1787877300000,2026-08-28T00:35:00Z,371.11,371.11,371.01,371.01,57,21151.15
1787877600000,2026-08-28T00:40:00Z,371.51,371.51,371.51,371.51,1,371.51
1787878200000,2026-08-28T00:50:00Z,371.3,371.3,371.3,371.3,5,1856.5
1787880000000,2026-08-28T01:20:00Z,371.86,372,371.86,372,5,1859.68
1787880600000,2026-08-28T01:30:00Z,372.05,372.72,371.96,372.68,53,19746.34
1787880900000,2026-08-28T01:35:00Z,371.96,372.08,371.96,372.05,8,2976.25
1787882100000,2026-08-28T01:55:00Z,373.05,373.23,372.68,372.73,77,28705.37
1787882400000,2026-08-28T02:00:00Z,373.27,373.29,373.27,373.29,52,19411.04
1787882700000,2026-08-28T02:05:00Z,373.4,373.51,373.4,373.51,13,4855.41
1787883000000,2026-08-28T02:10:00Z,374.6,374.6,374.6,374.6,6,2247.6
1787884200000,2026-08-28T02:30:00Z,373.31,373.31,373.23,373.3,66,24636.53
1787884500000,2026-08-28T02:35:00Z,373.16,373.23,373.11,373.21,29,10822.87
1787884800000,2026-08-28T02:40:00Z,373.02,373.29,373,373,3,1119.31
1787885100000,2026-08-28T02:45:00Z,372.41,372.41,372.41,372.41,5,1862.05
1787886000000,2026-08-28T03:00:00Z,373.42,373.61,373.42,373.59,79,29507.34
1787886300000,2026-08-28T03:05:00Z,374.08,374.08,374.08,374.08,5,1870.4
1787886600000,2026-08-28T03:10:00Z,374.61,374.61,373.54,373.54,20,7476.15
1787887800000,2026-08-28T03:30:00Z,373.51,373.51,373.12,373.12,89,33213.84
1787888400000,2026-08-28T03:40:00Z,373.1,373.1,372.99,373,54,20146.59
1787889300000,2026-08-28T03:55:00Z,373.21,373.21,373.08,373.08,23,8582.78
1787890800000,2026-08-28T04:20:00Z,372.28,372.28,372.09,372.11,347,129123.27
1787891100000,2026-08-28T04:25:00Z,372.08,372.08,371.82,372,127,47251.32
1787891400000,2026-08-28T04:30:00Z,372,372,371.56,371.56,8,2972.92
1787893200000,2026-08-28T05:00:00Z,371,371,370.91,370.91,12,4451.8
1787893800000,2026-08-28T05:10:00Z,370.62,370.62,369.53,369.53,563,208425.76
1787894100000,2026-08-28T05:15:00Z,369.66,369.69,369.53,369.53,38,14047.18
1787894400000,2026-08-28T05:20:00Z,369.34,369.34,369.34,369.34,1,369.34
1787894700000,2026-08-28T05:25:00Z,368.85,368.85,368.67,368.67,8,2950.44
1787895300000,2026-08-28T05:35:00Z,369.38,369.38,368.6,368.6,20,7373.65
1787895900000,2026-08-28T05:45:00Z,369.01,369.56,368.19,368.19,670,246866.95
1787898000000,2026-08-28T06:20:00Z,369.43,369.49,369.28,369.49,66,24382.1
1787898900000,2026-08-28T06:35:00Z,369.31,369.72,369.31,369.44,205,75748.49
1787899200000,2026-08-28T06:40:00Z,369.6,369.6,369.6,369.6,32,11827.2
1787899800000,2026-08-28T06:50:00Z,370,370.01,370,370.01,68,25160.18
1787900100000,2026-08-28T06:55:00Z,369.99,369.99,369.99,369.99,309,114326.91
1787900700000,2026-08-28T07:05:00Z,370,370,369.83,369.98,107,39585.42
1787901300000,2026-08-28T07:15:00Z,368.99,368.99,368.87,368.87,442,163093.34
1787901600000,2026-08-28T07:20:00Z,369.09,370.35,369.09,370.35,150,55485.56
1787903100000,2026-08-28T07:45:00Z,368.8,369.62,368.8,369.18,133,49119.91
1787903700000,2026-08-28T07:55:00Z,368.94,368.94,368.76,368.77,27,9959.68
1787904000000,2026-08-28T08:00:00Z,369.945,369.945,368.174,368.174,3966.078488,1466881.09812052
1787904300000,2026-08-28T08:05:00Z,368.171,368.171,368.16,368.16,86,31661.7944
1787904600000,2026-08-28T08:10:00Z,368.16,368.16,368.16,368.16,34,12517.44
1787904900000,2026-08-28T08:15:00Z,368.16,368.16,368.16,368.16,271,99771.36
1787905200000,2026-08-28T08:20:00Z,368.16,368.16,368.16,368.16,9,3313.44
1787905500000,2026-08-28T08:25:00Z,368.16,368.16,368.16,368.16,2,736.32
1787905800000,2026-08-28T08:30:00Z,368.16,368.16,368.16,368.16,351,129224.16
1787906100000,2026-08-28T08:35:00Z,368.16,368.16,368.16,368.16,646.0880930000001,237863.79231888
1787907000000,2026-08-28T08:50:00Z,368.16,368.16,368.16,368.16,0,0
1787908200000,2026-08-28T09:10:00Z,368.16,368.16,368.16,368.16,20,7363.2
1787909400000,2026-08-28T09:30:00Z,368.16,368.16,368.16,368.16,154,56696.64
1787910300000,2026-08-28T09:45:00Z,368.16,368.16,368.16,368.16,1,368.16
1787910600000,2026-08-28T09:50:00Z,368.16,368.16,368.16,368.16,5,1840.8
1787910900000,2026-08-28T09:55:00Z,368.16,368.16,368.16,368.16,35.400197,13032.93652752
1787911200000,2026-08-28T10:00:00Z,368.16,368.16,368.16,368.16,0,0
1787911800000,2026-08-28T10:10:00Z,368.16,368.16,368.16,368.16,1,368.16
1787912400000,2026-08-28T10:20:00Z,368.16,368.16,368.16,368.16,3,1104.48
1787912700000,2026-08-28T10:25:00Z,368.16,368.16,368.16,368.16,21,7731.36
1787913000000,2026-08-28T10:30:00Z,368.16,368.16,368.16,368.16,3,1104.48
1787913900000,2026-08-28T10:45:00Z,368.16,368.16,368.16,368.16,151,55592.16
1787914200000,2026-08-28T10:50:00Z,368.16,368.16,368.16,368.16,12,4417.92
1787914500000,2026-08-28T10:55:00Z,368.16,368.16,368.16,368.16,100,36816
1787914800000,2026-08-28T11:00:00Z,368.16,368.16,368.16,368.16,307.05,113043.528
1787915100000,2026-08-28T11:05:00Z,368.16,368.16,368.16,368.16,2,736.32
1787915400000,2026-08-28T11:10:00Z,368.16,368.16,368.16,368.16,0,0
1787915700000,2026-08-28T11:15:00Z,368.16,369.338,368.16,369.338,5,1840.8
1787916000000,2026-08-28T11:20:00Z,369.339,369.34,369.339,369.34,0,0
1787916300000,2026-08-28T11:25:00Z,369.34,369.34,369.34,369.34,0,0
1787916600000,2026-08-28T11:30:00Z,369.34,369.34,369.34,369.34,90,33240.6
1787916900000,2026-08-28T11:35:00Z,369.34,369.34,368.816,368.816,53.037,19588.68558
1787917200000,2026-08-28T11:40:00Z,368.805,368.805,368.75,368.75,0,0
1787917500000,2026-08-28T11:45:00Z,368.75,368.75,368.75,368.75,9,3318.75
1787918400000,2026-08-28T12:00:00Z,368.541,368.541,367.495,367.495,88113,32381086.935
1787918700000,2026-08-28T12:05:00Z,367.495,367.495,367.495,367.495,12,4409.94
1787919000000,2026-08-28T12:10:00Z,367.495,367.495,367.495,367.495,10,3674.95
1787920200000,2026-08-28T12:30:00Z,367.495,367.495,367.495,367.495,0,0
1787920500000,2026-08-28T12:35:00Z,367.495,367.495,367.495,367.495,0,0
1787920800000,2026-08-28T12:40:00Z,367.495,367.495,367.495,367.495,12.000804,4410.23546598
1787921100000,2026-08-28T12:45:00Z,367.495,367.495,367.495,367.495,101,37116.995
1787921400000,2026-08-28T12:50:00Z,367.754,369.049,367.754,369.049,0,0
1787921700000,2026-08-28T12:55:00Z,369.05,369.05,369.05,369.05,23,8488.15
1787922300000,2026-08-28T13:05:00Z,369.05,369.05,369.05,369.05,177,65321.85
1787922600000,2026-08-28T13:10:00Z,369.05,369.05,369.05,369.05,8,2952.4
1787922900000,2026-08-28T13:15:00Z,369.05,369.05,368.902,368.902,6,2214.3
1787923200000,2026-08-28T13:20:00Z,368.901,368.901,368.9,368.9,1,368.9
1787923500000,2026-08-28T13:25:00Z,368.9,368.9,368.9,368.9,614.6503789999999,226744.5248131
1787923800000,2026-08-28T13:30:00Z,368.12,368.776,365.872,366.225,93286.541146,34355931.19075935
1787924100000,2026-08-28T13:35:00Z,366.22,368.205,365.524,367.69,11693.12357,4289580.28640965
1787924400000,2026-08-28T13:40:00Z,367.735,369.842,367.735,368.668,9807.608686,3616760.15430389
1787924700000,2026-08-28T13:45:00Z,368.667,369.44,367.928,367.928,13214.668943,4873282.4178791372
1787925000000,2026-08-28T13:50:00Z,367.914,368.566,366.43,367.623,12876.539303,4729209.7351056842
1787925300000,2026-08-28T13:55:00Z,367.624,369.665,367.553,368.7,2341.784811,861784.865688412
1787925600000,2026-08-28T14:00:00Z,368.565,370.14,366.07,367.231,9220.073384000001,3400138.1950945619687874
1787925900000,2026-08-28T14:05:00Z,365.49,367.239,365.49,366.55,18025.35333,6599220.64933364
1787926200000,2026-08-28T14:10:00Z,365.65,366.36,364.45,365.14,12849.843839,4695410.03783363
1787926500000,2026-08-28T14:15:00Z,365.34,365.88,364.675,365.58,8854.024537000001,3234676.20020036
1787926800000,2026-08-28T14:20:00Z,365.81,366.89,365.522,365.545,26512.325283,9711915.46069271
1787927100000,2026-08-28T14:25:00Z,365.91,366.5,364.654,365.92,13230.486783,4838463.10726908
1787927400000,2026-08-28T14:30:00Z,365.165,366.518,365.062,366.215,8857.650585,3239326.08085
1787927700000,2026-08-28T14:35:00Z,366.83,367.54,366.162,366.75,8402.484302,3084304.95422572
1787928000000,2026-08-28T14:40:00Z,365.87,366.61,365.104,366.36,10399.752234000001,3806918.74312491
1787928300000,2026-08-28T14:45:00Z,365.4,366.194,364.416,364.575,9268.412908,3381853.86766459
1787928600000,2026-08-28T14:50:00Z,364.641,364.895,363.295,363.306,11323.353163,4127372.558151456
1787928900000,2026-08-28T14:55:00Z,363.303,364.511,363.296,363.585,5150.506823,1874414.296067098
1787929200000,2026-08-28T15:00:00Z,363.618,364.253,362.61,362.889,24837.575496999998,9033751.0594642715725482
1787929500000,2026-08-28T15:05:00Z,362.896,363.597,361.981,362.65,2797.355523,1016216.9886774441
1787929800000,2026-08-28T15:10:00Z,362.755,363.365,362.503,362.745,5715.692852000001,2074195.78595726
1787930100000,2026-08-28T15:15:00Z,362.89,363.744,362.852,363.665,14585.310657999999,5299908.08972943
1787930400000,2026-08-28T15:20:00Z,363.39,364.12,362.807,363.6,14101.740071,5124551.18919129
1787930700000,2026-08-28T15:25:00Z,363.585,363.761,362.975,363.11,9942.502769,3612121.19848047
1787931000000,2026-08-28T15:30:00Z,362.75,363.223,361.31,361.31,14934.793871,5412397.67495875
1787931300000,2026-08-28T15:35:00Z,361.43,361.709,360.653,361.01,12693.973397000002,4585659.80774606
1787931600000,2026-08-28T15:40:00Z,360.08,360.777,358.891,359.68,18718.751135,6733157.24576086
1787931900000,2026-08-28T15:45:00Z,358.57,358.888,356.26,356.415,18328.431396,6548425.95739823
1787932200000,2026-08-28T15:50:00Z,356.426,357.037,355.205,357.037,9666.222389999999,3443611.7791273616437442
1787932500000,2026-08-28T15:55:00Z,357.041,357.055,354.225,354.437,6479.587973,2307870.0728654144
1787932800000,2026-08-28T16:00:00Z,354.428,355.57,353.25,354.676,20282.091667,7195152.7880715848
1787933100000,2026-08-28T16:05:00Z,354.686,358.665,354.686,358.665,11679.649076,4162397.6730901112
1787933400000,2026-08-28T16:10:00Z,358.682,358.765,357.065,357.673,22381.236585,8016216.5025179305
1787933700000,2026-08-28T16:15:00Z,357.44,357.879,356.499,356.97,11603.008532,4147753.693230904
1787934000000,2026-08-28T16:20:00Z,356.973,358.555,356.021,358.323,18788.529239,6710990.5781405641
1787934300000,2026-08-28T16:25:00Z,358.26,359.38,358.094,358.666,10764.32049,3862381.0430907194
1787934600000,2026-08-28T16:30:00Z,358.624,358.97,357.13,357.13,12438.540251,4457991.9357616083
1787934900000,2026-08-28T16:35:00Z,357.27,358.091,356.48,356.67,18394.263475,6576600.34923952
1787935200000,2026-08-28T16:40:00Z,356.64,357.598,356.535,357.18,9020.976798,3221360.14324469
1787935500000,2026-08-28T16:45:00Z,357.585,358.554,357.023,358.39,16157.44053,5784578.60369905
1787935800000,2026-08-28T16:50:00Z,358.16,358.67,357.876,358.13,8000.901944,2866363.92603791
1787936100000,2026-08-28T16:55:00Z,357.5,358.033,357.075,357.755,10275.183525,3672406.07782604
1787936400000,2026-08-28T17:00:00Z,357.025,357.404,355.62,356.33,8163.815251,2908452.25066261
1787936700000,2026-08-28T17:05:00Z,355.875,356.85,355.228,356.29,8759.673905,3119301.4822553
1787937000000,2026-08-28T17:10:00Z,356.208,356.336,355.77,356.266,2901.7185010000003,1032851.3213228948067834
1787937300000,2026-08-28T17:15:00Z,356.271,356.506,355.978,356.506,2045.978913,728912.94754538
1787937600000,2026-08-28T17:20:00Z,356.507,356.69,355.767,356.389,3694.8956029999996,1316609.7047773683574442
1787937900000,2026-08-28T17:25:00Z,356.388,357.187,356.151,356.746,5594.134752,1994387.3448584884
1787938200000,2026-08-28T17:30:00Z,356.743,357.348,356.487,356.874,1435.888502,512237.8829797876
1787938500000,2026-08-28T17:35:00Z,356.881,357.23,356.307,356.307,7958.113844,2840256.7380549438
1787938800000,2026-08-28T17:40:00Z,356.37,356.572,356.096,356.37,10077.386577,3591894.990504
1787939100000,2026-08-28T17:45:00Z,356.82,357.729,356.573,357.37,9310.196079000001,3325473.55871291
1787939400000,2026-08-28T17:50:00Z,357.5,358.283,357.5,357.73,6057.139185,2167177.16614805
1787939700000,2026-08-28T17:55:00Z,357.42,357.823,357.215,357.78,6416.525043,2294836.17404622
1787940000000,2026-08-28T18:00:00Z,357.65,357.77,357.035,357.52,9813.047912999999,3507889.86355594
1787940300000,2026-08-28T18:05:00Z,357.15,357.648,357.003,357.52,11067.139669,3954103.07578726
1787940600000,2026-08-28T18:10:00Z,357.465,357.902,357.393,357.485,6162.5241989999995,2204432.89011706
1787940900000,2026-08-28T18:15:00Z,357.56,357.855,357.3,357.67,9119.2493,3261287.03363631
1787941200000,2026-08-28T18:20:00Z,357.709,358.12,357.167,357.557,4271.645584,1529028.61276312
1787941500000,2026-08-28T18:25:00Z,357.557,357.929,357.419,357.614,5086.893247,1819910.0415079282
1787941800000,2026-08-28T18:30:00Z,357.623,358.07,357.15,357.671,9931.317963,3552170.9282699009
1787942100000,2026-08-28T18:35:00Z,357.677,357.951,357.08,357.08,5670.046792,2027852.544831256
1787942400000,2026-08-28T18:40:00Z,357.079,357.578,356.32,356.474,6462.680197,2307820.5097247387
1787942700000,2026-08-28T18:45:00Z,356.471,356.598,355.83,356.244,4583.619239,1633509.0029868081
1787943000000,2026-08-28T18:50:00Z,356.244,356.255,355.645,355.769,10301.441385,3666064.5831381946
1787943300000,2026-08-28T18:55:00Z,355.769,355.873,355.48,355.773,10697.6228229999997,3805589.6160933987933127
1787943600000,2026-08-28T19:00:00Z,355.767,357.395,355.405,357.182,3797.30118,1351830.319243906
1787943900000,2026-08-28T19:05:00Z,357.5,357.68,356.589,357.4,15523.154778,5543857.2246946
1787944200000,2026-08-28T19:10:00Z,357.42,357.92,357.32,357.57,23423.591068,8376768.06132923
1787944500000,2026-08-28T19:15:00Z,357.75,358.492,357.627,358.27,30240.418098000002,10823847.0083538
1787944800000,2026-08-28T19:20:00Z,358.71,359.01,358.058,358.51,39126.914795,14028438.82447196
1787945100000,2026-08-28T19:25:00Z,358.53,359.76,358.495,359.445,43430.077087,15603036.93489232
1787945400000,2026-08-28T19:30:00Z,358.69,359.589,358.635,358.635,35507.302102,12747149.86045968
1787945700000,2026-08-28T19:35:00Z,358.52,358.712,358.04,358.62,44505.881598,15956391.08933607
1787946000000,2026-08-28T19:40:00Z,358.715,359.49,358.715,359.183,20208.076304,7259064.862424568
1787946300000,2026-08-28T19:45:00Z,359.184,359.45,358.77,359.285,21523.44524,7729434.496669256
1787946600000,2026-08-28T19:50:00Z,359.62,359.81,357.405,358.516,53321.139060999994,19127991.3274313392466156
1787946900000,2026-08-28T19:55:00Z,358.51,358.538,354.18,354.917,81091.98869299999,28945771.161515256628686
1787947200000,2026-08-28T20:00:00Z,354.931,358.183,354.931,356.765,672002.252395,238526258.684451897
1787947500000,2026-08-28T20:05:00Z,356.767,356.853,356.485,356.485,218,77776.792
1787947800000,2026-08-28T20:10:00Z,356.485,356.485,356.485,356.485,319.497404,113896.03206494
1787948100000,2026-08-28T20:15:00Z,356.485,356.9,356.485,356.9,5.714923000000001,2038.11413247
1787948400000,2026-08-28T20:20:00Z,356.9,356.9,356.9,356.9,101,36046.9
1787948700000,2026-08-28T20:25:00Z,356.9,356.9,356.9,356.9,5,1784.5
1787949000000,2026-08-28T20:30:00Z,356.9,356.9,355.501,355.501,13,4637.0194
1787949300000,2026-08-28T20:35:00Z,355.5,355.5,355.5,355.5,604.01,214725.555
1787949900000,2026-08-28T20:45:00Z,355.51,355.56,355.51,355.56,52,18489.12
1787950200000,2026-08-28T20:50:00Z,355.631,355.985,355.631,355.985,13,4627.6906
1787950500000,2026-08-28T20:55:00Z,355.985,355.985,355.561,355.561,37,13167.8375
1787950800000,2026-08-28T21:00:00Z,355.551,356.998,355.501,356.998,39,13896.9324
1787951100000,2026-08-28T21:05:00Z,356.999,356.999,355.561,356,116.433029,41452.06782568
1787951400000,2026-08-28T21:10:00Z,356,356.279,356,356.279,0,0
1787951700000,2026-08-28T21:15:00Z,356.28,357.949,356.28,357.949,1165,415975.366
1787952000000,2026-08-28T21:20:00Z,357.933,357.933,357.38,357.38,935,334601.6075
1787952300000,2026-08-28T21:25:00Z,357.38,357.38,357.38,357.38,16,5718.08
1787952600000,2026-08-28T21:30:00Z,357.38,357.38,357.38,357.38,2010,718333.8
1787953500000,2026-08-28T21:45:00Z,357.38,357.38,357.38,357.38,3,1072.14
1787953800000,2026-08-28T21:50:00Z,357.38,357.38,357.38,357.38,9978,3565937.64
1787954100000,2026-08-28T21:55:00Z,357.38,357.38,357.38,357.38,2,714.76
1787954400000,2026-08-28T22:00:00Z,357.38,357.38,357.38,357.38,7,2501.66
1787954700000,2026-08-28T22:05:00Z,357.38,357.38,357.38,357.38,216,77194.08
1787955000000,2026-08-28T22:10:00Z,357.38,357.38,357.38,357.38,9952,3556645.76
1787955300000,2026-08-28T22:15:00Z,357.38,357.38,357.38,357.38,6,2144.28
1787955600000,2026-08-28T22:20:00Z,357.38,357.38,357.38,357.38,736,263031.68
1787955900000,2026-08-28T22:25:00Z,357.38,357.38,357.38,357.38,22,7862.36
1787956200000,2026-08-28T22:30:00Z,357.38,357.38,357.38,357.38,1,357.38
1787956500000,2026-08-28T22:35:00Z,357.38,357.38,357.38,357.38,1061.5615,379380.84887
1787956800000,2026-08-28T22:40:00Z,357.38,357.38,357.38,357.38,19.13982,6840.1888716
1787957400000,2026-08-28T22:50:00Z,357.38,357.38,357.38,357.38,43,15367.34
1787957700000,2026-08-28T22:55:00Z,357.38,357.38,357.38,357.38,14,5003.32
1787958000000,2026-08-28T23:00:00Z,357.38,357.38,357.38,357.38,16,5718.08
1787958300000,2026-08-28T23:05:00Z,357.38,357.38,357.38,357.38,38,13580.44
1787958600000,2026-08-28T23:10:00Z,357.38,357.38,357.38,357.38,10,3573.8
1787958900000,2026-08-28T23:15:00Z,357.38,357.38,357.38,357.38,7,2501.66
1787959200000,2026-08-28T23:20:00Z,357.38,357.38,357.36,357.36,42.077486,15037.63090794
1787959500000,2026-08-28T23:25:00Z,355.99,357.36,355.99,355.99,135.083,48273.26088
1787959800000,2026-08-28T23:30:00Z,357.36,357.36,357.36,357.36,0.819943,293.01483048
1787960100000,2026-08-28T23:35:00Z,357.36,357.36,357.36,357.36,0,0
1787960400000,2026-08-28T23:40:00Z,357.36,357.36,357.36,357.36,0,0
1787960700000,2026-08-28T23:45:00Z,357.36,357.36,357.36,357.36,0,0
1787961000000,2026-08-28T23:50:00Z,357.36,357.36,357.36,357.36,9,3216.24
1787961300000,2026-08-28T23:55:00Z,357.36,357.36,357.36,357.36,0,0
1788134400000,2026-08-31T00:00:00Z,353.33,353.33,350.15,350.47,127,44535.95
1788134700000,2026-08-31T00:05:00Z,351.91,352.58,351.91,352.57,52,18312.08
1788135000000,2026-08-31T00:10:00Z,351.46,351.52,350.82,350.82,374,131269.34
1788135300000,2026-08-31T00:15:00Z,351.49,351.49,351.49,351.49,75,26361.75
1788135600000,2026-08-31T00:20:00Z,352.62,352.8,352.59,352.78,35,12346.76
1788135900000,2026-08-31T00:25:00Z,352.3,352.3,352.3,352.3,1,352.3
1788136200000,2026-08-31T00:30:00Z,352.35,352.94,352.35,352.94,114,40184.49
1788136500000,2026-08-31T00:35:00Z,353.28,353.28,352.77,352.77,128,45191.75
1788136800000,2026-08-31T00:40:00Z,352.6,353.01,352.6,353.01,489,172470.45
1788137100000,2026-08-31T00:45:00Z,351.75,351.75,351.73,351.73,29,10200.53
1788137400000,2026-08-31T00:50:00Z,351.59,351.76,351.4,351.59,44,15469.51
1788137700000,2026-08-31T00:55:00Z,351.17,351.17,350.61,350.61,176,61780.38
1788138000000,2026-08-31T01:00:00Z,350.59,350.59,349.81,349.81,54,18898.91
1788138300000,2026-08-31T01:05:00Z,349.56,349.56,349.46,349.46,17,5941.28
1788138600000,2026-08-31T01:10:00Z,349.05,349.08,348.81,348.88,54,18843.57
1788139200000,2026-08-31T01:20:00Z,349.64,349.79,348.81,349.21,74,25858.8
1788139500000,2026-08-31T01:25:00Z,349.76,349.79,349.75,349.79,36,12592.02
1788139800000,2026-08-31T01:30:00Z,350.01,350.01,349.03,349.03,94,32826.38
1788140100000,2026-08-31T01:35:00Z,349.71,349.71,349.71,349.71,5,1748.55
1788140700000,2026-08-31T01:45:00Z,349.7,349.73,349.7,349.73,23,8043.28
1788141000000,2026-08-31T01:50:00Z,349.2,349.2,349.2,349.2,7,2444.4
1788141300000,2026-08-31T01:55:00Z,349.37,349.37,349.36,349.36,52,18166.74
1788141600000,2026-08-31T02:00:00Z,349.37,349.37,349.37,349.37,129,45068.73
1788141900000,2026-08-31T02:05:00Z,349.64,351.36,349.64,351.36,64,22396.16
1788142500000,2026-08-31T02:15:00Z,349.92,349.92,349.84,349.84,31,10845.48
1788143700000,2026-08-31T02:35:00Z,349.83,349.83,349.1,349.1,9,3144.09
1788144600000,2026-08-31T02:50:00Z,349.3,349.3,349.3,349.3,40,13972
1788144900000,2026-08-31T02:55:00Z,349.34,349.34,349.34,349.34,1,349.34
1788145200000,2026-08-31T03:00:00Z,350.81,351.59,350.81,350.99,37,12987.35
1788145800000,2026-08-31T03:10:00Z,351.76,351.76,351.76,351.76,1,351.76
1788146100000,2026-08-31T03:15:00Z,351.73,351.73,351.73,351.73,2,703.46
1788146400000,2026-08-31T03:20:00Z,351.62,351.62,351.62,351.62,6,2109.72
1788146700000,2026-08-31T03:25:00Z,351.63,351.63,351.63,351.63,6,2109.78
1788147000000,2026-08-31T03:30:00Z,350.74,351.31,350.74,351.31,5,1755.98
1788147600000,2026-08-31T03:40:00Z,351.29,351.29,351.29,351.29,14,4918.06
1788148800000,2026-08-31T04:00:00Z,351.29,351.32,351.29,351.31,33,11593.16
1788149100000,2026-08-31T04:05:00Z,351.68,352.04,351.31,351.86,13,4573.67
1788149400000,2026-08-31T04:10:00Z,352.06,352.06,351.32,352.01,37,13022.24
1788149700000,2026-08-31T04:15:00Z,351.86,352.02,351.86,352.02,6,2111.8
1788150600000,2026-08-31T04:30:00Z,351.38,351.38,351.3,351.3,35,12295.87
1788150900000,2026-08-31T04:35:00Z,351.63,353.4,351.63,353.4,43,15152.71
1788151800000,2026-08-31T04:50:00Z,353.04,353.04,352.91,352.91,10,3529.75
1788152100000,2026-08-31T04:55:00Z,353.04,354.89,353.04,354.62,174,61629.95
1788152400000,2026-08-31T05:00:00Z,354.61,355.01,354.61,354.94,153,54303.3
1788152700000,2026-08-31T05:05:00Z,355.71,355.71,355.03,355.05,32,11370.58
1788153000000,2026-08-31T05:10:00Z,354.88,355.96,354.88,355.96,183,65044.61
1788153300000,2026-08-31T05:15:00Z,355.87,356.77,355.81,356.77,182,64802.73
1788153600000,2026-08-31T05:20:00Z,356.49,356.49,356.24,356.41,111,39568.03
1788153900000,2026-08-31T05:25:00Z,356.61,357,356.61,357,21,7491.99
1788154200000,2026-08-31T05:30:00Z,356.03,356.03,356,356.01,21,7476.37
1788154800000,2026-08-31T05:40:00Z,355.32,355.49,355.32,355.49,22,7820.44
1788156000000,2026-08-31T06:00:00Z,356.44,357.73,356.44,357.73,118,42100.56
1788156300000,2026-08-31T06:05:00Z,356.86,357.23,356.86,357.12,91,32490.34
1788156600000,2026-08-31T06:10:00Z,357.51,359,357.51,358.43,175,62702.07
1788156900000,2026-08-31T06:15:00Z,358.35,359.16,358.07,359.14,592,212191.56
1788157200000,2026-08-31T06:20:00Z,358.83,358.99,358.83,358.99,6,2153.54
1788157800000,2026-08-31T06:30:00Z,358.8,358.91,358.38,358.38,42,15066.83
1788158100000,2026-08-31T06:35:00Z,358.77,359.18,358.77,359.18,70,25123.97
1788158400000,2026-08-31T06:40:00Z,358.94,359.17,358.94,359.17,13,4668.98
1788158700000,2026-08-31T06:45:00Z,359.17,359.69,358.82,359.69,301,108170.34
1788159300000,2026-08-31T06:55:00Z,359.01,359.01,359.01,359.01,3,1077.03
1788159600000,2026-08-31T07:00:00Z,358.89,359.7,358.89,359.37,449,161491.01
1788160500000,2026-08-31T07:15:00Z,358.04,358.04,358.04,358.04,15,5370.6
1788160800000,2026-08-31T07:20:00Z,359.5,359.99,359.5,359.99,20,7196.2
1788161100000,2026-08-31T07:25:00Z,359.76,359.76,359.76,359.76,11,3957.36
1788161400000,2026-08-31T07:30:00Z,359.43,359.43,359.43,359.43,1,359.43
1788161700000,2026-08-31T07:35:00Z,359.43,359.67,358.14,358.14,107,38431.51
1788162900000,2026-08-31T07:55:00Z,358.8,358.8,357.36,358.03,75,26889.7
1788163200000,2026-08-31T08:00:00Z,357.36,358.744,357.36,358.445,5923.006724,2123034.23794115
1788163500000,2026-08-31T08:05:00Z,358.445,358.445,358.445,358.445,102,36561.39
1788163800000,2026-08-31T08:10:00Z,358.445,358.445,358.445,358.445,4,1433.78
1788164100000,2026-08-31T08:15:00Z,358.445,358.445,356.135,356.31,995,354915.306
1788164400000,2026-08-31T08:20:00Z,356.31,356.31,356.31,356.31,41.394963000000004,14749.43926653
1788164700000,2026-08-31T08:25:00Z,356.31,358.869,356.31,358.869,50,17815.5
1788165000000,2026-08-31T08:30:00Z,358.869,358.87,358.869,358.87,16,5741.9056
1788165300000,2026-08-31T08:35:00Z,358.722,358.722,357.982,357.982,1,358.722
1788165600000,2026-08-31T08:40:00Z,357.981,357.981,355.251,355.251,1035,370505.6775
1788165900000,2026-08-31T08:45:00Z,355.25,356.558,355.25,356.558,6,2131.5
1788166200000,2026-08-31T08:50:00Z,356.559,356.565,356.559,356.565,41,14619.0625
1788166800000,2026-08-31T09:00:00Z,356.565,356.565,356.565,356.565,75,26742.375
1788167100000,2026-08-31T09:05:00Z,356.565,356.565,356.565,356.565,2,713.13
1788167400000,2026-08-31T09:10:00Z,356.565,356.565,356.565,356.565,150,53484.75
1788167700000,2026-08-31T09:15:00Z,356.565,356.565,356.565,356.565,8,2852.52
1788168300000,2026-08-31T09:25:00Z,356.565,356.565,356.565,356.565,1,356.565
1788168600000,2026-08-31T09:30:00Z,356.565,356.565,356.565,356.565,11,3922.215
1788169200000,2026-08-31T09:40:00Z,356.565,356.565,356.565,356.565,10,3565.65
1788169500000,2026-08-31T09:45:00Z,356.565,356.565,356.565,356.565,335,119449.275
1788169800000,2026-08-31T09:50:00Z,356.565,356.565,356.565,356.565,0,0
1788170400000,2026-08-31T10:00:00Z,356.565,356.565,356.565,356.565,76,27098.94
1788170700000,2026-08-31T10:05:00Z,356.565,356.565,356.565,356.565,0,0
1788171600000,2026-08-31T10:20:00Z,356.565,356.565,356.565,356.565,5,1782.825
1788172500000,2026-08-31T10:35:00Z,356.297,356.297,354.965,354.965,8,2842.384
1788172800000,2026-08-31T10:40:00Z,354.965,354.965,354.965,354.965,6,2129.79
1788173100000,2026-08-31T10:45:00Z,354.965,354.965,354.965,354.965,5,1774.825
1788173700000,2026-08-31T10:55:00Z,354.965,354.965,354.965,354.965,45,15973.425
1788174000000,2026-08-31T11:00:00Z,354.965,355.71,354.965,355.71,115,40847.0455
1788174300000,2026-08-31T11:05:00Z,355.71,356.239,355.71,356.239,40,14232.104
1788174600000,2026-08-31T11:10:00Z,356.24,356.24,356.24,356.24,100.003328,35625.18556672
1788174900000,2026-08-31T11:15:00Z,356.24,356.24,356.24,356.24,35,12468.4
1788175200000,2026-08-31T11:20:00Z,356.24,356.24,356.24,356.24,15,5343.6
1788175500000,2026-08-31T11:25:00Z,356.24,356.24,356.24,356.24,190,67685.6
1788175800000,2026-08-31T11:30:00Z,356.24,356.493,356.24,356.386,174,61995.3996
1788176100000,2026-08-31T11:35:00Z,356.385,356.385,356.385,356.385,76.043,27100.584555
1788176400000,2026-08-31T11:40:00Z,356.385,356.385,356.385,356.385,971,346049.835
1788176700000,2026-08-31T11:45:00Z,356.385,356.385,354.502,354.502,34,12104.9928
1788177000000,2026-08-31T11:50:00Z,354.501,354.501,354.315,354.315,4,1417.756
1788177300000,2026-08-31T11:55:00Z,354.315,354.315,354.315,354.315,30,10629.45
1788177600000,2026-08-31T12:00:00Z,354.315,356.383,354.315,356.383,99,35105.0139
1788177900000,2026-08-31T12:05:00Z,356.384,356.57,356.384,356.57,182,64890.189
1788178200000,2026-08-31T12:10:00Z,356.398,356.398,355.535,355.535,57,20269.8099
1788178500000,2026-08-31T12:15:00Z,355.535,355.65,355.535,355.65,25,8891.0175
1788178800000,2026-08-31T12:20:00Z,355.65,355.75,355.65,355.75,9.04645,3217.37356108
1788179100000,2026-08-31T12:25:00Z,355.75,355.75,355.75,355.75,114,40555.5
1788179400000,2026-08-31T12:30:00Z,355.75,355.75,355.025,355.025,100.076472,35549.34452149
1788179700000,2026-08-31T12:35:00Z,355.025,355.025,355.025,355.025,173,61419.325
1788180000000,2026-08-31T12:40:00Z,355.92,355.92,355.025,355.92,408,144850.2
1788180300000,2026-08-31T12:45:00Z,355.129,355.65,355.129,355.65,114,40540.4064
1788180600000,2026-08-31T12:50:00Z,355.65,355.65,355.16,355.16,460,163436.482
1788180900000,2026-08-31T12:55:00Z,355.16,355.649,355.16,355.649,132,46881.12
1788181200000,2026-08-31T13:00:00Z,355.649,355.65,355.649,355.65,151,53703.1047
1788181500000,2026-08-31T13:05:00Z,355.65,355.65,355.65,355.65,21,7468.65
1788181800000,2026-08-31T13:10:00Z,355.65,355.75,355.65,355.75,7,2489.55
1788182100000,2026-08-31T13:15:00Z,355.75,355.787,355.75,355.787,12,4269
1788182400000,2026-08-31T13:20:00Z,355.817,355.97,355.817,355.97,90,32037.3
1788182700000,2026-08-31T13:25:00Z,355.813,356.249,355,356.249,952.27938,338826.24094059
1788183000000,2026-08-31T13:30:00Z,357.36,360.97,356.25,360.055,36891.863017,13206442.13642291
1788183300000,2026-08-31T13:35:00Z,359.67,360.453,356.798,358.26,12182.585773,4368136.78790663
1788183600000,2026-08-31T13:40:00Z,356.12,356.773,355.51,355.51,8437.786778,3004540.61636908
1788183900000,2026-08-31T13:45:00Z,355.23,358.54,354.987,355.82,20162.24017,7176920.76755295
1788184200000,2026-08-31T13:50:00Z,355.6,357.37,355.483,356.87,14380.161781,5126508.98071618
1788184500000,2026-08-31T13:55:00Z,357.33,357.43,356.152,357.1,11680.144182,4168248.66968245
1788184800000,2026-08-31T14:00:00Z,357.86,358.041,355.299,355.87,11304.8836,4030456.6681646
1788185100000,2026-08-31T14:05:00Z,355.91,356.652,355.629,356.13,6414.384238000001,2284066.65282665
1788185400000,2026-08-31T14:10:00Z,355.29,355.901,354.285,355.05,7657.325669,2717822.25702384
1788185700000,2026-08-31T14:15:00Z,354.66,355.252,353.794,354.495,13828.566424999999,4902687.28892445
1788186000000,2026-08-31T14:20:00Z,354.504,355.144,353.917,354.06,6128.880088,2173108.3550103008
1788186300000,2026-08-31T14:25:00Z,354.061,354.402,353.71,353.71,9882.9948810000005,3498775.0015711622769945
1788186600000,2026-08-31T14:30:00Z,353.71,354.23,353.3,354.095,10212.360456,3611575.880396234
1788186900000,2026-08-31T14:35:00Z,354.101,355.54,354.101,354.732,9130.062441,3241365.9097734291
1788187200000,2026-08-31T14:40:00Z,354.86,355.144,354.408,355.1,8007.295080999999,2840073.06091104
1788187500000,2026-08-31T14:45:00Z,354.76,355.004,353.416,353.75,19691.326892999998,6972968.62398973
1788187800000,2026-08-31T14:50:00Z,353.6,353.954,353.273,353.485,9767.489327,3454514.83422886
1788188100000,2026-08-31T14:55:00Z,354,354.217,353.087,353.26,7939.607475000001,2807863.62047393
1788188400000,2026-08-31T15:00:00Z,353.59,353.59,352.577,353.335,7314.232265,2583244.20846883
1788188700000,2026-08-31T15:05:00Z,353,353.18,352.443,352.75,5140.0509139999995,1813568.27602735
1788189000000,2026-08-31T15:10:00Z,352.91,352.91,352.017,352.09,6020.3280460000005,2121508.21639238
1788189300000,2026-08-31T15:15:00Z,352.02,352.742,351.167,351.2,8144.070154999999,2866910.59546477
1788189600000,2026-08-31T15:20:00Z,351.63,352.192,351.495,351.63,8577.9768,3017931.24730176
1788189900000,2026-08-31T15:25:00Z,352.3,353.238,351.999,352.69,12932.000582,4557698.67751758
1788190200000,2026-08-31T15:30:00Z,352.29,352.837,352.071,352.32,9575.039748,3374122.4041904
1788190500000,2026-08-31T15:35:00Z,352.18,352.549,352.057,352.34,5989.096479,2110165.91228987
1788190800000,2026-08-31T15:40:00Z,352.256,352.427,352.091,352.391,1975.8624719999998,695981.5662421791295513
1788191100000,2026-08-31T15:45:00Z,351.9,352.514,351.895,351.9,3570.8302550000003,1257675.33953607
1788191400000,2026-08-31T15:50:00Z,352.11,352.11,351.205,351.59,7861.940189999999,2766294.41331321
1788191700000,2026-08-31T15:55:00Z,351.08,351.208,350.766,351.08,4101.7870299999995,1439668.18179677
1788192000000,2026-08-31T16:00:00Z,350.6,350.795,349.91,350.17,16642.858979999997,5829249.56489759
1788192300000,2026-08-31T16:05:00Z,350.25,350.254,348.73,349.12,37994.311526000005,13278491.3562691
1788192600000,2026-08-31T16:10:00Z,349.46,350.256,348.89,349.3,5940.112589,2076921.75601202
1788192900000,2026-08-31T16:15:00Z,349.444,349.94,349.415,349.691,4384.795267,1533332.64978256
1788193200000,2026-08-31T16:20:00Z,350.125,350.236,349.43,349.58,26743.368289,9359769.72761518
1788193500000,2026-08-31T16:25:00Z,350.27,350.384,349.612,350.27,5842.944879999999,2045425.69107389
1788193800000,2026-08-31T16:30:00Z,350.635,350.655,350.241,350.46,4899.524667,1717388.73556384
1788194100000,2026-08-31T16:35:00Z,350.6,350.814,350.208,350.59,4542.980527,1592378.73073893
1788194400000,2026-08-31T16:40:00Z,350.26,351.29,350.14,351.29,7346.568099,2576600.11819024
1788194700000,2026-08-31T16:45:00Z,351.027,351.027,350.16,350.361,1303.552933,457337.4665594331
1788195000000,2026-08-31T16:50:00Z,350.351,350.868,350.085,350.663,6621.566754,2321022.800238522
1788195300000,2026-08-31T16:55:00Z,350.665,351.267,350.495,351.072,5701.5728149999995,1999234.8416030528246769
1788195600000,2026-08-31T17:00:00Z,351.053,351.053,350.301,350.301,1829.1587060000002,641510.4689208604701427
1788195900000,2026-08-31T17:05:00Z,350.301,350.687,350.3,350.583,5119.979458999999,1794941.40682044
1788196200000,2026-08-31T17:10:00Z,350.37,350.585,350.03,350.03,8488.198326,2972281.85030145
1788196500000,2026-08-31T17:15:00Z,349.91,350.165,349.499,349.91,6840.7598720000005,2393872.61150736
1788196800000,2026-08-31T17:20:00Z,349.84,349.88,349.45,349.84,3560.326732,1245192.58760909
1788197100000,2026-08-31T17:25:00Z,349.385,349.866,349.385,349.385,6613.522328999999,2312104.60137646
1788197400000,2026-08-31T17:30:00Z,349.86,350.342,349.754,349.97,7926.45586,2774241.32015152
1788197700000,2026-08-31T17:35:00Z,349.93,350.351,349.869,349.982,7736.174292,2708343.33277255
1788198000000,2026-08-31T17:40:00Z,350.77,350.914,349.969,350.665,5441.531424999999,1906986.86450382
1788198300000,2026-08-31T17:45:00Z,350.425,350.572,350.265,350.265,3707.994015,1299466.87335615
1788198600000,2026-08-31T17:50:00Z,350.264,350.668,350.101,350.167,5517.585446,1933146.75444601
1788198900000,2026-08-31T17:55:00Z,349.85,350.215,349.701,349.85,6623.724709,2317943.9798983
1788199200000,2026-08-31T18:00:00Z,350.15,350.639,349.828,350.48,10365.853271000002,3629838.8277099
1788199500000,2026-08-31T18:05:00Z,350.605,351.245,350.51,350.923,5275.591617,1851106.2549030086
1788199800000,2026-08-31T18:10:00Z,350.926,351.12,350.801,350.801,5843.648601,2051279.0514524265
1788200100000,2026-08-31T18:15:00Z,350.87,351.032,350.747,351.01,5439.6197,1908731.54689771
1788200400000,2026-08-31T18:20:00Z,350.66,351.22,350.523,351.19,6097.446002000001,2138740.15966152
1788200700000,2026-08-31T18:25:00Z,350.81,351.124,350.498,350.53,4355.97743,1527768.47924196
1788201000000,2026-08-31T18:30:00Z,350.496,350.499,350.139,350.139,4582.39193,1605414.43480231
1788201300000,2026-08-31T18:35:00Z,349.965,350.107,349.13,349.13,6159.696411,2153980.54214474
1788201600000,2026-08-31T18:40:00Z,349.15,349.314,348.804,349.02,9866.426245999999,3443882.00102205
1788201900000,2026-08-31T18:45:00Z,348.69,349.016,348.617,348.73,9404.409749,3280584.45346949
1788202200000,2026-08-31T18:50:00Z,348.87,349.119,348.77,349.08,9298.015662,3244426.34005913
1788202500000,2026-08-31T18:55:00Z,349.09,349.156,348.83,348.98,9240.389507,3225320.07182137
1788202800000,2026-08-31T19:00:00Z,348.91,348.987,348.544,348.805,8396.048725999999,2928594.69073577
1788203100000,2026-08-31T19:05:00Z,348.848,348.849,348.461,348.461,11329.226026,3950026.42069571
1788203400000,2026-08-31T19:10:00Z,348.2,348.789,348.2,348.59,10865.011032,3786367.25156154
1788203700000,2026-08-31T19:15:00Z,348.759,349.016,348.41,349.004,4562.216353,1590423.7497217181
1788204000000,2026-08-31T19:20:00Z,349.003,349.262,348.79,349.174,8321.322382,2903733.0032172636
1788204300000,2026-08-31T19:25:00Z,349.175,349.612,348.992,348.992,11677.435739999999,4080078.8098513646506983
1788204600000,2026-08-31T19:30:00Z,349.45,349.603,348.953,349.41,13389.272947,4677432.71199628
1788204900000,2026-08-31T19:35:00Z,349.495,349.57,349.19,349.245,9743.382083,3404415.64685686
1788205200000,2026-08-31T19:40:00Z,349.46,350.135,349.46,350.08,16880.155663999998,5906356.3387402
1788205500000,2026-08-31T19:45:00Z,350.32,350.731,350.098,350.16,19479.712809,6825498.51911679
1788205800000,2026-08-31T19:50:00Z,349.85,350.594,348.49,348.55,81459.138439,28485055.1168694
1788206100000,2026-08-31T19:55:00Z,348.41,350.18,348.41,349.705,222474.049253,77740197.15331713
1788206400000,2026-08-31T20:00:00Z,349.844,349.9,348.5,348.5,601035.988929,210253387.8859616
1788206700000,2026-08-31T20:05:00Z,348.5,349.405,348.5,349.405,74654,26078986.3356
1788207000000,2026-08-31T20:10:00Z,349.405,349.405,349.405,349.405,127664.934537,44606766.45190049
1788207300000,2026-08-31T20:15:00Z,349.405,349.668,349.405,349.668,84.18361300000001,29414.1753002650034941
1788207600000,2026-08-31T20:20:00Z,349.69,349.8,349.69,349.8,5112,1788177.0888
1788207900000,2026-08-31T20:25:00Z,349.8,349.8,349.8,349.8,2,699.6
1788208200000,2026-08-31T20:30:00Z,349.792,349.792,349.75,349.75,108,37774.0476
1788208500000,2026-08-31T20:35:00Z,349.75,349.75,349.75,349.75,0,0
1788208800000,2026-08-31T20:40:00Z,349.75,349.75,349.75,349.75,14,4896.5
1788209100000,2026-08-31T20:45:00Z,349.75,349.75,349.75,349.75,150,52462.5
1788209400000,2026-08-31T20:50:00Z,350.067,351.654,350.067,351.654,1,350.067
1788209700000,2026-08-31T20:55:00Z,351.655,351.655,351.655,351.655,200,70331
1788210000000,2026-08-31T21:00:00Z,351.629,351.629,351.5,351.5,2726,958189.2726
1788210300000,2026-08-31T21:05:00Z,351.5,351.5,351.5,351.5,59,20738.5
1788210600000,2026-08-31T21:10:00Z,351.5,351.5,351.5,351.5,19,6678.5
1788210900000,2026-08-31T21:15:00Z,351.5,351.5,351.5,351.5,10093,3547689.5
1788211200000,2026-08-31T21:20:00Z,351.5,351.5,351.5,351.5,5,1757.5
1788211500000,2026-08-31T21:25:00Z,351.5,351.5,351.5,351.5,5,1757.5
1788211800000,2026-08-31T21:30:00Z,351.272,351.272,350.147,350.147,0,0
1788212100000,2026-08-31T21:35:00Z,350.144,350.144,350.131,350.131,14,4901.834
1788212400000,2026-08-31T21:40:00Z,350.13,351.749,350.13,351.749,4,1400.52
1788212700000,2026-08-31T21:45:00Z,351.75,351.75,350.751,350.751,1,351.75
1788213000000,2026-08-31T21:50:00Z,350.75,351.268,350.75,351.268,0,0
1788213300000,2026-08-31T21:55:00Z,351.348,351.749,350.5,350.5,364.36375,128086.75660175
1788213600000,2026-08-31T22:00:00Z,350.5,350.5,350.5,350.5,35.418379,12414.1418395
1788213900000,2026-08-31T22:05:00Z,350.5,350.5,350.5,350.5,2,701
1788214200000,2026-08-31T22:10:00Z,350.5,350.5,350.5,350.5,1.2724559999999998,445.995828
1788214800000,2026-08-31T22:20:00Z,350.5,350.5,350.5,350.5,6,2103
1788215100000,2026-08-31T22:25:00Z,350.5,350.5,350.5,350.5,3,1051.5
1788215400000,2026-08-31T22:30:00Z,350.5,350.5,350.5,350.5,119,41709.5
1788215700000,2026-08-31T22:35:00Z,350.5,350.5,350.5,350.5,3,1051.5
1788216000000,2026-08-31T22:40:00Z,350.5,350.5,350.5,350.5,35,12267.5
1788216300000,2026-08-31T22:45:00Z,350.444,350.444,350.165,350.165,11,3852.3727
1788216600000,2026-08-31T22:50:00Z,350.165,350.165,350.165,350.165,31,10855.115
1788216900000,2026-08-31T22:55:00Z,350.165,350.165,350.101,350.101,19,6653.0134
1788217200000,2026-08-31T23:00:00Z,350.1,350.1,350.1,350.1,5,1750.5
1788217500000,2026-08-31T23:05:00Z,350.1,350.1,350.1,350.1,1,350.1
1788217800000,2026-08-31T23:10:00Z,350.1,350.1,350.1,350.1,17,5951.7
1788218100000,2026-08-31T23:15:00Z,350.1,350.1,350.1,350.1,6,2100.6
1788218400000,2026-08-31T23:20:00Z,350.1,350.1,350.002,350.002,62,21705.1646
1788218700000,2026-08-31T23:25:00Z,350.001,350.001,350,350,8,2800.0072
1788219000000,2026-08-31T23:30:00Z,350,350,350,350,5.541777,1939.62195
1788219600000,2026-08-31T23:40:00Z,350,350,350,350,2,700
1788219900000,2026-08-31T23:45:00Z,350,350.249,350,350.001,532,186326.4564
1788220200000,2026-08-31T23:50:00Z,350,350,350,350,1,350
1788220500000,2026-08-31T23:55:00Z,350,350,349.75,349.75,240,83990.112
1788221400000,2026-09-01T00:10:00Z,350.54,350.54,349.91,349.91,13,4550.72
1788221700000,2026-09-01T00:15:00Z,349.89,349.89,349.03,349.31,171,59753.31
1788222000000,2026-09-01T00:20:00Z,349.36,349.36,349.27,349.27,14,4890.05
1788222300000,2026-09-01T00:25:00Z,349.36,349.36,349.36,349.36,2,698.72
1788222600000,2026-09-01T00:30:00Z,349.83,350.06,349.74,350.06,1785,624442.56
1788222900000,2026-09-01T00:35:00Z,349.99,349.99,349.99,349.99,20,6999.8
1788223200000,2026-09-01T00:40:00Z,349.99,350,349.81,349.81,19,6647.12
1788223500000,2026-09-01T00:45:00Z,349.88,349.88,349.77,349.77,3,1049.53
1788225000000,2026-09-01T01:10:00Z,349.95,349.95,349.78,349.78,3,1049.68
1788225900000,2026-09-01T01:25:00Z,349.37,349.37,348.54,348.54,66,23031.59
1788226200000,2026-09-01T01:30:00Z,349.03,349.03,349.03,349.03,1,349.03
1788226800000,2026-09-01T01:40:00Z,349.02,349.02,349.02,349.02,2,698.04
1788227400000,2026-09-01T01:50:00Z,349.06,349.06,349.06,349.06,12,4188.72
1788229500000,2026-09-01T02:25:00Z,348.26,348.26,347.9,347.9,59,20526.77
1788229800000,2026-09-01T02:30:00Z,347.62,348.29,347.49,348.29,1874,651245.17
1788230100000,2026-09-01T02:35:00Z,347.18,347.18,347.08,347.08,2,694.26
1788230700000,2026-09-01T02:45:00Z,347.09,347.09,347.09,347.09,6,2082.54
1788231300000,2026-09-01T02:55:00Z,347.55,347.87,347.55,347.87,43,14957.45
1788231600000,2026-09-01T03:00:00Z,347.92,347.92,347.88,347.88,8,2783.2
1788231900000,2026-09-01T03:05:00Z,347.87,348.24,347.86,348.24,17,5915.7
1788232200000,2026-09-01T03:10:00Z,348.09,348.15,348.09,348.15,60,20888.4
1788234600000,2026-09-01T03:50:00Z,348.01,348.01,348.01,348.01,1,348.01
1788234900000,2026-09-01T03:55:00Z,348.04,348.04,348.04,348.04,1,348.04
1788238800000,2026-09-01T05:00:00Z,348.35,348.35,348.3,348.34,17,5921.84
1788239100000,2026-09-01T05:05:00Z,348.59,348.59,348.59,348.59,2,697.18
1788239400000,2026-09-01T05:10:00Z,348.61,348.61,348.34,348.34,16,5574.41
1788239700000,2026-09-01T05:15:00Z,348.11,348.14,347.8,347.8,80,27843.56
1788240300000,2026-09-01T05:25:00Z,348.42,348.59,348.42,348.59,32,11154.14
1788240600000,2026-09-01T05:30:00Z,348.72,348.72,348.72,348.72,10,3487.2
1788240900000,2026-09-01T05:35:00Z,349.48,349.78,349.48,349.78,12,4195.56
1788241200000,2026-09-01T05:40:00Z,349.79,351.31,349.79,351.31,45,15755.17
1788241500000,2026-09-01T05:45:00Z,350.27,350.27,350.27,350.27,7,2451.89
1788242100000,2026-09-01T05:55:00Z,351.22,351.31,351.22,351.31,27,9484.5
1788242400000,2026-09-01T06:00:00Z,351.46,351.46,351.3,351.3,2,702.76
1788243600000,2026-09-01T06:20:00Z,350.82,351.3,350.82,350.98,86,30193.62
1788244200000,2026-09-01T06:30:00Z,350.2,351.27,350.2,351.27,64,22432
1788244500000,2026-09-01T06:35:00Z,350.43,350.49,350.28,350.49,29,10162.15
1788244800000,2026-09-01T06:40:00Z,350.94,351.12,350.92,351.12,51,17900
1788245700000,2026-09-01T06:55:00Z,350.79,350.79,350.79,350.79,1,350.79
1788246000000,2026-09-01T07:00:00Z,350.96,351.11,350.96,351.11,5,1755.12
1788246300000,2026-09-01T07:05:00Z,351.18,351.31,351.18,351.21,28,9834.95
1788246600000,2026-09-01T07:10:00Z,351.24,351.24,351.24,351.24,1,351.24
1788247200000,2026-09-01T07:20:00Z,351.72,351.87,351.72,351.87,8,2814.66
1788248100000,2026-09-01T07:35:00Z,350.1,350.1,349.87,349.87,23,8049.36
1788248400000,2026-09-01T07:40:00Z,349.82,349.82,349.79,349.79,79,27634.16
1788248700000,2026-09-01T07:45:00Z,348.28,348.28,348.04,348.09,60,20885.7
1788249000000,2026-09-01T07:50:00Z,348.55,348.55,347.99,347.99,29,10096.2
1788249300000,2026-09-01T07:55:00Z,348.02,348.02,347,347.17,69,23971.33
1788249600000,2026-09-01T08:00:00Z,349.638,349.638,348.868,349.58,1433.63764,500458.241556592
1788249900000,2026-09-01T08:05:00Z,349.58,349.58,346.755,346.755,570.3,198501.68628
1788250200000,2026-09-01T08:10:00Z,346.755,346.755,346.755,346.755,113.006655,39185.62265453
1788250500000,2026-09-01T08:15:00Z,346.755,346.755,346.755,346.755,103,35715.765
1788250800000,2026-09-01T08:20:00Z,346.755,346.755,346.755,346.755,245,84954.975
1788251100000,2026-09-01T08:25:00Z,346.755,346.755,346.035,346.035,180,62308.782
1788251400000,2026-09-01T08:30:00Z,345.874,345.874,345.07,345.07,130.013168,44863.64388176
1788251700000,2026-09-01T08:35:00Z,345.07,345.07,345.07,345.07,226,77985.82
1788252000000,2026-09-01T08:40:00Z,345.07,345.07,345.07,345.07,35,12077.45
1788252300000,2026-09-01T08:45:00Z,345.07,345.07,345.07,345.07,15,5176.05
1788252900000,2026-09-01T08:55:00Z,345.07,345.07,345.07,345.07,54.896871,18943.26327597
1788253200000,2026-09-01T09:00:00Z,345.07,345.07,343.727,343.727,245.424964,84645.35210885
1788253500000,2026-09-01T09:05:00Z,343.726,343.726,343.725,343.725,12,4124.7
1788253800000,2026-09-01T09:10:00Z,343.725,343.725,343.564,343.564,271,93149.475
1788254100000,2026-09-01T09:15:00Z,343.557,343.557,343.525,343.525,0,0
1788254400000,2026-09-01T09:20:00Z,343.525,343.525,343.525,343.525,2.915451,1001.530304775
1788254700000,2026-09-01T09:25:00Z,343.525,343.525,343.525,343.525,68,23359.7
1788255000000,2026-09-01T09:30:00Z,343.525,343.525,343.525,343.525,36,12366.9
1788255300000,2026-09-01T09:35:00Z,343.525,343.525,343.525,343.525,0,0
1788255600000,2026-09-01T09:40:00Z,343.525,343.525,343.525,343.525,68,23359.7
1788255900000,2026-09-01T09:45:00Z,343.525,344.915,343.525,344.398,359,123396.311
1788256200000,2026-09-01T09:50:00Z,344.377,344.377,344.271,344.359,0,0
1788256500000,2026-09-01T09:55:00Z,344.36,344.76,344.36,344.76,2.095166,721.49136376
1788256800000,2026-09-01T10:00:00Z,344.786,344.915,344.282,344.282,51.946892,17913.3998749372
1788257100000,2026-09-01T10:05:00Z,344.28,344.28,344.271,344.271,0,0
1788257400000,2026-09-01T10:10:00Z,343.975,343.975,342.5,342.5,7,2397.5
1788257700000,2026-09-01T10:15:00Z,342.5,342.5,342.5,342.5,15,5137.5
1788258000000,2026-09-01T10:20:00Z,342.5,342.5,342.5,342.5,5,1712.5
1788258600000,2026-09-01T10:30:00Z,342.5,342.5,342.5,342.5,2,685
1788258900000,2026-09-01T10:35:00Z,342.5,343.823,342.5,343.823,43,14728.7857
1788259200000,2026-09-01T10:40:00Z,343.824,343.825,343.824,343.825,31,10658.5595
1788259500000,2026-09-01T10:45:00Z,343.825,343.825,343.577,343.577,167.75,57674.546875
1788259800000,2026-09-01T10:50:00Z,343.576,343.576,343.575,343.575,92,31608.9276
1788260100000,2026-09-01T10:55:00Z,343.575,343.575,343.575,343.575,442,151860.15
1788260400000,2026-09-01T11:00:00Z,343.575,343.575,343.575,343.575,182,62530.65
1788260700000,2026-09-01T11:05:00Z,343.575,343.575,343.525,343.525,82,28170.5506
1788261000000,2026-09-01T11:10:00Z,343.525,343.525,343.525,343.525,194,66643.85
1788261300000,2026-09-01T11:15:00Z,343.525,343.525,343.525,343.525,1,343.525
1788261600000,2026-09-01T11:20:00Z,343.525,343.525,342.832,342.832,41,14075.3697
1788261900000,2026-09-01T11:25:00Z,342.829,342.829,342.815,342.815,243,83304.2394
1788262200000,2026-09-01T11:30:00Z,342.815,343.19,342.815,343.19,17,5828.2307
1788262500000,2026-09-01T11:35:00Z,343.19,343.19,343.19,343.19,388.004,133159.09276
1788262800000,2026-09-01T11:40:00Z,343.259,343.642,343.259,343.442,240,82457.112
1788263100000,2026-09-01T11:45:00Z,343.367,343.367,343,343,149,51108.1771
1788263400000,2026-09-01T11:50:00Z,343,343,343,343,380,130340
1788263700000,2026-09-01T11:55:00Z,340.89,343,340.89,340.89,341.469483,117108.66654227
1788264000000,2026-09-01T12:00:00Z,341.505,341.505,340.356,340.356,184.29431799999998,62864.763819
1788264300000,2026-09-01T12:05:00Z,340.355,340.355,340.355,340.355,672,228718.56
1788264600000,2026-09-01T12:10:00Z,340.355,340.355,340.355,340.355,106.029094,36087.53228837
1788264900000,2026-09-01T12:15:00Z,340.355,340.355,340.355,340.355,57,19400.235
1788265200000,2026-09-01T12:20:00Z,340.01,340.844,340.01,340.01,348.44249,118608.56920304
1788265500000,2026-09-01T12:25:00Z,340.3,340.3,340.3,340.3,76,25862.8
1788265800000,2026-09-01T12:30:00Z,340.497,341.484,339.319,339.319,85,28899.2095
1788266100000,2026-09-01T12:35:00Z,339.316,342.036,339.3,340.46,162.945508,55417.18066697
1788266400000,2026-09-01T12:40:00Z,340.46,340.46,340.46,340.46,174,59240.04
1788266700000,2026-09-01T12:45:00Z,340.46,342.098,340.46,341.674,97.05,33068.93346
1788267000000,2026-09-01T12:50:00Z,341.528,341.528,340.8,340.8,120,40896.828
1788267300000,2026-09-01T12:55:00Z,340.777,340.777,337.4,337.4,48.045651,16311.67147884
1788267600000,2026-09-01T13:00:00Z,337.4,337.4,337.4,337.4,103,34752.2
1788267900000,2026-09-01T13:05:00Z,337.4,340.197,337.4,339.3,563,190565.1408
1788268200000,2026-09-01T13:10:00Z,339.3,339.3,338.842,339.055,711.952726,241459.90614726
1788268500000,2026-09-01T13:15:00Z,339.055,339.055,339.055,339.055,139,47128.645
1788268800000,2026-09-01T13:20:00Z,340,341.3,339.055,340,803.015737,272415.21922303
1788269100000,2026-09-01T13:25:00Z,341.3,343.609,340.936,340.936,1300.892,444089.1445376
1788269400000,2026-09-01T13:30:00Z,341.03,341.24,338.9,339.94,60574.125249,20626325.57021294
1788269700000,2026-09-01T13:35:00Z,339.35,340.056,335.622,335.78,40906.59689999999,13836942.7476033
1788270000000,2026-09-01T13:40:00Z,335.765,336.241,331.867,333.17,44931.323603,14983226.01623061
1788270300000,2026-09-01T13:45:00Z,332.55,333.55,331.9,333.49,41320.755446,13741799.84621909
1788270600000,2026-09-01T13:50:00Z,333.35,334.195,332.152,332.705,44905.858593,14953350.04221643
1788270900000,2026-09-01T13:55:00Z,333.205,333.327,331.96,332.38,32187.207409,10704100.44663926
1788271200000,2026-09-01T14:00:00Z,331.78,332.543,329.99,330.52,32935.110617,10902766.56140832
1788271500000,2026-09-01T14:05:00Z,330.54,331.165,330.19,330.63,37701.61989,12469301.80674899
1788271800000,2026-09-01T14:10:00Z,330.973,331.34,329.33,329.349,18103.007625,5989733.814806825
1788272100000,2026-09-01T14:15:00Z,329.349,330.36,329.11,329.234,38083.266265,12559237.607298753
1788272400000,2026-09-01T14:20:00Z,329.235,330,328.99,329.285,9212.279289,3035327.1078282202
1788272700000,2026-09-01T14:25:00Z,329.27,329.715,328.15,328.254,20651.119992,6798796.1585721216
1788273000000,2026-09-01T14:30:00Z,328.251,330.944,328.248,330.944,49526.097556,16357170.0188612209
1788273300000,2026-09-01T14:35:00Z,330.947,331.551,330.67,331.16,11415.632517,3780840.6620664816
1788273600000,2026-09-01T14:40:00Z,331.01,331.52,330.881,331.435,20508.178190000002,6793717.52836965
1788273900000,2026-09-01T14:45:00Z,331.18,332.03,331.06,331.73,25398.863267,8425255.04543005
1788274200000,2026-09-01T14:50:00Z,331.7,332.68,331.59,332.165,22609.913931,7509421.66993746
1788274500000,2026-09-01T14:55:00Z,331.99,333.778,331.83,333,24276.929078,8078233.11995627
1788274800000,2026-09-01T15:00:00Z,334.055,335.408,333.813,334.945,26150.926113,8760371.96118699
1788275100000,2026-09-01T15:05:00Z,334.905,335.207,334.125,334.48,19208.461913999996,6429798.28247615
1788275400000,2026-09-01T15:10:00Z,334.23,334.373,333.16,333.41,12685.073889000001,4232534.73499585
1788275700000,2026-09-01T15:15:00Z,332.275,333.133,331.64,331.795,15866.382365,5270766.20914414
1788276000000,2026-09-01T15:20:00Z,332.19,332.388,331.462,332.065,12310.886598,4088403.58218137
1788276300000,2026-09-01T15:25:00Z,332.2,333.99,332.195,333.99,31167.102143,10378542.16218193
1788276600000,2026-09-01T15:30:00Z,334.11,334.119,333.515,333.7,21820.055648999998,7284667.03652438
1788276900000,2026-09-01T15:35:00Z,333.62,335.23,333.604,335.02,41299.68731,13819180.99161209
1788277200000,2026-09-01T15:40:00Z,334.767,335.678,334.767,335.678,11088.096675,3715694.146225135
1788277500000,2026-09-01T15:45:00Z,335.68,336.915,335.68,336.695,5289.307108,1777589.3954893028
1788277800000,2026-09-01T15:50:00Z,336.682,336.851,336.08,336.286,12929.792447,4351367.8374503804
1788278100000,2026-09-01T15:55:00Z,336.289,336.299,335.251,335.291,6591.659360000001,2214123.4915076483359068
1788278400000,2026-09-01T16:00:00Z,335.287,335.287,334.599,334.823,17058.576741,5714885.9103168114
1788278700000,2026-09-01T16:05:00Z,334.821,334.956,334.085,334.925,15552.690467999999,5201395.4805562364653574
1788279000000,2026-09-01T16:10:00Z,334.8,335.638,334.73,335.09,11477.982548,3845405.36415243
1788279300000,2026-09-01T16:15:00Z,334.97,335.149,333.77,333.77,10911.493529,3651607.68993455
1788279600000,2026-09-01T16:20:00Z,333.72,333.955,332.873,333.115,18395.975591,6132627.75122293
1788279900000,2026-09-01T16:25:00Z,332.81,333.237,332.01,332.015,26872.054927999998,8930618.42668913
1788280200000,2026-09-01T16:30:00Z,332.11,332.11,330.89,330.92,47598.299997999995,15775442.69054714
1788280500000,2026-09-01T16:35:00Z,330.955,331.94,330.951,331.62,13554.063727,4493820.00974665
1788280800000,2026-09-01T16:40:00Z,331.67,332.348,331.527,331.53,11561.097221,3836469.1851083
1788281100000,2026-09-01T16:45:00Z,332.19,332.934,331.871,332.87,16151.396932,5365597.42975076
1788281400000,2026-09-01T16:50:00Z,332.84,333.574,332.813,333.46,14867.420016,4955850.77867938
1788281700000,2026-09-01T16:55:00Z,333.88,334.407,333.536,333.75,9657.601954000002,3225077.94596247
1788282000000,2026-09-01T17:00:00Z,333.675,333.754,332.437,332.51,8775.807553999999,2922588.76051276
1788282300000,2026-09-01T17:05:00Z,332.29,332.6,331.924,331.98,10027.149186999999,3330995.89747827
1788282600000,2026-09-01T17:10:00Z,331.495,331.988,331.422,331.83,9159.552700999999,3038033.11222552
1788282900000,2026-09-01T17:15:00Z,331.77,331.89,331.357,331.5,7020.494774,2327986.23836572
1788283200000,2026-09-01T17:20:00Z,331.38,331.942,331.377,331.83,10450.310507,3465915.49672695
1788283500000,2026-09-01T17:25:00Z,331.41,332.981,331.26,332.8,21257.427967,7058543.83664193
1788283800000,2026-09-01T17:30:00Z,333.17,333.505,332.63,332.695,10115.107874,3368456.34937964
1788284100000,2026-09-01T17:35:00Z,332.59,332.735,332.166,332.4,5442.6527989999995,1809913.91267674
1788284400000,2026-09-01T17:40:00Z,332.01,332.382,331.981,332.135,6162.21677,2047269.58016704
1788284700000,2026-09-01T17:45:00Z,332.235,332.452,331.917,332.01,11322.731553,3761212.14183127
1788285000000,2026-09-01T17:50:00Z,332.12,332.74,332.08,332.66,9850.638137000002,3274821.99217794
1788285300000,2026-09-01T17:55:00Z,332.39,332.584,332.19,332.57,18455.287806,6134253.45528219
1788285600000,2026-09-01T18:00:00Z,332.32,332.469,331.67,331.82,17678.96679,5873491.9761251
1788285900000,2026-09-01T18:05:00Z,331.74,332.651,331.67,332.47,20061.121754,6662304.55283993
1788286200000,2026-09-01T18:10:00Z,332.657,332.669,331.911,332.125,5371.4426029999997,1785389.9175208153002599
1788286500000,2026-09-01T18:15:00Z,332.127,332.842,332.098,332.517,18300.267727,6084510.5808794659
1788286800000,2026-09-01T18:20:00Z,332.517,332.552,332.165,332.355,12788.84442,4249973.770956654
1788287100000,2026-09-01T18:25:00Z,332.355,332.355,330.88,331.566,12906.253,4283600.205146123
1788287400000,2026-09-01T18:30:00Z,331.567,331.7,330.998,331.148,16141.424356,5350371.6525261304
1788287700000,2026-09-01T18:35:00Z,331.152,331.326,330.897,331.203,13740.312999,4548616.4671842219
1788288000000,2026-09-01T18:40:00Z,331.205,331.422,330.02,330.21,29006.554503,9590384.90352878
1788288300000,2026-09-01T18:45:00Z,329.71,330.571,329.69,329.995,17782.530026,5869815.77549931
1788288600000,2026-09-01T18:50:00Z,330.57,331.2,330.209,331.19,18191.074576,6017671.13850182
1788288900000,2026-09-01T18:55:00Z,331.5,331.72,331.095,331.59,16960.620225000002,5621151.50926433
1788289200000,2026-09-01T19:00:00Z,331.685,332.723,331.674,332.51,16348.564468,5426984.44826205
1788289500000,2026-09-01T19:05:00Z,332.68,333.32,332.445,332.97,24793.385018,8251022.83154074
1788289800000,2026-09-01T19:10:00Z,332.93,333.799,332.661,333.51,16616.510017,5534143.61602087
1788290100000,2026-09-01T19:15:00Z,333.62,333.777,332.7,332.81,38876.223380999996,12961671.09836881
1788290400000,2026-09-01T19:20:00Z,332.64,333.53,332.52,333.4,21603.619373,7195100.55471121
1788290700000,2026-09-01T19:25:00Z,333.755,334.653,333.511,334.62,27841.171943,9303361.47059777
1788291000000,2026-09-01T19:30:00Z,334.77,334.885,333.54,334.24,37123.407777,12405974.65773341
1788291300000,2026-09-01T19:35:00Z,333.96,334.242,333.13,333.475,41450.466844,13831656.02173457
1788291600000,2026-09-01T19:40:00Z,333.365,334.87,333.33,334.84,27636.475852999996,9235112.55329431
1788291900000,2026-09-01T19:45:00Z,334.69,335.02,334.35,334.58,38289.822321,12815481.00340727
1788292200000,2026-09-01T19:50:00Z,334.48,334.595,333.131,333.91,73695.142201,24594169.26402643
1788292500000,2026-09-01T19:55:00Z,334.885,335.84,333.919,335.47,201768.600787,67656159.43405338
1788292800000,2026-09-01T20:00:00Z,335.471,335.525,335.471,335.525,556436.333335,186674151.40535914
1788293100000,2026-09-01T20:05:00Z,335.525,335.525,333.107,334.105,1044,348565.8132
1788293400000,2026-09-01T20:10:00Z,334.251,336.375,334.251,336.37,782.053763,261688.95324603
1788293700000,2026-09-01T20:15:00Z,336.37,337.584,336.37,336.671,63.016935000000004,21201.90914349
1788294000000,2026-09-01T20:20:00Z,336.67,336.67,336.38,336.38,77,25904.4863
1788294300000,2026-09-01T20:25:00Z,336.38,336.565,336.011,336.386,297.74243,100087.30881422
1788294600000,2026-09-01T20:30:00Z,336.384,336.384,336.38,336.38,3,1009.14
1788294900000,2026-09-01T20:35:00Z,336.386,336.415,336.386,336.415,71,23885.4366
1788295200000,2026-09-01T20:40:00Z,336.415,336.415,335.995,335.995,88,29583.57
1788295500000,2026-09-01T20:45:00Z,335.995,336.412,335.995,336.412,46,15455.77
1788295800000,2026-09-01T20:50:00Z,336.414,337.713,336.414,336.417,0,0
1788296100000,2026-09-01T20:55:00Z,336.416,336.416,336.415,336.415,0,0
1788296400000,2026-09-01T21:00:00Z,336.415,336.415,336.415,336.415,0,0
1788296700000,2026-09-01T21:05:00Z,336.323,336.414,335.862,336.414,14,4708.3946
1788297000000,2026-09-01T21:10:00Z,336.415,336.415,336.415,336.415,137,46088.855
1788297300000,2026-09-01T21:15:00Z,336.415,336.415,336.415,336.415,5,1682.075
1788297600000,2026-09-01T21:20:00Z,336.415,336.415,336.415,336.415,2030,682922.45
1788297900000,2026-09-01T21:25:00Z,336.415,336.415,336.415,336.415,26,8746.79
1788298200000,2026-09-01T21:30:00Z,336.415,336.415,336.415,336.415,20,6728.3
1788298500000,2026-09-01T21:35:00Z,336.415,336.415,335.231,335.231,13,4373.395
1788298800000,2026-09-01T21:40:00Z,335.428,336.414,335.428,336.414,17845,6003200.76
1788299100000,2026-09-01T21:45:00Z,336.415,336.415,336.415,336.415,7.4879999999999995,2519.07552
1788299400000,2026-09-01T21:50:00Z,336.415,336.415,336.341,336.365,272.73900000000003,91753.1361243
1788299700000,2026-09-01T21:55:00Z,336.361,336.414,336.34,336.414,3.781,1271.70154
1788300000000,2026-09-01T22:00:00Z,336.402,336.402,336.34,336.34,9.149,3077.732749
1788300300000,2026-09-01T22:05:00Z,336.353,336.415,335.891,335.891,4.416,1485.59676
1788300600000,2026-09-01T22:10:00Z,335.89,335.89,334.475,334.475,130.37900000000002,43738.7516081
1788300900000,2026-09-01T22:15:00Z,334.475,334.975,334.475,334.975,15,5023.6245
1788301200000,2026-09-01T22:20:00Z,334.896,334.896,334.501,334.501,107,35799.2468
1788301500000,2026-09-01T22:25:00Z,334.5,334.5,334.5,334.5,145,48502.5
1788301800000,2026-09-01T22:30:00Z,334.5,334.5,334.5,334.5,51,17059.5
1788302100000,2026-09-01T22:35:00Z,334.5,334.5,334.5,334.5,108,36126
1788302400000,2026-09-01T22:40:00Z,334.496,334.496,334.476,334.476,32,10703.8304
1788302700000,2026-09-01T22:45:00Z,334.475,334.475,334.475,334.475,4,1337.9
1788303000000,2026-09-01T22:50:00Z,334.475,334.479,334.475,334.479,58,19399.55
1788303300000,2026-09-01T22:55:00Z,334.48,334.48,334.48,334.48,1,334.48
1788303600000,2026-09-01T23:00:00Z,334.48,334.48,334.48,334.48,13,4348.24
1788303900000,2026-09-01T23:05:00Z,334.48,334.48,334.48,334.48,53,17727.44
1788304200000,2026-09-01T23:10:00Z,334.48,334.48,334.48,334.48,40,13379.2
1788304800000,2026-09-01T23:20:00Z,334.48,334.48,334.48,334.48,5,1672.4
1788305100000,2026-09-01T23:25:00Z,334.48,334.48,334.48,334.48,1,334.48
1788305400000,2026-09-01T23:30:00Z,334.48,334.48,334.48,334.48,0,0
1788305700000,2026-09-01T23:35:00Z,334.48,334.48,334.48,334.48,50,16724
1788306000000,2026-09-01T23:40:00Z,334.48,334.48,334.48,334.48,3.003463,1004.59830424
1788306300000,2026-09-01T23:45:00Z,334.48,334.48,334.48,334.48,33,11037.84
1788306600000,2026-09-01T23:50:00Z,334.48,334.48,334.48,334.48,1,334.48
1788306900000,2026-09-01T23:55:00Z,334.48,334.48,334.48,334.48,39,13044.72
1788307200000,2026-09-02T00:00:00Z,333.95,333.95,333.89,333.89,21,7012.37
1788307500000,2026-09-02T00:05:00Z,333.37,333.95,333.36,333.95,12,4001.59
1788308100000,2026-09-02T00:15:00Z,335,335.21,335,335.21,58,19438.07
1788308400000,2026-09-02T00:20:00Z,335.44,335.46,335.44,335.46,17,5702.8
1788308700000,2026-09-02T00:25:00Z,335.57,335.57,335.57,335.57,5,1677.85
1788309000000,2026-09-02T00:30:00Z,335.03,335.44,335.03,335.44,14,4691.65
1788309600000,2026-09-02T00:40:00Z,335.43,335.43,335.43,335.43,1,335.43
1788309900000,2026-09-02T00:45:00Z,334.53,334.53,334.49,334.49,12,4014.29
1788310800000,2026-09-02T01:00:00Z,333.95,333.95,333.94,333.95,6,2003.68
1788311100000,2026-09-02T01:05:00Z,334,334.11,333.4,333.4,18,6011.4
1788312600000,2026-09-02T01:30:00Z,333.58,333.58,333.58,333.58,1,333.58
1788312900000,2026-09-02T01:35:00Z,333.51,333.51,333.4,333.4,22,7336.2
1788313500000,2026-09-02T01:45:00Z,332.61,332.62,332.28,332.28,89,29600.54
1788313800000,2026-09-02T01:50:00Z,332.14,332.14,332.01,332.01,50,16606.44
1788314100000,2026-09-02T01:55:00Z,332,332,332,332,1,332
1788314400000,2026-09-02T02:00:00Z,332.03,332.03,332.02,332.02,13,4316.34
1788314700000,2026-09-02T02:05:00Z,332.07,332.07,332.07,332.07,12,3984.84
1788315900000,2026-09-02T02:25:00Z,333.13,333.15,333.13,333.15,16,5330.32
1788316200000,2026-09-02T02:30:00Z,333.21,333.21,333.01,333.01,16,5331.16
1788316500000,2026-09-02T02:35:00Z,332.76,332.76,332.76,332.76,1,332.76
1788317400000,2026-09-02T02:50:00Z,332.37,332.44,332.37,332.44,13,4321.02
1788317700000,2026-09-02T02:55:00Z,332.56,332.56,332.56,332.56,1,332.56
1788318000000,2026-09-02T03:00:00Z,332.68,332.72,332.68,332.72,14,4657.84
1788318600000,2026-09-02T03:10:00Z,332.68,332.75,332.68,332.75,16,5323.44
1788318900000,2026-09-02T03:15:00Z,332.74,332.74,332.74,332.74,5,1663.7
1788321600000,2026-09-02T04:00:00Z,332.39,332.39,331.89,331.89,45,14948.47
1788321900000,2026-09-02T04:05:00Z,331.68,331.68,331.68,331.68,10,3316.8
1788322200000,2026-09-02T04:10:00Z,331.68,331.7,331.68,331.7,31,10282.12
1788323100000,2026-09-02T04:25:00Z,332.07,332.23,331.4,331.4,48,15924.95
1788324000000,2026-09-02T04:40:00Z,332.07,332.2,332.07,332.2,15,4982.49
1788324900000,2026-09-02T04:55:00Z,331.56,331.56,331.22,331.22,72,23862.02
1788325200000,2026-09-02T05:00:00Z,331.9,331.9,331.9,331.9,1,331.9
1788326700000,2026-09-02T05:25:00Z,331.91,331.91,331.91,331.91,5,1659.55
1788327000000,2026-09-02T05:30:00Z,332.72,332.72,332.72,332.72,10,3327.2
1788328200000,2026-09-02T05:50:00Z,333,333,333,333,5,1665
1788328500000,2026-09-02T05:55:00Z,333.01,333.01,333.01,333.01,12,3996.12
1788329700000,2026-09-02T06:15:00Z,332.13,332.13,332.1,332.1,43,14280.72
1788330000000,2026-09-02T06:20:00Z,331.22,331.22,331.1,331.1,10,3311.58
1788330300000,2026-09-02T06:25:00Z,331.26,331.26,331,331,10,3311.28
1788331500000,2026-09-02T06:45:00Z,332,332,332,332,100,33200
1788332100000,2026-09-02T06:55:00Z,331.35,331.35,330.03,330.61,673,222523.33
1788332400000,2026-09-02T07:00:00Z,331.61,331.99,331.61,331.99,12,3980.08
1788332700000,2026-09-02T07:05:00Z,332.59,333.28,332.59,333.28,95,31612.79
1788333000000,2026-09-02T07:10:00Z,333.06,333.2,333.06,333.2,385,128272.72
1788333300000,2026-09-02T07:15:00Z,333.13,333.18,333.13,333.18,19,6329.61
1788335700000,2026-09-02T07:55:00Z,331.64,331.64,331.29,331.29,36,11932.89
1788336000000,2026-09-02T08:00:00Z,334.48,334.53,332.637,333.46,2570.568497,856303.4077542
1788336300000,2026-09-02T08:05:00Z,333.46,333.46,333.46,333.46,62,20674.52
1788336900000,2026-09-02T08:15:00Z,333.46,333.46,333.46,333.46,1,333.46
1788337200000,2026-09-02T08:20:00Z,333.46,333.46,333.46,333.46,3,1000.38
1788337500000,2026-09-02T08:25:00Z,333.46,333.46,333.46,333.46,3,1000.38
1788337800000,2026-09-02T08:30:00Z,333.46,333.46,333.46,333.46,1,333.46
1788338400000,2026-09-02T08:40:00Z,333.46,333.46,333.46,333.46,31,10337.26
1788338700000,2026-09-02T08:45:00Z,333.46,333.46,332.831,332.831,77,25639.306
1788339000000,2026-09-02T08:50:00Z,332.784,332.784,329.639,329.897,1224.290429,404293.26578121
1788339300000,2026-09-02T08:55:00Z,329.903,329.925,329.455,329.455,320,105479.232
1788339600000,2026-09-02T09:00:00Z,330,330,329.455,330,332,109379.06
1788340500000,2026-09-02T09:15:00Z,329.508,329.774,329.508,329.774,86,28350.3472
1788340800000,2026-09-02T09:20:00Z,329.775,329.775,329.775,329.775,2,659.55
1788341100000,2026-09-02T09:25:00Z,329.775,329.775,329.775,329.775,0,0
1788341400000,2026-09-02T09:30:00Z,329.775,329.775,329.775,329.775,0,0
1788341700000,2026-09-02T09:35:00Z,329.775,329.775,329.775,329.775,32,10552.8
1788342300000,2026-09-02T09:45:00Z,329.775,329.775,329.775,329.775,44,14510.1
1788342600000,2026-09-02T09:50:00Z,329.775,329.775,329.775,329.775,14,4616.85
1788343200000,2026-09-02T10:00:00Z,329.775,329.775,329.775,329.775,24,7914.6
1788343500000,2026-09-02T10:05:00Z,329.978,330.995,329.978,330.995,10,3309.95
1788343800000,2026-09-02T10:10:00Z,330.995,330.995,330.995,330.995,143,47332.285
1788344100000,2026-09-02T10:15:00Z,330.995,330.995,330.995,330.995,71,23500.645
1788344400000,2026-09-02T10:20:00Z,330.995,330.995,329.995,329.995,37.015445,12251.927217775
1788345000000,2026-09-02T10:30:00Z,329.995,329.995,329.995,329.995,38,12539.81
1788345900000,2026-09-02T10:45:00Z,329.995,329.995,329.995,329.995,0,0
1788346500000,2026-09-02T10:55:00Z,329.995,329.995,329.995,329.995,0,0
1788346800000,2026-09-02T11:00:00Z,329.995,331.5,329.995,331.276,115,37962.811
1788347100000,2026-09-02T11:05:00Z,331.275,331.275,330.326,330.326,144,47637.4792
1788347400000,2026-09-02T11:10:00Z,330.325,330.829,330.325,330.829,463,152999.1834
1788347700000,2026-09-02T11:15:00Z,330.903,331.275,330.903,331.275,642,212677.7796
1788348000000,2026-09-02T11:20:00Z,331.275,331.275,331.275,331.275,12,3975.3
1788348300000,2026-09-02T11:25:00Z,331.275,331.275,331.275,331.275,56,18551.4
1788348600000,2026-09-02T11:30:00Z,331.275,333.01,331.275,333.01,221,73533.4626
1788348900000,2026-09-02T11:35:00Z,333.011,333.015,333.011,333.015,197.613,65807.9943885
1788349200000,2026-09-02T11:40:00Z,333.015,333.015,333.015,333.015,152,50618.28
1788349500000,2026-09-02T11:45:00Z,332.704,332.704,331.09,331.09,201,66871.896
1788350100000,2026-09-02T11:55:00Z,331.09,331.09,331.09,331.09,48,15892.32
1788350400000,2026-09-02T12:00:00Z,331.09,331.5,331.09,331.5,58,19216.7456
1788350700000,2026-09-02T12:05:00Z,331.5,332.555,331.5,332.555,24,7967.2392
1788351000000,2026-09-02T12:10:00Z,332.555,333.048,332.555,333.048,1292,429722.4678
1788351300000,2026-09-02T12:15:00Z,333.049,333.749,333.049,333.551,74.658728,24865.0893604
1788351600000,2026-09-02T12:20:00Z,333.55,335.885,333.55,335.885,71,23702.2992
1788351900000,2026-09-02T12:25:00Z,335.885,335.885,335.885,335.885,104.008717,34934.967909545
1788352200000,2026-09-02T12:30:00Z,335.868,335.868,335.78,335.78,200,67156.24
1788352500000,2026-09-02T12:35:00Z,335.175,335.869,332.15,335.869,77,25802.2534
1788352800000,2026-09-02T12:40:00Z,335.87,335.87,332.15,332.15,136,45199.7632
1788353100000,2026-09-02T12:45:00Z,332.15,332.15,332.15,332.15,266,88351.9
1788353400000,2026-09-02T12:50:00Z,332.15,332.15,332.15,332.15,503,167071.45
1788353700000,2026-09-02T12:55:00Z,332.15,332.15,331.656,331.656,338,112266.4634
1788354000000,2026-09-02T13:00:00Z,331.656,331.656,331.595,331.655,91,30177.2562
1788354300000,2026-09-02T13:05:00Z,331.742,332.175,331.742,332.175,11,3653.8854
1788354600000,2026-09-02T13:10:00Z,332.175,332.669,332.012,332.012,102,33929.178
1788354900000,2026-09-02T13:15:00Z,332.011,333.49,332.01,333.453,45,14963.7195
1788355200000,2026-09-02T13:20:00Z,333.423,335.023,333.27,335.023,19,6348.5213
1788355500000,2026-09-02T13:25:00Z,335.006,335.006,334.01,334.01,63,21083.8572
1788355800000,2026-09-02T13:30:00Z,334.01,337.755,333.989,335.421,33090.830193,11054614.4130261562
1788356100000,2026-09-02T13:35:00Z,335.388,336.709,333.043,336.668,5734.506313,1918000.4848961125
1788356400000,2026-09-02T13:40:00Z,336.86,336.943,334.453,334.86,18965.624941,6378922.94796836
1788356700000,2026-09-02T13:45:00Z,334.56,334.65,331.006,331.53,28761.280464000003,9562725.97248155
1788357000000,2026-09-02T13:50:00Z,331.585,331.712,330.12,330.88,20751.179225000003,6871501.91109013
1788357300000,2026-09-02T13:55:00Z,330.82,332.2,330.816,332.2,23942.036844,7928661.68068483
1788357600000,2026-09-02T14:00:00Z,331.49,333.24,331.39,332.175,20432.137070999997,6783534.89041063
1788357900000,2026-09-02T14:05:00Z,334.065,335.045,333.17,334.72,15535.433251999999,5193155.11015538
1788358200000,2026-09-02T14:10:00Z,336.29,337.024,335.018,337,14321.442593999998,4813307.96286005
1788358500000,2026-09-02T14:15:00Z,337.09,338.782,336.9,338.41,21308.6232,7198129.62800352
1788358800000,2026-09-02T14:20:00Z,337.84,338.699,337.094,337.115,12377.283726999998,4183521.899726
1788359100000,2026-09-02T14:25:00Z,336.98,337.606,336.825,337.16,13677.793075000001,4612253.04055876
1788359400000,2026-09-02T14:30:00Z,337.77,343.38,337.6,342.85,43403.113129,14790717.57809154
1788359700000,2026-09-02T14:35:00Z,342.905,343.172,340.614,340.625,55462.252711,18980791.28303282
1788360000000,2026-09-02T14:40:00Z,340.67,341.1,339.81,341.1,26107.431451,8885374.9008558069
1788360300000,2026-09-02T14:45:00Z,340.883,341.185,340.03,340.35,21455.753564,7312124.216875801
1788360600000,2026-09-02T14:50:00Z,340.358,342.4,340.35,341.624,14728.060026,5020103.4597516798
1788360900000,2026-09-02T14:55:00Z,341.634,342.448,340.798,340.968,16232.004523,5552111.1241021093
1788361200000,2026-09-02T15:00:00Z,340.977,342.213,340.65,342.054,6101.589096,2080339.9608196248
1788361500000,2026-09-02T15:05:00Z,342.053,342.517,341.744,342.246,7979.695761000001,2730918.6068266831422348
1788361800000,2026-09-02T15:10:00Z,342.42,342.707,342.124,342.69,14598.882922,4999146.57507069
1788362100000,2026-09-02T15:15:00Z,342.54,342.822,340.828,341.17,17392.67355,5952600.78007098
1788362400000,2026-09-02T15:20:00Z,341.175,341.86,340.7,340.905,16379.423656,5587470.20526977
1788362700000,2026-09-02T15:25:00Z,340.86,343.23,340.86,343.23,19305.073906,6602868.09589181
1788363000000,2026-09-02T15:30:00Z,343.31,345.303,343.083,345.17,27540.390381999998,9478821.26724734
1788363300000,2026-09-02T15:35:00Z,344.83,345.401,344.608,345.02,21344.158515,7363764.56949692
1788363600000,2026-09-02T15:40:00Z,345.34,346.934,344.61,346.84,24876.176147000002,8605273.82032767
1788363900000,2026-09-02T15:45:00Z,346.705,346.858,345.86,345.88,11795.575337,4084810.09831817
1788364200000,2026-09-02T15:50:00Z,345.93,345.949,345.05,345.5,10696.001005999999,3697140.13253024
1788364500000,2026-09-02T15:55:00Z,345.495,345.891,344.24,345.33,20304.358559,7009391.4747396
1788364800000,2026-09-02T16:00:00Z,345.31,345.402,344.458,344.55,14313.506914,4935013.7765103
1788365100000,2026-09-02T16:05:00Z,345.15,346.571,344.908,345.78,14031.229154999999,4852347.01628204
1788365400000,2026-09-02T16:10:00Z,345.85,346.077,344.79,344.79,9149.467632,3160375.2564152
1788365700000,2026-09-02T16:15:00Z,344.72,345.002,343.695,343.92,7122.897347,2451453.39000972
1788366000000,2026-09-02T16:20:00Z,343.93,344.11,343.34,343.695,12716.909018,4371841.87264427
1788366300000,2026-09-02T16:25:00Z,344.24,344.339,342.96,343.27,8406.779291,2889427.69655321
1788366600000,2026-09-02T16:30:00Z,343.37,343.992,343.322,343.66,6247.964903,2147390.54855764
1788366900000,2026-09-02T16:35:00Z,343.655,343.733,342.185,342.36,7973.331037,2736293.32660939
1788367200000,2026-09-02T16:40:00Z,342.345,342.358,341.648,341.74,6586.654705,2252639.86110282
1788367500000,2026-09-02T16:45:00Z,341.85,342.219,341.533,341.71,6887.969787,2354620.78702493
1788367800000,2026-09-02T16:50:00Z,341.73,342.395,341.377,342.33,10213.657575,3490836.14237259
1788368100000,2026-09-02T16:55:00Z,342.56,343.468,342.339,342.77,13906.92035,4767840.22864179
1788368400000,2026-09-02T17:00:00Z,343.54,344.802,343.465,344.62,11860.904337999998,4084074.67942701
1788368700000,2026-09-02T17:05:00Z,344.85,344.85,343.42,343.42,13432.231286,4620409.51519638
1788369000000,2026-09-02T17:10:00Z,343.58,344.284,343.445,344.26,45361.196644999996,15594535.27755864
1788369300000,2026-09-02T17:15:00Z,343.95,344.405,343.95,344.025,8562.276032,2947054.9248197
1788369600000,2026-09-02T17:20:00Z,344.07,344.51,343.87,344.51,16977.626038,5842569.87014807
1788369900000,2026-09-02T17:25:00Z,343.87,344.176,343.641,343.97,6730.161532,2315094.13205346
1788370200000,2026-09-02T17:30:00Z,344.03,344.214,343.472,343.89,5868.544298000001,2017739.91931682
1788370500000,2026-09-02T17:35:00Z,344.355,344.355,343.464,343.78,8627.801016,2967907.4687974
1788370800000,2026-09-02T17:40:00Z,343.28,343.673,343.28,343.59,9398.607309,3228432.88897027
1788371100000,2026-09-02T17:45:00Z,344.09,344.469,343.575,343.81,6733.801108,2315927.93310979
1788371400000,2026-09-02T17:50:00Z,343.63,343.729,342.92,343.04,7348.8210309999995,2523383.78434915
1788371700000,2026-09-02T17:55:00Z,342.98,343.263,342.853,343.2,7744.4956839999995,2656609.84347389
1788372000000,2026-09-02T18:00:00Z,343.21,343.49,343.04,343.23,15568.95144,5345700.67510836
1788372300000,2026-09-02T18:05:00Z,343.15,343.77,342.89,342.89,9991.464962,3431283.88444748
1788372600000,2026-09-02T18:10:00Z,342.93,343.175,342.476,343.11,10160.948799,3484091.79806863
1788372900000,2026-09-02T18:15:00Z,343.085,343.74,342.59,343.27,13590.232211999999,4661408.87801936
1788373200000,2026-09-02T18:20:00Z,343.11,343.388,343.04,343.23,11754.474988,4034761.15395096
1788373500000,2026-09-02T18:25:00Z,342.97,343.283,342.683,342.75,11522.989659,3951719.42423471
1788373800000,2026-09-02T18:30:00Z,342.53,342.836,342.082,342.21,15457.00619,5292720.04875256
1788374100000,2026-09-02T18:35:00Z,342.08,342.871,341.995,342.56,16745.08408,5731549.2416126
1788374400000,2026-09-02T18:40:00Z,342.34,342.48,342.245,342.48,9141.629042,3129725.37633041
1788374700000,2026-09-02T18:45:00Z,342.28,342.759,342.083,342.7,16487.694647,5645586.14823803
1788375000000,2026-09-02T18:50:00Z,342.56,342.657,342.387,342.61,10897.060894,3732416.61946321
1788375300000,2026-09-02T18:55:00Z,342.44,342.668,342.365,342.56,8546.223015,2927401.01137826
1788375600000,2026-09-02T19:00:00Z,342.515,342.531,342.08,342.08,12003.394474,4109591.36300835
1788375900000,2026-09-02T19:05:00Z,342.15,342.234,341.93,341.93,10816.975693,3700909.24662733
1788376200000,2026-09-02T19:10:00Z,341.92,341.926,341.128,341.438,10989.067453,3752627.9544252258
1788376500000,2026-09-02T19:15:00Z,341.436,341.471,340.6,340.809,4052.3868279999997,1382678.2622439506976307
1788376800000,2026-09-02T19:20:00Z,340.813,341.416,340.599,341.347,9974,3399375.9587
1788377100000,2026-09-02T19:25:00Z,341.38,341.38,340.741,341.11,12770.923136,4355757.04342619
1788377400000,2026-09-02T19:30:00Z,341.025,341.239,340.978,341.18,13976.875027,4768097.70277333
1788377700000,2026-09-02T19:35:00Z,341.09,341.33,340.916,341.09,14741.94167,5029182.44264299
1788378000000,2026-09-02T19:40:00Z,341.03,341.07,340.253,340.79,17498.035199,5958602.42670843
1788378300000,2026-09-02T19:45:00Z,340.74,340.97,340.58,340.58,18948.347953999997,6457657.61743665
1788378600000,2026-09-02T19:50:00Z,340.71,341.129,340.315,341.06,41987.689352,14305272.94252936
1788378900000,2026-09-02T19:55:00Z,340.99,341.66,340.99,341.62,129344.49636699999,44164354.92327123
1788379200000,2026-09-02T20:00:00Z,341.526,341.58,341.526,341.58,387621.525394,132391085.4202021362
1788379500000,2026-09-02T20:05:00Z,341.58,342.383,341.385,341.385,137,46790.0758
1788379800000,2026-09-02T20:10:00Z,341.385,341.645,341.385,341.645,82.33686900000001,28120.95548866
1788380100000,2026-09-02T20:15:00Z,341.645,341.645,341.32,341.32,409.35683,139755.40421839
1788380400000,2026-09-02T20:20:00Z,341.32,341.32,341.32,341.32,218,74407.76
1788380700000,2026-09-02T20:25:00Z,341.32,341.32,341.32,341.32,2.29,781.6228
1788381000000,2026-09-02T20:30:00Z,341.32,341.32,341.32,341.32,365,124581.8
1788381300000,2026-09-02T20:35:00Z,341.32,341.32,341.32,341.32,16,5461.12
1788381600000,2026-09-02T20:40:00Z,341.32,341.32,341.32,341.32,128,43688.96
1788381900000,2026-09-02T20:45:00Z,341.32,341.32,341.32,341.32,711,242678.52
1788382200000,2026-09-02T20:50:00Z,341.32,341.32,339.435,339.435,342.044249,116125.93798329
1788382500000,2026-09-02T20:55:00Z,339.435,339.435,339.435,339.435,16800,5702508
1788382800000,2026-09-02T21:00:00Z,339.435,339.435,338.886,338.886,203,68897.4083
1788383100000,2026-09-02T21:05:00Z,338.886,338.886,338.885,338.885,16,5422.1648
1788383400000,2026-09-02T21:10:00Z,338.885,338.885,338.885,338.885,14,4744.39
1788383700000,2026-09-02T21:15:00Z,338.885,338.885,338.885,338.885,295,99971.075
1788384000000,2026-09-02T21:20:00Z,338.885,339.434,338.885,339.434,990,335597.625
1788384300000,2026-09-02T21:25:00Z,339.435,339.5,339.435,339.5,179.351,60887.5840284
1788384600000,2026-09-02T21:30:00Z,339.5,341.314,339.5,341.314,159.856,54335.3261552
1788384900000,2026-09-02T21:35:00Z,341.315,341.485,341.315,341.485,78.083,26652.616971
1788385200000,2026-09-02T21:40:00Z,341.485,341.485,341.485,341.485,3607.558,1231926.94363
1788385500000,2026-09-02T21:45:00Z,341.222,341.222,339.91,339.91,10.021,3410.2014155
1788385800000,2026-09-02T21:50:00Z,339.91,339.91,339.91,339.91,242.976,82589.97216
1788386100000,2026-09-02T21:55:00Z,339.91,339.91,339.91,339.91,122,41469.02
1788386400000,2026-09-02T22:00:00Z,339.91,339.91,339.91,339.91,63,21414.33
1788386700000,2026-09-02T22:05:00Z,339.91,339.91,339.91,339.91,4.98,1692.7518
1788387000000,2026-09-02T22:10:00Z,339.883,339.883,339.745,339.745,130,44169.697
1788387300000,2026-09-02T22:15:00Z,339.745,339.745,339.745,339.745,31,10532.095
1788387600000,2026-09-02T22:20:00Z,339.745,339.745,339.745,339.745,31,10532.095
1788387900000,2026-09-02T22:25:00Z,339.958,341.025,339.958,341.025,5,1704.058
1788388200000,2026-09-02T22:30:00Z,341.025,341.025,341.025,341.025,35,11935.875
1788388500000,2026-09-02T22:35:00Z,341.025,341.025,340.935,340.935,18,6137.01
1788388800000,2026-09-02T22:40:00Z,340.935,340.935,340.935,340.935,6,2045.61
1788389100000,2026-09-02T22:45:00Z,340.935,340.935,340.935,340.935,1,340.935
1788389400000,2026-09-02T22:50:00Z,340.935,340.935,340.935,340.935,1,340.935
1788390000000,2026-09-02T23:00:00Z,340.935,340.935,340.935,340.935,75,25570.125
1788390300000,2026-09-02T23:05:00Z,340.935,340.935,340.935,340.935,7.5,2557.0125
1788390600000,2026-09-02T23:10:00Z,340.735,340.735,339.735,339.735,13,4427.943
1788390900000,2026-09-02T23:15:00Z,339.735,339.735,339.735,339.735,82,27858.27
1788391200000,2026-09-02T23:20:00Z,339.735,339.735,339.691,339.735,36,12230.0748
1788391500000,2026-09-02T23:25:00Z,339.735,340.539,339.735,340.539,70,23781.45
1788391800000,2026-09-02T23:30:00Z,340.54,340.54,340.54,340.54,106.25787299999999,36185.05607142
1788392100000,2026-09-02T23:35:00Z,340.54,340.54,340.54,340.54,1,340.54
1788392700000,2026-09-02T23:45:00Z,340.54,341.32,340.54,341.32,65,22142.9
1788393000000,2026-09-02T23:50:00Z,341.317,341.317,341.3,341.3,33,11262.9
1788393300000,2026-09-02T23:55:00Z,341.377,341.765,341.377,341.765,139,47471.1827
1788393600000,2026-09-03T00:00:00Z,341.51,341.83,341.5,341.83,7,2392.16
1788393900000,2026-09-03T00:05:00Z,341.5,341.82,341.49,341.82,14,4782.59
1788394200000,2026-09-03T00:10:00Z,341.61,341.64,341.22,341.24,25,8535.87
1788394500000,2026-09-03T00:15:00Z,341.03,341.32,340.87,340.87,35,11943.9
1788395100000,2026-09-03T00:25:00Z,340.88,340.88,340.63,340.66,23,7835.17
1788395400000,2026-09-03T00:30:00Z,340.65,340.65,340.65,340.65,19,6472.35
1788396300000,2026-09-03T00:45:00Z,340.75,340.75,340.75,340.75,3,1022.25
1788396600000,2026-09-03T00:50:00Z,340.75,340.75,340.75,340.75,3,1022.25
1788398700000,2026-09-03T01:25:00Z,341.08,341.08,341.04,341.04,4,1364.24
1788399300000,2026-09-03T01:35:00Z,342.32,342.46,342.3,342.3,6,2054.16
1788399600000,2026-09-03T01:40:00Z,341.34,341.34,341.03,341.03,5,1706.29
1788400200000,2026-09-03T01:50:00Z,341.06,341.06,341.03,341.03,5,1705.27
1788400500000,2026-09-03T01:55:00Z,341.05,341.05,341.01,341.01,109,37172.3
1788400800000,2026-09-03T02:00:00Z,340.58,340.58,340.37,340.37,5,1702.41
1788403200000,2026-09-03T02:40:00Z,341.76,341.76,341.76,341.76,9,3075.84
1788404400000,2026-09-03T03:00:00Z,341.53,341.54,341.53,341.54,100,34153.28
1788405000000,2026-09-03T03:10:00Z,341.69,341.74,341.69,341.74,22,7517.73
1788405600000,2026-09-03T03:20:00Z,342.81,342.81,342.68,342.68,18,6169.54
1788408300000,2026-09-03T04:05:00Z,342.67,342.67,342.67,342.67,7,2398.69
1788410100000,2026-09-03T04:35:00Z,343.06,343.06,342.96,342.96,20,6860.1
1788411000000,2026-09-03T04:50:00Z,342.94,343.09,342.46,342.46,117,40133.11
1788412200000,2026-09-03T05:10:00Z,341.04,341.04,341.01,341.01,35,11935.77
1788412500000,2026-09-03T05:15:00Z,340.37,340.37,339.97,339.97,28,9522.44
1788412800000,2026-09-03T05:20:00Z,338.31,338.31,338,338.01,54,18253.39
1788413100000,2026-09-03T05:25:00Z,338,338,338,338,12,4056
1788413700000,2026-09-03T05:35:00Z,338.67,338.67,338.67,338.67,52,17610.84
1788415500000,2026-09-03T06:05:00Z,340.49,340.49,340.49,340.49,10,3404.9
1788416100000,2026-09-03T06:15:00Z,340.94,340.95,339.81,340.91,536,182742.3
1788417600000,2026-09-03T06:40:00Z,340.93,341.96,340.93,341.96,300,102547.45
1788417900000,2026-09-03T06:45:00Z,340.99,340.99,340.09,340.09,15,5102.25
1788418800000,2026-09-03T07:00:00Z,340.49,340.49,340.49,340.49,10,3404.9
1788419100000,2026-09-03T07:05:00Z,341.66,341.94,341.66,341.94,100,34188.12
1788419400000,2026-09-03T07:10:00Z,341.44,341.77,341.3,341.77,45,15371.57
1788420900000,2026-09-03T07:35:00Z,341.29,341.3,341.29,341.3,78,26621.06
1788421200000,2026-09-03T07:40:00Z,341.31,341.76,341.31,341.76,40,13666.35
1788422100000,2026-09-03T07:55:00Z,341.09,341.64,341.09,341.64,35,11939.24
1788422400000,2026-09-03T08:00:00Z,341.765,342.001,339.016,342.001,2374.079074,805778.1066374884
1788422700000,2026-09-03T08:05:00Z,342.021,342.063,338.56,340.79,1274,432323.964
1788423000000,2026-09-03T08:10:00Z,340.79,340.79,340.79,340.79,0,0
1788423600000,2026-09-03T08:20:00Z,340.79,340.79,340.79,340.79,15.146827,5161.88717333
1788423900000,2026-09-03T08:25:00Z,340.79,340.79,340.79,340.79,0,0
1788424500000,2026-09-03T08:35:00Z,340.79,340.79,340.79,340.79,0,0
1788424800000,2026-09-03T08:40:00Z,340.79,340.79,340.79,340.79,14,4771.06
1788425100000,2026-09-03T08:45:00Z,340.79,340.79,339.985,339.985,1,340.79
1788425400000,2026-09-03T08:50:00Z,339.985,339.985,339.985,339.985,0,0
1788425700000,2026-09-03T08:55:00Z,339.985,339.985,339.985,339.985,1,339.985
1788426000000,2026-09-03T09:00:00Z,339.985,339.985,339.985,339.985,0,0
1788426600000,2026-09-03T09:10:00Z,339.985,339.985,339.985,339.985,0,0
1788426900000,2026-09-03T09:15:00Z,339.985,339.985,339.985,339.985,0,0
1788427200000,2026-09-03T09:20:00Z,339.985,339.985,339.985,339.985,0,0
1788427500000,2026-09-03T09:25:00Z,339.688,339.688,338.785,338.785,0,0
1788427800000,2026-09-03T09:30:00Z,338.785,338.785,338.785,338.785,0,0
1788428100000,2026-09-03T09:35:00Z,338.785,338.785,338.785,338.785,0,0
1788428400000,2026-09-03T09:40:00Z,338.785,338.785,338.785,338.785,76,25747.66
1788428700000,2026-09-03T09:45:00Z,338.785,338.785,338.785,338.785,0,0
1788429000000,2026-09-03T09:50:00Z,338.785,338.785,338.785,338.785,0,0
1788429300000,2026-09-03T09:55:00Z,338.785,338.785,338.785,338.785,24,8130.84
1788429900000,2026-09-03T10:05:00Z,338.785,339.02,338.785,338.785,100,33902
1788430200000,2026-09-03T10:10:00Z,339.02,339.02,336.931,336.931,593,200899.505
1788430500000,2026-09-03T10:15:00Z,337.007,337.39,337.007,337.39,44,14828.308
1788430800000,2026-09-03T10:20:00Z,337.39,337.39,337.39,337.39,0,0
1788431700000,2026-09-03T10:35:00Z,337.39,337.39,337.39,337.39,0,0
1788432000000,2026-09-03T10:40:00Z,337.39,337.39,337.39,337.39,0.659112,222.37779768
1788432300000,2026-09-03T10:45:00Z,337.348,338.007,337.14,338.007,0,0
1788432600000,2026-09-03T10:50:00Z,338.019,338.08,338.019,338.08,400,135232
1788432900000,2026-09-03T10:55:00Z,338.08,338.08,338.08,338.08,0,0
1788433200000,2026-09-03T11:00:00Z,338.08,338.644,338.08,338.644,107.17297,36233.0376976
1788433500000,2026-09-03T11:05:00Z,338.645,338.645,338.645,338.645,236,79920.22
1788433800000,2026-09-03T11:10:00Z,338.645,338.645,338.645,338.645,0,0
1788434100000,2026-09-03T11:15:00Z,338.645,338.645,338.645,338.645,16,5418.32
1788434400000,2026-09-03T11:20:00Z,338.645,338.645,338.256,338.256,1000,338645
1788434700000,2026-09-03T11:25:00Z,338.255,338.255,337.51,338.255,105,35516.775
1788435000000,2026-09-03T11:30:00Z,338.255,338.255,338.255,338.255,0,0
1788435300000,2026-09-03T11:35:00Z,338.255,338.255,338.255,338.255,52.008,17591.96604
1788435600000,2026-09-03T11:40:00Z,338.255,338.255,338.255,338.255,0,0
1788435900000,2026-09-03T11:45:00Z,338.255,338.255,338.255,338.255,0,0
1788436200000,2026-09-03T11:50:00Z,338.255,338.255,338.255,338.255,7,2367.785
1788436500000,2026-09-03T11:55:00Z,338.255,338.255,338.255,338.255,37,12515.435
1788436800000,2026-09-03T12:00:00Z,338.255,338.255,338.255,338.255,0,0
1788437400000,2026-09-03T12:10:00Z,338.255,338.671,338.255,338.671,144,48708.72
1788437700000,2026-09-03T12:15:00Z,338.672,338.68,338.672,338.68,430,145632.4
1788438000000,2026-09-03T12:20:00Z,338.466,338.466,336.53,336.53,217,73342.7016
1788438300000,2026-09-03T12:25:00Z,336.53,336.53,336.53,336.53,2,673.06
1788438600000,2026-09-03T12:30:00Z,336.53,338.785,336.53,338.785,291.02958,98243.87392413
1788438900000,2026-09-03T12:35:00Z,338.785,338.785,336.05,337.284,194,65349.0164
1788439200000,2026-09-03T12:40:00Z,337.285,337.541,336.846,337.541,82,27646.0912
1788439500000,2026-09-03T12:45:00Z,337.542,337.634,337.542,337.634,0,0
1788439800000,2026-09-03T12:50:00Z,337.635,338.63,337.635,337.902,1412,477789.7464
1788440100000,2026-09-03T12:55:00Z,337.903,339.645,337.903,339.645,22,7435.89
1788440400000,2026-09-03T13:00:00Z,339.645,339.645,337.395,337.395,0,0
1788440700000,2026-09-03T13:05:00Z,337.395,338.805,337.395,338.805,226,76543.262
1788441000000,2026-09-03T13:10:00Z,338.805,338.805,338.805,338.805,173,58613.265
1788441300000,2026-09-03T13:15:00Z,338.805,338.805,337.86,338.049,10,3388.05
1788441600000,2026-09-03T13:20:00Z,338.05,338.05,337.2,338.05,630,212844.85
1788441900000,2026-09-03T13:25:00Z,338.05,342.207,334.713,336.71,476,160911.8
1788442200000,2026-09-03T13:30:00Z,336.709,336.709,327.479,329.706,21614.13943,7267066.952922416
1788442500000,2026-09-03T13:35:00Z,329.659,332.757,328.94,331.866,15726.122385,5191091.3494580545
1788442800000,2026-09-03T13:40:00Z,331.847,334.643,331.777,332.006,6518.956969000001,2170026.7758093816328877
1788443100000,2026-09-03T13:45:00Z,332.012,332.687,330.597,332.652,8314.731172,2756880.6690574492
1788443400000,2026-09-03T13:50:00Z,332.657,333.092,330.847,331.256,16043.035961,5320772.866384136
1788443700000,2026-09-03T13:55:00Z,331.288,331.957,330.903,331.351,6412.324964,2125731.9315804888
1788444000000,2026-09-03T14:00:00Z,331.11,331.358,327.06,327.562,21086.987594,6947724.517969994
1788444300000,2026-09-03T14:05:00Z,327.601,328.563,326.151,327.947,9497.50805,3115320.6911406
1788444600000,2026-09-03T14:10:00Z,327.969,330.216,327.903,329.994,11077.733701,3636254.1396595728
1788444900000,2026-09-03T14:15:00Z,329.988,333.001,329.68,333.001,21133.404539,6989668.8374798672
1788445200000,2026-09-03T14:20:00Z,333.016,334.191,331.818,331.908,11918.165982999999,3977413.4695729828662696
1788445500000,2026-09-03T14:25:00Z,331.907,332.98,331.668,332.377,4941.34632,1642841.573738544
1788445800000,2026-09-03T14:30:00Z,332.412,332.498,330.975,331.726,6010.6776660000005,1995056.199186285565961
1788446100000,2026-09-03T14:35:00Z,331.73,332.73,331.698,332.656,13023.842306,4325061.6443800405
1788446400000,2026-09-03T14:40:00Z,332.68,333.633,332.68,333.275,14434.691404,4807113.4583008668
1788446700000,2026-09-03T14:45:00Z,333.267,334.99,333.214,334.53,4026.758481,1344240.0810489897
1788447000000,2026-09-03T14:50:00Z,334.55,337.03,334.55,337.006,41365.528218,13871145.6424741999
1788447300000,2026-09-03T14:55:00Z,337.014,338.088,334.88,338.021,15954.519185000001,5375496.7651081628369225
1788447600000,2026-09-03T15:00:00Z,337.996,339.974,337.996,339.753,16862.804996,5710013.9848771068
1788447900000,2026-09-03T15:05:00Z,339.77,340.007,337.843,337.843,10000.095868,3394650.5435238424
1788448200000,2026-09-03T15:10:00Z,337.828,337.877,336.106,336.548,3673.305272,1239896.64477406
1788448500000,2026-09-03T15:15:00Z,336.56,338.038,336.56,337.727,5104.550046,1720185.920274723
1788448800000,2026-09-03T15:20:00Z,337.714,339.056,337.27,338.671,3326.593359,1122737.5520488811
1788449100000,2026-09-03T15:25:00Z,338.671,341.246,338.67,341.142,28437.647822,9638036.7966065108
1788449400000,2026-09-03T15:30:00Z,341.13,341.17,339.895,339.941,16178.003249,5514403.9323120158
1788449700000,2026-09-03T15:35:00Z,339.942,340.104,338.605,339.01,8820.08777,2996446.395480089
1788450000000,2026-09-03T15:40:00Z,339.188,339.714,338.913,339.584,3906.998797,1324833.2759067298
1788450300000,2026-09-03T15:45:00Z,339.604,339.756,338.681,339.162,5447.944477999999,1849926.3635220394604359
1788450600000,2026-09-03T15:50:00Z,339.165,339.747,338.932,339.381,2797.042029,948639.3777689732
1788450900000,2026-09-03T15:55:00Z,339.385,339.664,338.637,338.816,8868.058944999999,3009712.2054600961605315
1788451200000,2026-09-03T16:00:00Z,338.828,339.114,338.323,338.721,3658.398772,1239067.1043273292
1788451500000,2026-09-03T16:05:00Z,338.717,338.717,337.6,338.347,8553.833771,2892132.9886131929
1788451800000,2026-09-03T16:10:00Z,338.316,338.43,338,338.345,9176.668336,3103412.7150003223
1788452100000,2026-09-03T16:15:00Z,338.351,339.644,338.121,339.611,1745.6531920000002,590686.7237844600676635
1788452400000,2026-09-03T16:20:00Z,339.607,339.726,338.893,339.058,4687.495443,1591679.7944683192
1788452700000,2026-09-03T16:25:00Z,339.058,339.447,338.58,338.762,4309.200921,1461660.3039822259
1788453000000,2026-09-03T16:30:00Z,338.762,338.843,338.252,338.252,2581.483049,874553.3426113924
1788453300000,2026-09-03T16:35:00Z,338.251,339.646,338.063,339.646,2715.93262,919033.150288802
1788453600000,2026-09-03T16:40:00Z,339.651,340.246,339.43,340.191,4818.192497,1637801.3434251502
1788453900000,2026-09-03T16:45:00Z,340.216,340.28,339.454,339.454,4753.266648,1616447.1972585832
1788454200000,2026-09-03T16:50:00Z,339.446,339.663,338.886,339.102,2791.798533,947806.8835567728
1788454500000,2026-09-03T16:55:00Z,339.107,339.942,338.774,338.779,9138.0235319999999,3104434.6579205111660629
1788454800000,2026-09-03T17:00:00Z,338.783,339.165,338.207,338.94,10451.523875,3537755.3249088646
1788455100000,2026-09-03T17:05:00Z,338.982,339.17,338.582,338.771,2307.418555,782054.293813572
1788455400000,2026-09-03T17:10:00Z,338.772,339.135,338,338.586,28149.070637,9537292.4800456601
1788455700000,2026-09-03T17:15:00Z,338.586,338.751,337.73,338.5,14382.127368,4866314.0972155628
1788456000000,2026-09-03T17:20:00Z,338.507,338.699,338.326,338.326,3703.926896,1254250.234564473
1788456300000,2026-09-03T17:25:00Z,338.323,338.669,338.323,338.496,3021.91834,1022646.0524553386
1788456600000,2026-09-03T17:30:00Z,338.497,338.597,338.14,338.356,17881.690822,6051930.1999775032
1788456900000,2026-09-03T17:35:00Z,338.355,338.396,337.14,337.411,21800.238965,7364360.5419378424
1788457200000,2026-09-03T17:40:00Z,337.423,337.988,337.423,337.535,5601.9971669999995,1892158.083097589831115
1788457500000,2026-09-03T17:45:00Z,337.535,337.866,337.456,337.863,2145.464465,724143.3380676455
1788457800000,2026-09-03T17:50:00Z,337.859,338.08,337.7,337.947,8095.254912,2735000.1638891
1788458100000,2026-09-03T17:55:00Z,337.938,337.938,337.731,337.731,2117.642764,715398.5961480392
1788458400000,2026-09-03T18:00:00Z,337.767,338.999,337.767,338.776,4521.029303,1529500.7764257819
1788458700000,2026-09-03T18:05:00Z,338.777,339.033,338.38,338.674,7817.4433,2648322.815976864
1788459000000,2026-09-03T18:10:00Z,338.675,338.69,338.14,338.547,6935.067541,2347414.9994592179
1788459300000,2026-09-03T18:15:00Z,338.551,338.814,338.551,338.801,2884.221663,976975.8649739856
1788459600000,2026-09-03T18:20:00Z,338.802,339.7,338.776,339.656,4998.235269,1694118.2616641854
1788459900000,2026-09-03T18:25:00Z,339.655,339.937,338.77,339.2,32651.653076,11090831.997159792
1788460200000,2026-09-03T18:30:00Z,339.195,339.67,339.177,339.6,13137.813936,4458663.5351816188
1788460500000,2026-09-03T18:35:00Z,339.605,339.69,339.26,339.457,5892.224248,2000092.216047596
1788460800000,2026-09-03T18:40:00Z,339.458,339.618,339.33,339.444,7150.295185,2427540.8770610385
1788461100000,2026-09-03T18:45:00Z,339.444,339.761,339.164,339.282,6013.096265,2041621.1630688115
1788461400000,2026-09-03T18:50:00Z,339.281,339.574,339.19,339.43,10446.599361,3545635.7709754692
1788461700000,2026-09-03T18:55:00Z,339.429,339.874,339.42,339.716,6836.577861,2321696.9940202798
1788462000000,2026-09-03T19:00:00Z,339.715,340.205,339.542,339.965,2545.082057,864644.694429195
1788462300000,2026-09-03T19:05:00Z,339.96,339.979,339.088,339.111,8110.992921000001,2756564.0891314325398882
1788462600000,2026-09-03T19:10:00Z,339.112,339.342,338.569,338.663,10044.549013,3406142.8214848633
1788462900000,2026-09-03T19:15:00Z,338.694,338.925,337.84,338.062,8224.544724,2783551.628192058
1788463200000,2026-09-03T19:20:00Z,338.066,338.531,338.066,338.237,9362.336397000001,3166901.3061530406381999
1788463500000,2026-09-03T19:25:00Z,338.237,338.57,338.17,338.424,7681.135,2599021.7625725
1788463800000,2026-09-03T19:30:00Z,338.425,338.75,338.137,338.396,5727.58483,1939419.070104661
1788464100000,2026-09-03T19:35:00Z,338.372,338.675,338.231,338.33,14201.963897000001,4806013.1351236780383941
1788464400000,2026-09-03T19:40:00Z,338.33,339.245,338.33,339.21,10920.523235999999,3698256.5041032368613723
1788464700000,2026-09-03T19:45:00Z,339.22,339.22,338.62,338.666,7050.675755,2391000.432739207
1788465000000,2026-09-03T19:50:00Z,338.79,339.29,338.674,338.745,28461.587881000001,9651564.8470354867390944
1788465300000,2026-09-03T19:55:00Z,338.737,338.76,337.78,338.555,145167.512671,49124755.3006491194
1788465600000,2026-09-03T20:00:00Z,338.576,339.488,338.5,338.5,229631.651747,77753529.8763511217
1788465900000,2026-09-03T20:05:00Z,338.5,338.5,338.5,338.5,770,260645
1788466200000,2026-09-03T20:10:00Z,338.5,338.5,338.5,338.5,0,0
1788466500000,2026-09-03T20:15:00Z,338.5,338.5,338.5,338.5,0,0
1788466800000,2026-09-03T20:20:00Z,338.5,338.5,338.5,338.5,0,0
1788467100000,2026-09-03T20:25:00Z,338.5,338.5,338.5,338.5,2.499,845.9115
1788467400000,2026-09-03T20:30:00Z,338.5,338.5,338.5,338.5,0,0
1788467700000,2026-09-03T20:35:00Z,338.5,338.5,338.5,338.5,7,2369.5
1788468000000,2026-09-03T20:40:00Z,338.5,338.5,338.5,338.5,4,1354
1788468300000,2026-09-03T20:45:00Z,338.5,338.5,338.5,338.5,0,0
1788468600000,2026-09-03T20:50:00Z,338.5,338.5,338.5,338.5,32362,10954537
1788468900000,2026-09-03T20:55:00Z,338.5,338.5,338.5,338.5,0,0
1788469200000,2026-09-03T21:00:00Z,338.5,338.5,338.5,338.5,0,0
1788469500000,2026-09-03T21:05:00Z,338.5,338.5,338.5,338.5,0,0
1788469800000,2026-09-03T21:10:00Z,338.5,338.5,338.5,338.5,2,677
1788470100000,2026-09-03T21:15:00Z,338.5,338.5,338.5,338.5,0,0
1788470400000,2026-09-03T21:20:00Z,338.5,338.5,338.5,338.5,26,8801
1788470700000,2026-09-03T21:25:00Z,338.5,338.5,338.5,338.5,7,2369.5
1788471000000,2026-09-03T21:30:00Z,338.5,338.5,338.5,338.5,0,0
1788471300000,2026-09-03T21:35:00Z,338.5,338.5,338.5,338.5,0,0
1788471600000,2026-09-03T21:40:00Z,338.5,338.5,338.5,338.5,0,0
1788471900000,2026-09-03T21:45:00Z,338.5,338.5,338.5,338.5,0,0
1788472200000,2026-09-03T21:50:00Z,338.5,338.5,338.5,338.5,0,0
1788472500000,2026-09-03T21:55:00Z,338.5,338.5,338.5,338.5,0,0
1788472800000,2026-09-03T22:00:00Z,338.5,338.5,337.995,337.995,117,39548.5623
1788473100000,2026-09-03T22:05:00Z,337.995,337.995,337.995,337.995,0,0
1788473400000,2026-09-03T22:10:00Z,337.995,337.995,337.995,337.995,0,0
1788473700000,2026-09-03T22:15:00Z,337.995,337.995,337.995,337.995,0,0
1788474000000,2026-09-03T22:20:00Z,337.995,337.995,337.995,337.995,27,9125.865
1788474300000,2026-09-03T22:25:00Z,337.995,337.995,337.995,337.995,0,0
1788474600000,2026-09-03T22:30:00Z,337.995,337.995,337.995,337.995,11,3717.945
1788474900000,2026-09-03T22:35:00Z,337.995,337.995,337.995,337.995,0,0
1788475200000,2026-09-03T22:40:00Z,337.995,337.995,337.995,337.995,0,0
1788475500000,2026-09-03T22:45:00Z,337.995,337.995,337.995,337.995,1402,473868.99
1788476100000,2026-09-03T22:55:00Z,337.995,337.995,337.995,337.995,0,0
1788476400000,2026-09-03T23:00:00Z,337.995,337.995,337.995,337.995,0,0
1788476700000,2026-09-03T23:05:00Z,337.995,337.995,337.995,337.995,64,21631.68
1788477000000,2026-09-03T23:10:00Z,337.995,337.995,337.995,337.995,54,18251.73
1788477300000,2026-09-03T23:15:00Z,337.995,338.885,337.995,338.885,24,8115.43
1788477600000,2026-09-03T23:20:00Z,338.885,338.885,338.885,338.885,28,9488.78
1788477900000,2026-09-03T23:25:00Z,338.885,338.885,338.885,338.885,91,30838.535
1788478200000,2026-09-03T23:30:00Z,338.885,338.885,338.885,338.885,2.92743,992.06211555
1788478500000,2026-09-03T23:35:00Z,338.885,338.885,338.885,338.885,0,0
1788479100000,2026-09-03T23:45:00Z,338.885,338.885,338.885,338.885,3,1016.655
1788479400000,2026-09-03T23:50:00Z,338.885,338.885,338.885,338.885,10,3388.85
1788479700000,2026-09-03T23:55:00Z,338.885,338.885,338.885,338.885,108,36599.58
1788480300000,2026-09-04T00:05:00Z,338.59,339.02,338.56,339,125,42355.12
1788481200000,2026-09-04T00:20:00Z,338.99,338.99,338.99,338.99,21,7118.79
1788481500000,2026-09-04T00:25:00Z,339.19,339.67,339.19,339.67,102,34635.61
1788482700000,2026-09-04T00:45:00Z,339.59,339.65,339.59,339.65,19,6453.07
1788483900000,2026-09-04T01:05:00Z,340.83,340.83,340.83,340.83,1,340.83
1788485100000,2026-09-04T01:25:00Z,341.1,341.1,341.07,341.07,16,5457.42
1788485400000,2026-09-04T01:30:00Z,341.07,341.09,341.07,341.09,26,8868.28
1788486000000,2026-09-04T01:40:00Z,341.68,341.8,341.65,341.8,30,10252.22
1788486600000,2026-09-04T01:50:00Z,341.8,341.8,341.23,341.28,64,21867.56
1788486900000,2026-09-04T01:55:00Z,341.28,341.53,341.23,341.53,23,7851.63
1788488400000,2026-09-04T02:20:00Z,342.43,342.44,341.62,341.62,13,4450.8
1788488700000,2026-09-04T02:25:00Z,342.45,342.63,341.65,342.63,19,6508.23
1788489000000,2026-09-04T02:30:00Z,342.46,342.62,341.64,342.61,36,12331.62
1788489300000,2026-09-04T02:35:00Z,342.4,342.4,341.62,341.62,20,6838.78
1788489600000,2026-09-04T02:40:00Z,341.59,341.59,341.59,341.59,2,683.18
1788489900000,2026-09-04T02:45:00Z,341.58,341.58,341.58,341.58,6,2049.48
1788490200000,2026-09-04T02:50:00Z,341.79,342.3,341.79,342.3,15,5132.23
1788490500000,2026-09-04T02:55:00Z,342.62,342.75,342.62,342.71,12,4112.2
1788491700000,2026-09-04T03:15:00Z,342.56,342.7,342.13,342.13,24,8221
1788492000000,2026-09-04T03:20:00Z,342,342.54,342,342.54,16,5473.08
1788492300000,2026-09-04T03:25:00Z,342.54,342.54,342.54,342.54,5,1712.7
1788492600000,2026-09-04T03:30:00Z,342.5,342.98,342.5,342.56,38,13022.98
1788493200000,2026-09-04T03:40:00Z,344.73,344.73,344.73,344.73,5,1723.65
1788495000000,2026-09-04T04:10:00Z,344.55,344.61,344.55,344.61,3,1033.71
1788496200000,2026-09-04T04:30:00Z,344,344,343.07,343.07,32,10987.83
1788497100000,2026-09-04T04:45:00Z,343.4,343.4,343.4,343.4,15,5151
1788498600000,2026-09-04T05:10:00Z,343.46,343.8,343.42,343.8,33,11334.4
1788498900000,2026-09-04T05:15:00Z,344.34,345.06,344.34,345.06,126,43434.7
1788499200000,2026-09-04T05:20:00Z,345.21,346.77,345.21,346.77,11,3806.67
1788499500000,2026-09-04T05:25:00Z,346.94,346.94,346.94,346.94,6,2081.64
1788499800000,2026-09-04T05:30:00Z,345.69,345.86,345.25,345.25,536,185187.6
1788500100000,2026-09-04T05:35:00Z,346.43,346.43,346.43,346.43,6,2078.58
1788500400000,2026-09-04T05:40:00Z,345.29,345.29,344.99,344.99,58,20018.48
1788500700000,2026-09-04T05:45:00Z,344.72,344.72,344.72,344.72,1,344.72
1788501000000,2026-09-04T05:50:00Z,344.84,344.93,344.84,344.93,20,6897.7
1788501300000,2026-09-04T05:55:00Z,345.63,346.25,345.63,346.17,24,8303.4
1788501600000,2026-09-04T06:00:00Z,346.09,346.26,343.64,345.9,188,64787.74
1788501900000,2026-09-04T06:05:00Z,345.74,346.08,343.88,345.39,136,46959.56
1788502200000,2026-09-04T06:10:00Z,345.66,346.25,345.34,345.41,63,21772.46
1788502500000,2026-09-04T06:15:00Z,345.4,345.4,345.4,345.4,12,4144.8
1788502800000,2026-09-04T06:20:00Z,345.24,345.24,345.24,345.24,5,1726.2
1788503700000,2026-09-04T06:35:00Z,344.94,344.94,344.94,344.94,1,344.94
1788504000000,2026-09-04T06:40:00Z,343.73,343.73,343.64,343.64,6,2062.11
1788504300000,2026-09-04T06:45:00Z,343.64,343.65,343.64,343.65,37,12714.99
1788504600000,2026-09-04T06:50:00Z,343.85,343.85,343.85,343.85,17,5845.45
1788505200000,2026-09-04T07:00:00Z,343.77,343.77,343.77,343.77,3,1031.31
1788507000000,2026-09-04T07:30:00Z,345.23,345.23,345.23,345.23,6,2071.38
1788507300000,2026-09-04T07:35:00Z,345,345,345,345,15,5175
1788507900000,2026-09-04T07:45:00Z,345.23,345.9,345.23,345.9,13,4495.54
1788508200000,2026-09-04T07:50:00Z,346.22,346.88,346.22,346.88,11,3809.08
1788508500000,2026-09-04T07:55:00Z,345.1,345.17,344.03,344.03,46,15868.81
1788508800000,2026-09-04T08:00:00Z,338.885,346.601,338.885,345.635,3027.1036059999997,1043741.0854037514965604
1788509100000,2026-09-04T08:05:00Z,345.635,347.554,345.635,347.554,42.739144,14772.14403644
1788509400000,2026-09-04T08:10:00Z,347.65,348.135,347.65,348.135,0,0
1788509700000,2026-09-04T08:15:00Z,348.068,348.068,347.735,347.735,2,695.47
1788510000000,2026-09-04T08:20:00Z,347.735,347.735,347.735,347.735,0,0
1788510300000,2026-09-04T08:25:00Z,347.735,347.735,347.735,347.735,0,0
1788510600000,2026-09-04T08:30:00Z,347.735,347.735,347.735,347.735,0,0
1788510900000,2026-09-04T08:35:00Z,347.735,347.735,347.735,347.735,4,1390.94
1788511500000,2026-09-04T08:45:00Z,347.735,347.735,347.735,347.735,12,4172.82
1788511800000,2026-09-04T08:50:00Z,347.735,347.735,347.735,347.735,0,0
1788512100000,2026-09-04T08:55:00Z,347.735,347.735,347.735,347.735,24,8345.64
1788512400000,2026-09-04T09:00:00Z,347.735,347.735,347.735,347.735,1,347.735
1788512700000,2026-09-04T09:05:00Z,347.735,347.735,347.735,347.735,17,5911.495
1788513000000,2026-09-04T09:10:00Z,347.735,347.735,345.585,345.585,1,347.735
1788513300000,2026-09-04T09:15:00Z,345.585,345.585,345.585,345.585,2,691.17
1788513600000,2026-09-04T09:20:00Z,345.585,345.585,345.585,345.585,1,345.585
1788513900000,2026-09-04T09:25:00Z,345.585,345.585,345.585,345.585,0,0
1788514200000,2026-09-04T09:30:00Z,345.732,346.465,345.732,346.465,10,3464.65
1788514500000,2026-09-04T09:35:00Z,346.465,346.465,346.465,346.465,49,16976.785
1788515100000,2026-09-04T09:45:00Z,346.465,346.465,346.465,346.465,15,5196.975
1788515400000,2026-09-04T09:50:00Z,346.465,346.579,346.465,346.579,152,52662.68
1788516000000,2026-09-04T10:00:00Z,346.58,347.4,346.58,347.4,163.014876,56499.3421743276
1788516300000,2026-09-04T10:05:00Z,347.4,347.4,347.4,347.4,50,17370
1788516600000,2026-09-04T10:10:00Z,347.4,347.4,347.4,347.4,0,0
1788516900000,2026-09-04T10:15:00Z,347.4,347.4,347.4,347.4,110,38214
1788517200000,2026-09-04T10:20:00Z,347.4,347.4,347.4,347.4,0,0
1788517500000,2026-09-04T10:25:00Z,347.4,347.4,347.4,347.4,40,13896
1788517800000,2026-09-04T10:30:00Z,347.4,347.4,347.4,347.4,0,0
1788518400000,2026-09-04T10:40:00Z,347.4,347.4,347.4,347.4,8,2779.2
1788518700000,2026-09-04T10:45:00Z,347.4,347.4,347.4,347.4,0,0
1788519000000,2026-09-04T10:50:00Z,347.724,349.345,347.724,349.345,33,11474.892
1788519300000,2026-09-04T10:55:00Z,349.345,349.345,349.345,349.345,260,90829.7
1788519600000,2026-09-04T11:00:00Z,349.345,349.345,348.188,348.188,1875,654867.9375
1788519900000,2026-09-04T11:05:00Z,348.187,348.187,348.185,348.185,75,26113.95
1788520200000,2026-09-04T11:10:00Z,348.185,348.185,348.185,348.185,422,146934.07
1788520500000,2026-09-04T11:15:00Z,348.185,348.185,348.185,348.185,8,2785.48
1788520800000,2026-09-04T11:20:00Z,348.185,348.185,347.01,348.185,1114,387878.09
1788521100000,2026-09-04T11:25:00Z,348.185,348.185,348.185,348.185,7,2437.295
1788521400000,2026-09-04T11:30:00Z,348.185,348.185,345.65,345.65,0,0
1788521700000,2026-09-04T11:35:00Z,345.65,346.975,345.65,346.975,11,3802.15
1788522000000,2026-09-04T11:40:00Z,346.975,346.975,346.975,346.975,0,0
1788522300000,2026-09-04T11:45:00Z,346.975,346.975,346.975,346.975,152,52740.2
1788522600000,2026-09-04T11:50:00Z,346.975,346.975,346.975,346.975,54,18736.65
1788522900000,2026-09-04T11:55:00Z,346.975,346.975,346.975,346.975,3015,1046129.625
1788523200000,2026-09-04T12:00:00Z,346.975,346.975,346.975,346.975,0,0
1788523500000,2026-09-04T12:05:00Z,346.975,346.975,345.65,345.65,224.4544,77880.06544
1788523800000,2026-09-04T12:10:00Z,345.65,345.65,345.65,345.65,1015,350834.75
1788524100000,2026-09-04T12:15:00Z,345.65,345.65,345.65,345.65,1347,465590.55
1788524400000,2026-09-04T12:20:00Z,345.65,345.65,345.65,345.65,12,4147.8
1788524700000,2026-09-04T12:25:00Z,345.65,349.069,345.65,349.069,1192.399313,412152.82253845
1788525000000,2026-09-04T12:30:00Z,349.07,349.07,343.5,343.5,1157.499,400460.1605298
1788525300000,2026-09-04T12:35:00Z,343.5,345.58,343.5,345.006,616,212760.0928
1788525600000,2026-09-04T12:40:00Z,345.005,347.377,345.005,347.377,786.334237,271301.1957165874
1788525900000,2026-09-04T12:45:00Z,347.384,347.395,343.5,345.145,608,209774.288
1788526200000,2026-09-04T12:50:00Z,345.145,345.145,343.05,345.145,400.16915,138116.38127675
1788526500000,2026-09-04T12:55:00Z,345.145,346.418,345.145,346.418,8,2761.16
1788526800000,2026-09-04T13:00:00Z,346.419,346.419,344.33,344.33,42,14534.121
1788527100000,2026-09-04T13:05:00Z,344.33,344.58,344.33,344.58,174,59923.6164
1788527400000,2026-09-04T13:10:00Z,344.58,344.58,344.58,344.58,72,24809.76
1788527700000,2026-09-04T13:15:00Z,344.58,344.58,344.33,344.457,0,0
1788528000000,2026-09-04T13:20:00Z,346.62,346.62,346,346,151,52066.6228
1788528300000,2026-09-04T13:25:00Z,344.58,344.58,344.57,344.58,72,24907.1
1788528600000,2026-09-04T13:30:00Z,345.89,351.235,342.29,351.235,63326.344718,21897194.7801288078
1788528900000,2026-09-04T13:35:00Z,351.52,351.74,348.505,351.01,44649.085136,15631400.1831982593
1788529200000,2026-09-04T13:40:00Z,351.1919,353.77,350.37,353.36,49952.778908,17560823.0823991166
1788529500000,2026-09-04T13:45:00Z,353.38,357.305,353.0614,356.22,35743.610771,12706622.5223476333
1788529800000,2026-09-04T13:50:00Z,356.36,357.44,355.135,357.075,24831.025768,8846401.2640699352
1788530100000,2026-09-04T13:55:00Z,357.08,359,357.03,358.01,31042.470524,11119689.0834202748
1788530400000,2026-09-04T14:00:00Z,358.38,358.38,356.94,357.61,38943.087249,13926233.1150947595
1788530700000,2026-09-04T14:05:00Z,357.73,357.96,355.06,356.655,40931.111735,14589574.91271057
1788531000000,2026-09-04T14:10:00Z,356.66,356.9999,354.01,356.9999,27651.158986,9833693.3642034669
1788531300000,2026-09-04T14:15:00Z,356.45,356.72,354.87,354.87,35035.582333,12463217.9160901057
1788531600000,2026-09-04T14:20:00Z,354.87,355.0488,353.685,354.61,24821,8791999.955
1788531900000,2026-09-04T14:25:00Z,354.38,356,353.19,355.79,16975.139372,6014749.5134491788
1788532200000,2026-09-04T14:30:00Z,356,356.555,354.895,355.12,21295.305634,7571148.6643885602
1788532500000,2026-09-04T14:35:00Z,355.025,356.21,354.6,355.33,10797.186388,3836772.8530508056
1788532800000,2026-09-04T14:40:00Z,355.39,355.86,354.905,355.655,9778.590471,3474095.0113066379
1788533100000,2026-09-04T14:45:00Z,355.655,355.89,353.47,353.51,13167.523966,4675426.3490004562
1788533400000,2026-09-04T14:50:00Z,353.74,354.575,353.5969,354.29,15497.1869390000005,5487086.5820138405769205
1788533700000,2026-09-04T14:55:00Z,354.79,354.95,353.99,354.79,10938.166083,3875813.2438294756
1788534000000,2026-09-04T15:00:00Z,354.545,355.37,354.11,354.77,11050.086716000002,3920473.074143072709584
1788534300000,2026-09-04T15:05:00Z,354.878,356.073,354.53,355.85,7937.494302,2818292.1538831444
1788534600000,2026-09-04T15:10:00Z,356.17,357.73,356.17,357.64,9664.394053,3450382.2396324677
1788534900000,2026-09-04T15:15:00Z,357.43,357.44,356.345,356.465,15661.712349999998,5591596.1128526342857518
1788535200000,2026-09-04T15:20:00Z,356.31,356.465,354.77,354.8,17473.003046,6211638.1406077128
1788535500000,2026-09-04T15:25:00Z,354.95,355.31,353.85,354.03,7260.190037,2575644.5493504059
1788535800000,2026-09-04T15:30:00Z,354.14,354.14,353.13,353.46,27980.887153,9891277.7903381401
1788536100000,2026-09-04T15:35:00Z,353.38,354.76,353.35,354.76,24052.522987,8512878.5284115785
1788536400000,2026-09-04T15:40:00Z,354.675,355.08,354.54,355.08,9171.948919,3253486.1187980653
1788536700000,2026-09-04T15:45:00Z,355.22,355.59,354.93,354.93,5655.76116,2008626.786428936
1788537000000,2026-09-04T15:50:00Z,354.95,354.95,354.22,354.835,10427.735403,3695384.4593487486
1788537300000,2026-09-04T15:55:00Z,354.855,355.59,354.58,355.59,12544.006747,4450118.2762228985
1788537600000,2026-09-04T16:00:00Z,355.48,356.2,355.48,355.7975,5846,2080265.0394
1788537900000,2026-09-04T16:05:00Z,355.94,356.5,355.94,356.16,11099.277321,3953035.3746453931
1788538200000,2026-09-04T16:10:00Z,356.08,356.29,355.8,356.29,22778.588409,8109042.5025519765
1788538500000,2026-09-04T16:15:00Z,356.29,356.855,356.07,356.4,13917,4961247.37
1788538800000,2026-09-04T16:20:00Z,356.55,357,356.44,356.845,10507.265506,3748446.698399173
1788539100000,2026-09-04T16:25:00Z,356.72,357.1,356.4519,356.85,9742.5315,3475600.5749253986
1788539400000,2026-09-04T16:30:00Z,356.87,357.44,356.521,356.915,5511.332419,1967431.3221923262
1788539700000,2026-09-04T16:35:00Z,356.885,356.885,356.01,356.06,13489.781843,4808139.3795261405
1788540000000,2026-09-04T16:40:00Z,356.06,356.29,355.89,356.27,14477.880939,5155550.2873613031
1788540300000,2026-09-04T16:45:00Z,356.2,356.84,355.77,356.605,5216.241551,1857928.8186922855
1788540600000,2026-09-04T16:50:00Z,356.71,356.78,356.54,356.705,4478.770292,1597265.0788550444
1788540900000,2026-09-04T16:55:00Z,356.71,357.22,356.57,357.17,14500.404324,5176973.2001435348
1788541200000,2026-09-04T17:00:00Z,357.23,357.55,356.71,357.33,12836.140206,4583900.9221448768
1788541500000,2026-09-04T17:05:00Z,357.52,357.67,357.03,357.23,9335.003508,3335860.2265937242
1788541800000,2026-09-04T17:10:00Z,357.28,357.75,356.76,357.49,36961,13206730.407
1788542100000,2026-09-04T17:15:00Z,357.47,357.86,357.125,357.145,11582.410495,4140107.708344144
1788542400000,2026-09-04T17:20:00Z,357.145,357.145,356.35,356.54,10501.403171,3745855.9314650553
1788542700000,2026-09-04T17:25:00Z,356.31,356.4,355.6,355.6,16784.208065,5977689.3370895311
1788543000000,2026-09-04T17:30:00Z,355.615,355.77,354.995,354.995,15655.553282,5564087.7338282494
1788543300000,2026-09-04T17:35:00Z,355.17,355.48,355.16,355.345,6989.233312,2482939.7470402528
1788543600000,2026-09-04T17:40:00Z,355.2,355.21,354.6075,354.99,9856.056729,3497637.6964204294
1788543900000,2026-09-04T17:45:00Z,354.885,354.9,354.09,354.57,7209.100439,2555434.2778214959
1788544200000,2026-09-04T17:50:00Z,354.65,354.905,354.245,354.64,6033.04518,2138452.09617731
1788544500000,2026-09-04T17:55:00Z,354.715,355.33,354.58,355.125,7068.698554,2508416.5722191113
1788544800000,2026-09-04T18:00:00Z,355.12,355.12,354.48,354.51,5236.601901,1858433.8481443223
1788545100000,2026-09-04T18:05:00Z,354.66,355.11,354.5,355.11,7924.845171,2810507.0464436287
1788545400000,2026-09-04T18:10:00Z,355.34,355.62,354.9545,355.15,8409.874943,2988284.7244029211
1788545700000,2026-09-04T18:15:00Z,355.03,356.2585,354.815,355.83,9490.155791,3371699.5458708482
1788546000000,2026-09-04T18:20:00Z,355.91,356.14,355.685,355.99,5105.879537,1817243.3032741593
1788546300000,2026-09-04T18:25:00Z,356.11,356.53,355.92,356.53,5922.378919,2109158.0035650442
1788546600000,2026-09-04T18:30:00Z,356.53,356.76,356.34,356.69,5622.08361,2004027.24368429
1788546900000,2026-09-04T18:35:00Z,356.69,356.69,355.92,355.93,6532.585241,2328194.4839017829
1788547200000,2026-09-04T18:40:00Z,355.95,356,355.56,355.7,11427.384619,4065208.3618623186
1788547500000,2026-09-04T18:45:00Z,355.745,355.79,355.55,355.685,4233,1505576.27
1788547800000,2026-09-04T18:50:00Z,355.685,355.78,355.02,355.2,9373.472743,3331658.6662360158
1788548100000,2026-09-04T18:55:00Z,355.03,355.23,354.74,354.75,8801.135072,3124558.482610394
1788548400000,2026-09-04T19:00:00Z,354.61,354.74,353.67,353.835,14346.557851000001,5084561.0158357067544664
1788548700000,2026-09-04T19:05:00Z,353.87,353.99,353.69,353.735,12169.572317,4305852.1199316474
1788549000000,2026-09-04T19:10:00Z,353.87,354.16,353.61,353.835,16785.298219,5939120.4900846217
1788549300000,2026-09-04T19:15:00Z,353.79,354.54,353.79,354.54,13152.659806,4657330.8673137337
1788549600000,2026-09-04T19:20:00Z,354.56,354.91,354.3,354.82,13651.787811,4839439.8321832737
1788549900000,2026-09-04T19:25:00Z,354.93,355.4818,354.93,355.43,25971.469285,9224368.661129774
1788550200000,2026-09-04T19:30:00Z,355.28,356.42,355.02,356.19,14815.025636999999,5270319.0038145260443728
1788550500000,2026-09-04T19:35:00Z,356.29,357.53,356.24,357.53,31514.892715,11254525.0831084521
1788550800000,2026-09-04T19:40:00Z,357.29,357.6999,356.8461,357.59,22437.44508,8017246.6658095744
1788551100000,2026-09-04T19:45:00Z,357.49,357.98,357.02,357.33,18049.238554,6453209.9622607624
1788551400000,2026-09-04T19:50:00Z,357.21,358.43,356.49,356.49,60196.087736,21538494.3157071704
1788551700000,2026-09-04T19:55:00Z,356.65,358.01,356.65,357.03,174043.461092,62209823.535890085
1788552000000,2026-09-04T20:00:00Z,357.03,357.03,354.948,357.03,510900.696096,182364165.3993612544
1788552300000,2026-09-04T20:05:00Z,356.7,356.7,356.2,356.2,269,95585.9764
1788552600000,2026-09-04T20:10:00Z,357.03,357.03,354.7956,356.42,760.396224,270937.2838940288
1788552900000,2026-09-04T20:15:00Z,356.51,357.03,356.01,356.49,538,192071.56
1788553200000,2026-09-04T20:20:00Z,356.01,356.51,356.01,356.01,123,43808.8226
1788553500000,2026-09-04T20:25:00Z,356.02,356.51,356,356.51,26,9261.71
1788553800000,2026-09-04T20:30:00Z,356.0857,356.35,356,356,8,2848.8642
1788554400000,2026-09-04T20:40:00Z,356.24,356.24,356.24,356.24,1,356.24
1788554700000,2026-09-04T20:45:00Z,356.23,356.23,356.23,356.23,5,1781.15
1788555000000,2026-09-04T20:50:00Z,356.24,356.24,356.01,356.24,11,3916.22
1788555300000,2026-09-04T20:55:00Z,356.1987,356.24,356,356.01,66,23503.8287
1788555600000,2026-09-04T21:00:00Z,356,356,356,356,10,3560
1788555900000,2026-09-04T21:05:00Z,356.18,356.18,354.95,354.95,4,1422.26
1788556200000,2026-09-04T21:10:00Z,354.95,356.1,354.95,356.1,17,6050.3
1788556800000,2026-09-04T21:20:00Z,354.897,355.71,354.897,355.71,46,16354.53
1788557100000,2026-09-04T21:25:00Z,356,356,356,356,2,712
1788557400000,2026-09-04T21:30:00Z,354.32,356,354.32,356,13,4622.96
1788558000000,2026-09-04T21:40:00Z,355.85,355.85,355.85,355.85,15,5337.75
1788558300000,2026-09-04T21:45:00Z,356.76,356.76,356.76,356.76,21427,7650081.54
1788559200000,2026-09-04T22:00:00Z,355.5,355.5,355.5,355.5,5,1777.5
1788559500000,2026-09-04T22:05:00Z,356.2731,356.3818,356.2731,356.3818,7,2494.4552
1788559800000,2026-09-04T22:10:00Z,354.32,354.32,354.32,354.32,2,708.64
1788560100000,2026-09-04T22:15:00Z,356.638,356.7,356.638,356.7,460,163705.72
1788560400000,2026-09-04T22:20:00Z,354.32,356.75,354.32,356.75,37,13180.14
1788560700000,2026-09-04T22:25:00Z,354.381,354.381,354.381,354.381,1,354.381
1788561000000,2026-09-04T22:30:00Z,355.095,356.04,355.095,356.03,19,6755.23
1788561300000,2026-09-04T22:35:00Z,356.65,356.65,356.5,356.52,136,48486.65
1788561600000,2026-09-04T22:40:00Z,354.38,356.76,354.38,356.76,26,9216.26
1788561900000,2026-09-04T22:45:00Z,355.5,355.5,355.5,355.5,1,355.5
1788562800000,2026-09-04T23:00:00Z,356.76,356.76,356.76,356.76,30,10702.8
1788563100000,2026-09-04T23:05:00Z,356.01,356.75,356.01,356.75,9,3207.79
1788563400000,2026-09-04T23:10:00Z,356.0774,356.0774,356.0774,356.0774,5,1780.387
1788563700000,2026-09-04T23:15:00Z,356.7,356.7,356.7,356.7,3,1070.1
1788564000000,2026-09-04T23:20:00Z,356.73,356.73,356.73,356.73,1,356.73
1788564600000,2026-09-04T23:30:00Z,356.5,356.76,356.5,356.76,6,2139.52
1788565200000,2026-09-04T23:40:00Z,356.06,356.06,356.06,356.06,3,1068.18
1788565800000,2026-09-04T23:50:00Z,355.71,356.72,355.71,356.72,21,7473.06
1788566100000,2026-09-04T23:55:00Z,356.76,356.76,356.76,356.76,1,356.76
1788825600000,2026-09-08T00:00:00Z,358.91,360,358.28,359.67,875,314874.33
1788825900000,2026-09-08T00:05:00Z,359.57,360.25,359.08,359.97,434,156199.31
1788826200000,2026-09-08T00:10:00Z,360,360.76,359.69,360.76,587,211326.84
1788826500000,2026-09-08T00:15:00Z,360.69,363.95,360.69,363.7,146,52920.64
1788826800000,2026-09-08T00:20:00Z,363,364,362.18,362.18,193,70070.18
1788827100000,2026-09-08T00:25:00Z,363.82,364.79,362.58,364.79,94,34207.79
1788827400000,2026-09-08T00:30:00Z,364.39,364.99,364.39,364.92,320,116731.7
1788827700000,2026-09-08T00:35:00Z,364.94,365,364.13,364.92,856,312159.71
1788828000000,2026-09-08T00:40:00Z,364.22,364.99,364.22,364.99,11,4010.4
1788828600000,2026-09-08T00:50:00Z,364.75,365.65,364.75,364.87,54,19721.46
1788828900000,2026-09-08T00:55:00Z,365.08,365.7,365.01,365.7,127,46369.68
1788829200000,2026-09-08T01:00:00Z,365.09,365.75,364.87,364.87,70,25570.22
1788829500000,2026-09-08T01:05:00Z,365.56,366.6,364.88,366.6,89,32544.15
1788829800000,2026-09-08T01:10:00Z,366.65,366.81,365.75,366.53,88,32236.12
1788830100000,2026-09-08T01:15:00Z,366.5,366.5,365.42,366.07,55,20127.65
1788830400000,2026-09-08T01:20:00Z,366.01,367,365.92,367,121,44302.36
1788830700000,2026-09-08T01:25:00Z,367,367,367,367,15,5505
1788831000000,2026-09-08T01:30:00Z,366.53,366.55,366,366.01,82,30031.37
1788831300000,2026-09-08T01:35:00Z,366.62,366.62,366.62,366.62,2,733.24
1788831600000,2026-09-08T01:40:00Z,366.6,367,366.59,366.92,216,79224.41
1788831900000,2026-09-08T01:45:00Z,367.14,367.3,366.95,366.95,69,25331.9
1788832500000,2026-09-08T01:55:00Z,367.38,367.38,367.38,367.38,3,1102.14
1788832800000,2026-09-08T02:00:00Z,367.49,368.32,367.39,368.21,47,17291.13
1788833100000,2026-09-08T02:05:00Z,368.21,368.21,368.14,368.18,6,2209.09
1788833400000,2026-09-08T02:10:00Z,368.14,368.24,367.47,367.47,15,5520.55
1788833700000,2026-09-08T02:15:00Z,367.82,367.99,367.55,367.66,18,6618.72
1788834000000,2026-09-08T02:20:00Z,367.55,368,367.42,368,38,13966.82
1788834300000,2026-09-08T02:25:00Z,367.49,368,367.44,367.98,41,15085.72
1788834600000,2026-09-08T02:30:00Z,367.42,367.96,367.42,367.96,11,4042.78
1788835200000,2026-09-08T02:40:00Z,367.6,368.5,367.17,368.5,324,119076.61
1788835500000,2026-09-08T02:45:00Z,367.2,367.5,367.01,367.4,54,19840.01
1788835800000,2026-09-08T02:50:00Z,367.01,368.18,366.8,368.18,149,54677.07
1788836400000,2026-09-08T03:00:00Z,367.4,367.4,367.4,367.4,4,1469.6
1788837000000,2026-09-08T03:10:00Z,366.87,367.93,366.87,367.93,8,2940.26
1788837300000,2026-09-08T03:15:00Z,367.33,368,366.87,368,55,20211.55
1788837600000,2026-09-08T03:20:00Z,368.23,368.24,367.6,368,104,38293.12
1788837900000,2026-09-08T03:25:00Z,368.24,368.5,368.24,368.5,97,35720.84
1788838800000,2026-09-08T03:40:00Z,368.85,369,368.85,369,22,8115
1788839100000,2026-09-08T03:45:00Z,368.88,368.99,368.31,368.31,133,48999.8
1788839400000,2026-09-08T03:50:00Z,368.31,368.31,368.22,368.22,159,58557.3
1788840000000,2026-09-08T04:00:00Z,368.3,368.65,368.3,368.65,54,19905.7
1788840300000,2026-09-08T04:05:00Z,368.82,369,368.51,369,109,40197.41
1788840600000,2026-09-08T04:10:00Z,369,369,369,369,49,18081
1788842100000,2026-09-08T04:35:00Z,369,369,369,369,10,3690
1788843300000,2026-09-08T04:55:00Z,368.33,368.33,368.33,368.33,20,7366.6
1788843900000,2026-09-08T05:05:00Z,367.72,367.72,367.16,367.16,32,11760.43
1788844200000,2026-09-08T05:10:00Z,367.01,367.01,366.45,366.63,153,56113.8
1788844500000,2026-09-08T05:15:00Z,366.45,366.63,366,366,52,19059.34
1788844800000,2026-09-08T05:20:00Z,366.68,366.68,366.66,366.66,41,15033.1
1788845100000,2026-09-08T05:25:00Z,366.51,366.66,366.51,366.6,6,2199.75
1788845700000,2026-09-08T05:35:00Z,366.61,366.75,366.5,366.75,23,8432.23
1788846000000,2026-09-08T05:40:00Z,366.5,366.5,366.5,366.5,36,13194
1788846300000,2026-09-08T05:45:00Z,366.22,366.7,365.68,365.68,40,14641.13
1788846600000,2026-09-08T05:50:00Z,365.23,365.23,364.3,364.3,118,43060.7
1788846900000,2026-09-08T05:55:00Z,364.3,364.3,364,364.1,116,42235.7
1788847200000,2026-09-08T06:00:00Z,364.12,365.01,363.92,365.01,48,17487.3
1788847500000,2026-09-08T06:05:00Z,364.1,364.77,363.45,363.45,43,15658.66
1788847800000,2026-09-08T06:10:00Z,363.69,363.69,363.41,363.56,33,11997.25
1788848100000,2026-09-08T06:15:00Z,364.46,364.46,363,363,115,41803.24
1788848400000,2026-09-08T06:20:00Z,363,363,362.54,362.76,33,11970.2
1788848700000,2026-09-08T06:25:00Z,363.01,363.5,363.01,363.44,8,2907.27
1788849000000,2026-09-08T06:30:00Z,363.01,363.31,362.13,363.31,451,163593.55
1788849300000,2026-09-08T06:35:00Z,362.32,363.41,362.32,363.41,90,32645.08
1788849600000,2026-09-08T06:40:00Z,363.01,363.17,363,363,113,41026.54
1788849900000,2026-09-08T06:45:00Z,362.14,362.14,362.14,362.14,2,724.28
1788850200000,2026-09-08T06:50:00Z,362.29,362.29,362.29,362.29,2,724.58
1788850500000,2026-09-08T06:55:00Z,362.39,362.47,362.29,362.47,5,1811.83
1788850800000,2026-09-08T07:00:00Z,362.12,362.12,362.12,362.12,1,362.12
1788851100000,2026-09-08T07:05:00Z,363.53,364.2,363.53,364.2,684,248790.7
1788851700000,2026-09-08T07:15:00Z,363.9,363.9,363.9,363.9,1,363.9
1788852000000,2026-09-08T07:20:00Z,363.92,364.95,363.7,364.95,36,13105.4
1788852300000,2026-09-08T07:25:00Z,364.82,364.89,364.1,364.1,7,2553.3
1788852600000,2026-09-08T07:30:00Z,364,364,364,364,1,364
1788852900000,2026-09-08T07:35:00Z,363.46,363.46,363,363,86,31237.32
1788853200000,2026-09-08T07:40:00Z,362.56,362.56,362.56,362.56,1,362.56
1788853500000,2026-09-08T07:45:00Z,362.52,362.52,362.43,362.43,37,13413.06
1788854100000,2026-09-08T07:55:00Z,362.17,363.28,362.17,363.28,43,15574.64
1788854400000,2026-09-08T08:00:00Z,365.1855,369.46,360.294,360.294,8696.501393999999,3143806.1255343452384976
1788854700000,2026-09-08T08:05:00Z,360.12,362.37,360.12,360.23,457,164824.8743
1788855000000,2026-09-08T08:10:00Z,361,361,359.1,360.11,264,94886.12
1788855300000,2026-09-08T08:15:00Z,360,360,360,360,25,9000
1788855600000,2026-09-08T08:20:00Z,360.1,360.2,360.1,360.2,11,3961.2
1788855900000,2026-09-08T08:25:00Z,360.2,361.1,360.2,361.1,61,22010
1788856200000,2026-09-08T08:30:00Z,361.15,361.15,361,361,171,61752.35
1788856500000,2026-09-08T08:35:00Z,361.5,361.5,361.02,361.05,681,245597.89
1788856800000,2026-09-08T08:40:00Z,361.13,361.13,361.11,361.11,75,27048
1788857100000,2026-09-08T08:45:00Z,361.11,361.11,361.11,361.11,1,361.11
1788857400000,2026-09-08T08:50:00Z,361.11,361.11,361,361,3,1083.11
1788858000000,2026-09-08T09:00:00Z,360.04,360.04,360.04,360.04,18,6480.72
1788858300000,2026-09-08T09:05:00Z,361,361,360.98,360.98,38,13717.94
1788858600000,2026-09-08T09:10:00Z,361.75,361.75,361.75,361.75,60,21705
1788858900000,2026-09-08T09:15:00Z,361.76,361.76,361.76,361.76,17,6149.92
1788859200000,2026-09-08T09:20:00Z,360.3675,360.3675,360.3675,360.3675,2,720.735
1788859500000,2026-09-08T09:25:00Z,361.44,361.44,361.43,361.43,26,9397.42
1788859800000,2026-09-08T09:30:00Z,362,362,362,362,5,1810
1788860400000,2026-09-08T09:40:00Z,362.33,362.33,362.33,362.33,22,7996.31
1788860700000,2026-09-08T09:45:00Z,363.28,364.9502,363.28,364.9502,1635.8,594409.97006
1788861000000,2026-09-08T09:50:00Z,364,364.92,364,364.6318,21.51263,7822.310654924
1788861300000,2026-09-08T09:55:00Z,364.22,364.6,364.22,364.6,100,36445.94
1788861600000,2026-09-08T10:00:00Z,364.01,364.01,363.6,364,36,13094.46
1788861900000,2026-09-08T10:05:00Z,364,364,363.41,363.41,130,47269.54
1788862200000,2026-09-08T10:10:00Z,363.42,363.42,363.07,363.07,66,23984.19
1788862500000,2026-09-08T10:15:00Z,363.95,363.95,363.95,363.95,4,1455.8
1788863100000,2026-09-08T10:25:00Z,364.13,364.18,364.13,364.18,20,7283.1
1788863400000,2026-09-08T10:30:00Z,364.01,364.2,364.01,364.17,37,13474.39
1788863700000,2026-09-08T10:35:00Z,364.16,364.16,364.16,364.16,4,1456.64
1788864000000,2026-09-08T10:40:00Z,362.68,362.91,362.68,362.91,11,3991.09
1788864300000,2026-09-08T10:45:00Z,363.07,363.07,363.03,363.03,14,5082.7
1788864600000,2026-09-08T10:50:00Z,364.8762,364.8762,362.71,363.89,7.19417,2612.47327275
1788864900000,2026-09-08T10:55:00Z,363.89,363.89,363.5,363.5,28,10183.12
1788865200000,2026-09-08T11:00:00Z,362.07,364.95,362.07,362.1475,116,42025.2161
1788865500000,2026-09-08T11:05:00Z,363,363.04,362.07,363.04,64,23144.96
1788865800000,2026-09-08T11:10:00Z,364,364.42,363,364.42,266,96196.24
1788866100000,2026-09-08T11:15:00Z,362.15,363.972,362.15,363.96,68,24738.33
1788866400000,2026-09-08T11:20:00Z,363.99,363.99,363.05,363.1,152,55048.32
1788866700000,2026-09-08T11:25:00Z,363.95,364.5,362,363,63,22899.46
1788867000000,2026-09-08T11:30:00Z,363.5,364.95,363.5,364.95,2068,751954.9928
1788867900000,2026-09-08T11:45:00Z,364,364,363.9,363.9,10,3639.7
1788868200000,2026-09-08T11:50:00Z,363.95,364,363.52,363.6557,160.137381,58034.587561305
1788868500000,2026-09-08T11:55:00Z,362.8,364.95,362.8,364.95,96,34924.39
1788868800000,2026-09-08T12:00:00Z,364.28,364.47,363.7,364,105,38229.63
1788869100000,2026-09-08T12:05:00Z,364,364.75,363.03,364.47,59,21502.1866
1788869400000,2026-09-08T12:10:00Z,364.47,364.56,362,363.67,177801,63480905.955
1788869700000,2026-09-08T12:15:00Z,364.1,364.58,364.01,364.58,22,8013.45
1788870000000,2026-09-08T12:20:00Z,364.58,365,364.58,364.8,135,49238.1
1788870300000,2026-09-08T12:25:00Z,365.8,365.8,363.05,363.05,1259,459552.1318
1788870600000,2026-09-08T12:30:00Z,365.17,367.3625,365.17,365.62,408,149147.6984
1788870900000,2026-09-08T12:35:00Z,365.59,366.13,365.04,365.07,707,258422.59
1788871200000,2026-09-08T12:40:00Z,365.03,365.4,364.11,364.82,166,60508.0208
1788871500000,2026-09-08T12:45:00Z,364.81,366.2,363.01,364.67,261,95167.585
1788871800000,2026-09-08T12:50:00Z,365.13,366.99,363.55,365.88,1067,389143.2441
1788872100000,2026-09-08T12:55:00Z,365.88,367.9,365.106,365.44,268,98094.37
1788872400000,2026-09-08T13:00:00Z,365.9,366.56,364.295,365.62,343.073837,125598.2338894216
1788872700000,2026-09-08T13:05:00Z,365.64,368,364.7,367,233,85350.0085
1788873000000,2026-09-08T13:10:00Z,365.56,367,365.56,366.14,16821,6008718.4644
1788873300000,2026-09-08T13:15:00Z,366.14,367.9997,366,367.9997,700,256593.195
1788873600000,2026-09-08T13:20:00Z,366.64,367.69,366.52,367.4,550,201720.0855
1788873900000,2026-09-08T13:25:00Z,366.71,368.5,363.52,364.84,1733.0691000000002,634820.5816014400732637
1788874200000,2026-09-08T13:30:00Z,365.435,372.72,365.435,371.29,57257,21187857.8309
1788874500000,2026-09-08T13:35:00Z,371.525,376.6,370.5001,373.685,93854.298227,35044397.1964268705
1788874800000,2026-09-08T13:40:00Z,374.015,374.1,368.61,369.13,31126.030531999997,11563222.1391870820848172
1788875100000,2026-09-08T13:45:00Z,369.185,374.32,369.185,373.73,39687.694639,14762735.812665845
1788875400000,2026-09-08T13:50:00Z,373.56,373.59,370.34,372.26,26861.055427000003,9987795.2453257968155173
1788875700000,2026-09-08T13:55:00Z,372.18,376.175,371.72,375.305,24860.520851,9294009.1678957988
1788876000000,2026-09-08T14:00:00Z,375.305,375.59,373.6367,374.095,18668,6992433.2048
1788876300000,2026-09-08T14:05:00Z,374.45,374.665,371.02,371.405,26075.997136,9723376.4128099568
1788876600000,2026-09-08T14:10:00Z,371.9299,372.89,371.31,372.475,25567,9513183.8375
1788876900000,2026-09-08T14:15:00Z,372.66,374.5,372.615,373.01,11933,4455330.2068
1788877200000,2026-09-08T14:20:00Z,373.155,376.42,373.155,376.285,18832,7073283.1453
1788877500000,2026-09-08T14:25:00Z,376.12,376.16,374.31,375.5231,17528,6579981.4929
1788877800000,2026-09-08T14:30:00Z,375.77,376.15,374.33,374.765,15147.236413,5684607.2610991699
1788878100000,2026-09-08T14:35:00Z,374.73,375.66,374.23,375.25,8534.688696,3199437.1438405984
1788878400000,2026-09-08T14:40:00Z,375.28,375.7,374.28,374.58,14029.169612,5263350.2187563028
1788878700000,2026-09-08T14:45:00Z,374.38,375,373.71,374.5,3102,1160911.6849
1788879000000,2026-09-08T14:50:00Z,374.455,375.2293,374.1,374.41,4119.476043,1543106.5361563692
1788879300000,2026-09-08T14:55:00Z,374.75,377.49,374.615,377.49,7394,2783659.1143
1788879600000,2026-09-08T15:00:00Z,377.36,377.36,373.42,374.5,27165.918317,10212798.8270190127
1788879900000,2026-09-08T15:05:00Z,374.49,374.96,374.115,374.95,13031.793206999999,4880000.053805697625586
1788880200000,2026-09-08T15:10:00Z,375.02,376.04,374.8688,375.35,15640.498118000001,5869559.5253245459752792
1788880500000,2026-09-08T15:15:00Z,375.35,376.9888,375.21,376.43,10581.429167,3979220.4244895066
1788880800000,2026-09-08T15:20:00Z,376.2,377.1399,375.88,376.82,8192.083146999999,3081630.6789939378238494
1788881100000,2026-09-08T15:25:00Z,376.86,377.76,376.51,376.51,25258.454104,9526758.5562124312
1788881400000,2026-09-08T15:30:00Z,376.77,376.92,375.63,375.97,4599,1730758.095
1788881700000,2026-09-08T15:35:00Z,375.745,376.015,374.56,374.965,22371,8399217.2047
1788882000000,2026-09-08T15:40:00Z,374.96,376.1,374.8541,375.93,8022.276081,3011486.4083939267
1788882300000,2026-09-08T15:45:00Z,375.99,375.99,374.3805,374.4,7590.664703,2848872.0465102268
1788882600000,2026-09-08T15:50:00Z,374.52,374.8989,373.59,374.73,5736.142889000001,2147343.5820103242743151
1788882900000,2026-09-08T15:55:00Z,374.83,375.01,374.23,374.65,11760.573966000002,4405810.902299733749251
1788883200000,2026-09-08T16:00:00Z,374.73,375.02,374.3,374.62,10332.352748000001,3871747.2523768271747241
1788883500000,2026-09-08T16:05:00Z,374.6,374.65,373.58,373.5801,6927.793867,2592998.4242443364
1788883800000,2026-09-08T16:10:00Z,373.545,373.78,372.8045,372.985,2023,755023.5155
1788884100000,2026-09-08T16:15:00Z,372.93,372.93,372.02,372.53,7306.032982,2722419.750659845
1788884400000,2026-09-08T16:20:00Z,372.53,373.99,372.45,373.795,13514.717934,5043219.0923877098
1788884700000,2026-09-08T16:25:00Z,373.99,374,372.51,372.51,8276.265311,3089935.377596539
1788885000000,2026-09-08T16:30:00Z,372.375,372.68,372,372.68,7094.870567,2641589.2371251575
1788885300000,2026-09-08T16:35:00Z,372.4,372.545,371.49,371.76,8085.739809,3010336.6368117583
1788885600000,2026-09-08T16:40:00Z,372,372.09,371.5,371.625,8299.660428000001,3085441.1453376111717561
1788885900000,2026-09-08T16:45:00Z,371.44,372.14,371.25,372.14,5069.0001,1883554.01514605
1788886200000,2026-09-08T16:50:00Z,372.095,373.385,371.805,373.12,16357.083055000001,6093396.9602453493724718
1788886500000,2026-09-08T16:55:00Z,373.07,373.185,371.8201,372.125,9666.623719000001,3604987.0286581496729347
1788886800000,2026-09-08T17:00:00Z,372.44,374.77,371.8301,374.255,8015.39189,2994143.452165049
1788887100000,2026-09-08T17:05:00Z,374.36,374.6599,373.78,373.86,11660.321845,4364590.095937787
1788887400000,2026-09-08T17:10:00Z,373.97,374.98,373.97,374.585,9294.683429,3480758.6938830106
1788887700000,2026-09-08T17:15:00Z,374.595,375.185,374.595,374.95,27676.589890000003,10376248.3430329131247024
1788888000000,2026-09-08T17:20:00Z,375.03,375.35,374.57,374.83,8837.819863,3314177.7838286986
1788888300000,2026-09-08T17:25:00Z,374.94,374.98,374.62,374.62,2733,1024407.5678
1788888600000,2026-09-08T17:30:00Z,374.67,374.675,373.61,374.41,5445.921283,2037885.2250216338
1788888900000,2026-09-08T17:35:00Z,374.54,374.54,373.84,374.01,5423.00267,2028413.413739933
1788889200000,2026-09-08T17:40:00Z,374.01,374.17,373.1,373.325,11243.413737,4200336.3936867877
1788889500000,2026-09-08T17:45:00Z,373.2472,373.73,372.995,373.1068,6665.61302,2487877.202639046
1788889800000,2026-09-08T17:50:00Z,372.9301,373.23,372.72,372.87,7779.212983,2901652.0036821221
1788890100000,2026-09-08T17:55:00Z,372.9,373.16,372.605,372.605,2263,843731.675
1788890400000,2026-09-08T18:00:00Z,372.67,372.83,372.08,372.48,3814,1420385.235
1788890700000,2026-09-08T18:05:00Z,372.56,373.469,372.3591,373.22,8091.201211,3016434.2779597269
1788891000000,2026-09-08T18:10:00Z,373.305,373.62,373.03,373.325,8165.978628,3048777.844713696
1788891300000,2026-09-08T18:15:00Z,373.33,373.64,373.25,373.43,6800.374376,2539257.4518732752
1788891600000,2026-09-08T18:20:00Z,373.42,373.5153,372.76,372.76,6349.886261,2370110.5792757853
1788891900000,2026-09-08T18:25:00Z,372.76,373.06,372.59,372.83,10413.161176000001,3881579.1640291675727697
1788892200000,2026-09-08T18:30:00Z,372.77,372.97,372.64,372.64,5571.85037,2076964.942775571
1788892500000,2026-09-08T18:35:00Z,372.48,372.78,372.345,372.65,12637.324267,4707463.9528637882
1788892800000,2026-09-08T18:40:00Z,372.67,373.18,372.5,372.86,5595.747942,2086040.6455250322
1788893100000,2026-09-08T18:45:00Z,372.99,373.93,371.88,373.19,8318.2948420000002,3104160.0400373970746457
1788893400000,2026-09-08T18:50:00Z,372.82,373.44,371.3439,372.17,1454,541510.8275
1788893700000,2026-09-08T18:55:00Z,372.44,373.1499,372.36,372.49,10471.377767,3902794.8588151779
1788894000000,2026-09-08T19:00:00Z,372.62,373.07,371.83,371.975,5821.107362,2168990.2840913262
1788894300000,2026-09-08T19:05:00Z,372.1,372.85,371.98,372.065,7074.150052,2634059.615414124
1788894600000,2026-09-08T19:10:00Z,372,372.88,372,372.84,4587,1708891.845
1788894900000,2026-09-08T19:15:00Z,372.91,373.5414,372.84,372.98,11905.140149999999,4442023.0412428546270343
1788895200000,2026-09-08T19:20:00Z,372.985,373.28,372.735,372.735,9558.708287,3566109.4173931869
1788895500000,2026-09-08T19:25:00Z,372.78,373.8499,372.17,373.575,28999.101946000002,10808915.1521651105454626
1788895800000,2026-09-08T19:30:00Z,373.4,373.99,372.58,372.84,33681,12585374.7542
1788896100000,2026-09-08T19:35:00Z,372.93,372.93,372.28,372.3803,18660.113476,6952871.864189526
1788896400000,2026-09-08T19:40:00Z,372.505,372.52,371.55,372.07,15190.763299,5654046.7708614913
1788896700000,2026-09-08T19:45:00Z,371.94,372.25,371.26,371.87,16018.498194,5956982.1337759202
1788897000000,2026-09-08T19:50:00Z,372.05,372.59,370.38,372.12,40331.571449000003,14995968.2559572242160957
1788897300000,2026-09-08T19:55:00Z,371.93,373.69,371.75,372.06,154621,57565790.0568
1788897600000,2026-09-08T20:00:00Z,372.06,372.06,370,370,143232,53290876.71
1788897900000,2026-09-08T20:05:00Z,370.4506,372.06,370.4506,371.43,52,19329.7606
1788898200000,2026-09-08T20:10:00Z,372.06,372.06,371.43,372,211.604174,78606.4434720938
1788898500000,2026-09-08T20:15:00Z,372.06,373.1,370.82,370.82,123.354975,45889.853297
1788899100000,2026-09-08T20:25:00Z,372,372,372,372,3,1116
1788899700000,2026-09-08T20:35:00Z,372.84,372.84,372.06,372.06,54,20035.08
1788900000000,2026-09-08T20:40:00Z,373.68,373.68,373.68,373.68,5,1868.4
1788900300000,2026-09-08T20:45:00Z,372.06,372.06,372.06,372.06,1,372.06
1788900600000,2026-09-08T20:50:00Z,373.07,373.07,373.07,373.07,2,746.14
1788900900000,2026-09-08T20:55:00Z,374,374,370,370,27,10085.5
1788901500000,2026-09-08T21:05:00Z,370.8216,370.8216,370.8216,370.8216,3,1112.4648
1788901800000,2026-09-08T21:10:00Z,372.9,372.9,372.9,372.9,2,745.8
1788902100000,2026-09-08T21:15:00Z,374,374,371,371,20,7426.8
1788903600000,2026-09-08T21:40:00Z,374,374,372.06,372.06,28,10460.36
1788904200000,2026-09-08T21:50:00Z,370.73,370.73,370.73,370.73,1,370.73
1788904500000,2026-09-08T21:55:00Z,370.78,372.56,370.78,371.39,37,13770.58
1788904800000,2026-09-08T22:00:00Z,371.39,371.39,371.39,371.39,63,23397.57
1788905100000,2026-09-08T22:05:00Z,372,372.06,372,372.06,30,11160.6
1788905400000,2026-09-08T22:10:00Z,371.39,372.25,371.39,372.25,3,1115.03
1788905700000,2026-09-08T22:15:00Z,372.0447,372.86,372.0447,372.86,9,3349.2176
1788906600000,2026-09-08T22:30:00Z,372.99,372.99,372.81,372.81,3,1118.79
1788907200000,2026-09-08T22:40:00Z,371.97,371.97,371.97,371.97,1,371.97
1788908400000,2026-09-08T23:00:00Z,372.7675,372.7675,372.7675,372.7675,1,372.7675
1788909000000,2026-09-08T23:10:00Z,372.76,372.76,372.65,372.65,5,1863.47
1788909300000,2026-09-08T23:15:00Z,372.65,372.65,372.65,372.65,4,1490.6
1788909600000,2026-09-08T23:20:00Z,373,373,373,373,1,373
1788910200000,2026-09-08T23:30:00Z,371,371,371,371,6,2226
1788910500000,2026-09-08T23:35:00Z,372.1,372.1,371.5,371.5,147,54639
1788911400000,2026-09-08T23:50:00Z,371.2,371.5,371.2,371.5,34,12626.8
1788912600000,2026-09-09T00:10:00Z,372.98,372.98,372.81,372.81,3,1118.77
1788912900000,2026-09-09T00:15:00Z,373,373,373,373,117,43641
1788913800000,2026-09-09T00:30:00Z,372.22,372.22,372.14,372.14,16,5954.32
1788914100000,2026-09-09T00:35:00Z,371.86,371.86,371.86,371.86,1,371.86
1788915300000,2026-09-09T00:55:00Z,372.88,373,372.87,373,30,11188.7
1788915600000,2026-09-09T01:00:00Z,373.3,373.93,373.3,373.75,11,4111.51
1788916200000,2026-09-09T01:10:00Z,373.76,373.76,373.76,373.76,1,373.76
1788916500000,2026-09-09T01:15:00Z,374.44,374.5,374.44,374.5,200,74899.01
1788916800000,2026-09-09T01:20:00Z,374.6,374.68,374.6,374.68,53,19854.84
1788917700000,2026-09-09T01:35:00Z,375,375,375,375,8,3000
1788918300000,2026-09-09T01:45:00Z,374.84,374.84,374.68,374.68,16,5995.26
1788918600000,2026-09-09T01:50:00Z,374.15,374.15,374.15,374.15,2,748.3
1788918900000,2026-09-09T01:55:00Z,374.1,374.1,374.1,374.1,1,374.1
1788920400000,2026-09-09T02:20:00Z,374.5,374.5,374.5,374.5,5,1872.5
1788923100000,2026-09-09T03:05:00Z,374.5,374.96,374.25,374.96,13,4872.76
1788924600000,2026-09-09T03:30:00Z,375.11,375.11,375.11,375.11,1,375.11
1788925500000,2026-09-09T03:45:00Z,374.16,374.16,374.16,374.16,1,374.16
1788925800000,2026-09-09T03:50:00Z,374.22,374.22,373.75,373.75,14,5234.14
1788926100000,2026-09-09T03:55:00Z,373.9,373.9,373.9,373.9,1,373.9
1788926400000,2026-09-09T04:00:00Z,373.84,373.9,373.84,373.9,30,11216.26
1788926700000,2026-09-09T04:05:00Z,373.9,373.9,373.9,373.9,2,747.8
1788927000000,2026-09-09T04:10:00Z,373.77,373.77,372.85,372.85,16,5974.58
1788927600000,2026-09-09T04:20:00Z,372.85,372.97,372.85,372.85,5,1864.49
1788927900000,2026-09-09T04:25:00Z,374.59,374.59,373.7,373.85,200,74890.76
1788930900000,2026-09-09T05:15:00Z,373.81,373.81,373.75,373.75,2,747.56
1788931500000,2026-09-09T05:25:00Z,373.4,373.4,373.4,373.4,6,2240.4
1788931800000,2026-09-09T05:30:00Z,373.4,373.4,373,373,80,29848.3
1788932700000,2026-09-09T05:45:00Z,373.3,373.3,373.3,373.3,7,2613.1
1788936300000,2026-09-09T06:45:00Z,373.88,373.88,373.8,373.8,16,5981.07
1788937800000,2026-09-09T07:10:00Z,373.79,373.79,373.27,373.27,18,6726.66
1788940800000,2026-09-09T08:00:00Z,374.7355,374.78,372,373.86,352,131414.211
1788941100000,2026-09-09T08:05:00Z,374.55,376.38,372.38,376.2,155,58137.493
1788941700000,2026-09-09T08:15:00Z,374.55,375.8,374.55,375.8,3,1126.15
1788942000000,2026-09-09T08:20:00Z,375.8,375.8,375.8,375.8,1,375.8
1788942900000,2026-09-09T08:35:00Z,374,375.5935,374,375.5935,71,26667.5935
1788943200000,2026-09-09T08:40:00Z,373,375.5935,373,375,45.00575,16904.1597
1788943500000,2026-09-09T08:45:00Z,373,376.17,373,373.06,104,39062.4
1788943800000,2026-09-09T08:50:00Z,373.91,373.91,373.91,373.91,20,7478.2
1788944100000,2026-09-09T08:55:00Z,375.21,375.21,375.21,375.21,1,375.21
1788944400000,2026-09-09T09:00:00Z,376.0907,376.0907,374.5,374.5,14,5244.5907
1788944700000,2026-09-09T09:05:00Z,373.2,373.2,373.2,373.2,20,7464
1788945000000,2026-09-09T09:10:00Z,373.4,373.4,373,373,3,1119.4
1788945300000,2026-09-09T09:15:00Z,373.02,373.02,373,373,15,5595.08
1788945600000,2026-09-09T09:20:00Z,372.07,373.5,372.07,373.5,70,26184.053
1788945900000,2026-09-09T09:25:00Z,372.454,373.96,372.454,372.49,39,14576.684
1788946200000,2026-09-09T09:30:00Z,372.06,372.06,371.2,371.34,42,15613
1788946500000,2026-09-09T09:35:00Z,371.2,371.2,371.2,371.2,56,20726.03
1788947100000,2026-09-09T09:45:00Z,369.64,370.04,369.64,369.9,17,6288.41
1788947400000,2026-09-09T09:50:00Z,369,369,368,368,60,22134.3252
1788947700000,2026-09-09T09:55:00Z,367.06,367.8,366.2,367.8,174.99872,64313.8296
1788948000000,2026-09-09T10:00:00Z,366,367.97,366,367.3772,68,24978.7344
1788948300000,2026-09-09T10:05:00Z,368.01,368.36,366.2912,366.2912,44,16189.1236
1788948900000,2026-09-09T10:15:00Z,365.01,365.01,365.01,365.01,11,4015.11
1788949200000,2026-09-09T10:20:00Z,365,367.17,365,365.4,4,1462.9729
1788949500000,2026-09-09T10:25:00Z,367.17,368.01,367.17,368,90,33111.98
1788949800000,2026-09-09T10:30:00Z,369,370.0142,367,367,448,164851.1902
1788950400000,2026-09-09T10:40:00Z,366.31,368.12,366,368.12,216,79108.46
1788950700000,2026-09-09T10:45:00Z,366.46,366.46,366.46,366.46,13,4763.98
1788951000000,2026-09-09T10:50:00Z,366.2,367.99,366.03,366.03,54,19888.74
1788951300000,2026-09-09T10:55:00Z,365.58,365.58,365.58,365.58,4,1462.32
1788951600000,2026-09-09T11:00:00Z,367,367,365.09,365.372,84,30905.8962
1788951900000,2026-09-09T11:05:00Z,365,367,365,367,10,3665.36
1788952200000,2026-09-09T11:10:00Z,366.8,368.6,366.8,368.6,418,153222.08
1788952500000,2026-09-09T11:15:00Z,367.01,367.01,367,367,15,5505.1
1788952800000,2026-09-09T11:20:00Z,365.31,368.01,365.31,368.01,83,30448.38
1788953100000,2026-09-09T11:25:00Z,367,368.6,366.2822,366.2822,17,6245.5644
1788953400000,2026-09-09T11:30:00Z,367.11,367.11,366.28,366.28,90,32996.03
1788954000000,2026-09-09T11:40:00Z,366.9445,366.9445,366.7602,366.7602,36,13213.3898
1788954300000,2026-09-09T11:45:00Z,368.43,368.43,366.4,366.4,35000,13022034.54
1788954600000,2026-09-09T11:50:00Z,367.02,367.53,367.01,367.53,23,8449.57
1788954900000,2026-09-09T11:55:00Z,369.5,369.5,369.5,369.5,1,369.5
1788955200000,2026-09-09T12:00:00Z,368,368,366.15,366.15,34,12450.95
1788955500000,2026-09-09T12:05:00Z,367.29,367.3,365,367.3,81,29609.52
1788955800000,2026-09-09T12:10:00Z,367.3,367.3,365.06,366.2,312,114356.0227
1788956100000,2026-09-09T12:15:00Z,366.25,366.25,364.11,364.11,28,10204.8049
1788956400000,2026-09-09T12:20:00Z,367.5,367.5,365,365,31,11361.4566
1788956700000,2026-09-09T12:25:00Z,366.21,366.54,366.21,366.54,8,2933.93
1788957000000,2026-09-09T12:30:00Z,366.5,366.5,366.35,366.35,55,20321.9
1788957300000,2026-09-09T12:35:00Z,366.4,366.4,366.3,366.4,32,11724.2
1788957600000,2026-09-09T12:40:00Z,366.022,366.022,366.022,366.022,5,1830.11
1788957900000,2026-09-09T12:45:00Z,366.98,366.98,366.2,366.45,25,9158.37
1788958200000,2026-09-09T12:50:00Z,367.01,367.01,366.5,366.5,204,74684.99
1788958500000,2026-09-09T12:55:00Z,366.51,366.51,365.8539,365.8539,261371,95653944.87
1788958800000,2026-09-09T13:00:00Z,365.34,368.8103,365.34,365.8547,77,28266.5794
1788959400000,2026-09-09T13:10:00Z,366,367.06,366,367.06,64,23491.1
1788959700000,2026-09-09T13:15:00Z,368.2,368.33,368.2,368.33,108,39770.77
1788960000000,2026-09-09T13:20:00Z,369,369.4,366.53,369.4,117,42869.22
1788960300000,2026-09-09T13:25:00Z,369.85,372.91,369.39,370.2,500,185196.54
1788960600000,2026-09-09T13:30:00Z,369.44,381.02,368.482,380.42,66633.607772999996,24865935.5939152689099008
1788960900000,2026-09-09T13:35:00Z,380.8223,381.01,378.0634,378.86,19047.623747999998,7238032.2181132464399972
1788961200000,2026-09-09T13:40:00Z,378.97,379.99,376.25,376.64,8933,3373028.9695
1788961500000,2026-09-09T13:45:00Z,377.5,377.64,372.4,374.66,12096,4532133.1126
1788961800000,2026-09-09T13:50:00Z,374.44,377.34,374.4,377.34,6299,2365745.5436
1788962100000,2026-09-09T13:55:00Z,377.455,380.7,377.45,380.65,18204,6912894.543
1788962400000,2026-09-09T14:00:00Z,380.44,381,379.37,380.595,15205,5783903.836
1788962700000,2026-09-09T14:05:00Z,380.42,382.5799,380.42,382.5799,40837,15586186.7998
1788963000000,2026-09-09T14:10:00Z,382.33,383.23,381.07,382.325,27461.779807,10498444.1200765984
1788963300000,2026-09-09T14:15:00Z,382.02,382.02,380.05,380.71,17629.209641,6724608.2931242046
1788963600000,2026-09-09T14:20:00Z,380.91,381.32,379.3,380.8703,10705.912482,4075196.1587533622
1788963900000,2026-09-09T14:25:00Z,381.38,382.56,381.38,382.235,9221,3523860.2174
1788964200000,2026-09-09T14:30:00Z,382.19,382.19,381.25,381.4,5121,1953851.025
1788964500000,2026-09-09T14:35:00Z,381.21,381.46,379.315,380.03,5822.464209,2216093.6916862253
1788964800000,2026-09-09T14:40:00Z,380.49,380.73,379.138,379.87,6421.43087,2439777.540869914
1788965100000,2026-09-09T14:45:00Z,379.51,379.735,378.55,379.515,8753.169675,3320744.437417025
1788965400000,2026-09-09T14:50:00Z,379.515,379.87,379.01,379.14,13854.599683,5256385.9393684882
1788965700000,2026-09-09T14:55:00Z,379.135,380.22,379.135,379.695,5023,1908175.239
1788966000000,2026-09-09T15:00:00Z,379.85,380.8056,379.66,380.145,24482,9315736.5888
1788966300000,2026-09-09T15:05:00Z,380.265,380.265,377.48,377.5719,4992.91574,1894359.398453192
1788966600000,2026-09-09T15:10:00Z,377.685,378.11,375.83,376.89,11759.812255,4433218.727814802
1788966900000,2026-09-09T15:15:00Z,377.12,378.055,376.97,377.72,10052,3795965.825
1788967200000,2026-09-09T15:20:00Z,377.98,378.08,375.2,375.7,5219.345805,1966747.2447975935
1788967500000,2026-09-09T15:25:00Z,375.705,376.19,375.6,375.915,5588,2099995.35
1788967800000,2026-09-09T15:30:00Z,376.18,377.17,376.18,377.17,7357.371792,2769423.431707528
1788968100000,2026-09-09T15:35:00Z,377.3,378.26,376.8,378,6624.5343410000005,2501708.5021398579887429
1788968400000,2026-09-09T15:40:00Z,378.84,379.98,377.87,379.98,13030.122138,4936795.3431080328
1788968700000,2026-09-09T15:45:00Z,379.84,380.96,379.3,380.935,9073.380681000001,3449352.1575209611799368
1788969000000,2026-09-09T15:50:00Z,381.14,381.79,380.85,381.74,12642.252081999999,4820866.6532090724186796
1788969300000,2026-09-09T15:55:00Z,381.37,381.37,379.3928,379.96,4786,1819381.194
1788969600000,2026-09-09T16:00:00Z,379.99,380.745,379.98,380.58,4940.91311,1879063.348033459
1788969900000,2026-09-09T16:05:00Z,380.14,380.19,379.02,379.36,3160,1199826.3056
1788970200000,2026-09-09T16:10:00Z,379.1,379.3693,378.63,378.63,10574.420146,4008518.020357213
1788970500000,2026-09-09T16:15:00Z,378.79,378.79,378.31,378.525,2971.29446,1124725.840192194
1788970800000,2026-09-09T16:20:00Z,378.525,378.76,378.185,378.76,4175.8266999999996,1580435.1942555498486134
1788971100000,2026-09-09T16:25:00Z,378.87,379.25,378.05,378.33,5716.437269,2165124.0530265529
1788971400000,2026-09-09T16:30:00Z,378.66,380.045,378.32,379.82,4052.003,1537124.6697193
1788971700000,2026-09-09T16:35:00Z,380.075,380.77,379.88,380.72,13849,5267793.4404
1788972000000,2026-09-09T16:40:00Z,380.755,380.9899,380.41,380.64,8703.282403000001,3312757.6372293396806331
1788972300000,2026-09-09T16:45:00Z,380.64,380.7928,380.27,380.52,5651.165903,2150417.1246112977
1788972600000,2026-09-09T16:50:00Z,380.585,381.2399,380.585,380.68,10150.534912000001,3866473.1180002307809292
1788972900000,2026-09-09T16:55:00Z,380.725,380.87,380.3,380.39,4385.483823,1669630.6012213812
1788973200000,2026-09-09T17:00:00Z,380.25,381.225,379.83,380.85,12239.876483,4654075.4011230619
1788973500000,2026-09-09T17:05:00Z,380.85,381.415,380.69,380.69,4476.849309,1706093.7717829953
1788973800000,2026-09-09T17:10:00Z,380.62,381.21,380.35,381.21,5391.737557,2052366.2997562064
1788974100000,2026-09-09T17:15:00Z,381.145,381.24,380.71,380.735,1669.86632,636281.070748208
1788974400000,2026-09-09T17:20:00Z,380.61,380.61,380.14,380.42,6711.47834,2553411.439361846
1788974700000,2026-09-09T17:25:00Z,380.34,380.41,380.13,380.29,4615.2905599999995,1755490.7240834558098175
1788975000000,2026-09-09T17:30:00Z,380.315,380.315,379.35,380.1,14273.32621,5426208.964852997
1788975300000,2026-09-09T17:35:00Z,379.9301,380.08,379.24,379.285,4334.275979,1645766.3952882451
1788975600000,2026-09-09T17:40:00Z,379.43,379.86,379.39,379.71,1539,584163.95
1788975900000,2026-09-09T17:45:00Z,379.6,380.44,379.6,380.315,5251.334267,1994925.0154687822
1788976200000,2026-09-09T17:50:00Z,380.6,380.97,380.4,380.82,2851.4608200000002,1085284.3532580600761166
1788976500000,2026-09-09T17:55:00Z,380.65,381.93,380.43,381.93,12856.450034999998,4894339.9628541982386172
1788976800000,2026-09-09T18:00:00Z,381.93,382.05,380.64,380.66,22265.053617999998,8497981.7402432890364078
1788977100000,2026-09-09T18:05:00Z,380.665,381.28,380.665,381.28,1559,593856.065
1788977400000,2026-09-09T18:10:00Z,381.15,381.6,380.68,381.475,15089.268828,5749975.6277461092
1788977700000,2026-09-09T18:15:00Z,381.47,381.47,381.019,381.049,3831.0594,1460911.19475804
1788978000000,2026-09-09T18:20:00Z,381.2,381.47,380.825,381.177,14768,5628726.4475
1788978300000,2026-09-09T18:25:00Z,381.41,381.7922,381.31,381.735,7337.063237,2799597.6800867836
1788978600000,2026-09-09T18:30:00Z,381.78,382.47,381.69,382.215,7248,2769425.5504
1788978900000,2026-09-09T18:35:00Z,382.17,382.31,381.72,381.72,5097.036676,1947419.6111949576
1788979200000,2026-09-09T18:40:00Z,381.64,381.95,381.43,381.665,3919,1495869.9735
1788979500000,2026-09-09T18:45:00Z,381.66,381.93,381.42,381.445,9141.128261,3489147.9020515312
1788979800000,2026-09-09T18:50:00Z,381.31,381.4594,380.69,381.04,6280,2392208.4834
1788980100000,2026-09-09T18:55:00Z,380.96,381.185,380.68,380.855,12954.687524,4935100.6068936736
1788980400000,2026-09-09T19:00:00Z,380.855,381.32,380.855,381.135,15799.09456,6020606.317422208
1788980700000,2026-09-09T19:05:00Z,381.01,382.1,381,382.1,7066.240529000001,2695680.9911999171814592
1788981000000,2026-09-09T19:10:00Z,381.98,382.61,381.94,382.55,7439.639555,2843705.097702854
1788981300000,2026-09-09T19:15:00Z,382.53,383.43,382.505,383.27,9506.27794,3640888.705296348
1788981600000,2026-09-09T19:20:00Z,383.34,383.85,383.13,383.13,20927.537999,8028153.9195569713
1788981900000,2026-09-09T19:25:00Z,383.2075,383.225,382.56,382.76,14297.29658,5473635.534996338
1788982200000,2026-09-09T19:30:00Z,382.765,382.765,381.98,382.555,9895.1565,3784403.4746261
1788982500000,2026-09-09T19:35:00Z,382.555,383.215,382.53,383.215,5982.300456,2289595.3543747704
1788982800000,2026-09-09T19:40:00Z,383.15,383.18,382.09,382.515,16189.983553,6193909.137756081
1788983100000,2026-09-09T19:45:00Z,382.7,383.78,382.68,383.78,12304.487219999999,4713714.068261579616961
1788983400000,2026-09-09T19:50:00Z,383.54,384.26,382.97,383.39,42019,16123069.5113
1788983700000,2026-09-09T19:55:00Z,383.3575,384.4,382.89,383.69,155714,59764530.018
1788984000000,2026-09-09T20:00:00Z,383.69,383.69,381.3709,383.066,28915,11094364.8756
1788984300000,2026-09-09T20:05:00Z,381.0171,383.5,380.8675,380.8675,70,26735.4431
1788984600000,2026-09-09T20:10:00Z,383.69,383.69,381.9,381.9,28,10720.37
1788984900000,2026-09-09T20:15:00Z,383.5,383.5,382.24,382.24,32,12252.08
1788985200000,2026-09-09T20:20:00Z,383.69,383.69,382.97,383.5,11,4217.52
1788985500000,2026-09-09T20:25:00Z,382.915,383,382.9,382.9,339,130050.195
1788985800000,2026-09-09T20:30:00Z,383.01,383.01,382.9,382.9,126,48309.084
1788986100000,2026-09-09T20:35:00Z,382.9,382.9,382.9,382.9,2,765.8
1788986400000,2026-09-09T20:40:00Z,383.8295,383.8295,383.8295,383.8295,2,767.659
1788986700000,2026-09-09T20:45:00Z,383.94,384,383.94,384,3,1151.94
1788987300000,2026-09-09T20:55:00Z,383.69,384,383.0649,383.0705,42,16103.7462
1788987600000,2026-09-09T21:00:00Z,384,384,383.12,383.12,30,11496.19
1788987900000,2026-09-09T21:05:00Z,382.9,382.9,382.9,382.9,10,3829
1788988200000,2026-09-09T21:10:00Z,383.01,383.01,383.01,383.01,2,766.02
1788988500000,2026-09-09T21:15:00Z,383.01,384,382.9,383.01,46,17649.0702
1788988800000,2026-09-09T21:20:00Z,383.9,383.9,382.9851,382.9851,22,8432.0513
1788989100000,2026-09-09T21:25:00Z,383.01,383.01,382.98,382.98,199,76306.55
1788989400000,2026-09-09T21:30:00Z,382.3,382.3,382.3,382.3,1,382.3
1788990000000,2026-09-09T21:40:00Z,382.47,383,382.47,383,41,15688.16
1788990300000,2026-09-09T21:45:00Z,382.75,382.75,382.75,382.75,2,765.5
1788990600000,2026-09-09T21:50:00Z,381.7185,381.7185,381.7185,381.7185,20,7634.37
1788990900000,2026-09-09T21:55:00Z,383.38,383.38,383.12,383.12,208,79372.0928
1788991200000,2026-09-09T22:00:00Z,383.12,383.67,382.3,383.67,57,21830.9031
1788991800000,2026-09-09T22:10:00Z,382.79,382.79,382.47,382.47,8,3061.68
1788992100000,2026-09-09T22:15:00Z,381.75,381.75,381.75,381.75,1,381.75
1788992400000,2026-09-09T22:20:00Z,382.47,382.47,382.47,382.47,13,4972.11
1788992700000,2026-09-09T22:25:00Z,382.3,382.86,382.3,382.86,6,2296.04
1788993000000,2026-09-09T22:30:00Z,382.5,382.5,382.5,382.5,1,382.5
1788993300000,2026-09-09T22:35:00Z,383,383,383,383,3,1149
1788993600000,2026-09-09T22:40:00Z,383,383,383,383,12,4596
1788993900000,2026-09-09T22:45:00Z,381.81,382.5,381.81,382.5,4,1527.93
1788994200000,2026-09-09T22:50:00Z,383,383,382.47,382.47,59,22560.6
1788994500000,2026-09-09T22:55:00Z,382.47,382.47,382.47,382.47,3,1147.41
1788995100000,2026-09-09T23:05:00Z,383,383,382.7,382.7,29,11098.6
1788995400000,2026-09-09T23:10:00Z,382.64,382.7,382.64,382.64,31,11862.56
1788995700000,2026-09-09T23:15:00Z,382.6,382.6,381.81,381.81,15,5731.1
1788996000000,2026-09-09T23:20:00Z,382.11,382.8,382.11,382.8,7,2678.91
1788996300000,2026-09-09T23:25:00Z,382.78,382.78,382.2416,382.2416,10,3824.5696
1788996600000,2026-09-09T23:30:00Z,383,383,382.54,382.54,38,14541.12
1788996900000,2026-09-09T23:35:00Z,382.3,382.54,382.3,382.54,3,1147.38
1788997200000,2026-09-09T23:40:00Z,382.11,382.4,382.11,382.4,2,764.51
1788997500000,2026-09-09T23:45:00Z,382.41,382.41,382.4,382.4,32,12237.1
1788997800000,2026-09-09T23:50:00Z,382.4,382.4,382.4,382.4,1,382.4
1788998400000,2026-09-10T00:00:00Z,383.49,383.49,383.49,383.49,1,383.49
1788999000000,2026-09-10T00:10:00Z,382.71,382.71,381.51,381.51,36,13747.29
1788999600000,2026-09-10T00:20:00Z,382.76,382.76,382.75,382.75,2,765.51
1789001100000,2026-09-10T00:45:00Z,381.58,381.58,381.57,381.57,120,45789
1789001400000,2026-09-10T00:50:00Z,381.55,381.55,381.55,381.55,5,1907.75
1789001700000,2026-09-10T00:55:00Z,380.31,380.31,380.18,380.31,130,49438.65
1789002000000,2026-09-10T01:00:00Z,380.77,380.77,380.77,380.77,1,380.77
1789002300000,2026-09-10T01:05:00Z,380.6,380.6,380.6,380.6,1,380.6
1789002600000,2026-09-10T01:10:00Z,380.5,380.5,380.12,380.12,42,15965.42
1789002900000,2026-09-10T01:15:00Z,379.61,379.81,379.61,379.81,54,20508.96
1789003800000,2026-09-10T01:30:00Z,378.9,378.9,378.9,378.9,2,757.8
1789004100000,2026-09-10T01:35:00Z,378.9,378.9,378.56,378.56,39,14772.4
1789004400000,2026-09-10T01:40:00Z,379.93,379.93,379.93,379.93,7,2659.51
1789004700000,2026-09-10T01:45:00Z,379.76,379.99,379.76,379.99,37,14057.91
1789005900000,2026-09-10T02:05:00Z,379.75,379.83,379.75,379.83,7,2658.41
1789006200000,2026-09-10T02:10:00Z,379.34,379.34,379.27,379.27,12,4551.66
1789006500000,2026-09-10T02:15:00Z,379.44,379.44,379,379,45,17062.25
1789007100000,2026-09-10T02:25:00Z,379.3,379.3,379.03,379.03,37,14029.85
1789007700000,2026-09-10T02:35:00Z,380.26,380.27,380.26,380.27,8,3042.12
1789008000000,2026-09-10T02:40:00Z,380.31,380.31,380.31,380.31,12,4563.72
1789008300000,2026-09-10T02:45:00Z,380.31,380.31,380.3,380.31,24,9127.38
1789008600000,2026-09-10T02:50:00Z,380.32,380.32,380.32,380.32,6,2281.92
1789008900000,2026-09-10T02:55:00Z,380.32,380.32,380.27,380.27,18,6845.46
1789010700000,2026-09-10T03:25:00Z,380,380,379.06,379.06,42,15959.06
1789011300000,2026-09-10T03:35:00Z,380,380,379.13,379.13,30,11380.63
1789013100000,2026-09-10T04:05:00Z,381.16,381.16,381.16,381.16,2,762.32
1789013400000,2026-09-10T04:10:00Z,381.16,381.16,381.16,381.16,1,381.16
1789013700000,2026-09-10T04:15:00Z,381.16,381.16,381.16,381.16,2,762.32
1789016400000,2026-09-10T05:00:00Z,381.36,381.36,381.36,381.36,1,381.36
1789016700000,2026-09-10T05:05:00Z,381.36,382.74,381.26,382.62,277,105930.37
1789017600000,2026-09-10T05:20:00Z,382.62,382.62,382.37,382.45,197,75371.88
1789017900000,2026-09-10T05:25:00Z,383.25,383.25,383.25,383.25,6,2299.5
1789018200000,2026-09-10T05:30:00Z,383.48,383.48,383.48,383.48,2,766.96
1789018500000,2026-09-10T05:35:00Z,383.66,383.7,383.66,383.7,33,12661.35
1789019400000,2026-09-10T05:50:00Z,382.75,382.75,381.28,381.28,20,7634.42
1789020300000,2026-09-10T06:05:00Z,382.75,382.75,381.9,381.9,62,23688.78
1789020600000,2026-09-10T06:10:00Z,382.09,382.57,382,382,149,56955.54
1789020900000,2026-09-10T06:15:00Z,382,382,381.5,381.85,50,19090.06
1789021200000,2026-09-10T06:20:00Z,381.5,381.79,381.16,381.79,89,33964.23
1789022400000,2026-09-10T06:40:00Z,383.19,383.37,383.09,383.09,89,34109.29
1789022700000,2026-09-10T06:45:00Z,383.1,383.25,383.1,383.17,6,2299.04
1789023000000,2026-09-10T06:50:00Z,383.09,383.09,383.09,383.09,4,1532.36
1789023600000,2026-09-10T07:00:00Z,383.18,383.19,383.18,383.19,10,3831.82
1789023900000,2026-09-10T07:05:00Z,382.43,383.28,382.43,382.59,74,28319.69
1789024800000,2026-09-10T07:20:00Z,382.59,382.59,382.59,382.59,2,765.18
1789025100000,2026-09-10T07:25:00Z,382.73,382.74,382.7,382.71,27,10333.47
1789025400000,2026-09-10T07:30:00Z,381.82,381.82,381.17,381.17,15,5721.45
1789026000000,2026-09-10T07:40:00Z,381.52,381.6,381.32,381.32,27,10300.76
1789026900000,2026-09-10T07:55:00Z,381.69,381.72,381.19,381.59,28,10683.36
1789027200000,2026-09-10T08:00:00Z,382.62,384.09,381,382.62,977,373307.24
1789027500000,2026-09-10T08:05:00Z,382.56,382.65,381.4575,381.4575,38,14537.2875
1789027800000,2026-09-10T08:10:00Z,381.88,381.88,381.88,381.88,1,381.88
1789028400000,2026-09-10T08:20:00Z,381.9,382.62,381.9,382.62,95,36300.59
1789029000000,2026-09-10T08:30:00Z,380.37,380.37,380.37,380.37,2,760.74
1789029600000,2026-09-10T08:40:00Z,380.37,380.41,380.37,380.4,38,14454.78
1789029900000,2026-09-10T08:45:00Z,380.4,382.9,380,381.45,165,62998.35
1789030200000,2026-09-10T08:50:00Z,381.1,381.1,379.5417,380.9,48,18274.7117
1789030800000,2026-09-10T09:00:00Z,381.27,381.27,380.04,380.11,38,14460.45
1789031400000,2026-09-10T09:10:00Z,380.09,380.09,380.09,380.09,10,3800.9
1789031700000,2026-09-10T09:15:00Z,383,383,383,383,2,759.175
1789032300000,2026-09-10T09:25:00Z,380.01,380.01,380,380,15,5700.13
1789032600000,2026-09-10T09:30:00Z,379.56,380.81,379.01,379.01,65,24656.4
1789032900000,2026-09-10T09:35:00Z,379.03,379.03,379,379,31,11749.42
1789033200000,2026-09-10T09:40:00Z,378.46,379,378.46,379,11,4168.46
1789033500000,2026-09-10T09:45:00Z,379,379,378,378,89,33672.46
1789034400000,2026-09-10T10:00:00Z,378,378.48,378,378.48,28,10592.2
1789035900000,2026-09-10T10:25:00Z,379.58,379.82,379.58,379.82,10,3797.96
1789038000000,2026-09-10T11:00:00Z,379.98,379.98,376.29,376.29,639,242331.8566
1789038300000,2026-09-10T11:05:00Z,376.15,376.15,376.15,376.15,1,376.15
1789038600000,2026-09-10T11:10:00Z,377.0334,377.0334,377.0334,377.0334,1,377.0334
1789038900000,2026-09-10T11:15:00Z,377,378,377,377.82,16,6054.98
1789039500000,2026-09-10T11:25:00Z,377.2087,378,377.2087,378,13,4906.087
1789039800000,2026-09-10T11:30:00Z,378,379,377.2764,379,19,7180.7512
1789040400000,2026-09-10T11:40:00Z,376.4,377.5376,376.4,377.5376,31,11669.5376
1789040700000,2026-09-10T11:45:00Z,376.82,376.82,376.82,376.82,1,376.82
1789041000000,2026-09-10T11:50:00Z,377.01,380.0305,376.41,379.21,171.103946,64735.0905009588
1789041300000,2026-09-10T11:55:00Z,376.15,379.21,376.15,376.17,52,19685.6829
1789041600000,2026-09-10T12:00:00Z,376.1597,376.1597,374.5,374.5,2596.004359,975842.3185986644
1789041900000,2026-09-10T12:05:00Z,373.99,374.8,373.99,374.8,11,4114.7
1789042200000,2026-09-10T12:10:00Z,373.13,374.85,372.11,373.02,248,92848.96
1789042500000,2026-09-10T12:15:00Z,372,373.3229,372,373.29,21,7856.115
1789042800000,2026-09-10T12:20:00Z,373.01,373.81,373,373,170,63551.72
1789043100000,2026-09-10T12:25:00Z,373,373.56,371.9495,372.1687,224,83751.8852
1789043400000,2026-09-10T12:30:00Z,372.17,372.21,371.19,371.6191,114,42608.2108
1789043700000,2026-09-10T12:35:00Z,370,370.01,369,369.01,9673.919457999998,3577694.97315213926034
1789044000000,2026-09-10T12:40:00Z,368,370,367.5,369.35,4705,1732435.3622
1789044300000,2026-09-10T12:45:00Z,370,370,367,367,494,182428.6234
1789044600000,2026-09-10T12:50:00Z,368.2,368.94,367.05,368.6,881,325509.9196
1789044900000,2026-09-10T12:55:00Z,368.54,369.94,367.26,367.94,389,143179.778
1789045200000,2026-09-10T13:00:00Z,367.9522,370.99,367.9522,369.8,237.002668,87618.4690421412
1789045500000,2026-09-10T13:05:00Z,369.0001,370,368.0722,368.408,352,130338.9479
1789045800000,2026-09-10T13:10:00Z,369.01,370.988,367.66,370.988,207,76612.9977
1789046100000,2026-09-10T13:15:00Z,370,370.7658,367,367.29,235,86550.59
1789046400000,2026-09-10T13:20:00Z,367.93,369,367.36,367.41,49106.0038139999999,18833504.73626807256302391
1789046700000,2026-09-10T13:25:00Z,370,373.55,367.29,373.52,1201.394405,445683.5652228925
1789047000000,2026-09-10T13:30:00Z,372.205,373.2236,366.305,368.36,40762.639099,15135814.725195797
1789047300000,2026-09-10T13:35:00Z,367.84,371.32,366.4,370.54,17560.553962999998,6471255.2848573161630874
1789047600000,2026-09-10T13:40:00Z,370.565,372.22,368.63,368.74,23658,8767402.988
1789047900000,2026-09-10T13:45:00Z,368.81,369.9999,367.21,369.04,17819,6568210.5815
1789048200000,2026-09-10T13:50:00Z,368.89,369.12,365.82,366.39,50495,18517903.224
1789048500000,2026-09-10T13:55:00Z,366.24,367.63,366.1537,367.28,7724,2833322.3368
1789048800000,2026-09-10T14:00:00Z,367.15,370.48,367,369.57,14590,5384024.8959
1789049100000,2026-09-10T14:05:00Z,369.72,370.87,369.25,370.75,8276,3064496.55
1789049400000,2026-09-10T14:10:00Z,371.0799,371.48,369.52,369.52,7163.437185,2655177.092122585
1789049700000,2026-09-10T14:15:00Z,369.535,370.19,368.5124,369.75,14173.4863829999995,5237248.5149194330153198
1789050000000,2026-09-10T14:20:00Z,369.86,373.58,369.82,372.87,21611.225256,8025902.8871183128
1789050300000,2026-09-10T14:25:00Z,372.97,374.9999,372.55,372.66,21825,8165359.84
1789050600000,2026-09-10T14:30:00Z,372.72,373.245,371.915,373.04,5601,2086813.4495
1789050900000,2026-09-10T14:35:00Z,373.19,374.8,373.19,374.3,10589,3961875.09
1789051200000,2026-09-10T14:40:00Z,373.91,374.125,371.2074,371.5,15610.879374,5814010.9843424582
1789051500000,2026-09-10T14:45:00Z,371.62,371.78,369.5831,370.595,12453.638887,4621856.9286266158
1789051800000,2026-09-10T14:50:00Z,370.72,372.66,369.78,372.38,15764.037722000001,5847098.5153936905706191
1789052100000,2026-09-10T14:55:00Z,372.12,372.44,371.47,372.37,9137.939688999999,3400240.7580412943279077
1789052400000,2026-09-10T15:00:00Z,372.375,372.4451,371.58,372.06,5075,1888148.019
1789052700000,2026-09-10T15:05:00Z,372.1,373.3646,372.1,372.66,11464.2974,4270694.53547172
1789053000000,2026-09-10T15:10:00Z,372.74,373.64,372.74,372.74,2685,1001879.271
1789053300000,2026-09-10T15:15:00Z,373.01,373.31,370.32,371.17,8130,3023816.3987
1789053600000,2026-09-10T15:20:00Z,371.22,371.27,370.35,370.9799,3407.745069,1263816.0199670915
1789053900000,2026-09-10T15:25:00Z,370.805,371.49,370.33,371.44,4745.457846,1760873.0074099092
1789054200000,2026-09-10T15:30:00Z,371.31,371.31,370.485,371.07,7671.758812000001,2846227.1433725943709995
1789054500000,2026-09-10T15:35:00Z,370.67,371.24,370.405,370.93,4738.662071,1757302.5015930956
1789054800000,2026-09-10T15:40:00Z,370.87,371.6,370.43,371.59,2400,890767.8672
1789055100000,2026-09-10T15:45:00Z,371.6,371.6,370.47,370.68,3122,1157938.085
1789055400000,2026-09-10T15:50:00Z,370.44,370.94,370.09,370.53,6299.659437,2334642.0562721813
1789055700000,2026-09-10T15:55:00Z,370.32,370.54,369.6542,370.3125,5836,2159690.3
1789056000000,2026-09-10T16:00:00Z,370.155,370.5,369.92,370.315,2744,1015982.91
1789056300000,2026-09-10T16:05:00Z,370.46,370.61,369.62,369.94,3584,1325866.775
1789056600000,2026-09-10T16:10:00Z,369.92,370.215,368.865,369.365,8660.757027,3200834.1537832777
1789056900000,2026-09-10T16:15:00Z,369.355,369.78,368.5,369.3,28150.425823,10385858.5767740026
1789057200000,2026-09-10T16:20:00Z,369.39,369.99,368.91,369.99,3009.432264,1111528.0517000936
1789057500000,2026-09-10T16:25:00Z,370.07,370.07,368.91,369.31,4452,1644217.1424
1789057800000,2026-09-10T16:30:00Z,369.47,369.96,368.26,368.4325,10739,3966750.5523
1789058100000,2026-09-10T16:35:00Z,368.435,368.7,367.61,368.56,7867.028081,2898182.7702166933
1789058400000,2026-09-10T16:40:00Z,368.72,369.61,368.72,369.61,3457,1276016.005
1789058700000,2026-09-10T16:45:00Z,369.53,370.59,369.53,370,4526.306906,1675209.5523827266
1789059000000,2026-09-10T16:50:00Z,370.44,371.75,370.44,371.63,25462.060644999998,9448796.5589712427578194
1789059300000,2026-09-10T16:55:00Z,371.41,372.13,371.33,371.895,5530.143287,2055599.6069528534
1789059600000,2026-09-10T17:00:00Z,371.83,373.24,371.8,372.23,4221,1571981.345
1789059900000,2026-09-10T17:05:00Z,372.38,373.89,372.34,373.45,5337.686589,1989559.9039275826
1789060200000,2026-09-10T17:10:00Z,373.44,374.29,373.27,373.27,6554.536182,2450946.8035901206
1789060500000,2026-09-10T17:15:00Z,373.405,373.645,373.04,373.04,4881.891788,1822984.5408516168
1789060800000,2026-09-10T17:20:00Z,373.165,373.45,372.45,372.45,5100.888639,1902647.2489843547
1789061100000,2026-09-10T17:25:00Z,372.535,373.34,372.2,372.825,10326,3847473.568
1789061400000,2026-09-10T17:30:00Z,372.54,372.97,372.35,372.6,4026.070465,1500336.1616845035
1789061700000,2026-09-10T17:35:00Z,372.78,373.07,372.385,372.385,2539.12051,946558.481010849
1789062000000,2026-09-10T17:40:00Z,372.22,373.11,372.19,373.09,5458.04626,2033136.968574902
1789062300000,2026-09-10T17:45:00Z,373.19,373.22,372.81,372.85,3079.785932,1148829.5534102788
1789062600000,2026-09-10T17:50:00Z,372.985,373.22,372.77,373.15,4786.4091,1785078.24835384
1789062900000,2026-09-10T17:55:00Z,373.09,374.0699,373.025,374.0699,21640.210273,8076498.1360381763
1789063200000,2026-09-10T18:00:00Z,374.07,374.665,373,373.265,6923,2589807.603
1789063500000,2026-09-10T18:05:00Z,373.04,373.24,372.66,372.8,4201.271614,1566588.1791718416
1789063800000,2026-09-10T18:10:00Z,372.765,373.31,372.765,373.31,2916.182527,1087846.9804914706
1789064100000,2026-09-10T18:15:00Z,373.25,373.48,372.71,373.475,12850.444411,4794989.1163581375
1789064400000,2026-09-10T18:20:00Z,373.5,374.13,373.49,373.74,6530.848239,2440115.5651625008
1789064700000,2026-09-10T18:25:00Z,373.93,373.99,372.965,373.43,34551,12900424.0044
1789065000000,2026-09-10T18:30:00Z,373.09,373.19,371.7,372.235,21111,7858677.528
1789065300000,2026-09-10T18:35:00Z,372.155,372.2633,371.63,372.01,4770.6868,1774706.25606708
1789065600000,2026-09-10T18:40:00Z,372.05,372.135,371.47,372.135,9218,3427321.6004
1789065900000,2026-09-10T18:45:00Z,372.02,372.02,371.23,371.25,8820,3276737.5635
1789066200000,2026-09-10T18:50:00Z,371.16,372.125,371.05,371.66,11290.064094,4195386.6642304668
1789066500000,2026-09-10T18:55:00Z,371.66,372.07,371.51,372.07,10183.553436,3786435.5999540532
1789066800000,2026-09-10T19:00:00Z,371.92,372.32,370.95,371.105,8767,3259487.8907
1789067100000,2026-09-10T19:05:00Z,371.11,371.32,370.06,370.79,16810.627228,6233281.28711889
1789067400000,2026-09-10T19:10:00Z,370.55,370.99,370.01,370.11,14125.117633999998,5233768.6709730728589392
1789067700000,2026-09-10T19:15:00Z,370.21,371.07,370.18,370.8167,10117,3749090.961
1789068000000,2026-09-10T19:20:00Z,370.85,371.52,370.82,371.43,9941.43376,3689022.564741664
1789068300000,2026-09-10T19:25:00Z,371.465,371.88,371.42,371.78,7933,2947989.105
1789068600000,2026-09-10T19:30:00Z,371.66,372.49,371.39,371.56,22844.93685,8490167.512965575
1789068900000,2026-09-10T19:35:00Z,371.51,371.67,370.92,371.04,17666.154494999999,6559583.4094246871286875
1789069200000,2026-09-10T19:40:00Z,371.21,372.53,371.21,371.765,23019.083912000002,8557812.0627894143435406
1789069500000,2026-09-10T19:45:00Z,371.86,372.54,371.82,372.13,7937,2953673.3612
1789069800000,2026-09-10T19:50:00Z,371.9,372.08,370.42,371.68,30796.88587,11434333.306122424
1789070100000,2026-09-10T19:55:00Z,371.5,372.3,370.06,370.19,129275.131528,47906598.0311597608
1789070400000,2026-09-10T20:00:00Z,370.19,371.69,370,370.19,39447,14602893.736
1789070700000,2026-09-10T20:05:00Z,370.001,370.19,370.001,370.19,17,6292.852
1789071000000,2026-09-10T20:10:00Z,370.19,370.22,370.0785,370.22,56.735221,20990.91869127
1789071300000,2026-09-10T20:15:00Z,370.19,370.8,370.13,370.8,280.674751,103813.17015237
1789071600000,2026-09-10T20:20:00Z,370.5022,370.5022,370.5022,370.5022,20,7410.044
1789071900000,2026-09-10T20:25:00Z,371.24,371.24,370.3,370.36,4027.4207699999997,1494274.59667340388869244
1789072200000,2026-09-10T20:30:00Z,370.36,370.4,370.36,370.36,80,29629.6
1789072500000,2026-09-10T20:35:00Z,370.9122,370.9122,370.36,370.36,42,15560.4134
1789072800000,2026-09-10T20:40:00Z,370.3,371.9,370.3,371.9,55,20404.725
1789073100000,2026-09-10T20:45:00Z,370.41,370.9,370.41,370.74,60,22244.5
1789073400000,2026-09-10T20:50:00Z,370.7,371,370.7,371,21,7787.9
1789074000000,2026-09-10T21:00:00Z,371.79,371.89,371.79,371.84,353,131487.205
1789074300000,2026-09-10T21:05:00Z,371.8,371.8,371.8,371.8,5,1859
1789074600000,2026-09-10T21:10:00Z,371.3,371.3,371.3,371.3,1,371.3
1789074900000,2026-09-10T21:15:00Z,371.28,371.28,371.28,371.28,2,742.56
1789075200000,2026-09-10T21:20:00Z,371.28,371.8405,371.28,371.8405,2,743.1205
1789075500000,2026-09-10T21:25:00Z,371,371,371,371,20,7420
1789075800000,2026-09-10T21:30:00Z,371.88,371.88,371.88,371.88,5,1859.4
1789076100000,2026-09-10T21:35:00Z,371.87,371.87,371.87,371.87,9,3346.83
1789076400000,2026-09-10T21:40:00Z,370.5246,370.5246,370.5246,370.5246,10,3705.246
1789077600000,2026-09-10T22:00:00Z,370.9825,370.9825,370.9825,370.9825,1,370.9825
1789078500000,2026-09-10T22:15:00Z,370.8767,371,370.8767,371,21,7790.8767
1789078800000,2026-09-10T22:20:00Z,370.9246,370.9246,370.25,370.25,23,8529.242
1789079400000,2026-09-10T22:30:00Z,370.368,370.368,370.368,370.368,1,370.368
1789079700000,2026-09-10T22:35:00Z,370.2047,370.2047,370.2047,370.2047,1,370.2047
1789080000000,2026-09-10T22:40:00Z,370.1852,370.21,370.07,370.07,4,1480.6504
1789080300000,2026-09-10T22:45:00Z,370.1,370.1,370.1,370.1,2,740.2
1789080600000,2026-09-10T22:50:00Z,370.04,370.04,370.04,370.04,100,37004
1789080900000,2026-09-10T22:55:00Z,369.61,370,369.61,370,47,17381.87
1789081800000,2026-09-10T23:10:00Z,369.99,370.6583,369.489,369.489,98,36227.1443
1789082100000,2026-09-10T23:15:00Z,370.99,370.99,370.99,370.99,1,370.99
1789082400000,2026-09-10T23:20:00Z,370.99,370.99,370.99,370.99,6,2225.94
1789082700000,2026-09-10T23:25:00Z,369.157,369.157,369.157,369.157,1,369.157
1789083000000,2026-09-10T23:30:00Z,370.19,370.19,369.4014,369.4014,7,2590.5414
1789083300000,2026-09-10T23:35:00Z,369.4074,369.4074,369.11,369.11,33,12181.8196
1789083600000,2026-09-10T23:40:00Z,369.11,370.99,369.11,370.99,9,3323.87
1789083900000,2026-09-10T23:45:00Z,368.79,370,368.61,370,93,34368.6429
1789084200000,2026-09-10T23:50:00Z,370,370,370,370,6,2220
1789084500000,2026-09-10T23:55:00Z,369.4014,369.4014,369.12,369.12,26,9598.527
1789084800000,2026-09-11T00:00:00Z,370.29,370.29,370.29,370.29,18,6665.22
1789085100000,2026-09-11T00:05:00Z,370,370.64,370,370.64,5,1851.92
1789085700000,2026-09-11T00:15:00Z,370.64,370.64,370.64,370.64,1,370.64
1789086000000,2026-09-11T00:20:00Z,370.52,370.99,369.85,370.99,95,35200.25
1789086300000,2026-09-11T00:25:00Z,370.99,370.99,370.99,370.99,30,11129.7
1789086900000,2026-09-11T00:35:00Z,372.54,372.54,372.36,372.37,19,7075.7
1789087200000,2026-09-11T00:40:00Z,371.99,372,371.5,371.5,123,45734.02
1789087500000,2026-09-11T00:45:00Z,371.49,371.5,371.24,371.5,59,21914.72
1789088100000,2026-09-11T00:55:00Z,371.63,371.63,371.63,371.63,2,743.26
1789088700000,2026-09-11T01:05:00Z,372.02,372.02,372.01,372.01,6,2232.1
1789090200000,2026-09-11T01:30:00Z,371.03,371.03,371.01,371.01,45,16695.6
1789090500000,2026-09-11T01:35:00Z,370.75,370.75,370.75,370.75,10,3707.5
1789090800000,2026-09-11T01:40:00Z,370.14,370.14,370.13,370.13,14,5181.89
1789091100000,2026-09-11T01:45:00Z,369.25,369.25,369.25,369.25,1,369.25
1789091400000,2026-09-11T01:50:00Z,369.41,369.66,369.41,369.48,17,6281.84
1789092900000,2026-09-11T02:15:00Z,369.09,369.09,369.09,369.09,6,2214.54
1789093200000,2026-09-11T02:20:00Z,369.35,369.48,369.23,369.23,60,22160.62
1789093500000,2026-09-11T02:25:00Z,369.44,369.45,369.44,369.45,50,18472.1
1789093800000,2026-09-11T02:30:00Z,369.42,369.42,369,369,6,2215.33
1789094400000,2026-09-11T02:40:00Z,368.81,368.81,368.59,368.6,95,35021.01
1789095000000,2026-09-11T02:50:00Z,369,369,368.95,368.95,15,5534.4
1789095300000,2026-09-11T02:55:00Z,368.48,368.48,368.47,368.47,5,1842.39
1789096200000,2026-09-11T03:10:00Z,368.08,368.28,367.7,367.76,39,14349.8
1789097400000,2026-09-11T03:30:00Z,367.76,367.76,367.76,367.76,13,4780.88
1789098300000,2026-09-11T03:45:00Z,368.49,368.49,367.39,367.39,109,40049.55
1789098600000,2026-09-11T03:50:00Z,366.68,366.68,366.16,366.16,30,10985.84
1789098900000,2026-09-11T03:55:00Z,366.99,367,366.99,367,50,18349.6
1789099800000,2026-09-11T04:10:00Z,366.99,367,366.99,367,70,25689.6
1789101600000,2026-09-11T04:40:00Z,369.22,369.22,369.21,369.21,13,4799.75
1789102500000,2026-09-11T04:55:00Z,369.72,369.72,369.21,369.21,16,5909.1
1789102800000,2026-09-11T05:00:00Z,368.48,368.48,368.48,368.48,4,1473.92
1789103700000,2026-09-11T05:15:00Z,369.62,369.93,369.62,369.93,53,19594.5
1789105200000,2026-09-11T05:40:00Z,369.75,370.83,369.75,370.83,266,98507.95
1789105800000,2026-09-11T05:50:00Z,371.03,371.03,371.01,371.01,5,1855.13
1789106100000,2026-09-11T05:55:00Z,372.35,372.35,372.35,372.35,40,14894
1789106400000,2026-09-11T06:00:00Z,372.18,372.18,372.1,372.1,3,1116.38
1789107600000,2026-09-11T06:20:00Z,372.28,372.28,370.24,370.24,986,366126.24
1789109100000,2026-09-11T06:45:00Z,372.68,372.68,372.68,372.68,37,13789.16
1789109400000,2026-09-11T06:50:00Z,373.33,373.33,372.54,372.54,56,20864.61
1789112700000,2026-09-11T07:45:00Z,373,373.18,373,373.18,19,7087.36
1789113300000,2026-09-11T07:55:00Z,371.34,374.85,370.26,374.85,28,10402.38
1789113600000,2026-09-11T08:00:00Z,372.1,373.72,369.58,372.74,225,83399.728
1789114200000,2026-09-11T08:10:00Z,373.18,373.18,373,373,296,110419.39
1789114800000,2026-09-11T08:20:00Z,374.59,374.7,374.59,374.69,93,34843.76
1789115100000,2026-09-11T08:25:00Z,374.92,374.92,374.84,374.84,63,23616.56
1789115400000,2026-09-11T08:30:00Z,376.32,376.32,376,376,6,2256.32
1789116300000,2026-09-11T08:45:00Z,375.85,375.94,375.85,375.94,4,1503.67
1789116900000,2026-09-11T08:55:00Z,375.94,375.94,375.94,375.94,6,2255.64
1789117500000,2026-09-11T09:05:00Z,374.69,374.69,374.69,374.69,2,749.38
1789120500000,2026-09-11T09:55:00Z,374.94,374.94,374.94,374.94,30,11248.2
1789120800000,2026-09-11T10:00:00Z,375.9,375.9,374.18,374.18,27,10108.62
1789121100000,2026-09-11T10:05:00Z,374.81,374.81,374.81,374.81,4,1496.53
1789121400000,2026-09-11T10:10:00Z,375.4125,375.4125,375.4125,375.4125,1,375.4125
1789122000000,2026-09-11T10:20:00Z,375.41,375.41,375.41,375.41,18,6757.38
1789122300000,2026-09-11T10:25:00Z,374.75,374.75,374.57,374.57,38,14236.15
1789122600000,2026-09-11T10:30:00Z,374.6,375.48,374.6,375.48,22,8258.8
1789123800000,2026-09-11T10:50:00Z,374.7242,375.167,374.7242,375.167,6,2235.1312
1789124100000,2026-09-11T10:55:00Z,374.63,375.36,374.63,375.36,37,13862.04
1789124400000,2026-09-11T11:00:00Z,375.012,375.012,374.5,374.74,276.30307300000004,103242.0247418150149462
1789124700000,2026-09-11T11:05:00Z,374.3,374.3,374,374,70,26190.35
1789125000000,2026-09-11T11:10:00Z,374.74,374.74,374.74,374.74,2,749.48
1789125300000,2026-09-11T11:15:00Z,374.75,374.75,374.75,374.75,3,1124.25
1789125600000,2026-09-11T11:20:00Z,375,375,375,375,2,750
1789125900000,2026-09-11T11:25:00Z,374.5,375,374.5,374.7,236,88211.9
1789126200000,2026-09-11T11:30:00Z,374.61,374.7,374.61,374.7,21,7868.61
1789126500000,2026-09-11T11:35:00Z,374,375,374,374.99,18,6743.39
1789126800000,2026-09-11T11:40:00Z,375,376.35,374.99,376.35,242,90853.4648
1789127700000,2026-09-11T11:55:00Z,377.37,377.88,377.37,377.88,7,2643.12
1789128000000,2026-09-11T12:00:00Z,375.52,375.52,375.5,375.5,5,1877.52
1789128300000,2026-09-11T12:05:00Z,374.04,377.88,374.04,377.88,169,63537.24
1789128600000,2026-09-11T12:10:00Z,375.02,375.28,375.02,375.28,87,32708.52
1789128900000,2026-09-11T12:15:00Z,375.28,376.06,374.84,375.58,221,82941.32
1789129200000,2026-09-11T12:20:00Z,375.8,375.951,375,375,80,30049.471
1789129500000,2026-09-11T12:25:00Z,374.9172,377,374.9172,377,113,42443.24
1789129800000,2026-09-11T12:30:00Z,374.04,378.0375,371.45,376.5,3035,1136211.0653
1789130100000,2026-09-11T12:35:00Z,376.7,379.97,375.5,378.99,95960,35524452.03
1789130400000,2026-09-11T12:40:00Z,379,379.49,376.45,376.95,226,84776.94
1789130700000,2026-09-11T12:45:00Z,376.75,379.49,376.5,377.6,140,52816.46
1789131000000,2026-09-11T12:50:00Z,377.4,379.49,377.4,378.5,73,27630.93
1789131300000,2026-09-11T12:55:00Z,378,379,377.75,379,268,101262.3176
1789131600000,2026-09-11T13:00:00Z,379,381,378.33,379.08,1724.296639,652073.1216586964
1789131900000,2026-09-11T13:05:00Z,380.0802,380.0802,378,378,177.06709999999998,67079.976217029992423214
1789132200000,2026-09-11T13:10:00Z,378.5187,380.9,378.403,379.15,105,39827.8135
1789132500000,2026-09-11T13:15:00Z,379.464,379.8,378.279,378.9,247,93607.683
1789132800000,2026-09-11T13:20:00Z,379.464,379.464,378,379,97,36705.3454
1789133100000,2026-09-11T13:25:00Z,379.1,380.9,378,380.755,2762,1045342.3292
1789133400000,2026-09-11T13:30:00Z,378.5,381.45,377.38,380.61,21281,8067719.383
1789133700000,2026-09-11T13:35:00Z,380.9,382.459,376.58,382.415,35385,13405097.7936
1789134000000,2026-09-11T13:40:00Z,382.53,385,380.52,383.85,30734.261299,11775177.385418538
1789134300000,2026-09-11T13:45:00Z,383.611,384.91,381.02,381.49,18914,7234307.677
1789134600000,2026-09-11T13:50:00Z,381.69,381.69,377.7575,379.1,15521,5883457.3403
1789134900000,2026-09-11T13:55:00Z,379.38,379.395,377.8459,378.97,9200.548917,3485353.5093727142
1789135200000,2026-09-11T14:00:00Z,377.79,378.62,374.38,374.66,7402,2788746.3234
1789135500000,2026-09-11T14:05:00Z,374.75,376.885,374.75,376.885,6360.594872,2387595.1717528576
1789135800000,2026-09-11T14:10:00Z,377.1,379.8475,377.1,379.345,8799,3334124.33
1789136100000,2026-09-11T14:15:00Z,379.43,380.03,377.19,379.23,9992.404863,3781938.2288980774
1789136400000,2026-09-11T14:20:00Z,379.28,380.74,379.03,380.0493,5608.248224000001,2129280.3999869411796667
1789136700000,2026-09-11T14:25:00Z,380.08,382.08,380.08,381.9,15477.730779,5902170.7319255118
1789137000000,2026-09-11T14:30:00Z,381.755,382.06,380.6,381.92,8073,3078547.9815
1789137300000,2026-09-11T14:35:00Z,381.92,382.14,380.54,381.115,7476,2849500.65
1789137600000,2026-09-11T14:40:00Z,381.3425,381.935,379.87,380.76,7735.4909790000002,2944595.53816652427633596
1789137900000,2026-09-11T14:45:00Z,381.135,381.47,379.755,380.8375,4434,1687849.535
1789138200000,2026-09-11T14:50:00Z,383.24,383.24,381.46,381.485,5014,1916061.8665
1789138500000,2026-09-11T14:55:00Z,381.09,382.535,380.61,382.5,5995,2286239.0559
1789138800000,2026-09-11T15:00:00Z,381.98,382.45,381.39,382.45,7955,3036404.565
1789139100000,2026-09-11T15:05:00Z,382.535,383.55,382.29,383.37,18799.205272,7201124.5801511024
1789139400000,2026-09-11T15:10:00Z,383.37,383.73,380.95,381.25,16991,6498066.7198
1789139700000,2026-09-11T15:15:00Z,382.26,383.42,382.195,382.63,9180,3515273.215
1789140000000,2026-09-11T15:20:00Z,382.7,384.225,382.7,384.225,9294.924771,3563060.3049896089
1789140300000,2026-09-11T15:25:00Z,384.225,385.355,383.99,384.91,17262,6643595.7334
1789140600000,2026-09-11T15:30:00Z,384.97,385.68,384.65,385.335,7372,2838897.875
1789140900000,2026-09-11T15:35:00Z,385.335,385.335,384.01,384.29,13075,5026557.1095
1789141200000,2026-09-11T15:40:00Z,384.42,384.55,383.57,383.985,16888,6489917.7224
1789141500000,2026-09-11T15:45:00Z,383.835,385.51,383.54,385.48,13576.852375999999,5219744.7835817932161314
1789141800000,2026-09-11T15:50:00Z,384.93,384.945,383.92,384.055,6987.456061999999,2687851.3951904512153282
1789142100000,2026-09-11T15:55:00Z,384.42,384.72,383.69,384.615,5631,2164212.16
1789142400000,2026-09-11T16:00:00Z,384.51,384.935,384.085,384.67,2789,1072343.865
1789142700000,2026-09-11T16:05:00Z,384.725,384.92,383.85,383.9703,5169.310046,1987572.8322747608
1789143000000,2026-09-11T16:10:00Z,383.97,383.97,382.5,383.355,27194,10413125.786
1789143300000,2026-09-11T16:15:00Z,383.33,383.575,382.27,383.305,9526,3647157.6
1789143600000,2026-09-11T16:20:00Z,383.31,383.31,382.21,382.5,17121,6557063.053
1789143900000,2026-09-11T16:25:00Z,382.62,382.98,381.91,382.04,5498.1237819999997,2103322.73094758468522108
1789144200000,2026-09-11T16:30:00Z,382.06,382.99,382.06,382.55,9166,3508088.46
1789144500000,2026-09-11T16:35:00Z,382.61,382.61,381.45,381.6,17758,6780199.0995
1789144800000,2026-09-11T16:40:00Z,381.28,382.69,381.165,382.395,6109,2335672.0658
1789145100000,2026-09-11T16:45:00Z,382.25,382.65,382.09,382.4,5568,2129318.1254
1789145400000,2026-09-11T16:50:00Z,382.27,383.01,382.15,383.01,5218.262704,1994904.7550446528
1789145700000,2026-09-11T16:55:00Z,383.07,383.25,382.935,383.25,2499.4754560000001,957324.63619189763829921
1789146000000,2026-09-11T17:00:00Z,383.3,383.47,382.78,382.975,2479,949753.09
1789146300000,2026-09-11T17:05:00Z,383.02,383.47,383.02,383.38,1546,592520.085
1789146600000,2026-09-11T17:10:00Z,383.17,383.5,382.37,382.37,4127.2496,1580572.84356896
1789146900000,2026-09-11T17:15:00Z,382.37,382.62,382.2,382.62,3684.1701279999997,1408662.86966691668529707
1789147200000,2026-09-11T17:20:00Z,382.56,382.91,382.35,382.91,3813.237732,1459052.7749560044
1789147500000,2026-09-11T17:25:00Z,382.9,382.9,382.49,382.64,3862,1477910.84
1789147800000,2026-09-11T17:30:00Z,382.64,382.83,382.32,382.445,3968,1517918.82
1789148100000,2026-09-11T17:35:00Z,382.445,383.035,382.44,382.86,6969,2666865.6298
1789148400000,2026-09-11T17:40:00Z,382.85,382.8914,382.49,382.71,3802.133444,1455325.2840656392
1789148700000,2026-09-11T17:45:00Z,382.75,382.97,382.58,382.905,3707.122875,1419039.5956709375
1789149000000,2026-09-11T17:50:00Z,382.905,383.129,382.75,382.85,5949.80089,2278121.530692011
1789149300000,2026-09-11T17:55:00Z,382.875,382.875,382.17,382.23,2654,1015168.36
1789149600000,2026-09-11T18:00:00Z,382.255,382.255,381.64,382.19,10675,4076043.1314
1789149900000,2026-09-11T18:05:00Z,382.185,382.749,382.1775,382.749,3233.738434,1236609.1189527236
1789150200000,2026-09-11T18:10:00Z,382.61,382.61,382.24,382.34,1923,735307.25
1789150500000,2026-09-11T18:15:00Z,382.4178,382.669,382.22,382.34,3101,1185768.466
1789150800000,2026-09-11T18:20:00Z,382.17,382.33,381.35,381.4,6112.848399,2336020.618943366
1789151100000,2026-09-11T18:25:00Z,381.41,381.729,381.2,381.505,4110.325893,1567863.4280281649
1789151400000,2026-09-11T18:30:00Z,381.7,382.06,381.12,382.06,4738.56486,1807261.627784298
1789151700000,2026-09-11T18:35:00Z,381.78,381.78,381.39,381.43,1232,470268.2448
1789152000000,2026-09-11T18:40:00Z,381.33,381.695,381.3,381.465,1395,532166.455
1789152300000,2026-09-11T18:45:00Z,381.46,381.62,381.13,381.295,2672,1018895.87
1789152600000,2026-09-11T18:50:00Z,381.28,381.42,380.71,380.87,2228.67804,849238.486185788
1789152900000,2026-09-11T18:55:00Z,381.16,381.26,380.38,380.7,5986,2280095.3969
1789153200000,2026-09-11T19:00:00Z,380.8395,380.8395,379.46,379.615,6598,2506786.185
1789153500000,2026-09-11T19:05:00Z,379.6254,380.19,379.6254,379.93,886,336611.577
1789153800000,2026-09-11T19:10:00Z,380.04,380.34,379.28,379.32,4614.932979,1752963.493502992
1789154100000,2026-09-11T19:15:00Z,379.23,379.75,379.22,379.75,5121.490553000001,1943175.592827094379398
1789154400000,2026-09-11T19:20:00Z,379.72,379.79,378.8813,379.17,4676,1773976.1887
1789154700000,2026-09-11T19:25:00Z,379.25,379.26,378.85,379.18,7596,2879574.7925
1789155000000,2026-09-11T19:30:00Z,379.135,379.78,378.85,379.27,8731,3311689.921
1789155300000,2026-09-11T19:35:00Z,379.34,379.41,378.97,379.295,8625.93877,3271209.324098278
1789155600000,2026-09-11T19:40:00Z,379.295,379.49,379.06,379.19,11472.378596,4351083.227197556
1789155900000,2026-09-11T19:45:00Z,379.35,379.76,379.07,379.35,17959.828091,6814537.5561211666
1789156200000,2026-09-11T19:50:00Z,379.03,380.49,378.99,380.475,49505,18815492.5759
1789156500000,2026-09-11T19:55:00Z,380.12,380.53,378.99,379.72,93334,35422675.193
1789156800000,2026-09-11T20:00:00Z,379.86,381.2699,379.72,379.72,517229.337816,196373177.7948386976
1789157100000,2026-09-11T20:05:00Z,379.72,379.72,379.72,379.72,571,217171.285
1789157400000,2026-09-11T20:10:00Z,379.72,379.72,379.72,379.72,30,11320.2
1789157700000,2026-09-11T20:15:00Z,379.72,380.02,378.81,380.02,78,29590.43
1789158000000,2026-09-11T20:20:00Z,379,379.06,379,379.06,406,154077
1789158300000,2026-09-11T20:25:00Z,379.97,381.27,379.97,381.27,16,6080.82
1789158600000,2026-09-11T20:30:00Z,379.01,379.01,379.01,379.01,2,758.02
1789158900000,2026-09-11T20:35:00Z,378.17,378.17,378.17,378.17,8,3025.36
1789159200000,2026-09-11T20:40:00Z,379.8,379.86,379.8,379.86,4,1519.38
1789160400000,2026-09-11T21:00:00Z,379,379.8762,379,379.8762,9,3411.8762
1789160700000,2026-09-11T21:05:00Z,379.4928,379.94,379.4928,379.94,5,1898.3584
1789161000000,2026-09-11T21:10:00Z,379.7,379.7,379.7,379.7,110,41767
1789161600000,2026-09-11T21:20:00Z,379.95,379.95,379.95,379.95,5,1899.75
1789161900000,2026-09-11T21:25:00Z,379.59,379.59,379.59,379.59,5,1897.95
1789162200000,2026-09-11T21:30:00Z,377.0737,377.0737,377.0737,377.0737,85,32273.5537
1789163400000,2026-09-11T21:50:00Z,379.22,379.5083,379.22,379.5083,14,5312.8279
1789163700000,2026-09-11T21:55:00Z,379.2,379.2,379.2,379.2,1,379.2
1789164000000,2026-09-11T22:00:00Z,379.95,379.95,379.32,379.32,6,2261.76
1789164300000,2026-09-11T22:05:00Z,379.95,379.95,379.95,379.95,1,379.95
1789164900000,2026-09-11T22:15:00Z,379.0467,379.0467,379.0467,379.0467,9,3411.4203
1789165200000,2026-09-11T22:20:00Z,378.93,378.93,378.61,378.856,60,22722.49
1789165500000,2026-09-11T22:25:00Z,379.5083,379.5083,379.5083,379.5083,1,379.5083
1789165800000,2026-09-11T22:30:00Z,379,379,379,379,4,1516
1789167000000,2026-09-11T22:50:00Z,379.52,379.72,378.7,378.7,64,24293.3
1789167300000,2026-09-11T22:55:00Z,378.7,378.7,378.7,378.7,221,83692.7
1789167600000,2026-09-11T23:00:00Z,378.53,378.53,378.35,378.35,27,10217.19
1789167900000,2026-09-11T23:05:00Z,377.1,377.1,377.1,377.1,1,377.1
1789168200000,2026-09-11T23:10:00Z,377.1,378.7,377.1,378.7,15,5664.5
1789168500000,2026-09-11T23:15:00Z,378.7,378.7,378.46,378.46,10,3786.61
1789169100000,2026-09-11T23:25:00Z,378.7,378.7,378.7,378.7,3,1136.1
1789169400000,2026-09-11T23:30:00Z,378.7,378.7,378.7,378.7,6,2272.2
1789170000000,2026-09-11T23:40:00Z,379.72,379.72,378.5,378.5,42,15939.69
1789170300000,2026-09-11T23:45:00Z,377.7463,377.7463,377.7463,377.7463,10,3777.463
