ts_ms,ts_utc,open,high,low,close,base_vol,quote_vol
1784043300000,2026-07-14T15:35:00Z,194.56,194.879,194.515,194.675,18642.57088,3630799.14073248
1784043600000,2026-07-14T15:40:00Z,194.515,194.519,194.163,194.303,13431.126715999999,2609536.29587698
1784043900000,2026-07-14T15:45:00Z,194.54,194.831,194.304,194.72,9655.683569,1878220.67113681
1784044200000,2026-07-14T15:50:00Z,194.71,194.946,194.528,194.78,10914.123786,2125379.35806477
1784044500000,2026-07-14T15:55:00Z,194.56,194.772,194.392,194.56,6324.402848,1230339.84344565
1784044800000,2026-07-14T16:00:00Z,194.46,194.545,194.32,194.35,16641.825782,3235437.20123331
1784045100000,2026-07-14T16:05:00Z,194.37,194.71,194.301,194.71,15352.847117,2986236.23418632
1784045400000,2026-07-14T16:10:00Z,194.93,194.973,194.675,194.91,8204.036556,1598397.36462741
1784045700000,2026-07-14T16:15:00Z,195.15,195.306,194.952,195.15,7513.147376,1466564.86516572
1784046000000,2026-07-14T16:20:00Z,195.225,195.515,195.13,195.13,8954.183530999999,1748341.04658023
1784046300000,2026-07-14T16:25:00Z,195.7,195.8,195.48,195.8,5433.190241,1062436.44559049
1784046600000,2026-07-14T16:30:00Z,195.8,195.974,195.714,195.86,9520.505045,1864975.54146707
1784046900000,2026-07-14T16:35:00Z,196.01,196.075,195.873,195.96,14238.039003000002,2791084.20956199
1784047200000,2026-07-14T16:40:00Z,196.08,196.084,195.926,195.965,4985.389,977313.7238484
1784047500000,2026-07-14T16:45:00Z,196,196.063,195.935,196,6529.253119999999,1279730.34689344
1784047800000,2026-07-14T16:50:00Z,196.13,196.338,196.068,196.31,14750.065408999999,2893533.6063424
1784048100000,2026-07-14T16:55:00Z,196.254,196.28,196.165,196.24,5724.356774,1123227.56183751
1784048400000,2026-07-14T17:00:00Z,196.34,196.518,196.24,196.38,8420.092501,1653634.59641014
1784048700000,2026-07-14T17:05:00Z,196.33,196.65,196.062,196.64,31703.088432,6224742.89818104
1784049000000,2026-07-14T17:10:00Z,196.63,196.63,195.735,196.02,13986.486047999999,2746643.75172856
1784049300000,2026-07-14T17:15:00Z,195.81,195.89,195.63,195.89,6832.386649,1337669.93797182
1784049600000,2026-07-14T17:20:00Z,195.63,195.662,195.577,195.662,7268.60163,1421841.69297115
1784049900000,2026-07-14T17:25:00Z,195.57,195.661,195.466,195.545,6316.714844,1235235.48275865
1784050200000,2026-07-14T17:30:00Z,195.56,195.694,195.378,195.65,7264.483026,1420961.2113694
1784050500000,2026-07-14T17:35:00Z,195.379,195.444,195.19,195.196,3966.5681729999997,774586.67294163
1784050800000,2026-07-14T17:40:00Z,195.06,195.196,194.731,195.02,9971.669105,1944269.06192453
1784051100000,2026-07-14T17:45:00Z,194.81,194.81,194.41,194.53,12373.144158,2407170.44965058
1784051400000,2026-07-14T17:50:00Z,194.53,194.555,194.21,194.3,5000.50974,972128.59646347
1784051700000,2026-07-14T17:55:00Z,194.315,194.315,194.245,194.315,3409.55839,662431.16613874
1784052000000,2026-07-14T18:00:00Z,194.31,194.635,194.31,194.625,7093.722675999999,1379410.55233385
1784052300000,2026-07-14T18:05:00Z,194.71,194.845,194.45,194.59,8674.411726,1688642.52605338
1784052600000,2026-07-14T18:10:00Z,194.585,194.601,194.39,194.39,6500.655211,1264346.23539449
1784052900000,2026-07-14T18:15:00Z,194.45,194.485,194.265,194.41,5274.561071,1025431.11000586
1784053200000,2026-07-14T18:20:00Z,194.36,194.45,194.19,194.45,16747.311448,3253079.83748562
1784053500000,2026-07-14T18:25:00Z,194.44,194.45,194.313,194.45,3943.5,766485.4758
1784053800000,2026-07-14T18:30:00Z,194.47,194.56,194.354,194.44,11702.603,2275706.9035448
1784054100000,2026-07-14T18:35:00Z,194.455,194.466,194.18,194.27,5613.722495,1091085.3496172
1784054400000,2026-07-14T18:40:00Z,194.13,194.184,193.835,194.13,10762.637883000001,2088102.42623236
1784054700000,2026-07-14T18:45:00Z,194.15,194.21,194.016,194.21,8354.00569,1621502.47962217
1784055000000,2026-07-14T18:50:00Z,194.11,194.146,193.845,193.89,7820.345318,1517570.0723737
1784055300000,2026-07-14T18:55:00Z,193.82,193.845,193.766,193.83,6746.160742,1307465.9926302
1784055600000,2026-07-14T19:00:00Z,193.83,194.183,193.765,193.89,20567.754371,3989257.87776061
1784055900000,2026-07-14T19:05:00Z,193.92,193.939,193.657,193.93,19924.735858,3862447.90307143
1784056200000,2026-07-14T19:10:00Z,193.735,193.886,193.67,193.77,7597.350692999999,1472169.03318538
1784056500000,2026-07-14T19:15:00Z,193.925,194,193.629,193.71,13864.408216,2688041.17000383
1784056800000,2026-07-14T19:20:00Z,193.765,194.036,193.703,193.88,12618.543749,2445645.39075119
1784057100000,2026-07-14T19:25:00Z,194.005,194.044,193.831,193.965,8974.878528,1740981.9388877
1784057400000,2026-07-14T19:30:00Z,193.68,193.84,193.52,193.6,19577.499281,3790354.60754606
1784057700000,2026-07-14T19:35:00Z,193.43,193.56,193.275,193.29,13930.17791,2694622.968519
1784058000000,2026-07-14T19:40:00Z,193.23,193.306,192.98,193.155,18636.85058,3599295.81512918
1784058300000,2026-07-14T19:45:00Z,193.18,193.27,192.92,192.92,26631.025,5144149.986895
1784058600000,2026-07-14T19:50:00Z,192.98,194,192.963,193.56,43676.37865399999,8448418.01107626
1784058900000,2026-07-14T19:55:00Z,193.59,193.81,193.145,193.145,167301.92142600002,32376133.99282238
1784059200000,2026-07-14T20:00:00Z,193.158,193.158,192.582,192.582,269726.360081,52097646.44964515
1784059500000,2026-07-14T20:05:00Z,192.581,193.56,192.581,193.56,35.119129,6789.40210201
1784059800000,2026-07-14T20:10:00Z,193.56,193.56,193.56,193.56,67.599529,13084.56483324
1784060100000,2026-07-14T20:15:00Z,193.56,193.56,193.56,193.56,22042.974981,4266638.23732236
1784061000000,2026-07-14T20:30:00Z,193.56,193.56,193.56,193.56,3,580.68
1784061300000,2026-07-14T20:35:00Z,193.56,193.56,193.56,193.56,1512,292662.72
1784061600000,2026-07-14T20:40:00Z,193.56,193.56,193.56,193.56,0,0
1784062500000,2026-07-14T20:55:00Z,193.56,193.56,193.56,193.56,1,193.56
1784062800000,2026-07-14T21:00:00Z,193.56,193.56,193.56,193.56,104,20130.24
1784064000000,2026-07-14T21:20:00Z,193.56,193.56,193.56,193.56,8,1548.48
1784064600000,2026-07-14T21:30:00Z,193.56,193.56,193.56,193.56,5,967.8
1784064900000,2026-07-14T21:35:00Z,193.56,193.56,193.56,193.56,10,1935.6
1784065200000,2026-07-14T21:40:00Z,193.56,193.56,193.56,193.56,96,18581.76
1784065800000,2026-07-14T21:50:00Z,193.56,193.56,193.56,193.56,145,28066.2
1784066400000,2026-07-14T22:00:00Z,193.558,193.558,193.546,193.546,0,0
1784066700000,2026-07-14T22:05:00Z,193.546,193.546,193.546,193.546,1,193.546
1784067600000,2026-07-14T22:20:00Z,193.545,193.545,193.545,193.545,21,4064.445
1784068200000,2026-07-14T22:30:00Z,193.545,193.545,193.545,193.545,5,967.725
1784068800000,2026-07-14T22:40:00Z,193.371,193.371,192.501,192.501,35,6767.985
1784069400000,2026-07-14T22:50:00Z,192.675,193.544,192.675,193.544,21,4046.175
1784069700000,2026-07-14T22:55:00Z,193.544,193.544,193.544,193.544,13,2516.072
1784070300000,2026-07-14T23:05:00Z,193.545,193.545,193.545,193.545,3,580.635
1784070900000,2026-07-14T23:15:00Z,193.545,193.545,193.545,193.545,5,967.725
1784071500000,2026-07-14T23:25:00Z,193.621,193.998,193.621,193.998,0,0
1784071800000,2026-07-14T23:30:00Z,193.999,193.999,193.999,193.999,3,581.997
1784073000000,2026-07-14T23:50:00Z,194,194,194,194,1,194
1784073300000,2026-07-14T23:55:00Z,193.832,193.832,193.002,193.002,42,8111.2626
1784074200000,2026-07-15T00:10:00Z,193.11,193.11,193.11,193.11,1,193.11
1784090400000,2026-07-15T04:40:00Z,193.11,193.11,193.11,193.11,50,9655.5
1784091000000,2026-07-15T04:50:00Z,192.92,192.92,192.92,192.92,1,192.92
1784093700000,2026-07-15T05:35:00Z,192.93,192.93,192.93,192.93,3,578.79
1784094600000,2026-07-15T05:50:00Z,192.94,192.94,192.81,192.9,301,58055.24
1784094900000,2026-07-15T05:55:00Z,192.88,192.93,192.88,192.93,100,19292.1
1784096100000,2026-07-15T06:15:00Z,192.9,192.94,192.53,192.92,452,87169.69
1784096700000,2026-07-15T06:25:00Z,192.54,192.54,192.54,192.54,6,1155.24
1784099100000,2026-07-15T07:05:00Z,192.54,192.86,192.5,192.86,64,12323.76
1784102100000,2026-07-15T07:55:00Z,193.001,193.001,193.001,193.001,0,0
1784102400000,2026-07-15T08:00:00Z,193,193,193,193,1022.280674,197300.170082
1784103000000,2026-07-15T08:10:00Z,193,193,193,193,1,193
1784103300000,2026-07-15T08:15:00Z,193,193,193,193,274,52882
1784103600000,2026-07-15T08:20:00Z,193,193,193,193,3,579
1784104500000,2026-07-15T08:35:00Z,193,193,193,193,0,0
1784106000000,2026-07-15T09:00:00Z,193,193,193,193,6,1158
1784106300000,2026-07-15T09:05:00Z,193,193,193,193,4,772
1784106600000,2026-07-15T09:10:00Z,193,193,193,193,0,0
1784111700000,2026-07-15T10:35:00Z,193,193,193,193,25,4825
1784112000000,2026-07-15T10:40:00Z,193,193,193,193,1,193
1784112300000,2026-07-15T10:45:00Z,193,193,193,193,332,64076
1784112600000,2026-07-15T10:50:00Z,193,193,193,193,52,10036
1784112900000,2026-07-15T10:55:00Z,193,193,193,193,7,1351
1784113200000,2026-07-15T11:00:00Z,193,193,193,193,105,20265
1784113500000,2026-07-15T11:05:00Z,193,193,193,193,45,8685
1784113800000,2026-07-15T11:10:00Z,193,193,193,193,3,579
1784114400000,2026-07-15T11:20:00Z,193,193,193,193,100,19300
1784114700000,2026-07-15T11:25:00Z,193,194.994,193,194.994,108,20845.9872
1784115300000,2026-07-15T11:35:00Z,194.995,194.995,194.995,194.995,1,194.995
1784115900000,2026-07-15T11:45:00Z,194.995,194.995,194.995,194.995,6,1169.97
1784116500000,2026-07-15T11:55:00Z,195.053,195.344,195.053,195.344,3,585.45
1784116800000,2026-07-15T12:00:00Z,195.345,195.345,195.345,195.345,3,586.035
1784117400000,2026-07-15T12:10:00Z,195.345,195.345,195.345,195.345,4,781.38
1784118000000,2026-07-15T12:20:00Z,195.345,195.345,195.345,195.345,51,9962.595
1784118600000,2026-07-15T12:30:00Z,195.345,195.345,195.345,195.345,0.009274,1.81162953
1784118900000,2026-07-15T12:35:00Z,195.345,195.345,195.345,195.345,7,1367.415
1784119200000,2026-07-15T12:40:00Z,195.345,195.345,195.345,195.345,0,0
1784119500000,2026-07-15T12:45:00Z,195.345,195.659,195.318,195.659,15,2930.1345
1784119800000,2026-07-15T12:50:00Z,195.66,195.66,195.66,195.66,1,195.66
1784120100000,2026-07-15T12:55:00Z,195.66,195.66,195.66,195.66,0,0
1784120700000,2026-07-15T13:05:00Z,195.66,196.1,195.66,196.1,178,34860.5524
1784121000000,2026-07-15T13:10:00Z,196.1,196.1,196.071,196.071,116,22744.6768
1784121300000,2026-07-15T13:15:00Z,196.07,196.07,195.785,195.785,35,6853.0455
1784121600000,2026-07-15T13:20:00Z,195.785,195.785,195.785,195.785,1,195.785
1784121900000,2026-07-15T13:25:00Z,195.835,196.083,195.835,195.923,247,48406.3437
1784122200000,2026-07-15T13:30:00Z,197.035,197.065,195.652,197.065,42812.477572,8398343.91289344
1784122500000,2026-07-15T13:35:00Z,196.973,196.973,196.201,196.238,9464.921,1859554.099028
1784122800000,2026-07-15T13:40:00Z,196.025,196.237,195.015,195.11,22390.957458,4374035.47479262
1784123100000,2026-07-15T13:45:00Z,195.55,195.68,194.846,194.995,14903.334009000002,2911649.46200432
1784123400000,2026-07-15T13:50:00Z,195.545,196.039,195.445,195.75,13498.574449,2641795.20655423
1784123700000,2026-07-15T13:55:00Z,195.445,196.434,195.445,195.664,6438.271135,1261264.3317774972
1784124000000,2026-07-15T14:00:00Z,195.659,196.397,195.635,196.15,1228.096978,240393.6542405618
1784124300000,2026-07-15T14:05:00Z,197.19,197.565,196.188,197.11,16674.275184,3287488.42328481
1784124600000,2026-07-15T14:10:00Z,197.67,198,197.253,197.8,14070.376034,2781205.40134697
1784124900000,2026-07-15T14:15:00Z,197.93,198.145,197.758,197.92,16702.787229,3306739.31249744
1784125200000,2026-07-15T14:20:00Z,197.98,199.1,197.905,199.08,24051.481537,4774183.00787219
1784125500000,2026-07-15T14:25:00Z,198.65,198.884,197.998,198.64,21703.219301,4312021.65458584
1784125800000,2026-07-15T14:30:00Z,197.775,198.569,197.742,198.22,20484.254036,4055433.69396461
1784126100000,2026-07-15T14:35:00Z,197.765,198.15,197.321,197.98,29243.761545,5785536.06966817
1784126400000,2026-07-15T14:40:00Z,197.41,197.823,197.162,197.195,4937.064571999999,975471.6363197
1784126700000,2026-07-15T14:45:00Z,197.26,197.26,196.601,196.855,6256.454006,1232802.35396687
1784127000000,2026-07-15T14:50:00Z,196.8,197.23,196.575,196.575,13301.869351,2617866.41650194
1784127300000,2026-07-15T14:55:00Z,196.5,196.652,196.151,196.335,15261.661223,2998290.70220936
1784127600000,2026-07-15T15:00:00Z,196.247,196.247,195.805,195.805,12567.22624,2465988.150119104
1784127900000,2026-07-15T15:05:00Z,195.799,196.111,195.799,196.053,5156.598941,1010465.088910561
1784128200000,2026-07-15T15:10:00Z,196.062,196.51,196.062,196.207,10880.407742,2136449.1282109026
1784128500000,2026-07-15T15:15:00Z,196.193,196.42,196.031,196.326,10264.101667,2013208.6530276778
1784128800000,2026-07-15T15:20:00Z,196.325,196.329,196.218,196.218,2889.117959,567141.959148429
1784129100000,2026-07-15T15:25:00Z,196.217,196.652,196.215,196.273,6328.427973999999,1243035.51823826
1784129400000,2026-07-15T15:30:00Z,196.29,196.351,196.156,196.29,7281.567714000001,1429056.45037618
1784129700000,2026-07-15T15:35:00Z,196.31,196.363,195.82,195.82,7573.8456289999995,1486136.20239957
1784130000000,2026-07-15T15:40:00Z,195.895,196.125,195.646,195.895,10231.229800000001,2004534.25922838
1784130300000,2026-07-15T15:45:00Z,196.02,196.02,195.66,196,9986.620049000001,1955890.5218787
1784130600000,2026-07-15T15:50:00Z,195.815,195.923,195.72,195.815,9095.285488,1780825.97457974
1784130900000,2026-07-15T15:55:00Z,195.415,195.94,195.392,195.415,7495.239618,1467023.76280813
1784131200000,2026-07-15T16:00:00Z,195.39,195.598,195.368,195.435,6378.9112239999995,1246568.10717632
1784131500000,2026-07-15T16:05:00Z,195.572,195.747,195.52,195.747,9722.896659,1901650.79847118
1784131800000,2026-07-15T16:10:00Z,195.8,195.815,195.477,195.8,5999.111,1174102.8113208
1784132100000,2026-07-15T16:15:00Z,195.46,195.483,195.317,195.39,12904.757880000001,2521756.16112865
1784132400000,2026-07-15T16:20:00Z,195.33,195.33,195.04,195.21,7076.076907000001,1381290.54588477
1784132700000,2026-07-15T16:25:00Z,195.069,195.195,194.962,194.962,6365.071953,1241811.7388674045
1784133000000,2026-07-15T16:30:00Z,194.74,195.055,194.705,194.74,8636.244446,1683261.90536319
1784133300000,2026-07-15T16:35:00Z,194.8,194.8,194.642,194.76,7678.422401999999,1494993.44872284
1784133600000,2026-07-15T16:40:00Z,194.72,194.72,194.359,194.43,8576.274948,1668589.76235294
1784133900000,2026-07-15T16:45:00Z,194.36,195.08,194.268,195.08,21911.202678000005,4259798.54391507
1784134200000,2026-07-15T16:50:00Z,194.94,194.998,194.48,194.73,8969.2289,1747233.59432959
1784134500000,2026-07-15T16:55:00Z,194.75,194.75,194.535,194.75,7978.772800000001,1552737.80432608
1784134800000,2026-07-15T17:00:00Z,194.711,194.93,194.677,194.843,5902.505107999999,1149897.12286553
1784135100000,2026-07-15T17:05:00Z,194.6,194.832,194.421,194.59,6543.267278,1273565.83914845
1784135400000,2026-07-15T17:10:00Z,194.421,194.53,194.31,194.53,7813.190171,1518827.13295415
1784135700000,2026-07-15T17:15:00Z,194.79,195.04,194.53,194.8,23749.144405,4624860.88314089
1784136000000,2026-07-15T17:20:00Z,194.8,195.218,194.701,194.74,16194.368747,3155984.49240536
1784136300000,2026-07-15T17:25:00Z,195.14,195.175,194.696,195.14,9626,1876201.7348
1784136600000,2026-07-15T17:30:00Z,195.079,195.264,194.98,195.012,2890.4584,563836.62672976
1784136900000,2026-07-15T17:35:00Z,195.005,195.368,194.99,195.34,7447.10101,1452882.697431693
1784137200000,2026-07-15T17:40:00Z,195.34,195.34,194.936,194.941,17970.48231,3504834.841198596
1784137500000,2026-07-15T17:45:00Z,194.76,194.941,194.436,194.65,28379.267866000002,5523942.19024009
1784137800000,2026-07-15T17:50:00Z,194.095,194.593,193.553,193.85,18081.682891,3506103.40662331
1784138100000,2026-07-15T17:55:00Z,193.6,194.2,193.518,194.12,15575.397594000002,3017765.99217245
1784138400000,2026-07-15T18:00:00Z,193.97,194.07,193.646,193.775,9455.559541,1833345.05829617
1784138700000,2026-07-15T18:05:00Z,193.72,193.774,193.709,193.72,9106.090361,1764160.22060701
1784139000000,2026-07-15T18:10:00Z,193.82,193.97,193.725,193.95,12618.414818,2445280.96681132
1784139300000,2026-07-15T18:15:00Z,194.05,194.1,193.926,194.03,10390.868701,2016043.61897611
1784139600000,2026-07-15T18:20:00Z,194.035,194.215,193.97,194.11,12512.001961,2428530.78382245
1784139900000,2026-07-15T18:25:00Z,194.02,194.176,193.98,194.045,11098,2153935.3536
1784140200000,2026-07-15T18:30:00Z,194.24,194.31,194.179,194.27,10230.264034,1987313.69979598
1784140500000,2026-07-15T18:35:00Z,194.29,194.295,194.135,194.285,11636,2260408.1964
1784140800000,2026-07-15T18:40:00Z,194.125,194.18,193.85,193.85,8994.161,1745031.8271463
1784141100000,2026-07-15T18:45:00Z,193.857,193.86,193.745,193.775,2290,443855.188
1784141400000,2026-07-15T18:50:00Z,193.778,193.793,193.711,193.777,9318.471,1805541.9280746
1784141700000,2026-07-15T18:55:00Z,193.83,193.83,193.766,193.805,6728.0041,1303845.48095458
1784142000000,2026-07-15T19:00:00Z,193.785,193.99,193.785,193.885,13095.045,2538999.5845545
1784142300000,2026-07-15T19:05:00Z,193.715,194.031,193.701,193.71,13405.219224,2598070.89989113
1784142600000,2026-07-15T19:10:00Z,194.18,194.247,194.001,194.13,10079.865882,1957262.99757029
1784142900000,2026-07-15T19:15:00Z,194.07,194.194,193.873,193.935,14288.970000000001,2772671.747916
1784143200000,2026-07-15T19:20:00Z,193.77,193.909,193.76,193.82,12376.078252,2399220.34189359
1784143500000,2026-07-15T19:25:00Z,193.78,193.915,193.699,193.745,16159.659276999999,3131872.86112274
1784143800000,2026-07-15T19:30:00Z,193.67,193.791,193.42,193.42,19087.779844999997,3697073.90261836
1784144100000,2026-07-15T19:35:00Z,193.49,193.7,193.396,193.65,20727.357046,4011601.7009827
1784144400000,2026-07-15T19:40:00Z,193.7,193.773,193.355,193.37,25301.203556,4897761.44220408
1784144700000,2026-07-15T19:45:00Z,193.37,193.504,193.11,193.11,19102,3691029.7948
1784145000000,2026-07-15T19:50:00Z,192.585,193.248,192.569,193.17,45440.382138,8765699.63652196
1784145300000,2026-07-15T19:55:00Z,192.955,193.854,192.926,193.72,55279.555702,10702045.3352121528
1784145600000,2026-07-15T20:00:00Z,193.716,193.716,193.69,193.69,0,0
1784145900000,2026-07-15T20:05:00Z,193.69,193.69,193.69,193.69,12.247735,2372.26379215
1784146200000,2026-07-15T20:10:00Z,193.69,193.69,193.69,193.69,4199.61342,813423.1233198
1784146500000,2026-07-15T20:15:00Z,193.69,193.69,193.69,193.69,41.020106,7945.18433114
1784146800000,2026-07-15T20:20:00Z,193.69,193.69,193.69,193.69,50,9684.5
1784147100000,2026-07-15T20:25:00Z,193.69,193.69,193.69,193.69,10,1936.9
1784147700000,2026-07-15T20:35:00Z,193.69,193.69,193.69,193.69,8,1549.52
1784148000000,2026-07-15T20:40:00Z,193.69,193.69,193.69,193.69,26,5035.94
1784148300000,2026-07-15T20:45:00Z,193.69,193.69,193.69,193.69,4300,832867
1784148600000,2026-07-15T20:50:00Z,193.69,193.69,193.69,193.69,2,387.38
1784148900000,2026-07-15T20:55:00Z,193.69,193.69,193.69,193.69,200,38738
1784150100000,2026-07-15T21:15:00Z,193.69,193.69,193.69,193.69,13,2517.97
1784151600000,2026-07-15T21:40:00Z,193.69,193.69,193.69,193.69,1,193.69
1784152200000,2026-07-15T21:50:00Z,193.283,193.283,191.252,192.1,5,962.379
1784152500000,2026-07-15T21:55:00Z,192.121,192.224,192.121,192.224,0,0
1784153100000,2026-07-15T22:05:00Z,192.225,192.225,192.225,192.225,1,192.225
1784153400000,2026-07-15T22:10:00Z,192.993,196.833,192.993,196.833,0,0
1784153700000,2026-07-15T22:15:00Z,196.418,196.418,194.336,194.336,0,0
1784154000000,2026-07-15T22:20:00Z,194.336,194.336,194.335,194.335,0,0
1784154900000,2026-07-15T22:35:00Z,194.335,194.335,194.335,194.335,10,1943.35
1784155500000,2026-07-15T22:45:00Z,194.335,194.335,194.335,194.335,75,14575.125
1784155800000,2026-07-15T22:50:00Z,194.335,194.335,194.335,194.335,2,388.67
1784156100000,2026-07-15T22:55:00Z,194.335,194.335,194.335,194.335,20,3886.7
1784156400000,2026-07-15T23:00:00Z,194.273,194.273,193.961,193.961,1,193.961
1784157000000,2026-07-15T23:10:00Z,193.961,193.961,193.961,193.961,1,193.961
1784157300000,2026-07-15T23:15:00Z,193.956,193.956,193.936,193.936,55,10667.481
1784157600000,2026-07-15T23:20:00Z,193.936,193.936,193.936,193.936,15,2909.04
1784158200000,2026-07-15T23:30:00Z,193.936,193.936,193.936,193.936,0,0
1784158800000,2026-07-15T23:40:00Z,193.935,193.935,193.935,193.935,25,4848.375
1784159100000,2026-07-15T23:45:00Z,193.935,193.935,193.935,193.935,1,193.935
1784159700000,2026-07-15T23:55:00Z,193.935,193.935,193.935,193.935,42,8145.27
1784173200000,2026-07-16T03:40:00Z,193.66,193.66,193.66,193.66,2,387.32
1784180700000,2026-07-16T05:45:00Z,193.66,193.66,193.66,193.66,6,1161.96
1784185200000,2026-07-16T07:00:00Z,194.27,194.29,194.27,194.29,51,9907.79
1784187300000,2026-07-16T07:35:00Z,194.24,194.24,194.24,194.24,38,7381.12
1784188800000,2026-07-16T08:00:00Z,193.935,193.935,193.935,193.935,101,19587.435
1784189400000,2026-07-16T08:10:00Z,193.935,193.935,193.935,193.935,0,0
1784192700000,2026-07-16T09:05:00Z,193.935,193.935,193.935,193.935,129,25017.615
1784193600000,2026-07-16T09:20:00Z,193.935,193.935,193.935,193.935,0,0
1784194200000,2026-07-16T09:30:00Z,193.935,193.935,193.935,193.935,0,0
1784197800000,2026-07-16T10:30:00Z,193.935,193.935,193.935,193.935,0,0
1784199600000,2026-07-16T11:00:00Z,194.53,197.504,194.53,196.501,21,4144.0098
1784199900000,2026-07-16T11:05:00Z,196.5,196.5,196.5,196.5,5,982.5
1784200200000,2026-07-16T11:10:00Z,196.5,196.5,196.5,196.5,10,1965
1784200500000,2026-07-16T11:15:00Z,196.5,196.5,196.5,196.5,4,786
1784201100000,2026-07-16T11:25:00Z,196.465,196.465,196.292,196.292,0,0
1784201400000,2026-07-16T11:30:00Z,196.291,196.291,196.291,196.291,147,28854.777
1784201700000,2026-07-16T11:35:00Z,196.29,196.29,196.29,196.29,89,17469.81
1784202000000,2026-07-16T11:40:00Z,196.29,196.29,196.29,196.29,0,0
1784202900000,2026-07-16T11:55:00Z,196.29,196.29,195.373,195.419,100,19629
1784203200000,2026-07-16T12:00:00Z,195.424,195.45,195.424,195.45,108,21108.5352
1784203500000,2026-07-16T12:05:00Z,195.45,195.45,195.45,195.45,118,23063.1
1784203800000,2026-07-16T12:10:00Z,195.45,195.45,195.45,195.45,1,195.45
1784204100000,2026-07-16T12:15:00Z,195.45,195.45,195.45,195.45,2,390.9
1784204700000,2026-07-16T12:25:00Z,195.45,195.45,195.45,195.45,616,120397.2
1784205000000,2026-07-16T12:30:00Z,195.45,195.45,195.45,195.45,13,2540.85
1784205300000,2026-07-16T12:35:00Z,195.45,195.45,195.45,195.45,81,15831.45
1784205600000,2026-07-16T12:40:00Z,195.45,195.45,195.45,195.45,9,1759.05
1784205900000,2026-07-16T12:45:00Z,195.45,196.304,195.45,196.304,157,30690.0617
1784206200000,2026-07-16T12:50:00Z,196.305,196.305,196.305,196.305,72,14133.96
1784206500000,2026-07-16T12:55:00Z,196.305,196.305,196.305,196.305,0,0
1784206800000,2026-07-16T13:00:00Z,196.305,196.305,196.305,196.305,0,0
1784207100000,2026-07-16T13:05:00Z,196.305,196.305,196.305,196.305,8,1570.44
1784207400000,2026-07-16T13:10:00Z,196.305,196.305,196.305,196.305,112,21986.16
1784208000000,2026-07-16T13:20:00Z,196.305,196.309,196.305,196.309,5,981.528
1784208300000,2026-07-16T13:25:00Z,196.311,197.49,196.311,197.49,108,21328.4556
1784208600000,2026-07-16T13:30:00Z,196.32,197.69,195.09,195.09,27707.361519,5451875.00885601
1784208900000,2026-07-16T13:35:00Z,195.09,196.799,195.085,196.235,22953.030920999998,4507596.5478742
1784209200000,2026-07-16T13:40:00Z,195.955,196.584,195.931,196.09,16312.016307000002,3198802.70981901
1784209500000,2026-07-16T13:45:00Z,196.575,196.585,195.1,195.12,23166.674617,4540879.04167101
1784209800000,2026-07-16T13:50:00Z,195.23,196.02,195.168,195.48,18020.444868000002,3522447.34812553
1784210100000,2026-07-16T13:55:00Z,195.285,195.957,195.118,195.445,17080.40224,3340094.86255491
1784210400000,2026-07-16T14:00:00Z,195.67,196.036,194.943,195.97,18115.061454,3545501.56585062
1784210700000,2026-07-16T14:05:00Z,196.08,196.448,195.35,195.37,29507.290086,5781805.95590127
1784211000000,2026-07-16T14:10:00Z,195.381,195.9,195.254,195.63,15378.263866,3004653.6971556638
1784211300000,2026-07-16T14:15:00Z,195.63,195.79,195.15,195.539,10208.821968,1996798.6163597472
1784211600000,2026-07-16T14:20:00Z,195.557,196.318,195.433,196.318,8315.703715,1629323.27070221
1784211900000,2026-07-16T14:25:00Z,196.3,196.419,196.01,196.045,14112.619401999998,2769728.57121712
1784212200000,2026-07-16T14:30:00Z,195.96,196.21,195.828,196.01,10038.283362999999,1966842.01627438
1784212500000,2026-07-16T14:35:00Z,196.05,196.347,195.876,196.08,9839.828652000002,1929178.10983668
1784212800000,2026-07-16T14:40:00Z,196.4,197.36,196.169,197.3,13079.634107999998,2572314.08963028
1784213100000,2026-07-16T14:45:00Z,197.13,197.345,196.858,197.34,7716.762611,1521281.80945628
1784213400000,2026-07-16T14:50:00Z,197.03,197.159,196.886,197.1,9674.45583,1906579.83845909
1784213700000,2026-07-16T14:55:00Z,197.069,197.52,197.069,197.48,9086.311365,1792607.47574221
1784214000000,2026-07-16T15:00:00Z,197.01,197.48,196.687,196.715,10441.483172,2056072.12903457
1784214300000,2026-07-16T15:05:00Z,197.01,197.219,196.958,197.01,7467.382369999999,1472234.7581103
1784214600000,2026-07-16T15:10:00Z,197.135,197.187,197.03,197.065,8162.783002,1608989.82959493
1784214900000,2026-07-16T15:15:00Z,196.89,197.1,196.7,196.92,12978.605809000002,2555144.84859874
1784215200000,2026-07-16T15:20:00Z,196.91,197.09,196.91,196.952,11627.35101,2289951.819731353
1784215500000,2026-07-16T15:25:00Z,196.951,197.487,196.948,197.36,11243.770701,2216934.270647544
1784215800000,2026-07-16T15:30:00Z,197.362,197.443,197.315,197.411,1655.28571,326720.526125504
1784216100000,2026-07-16T15:35:00Z,197.41,197.75,197.4,197.735,10229.291872,2020308.7307096254
1784216400000,2026-07-16T15:40:00Z,197.99,197.99,197.46,197.46,9557.301047,1889779.47197488
1784216700000,2026-07-16T15:45:00Z,197.56,197.56,197.192,197.355,9719.17653,1919246.76129675
1784217000000,2026-07-16T15:50:00Z,197.56,197.57,197.256,197.29,9116.592039,1799853.21155082
1784217300000,2026-07-16T15:55:00Z,197.33,197.496,197.255,197.485,9107.600616,1797414.12588957
1784217600000,2026-07-16T16:00:00Z,197.47,197.558,197.465,197.55,5750.831615,1135764.51538656
1784217900000,2026-07-16T16:05:00Z,197.58,198.289,197.435,198.23,17963.311222,3552875.30637439
1784218200000,2026-07-16T16:10:00Z,198.415,198.415,197.94,198.06,10682.292173,2117396.9524465
1784218500000,2026-07-16T16:15:00Z,197.77,198.042,197.521,197.77,6338.889387000001,1253572.42628373
1784218800000,2026-07-16T16:20:00Z,198.01,198.13,197.76,197.94,11057.20839,2188572.05388696
1784219100000,2026-07-16T16:25:00Z,197.868,198.374,197.866,198.358,7818.509772,1548865.55025665
1784219400000,2026-07-16T16:30:00Z,198.75,198.99,198.359,198.99,9045.450525,1796982.76947229
1784219700000,2026-07-16T16:35:00Z,198.79,198.929,198.536,198.67,16635.478165,3307835.07638056
1784220000000,2026-07-16T16:40:00Z,198.544,199.19,198.509,199.145,5397,1072469.3723
1784220300000,2026-07-16T16:45:00Z,199.5,199.72,199.145,199.71,8510.959266,1697152.5142186
1784220600000,2026-07-16T16:50:00Z,199.72,200.051,199.599,199.87,43513.545363000005,8691243.25339685
1784220900000,2026-07-16T16:55:00Z,200.24,200.24,199.774,199.88,10182.757436,2036545.37754554
1784221200000,2026-07-16T17:00:00Z,199.89,199.944,199.68,199.83,13773.929721,2752770.81828182
1784221500000,2026-07-16T17:05:00Z,199.86,200.11,199.56,199.56,37007.248696,7396994.066457
1784221800000,2026-07-16T17:10:00Z,199.56,199.56,199.447,199.471,8386.984761,1673153.13791093
1784222100000,2026-07-16T17:15:00Z,199.47,199.765,199.411,199.74,12231.111102,2440266.89240444
1784222400000,2026-07-16T17:20:00Z,199.765,199.765,199.303,199.43,17261.22611,3445575.4842311
1784222700000,2026-07-16T17:25:00Z,199.29,199.53,199.285,199.53,11405.959235999999,2273594.3377529
1784223000000,2026-07-16T17:30:00Z,199.58,199.594,199.06,199.125,8817.917389,1757786.57890847
1784223300000,2026-07-16T17:35:00Z,198.94,199.183,198.767,198.9,8633.779978999999,1718439.93892423
1784223600000,2026-07-16T17:40:00Z,198.87,198.994,198.622,198.66,9513.137467,1891083.3010838
1784223900000,2026-07-16T17:45:00Z,198.621,198.75,198.586,198.635,3679.19616,730745.016996864
1784224200000,2026-07-16T17:50:00Z,198.635,198.949,198.635,198.928,4018.9642199999998,798571.0944174959602706
1784224500000,2026-07-16T17:55:00Z,198.927,199.018,198.913,198.95,5071.265098,1008864.660545896
1784224800000,2026-07-16T18:00:00Z,198.95,198.989,198.91,198.951,6120.529434,1217754.61340634
1784225100000,2026-07-16T18:05:00Z,199.025,199.399,198.94,199.08,13714.800584,2730725.14319901
1784225400000,2026-07-16T18:10:00Z,199.88,199.91,199.355,199.91,9735.007387,1943802.55397263
1784225700000,2026-07-16T18:15:00Z,199.75,199.947,199.75,199.845,26265.52047,5248229.21340077
1784226000000,2026-07-16T18:20:00Z,199.94,200.09,199.79,199.94,15205.150989999998,3038769.19204779
1784226300000,2026-07-16T18:25:00Z,199.82,199.923,199.43,199.475,7427.258674999999,1483138.14392274
1784226600000,2026-07-16T18:30:00Z,199.39,199.435,199.25,199.39,8197.680695,1634196.16979528
1784226900000,2026-07-16T18:35:00Z,199.52,199.52,199.284,199.52,4726.930215,942473.30860152
1784227200000,2026-07-16T18:40:00Z,199.32,199.335,198.647,198.81,13667.418215,2719489.57348966
1784227500000,2026-07-16T18:45:00Z,198.77,198.77,198.41,198.65,12794.484864000002,2539985.44472252
1784227800000,2026-07-16T18:50:00Z,198.63,198.74,198.539,198.69,9505.33715,1888047.96970565
1784228100000,2026-07-16T18:55:00Z,198.71,198.71,198.5,198.587,8966.981518,1780885.57098609
1784228400000,2026-07-16T19:00:00Z,198.573,198.659,198.336,198.348,7380.690893,1464697.8446285467
1784228700000,2026-07-16T19:05:00Z,198.35,198.454,197.769,197.769,17767.696265,3524908.387238579
1784229000000,2026-07-16T19:10:00Z,197.585,197.767,197.483,197.54,9050.673094,1788329.73718194
1784229300000,2026-07-16T19:15:00Z,197.49,197.634,197.433,197.455,13120.977028,2591211.89354701
1784229600000,2026-07-16T19:20:00Z,197.55,197.6,197.18,197.18,23054.393738,4552078.51637123
1784229900000,2026-07-16T19:25:00Z,197.31,197.405,196.89,197.31,15030.147095999999,2962736.58350468
1784230200000,2026-07-16T19:30:00Z,196.78,197.042,196.78,196.93,22341.789152,4399377.5563932
1784230500000,2026-07-16T19:35:00Z,197.16,197.465,197.056,197.46,20278.743137999998,3999765.10141892
1784230800000,2026-07-16T19:40:00Z,197.68,197.7,197.255,197.32,27448.06968,5419857.41171525
1784231100000,2026-07-16T19:45:00Z,197.28,197.299,196.95,197.24,37668.173712,7427900.17879042
1784231400000,2026-07-16T19:50:00Z,197.325,197.92,197.208,197.92,47227.065633,9335643.25794922
1784231700000,2026-07-16T19:55:00Z,197.77,198.065,197.333,197.385,182515.926774,36076244.09889026
1784232000000,2026-07-16T20:00:00Z,197.434,197.44,197.421,197.44,262715.40171700006,51870502.64346432
1784232300000,2026-07-16T20:05:00Z,197.44,197.44,197.44,197.44,12.335375,2435.49644
1784232600000,2026-07-16T20:10:00Z,197.44,197.44,197.44,197.44,0,0
1784232900000,2026-07-16T20:15:00Z,197.44,197.44,196.682,196.682,705.975047,139387.71327968
1784233200000,2026-07-16T20:20:00Z,196.681,196.681,196.68,196.68,0,0
1784233500000,2026-07-16T20:25:00Z,196.68,196.68,196.68,196.68,767,150853.56
1784233800000,2026-07-16T20:30:00Z,196.68,196.68,196.68,196.68,704,138462.72
1784234100000,2026-07-16T20:35:00Z,196.68,196.68,196.68,196.68,1193,234639.24
1784235000000,2026-07-16T20:50:00Z,196.68,196.68,196.68,196.68,1,196.68
1784235600000,2026-07-16T21:00:00Z,196.68,196.68,196.68,196.68,8,1573.44
1784235900000,2026-07-16T21:05:00Z,196.68,196.68,196.68,196.68,40,7867.2
1784236500000,2026-07-16T21:15:00Z,196.68,196.68,196.68,196.68,1,196.68
1784236800000,2026-07-16T21:20:00Z,196.605,196.605,196.232,196.232,0,0
1784237100000,2026-07-16T21:25:00Z,196.231,196.231,196.231,196.231,0,0
1784237700000,2026-07-16T21:35:00Z,196.23,196.23,195.117,195.117,868,170327.64
1784238000000,2026-07-16T21:40:00Z,195.116,196.145,195.116,196.145,0,0
1784238600000,2026-07-16T21:50:00Z,196.145,196.145,196.145,196.145,299,58647.355
1784238900000,2026-07-16T21:55:00Z,196.145,196.145,196.145,196.145,98,19222.21
1784239200000,2026-07-16T22:00:00Z,196.145,196.145,196.145,196.145,1,196.145
1784239500000,2026-07-16T22:05:00Z,196.145,196.145,196.145,196.145,8,1569.16
1784240400000,2026-07-16T22:20:00Z,196.145,196.145,196.145,196.145,5,980.725
1784240700000,2026-07-16T22:25:00Z,196.145,196.145,196.145,196.145,23,4511.335
1784241000000,2026-07-16T22:30:00Z,196.145,196.145,196.145,196.145,15,2942.175
1784241300000,2026-07-16T22:35:00Z,196.145,196.145,196.145,196.145,30,5884.35
1784242200000,2026-07-16T22:50:00Z,195.973,195.973,195.115,195.115,50,9798.65
1784242800000,2026-07-16T23:00:00Z,195.115,195.115,195.115,195.115,21,4097.415
1784243100000,2026-07-16T23:05:00Z,195.115,195.115,195.115,195.115,3,585.345
1784243400000,2026-07-16T23:10:00Z,195.115,195.115,195.115,195.115,30,5853.45
1784243700000,2026-07-16T23:15:00Z,195.115,195.115,195.115,195.115,1,195.115
1784244000000,2026-07-16T23:20:00Z,195.115,195.115,195.115,195.115,27,5268.105
1784244900000,2026-07-16T23:35:00Z,195.115,195.115,195.115,195.115,0,0
1784245800000,2026-07-16T23:50:00Z,195.115,195.115,195.115,195.115,5,975.575
1784246100000,2026-07-16T23:55:00Z,195.347,196.51,195.347,196.51,2,393.018
1784253600000,2026-07-17T02:00:00Z,196.91,196.91,196.9,196.9,2,393.81
1784256900000,2026-07-17T02:55:00Z,196.9,196.91,196.9,196.91,80,15752.3
1784257500000,2026-07-17T03:05:00Z,196.93,196.93,196.93,196.93,120,23631.6
1784259900000,2026-07-17T03:45:00Z,196.49,196.49,196.49,196.49,100,19649
1784264700000,2026-07-17T05:05:00Z,196.02,196.02,196.02,196.02,7,1372.14
1784265300000,2026-07-17T05:15:00Z,196.02,196.5,195.63,196.5,130,25469.13
1784271300000,2026-07-17T06:55:00Z,196.45,196.45,196.45,196.45,1,196.45
1784271900000,2026-07-17T07:05:00Z,196,196,196,196,100,19600
1784273400000,2026-07-17T07:30:00Z,196,196,196,196,5,980
1784273700000,2026-07-17T07:35:00Z,196,196,196,196,2,392
1784274600000,2026-07-17T07:50:00Z,195.99,195.99,195.99,195.99,2,391.98
1784275200000,2026-07-17T08:00:00Z,196.51,197.648,196.335,196.536,509.7998,100191.31155386
1784275500000,2026-07-17T08:05:00Z,196.536,196.536,195.921,195.921,30,5896.08
1784275800000,2026-07-17T08:10:00Z,195.92,195.92,195.046,195.046,66,12919.6914
1784276100000,2026-07-17T08:15:00Z,195.045,195.045,195.045,195.045,71,13848.195
1784276400000,2026-07-17T08:20:00Z,195.045,195.045,195.045,195.045,5,975.225
1784278200000,2026-07-17T08:50:00Z,195.045,195.045,194.046,194.046,6,1170.27
1784278500000,2026-07-17T08:55:00Z,194.045,194.045,194.045,194.045,0,0
1784278800000,2026-07-17T09:00:00Z,194.045,194.77,194.045,194.77,216,41913.72
1784279100000,2026-07-17T09:05:00Z,194.778,194.818,194.778,194.818,0,0
1784279400000,2026-07-17T09:10:00Z,194.819,194.82,194.819,194.82,5,974.1
1784280300000,2026-07-17T09:25:00Z,194.82,194.82,194.82,194.82,14,2727.48
1784281500000,2026-07-17T09:45:00Z,195.099,196.495,195.045,195.045,295,57966.025
1784281800000,2026-07-17T09:50:00Z,195.008,195.008,194.821,194.821,103,20066.563
1784282100000,2026-07-17T09:55:00Z,194.821,194.821,194.82,194.82,274.008911,53382.4708428
1784282400000,2026-07-17T10:00:00Z,194.82,194.82,194.82,194.82,3,584.46
1784283000000,2026-07-17T10:10:00Z,194.82,194.82,194.82,194.82,113,22014.66
1784283600000,2026-07-17T10:20:00Z,194.862,195.229,194.862,195.229,488,95193.0864
1784283900000,2026-07-17T10:25:00Z,195.23,195.23,195.23,195.23,7,1366.61
1784284800000,2026-07-17T10:40:00Z,195.23,195.23,195.23,195.23,2,390.46
1784286000000,2026-07-17T11:00:00Z,195.23,195.23,195.23,195.23,108,21084.84
1784286300000,2026-07-17T11:05:00Z,195.23,195.23,195.23,195.23,11,2147.53
1784286600000,2026-07-17T11:10:00Z,195.23,195.23,195.23,195.23,7,1366.61
1784286900000,2026-07-17T11:15:00Z,195.23,196.04,195.23,196.04,28,5482.0836
1784287200000,2026-07-17T11:20:00Z,196.04,196.04,196.04,196.04,82,16075.28
1784287500000,2026-07-17T11:25:00Z,196.04,196.04,196.04,196.04,0,0
1784287800000,2026-07-17T11:30:00Z,196.04,196.04,196.04,196.04,5,980.2
1784288100000,2026-07-17T11:35:00Z,196.04,196.04,196.04,196.04,242.762,47591.06248
1784288400000,2026-07-17T11:40:00Z,196.04,196.04,195.817,195.817,44,8625.76
1784288700000,2026-07-17T11:45:00Z,195.816,195.816,195.816,195.816,70,13707.12
1784289000000,2026-07-17T11:50:00Z,195.815,195.815,195.815,195.815,110,21539.65
1784289300000,2026-07-17T11:55:00Z,195.815,196.138,195.815,196.138,66,12924.0606
1784289600000,2026-07-17T12:00:00Z,196.139,196.139,195.705,195.705,61,11956.1037
1784289900000,2026-07-17T12:05:00Z,195.778,196.14,195.778,196.14,15,2942.0955
1784290200000,2026-07-17T12:10:00Z,196.14,196.27,196.14,196.27,204,40032.1644
1784290500000,2026-07-17T12:15:00Z,196.27,196.27,196.27,196.27,10,1962.7
1784290800000,2026-07-17T12:20:00Z,196.27,196.27,196.27,196.27,5,981.35
1784291100000,2026-07-17T12:25:00Z,196.27,196.27,196.27,196.27,0,0
1784291700000,2026-07-17T12:35:00Z,196.27,196.27,196.27,196.27,1,196.27
1784292000000,2026-07-17T12:40:00Z,196.27,196.27,196.27,196.27,2,392.54
1784292300000,2026-07-17T12:45:00Z,196.27,196.27,196.27,196.27,213,41805.51
1784292600000,2026-07-17T12:50:00Z,196.27,196.27,196.27,196.27,478,93817.06
1784292900000,2026-07-17T12:55:00Z,196.27,196.27,195.4,195.4,178,34823.4394
1784293200000,2026-07-17T13:00:00Z,195.4,195.4,195.4,195.4,95,18563
1784293500000,2026-07-17T13:05:00Z,195.4,195.4,195.4,195.4,3,586.2
1784293800000,2026-07-17T13:10:00Z,195.4,195.4,195.4,195.4,260,50804
1784294100000,2026-07-17T13:15:00Z,195.4,195.4,195.4,195.4,132,25792.8
1784294400000,2026-07-17T13:20:00Z,195.4,195.4,195.4,195.4,1,195.4
1784294700000,2026-07-17T13:25:00Z,195.4,195.4,195.4,195.4,155,30287
1784295000000,2026-07-17T13:30:00Z,197.32,199.445,195.556,199.445,70846.57345699999,13890143.76869269
1784295300000,2026-07-17T13:35:00Z,199.43,199.66,199.221,199.66,10393.242801,2072458.34478772
1784295600000,2026-07-17T13:40:00Z,199.1,199.532,198.61,199.13,16976.41313,3382353.38976019
1784295900000,2026-07-17T13:45:00Z,199,199.06,198.14,198.36,40367.444583,8022331.25407996
1784296200000,2026-07-17T13:50:00Z,198.435,199.187,198.435,198.602,8462.061893,1682175.8533271346
1784296500000,2026-07-17T13:55:00Z,198.596,198.625,197.441,197.492,13297.50715,2636725.45975348
1784296800000,2026-07-17T14:00:00Z,197.01,197.466,196.146,196.2,16945.891507,3332833.21213923
1784297100000,2026-07-17T14:05:00Z,196.59,196.932,196.304,196.51,24265.284621000003,4767516.94285405
1784297400000,2026-07-17T14:10:00Z,196.03,196.502,195.754,196.03,12647.215076,2480531.17561508
1784297700000,2026-07-17T14:15:00Z,196.23,197.05,195.83,196.98,6700.047832,1316665.92974853
1784298000000,2026-07-17T14:20:00Z,196.99,197.605,196.99,197.28,8970.598366,1770280.30804236
1784298300000,2026-07-17T14:25:00Z,197.525,197.615,197.042,197.34,8072.223373000001,1594599.11343748
1784298600000,2026-07-17T14:30:00Z,197.31,197.49,196.482,196.84,9159.685409,1805985.86109922
1784298900000,2026-07-17T14:35:00Z,196.5,196.765,196.406,196.5,5390.613563,1059884.11067095
1784299200000,2026-07-17T14:40:00Z,195.99,196.423,195.76,195.76,6342.9309840000005,1244529.99675008
1784299500000,2026-07-17T14:45:00Z,195.8,195.82,195.63,195.63,10326.499907,2021278.11229646
1784299800000,2026-07-17T14:50:00Z,195.795,196.23,195.56,196.209,12814.507223,2509203.8734778142
1784300100000,2026-07-17T14:55:00Z,196.171,196.34,195.736,195.844,6173.733834,1210477.0156469116
1784300400000,2026-07-17T15:00:00Z,195.849,196.005,195.631,195.996,9240.967791,1809036.8053791957
1784300700000,2026-07-17T15:05:00Z,195.99,196.37,195.847,195.96,2423.961178,475724.6125383216
1784301000000,2026-07-17T15:10:00Z,195.96,196.02,195.741,195.741,500,97963.5
1784301300000,2026-07-17T15:15:00Z,195.74,195.74,195.25,195.258,5152.965543,1007958.5130671264
1784301600000,2026-07-17T15:20:00Z,195.256,195.256,194.524,194.848,8488.389774,1655049.8801545256
1784301900000,2026-07-17T15:25:00Z,194.85,195.459,194.697,195.215,5933.400055000001,1156711.0006622
1784302200000,2026-07-17T15:30:00Z,195.35,195.47,195.12,195.12,8479.561345999999,1656519.61901102
1784302500000,2026-07-17T15:35:00Z,194.575,195.279,194.575,194.575,10373.996094999999,2021349.27891973
1784302800000,2026-07-17T15:40:00Z,194.83,194.938,194.643,194.83,9901.33,1929191.969461
1784303100000,2026-07-17T15:45:00Z,194.65,194.905,194.296,194.445,9666.353553,1881901.77454865
1784303400000,2026-07-17T15:50:00Z,194.3,194.756,194.3,194.628,8512.296921000001,1655899.67373121
1784303700000,2026-07-17T15:55:00Z,194.44,194.653,194.44,194.44,8218.604265,1598944.25324343
1784304000000,2026-07-17T16:00:00Z,194.62,194.689,194.33,194.37,10444.321680000001,2032091.09221186
1784304300000,2026-07-17T16:05:00Z,194.61,194.644,194.385,194.385,8193.70856,1594278.55249916
1784304600000,2026-07-17T16:10:00Z,194.635,194.635,194.433,194.635,6312.267825,1227929.24735795
1784304900000,2026-07-17T16:15:00Z,194.63,194.884,194.43,194.51,8893.109048,1730568.78417004
1784305200000,2026-07-17T16:20:00Z,194.82,194.993,194.435,194.51,20854.669294,4062397.81792631
1784305500000,2026-07-17T16:25:00Z,194.96,195.24,194.951,195.095,20669.908354,4031328.70494153
1784305800000,2026-07-17T16:30:00Z,195.245,195.27,195.185,195.245,4502.386907,879077.08619234
1784306100000,2026-07-17T16:35:00Z,195.18,195.439,195.11,195.32,7789.03489,1521201.62963096
1784306400000,2026-07-17T16:40:00Z,194.81,195.165,194.81,194.88,9966.96546,1943499.45960379
1784306700000,2026-07-17T16:45:00Z,194.93,195.29,194.924,195.115,11585.407131,2260058.05230122
1784307000000,2026-07-17T16:50:00Z,195.43,195.6,195.29,195.455,7498.071242,1465803.19574845
1784307300000,2026-07-17T16:55:00Z,195.455,195.455,195.336,195.36,6538.000599999999,1277642.34745074
1784307600000,2026-07-17T17:00:00Z,195.48,195.605,195.444,195.46,11670.786483,2281698.27843756
1784307900000,2026-07-17T17:05:00Z,195.35,195.444,195.21,195.275,7533.982333,1471412.36517483
1784308200000,2026-07-17T17:10:00Z,195.27,195.692,195.27,195.585,5695.6896400000005,1113470.8722063
1784308500000,2026-07-17T17:15:00Z,195.63,195.69,195.584,195.637,4572.920021999999,894764.51173265
1784308800000,2026-07-17T17:20:00Z,195.59,196.017,195.59,195.995,11153.65349,2184579.11058908
1784309100000,2026-07-17T17:25:00Z,195.998,196.003,195.821,195.821,3148.262148,617018.7269101212
1784309400000,2026-07-17T17:30:00Z,195.82,196.02,195.8,195.978,3726.2054439999997,730194.0702527727412116
1784309700000,2026-07-17T17:35:00Z,195.979,195.995,195.95,195.99,4745.9103,930114.03605275
1784310000000,2026-07-17T17:40:00Z,195.99,196.445,195.99,196.445,13246.64019,2598141.870861903
1784310300000,2026-07-17T17:45:00Z,196.445,196.45,196.13,196.207,5436.003359,1067400.1145759272
1784310600000,2026-07-17T17:50:00Z,196.11,196.305,196.06,196.075,9727.279229,1907954.26618844
1784310900000,2026-07-17T17:55:00Z,196.225,196.32,196.136,196.31,7694.39494,1509773.40026046
1784311200000,2026-07-17T18:00:00Z,196.02,196.189,195.99,196.095,17056.526327,3344182.71734536
1784311500000,2026-07-17T18:05:00Z,195.94,196.375,195.927,196,8281.498732,1623461.119478
1784311800000,2026-07-17T18:10:00Z,196.465,196.564,196.367,196.39,5661.127,1112264.8323107
1784312100000,2026-07-17T18:15:00Z,196.375,196.375,196.179,196.2,6821.123242,1339293.44295049
1784312400000,2026-07-17T18:20:00Z,196.23,196.319,196.151,196.27,7271.32339,1426880.14698092
1784312700000,2026-07-17T18:25:00Z,196.125,196.164,195.964,196.07,7751.455731,1519914.74148136
1784313000000,2026-07-17T18:30:00Z,196.07,196.07,195.845,196.015,4042.541073,792231.32722367
1784313300000,2026-07-17T18:35:00Z,195.69,195.884,195.622,195.68,7343.357639,1437114.91701793
1784313600000,2026-07-17T18:40:00Z,195.65,195.655,195.486,195.49,8694.074462999999,1700487.93473731
1784313900000,2026-07-17T18:45:00Z,195.75,195.933,195.486,195.88,8003.26215,1566372.85755912
1784314200000,2026-07-17T18:50:00Z,195.79,195.827,195.626,195.78,7748.5796,1516610.113659
1784314500000,2026-07-17T18:55:00Z,195.935,196.144,195.754,196.04,9707.503351,1902824.03534895
1784314800000,2026-07-17T19:00:00Z,196.04,196.126,195.65,195.8,8379.901890000001,1641809.65206315
1784315100000,2026-07-17T19:05:00Z,195.72,195.77,195.52,195.52,8150.155897000001,1594627.71719902
1784315400000,2026-07-17T19:10:00Z,195.43,195.576,195.267,195.36,9604.406842,1876932.56313169
1784315700000,2026-07-17T19:15:00Z,195.29,195.386,195.023,195.11,10277.025674,2006797.88646968
1784316000000,2026-07-17T19:20:00Z,195.11,195.518,195.11,195.435,11365.57225,2219493.95323895
1784316300000,2026-07-17T19:25:00Z,195.435,195.487,195.4,195.42,11228.90114,2194625.84596662
1784316600000,2026-07-17T19:30:00Z,195.385,195.51,195.367,195.495,16049.7484,3136382.44825892
1784316900000,2026-07-17T19:35:00Z,195.63,195.677,195.402,195.64,15805.385177,3091394.25323164
1784317200000,2026-07-17T19:40:00Z,195.79,196.13,195.605,196.1,32229.102052000002,6312604.63997826
1784317500000,2026-07-17T19:45:00Z,196.1,196.124,195.85,195.91,25922.025,5080530.26142
1784317800000,2026-07-17T19:50:00Z,195.92,195.932,195.557,195.7,38809.488669,7595699.573156786
1784318100000,2026-07-17T19:55:00Z,195.659,195.907,195.28,195.42,84286.234793,16499880.462038522
1784318400000,2026-07-17T20:00:00Z,195.414,195.414,195.25,195.25,167486.105098,32701929.9981526568
1784318700000,2026-07-17T20:05:00Z,195.25,195.25,195.25,195.25,0,0
1784319000000,2026-07-17T20:10:00Z,195.25,195.25,195.25,195.25,0,0
1784319300000,2026-07-17T20:15:00Z,195.25,195.25,195.25,195.25,0.974932,190.355473
1784319600000,2026-07-17T20:20:00Z,195.25,195.25,194.812,194.812,11,2147.6774
1784319900000,2026-07-17T20:25:00Z,194.811,194.811,194.811,194.811,0,0
1784320200000,2026-07-17T20:30:00Z,194.81,194.81,194.81,194.81,12153,2367525.93
1784320500000,2026-07-17T20:35:00Z,194.81,194.81,194.81,194.81,1600,311696
1784321400000,2026-07-17T20:50:00Z,194.81,194.81,194.81,194.81,2,389.62
1784321700000,2026-07-17T20:55:00Z,195.008,195.999,195.008,195.999,23,4487.9279
1784322000000,2026-07-17T21:00:00Z,195.999,195.999,195.999,195.999,27,5291.973
1784322300000,2026-07-17T21:05:00Z,195.999,195.999,195.999,195.999,15,2939.985
1784322900000,2026-07-17T21:15:00Z,196,196,196,196,23,4508
1784324100000,2026-07-17T21:35:00Z,196,196,196,196,5,980
1784324700000,2026-07-17T21:45:00Z,196,196,196,196,1,196
1784325600000,2026-07-17T22:00:00Z,196,196,196,196,0,0
1784326500000,2026-07-17T22:15:00Z,196.267,197.599,196.267,197.599,40,7853.344
1784328000000,2026-07-17T22:40:00Z,197.599,197.599,197.599,197.599,40,7903.96
1784328300000,2026-07-17T22:45:00Z,197.6,197.6,197.6,197.6,11,2173.6
1784328600000,2026-07-17T22:50:00Z,197.6,197.6,197.342,197.342,19,3754.4
1784328900000,2026-07-17T22:55:00Z,197.341,197.341,197.341,197.341,0,0
1784331900000,2026-07-17T23:45:00Z,197.34,197.34,197.34,197.34,10,1973.4
1784332500000,2026-07-17T23:55:00Z,197.077,197.077,195.761,195.761,0,0
1784508600000,2026-07-20T00:50:00Z,195.38,195.38,195,195,3,585.66
1784530800000,2026-07-20T07:00:00Z,195.53,195.53,195.53,195.53,1,195.53
1784534400000,2026-07-20T08:00:00Z,195.76,195.76,195.715,195.715,0,0
1784535300000,2026-07-20T08:15:00Z,195.715,195.715,195.715,195.715,105,20550.075
1784537400000,2026-07-20T08:50:00Z,195.715,195.715,195.715,195.715,32,6262.88
1784538000000,2026-07-20T09:00:00Z,195.713,195.713,195.711,195.711,0,0
1784538300000,2026-07-20T09:05:00Z,195.71,195.71,195.026,195.026,0,0
1784539500000,2026-07-20T09:25:00Z,195.025,195.025,195.025,195.025,8,1560.2
1784539800000,2026-07-20T09:30:00Z,195.025,195.025,195.025,195.025,24,4680.6
1784542200000,2026-07-20T10:10:00Z,195.025,195.025,195.025,195.025,0.009961,1.94264403
1784542500000,2026-07-20T10:15:00Z,195.157,196.634,195.157,196.634,0,0
1784543100000,2026-07-20T10:25:00Z,197.011,198.888,197.011,198.888,0,0
1784543400000,2026-07-20T10:30:00Z,198.889,198.889,198.889,198.889,0,0
1784545200000,2026-07-20T11:00:00Z,198.377,198.377,194.82,194.82,78,15333.8562
1784545500000,2026-07-20T11:05:00Z,194.82,194.82,194.786,194.786,40,7792.736
1784545800000,2026-07-20T11:10:00Z,194.785,194.785,193.217,193.217,14,2723.336
1784546100000,2026-07-20T11:15:00Z,193.216,193.216,193.215,193.215,5,966.075
1784546700000,2026-07-20T11:25:00Z,193.215,193.215,193.215,193.215,9,1738.935
1784547000000,2026-07-20T11:30:00Z,193.215,193.215,193.215,193.215,1,193.215
1784547300000,2026-07-20T11:35:00Z,193.358,194.075,193.358,194.075,0,0
1784547600000,2026-07-20T11:40:00Z,194.075,194.075,193.789,193.789,8,1552.6
1784547900000,2026-07-20T11:45:00Z,193.788,193.788,193.785,193.785,0,0
1784548200000,2026-07-20T11:50:00Z,193.785,193.785,193.785,193.785,125,24223.125
1784548500000,2026-07-20T11:55:00Z,193.785,193.785,193.785,193.785,12,2325.42
1784548800000,2026-07-20T12:00:00Z,193.785,193.785,193.785,193.785,79,15309.015
1784549100000,2026-07-20T12:05:00Z,193.785,193.785,193.589,193.589,134,25966.5468
1784549400000,2026-07-20T12:10:00Z,193.515,194,193.145,194,134,25881.7248
1784549700000,2026-07-20T12:15:00Z,194,194,194,194,37,7178
1784550300000,2026-07-20T12:25:00Z,194,194,194,194,66,12804
1784550600000,2026-07-20T12:30:00Z,193.768,194.109,192.605,194.109,17,3274.285
1784550900000,2026-07-20T12:35:00Z,194.11,194.11,194.11,194.11,0,0
1784551200000,2026-07-20T12:40:00Z,194.11,194.11,194.11,194.11,25,4852.75
1784551500000,2026-07-20T12:45:00Z,194.11,194.11,194.11,194.11,25,4852.75
1784551800000,2026-07-20T12:50:00Z,194.11,194.11,194.11,194.11,17,3299.87
1784552100000,2026-07-20T12:55:00Z,193.979,193.979,193.326,193.326,27,5237.433
1784552400000,2026-07-20T13:00:00Z,193.325,193.338,193.325,193.338,6,1159.95
1784552700000,2026-07-20T13:05:00Z,193.339,193.339,193.339,193.339,0,0
1784553300000,2026-07-20T13:15:00Z,193.337,193.337,193.325,193.325,97,18753.2137
1784553600000,2026-07-20T13:20:00Z,193.325,197.097,193.325,196.763,291.042532,56270.16313688
1784553900000,2026-07-20T13:25:00Z,196.637,196.637,193.248,193.248,83,16218.1751
1784554200000,2026-07-20T13:30:00Z,192.735,193.799,191.936,192.02,33159.237873,6405937.00289504
1784554500000,2026-07-20T13:35:00Z,192.01,194.81,191.651,194.2,54275.961535,10515310.80827168
1784554800000,2026-07-20T13:40:00Z,194.118,195.335,194.107,195.325,26300.524928,5122658.345500556
1784555100000,2026-07-20T13:45:00Z,195.324,195.325,194.199,194.199,5967.807812,1162330.4311921644
1784555400000,2026-07-20T13:50:00Z,194.32,194.942,194.166,194.79,16405.848616,3191651.2102268
1784555700000,2026-07-20T13:55:00Z,195.14,195.805,194.82,195.55,14150.421160000002,2765227.19165526
1784556000000,2026-07-20T14:00:00Z,195.034,195.276,194.202,195.276,5978.892331999999,1163945.04995673
1784556300000,2026-07-20T14:05:00Z,195,195.278,194.518,194.94,7700.4521939999995,1500581.72872824
1784556600000,2026-07-20T14:10:00Z,195.02,195.02,194.333,195.02,7610.3412960000005,1482078.19879191
1784556900000,2026-07-20T14:15:00Z,195.07,195.07,194.477,194.66,13231.032477,2576660.21939114
1784557200000,2026-07-20T14:20:00Z,194.35,195.172,194.35,194.69,24697.29259,4813344.26311842
1784557500000,2026-07-20T14:25:00Z,194.48,194.884,194.48,194.72,5343.649453,1040398.92993008
1784557800000,2026-07-20T14:30:00Z,194.891,195.17,194.881,194.895,7291.947607,1421754.77662243
1784558100000,2026-07-20T14:35:00Z,195.03,195.03,194.813,194.895,6135.428371,1195761.24465186
1784558400000,2026-07-20T14:40:00Z,195.2,195.337,194.826,194.95,6791.8355280000005,1325090.50743056
1784558700000,2026-07-20T14:45:00Z,195.18,195.339,194.885,195.18,3887.7161650000007,758668.37101893
1784559000000,2026-07-20T14:50:00Z,195.2,195.702,195.2,195.65,7072.976828,1381980.4902702648
1784559300000,2026-07-20T14:55:00Z,195.644,195.658,195.36,195.545,6239.631042,1220233.7564810106
1784559600000,2026-07-20T15:00:00Z,195.546,196.61,195.546,196.594,11235.593313,2205151.47445728
1784559900000,2026-07-20T15:05:00Z,196.64,197.132,196.594,197.01,11101.361679999998,2185268.63248679
1784560200000,2026-07-20T15:10:00Z,197.045,197.094,196.9,196.9,15874.759868000001,3127616.6146256
1784560500000,2026-07-20T15:15:00Z,197.27,197.27,196.746,197.27,7072.506487,1393249.12265721
1784560800000,2026-07-20T15:20:00Z,197.56,197.872,197.128,197.765,8789.713073,1736402.54374331
1784561100000,2026-07-20T15:25:00Z,197.845,197.875,197.56,197.66,11689.672473,2311610.52115805
1784561400000,2026-07-20T15:30:00Z,197.88,198.034,197.712,197.94,17797.330367000002,3522333.72332229
1784561700000,2026-07-20T15:35:00Z,197.38,197.764,197.287,197.34,8702.098512,1718995.13586346
1784562000000,2026-07-20T15:40:00Z,197.61,197.745,197.55,197.6,6211.08509,1227312.89821804
1784562300000,2026-07-20T15:45:00Z,197.895,197.895,197.546,197.785,7227.202608,1428991.40846419
1784562600000,2026-07-20T15:50:00Z,197.705,198.535,197.705,198.4,39643.150763000005,7851766.04758562
1784562900000,2026-07-20T15:55:00Z,198.64,198.722,198.377,198.43,28195.527472,5598605.43873922
1784563200000,2026-07-20T16:00:00Z,198.382,198.809,198.351,198.809,2412.228757,478546.9470274069
1784563500000,2026-07-20T16:05:00Z,198.809,199.289,198.809,199.289,7602.2971380000004,1512803.4813838448795579
1784563800000,2026-07-20T16:10:00Z,199.6,199.6,199.297,199.34,16979.051198999998,3386427.61610743
1784564100000,2026-07-20T16:15:00Z,199.5,199.609,199.062,199.32,16773.280372,3346061.44553739
1784564400000,2026-07-20T16:20:00Z,199.2,199.259,198.86,198.87,17724.438279,3528403.92820053
1784564700000,2026-07-20T16:25:00Z,198.97,199.207,198.97,199.179,3661.9423079999997,729128.23436319
1784565000000,2026-07-20T16:30:00Z,199.145,199.211,199.054,199.145,5180.265134,1031693.83368974
1784565300000,2026-07-20T16:35:00Z,199.265,199.458,199.161,199.225,4688.413812,934282.72470354
1784565600000,2026-07-20T16:40:00Z,199.4,199.563,199.016,199.21,7731.319340999999,1541230.77930901
1784565900000,2026-07-20T16:45:00Z,199.14,199.21,198.993,199.16,4699.536685,935699.84180592
1784566200000,2026-07-20T16:50:00Z,199.047,199.068,198.961,198.999,7368.21602,1466491.61353099
1784566500000,2026-07-20T16:55:00Z,199.075,199.259,199,199.2,8851.831488,1762755.49288662
1784566800000,2026-07-20T17:00:00Z,199.24,199.328,198.914,199.305,18931.423287999998,3770685.16481069
1784567100000,2026-07-20T17:05:00Z,199.36,199.36,199.099,199.15,15246.888583000002,3037639.13707995
1784567400000,2026-07-20T17:10:00Z,199.135,199.424,199.135,199.339,10199.134882,2032752.1623666518
1784567700000,2026-07-20T17:15:00Z,199.285,199.345,199.15,199.2,5062.276277,1008543.63452076
1784568000000,2026-07-20T17:20:00Z,199.22,199.592,199.145,199.22,6680.783582,1331877.67451573
1784568300000,2026-07-20T17:25:00Z,199.425,199.426,199.23,199.23,5226.7760339999995,1041875.74199417
1784568600000,2026-07-20T17:30:00Z,199.6,199.67,199.411,199.47,8893.443481,1774957.89665972
1784568900000,2026-07-20T17:35:00Z,199.44,199.585,199.26,199.44,5378.810996,1072838.81542367
1784569200000,2026-07-20T17:40:00Z,199.343,199.39,199.121,199.155,5435.668385,1083406.43918841
1784569500000,2026-07-20T17:45:00Z,199.295,199.305,198.86,199.05,4891.103615,974009.97189785
1784569800000,2026-07-20T17:50:00Z,199.38,199.38,198.9,199.38,7361.936696,1466261.47167526
1784570100000,2026-07-20T17:55:00Z,199.3,199.484,199.24,199.32,3565.5799850000003,710857.2020795
1784570400000,2026-07-20T18:00:00Z,199.285,199.445,199.181,199.181,6461.905849,1288133.11289487
1784570700000,2026-07-20T18:05:00Z,199.181,199.341,199.18,199.341,5301.7860789999995,1056388.82891987
1784571000000,2026-07-20T18:10:00Z,199.41,199.73,199.343,199.58,6726.837745,1342394.95940048
1784571300000,2026-07-20T18:15:00Z,199.712,199.825,199.64,199.755,3444.63877,687884.980422289
1784571600000,2026-07-20T18:20:00Z,199.755,199.755,199.413,199.413,4633.4855939999998,925344.7733764769600559
1784571900000,2026-07-20T18:25:00Z,199.38,199.41,199.314,199.4,5510.457251,1098479.34547197
1784572200000,2026-07-20T18:30:00Z,199.36,199.375,199.22,199.22,7838.441934,1562239.88581168
1784572500000,2026-07-20T18:35:00Z,199.26,199.335,199.022,199.26,10592.72081,2110404.7153296
1784572800000,2026-07-20T18:40:00Z,198.83,199.013,198.492,198.83,6513.398278000001,1294683.1565341
1784573100000,2026-07-20T18:45:00Z,198.483,198.483,198.345,198.39,3367.62351,668026.04633287
1784573400000,2026-07-20T18:50:00Z,198.34,198.39,198.19,198.36,6653.712037,1319556.8520946
1784573700000,2026-07-20T18:55:00Z,198.36,198.36,198.17,198.17,6089.514520000001,1207423.45846253
1784574000000,2026-07-20T19:00:00Z,197.9,198.221,197.685,197.9,5178.131391,1025231.69724571
1784574300000,2026-07-20T19:05:00Z,197.85,197.905,197.775,197.88,5568.7302500000005,1101669.70157985
1784574600000,2026-07-20T19:10:00Z,197.75,197.84,197.6,197.64,6778.454536,1340296.35910329
1784574900000,2026-07-20T19:15:00Z,197.4,197.654,197.353,197.4,9437.360113,1863957.89614245
1784575200000,2026-07-20T19:20:00Z,197.47,197.767,197.384,197.71,12006.160919999998,2372128.04931383
1784575500000,2026-07-20T19:25:00Z,197.741,197.741,197.411,197.563,4531.85532,895350.683157088
1784575800000,2026-07-20T19:30:00Z,197.57,197.614,197.485,197.575,11502.075589,2272440.91975999
1784576100000,2026-07-20T19:35:00Z,197.63,197.63,197.481,197.52,9297.307237,1836570.54725178
1784576400000,2026-07-20T19:40:00Z,197.72,197.726,197.56,197.63,16342.958203999999,3230535.42832617
1784576700000,2026-07-20T19:45:00Z,197.76,197.805,197.501,197.65,14998.914749999998,2965523.92881952
1784577000000,2026-07-20T19:50:00Z,197.48,197.567,196.954,197.14,38896.104656999996,7674438.71506451
1784577300000,2026-07-20T19:55:00Z,197.11,197.81,197.104,197.41,143739.419573,28407393.97751548
1784577600000,2026-07-20T20:00:00Z,197.438,197.438,197.405,197.405,215762.888661,42593298.74850182
1784577900000,2026-07-20T20:05:00Z,197.405,197.405,197.405,197.405,12.89369,2545.27887445
1784578200000,2026-07-20T20:10:00Z,197.405,197.734,197.405,197.734,102.454388,20225.56171684
1784578500000,2026-07-20T20:15:00Z,197.779,197.779,197.735,197.735,891.774823,176335.09462591
1784578800000,2026-07-20T20:20:00Z,197.735,197.735,197.735,197.735,16,3163.76
1784579400000,2026-07-20T20:30:00Z,197.735,197.735,197.735,197.735,0,0
1784580000000,2026-07-20T20:40:00Z,197.735,197.735,197.735,197.735,1182,233722.77
1784580300000,2026-07-20T20:45:00Z,197.555,197.999,196.657,197.999,71,13999.496
1784581200000,2026-07-20T21:00:00Z,197.776,197.776,196.656,196.656,2,395.552
1784581800000,2026-07-20T21:10:00Z,196.497,196.497,195.706,195.706,2,391.412
1784582700000,2026-07-20T21:25:00Z,195.705,195.705,195.705,195.705,14,2739.87
1784583600000,2026-07-20T21:40:00Z,195.705,195.705,195.705,195.705,0,0
1784585400000,2026-07-20T22:10:00Z,195.705,195.705,195.705,195.705,15,2935.575
1784586000000,2026-07-20T22:20:00Z,195.705,195.705,195.705,195.705,1,195.705
1784586300000,2026-07-20T22:25:00Z,195.705,195.705,195.705,195.705,30,5871.15
1784587200000,2026-07-20T22:40:00Z,195.705,195.705,195.705,195.705,0,0
1784587800000,2026-07-20T22:50:00Z,195.705,195.705,195.705,195.705,32,6262.56
1784588100000,2026-07-20T22:55:00Z,195.705,195.705,195.705,195.705,16,3131.28
1784589300000,2026-07-20T23:15:00Z,196.087,197.733,196.087,197.733,0,0
1784589600000,2026-07-20T23:20:00Z,197.734,197.734,197.734,197.734,0,0
1784589900000,2026-07-20T23:25:00Z,197.735,197.735,197.735,197.735,4,790.94
1784590200000,2026-07-20T23:30:00Z,197.735,197.949,197.735,197.736,16,3164.8288
1784590500000,2026-07-20T23:35:00Z,197.735,197.735,197.735,197.735,4.596553,908.89940746
1784590800000,2026-07-20T23:40:00Z,197.735,197.735,197.735,197.735,2,395.47
1784591100000,2026-07-20T23:45:00Z,197.493,197.493,196.285,196.285,100,19749.3
1784591400000,2026-07-20T23:50:00Z,196.285,196.285,196.285,196.285,0,0
1784605500000,2026-07-21T03:45:00Z,196.51,196.51,196.51,196.51,5,982.55
1784606700000,2026-07-21T04:05:00Z,197.21,197.21,197.21,197.21,5,986.05
1784611800000,2026-07-21T05:30:00Z,197.2,197.2,196.89,196.89,125,24648.25
1784612100000,2026-07-21T05:35:00Z,197.21,197.21,197.21,197.21,96,18932.16
1784615400000,2026-07-21T06:30:00Z,196.43,196.43,196.43,196.43,76,14928.68
1784618100000,2026-07-21T07:15:00Z,196.1,196.1,196.1,196.1,7,1372.7
1784620500000,2026-07-21T07:55:00Z,195.44,195.44,195.44,195.44,50,9772
1784620800000,2026-07-21T08:00:00Z,196.132,196.132,195.365,195.365,398,77758.9316
1784621400000,2026-07-21T08:10:00Z,195.365,195.365,195.365,195.365,80,15629.2
1784622000000,2026-07-21T08:20:00Z,195.365,195.365,195.365,195.365,1,195.365
1784622300000,2026-07-21T08:25:00Z,195.365,195.365,195.365,195.365,1,195.365
1784622900000,2026-07-21T08:35:00Z,195.365,195.365,195.365,195.365,11,2149.015
1784623500000,2026-07-21T08:45:00Z,195.365,195.365,195.365,195.365,1.008911,197.10589752
1784623800000,2026-07-21T08:50:00Z,195.365,195.365,195.365,195.365,2,390.73
1784625000000,2026-07-21T09:10:00Z,195.365,195.365,195.365,195.365,2,390.73
1784625300000,2026-07-21T09:15:00Z,195.365,195.365,195.365,195.365,0.006255,1.22200808
1784625600000,2026-07-21T09:20:00Z,195.365,195.365,195.365,195.365,1,195.365
1784626200000,2026-07-21T09:30:00Z,195.365,195.365,195.365,195.365,0,0
1784626800000,2026-07-21T09:40:00Z,195.365,195.365,195.365,195.365,0,0
1784627100000,2026-07-21T09:45:00Z,195.365,195.365,195.365,195.365,60,11721.9
1784627700000,2026-07-21T09:55:00Z,195.365,195.365,195.365,195.365,20,3907.3
1784628300000,2026-07-21T10:05:00Z,195.365,195.365,195.365,195.365,80,15629.2
1784628600000,2026-07-21T10:10:00Z,195.365,195.365,195.365,195.365,20,3907.3
1784628900000,2026-07-21T10:15:00Z,195.365,195.365,195.365,195.365,50,9768.25
1784629500000,2026-07-21T10:25:00Z,195.365,195.365,195.365,195.365,51,9963.615
1784630100000,2026-07-21T10:35:00Z,195.365,195.365,195.365,195.365,1,195.365
1784630400000,2026-07-21T10:40:00Z,195.365,195.365,195.365,195.365,10,1953.65
1784630700000,2026-07-21T10:45:00Z,195.365,195.365,195.365,195.365,0,0
1784631300000,2026-07-21T10:55:00Z,195.365,195.365,195.365,195.365,3,586.095
1784631600000,2026-07-21T11:00:00Z,195.365,195.365,195.365,195.365,16,3125.84
1784632500000,2026-07-21T11:15:00Z,195.178,195.178,194.241,194.241,5,975.89
1784632800000,2026-07-21T11:20:00Z,194.24,194.498,194.24,194.498,389,75598.4156
1784633100000,2026-07-21T11:25:00Z,194.499,194.5,194.499,194.5,63,12253.4874
1784633400000,2026-07-21T11:30:00Z,194.5,194.5,194.5,194.5,43,8363.5
1784633700000,2026-07-21T11:35:00Z,194.5,194.5,194.5,194.5,1.2,233.4
1784634300000,2026-07-21T11:45:00Z,194.667,195.499,194.667,195.499,256,49870.208
1784634600000,2026-07-21T11:50:00Z,195.499,195.499,195.499,195.499,0,0
1784634900000,2026-07-21T11:55:00Z,195.5,195.5,195.5,195.5,0,0
1784635200000,2026-07-21T12:00:00Z,195.5,195.5,195.106,195.106,0,0
1784635500000,2026-07-21T12:05:00Z,195.105,195.105,195.105,195.105,120,23412.6
1784635800000,2026-07-21T12:10:00Z,195.105,195.105,195.105,195.105,728.5,142133.9925
1784636100000,2026-07-21T12:15:00Z,195.105,195.499,195.105,195.499,74,14466.5264
1784636700000,2026-07-21T12:25:00Z,195.333,195.333,194.501,194.501,0,0
1784637000000,2026-07-21T12:30:00Z,194.501,194.501,194.5,194.5,8,1556.0064
1784637300000,2026-07-21T12:35:00Z,194.5,194.5,194.5,194.5,1,194.5
1784637900000,2026-07-21T12:45:00Z,194.5,194.5,194.5,194.5,460,89470
1784638200000,2026-07-21T12:50:00Z,194.5,194.5,194.5,194.5,684,133038
1784638500000,2026-07-21T12:55:00Z,194.5,194.5,194.5,194.5,1813,352628.5
1784638800000,2026-07-21T13:00:00Z,194.7,195.699,194.7,195.294,757,147856.0288
1784639100000,2026-07-21T13:05:00Z,195.294,195.295,194.658,194.658,8748,1708257.0928
1784639400000,2026-07-21T13:10:00Z,194.637,195.17,194.559,194.7,1012,197137.5704
1784639700000,2026-07-21T13:15:00Z,194.7,194.7,194.7,194.7,125,24337.5
1784640000000,2026-07-21T13:20:00Z,194.817,195.667,194.817,195.667,1,194.817
1784640300000,2026-07-21T13:25:00Z,195.672,195.94,195.672,195.94,24,4696.8
1784640600000,2026-07-21T13:30:00Z,194.89,196.549,194.33,194.89,52014.465144,10185878.2773262
1784640900000,2026-07-21T13:35:00Z,196.064,196.824,195.373,196.304,8542.054009,1676040.68813289
1784641200000,2026-07-21T13:40:00Z,196.321,196.4,194.515,194.863,9109.101276000001,1783634.90265101
1784641500000,2026-07-21T13:45:00Z,195.39,195.402,194.333,195.39,9908.935327,1929639.3114546
1784641800000,2026-07-21T13:50:00Z,194.905,196.23,194.905,195.625,6919.829124000001,1351438.47601973
1784642100000,2026-07-21T13:55:00Z,196.247,196.282,195.485,195.535,5003.666699,980739.18803747
1784642400000,2026-07-21T14:00:00Z,195.375,195.621,195.286,195.565,13238.183722,2587056.16805138
1784642700000,2026-07-21T14:05:00Z,195.73,196.058,195.586,195.71,8563.829142,1676591.35772128
1784643000000,2026-07-21T14:10:00Z,195.555,195.972,195.31,195.555,5165.408697999999,1010828.64238815
1784643300000,2026-07-21T14:15:00Z,195.542,195.545,194.87,195.052,5323.174894,1039251.9516354504
1784643600000,2026-07-21T14:20:00Z,195.053,195.142,194.709,195.061,2514.060153,490347.320361426
1784643900000,2026-07-21T14:25:00Z,195.41,195.41,195.061,195.295,5957.045905999999,1163077.47087106
1784644200000,2026-07-21T14:30:00Z,195.23,195.584,195.216,195.53,4192.384183,819317.22164527
1784644500000,2026-07-21T14:35:00Z,195.34,195.395,194.814,195.06,5236.999344,1021831.26690279
1784644800000,2026-07-21T14:40:00Z,194.74,194.897,194.33,194.65,14129.833747,2748700.57952128
1784645100000,2026-07-21T14:45:00Z,194.665,194.997,194.528,194.665,6088.9967449999995,1185989.21220477
1784645400000,2026-07-21T14:50:00Z,194.745,194.745,194.329,194.745,4053.599634,789005.19892063
1784645700000,2026-07-21T14:55:00Z,194.265,194.44,194,194.03,18831.221485,3656253.01542826
1784646000000,2026-07-21T15:00:00Z,193.9,194.1,193.345,193.54,11787.687482,2284706.09052371
1784646300000,2026-07-21T15:05:00Z,193,193.341,193,193.11,5744.522135000001,1109907.73848655
1784646600000,2026-07-21T15:10:00Z,193.29,193.455,193.002,193.29,8025.392232,1550687.15308684
1784646900000,2026-07-21T15:15:00Z,192.72,192.992,192.362,192.83,13918.862893000001,2680529.41309117
1784647200000,2026-07-21T15:20:00Z,192.64,192.915,192.235,192.64,3723.012276,717036.15540481
1784647500000,2026-07-21T15:25:00Z,192.235,192.245,192.099,192.099,3982.39701,765393.59118344
1784647800000,2026-07-21T15:30:00Z,192.097,192.415,192.01,192.415,3457.712816,664258.0971402256
1784648100000,2026-07-21T15:35:00Z,192.12,192.415,191.572,192.12,10615.438414,2037395.61774683
1784648400000,2026-07-21T15:40:00Z,191.82,192.108,191.44,191.82,9221.381806000001,1766994.72669846
1784648700000,2026-07-21T15:45:00Z,192.112,192.373,191.826,191.929,4663.518443,896284.87402308
1784649000000,2026-07-21T15:50:00Z,191.945,191.965,191.716,191.725,5103.364901,979175.47884401
1784649300000,2026-07-21T15:55:00Z,191.93,192.119,191.716,191.9,6454.564982,1238825.94790826
1784649600000,2026-07-21T16:00:00Z,192.101,192.115,191.807,191.908,8112.551906000001,1557537.76424004
1784649900000,2026-07-21T16:05:00Z,191.74,191.912,191.033,191.34,10191.166702,1951705.23951667
1784650200000,2026-07-21T16:10:00Z,190.75,191.212,190.573,190.63,12201.092174999998,2327186.29698158
1784650500000,2026-07-21T16:15:00Z,190.37,190.919,190.245,190.365,12828.039264,2442461.24147345
1784650800000,2026-07-21T16:20:00Z,190.63,190.777,190.49,190.5,5604.353808000001,1068717.20549813
1784651100000,2026-07-21T16:25:00Z,190.3,190.5,190.24,190.24,9390.708332,1787603.96922952
1784651400000,2026-07-21T16:30:00Z,190.285,190.581,190.285,190.51,12474.453883999999,2374711.88808154
1784651700000,2026-07-21T16:35:00Z,190.429,190.429,190.23,190.23,4908.41341,934463.864329714
1784652000000,2026-07-21T16:40:00Z,190.23,190.435,190.09,190.177,2454,467069.967
1784652300000,2026-07-21T16:45:00Z,190.09,190.176,189.852,189.91,11093.834702,2108406.58216797
1784652600000,2026-07-21T16:50:00Z,189.988,189.995,189.78,189.78,11911.344113000001,2262185.7980592
1784652900000,2026-07-21T16:55:00Z,189.782,189.825,189.691,189.775,7384.676694,1401370.15759331
1784653200000,2026-07-21T17:00:00Z,189.72,190.014,189.709,189.8,9030.805154,1714182.28030651
1784653500000,2026-07-21T17:05:00Z,189.995,189.995,189.741,189.91,4849.408842,920784.89846094
1784653800000,2026-07-21T17:10:00Z,189.73,189.91,189.48,189.73,6261.49199,1187290.33586142
1784654100000,2026-07-21T17:15:00Z,189.2,189.582,189.187,189.2,10383.258383,1966517.49325736
1784654400000,2026-07-21T17:20:00Z,189.59,189.842,189.587,189.59,9852.671599,1869133.57950457
1784654700000,2026-07-21T17:25:00Z,189.837,190.068,189.831,189.98,6757.229060000001,1283775.54157863
1784655000000,2026-07-21T17:30:00Z,189.64,189.989,189.524,189.64,7936.2281299999995,1506714.33829645
1784655300000,2026-07-21T17:35:00Z,189.81,189.92,189.481,189.8,8673.313811,1644397.85070616
1784655600000,2026-07-21T17:40:00Z,189.92,189.92,189.637,189.7,5727.339016,1086974.48982959
1784655900000,2026-07-21T17:45:00Z,189.7,189.905,189.655,189.73,3415.0102,648179.52249162
1784656200000,2026-07-21T17:50:00Z,189.73,190.103,189.73,190.103,6693.596417,1270449.0040410757
1784656500000,2026-07-21T17:55:00Z,190.116,190.205,190.053,190.157,4574.398349,869759.17680497
1784656800000,2026-07-21T18:00:00Z,190.18,190.339,190.056,190.31,10548.002166999999,2005574.98122883
1784657100000,2026-07-21T18:05:00Z,190.346,190.555,190.22,190.22,6048.4078119999995,1151705.15415886
1784657400000,2026-07-21T18:10:00Z,190.215,190.299,190.19,190.215,5614.143687,1067860.65656058
1784657700000,2026-07-21T18:15:00Z,190.19,190.267,189.96,190.12,10798.755641,2053430.89966097
1784658000000,2026-07-21T18:20:00Z,190.445,190.487,190.112,190.445,13170.036469,2506016.92838332
1784658300000,2026-07-21T18:25:00Z,190.22,190.396,189.967,190.2,7441.323548,1415510.14513885
1784658600000,2026-07-21T18:30:00Z,190.23,190.3,190.09,190.09,7633.098422,1451795.4738085
1784658900000,2026-07-21T18:35:00Z,190.095,190.095,189.947,189.947,6572.233838,1249070.78594326
1784659200000,2026-07-21T18:40:00Z,189.97,189.986,189.896,189.97,7359.764405,1397907.02729774
1784659500000,2026-07-21T18:45:00Z,189.986,190.011,189.684,189.791,8087.809640000001,1535931.66530348
1784659800000,2026-07-21T18:50:00Z,189.45,189.781,189.208,189.24,13146.812915000002,2491753.5775374
1784660100000,2026-07-21T18:55:00Z,189.208,189.35,189.195,189.345,4638.292305,877775.3685535795
1784660400000,2026-07-21T19:00:00Z,189.26,189.44,189.2,189.42,23019.458042,4357758.35523172
1784660700000,2026-07-21T19:05:00Z,189.485,189.69,189.367,189.475,14960.074738000001,2835756.96696159
1784661000000,2026-07-21T19:10:00Z,189.53,189.778,189.488,189.53,11599.380186000002,2199721.53766728
1784661300000,2026-07-21T19:15:00Z,189.54,190.075,189.527,189.58,14679.511553,2785057.11783253
1784661600000,2026-07-21T19:20:00Z,189.673,189.741,189.549,189.595,9013.057586,1709229.93146873
1784661900000,2026-07-21T19:25:00Z,189.596,189.722,189.552,189.564,10117.292494000001,1918341.85324584
1784662200000,2026-07-21T19:30:00Z,189.41,189.58,189.3,189.56,16346.495743000001,3096653.99916073
1784662500000,2026-07-21T19:35:00Z,189.44,189.569,189.316,189.44,13908.36707,2635369.90995396
1784662800000,2026-07-21T19:40:00Z,189.05,189.368,189.05,189.26,19123.941855999998,3618003.10030526
1784663100000,2026-07-21T19:45:00Z,189.125,189.285,188.962,188.99,19637.856684,3714602.70863336
1784663400000,2026-07-21T19:50:00Z,188.73,189.161,188.606,189.08,32666.428023,6169874.85948693
1784663700000,2026-07-21T19:55:00Z,189.01,189.73,188.947,189.215,138279.264368,26165893.8000348
1784664000000,2026-07-21T20:00:00Z,189.173,192.82,189.173,189.609,220487.871786,42356050.901898279
1784664300000,2026-07-21T20:05:00Z,189.749,190.45,189.749,190.45,0,0
1784664600000,2026-07-21T20:10:00Z,190.45,190.45,190.45,190.45,1443.0459660000001,274828.1042247
1784664900000,2026-07-21T20:15:00Z,190.45,190.45,190.45,190.45,17484.813509,3329982.73278905
1784665200000,2026-07-21T20:20:00Z,190.45,190.45,190.45,190.45,1223,232920.35
1784665500000,2026-07-21T20:25:00Z,190.45,190.45,190.45,190.45,14,2666.3
1784666400000,2026-07-21T20:40:00Z,190.45,190.45,190.45,190.45,6,1142.7
1784667000000,2026-07-21T20:50:00Z,190.45,190.45,190.45,190.45,67,12760.15
1784667900000,2026-07-21T21:05:00Z,190.45,190.94,190.45,190.94,37,7051.7153
1784668200000,2026-07-21T21:10:00Z,190.94,190.94,190.94,190.94,22,4200.68
1784668500000,2026-07-21T21:15:00Z,190.94,190.94,190.94,190.94,0,0
1784669400000,2026-07-21T21:30:00Z,190.94,190.94,190.94,190.94,184,35132.96
1784669700000,2026-07-21T21:35:00Z,190.94,190.94,190.94,190.94,32,6110.08
1784670300000,2026-07-21T21:45:00Z,190.94,190.94,190.94,190.94,272,51935.68
1784670600000,2026-07-21T21:50:00Z,190.94,190.94,190.94,190.94,130,24822.2
1784670900000,2026-07-21T21:55:00Z,190.94,190.94,190.94,190.94,162,30932.28
1784671200000,2026-07-21T22:00:00Z,190.94,190.94,188.632,188.632,233,44403.1595
1784671500000,2026-07-21T22:05:00Z,188.631,188.631,188.631,188.631,61,11506.491
1784671800000,2026-07-21T22:10:00Z,188.63,188.63,188.63,188.63,0,0
1784672400000,2026-07-21T22:20:00Z,188.63,188.63,188.63,188.63,100,18863
1784672700000,2026-07-21T22:25:00Z,188.63,188.63,188.63,188.63,18,3395.34
1784673000000,2026-07-21T22:30:00Z,188.63,188.63,188.63,188.63,1,188.63
1784673300000,2026-07-21T22:35:00Z,188.63,188.63,188.63,188.63,12,2263.56
1784673600000,2026-07-21T22:40:00Z,188.63,188.63,188.63,188.63,22,4149.86
1784673900000,2026-07-21T22:45:00Z,188.63,188.63,188.63,188.63,60,11317.8
1784674200000,2026-07-21T22:50:00Z,188.63,188.63,188.63,188.63,2,377.26
1784674500000,2026-07-21T22:55:00Z,188.63,188.63,188.63,188.63,5,943.15
1784674800000,2026-07-21T23:00:00Z,188.63,188.63,188.63,188.63,1,188.63
1784675100000,2026-07-21T23:05:00Z,188.63,188.63,188.63,188.63,1,188.63
1784675400000,2026-07-21T23:10:00Z,188.63,188.63,188.63,188.63,3,565.89
1784676000000,2026-07-21T23:20:00Z,188.63,188.63,188.63,188.63,0,0
1784676300000,2026-07-21T23:25:00Z,188.63,188.63,188.63,188.63,0,0
1784676900000,2026-07-21T23:35:00Z,188.63,188.63,188.63,188.63,0.887916,167.48759508
1784677200000,2026-07-21T23:40:00Z,188.63,188.63,188.63,188.63,3,565.89
1784677500000,2026-07-21T23:45:00Z,188.593,188.628,188.412,188.628,100,18844.7
1784678100000,2026-07-21T23:55:00Z,188.629,188.629,188.629,188.629,0,0
1784681700000,2026-07-22T00:55:00Z,189.23,189.23,189.23,189.23,5,946.15
1784684100000,2026-07-22T01:35:00Z,188.15,188.15,188.15,188.15,15,2822.25
1784687100000,2026-07-22T02:25:00Z,188.61,188.61,188.61,188.61,50,9430.5
1784691000000,2026-07-22T03:30:00Z,188.67,188.67,188.67,188.67,3,566.01
1784704200000,2026-07-22T07:10:00Z,189.86,189.86,189.86,189.86,10,1898.6
1784704500000,2026-07-22T07:15:00Z,189.62,189.62,189.51,189.59,154,29191.72
1784707200000,2026-07-22T08:00:00Z,188.575,188.575,188.3,188.3,0,0
1784710500000,2026-07-22T08:55:00Z,188.3,188.3,188.3,188.3,0,0
1784715000000,2026-07-22T10:10:00Z,188.3,188.3,188.3,188.3,30,5649
1784715300000,2026-07-22T10:15:00Z,188.3,188.3,188.3,188.3,70,13181
1784715900000,2026-07-22T10:25:00Z,188.3,188.3,188.3,188.3,0,0
1784717400000,2026-07-22T10:50:00Z,188.3,188.3,188.3,188.3,100,18830
1784718000000,2026-07-22T11:00:00Z,188.625,189.849,188.625,189.849,0,0
1784720100000,2026-07-22T11:35:00Z,189.85,189.85,189.85,189.85,1.25,237.3125
1784720700000,2026-07-22T11:45:00Z,189.85,189.85,189.85,189.85,2,379.7
1784721000000,2026-07-22T11:50:00Z,189.85,189.85,189.85,189.85,106,20124.1
1784721300000,2026-07-22T11:55:00Z,189.85,189.85,189.85,189.85,1,189.85
1784721600000,2026-07-22T12:00:00Z,189.736,189.736,189.229,189.229,5,948.68
1784721900000,2026-07-22T12:05:00Z,189.218,189.218,189.165,189.165,355,67153.8235
1784722200000,2026-07-22T12:10:00Z,189.165,189.165,189.165,189.165,192,36319.68
1784722500000,2026-07-22T12:15:00Z,189.165,189.165,189.165,189.165,1,189.165
1784722800000,2026-07-22T12:20:00Z,189.165,189.165,189.165,189.165,6,1134.99
1784723100000,2026-07-22T12:25:00Z,189.165,189.165,189.165,189.165,6,1134.99
1784724000000,2026-07-22T12:40:00Z,189.165,189.165,189.165,189.165,0,0
1784724600000,2026-07-22T12:50:00Z,189.054,189.054,188.502,188.502,5,945.27
1784724900000,2026-07-22T12:55:00Z,188.501,188.501,188.501,188.501,0,0
1784725200000,2026-07-22T13:00:00Z,188.669,189.514,188.669,189.514,100,18866.9
1784725500000,2026-07-22T13:05:00Z,189.514,189.759,189.514,189.759,41,7771.3901
1784726100000,2026-07-22T13:15:00Z,189.76,189.76,189.76,189.76,17,3225.92
1784726400000,2026-07-22T13:20:00Z,189.76,189.76,189.76,189.76,1.029882,195.43040832
1784726700000,2026-07-22T13:25:00Z,189.787,189.998,189.075,189.075,1002,189453.9516
1784727000000,2026-07-22T13:30:00Z,188.28,189.355,186.99,186.99,35861.38641,6760610.08284505
1784727300000,2026-07-22T13:35:00Z,186.575,187.444,186.088,186.14,35260.243132,6582174.15244728
1784727600000,2026-07-22T13:40:00Z,185.795,186.138,185.42,185.6,9928.431466000002,1844164.44539734
1784727900000,2026-07-22T13:45:00Z,185.595,186.491,185.285,185.62,17905.051277,3326006.51511297
1784728200000,2026-07-22T13:50:00Z,185.573,185.726,184.137,184.42,14399.426962,2661518.518653165
1784728500000,2026-07-22T13:55:00Z,184.42,185.469,184.316,184.892,6404.936874,1181586.800266509
1784728800000,2026-07-22T14:00:00Z,184.884,185.748,184.857,185.326,16405.245081,3039211.0958384385
1784729100000,2026-07-22T14:05:00Z,185.335,185.986,185.313,185.313,6809.166155,1264657.4303482106
1784729400000,2026-07-22T14:10:00Z,185.32,185.368,184.637,184.75,13975.669069999998,2587377.10787301
1784729700000,2026-07-22T14:15:00Z,184.73,184.973,183.304,183.34,20742.517533,3818156.09811769
1784730000000,2026-07-22T14:20:00Z,182.895,183.997,182.888,183.1,23874.597774,4385002.01141481
1784730300000,2026-07-22T14:25:00Z,182.8,183.243,182.8,183.02,13322.749060999999,2438867.77220628
1784730600000,2026-07-22T14:30:00Z,183.455,183.647,183.014,183.43,9522.972294000001,1745923.6467346
1784730900000,2026-07-22T14:35:00Z,183.025,183.325,182.955,182.955,12393.034953,2269148.58894886
1784731200000,2026-07-22T14:40:00Z,183.19,183.19,182.24,182.495,15329.775372999999,2798214.41580041
1784731500000,2026-07-22T14:45:00Z,182.715,182.896,182.686,182.686,6716.442989,1227481.67285077
1784731800000,2026-07-22T14:50:00Z,182.686,183.141,182.505,183.141,6433.4392370000005,1175938.76431074
1784732100000,2026-07-22T14:55:00Z,183.162,183.573,182.984,183.183,9709.977717,1780591.43879917
1784732400000,2026-07-22T15:00:00Z,183.07,183.821,183.046,183.59,20884.071182,3829328.35281694
1784732700000,2026-07-22T15:05:00Z,183.823,183.904,183.564,183.602,1389.851449,255514.3209533621
1784733000000,2026-07-22T15:10:00Z,183.205,183.593,183.203,183.49,9453.455319,1733326.01052333
1784733300000,2026-07-22T15:15:00Z,183.2,183.545,183.16,183.19,13289.421248999999,2435957.55965232
1784733600000,2026-07-22T15:20:00Z,183.18,184.141,183.155,183.16,25816.962634000003,4732528.07400865
1784733900000,2026-07-22T15:25:00Z,184.02,184.19,184.02,184.02,8460.002809,1557262.32706246
1784734200000,2026-07-22T15:30:00Z,184.08,184.194,183.927,183.935,17420.883254,3206970.33019738
1784734500000,2026-07-22T15:35:00Z,183.87,184.153,183.87,184.11,8062.035152,1483505.56896522
1784734800000,2026-07-22T15:40:00Z,183.975,183.975,183.875,183.883,9275.009778,1705532.3905246
1784735100000,2026-07-22T15:45:00Z,183.94,183.977,183.874,183.94,4030.067175,741187.38644982
1784735400000,2026-07-22T15:50:00Z,183.91,184.004,183.91,183.99,4281.254236000001,787702.82937656
1784735700000,2026-07-22T15:55:00Z,183.845,184,183.83,183.845,6065.229802000001,1115248.98202659
1784736000000,2026-07-22T16:00:00Z,183.8,183.958,183.787,183.8,8613.548446,1583941.97831556
1784736300000,2026-07-22T16:05:00Z,184.08,184.15,183.954,184.06,6652.280032,1224242.37726907
1784736600000,2026-07-22T16:10:00Z,184.12,184.289,184.093,184.194,4841.027,891381.8974941
1784736900000,2026-07-22T16:15:00Z,184.194,184.195,183.85,183.91,4536.422,834961.8301958
1784737200000,2026-07-22T16:20:00Z,183.91,184.085,183.91,184.058,3958.047804,728023.0992602854
1784737500000,2026-07-22T16:25:00Z,184.059,184.16,184.059,184.16,6473.601685,1191897.53199647
1784737800000,2026-07-22T16:30:00Z,184.22,184.395,184.115,184.165,7917.7292179999995,1459055.38710539
1784738100000,2026-07-22T16:35:00Z,184.115,184.275,184.085,184.22,3835.3193370000004,706312.40910192
1784738400000,2026-07-22T16:40:00Z,184.22,184.239,184.17,184.19,2554.8916499999996,470631.99204153
1784738700000,2026-07-22T16:45:00Z,184.25,184.363,184.135,184.23,5488.81239,1011121.02554261
1784739000000,2026-07-22T16:50:00Z,184.2,184.225,184.194,184.21,3403.274248,626906.93940134
1784739300000,2026-07-22T16:55:00Z,184.226,184.229,184.165,184.18,3660.34436,674197.72956509
1784739600000,2026-07-22T17:00:00Z,183.88,184.189,183.88,183.88,5612.777263,1033551.95970743
1784739900000,2026-07-22T17:05:00Z,183.895,183.939,183.661,183.661,3561.913852,654595.70483069
1784740200000,2026-07-22T17:10:00Z,183.71,183.897,183.643,183.71,4745.347367,871773.45920841
1784740500000,2026-07-22T17:15:00Z,183.899,183.93,183.582,183.582,3677.7012879999997,675817.33084391
1784740800000,2026-07-22T17:20:00Z,183.581,183.643,183.427,183.427,5400.568689,991392.65532024
1784741100000,2026-07-22T17:25:00Z,183.426,183.749,183.42,183.665,2818.693961,517263.6024322398
1784741400000,2026-07-22T17:30:00Z,183.665,183.895,183.665,183.807,3744.34432,688172.29370394
1784741700000,2026-07-22T17:35:00Z,183.806,184.164,183.76,184.162,3256.740284,598768.31058885
1784742000000,2026-07-22T17:40:00Z,184.163,184.207,183.987,183.99,4040.129306,744088.7948679
1784742300000,2026-07-22T17:45:00Z,183.99,183.99,183.877,183.99,4582.196582,842919.80512044
1784742600000,2026-07-22T17:50:00Z,183.945,184.009,183.82,183.82,5349.259830999999,983900.05923549
1784742900000,2026-07-22T17:55:00Z,183.63,183.841,183.48,183.63,6079.318034,1116941.55168256
1784743200000,2026-07-22T18:00:00Z,183.48,183.857,183.448,183.857,7065.386439000001,1297084.83863094
1784743500000,2026-07-22T18:05:00Z,183.878,184.057,183.878,183.997,4600.0255,846230.8110361
1784743800000,2026-07-22T18:10:00Z,183.995,184.189,183.985,184.14,3812.571744,701586.40227348
1784744100000,2026-07-22T18:15:00Z,184.14,184.323,184.036,184.309,5524.628727,1017458.71846839
1784744400000,2026-07-22T18:20:00Z,184.22,184.347,184.162,184.34,5016.2262439999995,924326.96779365
1784744700000,2026-07-22T18:25:00Z,184.175,184.305,183.96,184.3,25963.86693,4779760.9619711
1784745000000,2026-07-22T18:30:00Z,184.305,184.336,184.165,184.336,11438.906385,2107251.778013207
1784745300000,2026-07-22T18:35:00Z,184.353,184.422,184.143,184.305,12489.708463,2301211.2102327749
1784745600000,2026-07-22T18:40:00Z,184.306,184.515,184.305,184.445,2630.0596210000003,484764.8608896004552937
1784745900000,2026-07-22T18:45:00Z,184.444,184.445,184.26,184.269,6097.593023,1124161.39610981
1784746200000,2026-07-22T18:50:00Z,183.99,184.263,183.99,184.055,6891.386132999999,1268941.93990689
1784746500000,2026-07-22T18:55:00Z,184.17,184.287,184.16,184.17,5134.326230000001,945555.48865861
1784746800000,2026-07-22T19:00:00Z,184.08,184.34,184.08,184.2,9916.475854,1826664.43468607
1784747100000,2026-07-22T19:05:00Z,184.14,184.315,184.14,184.195,5267.40251,970503.63700022
1784747400000,2026-07-22T19:10:00Z,184.265,184.465,184.265,184.38,5759.013134,1061489.78283261
1784747700000,2026-07-22T19:15:00Z,184.368,184.584,184.24,184.24,8495.920699,1566595.95177934
1784748000000,2026-07-22T19:20:00Z,184.24,184.245,183.927,184.07,6983.3522729999995,1286036.696215
1784748300000,2026-07-22T19:25:00Z,183.85,183.94,183.766,183.865,36530.2798,6715324.8053542
1784748600000,2026-07-22T19:30:00Z,183.795,183.875,183.628,183.71,14971.115829,2751053.31983588
1784748900000,2026-07-22T19:35:00Z,183.46,183.74,183.46,183.55,11804.414633,2167120.54304808
1784749200000,2026-07-22T19:40:00Z,183.545,183.75,183.486,183.57,20209.428684,3711691.9653036
1784749500000,2026-07-22T19:45:00Z,183.63,183.919,183.615,183.81,18966.57406,3485227.47294158
1784749800000,2026-07-22T19:50:00Z,183.68,183.85,183.397,183.515,29272.983736000002,5371589.58825763
1784750100000,2026-07-22T19:55:00Z,183.845,184.555,183.512,184.51,145382.378335,26785889.06690507
1784750400000,2026-07-22T20:00:00Z,184.513,189.219,184.51,188.055,255698.933545,48298102.180940997
1784750700000,2026-07-22T20:05:00Z,188.055,188.055,188.055,188.055,11.43495,2150.39952225
1784751000000,2026-07-22T20:10:00Z,188.055,188.055,188.055,188.055,112.843939,21220.86694865
1784751300000,2026-07-22T20:15:00Z,188.055,188.055,188.055,188.055,60.979738,11467.54462959
1784751600000,2026-07-22T20:20:00Z,188.055,188.055,188.055,188.055,227,42688.485
1784751900000,2026-07-22T20:25:00Z,188.055,188.055,188.055,188.055,11,2068.605
1784752200000,2026-07-22T20:30:00Z,188.055,188.055,188.055,188.055,20,3761.1
1784752500000,2026-07-22T20:35:00Z,188.254,189.249,188.254,189.249,15.28546,2891.18514571
1784752800000,2026-07-22T20:40:00Z,189.25,189.25,189.25,189.25,0,0
1784753100000,2026-07-22T20:45:00Z,189.25,189.25,189.25,189.25,0,0
1784753400000,2026-07-22T20:50:00Z,189.25,189.25,189.25,189.25,2,378.5
1784754000000,2026-07-22T21:00:00Z,189.25,189.25,189.25,189.25,15,2838.75
1784754600000,2026-07-22T21:10:00Z,189.25,189.25,189.25,189.25,51,9651.75
1784755200000,2026-07-22T21:20:00Z,189.25,189.25,189.25,189.25,5,946.25
1784755500000,2026-07-22T21:25:00Z,189.25,189.25,189.25,189.25,12,2271
1784755800000,2026-07-22T21:30:00Z,189.171,189.171,188.777,188.777,0,0
1784756100000,2026-07-22T21:35:00Z,188.776,188.776,188.776,188.776,1,188.776
1784756400000,2026-07-22T21:40:00Z,188.775,188.775,188.775,188.775,0,0
1784757900000,2026-07-22T22:05:00Z,188.775,188.775,188.775,188.775,1,188.775
1784759100000,2026-07-22T22:25:00Z,188.775,188.775,188.775,188.775,5,943.875
1784760000000,2026-07-22T22:40:00Z,188.775,188.775,188.775,188.775,100,18877.5
1784760300000,2026-07-22T22:45:00Z,188.775,188.775,188.775,188.775,1,188.775
1784760900000,2026-07-22T22:55:00Z,188.775,188.775,188.775,188.775,0,0
1784762100000,2026-07-22T23:15:00Z,188.775,188.775,188.775,188.775,0,0
1784763300000,2026-07-22T23:35:00Z,188.775,188.775,188.775,188.775,1.204248,227.3319162
1784763600000,2026-07-22T23:40:00Z,188.775,188.775,188.775,188.775,1,188.775
1784764200000,2026-07-22T23:50:00Z,188.775,188.775,188.775,188.775,9,1698.975
1784764500000,2026-07-22T23:55:00Z,188.729,188.729,188.502,188.502,0,0
1784764800000,2026-07-23T00:00:00Z,187.917,187.917,185.002,185.002,0,0
1784769900000,2026-07-23T01:25:00Z,185.29,185.29,185.29,185.29,1,185.29
1784774400000,2026-07-23T02:40:00Z,185.23,185.23,185.23,185.23,5,926.15
1784781600000,2026-07-23T04:40:00Z,185.23,185.27,185.23,185.27,111,20560.97
1784782200000,2026-07-23T04:50:00Z,185.83,185.83,185.83,185.83,1,185.83
1784792700000,2026-07-23T07:45:00Z,185.29,185.29,185.29,185.29,1,185.29
1784793600000,2026-07-23T08:00:00Z,185.001,185.001,185,185,126,23310
1784794200000,2026-07-23T08:10:00Z,185,185,185,185,0,0
1784797800000,2026-07-23T09:10:00Z,185,185,185,185,4,740
1784799300000,2026-07-23T09:35:00Z,185,185,185,185,29,5365
1784799600000,2026-07-23T09:40:00Z,185,185,185,185,5,925
1784799900000,2026-07-23T09:45:00Z,185,185,185,185,0,0
1784802900000,2026-07-23T10:35:00Z,185,185,185,185,46,8510
1784803200000,2026-07-23T10:40:00Z,185,185,185,185,4,740
1784804100000,2026-07-23T10:55:00Z,185,185,185,185,6,1110
1784804400000,2026-07-23T11:00:00Z,185,185,185,185,5,925
1784805300000,2026-07-23T11:15:00Z,185,185,185,185,0,0
1784805900000,2026-07-23T11:25:00Z,185.457,187.739,185.457,187.739,4,741.828
1784806200000,2026-07-23T11:30:00Z,187.74,187.74,187.74,187.74,26,4881.24
1784806500000,2026-07-23T11:35:00Z,187.74,187.74,187.74,187.74,1.0284200000000001,193.0755708
1784806800000,2026-07-23T11:40:00Z,187.823,188.999,187.823,188.999,38,7137.274
1784807400000,2026-07-23T11:50:00Z,188.79,188.79,187.742,187.742,51,9575.9385
1784807700000,2026-07-23T11:55:00Z,187.741,187.741,187.74,187.74,86,16145.64
1784808000000,2026-07-23T12:00:00Z,187.74,187.74,187.74,187.74,2,375.48
1784808300000,2026-07-23T12:05:00Z,187.74,187.74,187.425,187.425,95,17831.899
1784808600000,2026-07-23T12:10:00Z,187.409,187.409,187.331,187.331,12,2247.972
1784808900000,2026-07-23T12:15:00Z,187.33,187.33,185.092,185.092,2,374.66
1784809200000,2026-07-23T12:20:00Z,185.091,185.091,185.091,185.091,105,19434.555
1784809800000,2026-07-23T12:30:00Z,185.09,185.09,185.09,185.09,39,7218.51
1784810100000,2026-07-23T12:35:00Z,185.09,185.09,185.09,185.09,10,1850.9
1784811000000,2026-07-23T12:50:00Z,185.09,185.09,185.09,185.09,36,6663.24
1784811300000,2026-07-23T12:55:00Z,185.09,185.09,185.09,185.09,542,100318.78
1784811600000,2026-07-23T13:00:00Z,185.09,185.09,185.09,185.09,0,0
1784813100000,2026-07-23T13:25:00Z,185.09,187.827,185.09,187.827,16,2961.44
1784813400000,2026-07-23T13:30:00Z,187.937,188.301,185.571,185.919,25551.012536,4794103.26581338
1784813700000,2026-07-23T13:35:00Z,185.22,186.152,183.735,183.735,37290.908394,6887067.68765505
1784814000000,2026-07-23T13:40:00Z,183.72,184.134,183.179,184.09,16964.931619,3117567.44493818
1784814300000,2026-07-23T13:45:00Z,184.05,184.289,183.358,184.05,11927.597859000001,2190559.40651529
1784814600000,2026-07-23T13:50:00Z,183.965,183.982,183.338,183.965,8107.757876,1489150.26753334
1784814900000,2026-07-23T13:55:00Z,183.981,184.269,183.76,183.791,5228.308293,962250.27375514
1784815200000,2026-07-23T14:00:00Z,183.285,184.157,183.168,183.465,8560.081290999999,1572309.73947398
1784815500000,2026-07-23T14:05:00Z,183.45,183.653,182.671,183.45,6547.534619,1199571.19853314
1784815800000,2026-07-23T14:10:00Z,183.055,183.12,182.541,182.74,12235.465071999999,2238272.77910919
1784816100000,2026-07-23T14:15:00Z,182.54,182.704,182.276,182.276,5430.012884,991066.8245245484
1784816400000,2026-07-23T14:20:00Z,182.276,182.28,181.99,182.045,22036.80606,4014435.9075292624
1784816700000,2026-07-23T14:25:00Z,182.045,182.362,181.807,182.33,5180.730168,943230.445181889
1784817000000,2026-07-23T14:30:00Z,182.337,182.389,181.654,181.654,3668.123431,668709.905841593
1784817300000,2026-07-23T14:35:00Z,181.425,181.694,181.237,181.425,5604.827954,1017170.90288546
1784817600000,2026-07-23T14:40:00Z,180.66,181.46,180.66,180.795,5151.702096999999,933124.70980835
1784817900000,2026-07-23T14:45:00Z,180.9,180.956,180.76,180.88,7702.269223,1392732.79339901
1784818200000,2026-07-23T14:50:00Z,181.02,181.21,180.751,181.21,7283.099056,1317986.02066904
1784818500000,2026-07-23T14:55:00Z,181.194,181.734,181.194,181.368,5262.669384000001,954864.52196928
1784818800000,2026-07-23T15:00:00Z,181,181.39,180.97,181.1,7940.728819,1438659.16156368
1784819100000,2026-07-23T15:05:00Z,181.24,181.309,181.07,181.24,5336.998546000001,967235.98788838
1784819400000,2026-07-23T15:10:00Z,180.96,181.285,180.723,180.96,3631.586223,657280.79050077
1784819700000,2026-07-23T15:15:00Z,180.84,180.993,180.61,180.87,5322.266509,962523.91475289
1784820000000,2026-07-23T15:20:00Z,180.64,180.788,180.556,180.76,3427.0846599999995,619236.15742227
1784820300000,2026-07-23T15:25:00Z,180.915,180.999,180.63,180.915,7116.447436,1286886.40425996
1784820600000,2026-07-23T15:30:00Z,180.889,181.039,180.646,181.039,7002.579076,1266005.7632997838
1784820900000,2026-07-23T15:35:00Z,181.039,181.265,181.039,181.187,2549.326606,461603.6595416266
1784821200000,2026-07-23T15:40:00Z,180.58,181.202,180.56,180.57,5753.428442,1040631.80779005
1784821500000,2026-07-23T15:45:00Z,180.734,180.805,180.566,180.566,3503.4338030000004,633095.3625821
1784821800000,2026-07-23T15:50:00Z,180.575,180.81,180.528,180.735,9681.805,1748804.1053595
1784822100000,2026-07-23T15:55:00Z,180.94,180.94,180.776,180.83,5557.245774,1005059.01880423
1784822400000,2026-07-23T16:00:00Z,180.895,181.627,180.826,181.51,10706.021228000001,1938782.29043584
1784822700000,2026-07-23T16:05:00Z,181.69,181.726,181.458,181.69,5774.890338,1048466.56769496
1784823000000,2026-07-23T16:10:00Z,181.18,181.482,180.965,181.17,5689.627,1031533.9268016
1784823300000,2026-07-23T16:15:00Z,181.004,181.097,180.953,181.097,6163.574997,1115690.89907696
1784823600000,2026-07-23T16:20:00Z,181.22,181.42,181.098,181.39,9916,1797459.4376
1784823900000,2026-07-23T16:25:00Z,181.242,181.242,180.864,180.864,3099.246637,561231.41620644
1784824200000,2026-07-23T16:30:00Z,180.863,181.035,180.856,181.025,3177.0352210000005,574897.86678788
1784824500000,2026-07-23T16:35:00Z,180.985,181.029,180.8,181.01,7716.208227,1396001.73163321
1784824800000,2026-07-23T16:40:00Z,180.894,180.997,180.86,180.86,3541.269477,640725.2437234827
1784825100000,2026-07-23T16:45:00Z,180.86,180.977,180.832,180.832,1276.04794,230854.171388396
1784825400000,2026-07-23T16:50:00Z,180.828,180.924,180.745,180.924,5438.08648,983321.929187872
1784825700000,2026-07-23T16:55:00Z,181.07,181.138,180.82,181.1,5145.12883,931314.10987659
1784826000000,2026-07-23T17:00:00Z,180.865,181.089,180.677,180.813,5305.806601,960147.25180752
1784826300000,2026-07-23T17:05:00Z,180.814,180.98,180.675,180.675,4338.3198840000005,784509.66425542
1784826600000,2026-07-23T17:10:00Z,180.675,180.675,180.582,180.62,5470.322274,988115.8000294
1784826900000,2026-07-23T17:15:00Z,180.23,180.62,180.215,180.225,7815.752589000001,1410111.82950531
1784827200000,2026-07-23T17:20:00Z,180.24,180.26,179.83,179.875,11961.365613,2154843.60359163
1784827500000,2026-07-23T17:25:00Z,179.94,179.941,179.736,179.85,5273.116943,948406.46670546
1784827800000,2026-07-23T17:30:00Z,179.82,179.99,179.765,179.93,8212.365006,1477128.5291152
1784828100000,2026-07-23T17:35:00Z,179.91,179.97,179.735,179.97,4678.840274,841370.58073594
1784828400000,2026-07-23T17:40:00Z,179.95,179.95,179.773,179.87,4542.1353850000005,816824.92426363
1784828700000,2026-07-23T17:45:00Z,179.935,179.935,179.71,179.93,4086.4423110000002,735103.97766232
1784829000000,2026-07-23T17:50:00Z,179.95,180.1,179.793,180.1,9422.393623,1695160.22296923
1784829300000,2026-07-23T17:55:00Z,180.055,180.075,179.836,180.033,1915.055544,344801.30073088
1784829600000,2026-07-23T18:00:00Z,180.03,180.091,179.92,180.03,6341.540804,1141503.97919138
1784829900000,2026-07-23T18:05:00Z,179.984,180.04,179.935,180.01,4503.3413,810587.9239761
1784830200000,2026-07-23T18:10:00Z,180.09,180.15,179.911,180.08,8677.56528,1562474.59450805
1784830500000,2026-07-23T18:15:00Z,179.91,180.102,179.767,179.92,7763.79755,1397045.68081818
1784830800000,2026-07-23T18:20:00Z,180.053,180.126,180.022,180.126,5312.233611,956690.24424885
1784831100000,2026-07-23T18:25:00Z,180.127,180.165,180,180.069,6383.268615,1149733.27814737
1784831400000,2026-07-23T18:30:00Z,180.15,180.15,179.997,180.08,3857.5741,694626.03879621
1784831700000,2026-07-23T18:35:00Z,180.08,180.12,180.08,180.115,8608.52535,1550520.23915258
1784832000000,2026-07-23T18:40:00Z,180.16,180.371,180.065,180.31,29770.039516,5362545.68910797
1784832300000,2026-07-23T18:45:00Z,180.445,180.585,180.256,180.585,7269,1311815.3499
1784832600000,2026-07-23T18:50:00Z,180.42,180.42,179.746,179.82,10250.542492999999,1844760.40589198
1784832900000,2026-07-23T18:55:00Z,179.77,179.835,179.718,179.77,3979.4308709999996,715449.93800448
1784833200000,2026-07-23T19:00:00Z,179.845,179.968,179.74,179.745,6393,1149848.8158
1784833500000,2026-07-23T19:05:00Z,179.745,179.99,179.745,179.978,1166.565,209686.6757115
1784833800000,2026-07-23T19:10:00Z,179.977,179.977,179.577,179.612,5755.25915,1034605.786688665
1784834100000,2026-07-23T19:15:00Z,179.615,179.781,179.613,179.615,6848.55787,1230740.63770196
1784834400000,2026-07-23T19:20:00Z,179.739,179.77,179.635,179.74,5915.076551,1063151.60746288
1784834700000,2026-07-23T19:25:00Z,179.665,180.21,179.665,180.19,15220.744371,2738199.7357474
1784835000000,2026-07-23T19:30:00Z,179.94,180.09,179.94,180.09,11459.57693,2062699.78228845
1784835300000,2026-07-23T19:35:00Z,179.97,180.044,179.391,179.67,15107.766024,2716260.00131682
1784835600000,2026-07-23T19:40:00Z,179.47,179.781,179.422,179.69,30421.999755,5463745.52299837
1784835900000,2026-07-23T19:45:00Z,179.65,179.703,179.402,179.48,20844.439728,3742193.92659195
1784836200000,2026-07-23T19:50:00Z,179.41,179.885,179.381,179.86,31936.374462,5736066.66802025
1784836500000,2026-07-23T19:55:00Z,179.795,179.9,179.278,179.57,135336.54496199999,24305482.58570597
1784836800000,2026-07-23T20:00:00Z,179.519,179.58,179.516,179.58,204688.07191,36757310.82699645
1784837100000,2026-07-23T20:05:00Z,179.58,179.58,179.58,179.58,2386.2364,428520.332712
1784837400000,2026-07-23T20:10:00Z,179.58,179.58,179.58,179.58,325.502585,58453.7542143
1784837700000,2026-07-23T20:15:00Z,179.58,179.58,179.58,179.58,0,0
1784838000000,2026-07-23T20:20:00Z,179.58,179.58,179.58,179.58,32,5746.56
1784838600000,2026-07-23T20:30:00Z,179.58,179.58,179.58,179.58,102,18317.16
1784839200000,2026-07-23T20:40:00Z,179.58,179.58,179.58,179.58,6,1077.48
1784840400000,2026-07-23T21:00:00Z,179.524,179.524,179.246,179.246,1,179.524
1784841000000,2026-07-23T21:10:00Z,179.245,179.245,179.245,179.245,0,0
1784841900000,2026-07-23T21:25:00Z,179.245,179.245,179.245,179.245,1,179.245
1784842800000,2026-07-23T21:40:00Z,179.245,179.245,179.245,179.245,28,5018.86
1784843700000,2026-07-23T21:55:00Z,179.245,179.245,179.245,179.245,4,716.98
1784844300000,2026-07-23T22:05:00Z,179.245,179.245,179.245,179.245,3,537.735
1784844900000,2026-07-23T22:15:00Z,179.245,179.245,179.245,179.245,24,4301.88
1784845200000,2026-07-23T22:20:00Z,179.245,179.245,179.245,179.245,7,1254.715
1784845500000,2026-07-23T22:25:00Z,179.245,179.245,179.245,179.245,0,0
1784846100000,2026-07-23T22:35:00Z,179.245,179.245,179.245,179.245,371,66499.895
1784846400000,2026-07-23T22:40:00Z,179.245,179.245,179.245,179.245,1,179.245
1784846700000,2026-07-23T22:45:00Z,179.245,179.245,179.245,179.245,1,179.245
1784847300000,2026-07-23T22:55:00Z,179.31,179.634,179.31,179.634,0,0
1784847600000,2026-07-23T23:00:00Z,179.635,179.635,179.635,179.635,4,718.54
1784848800000,2026-07-23T23:20:00Z,179.57,179.57,179.247,179.247,4,718.28
1784849400000,2026-07-23T23:30:00Z,179.246,179.246,179.246,179.246,0,0
1784849700000,2026-07-23T23:35:00Z,179.246,179.246,179.245,179.245,0.797987,143.035977802
1784850000000,2026-07-23T23:40:00Z,179.245,179.245,179.245,179.245,0,0
1784850600000,2026-07-23T23:50:00Z,179.245,179.245,179.245,179.245,10,1792.45
1784850900000,2026-07-23T23:55:00Z,179.245,179.245,179.245,179.245,1,179.245
1784855700000,2026-07-24T01:15:00Z,179.58,179.58,179.58,179.58,1,179.58
1784859600000,2026-07-24T02:20:00Z,179.75,179.75,179.75,179.75,17,3055.75
1784862000000,2026-07-24T03:00:00Z,179.75,179.75,179.75,179.75,20,3595
1784863500000,2026-07-24T03:25:00Z,179.75,179.75,179.75,179.75,10,1797.5
1784870400000,2026-07-24T05:20:00Z,179.58,179.58,179.58,179.58,2,359.16
1784877000000,2026-07-24T07:10:00Z,180.11,180.11,180.11,180.11,1,180.11
1784879100000,2026-07-24T07:45:00Z,180.33,180.34,180.33,180.34,138,24886.71
1784879400000,2026-07-24T07:50:00Z,180.31,180.32,180.31,180.32,110,19835.14
1784880000000,2026-07-24T08:00:00Z,179.812,182.648,178.86,178.86,321,57562.7472
1784880300000,2026-07-24T08:05:00Z,179.492,182.649,179.492,182.649,2,358.984
1784880600000,2026-07-24T08:10:00Z,182.65,182.65,182.65,182.65,0,0
1784888400000,2026-07-24T10:20:00Z,182.65,182.65,182.65,182.65,145,26484.25
1784890800000,2026-07-24T11:00:00Z,182.65,182.65,182.65,182.65,5,913.25
1784892300000,2026-07-24T11:25:00Z,182.65,182.65,182.65,182.65,6,1095.9
1784892900000,2026-07-24T11:35:00Z,182.65,182.65,182.65,182.65,1.485,271.23525
1784893200000,2026-07-24T11:40:00Z,182.65,182.65,182.65,182.65,50,9132.5
1784893500000,2026-07-24T11:45:00Z,182.65,182.65,182.65,182.65,10,1826.5
1784893800000,2026-07-24T11:50:00Z,182.563,182.563,182.132,182.132,0,0
1784894100000,2026-07-24T11:55:00Z,182.131,182.131,182.131,182.131,250,45532.75
1784894400000,2026-07-24T12:00:00Z,182.13,182.13,181.72,181.72,2,364.26
1784894700000,2026-07-24T12:05:00Z,181.6,181.6,181,181,0,0
1784895000000,2026-07-24T12:10:00Z,181,181,181,181,1004,181724
1784895900000,2026-07-24T12:25:00Z,181,181,181,181,25,4525
1784896200000,2026-07-24T12:30:00Z,181,181,181,181,200,36200
1784897100000,2026-07-24T12:45:00Z,181,181,181,181,25,4525
1784897400000,2026-07-24T12:50:00Z,181,181,181,181,0,0
1784897700000,2026-07-24T12:55:00Z,181.125,181.748,181.125,181.748,1,181.125
1784898000000,2026-07-24T13:00:00Z,181.749,181.749,181.749,181.749,0,0
1784898300000,2026-07-24T13:05:00Z,181.75,181.75,181.75,181.75,20,3635
1784898600000,2026-07-24T13:10:00Z,181.75,181.75,181.75,181.75,2,363.5
1784898900000,2026-07-24T13:15:00Z,181.757,181.757,181.757,181.757,0,0
1784899200000,2026-07-24T13:20:00Z,181.762,181.789,181.762,181.789,81,14724.909
1784899500000,2026-07-24T13:25:00Z,181.79,181.79,181.79,181.79,16.677108,3031.73146332
1784899800000,2026-07-24T13:30:00Z,183.525,183.627,181.79,182.485,17356.739883,3162151.54097626
1784900100000,2026-07-24T13:35:00Z,183.5,184.503,182.494,183.945,16365.487975999999,3010053.47041295
1784900400000,2026-07-24T13:40:00Z,183.955,185.175,183.643,184.72,15978.788741,2950381.07677771
1784900700000,2026-07-24T13:45:00Z,184.305,184.375,183.476,184.305,6001.094177999999,1103927.67885748
1784901000000,2026-07-24T13:50:00Z,184.265,184.265,183.947,184.265,5761.190608000001,1060895.02062922
1784901300000,2026-07-24T13:55:00Z,184.087,184.135,183.592,183.592,6219.7503990000005,1144884.3833448876920362
1784901600000,2026-07-24T14:00:00Z,183.591,184.65,183.429,184.573,717,131890.47
1784901900000,2026-07-24T14:05:00Z,184.567,184.567,184.122,184.17,5853.388766,1079217.0363465526
1784902200000,2026-07-24T14:10:00Z,184.18,184.18,183.337,183.853,3188.195813,586736.3240372069
1784902500000,2026-07-24T14:15:00Z,183.855,184.271,183.67,183.982,5216.728524,959072.5855318944
1784902800000,2026-07-24T14:20:00Z,184.215,184.328,183.915,184.215,7990.319342999999,1471151.22937933
1784903100000,2026-07-24T14:25:00Z,184.215,184.337,184.087,184.1,6950.37405,1280456.98567043
1784903400000,2026-07-24T14:30:00Z,184.325,184.637,184.033,184.4,8500.036,1566560.884818
1784903700000,2026-07-24T14:35:00Z,184.15,184.432,184.145,184.15,5712.005140000001,1052696.84327887
1784904000000,2026-07-24T14:40:00Z,184.303,184.42,184.137,184.137,8056.829019,1484836.52678821
1784904300000,2026-07-24T14:45:00Z,184.37,184.71,184.031,184.705,6605.346638,1217486.92376154
1784904600000,2026-07-24T14:50:00Z,184.81,184.931,184.58,184.62,10291.889884,1901284.6279886
1784904900000,2026-07-24T14:55:00Z,184.58,184.834,184.57,184.77,11471.042748,2118616.70983926
1784905200000,2026-07-24T15:00:00Z,184.68,185.297,184.68,185.29,9248.971056,1710439.96429925
1784905500000,2026-07-24T15:05:00Z,185.38,185.735,185.17,185.48,9353.84232,1734709.34438174
1784905800000,2026-07-24T15:10:00Z,185.63,186.292,185.445,186.01,10734.453269000001,1993043.39610337
1784906100000,2026-07-24T15:15:00Z,186.293,186.598,186.18,186.32,3586.257761,668612.5078620626
1784906400000,2026-07-24T15:20:00Z,186.318,186.939,186.311,186.823,5313.862401,991437.59717026
1784906700000,2026-07-24T15:25:00Z,186.69,186.833,186.53,186.53,7092.065140000001,1324269.40929907
1784907000000,2026-07-24T15:30:00Z,186.12,186.567,185.861,185.865,5661.425747,1054190.31036073
1784907300000,2026-07-24T15:35:00Z,186,186.13,185.798,186,5973.240852,1110614.82612181
1784907600000,2026-07-24T15:40:00Z,185.79,186.04,185.321,185.33,12065.298757,2240616.46891558
1784907900000,2026-07-24T15:45:00Z,185.31,185.405,184.852,185.04,8119.538058,1503117.30368016
1784908200000,2026-07-24T15:50:00Z,185.1,185.1,184.588,185.05,7102.7225,1312739.377895
1784908500000,2026-07-24T15:55:00Z,185.005,185.136,184.895,185.005,4457.179943,824541.29486147
1784908800000,2026-07-24T16:00:00Z,185.455,185.465,185.011,185.455,5654.129145,1047441.55943411
1784909100000,2026-07-24T16:05:00Z,185.36,185.39,185.227,185.39,4923.61973,912314.73244076
1784909400000,2026-07-24T16:10:00Z,185.48,185.6,185.36,185.6,7745.74377,1436608.51904254
1784909700000,2026-07-24T16:15:00Z,185.58,185.862,185.525,185.68,5219.117798,969133.2867046
1784910000000,2026-07-24T16:20:00Z,185.93,185.93,185.626,185.65,7777.4408,1445035.27899064
1784910300000,2026-07-24T16:25:00Z,185.636,186.046,185.636,186.046,4872.280255,905558.1103701
1784910600000,2026-07-24T16:30:00Z,186,186.048,185.62,185.62,10884.026831,2023215.42157434
1784910900000,2026-07-24T16:35:00Z,185.76,185.995,185.572,185.58,4783.0128239999995,889106.12273156
1784911200000,2026-07-24T16:40:00Z,185.405,185.571,185.291,185.405,5615.942087,1041218.68829236
1784911500000,2026-07-24T16:45:00Z,185.29,185.5,185.011,185.07,4604.2388200000005,852813.22907627
1784911800000,2026-07-24T16:50:00Z,185.05,185.15,184.766,184.99,9326.0501,1725466.62009158
1784912100000,2026-07-24T16:55:00Z,184.81,184.954,184.648,184.81,13749.732484999999,2541163.68408152
1784912400000,2026-07-24T17:00:00Z,184.905,184.905,184.717,184.765,5523.805794,1020963.92014386
1784912700000,2026-07-24T17:05:00Z,184.87,184.87,184.46,184.495,10474.6888,1933811.90700288
1784913000000,2026-07-24T17:10:00Z,184.485,184.998,184.47,184.62,8446.966455,1559141.91296055
1784913300000,2026-07-24T17:15:00Z,185.1,185.235,184.931,185.1,5298.136316,980510.19359317
1784913600000,2026-07-24T17:20:00Z,185.04,185.172,184.941,185.04,7608.0378,1408205.19176832
1784913900000,2026-07-24T17:25:00Z,185.26,185.34,185.13,185.31,8385.019253,1552998.63936931
1784914200000,2026-07-24T17:30:00Z,185.525,185.639,185.29,185.56,6398.975748,1186632.46168487
1784914500000,2026-07-24T17:35:00Z,185.64,185.715,185.595,185.665,4925.694038,914489.08544356
1784914800000,2026-07-24T17:40:00Z,185.79,185.795,185.596,185.79,6308.592318,1171383.20676163
1784915100000,2026-07-24T17:45:00Z,185.75,185.912,185.67,185.75,5474,1016759.919
1784915400000,2026-07-24T17:50:00Z,185.76,185.809,185.676,185.76,3967.93179,737035.7909221
1784915700000,2026-07-24T17:55:00Z,185.8,185.97,185.667,185.97,5998.408268,1114354.2959877
1784916000000,2026-07-24T18:00:00Z,185.755,185.922,185.682,185.755,4066.036283,755629.74321095
1784916300000,2026-07-24T18:05:00Z,186.005,186.272,185.687,186.005,7732.927513999999,1438003.60111217
1784916600000,2026-07-24T18:10:00Z,186.24,186.275,186.076,186.19,5219.0754,971761.56884268
1784916900000,2026-07-24T18:15:00Z,186.19,186.254,186.156,186.18,4834.96052,900200.99238462
1784917200000,2026-07-24T18:20:00Z,186.198,186.37,186.156,186.303,4576.8505860000005,852313.01593644
1784917500000,2026-07-24T18:25:00Z,186.292,186.384,186.212,186.384,4124.983555,768366.87426518
1784917800000,2026-07-24T18:30:00Z,186.48,186.545,186.265,186.48,8473.037989,1579198.88926323
1784918100000,2026-07-24T18:35:00Z,186.366,186.458,186.257,186.394,5802.254282,1081248.34477442
1784918400000,2026-07-24T18:40:00Z,186.415,186.565,186.394,186.51,5544.323396,1033688.6438413
1784918700000,2026-07-24T18:45:00Z,186.62,186.715,186.485,186.62,5600.964565,1045124.86522467
1784919000000,2026-07-24T18:50:00Z,186.725,186.725,186.49,186.5,9337.585814,1742471.01485466
1784919300000,2026-07-24T18:55:00Z,186.539,186.645,186.53,186.645,6702.769700000001,1250629.5817048
1784919600000,2026-07-24T19:00:00Z,186.76,186.867,186.567,186.7,10731.052575,2004319.17232706
1784919900000,2026-07-24T19:05:00Z,186.842,187.055,186.756,187.026,6759.402942,1263133.0491555586
1784920200000,2026-07-24T19:10:00Z,187.155,187.192,186.915,186.93,9578.314074,1792093.94276273
1784920500000,2026-07-24T19:15:00Z,186.59,187.008,186.38,186.59,7668.048548000001,1432077.84558079
1784920800000,2026-07-24T19:20:00Z,186.48,186.771,186.121,186.55,11046.677802999999,2059972.32535786
1784921100000,2026-07-24T19:25:00Z,186.21,186.234,185.81,186.12,8783.242224,1634217.95311544
1784921400000,2026-07-24T19:30:00Z,185.99,186.307,185.81,186.19,11653.521196,2168273.96471379
1784921700000,2026-07-24T19:35:00Z,186.2,186.289,186,186.02,11817.34244,2199909.37822494
1784922000000,2026-07-24T19:40:00Z,185.99,186.131,185.985,186.04,12930.118484999999,2405433.9041674
1784922300000,2026-07-24T19:45:00Z,186.01,186.113,185.7,185.74,23780.142307000002,4420918.69600976
1784922600000,2026-07-24T19:50:00Z,185.67,186.126,185.22,186.105,44450.9188,8255011.24599116
1784922900000,2026-07-24T19:55:00Z,186.075,186.37,185.85,186.37,142071.48200000002,26437229.656488
1784923200000,2026-07-24T20:00:00Z,186.324,188.499,184.22,188.499,231132.120246,42587179.47629066
1784923500000,2026-07-24T20:05:00Z,187.786,187.786,184.22,184.22,220.07899,40575.19310984
1784923800000,2026-07-24T20:10:00Z,184.22,184.22,184.22,184.22,0,0
1784924100000,2026-07-24T20:15:00Z,184.22,184.22,184.22,184.22,0,0
1784924400000,2026-07-24T20:20:00Z,184.22,184.22,184.22,184.22,6,1105.32
1784924700000,2026-07-24T20:25:00Z,184.933,188.5,184.933,188.5,1,188.495
1784925000000,2026-07-24T20:30:00Z,188.5,188.5,188.5,188.5,3,565.5
1784925600000,2026-07-24T20:40:00Z,188.5,188.5,188.5,188.5,36,6786
1784925900000,2026-07-24T20:45:00Z,187.787,187.787,184.221,184.221,2,375.574
1784926200000,2026-07-24T20:50:00Z,184.22,184.22,184.22,184.22,0,0
1784926800000,2026-07-24T21:00:00Z,184.22,184.22,184.22,184.22,4106,756407.32
1784927400000,2026-07-24T21:10:00Z,183.787,183.787,181.621,181.621,0,0
1784928600000,2026-07-24T21:30:00Z,181.62,181.62,181.62,181.62,0,0
1784929200000,2026-07-24T21:40:00Z,182.053,186.324,182.053,184.221,1303,242578.7282
1784929500000,2026-07-24T21:45:00Z,184.221,186.18,184.221,185.865,1365,253672.146
1784929800000,2026-07-24T21:50:00Z,185.865,185.865,185.865,185.865,309,57432.285
1784930700000,2026-07-24T22:05:00Z,185.865,185.865,185.865,185.865,0,0
1784933700000,2026-07-24T22:55:00Z,185.865,185.865,185.865,185.865,0,0
1784934900000,2026-07-24T23:15:00Z,185.865,185.865,185.865,185.865,4,743.46
1784935500000,2026-07-24T23:25:00Z,185.865,185.865,185.865,185.865,110,20445.15
1784936100000,2026-07-24T23:35:00Z,185.865,185.865,185.865,185.865,0.92005,171.00509325
1784936400000,2026-07-24T23:40:00Z,185.865,185.865,185.865,185.865,1,185.865
1784936700000,2026-07-24T23:45:00Z,185.158,185.158,181.621,181.621,0,0
1785114300000,2026-07-27T01:05:00Z,186.96,186.96,186.95,186.95,8,1495.66
1785116700000,2026-07-27T01:45:00Z,186.43,186.43,186.43,186.43,10,1864.3
1785128700000,2026-07-27T05:05:00Z,186.87,186.94,186.87,186.94,2,373.81
1785134400000,2026-07-27T06:40:00Z,186.94,186.94,186.94,186.94,2,373.88
1785139200000,2026-07-27T08:00:00Z,182.512,186.75,182.512,186.75,39,7147.6782
1785139500000,2026-07-27T08:05:00Z,186.813,187.15,186.813,187.15,33,6174.861
1785140400000,2026-07-27T08:20:00Z,187.282,187.944,187.282,187.944,0,0
1785140700000,2026-07-27T08:25:00Z,187.916,187.916,187.771,187.771,0,0
1785141900000,2026-07-27T08:45:00Z,187.77,187.77,187.77,187.77,1,187.77
1785142200000,2026-07-27T08:50:00Z,187.77,187.77,187.77,187.77,15,2816.55
1785143100000,2026-07-27T09:05:00Z,187.77,187.77,187.77,187.77,45,8449.65
1785144000000,2026-07-27T09:20:00Z,188.042,189.404,188.042,189.404,203.009848,38178.45833556
1785144300000,2026-07-27T09:25:00Z,189.436,189.589,189.436,189.589,0,0
1785145500000,2026-07-27T09:45:00Z,189.576,189.576,189.506,189.506,0,0
1785146100000,2026-07-27T09:55:00Z,189.504,189.504,189.501,189.501,0,0
1785149700000,2026-07-27T10:55:00Z,189.5,189.5,189.5,189.5,5,947.5
1785150000000,2026-07-27T11:00:00Z,189.5,189.5,189.435,189.435,6,1136.9352
1785150300000,2026-07-27T11:05:00Z,189.435,189.435,189.435,189.435,5,947.175
1785152400000,2026-07-27T11:40:00Z,189.435,189.435,189.435,189.435,0,0
1785154200000,2026-07-27T12:10:00Z,189.435,189.435,189.435,189.435,25,4735.875
1785154500000,2026-07-27T12:15:00Z,189.435,189.435,189.435,189.435,11,2083.785
1785154800000,2026-07-27T12:20:00Z,189.435,189.435,189.435,189.435,6,1136.61
1785155100000,2026-07-27T12:25:00Z,189.435,189.435,189.435,189.435,4,757.74
1785155400000,2026-07-27T12:30:00Z,189.435,189.435,189.435,189.435,7,1326.045
1785155700000,2026-07-27T12:35:00Z,189.435,189.435,189.435,189.435,50,9471.75
1785156300000,2026-07-27T12:45:00Z,189.435,189.435,189.435,189.435,1,189.435
1785156900000,2026-07-27T12:55:00Z,189.435,189.435,189.435,189.435,0,0
1785158100000,2026-07-27T13:15:00Z,189.435,189.7,189.435,189.7,715,135446.025
1785158400000,2026-07-27T13:20:00Z,189.921,191.025,189.921,191.025,2,382.05
1785158700000,2026-07-27T13:25:00Z,190.88,190.88,189.965,189.965,134,25500.5216
1785159000000,2026-07-27T13:30:00Z,189.965,191.109,189.663,189.749,26626.050560000003,5061910.42322227
1785159300000,2026-07-27T13:35:00Z,189.84,193.134,189.763,192.41,58145.768915,11157882.32594393
1785159600000,2026-07-27T13:40:00Z,191.95,192.362,191.45,191.95,12806.553558,2459611.30848521
1785159900000,2026-07-27T13:45:00Z,192.21,192.392,191.762,192.35,15360.563472,2951165.15367782
1785160200000,2026-07-27T13:50:00Z,192.73,192.96,192.37,192.61,31213.721809,6019535.03714384
1785160500000,2026-07-27T13:55:00Z,192.985,193.21,192.36,192.36,19827.737979,3824144.09962896
1785160800000,2026-07-27T14:00:00Z,192.468,193.07,191.9,193.066,2031,390510.9393
1785161100000,2026-07-27T14:05:00Z,193.066,193.355,192.805,192.929,5747.99997,1110470.705404018
1785161400000,2026-07-27T14:10:00Z,192.929,193.16,192.439,193.104,8115.74773,1565968.983480089
1785161700000,2026-07-27T14:15:00Z,193.36,193.55,193.104,193.55,26248.022129999998,5074343.75743578
1785162000000,2026-07-27T14:20:00Z,193.59,193.723,193.28,193.65,15891.725566000001,3075535.18382332
1785162300000,2026-07-27T14:25:00Z,193.81,193.81,193.346,193.51,10196.212569,1973827.69244232
1785162600000,2026-07-27T14:30:00Z,193.74,194.52,193.234,194.5,26642.107215,5164036.97727273
1785162900000,2026-07-27T14:35:00Z,194.235,194.925,194.177,194.32,15845.768908999999,3081843.59511141
1785163200000,2026-07-27T14:40:00Z,194.985,195.019,194.55,194.81,14602.103627,2846160.26719453
1785163500000,2026-07-27T14:45:00Z,194.37,194.549,193.631,193.83,18902.712678000004,3670713.99439829
1785163800000,2026-07-27T14:50:00Z,193.75,193.969,193.592,193.82,6905.41872,1337841.32143349
1785164100000,2026-07-27T14:55:00Z,193.93,194.123,193.639,193.675,11740.66689,2276598.66870592
1785164400000,2026-07-27T15:00:00Z,193.91,194.512,193.9,194.29,10273.939519000001,1995833.98405207
1785164700000,2026-07-27T15:05:00Z,194.516,194.977,194.516,194.702,5668.019255,1103988.0752138055
1785165000000,2026-07-27T15:10:00Z,194.705,195.337,194.705,195.174,13228.042048,2581341.7163282223
1785165300000,2026-07-27T15:15:00Z,195.176,195.57,195.176,195.272,7945.202287,1552134.2382753205
1785165600000,2026-07-27T15:20:00Z,195.284,195.51,195.042,195.415,22799.747429,4450760.7456409788
1785165900000,2026-07-27T15:25:00Z,195.39,195.484,195.23,195.47,9411.795085999998,1839031.8185216
1785166200000,2026-07-27T15:30:00Z,195.485,195.78,195.155,195.16,19058.672285,3727437.94948345
1785166500000,2026-07-27T15:35:00Z,194.98,195.149,194.795,194.95,13451.672945000002,2622780.28747021
1785166800000,2026-07-27T15:40:00Z,194.95,194.95,194.306,194.57,10746.587293999999,2091558.85072967
1785167100000,2026-07-27T15:45:00Z,194.32,194.414,194.238,194.394,6119.697599,1189171.6818308
1785167400000,2026-07-27T15:50:00Z,194.46,194.46,194.21,194.21,8279.802077,1609545.50091675
1785167700000,2026-07-27T15:55:00Z,194.25,194.273,194.233,194.25,6917.044959999999,1343640.82541147
1785168000000,2026-07-27T16:00:00Z,194.43,194.48,194.24,194.48,15701.267588000002,3052354.68138886
1785168300000,2026-07-27T16:05:00Z,194.6,194.915,194.466,194.905,14390.306853000002,2800984.00903396
1785168600000,2026-07-27T16:10:00Z,194.905,194.905,194.716,194.77,9283.10602,1808744.8288201766
1785168900000,2026-07-27T16:15:00Z,194.768,194.925,194.611,194.906,4968.09351,967493.346712976
1785169200000,2026-07-27T16:20:00Z,194.907,194.911,194.471,194.506,9216.2470639999998,1795616.3569269573610248
1785169500000,2026-07-27T16:25:00Z,194.519,195.248,194.519,195.21,8842.135,1723769.77945529
1785169800000,2026-07-27T16:30:00Z,195.208,195.932,195.16,195.862,9389.853756,1834601.467432256
1785170100000,2026-07-27T16:35:00Z,196.09,196.09,195.864,196.08,6264.066388,1227676.83199823
1785170400000,2026-07-27T16:40:00Z,196.005,196.085,195.956,196.055,10191.920505999999,1997520.61512324
1785170700000,2026-07-27T16:45:00Z,196.14,196.17,195.97,195.97,8318.874047000001,1631332.0325041
1785171000000,2026-07-27T16:50:00Z,196.05,196.324,195.95,196.29,14721.793688000002,2886686.11082726
1785171300000,2026-07-27T16:55:00Z,196.46,196.62,196.286,196.51,10195.736802,2003055.4716946
1785171600000,2026-07-27T17:00:00Z,196.56,196.596,196.43,196.53,13222.858671999998,2598693.70395163
1785171900000,2026-07-27T17:05:00Z,196.5,196.75,196.5,196.5,7814.533905,1537113.34893977
1785172200000,2026-07-27T17:10:00Z,196.56,196.877,196.44,196.83,11371.332265,2235219.57226844
1785172500000,2026-07-27T17:15:00Z,196.99,196.99,196.807,196.99,12456.954241,2452318.36552768
1785172800000,2026-07-27T17:20:00Z,197.05,197.236,196.951,197.17,13283.265667999998,2618461.08815137
1785173100000,2026-07-27T17:25:00Z,197.115,197.187,197.029,197.043,10481.245144,2066132.21900323
1785173400000,2026-07-27T17:30:00Z,197.043,197.41,197.036,197.362,3360.535836,662586.4331230284
1785173700000,2026-07-27T17:35:00Z,197.363,197.65,197.363,197.631,6511.305757,1285629.099602595
1785174000000,2026-07-27T17:40:00Z,197.632,197.689,197.391,197.677,10416.63714,2057587.9266927632
1785174300000,2026-07-27T17:45:00Z,197.685,197.69,197.54,197.54,8284.446843,1637444.11497011
1785174600000,2026-07-27T17:50:00Z,197.78,197.836,197.59,197.74,15959.598119999999,3154398.60881988
1785174900000,2026-07-27T17:55:00Z,197.735,197.83,197.715,197.735,6457.791713999999,1277171.02864038
1785175200000,2026-07-27T18:00:00Z,197.68,197.815,197.305,197.68,15005.192290999998,2965248.07354751
1785175500000,2026-07-27T18:05:00Z,197.535,197.592,197.318,197.49,10671.080914,2107344.26684237
1785175800000,2026-07-27T18:10:00Z,197.405,197.569,197.39,197.424,10333.005358,2040520.56607641
1785176100000,2026-07-27T18:15:00Z,197.46,197.46,196.927,196.975,9573.899324,1888095.49260415
1785176400000,2026-07-27T18:20:00Z,197.1,197.1,196.96,196.99,10910.599079999998,2149788.43774624
1785176700000,2026-07-27T18:25:00Z,196.885,197.009,196.82,196.93,9860.26671,1941540.74666591
1785177000000,2026-07-27T18:30:00Z,196.89,196.921,196.795,196.89,9077.408,1786974.9079168
1785177300000,2026-07-27T18:35:00Z,196.9,197.035,196.897,196.99,6712.405006999999,1322023.60466017
1785177600000,2026-07-27T18:40:00Z,196.98,197.248,196.922,197.08,11274.23732,2221245.72709147
1785177900000,2026-07-27T18:45:00Z,197.248,197.58,197.248,197.58,4634.06145,914608.82846811
1785178200000,2026-07-27T18:50:00Z,197.58,197.809,197.57,197.795,11485.16942,2270054.211751122
1785178500000,2026-07-27T18:55:00Z,197.655,197.795,196.975,196.985,18446.87254,3642261.19553284
1785178800000,2026-07-27T19:00:00Z,196.97,197.08,196.735,196.81,11782.7999,2320594.16158524
1785179100000,2026-07-27T19:05:00Z,196.9,196.94,196.735,196.86,23748.958815,4675153.53523622
1785179400000,2026-07-27T19:10:00Z,196.59,196.883,196.047,196.18,61357.971137,12069266.31757574
1785179700000,2026-07-27T19:15:00Z,196.037,196.037,195.733,195.855,9288.575335,1819538.09351562
1785180000000,2026-07-27T19:20:00Z,195.845,195.904,195.574,195.7,17502.642974000002,3426180.86797504
1785180300000,2026-07-27T19:25:00Z,195.63,195.658,195.196,195.215,17307.820432,3384353.89945285
1785180600000,2026-07-27T19:30:00Z,195.39,195.39,194.805,194.855,22791.881539,4447334.26094199
1785180900000,2026-07-27T19:35:00Z,194.85,194.98,194.335,194.63,30562.570258,5949178.50737017
1785181200000,2026-07-27T19:40:00Z,194.715,194.739,194.29,194.49,25255.81578,4914147.82981192
1785181500000,2026-07-27T19:45:00Z,194.6,194.675,194.232,194.675,32598.584327000004,6338227.50701786
1785181800000,2026-07-27T19:50:00Z,194.525,194.815,194.322,194.585,53789.680087,10466681.03663292
1785182100000,2026-07-27T19:55:00Z,194.606,194.618,194.208,194.446,66443.856485,12917860.6126329042
1785182400000,2026-07-27T20:00:00Z,194.445,194.445,194.44,194.44,298911.387874,58120330.25822056
1785182700000,2026-07-27T20:05:00Z,194.203,194.203,193.02,193.02,672,129710.6496
1785183000000,2026-07-27T20:10:00Z,193.02,195.94,193.02,195.94,11.154759,2164.76726843
1785183300000,2026-07-27T20:15:00Z,195.94,195.94,195.94,195.94,208.977604,40947.07172776
1785183600000,2026-07-27T20:20:00Z,195.94,195.94,195.94,195.94,2,391.88
1785184200000,2026-07-27T20:30:00Z,195.94,195.94,195.94,195.94,1,195.94
1785185700000,2026-07-27T20:55:00Z,195.617,195.617,194.002,194.002,0,0
1785186900000,2026-07-27T21:15:00Z,194.001,194.001,194.001,194.001,6,1164.006
1785189000000,2026-07-27T21:50:00Z,194,194,194,194,5,970
1785189600000,2026-07-27T22:00:00Z,194,194,194,194,17,3298
1785189900000,2026-07-27T22:05:00Z,194,194,194,194,6,1164
1785190500000,2026-07-27T22:15:00Z,194,194,194,194,0,0
1785191400000,2026-07-27T22:30:00Z,194,194,194,194,1,194
1785191700000,2026-07-27T22:35:00Z,194,194,194,194,2,388
1785192900000,2026-07-27T22:55:00Z,194,194,194,194,0,0
1785195000000,2026-07-27T23:30:00Z,194,194,194,194,0,0
1785195600000,2026-07-27T23:40:00Z,194,194,194,194,25,4850
1785195900000,2026-07-27T23:45:00Z,194,194,194,194,0,0
1785209400000,2026-07-28T03:30:00Z,195.01,195.01,195.01,195.01,5,975.05
1785214200000,2026-07-28T04:50:00Z,195.01,195.01,195.01,195.01,82,15990.82
1785217200000,2026-07-28T05:40:00Z,194.95,194.95,194.95,194.95,1,194.95
1785217800000,2026-07-28T05:50:00Z,194.95,194.95,194.95,194.95,5,974.75
1785218100000,2026-07-28T05:55:00Z,195,195.01,195,195.01,35,6825.01
1785218700000,2026-07-28T06:05:00Z,195.51,195.51,195.51,195.51,5,977.55
1785219000000,2026-07-28T06:10:00Z,195.51,195.51,195.51,195.51,10,1955.1
1785221400000,2026-07-28T06:50:00Z,195.78,195.79,195.78,195.79,2,391.57
1785221700000,2026-07-28T06:55:00Z,195.77,195.77,195.77,195.77,48,9396.96
1785222900000,2026-07-28T07:15:00Z,195.71,195.71,195.71,195.71,50,9785.5
1785223500000,2026-07-28T07:25:00Z,195.67,195.67,195.67,195.67,6,1174.02
1785225000000,2026-07-28T07:50:00Z,195.67,195.67,195.67,195.67,244,47743.48
1785225600000,2026-07-28T08:00:00Z,194,198.009,194,197.62,521.4004,103126.2209148
1785226800000,2026-07-28T08:20:00Z,197.453,197.453,196.621,196.621,0,0
1785228000000,2026-07-28T08:40:00Z,196.62,196.62,196.14,196.14,0,0
1785229500000,2026-07-28T09:05:00Z,196.14,196.14,196.14,196.14,0,0
1785233700000,2026-07-28T10:15:00Z,196.075,196.075,195.751,195.751,0,0
1785234900000,2026-07-28T10:35:00Z,196.041,197.494,196.041,197.494,0.088412,17.33237689
1785235200000,2026-07-28T10:40:00Z,197.494,197.494,197.494,197.494,1,197.494
1785236400000,2026-07-28T11:00:00Z,197.495,197.495,197.155,197.155,20,3948.47
1785237300000,2026-07-28T11:15:00Z,197.155,197.155,197.155,197.155,8,1577.24
1785237600000,2026-07-28T11:20:00Z,197.187,197.349,197.187,197.349,29,5718.423
1785237900000,2026-07-28T11:25:00Z,197.367,197.454,197.367,197.454,195,38500.8195
1785238200000,2026-07-28T11:30:00Z,197.455,197.455,197.455,197.455,281.008911,55486.61452151
1785238500000,2026-07-28T11:35:00Z,197.455,197.784,197.455,197.784,248.5,49090.25555
1785238800000,2026-07-28T11:40:00Z,197.784,197.784,197.784,197.784,10,1977.84
1785239400000,2026-07-28T11:50:00Z,197.785,197.785,197.785,197.785,257,50830.745
1785239700000,2026-07-28T11:55:00Z,197.785,197.785,197.785,197.785,122,24129.77
1785240000000,2026-07-28T12:00:00Z,197.785,197.785,197.785,197.785,1051,207872.035
1785240300000,2026-07-28T12:05:00Z,197.785,197.785,197.785,197.785,95,18789.575
1785240600000,2026-07-28T12:10:00Z,197.785,197.785,197.785,197.785,28,5537.98
1785240900000,2026-07-28T12:15:00Z,197.785,197.785,197.785,197.785,65,12856.025
1785241200000,2026-07-28T12:20:00Z,197.785,197.785,197.785,197.785,334,66060.19
1785241500000,2026-07-28T12:25:00Z,197.967,198.875,197.967,198.875,260,51585.716
1785241800000,2026-07-28T12:30:00Z,198.875,198.875,198.875,198.875,28,5568.5
1785242100000,2026-07-28T12:35:00Z,198.875,198.875,198.875,198.875,300,59662.5
1785242400000,2026-07-28T12:40:00Z,198.875,198.875,198.875,198.875,601,119523.875
1785242700000,2026-07-28T12:45:00Z,198.875,198.875,198.875,198.875,1625,323171.875
1785243000000,2026-07-28T12:50:00Z,198.875,198.875,198.875,198.875,29,5767.375
1785243300000,2026-07-28T12:55:00Z,198.875,198.875,198.556,198.556,105,20875.7955
1785243600000,2026-07-28T13:00:00Z,198.555,198.67,198.555,198.67,207,41124.1518
1785243900000,2026-07-28T13:05:00Z,198.67,198.67,198.079,198.079,5,993.35
1785244200000,2026-07-28T13:10:00Z,198.078,198.078,198.075,198.075,27,5348.0331
1785244500000,2026-07-28T13:15:00Z,198.075,198.669,198.075,198.669,1190,235927.496
1785244800000,2026-07-28T13:20:00Z,198.67,198.67,198.67,198.67,79,15694.93
1785245100000,2026-07-28T13:25:00Z,198.692,198.817,198.692,198.817,35,6957.888
1785245400000,2026-07-28T13:30:00Z,198.175,198.844,197.712,198.04,38850.460258,7712974.10492869
1785245700000,2026-07-28T13:35:00Z,198.66,199.61,198.166,199.39,26678.160322,5304842.79957238
1785246000000,2026-07-28T13:40:00Z,199.66,199.66,198.594,199.66,16570.640754,3296337.91088651
1785246300000,2026-07-28T13:45:00Z,199.61,199.61,198.356,198.645,17974.245456,3576066.00469848
1785246600000,2026-07-28T13:50:00Z,199.17,200.105,198.671,200.105,53784.172581,10712763.76518713
1785246900000,2026-07-28T13:55:00Z,200.07,200.62,199.726,200.62,25820.82601,5169213.17348496
1785247200000,2026-07-28T14:00:00Z,200.82,201.131,200.499,200.9,20791.330171999998,4174687.02696985
1785247500000,2026-07-28T14:05:00Z,201.17,201.17,200.576,200.6,19948.638102,4007583.6463651
1785247800000,2026-07-28T14:10:00Z,200.72,200.774,200.423,200.63,16131.750567000001,3236371.15685222
1785248100000,2026-07-28T14:15:00Z,200.95,201.412,200.69,201.23,21996.496664000002,4424821.86787924
1785248400000,2026-07-28T14:20:00Z,201.295,201.63,201.286,201.49,15026.272239000002,3027137.20806166
1785248700000,2026-07-28T14:25:00Z,201.29,201.549,201.205,201.37,55729.688599999994,11223101.04683556
1785249000000,2026-07-28T14:30:00Z,201.38,201.432,200.497,200.5,20482.020734,4113338.68154287
1785249300000,2026-07-28T14:35:00Z,201.1,201.544,200.636,201.04,11107.434015,2235062.30885313
1785249600000,2026-07-28T14:40:00Z,201.45,201.738,201.165,201.585,16601.280500999997,3344156.96373729
1785249900000,2026-07-28T14:45:00Z,201.58,201.717,200.88,201.381,20559.968514,4143254.503277115
1785250200000,2026-07-28T14:50:00Z,201.395,201.441,200.227,200.502,10735.184704,2156657.5741968084
1785250500000,2026-07-28T14:55:00Z,200.52,200.977,200.503,200.735,12919.629999999997,2593140.280116
1785250800000,2026-07-28T15:00:00Z,200.728,200.984,200.387,200.459,15855.130451999998,3182307.0157166
1785251100000,2026-07-28T15:05:00Z,200.52,201.019,200.46,200.52,7635.426506000001,1531393.20883469
1785251400000,2026-07-28T15:10:00Z,201.55,201.858,201.022,201.55,9715.692877,1958338.77690607
1785251700000,2026-07-28T15:15:00Z,201.83,202.31,201.585,202.31,30916.756071999996,6240315.33746266
1785252000000,2026-07-28T15:20:00Z,202.252,202.869,202.184,202.655,10197.679057000001,2065185.01376417
1785252300000,2026-07-28T15:25:00Z,202.51,202.814,202.51,202.565,6959.762774999999,1409987.38827886
1785252600000,2026-07-28T15:30:00Z,202.96,203.1,202.616,202.635,10825.140457,2196323.57246119
1785252900000,2026-07-28T15:35:00Z,202.79,202.978,202.61,202.79,7376.908185,1496152.05968569
1785253200000,2026-07-28T15:40:00Z,202.681,202.702,201.761,201.769,7329.211306,1483176.2669385898
1785253500000,2026-07-28T15:45:00Z,201.771,201.771,201.061,201.061,7664.188649,1544466.3612799121
1785253800000,2026-07-28T15:50:00Z,201.01,201.254,200.425,200.55,14003.120556,2812161.28222609
1785254100000,2026-07-28T15:55:00Z,200.58,200.724,200.44,200.7,6116.906476,1226794.52901361
1785254400000,2026-07-28T16:00:00Z,200.855,201.065,200.612,201.06,10724.756156,2153625.41397897
1785254700000,2026-07-28T16:05:00Z,201.57,201.752,201.058,201.69,6203.214900000001,1249362.21886344
1785255000000,2026-07-28T16:10:00Z,201.47,201.844,201.386,201.52,10396.420601999998,2095307.0838318
1785255300000,2026-07-28T16:15:00Z,201.845,202.023,201.782,202.023,5779.207078,1166431.23464973
1785255600000,2026-07-28T16:20:00Z,201.91,202.03,201.543,201.74,8714.048353,1758846.13378403
1785255900000,2026-07-28T16:25:00Z,201.37,201.635,201.186,201.37,6114.0516,1231867.67604024
1785256200000,2026-07-28T16:30:00Z,201.39,201.463,201.188,201.425,9539.01886,1920797.82349109
1785256500000,2026-07-28T16:35:00Z,201.421,201.85,201.42,201.85,6132.8197459999997,1236522.7811168729395484
1785256800000,2026-07-28T16:40:00Z,201.852,202.11,201.775,202.11,6457,1303458.7964
1785257100000,2026-07-28T16:45:00Z,202.31,202.353,202.076,202.31,5929.8591400000005,1198683.66703842
1785257400000,2026-07-28T16:50:00Z,202.14,202.468,202.077,202.11,6332.9959340000005,1280665.40406901
1785257700000,2026-07-28T16:55:00Z,202.41,202.463,202.078,202.41,8381.497628,1694533.47368971
1785258000000,2026-07-28T17:00:00Z,202.36,202.541,202.36,202.36,8016.902945,1623001.95895789
1785258300000,2026-07-28T17:05:00Z,202.42,202.615,202.234,202.345,8874.06939,1796846.41748149
1785258600000,2026-07-28T17:10:00Z,202.24,202.335,202.151,202.24,4203.761611,850181.35949347
1785258900000,2026-07-28T17:15:00Z,202.06,202.373,202.059,202.07,9690.0378,1958938.041648
1785259200000,2026-07-28T17:20:00Z,202.08,202.153,202.065,202.08,9332.510617,1886164.79001896
1785259500000,2026-07-28T17:25:00Z,201.93,202.13,201.766,202.13,6457.8948439999995,1304297.14690577
1785259800000,2026-07-28T17:30:00Z,202.111,202.111,201.901,202.037,3639.4641399999996,735105.51803265
1785260100000,2026-07-28T17:35:00Z,202.13,202.275,202.038,202.09,8520.36418,1722422.29229805
1785260400000,2026-07-28T17:40:00Z,202.085,202.13,202.056,202.085,10202.571841,2062149.94204602
1785260700000,2026-07-28T17:45:00Z,202.085,202.309,202.085,202.253,5258.321418,1063022.78369502
1785261000000,2026-07-28T17:50:00Z,202.34,202.34,202.18,202.18,7409.147646,1498680.1536913
1785261300000,2026-07-28T17:55:00Z,202.14,202.3,202.116,202.3,10261.461901,2074542.30803994
1785261600000,2026-07-28T18:00:00Z,202.28,202.325,201.956,202.16,9451.251891,1911037.46160907
1785261900000,2026-07-28T18:05:00Z,201.915,202.081,201.65,201.71,12417.480425,2505244.06021635
1785262200000,2026-07-28T18:10:00Z,201.785,201.795,201.365,201.61,11687.851071000001,2355968.06057086
1785262500000,2026-07-28T18:15:00Z,201.67,202.265,201.491,201.67,14603.686518999999,2945664.33631928
1785262800000,2026-07-28T18:20:00Z,202.17,202.295,202.115,202.12,9850.211116999999,1991751.10368076
1785263100000,2026-07-28T18:25:00Z,202.11,202.195,202.054,202.16,12779.162095,2582801.56268529
1785263400000,2026-07-28T18:30:00Z,202.29,202.4,202.17,202.4,13164.982242,2662674.26786814
1785263700000,2026-07-28T18:35:00Z,202.135,202.396,202.077,202.135,9471.557493,1914665.87565246
1785264000000,2026-07-28T18:40:00Z,201.99,202.118,201.821,201.99,15382.544356999999,3106437.14970098
1785264300000,2026-07-28T18:45:00Z,202.26,202.365,202.02,202.26,8128.04616,1643662.43532598
1785264600000,2026-07-28T18:50:00Z,202.3,202.31,202.142,202.31,12096.815884000001,2446342.70526609
1785264900000,2026-07-28T18:55:00Z,202.18,202.285,202.09,202.14,13328.5625,2695023.34179375
1785265200000,2026-07-28T19:00:00Z,202.04,202.235,202.04,202.05,10691.50546,2161409.71190124
1785265500000,2026-07-28T19:05:00Z,202,202.065,201.32,201.42,16480.902292,3323856.83761896
1785265800000,2026-07-28T19:10:00Z,201.34,201.424,200.723,200.97,15836.129804,3185953.76790621
1785266100000,2026-07-28T19:15:00Z,201.02,201.02,200.665,200.665,18146.667355999998,3645159.17980117
1785266400000,2026-07-28T19:20:00Z,200.31,200.724,200.254,200.53,17847.46535,3577451.25479957
1785266700000,2026-07-28T19:25:00Z,200.46,200.615,200.372,200.49,18286.69359,3666072.44285858
1785267000000,2026-07-28T19:30:00Z,200.6,200.83,200.467,200.57,20528.675395,4118893.9599282
1785267300000,2026-07-28T19:35:00Z,200.66,200.757,200.526,200.69,20506.089183,4114239.20323121
1785267600000,2026-07-28T19:40:00Z,201.12,201.3,200.711,201.14,19815.800646,3984951.56517041
1785267900000,2026-07-28T19:45:00Z,201.24,201.423,201.148,201.17,26790.65349,5391980.68868462
1785268200000,2026-07-28T19:50:00Z,201.1,201.583,200.696,201.495,56611.634758,11388041.73722709
1785268500000,2026-07-28T19:55:00Z,201.61,202.19,201.278,201.28,206125.26869,41576641.60880453
1785268800000,2026-07-28T20:00:00Z,201.259,201.259,199.802,199.802,258481.041528,51998036.61779225
1785269100000,2026-07-28T20:05:00Z,199.801,199.801,199.8,199.8,82064.46217,16396479.541566
1785269400000,2026-07-28T20:10:00Z,199.8,199.8,199.8,199.8,373.71911,74669.078178
1785269700000,2026-07-28T20:15:00Z,199.8,199.8,199.8,199.8,0.916263,183.0693474
1785270000000,2026-07-28T20:20:00Z,199.8,199.8,199.8,199.8,497,99300.6
1785270300000,2026-07-28T20:25:00Z,199.8,199.8,199.8,199.8,1,199.8
1785270600000,2026-07-28T20:30:00Z,199.8,199.8,199.8,199.8,30,5994
1785270900000,2026-07-28T20:35:00Z,199.8,199.8,199.8,199.8,2,399.6
1785271500000,2026-07-28T20:45:00Z,199.8,199.8,199.8,199.8,5,999
1785271800000,2026-07-28T20:50:00Z,199.8,199.8,199.8,199.8,15,2997
1785273300000,2026-07-28T21:15:00Z,199.8,199.8,199.8,199.8,2,399.6
1785273900000,2026-07-28T21:25:00Z,199.8,199.8,199.8,199.8,50,9990
1785274200000,2026-07-28T21:30:00Z,199.8,199.8,199.8,199.8,56,11188.8
1785274500000,2026-07-28T21:35:00Z,199.8,199.8,199.8,199.8,16,3196.8
1785275700000,2026-07-28T21:55:00Z,199.8,199.8,199.8,199.8,1,199.8
1785276300000,2026-07-28T22:05:00Z,199.8,199.8,199.8,199.8,10,1998
1785276900000,2026-07-28T22:15:00Z,199.557,199.557,198.341,198.341,8,1596.456
1785277800000,2026-07-28T22:30:00Z,198.341,198.341,198.34,198.34,46,9123.6584
1785279000000,2026-07-28T22:50:00Z,198.34,199.108,198.34,199.108,100,19834
1785279300000,2026-07-28T22:55:00Z,199.214,199.745,199.214,199.745,206,41147.47
1785279600000,2026-07-28T23:00:00Z,199.641,199.745,199.121,199.745,158,31482.2268
1785280200000,2026-07-28T23:10:00Z,199.745,200.219,199.745,200.219,127,25377.2543
1785280500000,2026-07-28T23:15:00Z,200.22,200.22,200.22,200.22,15,3003.3
1785280800000,2026-07-28T23:20:00Z,200.617,202.599,200.617,202.599,5,1012.995
1785281100000,2026-07-28T23:25:00Z,202.599,202.599,202.599,202.599,1,202.599
1785281700000,2026-07-28T23:35:00Z,202.6,202.6,202.472,202.472,0.899951,182.3300726
1785282300000,2026-07-28T23:45:00Z,202.471,202.471,200.371,200.371,20,4007.42
1785282600000,2026-07-28T23:50:00Z,200.37,200.37,200.37,200.37,0,0
1785294300000,2026-07-29T03:05:00Z,202.14,202.14,202.14,202.14,1,202.14
1785298500000,2026-07-29T04:15:00Z,202.09,202.14,202.09,202.14,30,6062.95
1785298800000,2026-07-29T04:20:00Z,202.09,202.09,202.09,202.09,24,4850.16
1785300600000,2026-07-29T04:50:00Z,201.34,201.34,201.34,201.34,14,2818.76
1785306600000,2026-07-29T06:30:00Z,201.34,201.34,201.34,201.34,30,6040.2
1785310800000,2026-07-29T07:40:00Z,202.15,202.16,202.15,202.16,33,6671.27
1785312000000,2026-07-29T08:00:00Z,200.508,201.2,200.508,201.2,74,14888.2524
1785312300000,2026-07-29T08:05:00Z,201.2,201.2,201.2,201.2,0,0
1785312600000,2026-07-29T08:10:00Z,201.2,201.2,201.2,201.2,0,0
1785313500000,2026-07-29T08:25:00Z,201.747,203.499,201.747,203.499,411,83277.1899
1785313800000,2026-07-29T08:30:00Z,203.5,203.5,203.5,203.5,568,115588
1785314700000,2026-07-29T08:45:00Z,203.5,203.5,203.5,203.5,2,407
1785315000000,2026-07-29T08:50:00Z,203.5,203.5,203.5,203.5,0,0
1785316500000,2026-07-29T09:15:00Z,203.5,203.5,203.5,203.5,0,0
1785317100000,2026-07-29T09:25:00Z,203.5,203.5,203.5,203.5,5,1017.5
1785317700000,2026-07-29T09:35:00Z,203.5,203.5,203.5,203.5,5,1017.5
1785318000000,2026-07-29T09:40:00Z,203.5,203.5,196.826,196.826,57,11561.0136
1785318300000,2026-07-29T09:45:00Z,196.825,196.825,196.825,196.825,6,1180.95
1785318600000,2026-07-29T09:50:00Z,196.825,196.825,196.825,196.825,5,984.125
1785318900000,2026-07-29T09:55:00Z,196.888,197.891,196.888,197.891,0,0
1785319200000,2026-07-29T10:00:00Z,197.892,198.369,197.892,198.369,5,991.845
1785319500000,2026-07-29T10:05:00Z,198.374,198.394,198.374,198.394,0,0
1785320100000,2026-07-29T10:15:00Z,198.396,198.435,198.396,198.435,0,0
1785320700000,2026-07-29T10:25:00Z,198.435,198.435,198.435,198.435,0,0
1785321000000,2026-07-29T10:30:00Z,198.435,198.435,198.435,198.435,5,992.175
1785321900000,2026-07-29T10:45:00Z,198.435,198.435,198.435,198.435,15,2976.525
1785322500000,2026-07-29T10:55:00Z,198.435,198.435,198.435,198.435,28,5556.18
1785322800000,2026-07-29T11:00:00Z,198.435,198.435,198.435,198.435,56,11112.36
1785323100000,2026-07-29T11:05:00Z,198.435,198.435,198.435,198.435,10,1984.35
1785323400000,2026-07-29T11:10:00Z,198.435,198.435,198.435,198.435,5,992.175
1785323700000,2026-07-29T11:15:00Z,198.435,198.435,198.435,198.435,5,992.175
1785324000000,2026-07-29T11:20:00Z,198.435,203.095,198.435,201.261,1725,344797.485
1785324300000,2026-07-29T11:25:00Z,201.26,201.26,201.26,201.26,254,51120.04
1785324600000,2026-07-29T11:30:00Z,201.257,201.257,201.24,201.24,0,0
1785324900000,2026-07-29T11:35:00Z,201.24,201.268,201.24,201.268,0,0
1785325200000,2026-07-29T11:40:00Z,201.269,201.269,201.269,201.269,6,1207.614
1785325500000,2026-07-29T11:45:00Z,201.27,201.27,201.27,201.27,1,201.27
1785325800000,2026-07-29T11:50:00Z,201.272,201.274,201.272,201.274,1,201.274
1785326100000,2026-07-29T11:55:00Z,201.274,201.274,201.274,201.274,48,9661.152
1785326400000,2026-07-29T12:00:00Z,201.275,201.275,201.275,201.275,20,4025.5
1785326700000,2026-07-29T12:05:00Z,201.275,201.275,201.275,201.275,41,8252.275
1785327600000,2026-07-29T12:20:00Z,201.275,201.275,201.275,201.275,5,1006.375
1785327900000,2026-07-29T12:25:00Z,201.275,201.275,201.275,201.275,129,25964.475
1785328200000,2026-07-29T12:30:00Z,201.275,201.275,201.275,201.275,0,0
1785328800000,2026-07-29T12:40:00Z,201.275,201.275,201.275,201.275,0,0
1785329100000,2026-07-29T12:45:00Z,201.275,201.275,201.275,201.275,0,0
1785329700000,2026-07-29T12:55:00Z,201.275,202.495,201.275,202.495,378,76141.5228
1785330000000,2026-07-29T13:00:00Z,202.496,202.499,201.855,201.855,100,20243.46
1785330900000,2026-07-29T13:15:00Z,201.855,202.499,201.855,202.499,169,34214.1514
1785331200000,2026-07-29T13:20:00Z,202.5,202.5,201.885,201.885,124,25106.0816
1785331500000,2026-07-29T13:25:00Z,201.884,202.005,200.03,200.388,15,3023.961
1785331800000,2026-07-29T13:30:00Z,201.38,204.335,200.416,203.6,62751.727482999995,12622440.95630522
1785332100000,2026-07-29T13:35:00Z,201.97,203.54,201.97,201.97,10993.534192000001,2229589.87465217
1785332400000,2026-07-29T13:40:00Z,203.6,204.135,203.29,204.135,15722.375334,3203143.11035882
1785332700000,2026-07-29T13:45:00Z,204.47,204.991,204.129,204.915,16334.250607999998,3343614.56575736
1785333000000,2026-07-29T13:50:00Z,204.91,206.34,204.886,206.092,16228.751335,3337350.5926528986
1785333300000,2026-07-29T13:55:00Z,206.092,206.979,206.091,206.979,16283.150779,3360595.0147364374
1785333600000,2026-07-29T14:00:00Z,206.965,207.64,206.953,207.43,18757.013455,3888914.0564134735
1785333900000,2026-07-29T14:05:00Z,207.478,207.546,206.59,206.775,36414.163808000005,7554943.2281295530374075
1785334200000,2026-07-29T14:10:00Z,206.71,206.976,206.156,206.35,16553.353404,3417011.07840264
1785334500000,2026-07-29T14:15:00Z,206.3,206.602,206.02,206.34,52233.800375,10777948.48627769
1785334800000,2026-07-29T14:20:00Z,206.38,207.14,205.998,207.14,20619.147643,4256354.97624585
1785335100000,2026-07-29T14:25:00Z,206.96,207.565,206.96,207.565,31559.113498,6540642.05201725
1785335400000,2026-07-29T14:30:00Z,207.12,207.506,206.881,207.5,28973.071559,6000853.32707843
1785335700000,2026-07-29T14:35:00Z,207.53,208.1,207.331,208.1,16229.749685,3369709.89322297
1785336000000,2026-07-29T14:40:00Z,207.95,207.95,207.435,207.7,20132.836473999996,4181054.60219959
1785336300000,2026-07-29T14:45:00Z,207.505,207.618,207.066,207.244,8549.194237999998,1773464.51587747
1785336600000,2026-07-29T14:50:00Z,207.24,207.74,207.24,207.34,22494.449393000003,4666772.70275478
1785336900000,2026-07-29T14:55:00Z,207.683,207.965,207.631,207.667,3487.080014,724545.767608885
1785337200000,2026-07-29T15:00:00Z,207.661,207.661,207.485,207.59,8280.018651,1718579.9711549325
1785337500000,2026-07-29T15:05:00Z,207.59,208.07,207.585,208.005,10031.167274,2083837.1442058266
1785337800000,2026-07-29T15:10:00Z,208.005,208.08,207.83,207.89,6039.63888,1255952.3059988
1785338100000,2026-07-29T15:15:00Z,207.855,208.441,207.846,208.22,14274.881484000001,2968522.98658818
1785338400000,2026-07-29T15:20:00Z,208.5,208.586,207.859,208.255,12316.826523,2566297.02385271
1785338700000,2026-07-29T15:25:00Z,208.16,208.277,207.932,208.09,14119.455447,2939248.45234753
1785339000000,2026-07-29T15:30:00Z,208.22,208.439,208.035,208.11,10031.005889,2088862.68492889
1785339300000,2026-07-29T15:35:00Z,208.17,208.229,207.931,208.13,11023.155711,2293897.75946325
1785339600000,2026-07-29T15:40:00Z,207.92,208.184,207.858,208.09,5079.42595,1056328.59529909
1785339900000,2026-07-29T15:45:00Z,208.16,208.581,208.041,208.58,20492.960387,4268327.07110137
1785340200000,2026-07-29T15:50:00Z,208.59,208.6,208.37,208.6,11151.404910000001,2325217.35256079
1785340500000,2026-07-29T15:55:00Z,208.51,208.84,208.41,208.46,11063.770633,2307977.7876841
1785340800000,2026-07-29T16:00:00Z,208.91,208.917,208.406,208.59,15711.69168,3278318.3139829
1785341100000,2026-07-29T16:05:00Z,208.444,208.444,208.164,208.371,4105.805213000001,855146.4346700864082774
1785341400000,2026-07-29T16:10:00Z,208.37,208.37,207.917,208.01,5499.217324,1145700.4082031184
1785341700000,2026-07-29T16:15:00Z,208.01,208.259,207.931,208.09,3694.3496649999997,768616.0976326469375845
1785342000000,2026-07-29T16:20:00Z,208.09,208.472,208.075,208.329,8508.96169,1772216.4914837303
1785342300000,2026-07-29T16:25:00Z,208.325,208.49,208.11,208.38,7097.83442,1477638.762618714
1785342600000,2026-07-29T16:30:00Z,208.6,208.6,208.381,208.46,12104.072635,2523466.74620291
1785342900000,2026-07-29T16:35:00Z,208.295,208.449,206.97,207.02,13562.079529,2814941.15841538
1785343200000,2026-07-29T16:40:00Z,207.04,207.549,206.842,207.47,12962.115694999997,2683365.34271612
1785343500000,2026-07-29T16:45:00Z,207.78,207.86,207.457,207.86,7428.971858,1542012.37323823
1785343800000,2026-07-29T16:50:00Z,208,208.535,207.855,208.27,15852.967257999999,3300952.40136253
1785344100000,2026-07-29T16:55:00Z,208.27,208.315,207.9,207.9,14887.547356000001,3099724.32495488
1785344400000,2026-07-29T17:00:00Z,208.085,208.455,207.925,208.31,17745.530920999998,3694390.62040332
1785344700000,2026-07-29T17:05:00Z,208.19,208.211,207.681,207.7,9065.715635999999,1886126.67092762
1785345000000,2026-07-29T17:10:00Z,207.68,208.087,207.676,207.755,7246.0467229999995,1506061.10258399
1785345300000,2026-07-29T17:15:00Z,207.5,207.798,207.45,207.595,6959.523043,1444858.22752958
1785345600000,2026-07-29T17:20:00Z,207.626,207.7,207.186,207.55,30676.806879,6365304.3311451535
1785345900000,2026-07-29T17:25:00Z,207.543,207.658,207.373,207.416,11328.260352,2351678.4830208832
1785346200000,2026-07-29T17:30:00Z,207.422,207.445,207.14,207.292,1011,209573.7038
1785346500000,2026-07-29T17:35:00Z,207.286,207.286,207.07,207.07,6721.13884,1392363.81065046
1785346800000,2026-07-29T17:40:00Z,207.07,207.339,207.07,207.245,8351.737582,1730441.6122832882
1785347100000,2026-07-29T17:45:00Z,207.305,207.427,207.221,207.305,4119.708181,854155.57599945
1785347400000,2026-07-29T17:50:00Z,207.49,207.585,207.38,207.48,11681.268772000001,2423709.07744221
1785347700000,2026-07-29T17:55:00Z,207.47,207.746,207.444,207.71,7660.160999,1589603.67182018
1785348000000,2026-07-29T18:00:00Z,208.15,208.69,207.715,208.295,24041.041616,5006938.78551034
1785348300000,2026-07-29T18:05:00Z,208.1,208.272,207.74,207.745,33650.911888999995,7000426.12099818
1785348600000,2026-07-29T18:10:00Z,207.815,208.48,207.755,208.48,15656.095134,3259888.64465878
1785348900000,2026-07-29T18:15:00Z,208.22,208.779,208.216,208.54,22014.993293,4588472.7755942
1785349200000,2026-07-29T18:20:00Z,207.91,208.488,207.81,207.81,13208.314091,2748515.43753337
1785349500000,2026-07-29T18:25:00Z,208.01,208.271,207.88,208.06,12694.027723,2641187.95579708
1785349800000,2026-07-29T18:30:00Z,208.231,208.477,208.141,208.16,13443.74806,2799682.303498104
1785350100000,2026-07-29T18:35:00Z,208.161,209.209,208.157,208.974,13231.439699999999,2756646.4950512597916642
1785350400000,2026-07-29T18:40:00Z,208.974,208.985,208.588,208.93,16717.739127,3490952.9810960482
1785350700000,2026-07-29T18:45:00Z,208.93,209.289,208.847,209.118,2859.0238,597481.5977125
1785351000000,2026-07-29T18:50:00Z,209.113,209.138,208.727,208.783,3915.059574,818522.4866961756
1785351300000,2026-07-29T18:55:00Z,208.778,208.815,207.9,208.002,7184.023666,1499316.1492716504
1785351600000,2026-07-29T19:00:00Z,208.001,208.001,207.368,207.698,200,41532
1785351900000,2026-07-29T19:05:00Z,207.93,207.93,207.49,207.54,21102.022355,4382054.40304824
1785352200000,2026-07-29T19:10:00Z,207.41,207.921,207.377,207.9,15048.383243,3125484.49152316
1785352500000,2026-07-29T19:15:00Z,207.955,208.08,207.744,208.03,19942.715635,4148068.89790749
1785352800000,2026-07-29T19:20:00Z,208.105,208.11,207.383,207.565,21401.959659,4448502.18472548
1785353100000,2026-07-29T19:25:00Z,207.35,207.535,207.35,207.37,19456.508452,4036167.06973021
1785353400000,2026-07-29T19:30:00Z,208.025,208.025,207.346,207.45,19469.963896,4042706.31043404
1785353700000,2026-07-29T19:35:00Z,207.25,207.569,206.91,206.91,19428.759923999998,4027548.90335333
1785354000000,2026-07-29T19:40:00Z,207.11,207.25,206.985,207.17,22491.790344,4657779.87875827
1785354300000,2026-07-29T19:45:00Z,207.154,207.239,206.635,207.066,7679.253385,1591079.0368493695
1785354600000,2026-07-29T19:50:00Z,207.063,207.558,206.99,207.558,9357.616938,1938381.7657800564
1785354900000,2026-07-29T19:55:00Z,207.74,207.9,207.69,207.86,66322.62213999999,13791517.351262223920541
1785355200000,2026-07-29T20:00:00Z,207.833,207.847,206.447,207.665,0,0
1785355500000,2026-07-29T20:05:00Z,207.665,207.665,207.665,207.665,215105.83904,44669954.0642416
1785355800000,2026-07-29T20:10:00Z,207.665,207.665,207.665,207.665,7166.450006,1488220.84049599
1785356100000,2026-07-29T20:15:00Z,207.665,207.665,207.665,207.665,2.969131,616.58458912
1785356400000,2026-07-29T20:20:00Z,207.665,207.665,206.095,206.095,83,17210.0417
1785356700000,2026-07-29T20:25:00Z,206.095,206.399,206.095,206.399,109,22465.5758
1785357000000,2026-07-29T20:30:00Z,206.4,206.4,206.4,206.4,2,412.8
1785357300000,2026-07-29T20:35:00Z,206.4,206.4,206.4,206.4,25,5160
1785357900000,2026-07-29T20:45:00Z,206.4,206.4,206.4,206.4,3,619.2
1785358200000,2026-07-29T20:50:00Z,206.4,206.4,206.4,206.4,1,206.4
1785358500000,2026-07-29T20:55:00Z,206.583,207.5,206.583,207.5,123,25503.6687
1785358800000,2026-07-29T21:00:00Z,207.5,207.5,207.5,207.5,8,1660
1785359100000,2026-07-29T21:05:00Z,207.5,207.5,207.5,207.5,31,6432.5
1785359400000,2026-07-29T21:10:00Z,207.5,207.5,207.5,207.5,16,3320
1785359700000,2026-07-29T21:15:00Z,207.5,207.5,207.5,207.5,11,2282.5
1785360000000,2026-07-29T21:20:00Z,207.5,207.5,207.5,207.5,17,3527.5
1785360300000,2026-07-29T21:25:00Z,207.5,207.5,207.5,207.5,5,1037.5
1785360600000,2026-07-29T21:30:00Z,207.5,207.5,207.063,207.063,9.75,2021.458725
1785360900000,2026-07-29T21:35:00Z,206.898,206.898,206.071,206.071,5,1030.355
1785361500000,2026-07-29T21:45:00Z,206.07,206.07,206.07,206.07,30,6182.1
1785361800000,2026-07-29T21:50:00Z,206.07,206.07,206.07,206.07,11,2266.77
1785362100000,2026-07-29T21:55:00Z,206.179,208.4,206.179,207.115,2122,439932.4034
1785362400000,2026-07-29T22:00:00Z,207.05,207.05,206.726,206.726,12,2480.712
1785363300000,2026-07-29T22:15:00Z,206.725,206.725,206.725,206.725,2,413.45
1785363600000,2026-07-29T22:20:00Z,206.725,206.725,206.725,206.725,51,10542.975
1785364200000,2026-07-29T22:30:00Z,206.725,206.725,206.402,206.402,6,1240.35
1785364500000,2026-07-29T22:35:00Z,206.401,206.725,206.401,206.725,5,1033.352
1785364800000,2026-07-29T22:40:00Z,206.725,206.725,206.725,206.725,180,37210.5
1785365100000,2026-07-29T22:45:00Z,206.725,206.725,206.725,206.725,301,62224.225
1785365400000,2026-07-29T22:50:00Z,206.725,206.725,206.725,206.725,13,2687.425
1785366300000,2026-07-29T23:05:00Z,208.27,209.249,206.725,208.27,1068,221227.7628
1785367200000,2026-07-29T23:20:00Z,209.249,209.25,209.249,209.25,18,3766.4946
1785367500000,2026-07-29T23:25:00Z,209.25,209.548,209.25,209.548,262,54833.194
1785367800000,2026-07-29T23:30:00Z,209.549,209.549,209.549,209.549,20,4190.98
1785368100000,2026-07-29T23:35:00Z,209.55,209.55,209.55,209.55,0.266691,55.88509905
1785368400000,2026-07-29T23:40:00Z,209.55,209.55,209.55,209.55,9,1885.95
1785368700000,2026-07-29T23:45:00Z,209.55,209.55,209.55,209.55,1,209.55
1785369000000,2026-07-29T23:50:00Z,209.55,209.55,209.55,209.55,6,1257.3
1785369300000,2026-07-29T23:55:00Z,209.55,209.55,209.501,209.501,7,1466.85
1785374700000,2026-07-30T01:25:00Z,208.12,208.12,208.12,208.12,1,208.12
1785379800000,2026-07-30T02:50:00Z,208.34,208.34,208.34,208.34,14,2916.76
1785380100000,2026-07-30T02:55:00Z,208.12,208.12,208.12,208.12,7,1456.84
1785380700000,2026-07-30T03:05:00Z,208.41,208.41,208.41,208.41,1,208.41
1785382500000,2026-07-30T03:35:00Z,208.41,208.41,208.41,208.41,6,1250.46
1785383400000,2026-07-30T03:50:00Z,208.51,208.51,208.51,208.51,15,3127.65
1785383700000,2026-07-30T03:55:00Z,208.44,208.44,208.44,208.44,23,4794.12
1785387600000,2026-07-30T05:00:00Z,208.61,209.01,208.61,209.01,140,29231.34
1785390300000,2026-07-30T05:45:00Z,208.2,208.2,208.2,208.2,6,1249.2
1785390600000,2026-07-30T05:50:00Z,208.2,208.2,208.2,208.2,5,1041
1785391500000,2026-07-30T06:05:00Z,208.21,208.21,208.21,208.21,4,832.84
1785392100000,2026-07-30T06:15:00Z,208.21,208.21,208.21,208.21,2,416.42
1785392400000,2026-07-30T06:20:00Z,208.21,208.21,208.21,208.21,1,208.21
1785393000000,2026-07-30T06:30:00Z,208.2,208.2,208.2,208.2,4,832.8
1785394800000,2026-07-30T07:00:00Z,208.23,208.23,208.23,208.23,29,6038.67
1785397500000,2026-07-30T07:45:00Z,208.5,208.5,208.22,208.22,2,416.72
1785398400000,2026-07-30T08:00:00Z,209.5,209.5,208.84,208.84,222,46363.1682
1785398700000,2026-07-30T08:05:00Z,208.685,208.685,207.911,207.911,1,208.685
1785399600000,2026-07-30T08:20:00Z,207.91,209.004,207.91,209.004,259,54056.7188
1785400200000,2026-07-30T08:30:00Z,209.005,209.005,209.005,209.005,0,0
1785400500000,2026-07-30T08:35:00Z,208.846,208.846,208.052,208.052,0,0
1785401400000,2026-07-30T08:50:00Z,208.051,208.051,208.051,208.051,10,2080.51
1785402000000,2026-07-30T09:00:00Z,208.05,208.05,208.05,208.05,7,1456.35
1785402300000,2026-07-30T09:05:00Z,208.05,208.05,208.05,208.05,51,10610.55
1785402600000,2026-07-30T09:10:00Z,208.05,208.05,208.05,208.05,80,16644
1785402900000,2026-07-30T09:15:00Z,208.05,208.05,208.05,208.05,100,20805
1785403500000,2026-07-30T09:25:00Z,208.05,208.05,208.05,208.05,4,832.2
1785403800000,2026-07-30T09:30:00Z,208.05,208.05,208.05,208.05,0,0
1785404700000,2026-07-30T09:45:00Z,208.05,208.05,208.05,208.05,1,208.05
1785405600000,2026-07-30T10:00:00Z,208.05,208.05,208.05,208.05,2,416.1
1785406200000,2026-07-30T10:10:00Z,208.05,208.05,208.05,208.05,154,32039.7
1785406800000,2026-07-30T10:20:00Z,208.05,208.05,206.737,206.737,169.007183,35150.99275769
1785407100000,2026-07-30T10:25:00Z,206.736,207.469,206.736,207.469,31,6413.3358
1785407700000,2026-07-30T10:35:00Z,207.47,207.47,207.47,207.47,0,0
1785408300000,2026-07-30T10:45:00Z,207.47,207.47,207.47,207.47,0,0
1785408600000,2026-07-30T10:50:00Z,207.392,207.392,207.001,207.001,0,0
1785408900000,2026-07-30T10:55:00Z,207,207,207,207,211,43677
1785409200000,2026-07-30T11:00:00Z,207,207,205.166,205.166,222.008063,45764.85311085
1785409500000,2026-07-30T11:05:00Z,205.166,205.166,205.165,205.165,96,19695.8976
1785409800000,2026-07-30T11:10:00Z,205.165,205.165,205.165,205.165,27.146095,5569.42858068
1785410100000,2026-07-30T11:15:00Z,205.165,205.165,205.165,205.165,8,1641.32
1785410400000,2026-07-30T11:20:00Z,205.165,205.165,205.165,205.165,315,64626.975
1785410700000,2026-07-30T11:25:00Z,205.165,205.165,205.165,205.165,34,6975.61
1785411000000,2026-07-30T11:30:00Z,205.165,205.165,205.165,205.165,122,25030.13
1785411300000,2026-07-30T11:35:00Z,205.165,205.165,205.165,205.165,38,7796.27
1785411600000,2026-07-30T11:40:00Z,205.165,205.165,205.165,205.165,0,0
1785412500000,2026-07-30T11:55:00Z,205.165,205.165,205.165,205.165,0,0
1785412800000,2026-07-30T12:00:00Z,205.165,205.165,205.165,205.165,3,615.495
1785413100000,2026-07-30T12:05:00Z,205.165,205.165,205.165,205.165,7,1436.155
1785413400000,2026-07-30T12:10:00Z,204.9,204.9,203.606,203.606,288,59011.2
1785414000000,2026-07-30T12:20:00Z,203.605,203.605,203.605,203.605,27,5497.335
1785414300000,2026-07-30T12:25:00Z,203.605,203.605,203.605,203.605,50,10180.25
1785414600000,2026-07-30T12:30:00Z,203.605,205.04,203.605,205.04,90,18452.16
1785414900000,2026-07-30T12:35:00Z,205.04,205.04,205.04,205.04,1,205.04
1785415200000,2026-07-30T12:40:00Z,205.04,205.04,205.04,205.04,65,13327.6
1785415500000,2026-07-30T12:45:00Z,205.04,205.04,205.04,205.04,564,115642.56
1785415800000,2026-07-30T12:50:00Z,205.04,205.04,205.04,205.04,1212.008226,248510.16665904
1785416100000,2026-07-30T12:55:00Z,205.04,205.04,200.331,203.778,119,24377.4475
1785416400000,2026-07-30T13:00:00Z,203.779,203.78,203.779,203.78,125,25472.5
1785416700000,2026-07-30T13:05:00Z,203.78,203.78,203.78,203.78,8,1630.24
1785417000000,2026-07-30T13:10:00Z,203.65,203.65,203,203,2,406.303
1785417300000,2026-07-30T13:15:00Z,203,203,203,203,0,0
1785417600000,2026-07-30T13:20:00Z,203.024,203.51,203.024,203.145,3000,609433.5
1785417900000,2026-07-30T13:25:00Z,203.145,203.145,203.145,203.145,48,9750.96
1785418200000,2026-07-30T13:30:00Z,203.145,203.145,200.483,201.153,1288,260774.7912
1785418500000,2026-07-30T13:35:00Z,201.14,202.276,200.518,201.398,400,80503
1785418800000,2026-07-30T13:40:00Z,201.401,201.884,200.985,201.565,1665,335036.675
1785419100000,2026-07-30T13:45:00Z,201.565,201.85,200.37,200.694,19904.077729999997,4008868.5315024463957583
1785419400000,2026-07-30T13:50:00Z,200.699,200.81,199.49,199.562,31414.432667,6293356.9909319555
1785419700000,2026-07-30T13:55:00Z,199.54,200.268,199.451,199.775,36578.814982,7307031.6332638
1785420000000,2026-07-30T14:00:00Z,199.4,199.664,199.23,199.63,25153.116628,5017186.53069732
1785420300000,2026-07-30T14:05:00Z,199.1,199.425,198.826,199.425,17277.588064,3439539.29935841
1785420600000,2026-07-30T14:10:00Z,198.85,198.871,197.839,198.3,24190.607197,4798376.27177533
1785420900000,2026-07-30T14:15:00Z,198.26,198.486,197.932,197.965,15110.789556,2995868.15953047
1785421200000,2026-07-30T14:20:00Z,197.76,198.157,197.206,197.31,9821.646827999999,1943676.40665008
1785421500000,2026-07-30T14:25:00Z,197.78,197.78,197.221,197.655,22191.678050000002,4382472.49884474
1785421800000,2026-07-30T14:30:00Z,197.89,198.11,197.507,197.85,23652.066699,4678773.78257607
1785422100000,2026-07-30T14:35:00Z,198.37,198.464,197.19,197.19,18306.825574000002,3623552.3665769
1785422400000,2026-07-30T14:40:00Z,197.18,197.632,197.164,197.215,21588.884814,4259815.12485137
1785422700000,2026-07-30T14:45:00Z,197.54,197.54,197.001,197.54,10000.971841,1972550.68193429
1785423000000,2026-07-30T14:50:00Z,197.415,198.566,197.41,198.324,19278.972876,3815806.615464311
1785423300000,2026-07-30T14:55:00Z,198.322,198.642,198.235,198.592,9812.424752,1947289.8460728986
1785423600000,2026-07-30T15:00:00Z,198.755,199,198.551,199,19755.213749,3925900.28926165
1785423900000,2026-07-30T15:05:00Z,198.525,199.22,198.525,199,12185.776245000001,2422082.66236256
1785424200000,2026-07-30T15:10:00Z,199.08,199.579,198.419,198.96,21030.418020999998,4191637.81006137
1785424500000,2026-07-30T15:15:00Z,198.4,198.874,198.4,198.4,10853.075607000002,2155746.40781841
1785424800000,2026-07-30T15:20:00Z,199.35,199.655,198.865,199.24,9857.900209,1964463.62363912
1785425100000,2026-07-30T15:25:00Z,200.36,200.524,199.66,200.52,16917.740549000002,3385532.5607664
1785425400000,2026-07-30T15:30:00Z,200.7,200.7,200.22,200.22,11398.45764,2285436.35065056
1785425700000,2026-07-30T15:35:00Z,200.431,200.585,200.382,200.516,4639.414369,930190.0545657
1785426000000,2026-07-30T15:40:00Z,201.235,201.539,200.4,201.34,17104.983638,3434403.61377546
1785426300000,2026-07-30T15:45:00Z,201.3,201.518,201.173,201.43,7585.342923,1527588.69669991
1785426600000,2026-07-30T15:50:00Z,201.46,201.568,201.409,201.52,6348.616302,1279122.38683511
1785426900000,2026-07-30T15:55:00Z,201.571,201.74,201.418,201.635,11872.892901,2393945.4263589908
1785427200000,2026-07-30T16:00:00Z,201.627,201.627,201.114,201.114,7523.19407,1516318.572793675
1785427500000,2026-07-30T16:05:00Z,201.113,201.113,200.582,200.77,8325.582208,1671624.3603281034
1785427800000,2026-07-30T16:10:00Z,200.772,201.154,200.621,200.645,9035.787671,1815721.4373320591
1785428100000,2026-07-30T16:15:00Z,200.646,200.669,200.552,200.66,2787.660617,559305.9118505971
1785428400000,2026-07-30T16:20:00Z,200.36,200.717,200.328,200.515,7450.058591999999,1494036.2400514
1785428700000,2026-07-30T16:25:00Z,200.58,200.838,200.58,200.58,3899.8925879999997,782806.71970482
1785429000000,2026-07-30T16:30:00Z,200.59,200.941,200.586,200.76,8726.923943,1751338.29611391
1785429300000,2026-07-30T16:35:00Z,201.265,201.378,200.838,201.19,12562.35705,2526958.32015006
1785429600000,2026-07-30T16:40:00Z,201.15,201.21,200.992,201.15,6993.711851,1406635.47339504
1785429900000,2026-07-30T16:45:00Z,201.15,201.449,201.037,201.037,8027.972414,1616307.81198648
1785430200000,2026-07-30T16:50:00Z,201.07,201.21,200.969,201.06,7698.032722000001,1547686.39954501
1785430500000,2026-07-30T16:55:00Z,200.74,200.994,200.635,200.635,7957.751289,1597682.5009433
1785430800000,2026-07-30T17:00:00Z,201,201.162,200.764,201,6622.584341,1331018.25924756
1785431100000,2026-07-30T17:05:00Z,201.021,201.377,201.004,201.377,5664.462001,1138976.03238907
1785431400000,2026-07-30T17:10:00Z,201.22,201.407,201.117,201.3,9838.311050999999,1980043.72465768
1785431700000,2026-07-30T17:15:00Z,201.47,201.598,201.29,201.47,5233.346099,1054055.04114952
1785432000000,2026-07-30T17:20:00Z,201.35,201.424,201.237,201.35,4042.8621209999997,814035.94807032
1785432300000,2026-07-30T17:25:00Z,201.28,201.445,201.253,201.445,5902.105316,1188385.36411341
1785432600000,2026-07-30T17:30:00Z,201.355,201.612,201.28,201.34,7008.054837000001,1411928.92653652
1785432900000,2026-07-30T17:35:00Z,201.24,201.419,201.075,201.24,4549.278252,915715.5757164
1785433200000,2026-07-30T17:40:00Z,201.113,201.455,201.113,201.428,4484.848006,902498.073337
1785433500000,2026-07-30T17:45:00Z,201.425,201.483,201.297,201.483,3279.765722,660603.8521938
1785433800000,2026-07-30T17:50:00Z,201.37,201.49,201.26,201.37,4119.158268,829690.7443204
1785434100000,2026-07-30T17:55:00Z,201.385,201.563,201.376,201.385,5653.574744,1138754.89744344
1785434400000,2026-07-30T18:00:00Z,201.47,201.655,201.46,201.655,5394.452124,1087221.61666031
1785434700000,2026-07-30T18:05:00Z,201.65,201.803,201.65,201.69,6803.365609,1372447.02632294
1785435000000,2026-07-30T18:10:00Z,201.77,201.814,201.582,201.71,7423.235411,1497328.93757615
1785435300000,2026-07-30T18:15:00Z,201.69,201.81,201.521,201.81,4769.268014,961840.21901624
1785435600000,2026-07-30T18:20:00Z,201.756,201.775,201.61,201.775,2607,525905.2991
1785435900000,2026-07-30T18:25:00Z,201.775,202.095,201.705,202.093,7648.215358,1543723.2914511472
1785436200000,2026-07-30T18:30:00Z,202.092,202.262,202.02,202.262,1944.1851190000002,392912.0358094240404192
1785436500000,2026-07-30T18:35:00Z,202.262,202.308,201.955,201.956,10548.777628,2133338.1779383364
1785436800000,2026-07-30T18:40:00Z,201.956,201.956,201.408,201.558,10270.832496,2072521.010936712
1785437100000,2026-07-30T18:45:00Z,201.565,201.754,201.556,201.58,9296.667521,1874739.9416158
1785437400000,2026-07-30T18:50:00Z,201.635,201.808,201.564,201.74,8905.50511,1796019.52416027
1785437700000,2026-07-30T18:55:00Z,201.745,201.97,201.69,201.96,13501.464183,2725597.28077178
1785438000000,2026-07-30T19:00:00Z,201.895,201.943,201.806,201.885,6220.241172,1255918.94265264
1785438300000,2026-07-30T19:05:00Z,201.96,201.96,201.409,201.51,8209.476616,1656250.41401074
1785438600000,2026-07-30T19:10:00Z,201.59,201.949,201.45,201.93,14186.480624,2860329.29474113
1785438900000,2026-07-30T19:15:00Z,201.6,201.95,201.441,201.58,9770.364494,1971087.01152985
1785439200000,2026-07-30T19:20:00Z,201.805,201.91,201.559,201.885,10198.121542,2057928.91675574
1785439500000,2026-07-30T19:25:00Z,201.895,201.99,201.656,201.78,9944.164873,2007677.16703434
1785439800000,2026-07-30T19:30:00Z,201.8,201.8,201.43,201.48,14676.295296,2959102.16853788
1785440100000,2026-07-30T19:35:00Z,201.44,201.494,201.2,201.235,17845.830482,3592799.32970731
1785440400000,2026-07-30T19:40:00Z,201.29,201.605,201.279,201.59,21476.900438999997,4325892.32025369
1785440700000,2026-07-30T19:45:00Z,201.57,201.685,201.53,201.64,18104.064436,3649799.30476848
1785441000000,2026-07-30T19:50:00Z,201.695,202.109,201.612,201.99,30022.351914,6058408.54024869
1785441300000,2026-07-30T19:55:00Z,202.16,202.27,201.625,201.68,187109.09922099998,37799031.78822953
1785441600000,2026-07-30T20:00:00Z,201.676,201.676,201.605,201.605,270297.512651,54494735.58507064
1785441900000,2026-07-30T20:05:00Z,201.605,201.605,201.605,201.605,20.40533,4113.81655465
1785442200000,2026-07-30T20:10:00Z,201.605,201.605,201.605,201.605,121.629943,24521.20465852
1785442500000,2026-07-30T20:15:00Z,201.605,201.605,201.605,201.605,64.472735,12998.02573968
1785442800000,2026-07-30T20:20:00Z,201.605,202.555,201.605,202.555,509,102620.1008
1785443400000,2026-07-30T20:30:00Z,202.555,202.555,202.555,202.555,1,202.555
1785443700000,2026-07-30T20:35:00Z,202.133,202.133,200.026,200.026,11,2221.3565
1785444300000,2026-07-30T20:45:00Z,200.025,200.025,200.025,200.025,0,0
1785444900000,2026-07-30T20:55:00Z,200.025,200.573,200.025,200.573,0,0
1785445500000,2026-07-30T21:05:00Z,200.574,200.574,200.574,200.574,1,200.574
1785445800000,2026-07-30T21:10:00Z,200.574,200.575,200.574,200.575,13.070967,2621.70920603
1785446100000,2026-07-30T21:15:00Z,200.575,200.575,200.575,200.575,4,802.3
1785446700000,2026-07-30T21:25:00Z,200.575,200.575,200.575,200.575,15,3008.625
1785448200000,2026-07-30T21:50:00Z,200.575,200.575,200.575,200.575,21,4212.075
1785448500000,2026-07-30T21:55:00Z,200.575,200.575,200.575,200.575,1,200.575
1785448800000,2026-07-30T22:00:00Z,200.575,200.575,200.575,200.575,0,0
1785450000000,2026-07-30T22:20:00Z,200.575,200.575,200.575,200.575,5,1002.875
1785450300000,2026-07-30T22:25:00Z,200.575,200.575,200.575,200.575,10,2005.75
1785451800000,2026-07-30T22:50:00Z,200.575,200.575,200.575,200.575,2,401.15
1785452100000,2026-07-30T22:55:00Z,200.575,200.575,200.575,200.575,5,1002.875
1785452400000,2026-07-30T23:00:00Z,200.575,200.575,200.575,200.575,0,0
1785453000000,2026-07-30T23:10:00Z,200.575,200.575,200.575,200.575,16,3209.2
1785453300000,2026-07-30T23:15:00Z,200.575,200.575,200.575,200.575,0,0
1785453900000,2026-07-30T23:25:00Z,200.608,200.774,200.608,200.774,8,1604.864
1785454500000,2026-07-30T23:35:00Z,200.775,200.775,200.775,200.775,5.936446,1191.88994565
1785455100000,2026-07-30T23:45:00Z,200.775,200.775,200.775,200.775,60,12046.5
1785455400000,2026-07-30T23:50:00Z,201.197,203.499,201.197,203.499,2.49065,503.09511078
1785455700000,2026-07-30T23:55:00Z,203.5,203.5,203.5,203.5,0,0
1785462600000,2026-07-31T01:50:00Z,201.51,201.51,201.51,201.51,1,201.51
1785462900000,2026-07-31T01:55:00Z,201,201,201,201,50,10050
1785469200000,2026-07-31T03:40:00Z,201,201,201,201,5,1005
1785470400000,2026-07-31T04:00:00Z,201,201,201,201,1,201
1785473700000,2026-07-31T04:55:00Z,201.01,201.01,201.01,201.01,1,201.01
1785478200000,2026-07-31T06:10:00Z,200.79,200.8,200.79,200.8,260,52206.7
1785478500000,2026-07-31T06:15:00Z,200.8,200.82,200.8,200.82,43,8634.46
1785482700000,2026-07-31T07:25:00Z,200.81,200.81,200.81,200.81,28,5622.68
1785484800000,2026-07-31T08:00:00Z,203.18,203.18,199.825,200.3,347,69511.8381
1785485400000,2026-07-31T08:10:00Z,200.513,201.293,200.513,201.293,86,17244.118
1785485700000,2026-07-31T08:15:00Z,201.294,201.294,201.294,201.294,0,0
1785486000000,2026-07-31T08:20:00Z,201.292,201.292,201.28,201.28,0,0
1785486300000,2026-07-31T08:25:00Z,201.283,201.295,201.283,201.295,5,1006.415
1785487200000,2026-07-31T08:40:00Z,201.293,201.293,201.287,201.287,1,201.293
1785487500000,2026-07-31T08:45:00Z,201.286,201.286,201.286,201.286,0,0
1785487800000,2026-07-31T08:50:00Z,201.285,201.285,201.285,201.285,16,3220.56
1785489000000,2026-07-31T09:10:00Z,201.285,201.285,201.285,201.285,805,162034.425
1785489600000,2026-07-31T09:20:00Z,201.285,201.285,201.285,201.285,1,201.285
1785489900000,2026-07-31T09:25:00Z,201.285,201.285,201.285,201.285,5,1006.425
1785490200000,2026-07-31T09:30:00Z,201.285,201.285,201.285,201.285,1,201.285
1785490500000,2026-07-31T09:35:00Z,201.285,202.132,201.285,202.126,7,1409.3632
1785490800000,2026-07-31T09:40:00Z,202.125,202.125,202.125,202.125,50,10106.25
1785491100000,2026-07-31T09:45:00Z,202.125,202.125,201.301,201.301,175,35368.9875
1785491400000,2026-07-31T09:50:00Z,201.29,201.29,201.241,201.241,0,0
1785491700000,2026-07-31T09:55:00Z,201.239,201.239,201.236,201.236,0,0
1785492000000,2026-07-31T10:00:00Z,201.235,203.045,201.235,203.045,7,1408.9761
1785493200000,2026-07-31T10:20:00Z,202.753,202.753,201.296,201.296,29,5871.0964
1785493500000,2026-07-31T10:25:00Z,201.295,201.295,201.295,201.295,11,2214.245
1785493800000,2026-07-31T10:30:00Z,201.295,201.295,201.295,201.295,26,5233.67
1785494100000,2026-07-31T10:35:00Z,201.293,201.293,201.272,201.272,0,0
1785494400000,2026-07-31T10:40:00Z,201.271,201.271,201.271,201.271,1,201.271
1785495000000,2026-07-31T10:50:00Z,201.27,201.27,201.27,201.27,9,1811.43
1785495300000,2026-07-31T10:55:00Z,201.26,201.26,201.21,201.21,2,402.42
1785495600000,2026-07-31T11:00:00Z,201.21,201.21,201.14,201.14,31,6235.4857
1785495900000,2026-07-31T11:05:00Z,201.033,201.033,200.501,200.501,252,50632.6716
1785496200000,2026-07-31T11:10:00Z,200.5,200.5,200.5,200.5,36,7218
1785496500000,2026-07-31T11:15:00Z,200.5,200.5,200.5,200.5,75,15037.5
1785496800000,2026-07-31T11:20:00Z,200.5,200.5,200.5,200.5,1,200.5
1785497100000,2026-07-31T11:25:00Z,200.5,200.5,200.5,200.5,1,200.5
1785497400000,2026-07-31T11:30:00Z,200.101,200.101,198.106,198.106,11,2195.5725
1785498000000,2026-07-31T11:40:00Z,198.105,198.105,198.105,198.105,24,4754.52
1785498300000,2026-07-31T11:45:00Z,198.105,198.105,198.105,198.105,84,16640.82
1785498900000,2026-07-31T11:55:00Z,198.105,198.105,198.105,198.105,116,22980.18
1785499200000,2026-07-31T12:00:00Z,198.149,198.37,198.149,198.37,124,24597.5452
1785499500000,2026-07-31T12:05:00Z,198.37,198.37,198.37,198.37,2,396.74
1785499800000,2026-07-31T12:10:00Z,197.72,198.37,197.72,197.72,2146,425702.02
1785500100000,2026-07-31T12:15:00Z,198.37,198.37,198.37,198.37,86,17059.82
1785500400000,2026-07-31T12:20:00Z,198.37,198.37,198.37,198.37,47,9323.39
1785500700000,2026-07-31T12:25:00Z,198.37,198.37,198.37,198.37,0.008561,1.69824557
1785501000000,2026-07-31T12:30:00Z,198.37,198.37,198.37,198.37,15,2975.55
1785501300000,2026-07-31T12:35:00Z,198.37,198.37,198.37,198.37,65,12894.05
1785501900000,2026-07-31T12:45:00Z,198.37,198.37,198.37,198.37,5,991.85
1785502200000,2026-07-31T12:50:00Z,198.37,198.37,198.37,198.37,208,41260.96
1785502500000,2026-07-31T12:55:00Z,198.37,198.37,198.37,198.37,24,4760.88
1785502800000,2026-07-31T13:00:00Z,198.37,198.37,198.37,198.37,158,31342.46
1785503400000,2026-07-31T13:10:00Z,198.37,198.37,198.37,198.37,4,793.48
1785503700000,2026-07-31T13:15:00Z,198.37,198.37,198.37,198.37,20,3967.4
1785504000000,2026-07-31T13:20:00Z,198.37,198.37,197.756,198.369,226,44780.431
1785504300000,2026-07-31T13:25:00Z,198.37,200.956,198.37,200.956,672,134129.856
1785504600000,2026-07-31T13:30:00Z,201.915,201.915,199.081,201.33,43377.228558,8717200.63180993
1785504900000,2026-07-31T13:35:00Z,201.5,204.99,201.062,204.99,20707.761237000002,4198421.97208517
1785505200000,2026-07-31T13:40:00Z,205.91,206.101,204.183,204.4,32109.580026,6585035.88269008
1785505500000,2026-07-31T13:45:00Z,203.94,204.91,203.589,204.68,21737.325398,4435588.19676349
1785505800000,2026-07-31T13:50:00Z,204.88,205.057,204.392,204.96,14728.277594,3015737.08207553
1785506100000,2026-07-31T13:55:00Z,205.72,205.72,204.347,204.46,17733.902402,3633291.77648768
1785506400000,2026-07-31T14:00:00Z,204.92,204.92,204.007,204.625,18607.770375,3804427.50191914
1785506700000,2026-07-31T14:05:00Z,204.25,204.778,204.068,204.36,12088.393535000001,2471687.23163567
1785507000000,2026-07-31T14:10:00Z,204.47,204.47,203.584,203.75,23510.737696,4796714.77943462
1785507300000,2026-07-31T14:15:00Z,203.73,203.946,202.45,202.77,36556.852304,7431222.10107866
1785507600000,2026-07-31T14:20:00Z,202.79,203.09,202.383,202.49,27605.472004999996,5596275.14345842
1785507900000,2026-07-31T14:25:00Z,202.31,202.53,202.239,202.525,15548.276111,3147151.44486929
1785508200000,2026-07-31T14:30:00Z,202.09,202.335,201.911,202.04,20620.755273,4168502.17504117
1785508500000,2026-07-31T14:35:00Z,202.3,202.524,201.889,202.32,14304.570362,2894383.90613301
1785508800000,2026-07-31T14:40:00Z,202.51,202.67,202.153,202.54,14164.230671000001,2867743.96572721
1785509100000,2026-07-31T14:45:00Z,202.67,202.738,202.124,202.153,6207.413919,1257926.3099615394
1785509400000,2026-07-31T14:50:00Z,202.095,202.17,201.72,201.75,11911.417549999998,2405203.45964971
1785509700000,2026-07-31T14:55:00Z,201.765,201.765,201.278,201.47,9780.8416,1971755.06917376
1785510000000,2026-07-31T15:00:00Z,200.97,201.728,200.906,201.725,16385.932843,3300138.34473319
1785510300000,2026-07-31T15:05:00Z,201.735,201.745,201.089,201.095,9832.122318,1981120.53682871
1785510600000,2026-07-31T15:10:00Z,201.52,202,201.115,201.96,10102.774833,2036194.06204148
1785510900000,2026-07-31T15:15:00Z,201.933,201.935,201.28,201.318,10276.663854,2072998.35596503
1785511200000,2026-07-31T15:20:00Z,201.1,201.393,200.941,201.305,11990.045742999999,2412605.83028753
1785511500000,2026-07-31T15:25:00Z,201.355,201.74,201.309,201.415,9492.897662,1913421.67789454
1785511800000,2026-07-31T15:30:00Z,201.11,201.406,200.868,200.945,12317.54763,2475755.63185375
1785512100000,2026-07-31T15:35:00Z,200.81,201.025,200.796,200.995,13006.667178,2612940.58538965
1785512400000,2026-07-31T15:40:00Z,201.005,201.71,200.996,201.71,8657.116505,1740545.6119991815
1785512700000,2026-07-31T15:45:00Z,201.98,202.201,201.71,202.14,20519.989405,4147026.24678334
1785513000000,2026-07-31T15:50:00Z,202.12,202.8,202.075,202.71,14660.186936,2965069.7204042
1785513300000,2026-07-31T15:55:00Z,202.5,202.76,202.49,202.69,11629.448908999999,2356712.47318841
1785513600000,2026-07-31T16:00:00Z,202.76,203.306,202.554,203.06,70823.791685,14349898.81084376
1785513900000,2026-07-31T16:05:00Z,202.94,203.339,202.927,203.085,8999.179062000001,1827859.25599907
1785514200000,2026-07-31T16:10:00Z,202.76,203,202.431,202.75,8346.366145,1692774.09215448
1785514500000,2026-07-31T16:15:00Z,202.74,202.75,202.43,202.66,11687.518807,2368122.72317058
1785514800000,2026-07-31T16:20:00Z,202.755,203.259,202.63,203.07,15636.639934,3171962.7754916
1785515100000,2026-07-31T16:25:00Z,203.184,203.374,203.065,203.084,5761.16844,1171045.05519029
1785515400000,2026-07-31T16:30:00Z,203.085,203.303,203.085,203.303,6108.352742,1241203.22796309
1785515700000,2026-07-31T16:35:00Z,203.34,203.34,203.179,203.29,6409.21818,1302687.05444318
1785516000000,2026-07-31T16:40:00Z,203.305,203.711,203.305,203.695,2916.94591,593161.534187682
1785516300000,2026-07-31T16:45:00Z,203.695,203.695,203.088,203.089,8031.7427290000005,1633861.28051819
1785516600000,2026-07-31T16:50:00Z,203.089,203.108,203.065,203.065,4754.714956,965642.66795797
1785516900000,2026-07-31T16:55:00Z,203,203.054,202.64,203,8796.007,1784390.5252459
1785517200000,2026-07-31T17:00:00Z,202.79,202.944,202.715,202.89,31351.475583,6357875.46364111
1785517500000,2026-07-31T17:05:00Z,202.955,203.096,202.944,202.96,8748.107977,1775871.16819579
1785517800000,2026-07-31T17:10:00Z,203.097,203.215,203.097,203.215,5787.802204,1175951.18230321
1785518100000,2026-07-31T17:15:00Z,203.16,203.387,203.096,203.16,14088.731279,2862796.38293773
1785518400000,2026-07-31T17:20:00Z,203.59,204.075,203.311,204,11200.201777999999,2282614.56259853
1785518700000,2026-07-31T17:25:00Z,204.05,204.207,204.041,204.14,21640.37872,4416870.5459639
1785519000000,2026-07-31T17:30:00Z,204.06,204.39,204.02,204.39,11341.78844,2316401.50383184
1785519300000,2026-07-31T17:35:00Z,204.42,204.455,203.846,204,11089.046688999999,2264994.34036636
1785519600000,2026-07-31T17:40:00Z,203.99,204,203.805,203.96,48093.157624,9808205.13352228
1785519900000,2026-07-31T17:45:00Z,204.01,204.098,203.836,204.01,28303.327401000002,5773157.05495527
1785520200000,2026-07-31T17:50:00Z,203.865,203.909,203.809,203.865,7103.873164,1448155.09113601
1785520500000,2026-07-31T17:55:00Z,203.95,203.95,203.841,203.88,5612.87752,1144244.01766596
1785520800000,2026-07-31T18:00:00Z,203.846,204.035,203.82,204.035,10977.08311,2238594.97841319
1785521100000,2026-07-31T18:05:00Z,203.91,204.064,203.714,203.91,9742.488730000001,1987138.40480093
1785521400000,2026-07-31T18:10:00Z,204,204.062,203.701,204,11225.927706,2288921.75554258
1785521700000,2026-07-31T18:15:00Z,203.56,204.035,203.546,203.67,21585.118785999995,4400493.41154546
1785522000000,2026-07-31T18:20:00Z,203.69,203.717,203.367,203.69,7635.336745,1555019.55328977
1785522300000,2026-07-31T18:25:00Z,203.715,203.76,203.261,203.261,7769.018053999999,1582562.18493049
1785522600000,2026-07-31T18:30:00Z,203.36,203.61,203.213,203.6,18928.635328,3849917.85372431
1785522900000,2026-07-31T18:35:00Z,203.56,203.59,203.171,203.47,30644.788241,6234988.61551386
1785523200000,2026-07-31T18:40:00Z,203.095,203.285,203.047,203.255,12094.337606000001,2456658.69791747
1785523500000,2026-07-31T18:45:00Z,203.16,203.288,203.12,203.175,8048.175635999999,1635196.13301994
1785523800000,2026-07-31T18:50:00Z,203.29,203.575,203.165,203.57,10121.810075000001,2058779.20579802
1785524100000,2026-07-31T18:55:00Z,203.69,203.913,203.538,203.78,9181.112191,1870047.49173408
1785524400000,2026-07-31T19:00:00Z,203.82,203.925,203.68,203.74,6670.505736000001,1359516.44110473
1785524700000,2026-07-31T19:05:00Z,203.955,203.955,203.679,203.77,10381.697393999999,2115802.38693407
1785525000000,2026-07-31T19:10:00Z,204.005,204.006,203.725,204.005,12102.764297,2467176.33830133
1785525300000,2026-07-31T19:15:00Z,204.04,204.059,203.75,204.04,10189.776874000001,2077261.42011377
1785525600000,2026-07-31T19:20:00Z,204.17,204.21,204.065,204.21,14213.141373,2901304.38613016
1785525900000,2026-07-31T19:25:00Z,204.19,204.314,203.966,204.04,22395.161567,4572778.45971946
1785526200000,2026-07-31T19:30:00Z,204.085,204.233,203.513,203.63,21800.566951,4443925.66984312
1785526500000,2026-07-31T19:35:00Z,203.675,204.075,203.62,203.86,15505.679595,3159672.96060704
1785526800000,2026-07-31T19:40:00Z,204.06,204.172,203.75,203.8,29564.70783,6029222.51836617
1785527100000,2026-07-31T19:45:00Z,203.844,203.88,203.46,203.504,34431.063368,7014690.2345147232
1785527400000,2026-07-31T19:50:00Z,203.505,204.04,203.505,203.913,57884.583075999997,11794229.7389319443889072
1785527700000,2026-07-31T19:55:00Z,203.94,204.02,203.79,203.81,2719,554426.2
1785528000000,2026-07-31T20:00:00Z,203.823,204.315,201.851,204.315,300502.364684,60831174.4867656144
1785528300000,2026-07-31T20:05:00Z,204.315,204.315,204.315,204.315,14.77339,3018.42517785
1785528600000,2026-07-31T20:10:00Z,204.315,204.315,202.412,204.314,10.323706,2101.35835281
1785528900000,2026-07-31T20:15:00Z,204.315,204.315,204.315,204.315,2.964023,605.59435925
1785529200000,2026-07-31T20:20:00Z,204.315,204.315,204.315,204.315,360,73553.4
1785529500000,2026-07-31T20:25:00Z,203.71,204.315,203.71,203.71,567,115846.605
1785530100000,2026-07-31T20:35:00Z,204.315,204.315,204.315,204.315,140,28604.1
1785530400000,2026-07-31T20:40:00Z,204.357,204.42,204.357,204.42,35,7152.495
1785530700000,2026-07-31T20:45:00Z,204.444,204.564,204.444,204.564,0,0
1785531900000,2026-07-31T21:05:00Z,204.565,204.565,204.565,204.565,0,0
1785532800000,2026-07-31T21:20:00Z,204.632,204.969,204.632,204.969,0,0
1785533100000,2026-07-31T21:25:00Z,204.97,204.97,204.97,204.97,0,0
1785533400000,2026-07-31T21:30:00Z,204.97,204.97,204.97,204.97,25,5124.25
1785533700000,2026-07-31T21:35:00Z,204.815,204.815,204.04,204.04,293,59939.5081
1785534600000,2026-07-31T21:50:00Z,204.04,204.04,204.04,204.04,10,2040.4
1785535200000,2026-07-31T22:00:00Z,204.04,204.04,204.04,204.04,0,0
1785536100000,2026-07-31T22:15:00Z,204.04,204.04,204.04,204.04,0,0
1785537000000,2026-07-31T22:30:00Z,204.04,204.04,204.04,204.04,237,48357.48
1785537300000,2026-07-31T22:35:00Z,204.04,204.04,204.04,204.04,101,20608.04
1785537600000,2026-07-31T22:40:00Z,204.04,204.04,204.04,204.04,227.028071,46322.80760684
1785538200000,2026-07-31T22:50:00Z,204.04,204.04,204.04,204.04,7,1428.28
1785539700000,2026-07-31T23:15:00Z,204.04,204.04,204.04,204.04,5,1020.2
1785540000000,2026-07-31T23:20:00Z,203.71,204.04,203.71,203.71,3734,761885.36
1785540300000,2026-07-31T23:25:00Z,204.033,204.033,203.496,203.496,0,0
1785540900000,2026-07-31T23:35:00Z,203.496,203.496,203.496,203.496,1.33223,271.10347608
1785542100000,2026-07-31T23:55:00Z,203.495,203.495,203.495,203.495,0,0
1785719400000,2026-08-03T01:10:00Z,204.08,204.08,204.08,204.08,4,816.32
1785721500000,2026-08-03T01:45:00Z,204,204,203.99,203.99,49,9995.75
1785722700000,2026-08-03T02:05:00Z,204.99,204.99,204.99,204.99,1,204.99
1785723300000,2026-08-03T02:15:00Z,204.6,204.6,204,204,30,6120.6
1785724500000,2026-08-03T02:35:00Z,205.8,206.01,205.8,206.01,750,154492.38
1785725100000,2026-08-03T02:45:00Z,206.02,206.02,206.01,206.01,8,1648.09
1785725400000,2026-08-03T02:50:00Z,205.01,205.01,205.01,205.01,1,205.01
1785733500000,2026-08-03T05:05:00Z,205,205,204.89,204.89,21,4303.69
1785733800000,2026-08-03T05:10:00Z,205.21,205.21,205.21,205.21,1,205.21
1785734100000,2026-08-03T05:15:00Z,205.21,205.21,205.21,205.21,5,1026.05
1785734400000,2026-08-03T05:20:00Z,204.59,204.59,204.01,204.01,30,6120.88
1785736800000,2026-08-03T06:00:00Z,203.76,203.76,203.75,203.75,32,6520.06
1785738600000,2026-08-03T06:30:00Z,204.13,204.13,204.13,204.13,2,408.26
1785741300000,2026-08-03T07:15:00Z,204.44,204.44,204.44,204.44,10,2044.4
1785741900000,2026-08-03T07:25:00Z,204.47,204.52,204.47,204.52,39,7974.58
1785742800000,2026-08-03T07:40:00Z,205,205.27,205,205.27,86,17633.51
1785744000000,2026-08-03T08:00:00Z,203.748,205.015,203.748,205.015,290.13599999999997,59475.7329936
1785744600000,2026-08-03T08:10:00Z,205.068,205.45,205.068,205.45,1321,271016.8884
1785745200000,2026-08-03T08:20:00Z,205.683,206.85,205.683,206.85,103,21186.5129
1785745500000,2026-08-03T08:25:00Z,206.85,206.85,206.85,206.85,8,1654.8
1785746100000,2026-08-03T08:35:00Z,206.85,206.85,206.85,206.85,0,0
1785747600000,2026-08-03T09:00:00Z,206.85,206.85,206.85,206.85,2,413.7
1785748200000,2026-08-03T09:10:00Z,206.85,206.85,206.85,206.85,30,6205.5
1785748500000,2026-08-03T09:15:00Z,206.85,206.85,206.85,206.85,273,56470.05
1785749100000,2026-08-03T09:25:00Z,206.85,206.85,206.85,206.85,5,1034.25
1785749400000,2026-08-03T09:30:00Z,206.85,206.85,206.85,206.85,10,2068.5
1785750900000,2026-08-03T09:55:00Z,206.85,206.85,206.85,206.85,0,0
1785751200000,2026-08-03T10:00:00Z,206.592,206.592,205.301,205.368,0,0
1785751500000,2026-08-03T10:05:00Z,205.369,205.369,205.369,205.369,101,20742.269
1785751800000,2026-08-03T10:10:00Z,205.617,206.92,205.617,206.92,891,183348.5544
1785752100000,2026-08-03T10:15:00Z,206.92,206.92,206.92,206.92,1,206.92
1785752400000,2026-08-03T10:20:00Z,206.92,206.92,206.92,206.92,11,2276.12
1785754200000,2026-08-03T10:50:00Z,206.92,206.92,206.92,206.92,126,26071.92
1785754800000,2026-08-03T11:00:00Z,206.921,207.55,206.921,207.55,0,0
1785755100000,2026-08-03T11:05:00Z,207.717,208.555,207.717,208.555,13,2710.377
1785755400000,2026-08-03T11:10:00Z,208.555,209.3,208.555,209.3,6.008063,1253.011578965
1785755700000,2026-08-03T11:15:00Z,209.3,209.3,209.3,209.3,6,1255.8
1785756000000,2026-08-03T11:20:00Z,209.3,209.3,209.3,209.3,47,9837.1
1785756300000,2026-08-03T11:25:00Z,209.3,209.3,209.3,209.3,2,418.6
1785756600000,2026-08-03T11:30:00Z,209.3,209.3,209.3,209.3,203,42487.9
1785756900000,2026-08-03T11:35:00Z,209.3,209.3,209.3,209.3,5,1046.5
1785757200000,2026-08-03T11:40:00Z,209.3,209.3,209.3,209.3,1,209.3
1785757500000,2026-08-03T11:45:00Z,209.3,209.3,209.3,209.3,24,5023.2
1785757800000,2026-08-03T11:50:00Z,209.3,209.478,209.231,209.478,26,5441.6596
1785758100000,2026-08-03T11:55:00Z,209.479,209.553,209.479,209.553,53,11102.5619
1785758400000,2026-08-03T12:00:00Z,209.557,209.575,209.557,209.575,42,8802.15
1785758700000,2026-08-03T12:05:00Z,209.575,209.575,209.575,209.575,8,1676.6
1785759000000,2026-08-03T12:10:00Z,209.575,209.575,209.252,209.252,219,45886.9386
1785759300000,2026-08-03T12:15:00Z,209.248,209.248,209.225,209.225,2,418.452
1785759600000,2026-08-03T12:20:00Z,209.225,209.225,209.225,209.225,0,0
1785759900000,2026-08-03T12:25:00Z,209.225,209.225,209.225,209.225,14,2929.15
1785760500000,2026-08-03T12:35:00Z,209.225,209.225,209.225,209.225,2,418.45
1785760800000,2026-08-03T12:40:00Z,209.225,209.225,209.225,209.225,2,418.45
1785761100000,2026-08-03T12:45:00Z,209.225,209.225,209.225,209.225,8,1673.8
1785761400000,2026-08-03T12:50:00Z,209.225,209.225,209.225,209.225,347,72601.075
1785761700000,2026-08-03T12:55:00Z,209.225,209.225,209.225,209.225,1,209.225
1785762000000,2026-08-03T13:00:00Z,209.225,209.225,209.225,209.225,120,25107
1785762300000,2026-08-03T13:05:00Z,209.225,209.225,209.225,209.225,299,62558.275
1785762600000,2026-08-03T13:10:00Z,209.225,209.462,209.225,209.462,483,101092.1898
1785762900000,2026-08-03T13:15:00Z,209.551,209.999,209.551,209.999,102,21419.898
1785763200000,2026-08-03T13:20:00Z,210,210,210,210,15,3150
1785763500000,2026-08-03T13:25:00Z,210,210,209.75,209.75,782,164063.9005
1785763800000,2026-08-03T13:30:00Z,209.75,210.314,209.75,210.314,1553.048,325976.5440456
1785764100000,2026-08-03T13:35:00Z,210.314,211.37,207.153,209.68,131727.825875,27576018.2900128907
1785764400000,2026-08-03T13:40:00Z,209.672,210.63,209.611,209.611,4090.761385,857897.61786619
1785764700000,2026-08-03T13:45:00Z,209.61,210.36,209.609,210.014,18276.189228,3837072.9346104492
1785765000000,2026-08-03T13:50:00Z,210.3,210.66,209.797,210.03,57092.369289999995,11996967.99906785
1785765300000,2026-08-03T13:55:00Z,210.23,210.65,209.896,210.06,43237.581305,9091985.62554101
1785765600000,2026-08-03T14:00:00Z,209.89,210.037,208.96,209.59,48511.868817999995,10167680.20455473
1785765900000,2026-08-03T14:05:00Z,209.7,209.801,209.058,209.28,21699.739568,4546175.7285324
1785766200000,2026-08-03T14:10:00Z,209.17,209.23,208.552,208.74,26540.822763,5541161.12747182
1785766500000,2026-08-03T14:15:00Z,208.99,209.1,208.202,208.555,52550.440112000004,10974765.28909036
1785766800000,2026-08-03T14:20:00Z,208.23,208.42,208.124,208.245,84672.100726,17634903.96729613
1785767100000,2026-08-03T14:25:00Z,208.23,208.639,208.17,208.5,28353.951678,5907613.88159533
1785767400000,2026-08-03T14:30:00Z,208.66,209.016,207.451,207.98,27794.349619999997,5791700.41133178
1785767700000,2026-08-03T14:35:00Z,207.89,208.751,207.44,208.66,16467.013835,3425376.00267922
1785768000000,2026-08-03T14:40:00Z,208.445,209.245,208.144,209.09,15114.93564,3154479.51060018
1785768300000,2026-08-03T14:45:00Z,208.651,208.825,207.102,207.102,10705.845947,2232196.7151489622
1785768600000,2026-08-03T14:50:00Z,207.101,207.404,206.691,207.324,16364.14848,3387702.3573926531
1785768900000,2026-08-03T14:55:00Z,207.65,207.696,207.268,207.67,15103.353943,3133536.64228064
1785769200000,2026-08-03T15:00:00Z,207.75,207.75,206.72,207.03,19095.69611,3959341.73240923
1785769500000,2026-08-03T15:05:00Z,207.58,207.615,206.692,207.59,9783.447754,2026994.38470502
1785769800000,2026-08-03T15:10:00Z,207.69,208.089,207.604,207.885,8300.212213,1725106.14609526
1785770100000,2026-08-03T15:15:00Z,207.99,208.509,207.818,208.42,9532.656026999999,1984826.72241216
1785770400000,2026-08-03T15:20:00Z,208.59,208.782,208.18,208.59,9689.019734,2019024.0925242
1785770700000,2026-08-03T15:25:00Z,208.75,209.165,208.476,208.65,11643.918769000002,2432004.76490343
1785771000000,2026-08-03T15:30:00Z,209.166,209.17,208.689,209.041,15152.287702,3165509.88068793
1785771300000,2026-08-03T15:35:00Z,209.06,209.287,208.755,209.06,14594.813820000001,3050743.71642493
1785771600000,2026-08-03T15:40:00Z,208.62,209.06,208.336,208.58,10949.962536000001,2286414.59230326
1785771900000,2026-08-03T15:45:00Z,208.336,208.464,208.123,208.314,6306.745993999999,1314117.742531797791633
1785772200000,2026-08-03T15:50:00Z,208.316,208.321,208.005,208.282,9869.672317,2054460.2948372796
1785772500000,2026-08-03T15:55:00Z,208.281,208.788,208.245,208.485,10789.048345,2249867.8625171482
1785772800000,2026-08-03T16:00:00Z,208.484,208.793,208.375,208.755,4367.381394,910623.6971970076
1785773100000,2026-08-03T16:05:00Z,208.755,209.41,208.641,209.134,12063.412469000001,2520739.9909235564088108
1785773400000,2026-08-03T16:10:00Z,209.01,209.341,209,209.32,9414.339789,1969345.25879982
1785773700000,2026-08-03T16:15:00Z,209.28,209.37,209.145,209.24,8720.075915,1825258.38628487
1785774000000,2026-08-03T16:20:00Z,209.5,209.62,209.141,209.62,14876.406587,3114723.82690259
1785774300000,2026-08-03T16:25:00Z,209.67,209.88,209.549,209.88,9885.219351,2073227.05448523
1785774600000,2026-08-03T16:30:00Z,209.86,209.939,209.544,209.86,8341.483162,1750059.01620561
1785774900000,2026-08-03T16:35:00Z,209.625,209.785,209.538,209.73,11045.043013999999,2315781.03361634
1785775200000,2026-08-03T16:40:00Z,209.704,210.115,209.698,210.115,7227.9972450000005,1516991.82338831
1785775500000,2026-08-03T16:45:00Z,210.24,210.281,210.092,210.19,13718.538485,2883606.60876233
1785775800000,2026-08-03T16:50:00Z,210.13,210.25,210.013,210.13,6419.600555999999,1349028.98395906
1785776100000,2026-08-03T16:55:00Z,210.3,210.43,210.166,210.3,8127.340495,1709333.31283386
1785776400000,2026-08-03T17:00:00Z,210.31,210.42,210.261,210.31,7739.704237,1628022.79316982
1785776700000,2026-08-03T17:05:00Z,210,210.377,209.875,210,12956.275561999999,2723488.15641333
1785777000000,2026-08-03T17:10:00Z,210.13,210.36,209.895,210.36,5942.424596000001,1248111.80183872
1785777300000,2026-08-03T17:15:00Z,209.99,210.223,209.914,209.95,6506.8223929999995,1367201.15825461
1785777600000,2026-08-03T17:20:00Z,209.98,210.055,209.915,209.98,5749.269256,1207236.73271721
1785777900000,2026-08-03T17:25:00Z,210,210.016,209.946,210,4923.091380999999,1033675.40488425
1785778200000,2026-08-03T17:30:00Z,209.91,209.974,209.731,209.74,11328.288218999998,2377981.01997785
1785778500000,2026-08-03T17:35:00Z,209.69,209.73,209.51,209.69,6472.333761,1356836.10202112
1785778800000,2026-08-03T17:40:00Z,209.19,209.525,209.165,209.22,4810.522316999999,1007139.61122729
1785779100000,2026-08-03T17:45:00Z,209.29,209.296,209.045,209.09,11931.210212,2495712.08921612
1785779400000,2026-08-03T17:50:00Z,208.995,209.081,208.912,209,5553.030209,1160691.04246705
1785779700000,2026-08-03T17:55:00Z,208.95,209.005,208.386,208.65,74848.75214299999,15622738.42717074
1785780000000,2026-08-03T18:00:00Z,208.68,208.844,208.505,208.695,14236.292244,2971512.80750563
1785780300000,2026-08-03T18:05:00Z,208.71,208.834,208.71,208.755,7512.723149,1568229.87083634
1785780600000,2026-08-03T18:10:00Z,208.755,209.108,208.635,208.967,14617.246899,3052367.9851361715
1785780900000,2026-08-03T18:15:00Z,208.966,209.04,208.775,208.924,7488.742369,1564428.6843160533
1785781200000,2026-08-03T18:20:00Z,208.924,209.189,208.924,209.189,3618.438707,756268.8837018508
1785781500000,2026-08-03T18:25:00Z,209.191,209.465,209.175,209.452,9348.080542,1956556.9216968104
1785781800000,2026-08-03T18:30:00Z,209.5,209.558,209.39,209.42,17931.054813000002,3756776.5352977
1785782100000,2026-08-03T18:35:00Z,209.345,209.61,209.307,209.58,10972.243849999999,2298396.51656174
1785782400000,2026-08-03T18:40:00Z,209.54,209.595,209.48,209.49,8721.844384,1827630.21984298
1785782700000,2026-08-03T18:45:00Z,209.52,209.59,208.955,209.05,50003.131550000006,10461935.20042768
1785783000000,2026-08-03T18:50:00Z,208.94,209.165,208.94,209.04,9305.152282,1945450.51996322
1785783300000,2026-08-03T18:55:00Z,209.07,209.165,208.664,209.07,8787.299336,1836226.5822581
1785783600000,2026-08-03T19:00:00Z,208.6,208.69,208.335,208.44,576129.433566,120231184.00613469
1785783900000,2026-08-03T19:05:00Z,208.14,208.355,207.998,208.14,6591.194963,1372185.94601367
1785784200000,2026-08-03T19:10:00Z,208.039,208.342,208.039,208.261,10362.271811,2157670.57689212
1785784500000,2026-08-03T19:15:00Z,208.32,208.418,208.26,208.32,7323.858551,1525725.25537655
1785784800000,2026-08-03T19:20:00Z,208.275,208.858,208.275,208.835,15527.644305999998,3237169.12409741
1785785100000,2026-08-03T19:25:00Z,208.61,208.928,207.785,208.03,19413.642097,4046804.75694701
1785785400000,2026-08-03T19:30:00Z,207.773,207.94,207.474,207.557,46998.006629999996,9760653.2697422671692656
1785785700000,2026-08-03T19:35:00Z,207.38,207.553,207.346,207.45,24863.971319,5157439.08760916
1785786000000,2026-08-03T19:40:00Z,207.54,207.56,207.375,207.44,25672.157918,5325090.99880961
1785786300000,2026-08-03T19:45:00Z,207.71,207.71,207.412,207.45,41434.470623999994,8599156.72576365
1785786600000,2026-08-03T19:50:00Z,206.79,207.398,206.12,206.26,62339.724944,12874568.31269223
1785786900000,2026-08-03T19:55:00Z,206.28,206.32,205.645,206.22,240053.397922,49446174.89863377
1785787200000,2026-08-03T20:00:00Z,206.169,206.171,206.145,206.145,260699.416276,53741881.16821602
1785787500000,2026-08-03T20:05:00Z,206.145,206.145,206.145,206.145,50,10307.25
1785787800000,2026-08-03T20:10:00Z,206.145,206.145,206.145,206.145,3.702318,763.21434411
1785788100000,2026-08-03T20:15:00Z,206.145,206.145,206.145,206.145,2.538756,523.35185562
1785788400000,2026-08-03T20:20:00Z,206.145,206.145,206.145,206.145,95,19583.775
1785788700000,2026-08-03T20:25:00Z,206.496,208.249,206.496,208.249,15,3097.44
1785789000000,2026-08-03T20:30:00Z,208.25,208.25,208.25,208.25,0,0
1785789300000,2026-08-03T20:35:00Z,208.25,208.25,208.25,208.25,2,416.5
1785790200000,2026-08-03T20:50:00Z,208.211,208.211,208.015,208.015,7,1456.497
1785790800000,2026-08-03T21:00:00Z,208.117,208.624,208.117,208.624,12,2500.9536
1785792000000,2026-08-03T21:20:00Z,208.625,208.625,208.625,208.625,10,2086.25
1785792300000,2026-08-03T21:25:00Z,208.625,208.625,208.625,208.625,34,7093.25
1785792900000,2026-08-03T21:35:00Z,208.562,208.562,208.253,208.253,0,0
1785793200000,2026-08-03T21:40:00Z,208.252,208.252,208.251,208.251,2,416.502
1785793800000,2026-08-03T21:50:00Z,208.251,208.251,208.251,208.251,10,2082.51
1785794700000,2026-08-03T22:05:00Z,208.267,208.439,208.267,208.439,0,0
1785795000000,2026-08-03T22:10:00Z,208.449,208.499,208.449,208.499,50,10424.95
1785795900000,2026-08-03T22:25:00Z,208.5,208.5,206.309,206.309,132.046584,27518.75899411
1785796200000,2026-08-03T22:30:00Z,206.272,206.272,206.087,206.087,5.853897,1206.49519638
1785796800000,2026-08-03T22:40:00Z,206.086,206.086,206.086,206.086,20,4121.72
1785797100000,2026-08-03T22:45:00Z,206.086,206.086,206.086,206.086,0,0
1785797700000,2026-08-03T22:55:00Z,206.086,206.086,206.085,206.085,25,5152.15
1785798000000,2026-08-03T23:00:00Z,206.085,206.085,206.085,206.085,6,1236.51
1785798900000,2026-08-03T23:15:00Z,206.085,206.085,206.085,206.085,52,10716.42
1785799800000,2026-08-03T23:30:00Z,206.085,206.085,206.085,206.085,0.743194,153.16113549
1785800700000,2026-08-03T23:45:00Z,206.085,206.085,206.085,206.085,0.013839,2.85201032
1785801300000,2026-08-03T23:55:00Z,206.092,206.125,206.092,206.125,0,0
1785805200000,2026-08-04T01:00:00Z,206.12,206.12,206.12,206.12,2,412.24
1785806700000,2026-08-04T01:25:00Z,206.25,206.25,206.25,206.25,9,1856.25
1785810000000,2026-08-04T02:20:00Z,206.25,206.25,206.25,206.25,61,12581.25
1785812700000,2026-08-04T03:05:00Z,206.28,206.28,206.28,206.28,2,412.56
1785816300000,2026-08-04T04:05:00Z,206.28,206.28,206.28,206.28,40,8251.2
1785822900000,2026-08-04T05:55:00Z,208.21,208.21,208.21,208.21,104,21653.84
1785823200000,2026-08-04T06:00:00Z,206.38,206.38,206.29,206.29,100,20634.54
1785824400000,2026-08-04T06:20:00Z,206.29,206.29,206.27,206.27,100,20627.14
1785825600000,2026-08-04T06:40:00Z,206.27,206.27,205.99,205.99,171,35250.95
1785827100000,2026-08-04T07:05:00Z,205.9,206.24,205.9,206.24,104,21427.15
1785827700000,2026-08-04T07:15:00Z,206.3,206.37,206.3,206.37,50,10317.1
1785828000000,2026-08-04T07:20:00Z,205.77,205.77,205.75,205.75,121,24896.95
1785830400000,2026-08-04T08:00:00Z,206.125,206.445,206.125,206.441,922,190334.2686
1785830700000,2026-08-04T08:05:00Z,206.441,206.441,204.921,204.921,355,73195.249
1785831000000,2026-08-04T08:10:00Z,205.175,206.445,205.175,206.445,23,4719.025
1785831300000,2026-08-04T08:15:00Z,206.246,206.246,205.251,205.251,1,205.251
1785831900000,2026-08-04T08:25:00Z,205.25,205.25,205.25,205.25,0,0
1785833700000,2026-08-04T08:55:00Z,205.251,205.253,205.251,205.253,0,0
1785834000000,2026-08-04T09:00:00Z,205.254,205.254,205.254,205.254,0,0
1785835200000,2026-08-04T09:20:00Z,205.255,205.255,205.255,205.255,5,1026.275
1785836100000,2026-08-04T09:35:00Z,205.255,205.255,205.255,205.255,0,0
1785838500000,2026-08-04T10:15:00Z,205.255,205.255,205.255,205.255,5,1026.275
1785838800000,2026-08-04T10:20:00Z,205.255,205.255,205.255,205.255,1,205.255
1785840000000,2026-08-04T10:40:00Z,205.255,205.255,205.255,205.255,123,25246.365
1785840600000,2026-08-04T10:50:00Z,205.255,205.255,205.255,205.255,69,14162.595
1785841200000,2026-08-04T11:00:00Z,205.255,205.255,204.38,204.38,462,94761.1434
1785841500000,2026-08-04T11:05:00Z,204.38,204.38,203.801,203.801,257,52506.1794
1785841800000,2026-08-04T11:10:00Z,203.8,203.8,203.8,203.8,0,0
1785842400000,2026-08-04T11:20:00Z,203.8,203.8,203.8,203.8,1,203.8
1785842700000,2026-08-04T11:25:00Z,203.8,203.8,203.8,203.8,40,8152
1785843000000,2026-08-04T11:30:00Z,203.591,203.591,202.546,202.546,100.008226,20360.77473957
1785843300000,2026-08-04T11:35:00Z,202.546,202.546,202.546,202.546,1,202.546
1785843600000,2026-08-04T11:40:00Z,202.545,202.545,202.545,202.545,5,1012.725
1785843900000,2026-08-04T11:45:00Z,202.755,203.804,202.755,203.804,20,4060.346
1785844200000,2026-08-04T11:50:00Z,203.805,203.805,203.805,203.805,78,15896.79
1785844800000,2026-08-04T12:00:00Z,203.805,203.805,203.805,203.805,9,1834.245
1785845100000,2026-08-04T12:05:00Z,203.805,204.05,203.805,204.05,3,611.6601
1785845400000,2026-08-04T12:10:00Z,204.05,204.05,202.831,202.831,9,1835.6382
1785845700000,2026-08-04T12:15:00Z,202.831,202.831,202.831,202.831,98,19877.438
1785846000000,2026-08-04T12:20:00Z,202.83,202.83,202.83,202.83,100,20283
1785846300000,2026-08-04T12:25:00Z,202.83,202.83,202.83,202.83,42,8518.86
1785846600000,2026-08-04T12:30:00Z,202.83,202.83,202.83,202.83,0,0
1785846900000,2026-08-04T12:35:00Z,202.83,202.83,202.83,202.83,278,56386.74
1785847200000,2026-08-04T12:40:00Z,202.83,202.83,202.83,202.83,2,405.66
1785847500000,2026-08-04T12:45:00Z,202.83,202.83,202.83,202.83,101,20485.83
1785847800000,2026-08-04T12:50:00Z,202.925,203.398,202.925,203.398,105,21355.11
1785848100000,2026-08-04T12:55:00Z,203.399,203.399,203.399,203.399,1,203.399
1785848400000,2026-08-04T13:00:00Z,203.4,205.244,203.4,205.244,61,12463.0259
1785849000000,2026-08-04T13:10:00Z,205.244,205.244,203.956,203.956,106.03413,21700.22401372
1785849300000,2026-08-04T13:15:00Z,203.955,203.955,203.955,203.955,69,14072.895
1785849600000,2026-08-04T13:20:00Z,203.955,203.955,203.955,203.955,180,36711.9
1785849900000,2026-08-04T13:25:00Z,203.955,204.337,203.955,204.337,206,42020.8482
1785850200000,2026-08-04T13:30:00Z,205.48,208.802,204.655,205.48,38127.584055,7835733.24568724
1785850500000,2026-08-04T13:35:00Z,209.88,210.053,208.806,209.685,26818.61471,5622774.66892977
1785850800000,2026-08-04T13:40:00Z,209.627,209.63,208.437,208.437,15760.78055,3299673.8548078117
1785851100000,2026-08-04T13:45:00Z,208.428,208.785,208.399,208.495,500,104318
1785851400000,2026-08-04T13:50:00Z,208.495,208.96,208.298,208.893,6102.643459999999,1272568.9841051497914725
1785851700000,2026-08-04T13:55:00Z,208.715,208.929,208.2,208.4,14454.253269,3015249.73913432
1785852000000,2026-08-04T14:00:00Z,208.77,209.174,208.655,208.655,19101.560295,3991062.81663303
1785852300000,2026-08-04T14:05:00Z,208.73,209.964,208.635,209.85,35552.449497,7434916.66679497
1785852600000,2026-08-04T14:10:00Z,210.3,210.35,209.845,210.05,21725.16167,4563739.53653189
1785852900000,2026-08-04T14:15:00Z,209.985,211.08,209.83,211.03,26564.901895,5589361.61831558
1785853200000,2026-08-04T14:20:00Z,210.32,211.22,209.63,209.68,33414.502407,7036455.98991823
1785853500000,2026-08-04T14:25:00Z,209.7,210.319,209.627,209.88,14794.455088,3105354.64352569
1785853800000,2026-08-04T14:30:00Z,210.13,210.67,209.727,210.64,15643.32988,3289653.04812807
1785854100000,2026-08-04T14:35:00Z,210.515,210.548,210.002,210.01,16608.270839999997,3494112.79157548
1785854400000,2026-08-04T14:40:00Z,210.75,210.83,210.029,210.79,15511.439991,3267098.59924837
1785854700000,2026-08-04T14:45:00Z,210.416,210.48,209.323,209.424,9043.13352,1902300.906880272
1785855000000,2026-08-04T14:50:00Z,209.429,209.629,209.349,209.603,4178.9940420000003,875210.313436317262828
1785855300000,2026-08-04T14:55:00Z,209.602,210.218,209.341,209.849,4203.8319269999997,882077.0379147019370522
1785855600000,2026-08-04T15:00:00Z,209.851,209.86,209.335,209.456,16700.56377,3501303.701427625
1785855900000,2026-08-04T15:05:00Z,209.477,209.775,209.232,209.678,16912.726897,3540775.2169230008
1785856200000,2026-08-04T15:10:00Z,209.71,210.035,209.672,209.785,14008.385619,2939867.04625431
1785856500000,2026-08-04T15:15:00Z,210.045,210.045,209.595,209.87,14969.497796,3142678.40389488
1785856800000,2026-08-04T15:20:00Z,209.59,209.789,209.466,209.59,8980.155655,1882635.75213682
1785857100000,2026-08-04T15:25:00Z,209.84,209.898,209.437,209.65,14864.458723,3117093.3451177
1785857400000,2026-08-04T15:30:00Z,209.695,209.738,209.477,209.695,9305.293696,1951140.49588287
1785857700000,2026-08-04T15:35:00Z,209.707,209.885,209.7,209.885,13343.379622,2798663.12566364
1785858000000,2026-08-04T15:40:00Z,209.98,210.16,209.854,210.1,12277.354388,2578302.12504562
1785858300000,2026-08-04T15:45:00Z,210.17,210.185,210.1,210.18,9024.919263,1896740.20674692
1785858600000,2026-08-04T15:50:00Z,210.131,210.219,209.741,209.867,12801.692502,2689525.50011468
1785858900000,2026-08-04T15:55:00Z,209.869,210.314,209.869,210.314,8956.521464,1880147.7697689836
1785859200000,2026-08-04T16:00:00Z,210.314,210.733,210.314,210.612,8526.133234,1795547.3866010556
1785859500000,2026-08-04T16:05:00Z,210.618,210.665,210.291,210.292,3523.136,742048.189024
1785859800000,2026-08-04T16:10:00Z,210.293,210.49,210.215,210.27,3625.0946599999997,762375.8949807659369085
1785860100000,2026-08-04T16:15:00Z,210.272,210.301,209.712,210.165,25648.117507,5389863.4756847755
1785860400000,2026-08-04T16:20:00Z,210.165,210.377,210.165,210.377,7905.620085000001,1662049.10643809
1785860700000,2026-08-04T16:25:00Z,210.379,210.48,210.216,210.46,7853.110046,1652656.38205152
1785861000000,2026-08-04T16:30:00Z,210.25,210.475,210.25,210.25,13109.728276,2758534.60313482
1785861300000,2026-08-04T16:35:00Z,210.48,210.641,210.25,210.25,8237.715796,1733505.37107442
1785861600000,2026-08-04T16:40:00Z,209.94,210.324,209.766,209.94,11248.293792,2362150.69495503
1785861900000,2026-08-04T16:45:00Z,209.94,210.015,209.816,209.94,6783.233585,1424242.99632124
1785862200000,2026-08-04T16:50:00Z,210.05,210.204,209.943,210.05,11280.404961,2369810.0350168
1785862500000,2026-08-04T16:55:00Z,210.335,210.408,210.071,210.335,7270.330092,1528698.13789341
1785862800000,2026-08-04T17:00:00Z,210.47,210.753,210.358,210.525,9893.800534,2083236.66167893
1785863100000,2026-08-04T17:05:00Z,210.544,210.736,210.544,210.624,7752.99881,1632572.216410438
1785863400000,2026-08-04T17:10:00Z,210.604,210.604,210.465,210.473,7079.909803,1490565.8079656829
1785863700000,2026-08-04T17:15:00Z,210.475,210.854,210.475,210.805,20487.007175,4316738.9925049028
1785864000000,2026-08-04T17:20:00Z,210.805,210.805,210.58,210.665,10022.706734,2111969.4467530772
1785864300000,2026-08-04T17:25:00Z,210.665,210.767,210.446,210.464,11717.827111,2467860.2417761441
1785864600000,2026-08-04T17:30:00Z,210.464,210.6,210.331,210.475,6524.14797,1373127.787023945
1785864900000,2026-08-04T17:35:00Z,210.475,210.704,210.475,210.58,6303.580198000001,1327483.56105722
1785865200000,2026-08-04T17:40:00Z,210.49,210.75,210.49,210.6,12658.895057,2666543.07639781
1785865500000,2026-08-04T17:45:00Z,210.69,210.84,210.64,210.805,8731.079157,1840002.46438075
1785865800000,2026-08-04T17:50:00Z,210.78,210.89,210.714,210.89,9530.253535,2009115.63385426
1785866100000,2026-08-04T17:55:00Z,210.74,210.882,210.73,210.73,13990.811226000002,2949775.07013167
1785866400000,2026-08-04T18:00:00Z,210.76,210.884,210.683,210.82,9037.122469999998,1904929.62317782
1785866700000,2026-08-04T18:05:00Z,210.92,211.114,210.814,210.94,18520.123761,3907744.26155862
1785867000000,2026-08-04T18:10:00Z,210.81,210.986,210.61,210.61,10312.687444,2174476.5546609
1785867300000,2026-08-04T18:15:00Z,210.72,210.853,210.619,210.85,10077.907817,2123874.72963836
1785867600000,2026-08-04T18:20:00Z,210.77,210.96,210.716,210.96,4637.935294,977611.8442213206
1785867900000,2026-08-04T18:25:00Z,210.96,211.169,210.96,211.135,8275.2853160000005,1746516.7779301465055027
1785868200000,2026-08-04T18:30:00Z,211.135,211.176,210.94,211.032,2933.137699,619259.1724169831
1785868500000,2026-08-04T18:35:00Z,211.036,211.075,211,211.025,7932.2938400000005,1674133.2480049101055306
1785868800000,2026-08-04T18:40:00Z,211.025,211.115,210.905,210.99,8972.935637,1893343.4070284119
1785869100000,2026-08-04T18:45:00Z,211.19,211.23,210.971,211.19,12739.083945,2688838.44827115
1785869400000,2026-08-04T18:50:00Z,211.15,211.253,211.08,211.1,10603.09715,2239086.77414724
1785869700000,2026-08-04T18:55:00Z,211.05,211.216,211.042,211.21,10168.407883,2147029.83611259
1785870000000,2026-08-04T19:00:00Z,211.24,211.379,211.205,211.285,18441.818241,3896900.04050558
1785870300000,2026-08-04T19:05:00Z,211.23,211.395,211.096,211.33,7636.503111,1613433.50443928
1785870600000,2026-08-04T19:10:00Z,211.25,211.443,211.25,211.25,11799.369127,2493895.77969212
1785870900000,2026-08-04T19:15:00Z,211.46,211.62,211.389,211.62,13787.68838,2916176.0609626
1785871200000,2026-08-04T19:20:00Z,211.592,211.6,211.38,211.434,12868.804768000002,2721853.87198967
1785871500000,2026-08-04T19:25:00Z,211.56,211.696,211.434,211.6,13063.742415,2763959.99507938
1785871800000,2026-08-04T19:30:00Z,211.755,211.849,211.6,211.74,14849.0621,3144135.95433537
1785872100000,2026-08-04T19:35:00Z,211.754,211.989,211.715,211.889,19021.205066,4029415.6574935238
1785872400000,2026-08-04T19:40:00Z,211.887,212.085,211.86,212,13901.072477,2946926.878149324
1785872700000,2026-08-04T19:45:00Z,212,212.513,211.957,212.066,19245.435513,4083002.6803476176
1785873000000,2026-08-04T19:50:00Z,212.066,212.066,211.68,211.887,18965.40988,4018414.347735148
1785873300000,2026-08-04T19:55:00Z,211.91,211.91,211.56,211.8,114369.852614,24212601.0257353
1785873600000,2026-08-04T20:00:00Z,211.815,211.85,211.815,211.85,617.6216999999999,130829.19889458
1785873900000,2026-08-04T20:05:00Z,211.85,211.85,211.85,211.85,245174.738634,51940268.3796129
1785874200000,2026-08-04T20:10:00Z,211.85,211.85,211.85,211.85,21.876573,4634.55199005
1785874500000,2026-08-04T20:15:00Z,211.85,211.85,208.815,208.815,35.075995999999996,7390.83505636
1785874800000,2026-08-04T20:20:00Z,208.815,208.815,208.815,208.815,12,2505.78
1785875100000,2026-08-04T20:25:00Z,208.815,208.815,208.815,208.815,1,208.815
1785875400000,2026-08-04T20:30:00Z,208.815,208.815,208.815,208.815,5,1044.075
1785875700000,2026-08-04T20:35:00Z,208.815,208.815,208.815,208.815,5,1044.075
1785876000000,2026-08-04T20:40:00Z,208.815,208.815,208.815,208.815,30,6264.45
1785876300000,2026-08-04T20:45:00Z,208.815,208.815,208.815,208.815,6,1252.89
1785876600000,2026-08-04T20:50:00Z,208.815,208.815,208.815,208.815,7,1461.705
1785878100000,2026-08-04T21:15:00Z,208.834,210.478,208.834,210.478,0,0
1785878400000,2026-08-04T21:20:00Z,210.479,210.479,210.479,210.479,4,841.916
1785878700000,2026-08-04T21:25:00Z,210.48,210.48,210.48,210.48,3,631.44
1785879000000,2026-08-04T21:30:00Z,210.48,210.48,210.48,210.48,100,21048
1785879600000,2026-08-04T21:40:00Z,210.48,210.48,210.48,210.48,1,210.48
1785879900000,2026-08-04T21:45:00Z,210.48,210.48,210.48,210.48,2,420.96
1785880500000,2026-08-04T21:55:00Z,210.48,210.48,210.48,210.48,410,86296.8
1785880800000,2026-08-04T22:00:00Z,210.472,210.472,210.432,210.432,30,6314.16
1785881100000,2026-08-04T22:05:00Z,210.431,210.431,210.431,210.431,0,0
1785881700000,2026-08-04T22:15:00Z,210.536,211.064,210.536,211.064,3,632.136
1785882600000,2026-08-04T22:30:00Z,211.073,211.113,211.073,211.113,0,0
1785882900000,2026-08-04T22:35:00Z,211.114,211.114,211.114,211.114,1,211.114
1785884100000,2026-08-04T22:55:00Z,211.009,211.009,210.481,210.481,6,1265.526
1785884700000,2026-08-04T23:05:00Z,210.48,210.48,210.48,210.48,12,2525.76
1785885300000,2026-08-04T23:15:00Z,210.48,210.48,210.48,210.48,30,6314.4
1785885900000,2026-08-04T23:25:00Z,210.48,210.48,210.48,210.48,1,210.48
1785886200000,2026-08-04T23:30:00Z,210.48,210.48,210.48,210.48,3,631.44
1785886500000,2026-08-04T23:35:00Z,210.48,210.48,210.48,210.48,3,631.44
1785886800000,2026-08-04T23:40:00Z,210.48,210.48,210.48,210.48,16.788601,3533.66473848
1785887100000,2026-08-04T23:45:00Z,210.48,210.48,210.48,210.48,16,3367.68
1785887400000,2026-08-04T23:50:00Z,210.48,210.48,210.48,210.48,5,1052.4
1785887700000,2026-08-04T23:55:00Z,210.48,210.48,210.48,210.48,3,631.44
1785889200000,2026-08-05T00:20:00Z,210.47,210.47,210.47,210.47,10,2104.7
1785898500000,2026-08-05T02:55:00Z,211.79,213.01,211.79,213.01,50,10647.54
1785903300000,2026-08-05T04:15:00Z,212.97,212.99,212.97,212.99,14,2981.82
1785903900000,2026-08-05T04:25:00Z,212,212,212,212,1,212
1785916800000,2026-08-05T08:00:00Z,210.517,210.7,210.517,210.7,387.708977,81659.22596484
1785917400000,2026-08-05T08:10:00Z,210.7,210.7,210.7,210.7,36.005071,7586.2684597
1785918600000,2026-08-05T08:30:00Z,210.7,210.7,210.7,210.7,197,41507.9
1785918900000,2026-08-05T08:35:00Z,210.7,212.098,210.7,212.098,495,104296.5
1785919200000,2026-08-05T08:40:00Z,212.099,212.1,212.099,212.1,0,0
1785920400000,2026-08-05T09:00:00Z,212.1,212.1,212.1,212.1,5,1060.5
1785921900000,2026-08-05T09:25:00Z,212.1,212.1,212.1,212.1,5,1060.5
1785922800000,2026-08-05T09:40:00Z,212.1,212.1,212.1,212.1,10,2121
1785923100000,2026-08-05T09:45:00Z,212.1,212.1,212.1,212.1,0,0
1785924000000,2026-08-05T10:00:00Z,212.1,212.1,212.1,212.1,0,0
1785925200000,2026-08-05T10:20:00Z,212.1,212.1,212.1,212.1,75,15907.5
1785925800000,2026-08-05T10:30:00Z,212.1,212.1,212.1,212.1,25,5302.5
1785926100000,2026-08-05T10:35:00Z,212.1,212.1,212.1,212.1,1,212.1
1785926400000,2026-08-05T10:40:00Z,212.475,214.348,212.475,214.348,1,212.475
1785926700000,2026-08-05T10:45:00Z,214.349,214.349,214.349,214.349,10,2143.49
1785927000000,2026-08-05T10:50:00Z,214.35,214.35,214.35,214.35,2,428.7
1785927300000,2026-08-05T10:55:00Z,214.18,214.18,213.33,213.33,23,4926.14
1785927600000,2026-08-05T11:00:00Z,213.275,213.275,212.823,213,157,33432.0353
1785927900000,2026-08-05T11:05:00Z,213,213,213,213,0,0
1785928200000,2026-08-05T11:10:00Z,213,213,213,213,0,0
1785928500000,2026-08-05T11:15:00Z,213,213,213,213,239,50907
1785928800000,2026-08-05T11:20:00Z,213.006,213.033,213.006,213.033,0,0
1785929100000,2026-08-05T11:25:00Z,213.034,213.534,213.034,213.534,92,19602.992
1785929400000,2026-08-05T11:30:00Z,213.594,213.894,213.594,213.894,0,0
1785930000000,2026-08-05T11:40:00Z,213.894,213.894,213.536,213.536,40,8554.548
1785930300000,2026-08-05T11:45:00Z,213.53,213.53,213.501,213.501,3,640.5321
1785930600000,2026-08-05T11:50:00Z,213.5,213.5,213.5,213.5,50,10675
1785931200000,2026-08-05T12:00:00Z,213.562,213.868,213.562,213.868,52,11105.484
1785931500000,2026-08-05T12:05:00Z,213.891,214,213.891,214,79,16901.497
1785931800000,2026-08-05T12:10:00Z,214,214.347,214,214.347,1.015422,217.300308
1785932100000,2026-08-05T12:15:00Z,214.361,214.499,214.361,214.496,36,7721.4348
1785932400000,2026-08-05T12:20:00Z,214.495,214.495,214.495,214.495,0,0
1785932700000,2026-08-05T12:25:00Z,214.495,214.495,214.443,214.443,20,4289.9
1785933000000,2026-08-05T12:30:00Z,214.441,214.441,214.43,214.43,0,0
1785933600000,2026-08-05T12:40:00Z,214.43,214.43,214.43,214.43,0,0
1785933900000,2026-08-05T12:45:00Z,214.413,214.413,214.327,214.327,0,0
1785934200000,2026-08-05T12:50:00Z,214.326,214.715,214.325,214.715,74.657878,16023.92487617
1785934500000,2026-08-05T12:55:00Z,214.715,214.715,214.715,214.715,1,214.715
1785934800000,2026-08-05T13:00:00Z,214.715,214.715,214.715,214.715,114.232715,24527.47740123
1785935100000,2026-08-05T13:05:00Z,214.762,214.994,214.762,214.994,4,859.048
1785935400000,2026-08-05T13:10:00Z,214.995,214.995,214.995,214.995,2,429.99
1785935700000,2026-08-05T13:15:00Z,214.995,214.995,214.995,214.995,3,644.985
1785936000000,2026-08-05T13:20:00Z,214.995,214.995,213.863,213.863,78,16769.61
1785936300000,2026-08-05T13:25:00Z,213.827,213.827,212.805,212.993,5,1064.025
1785936600000,2026-08-05T13:30:00Z,212.84,213.514,212.01,213.025,29056.018070000002,6193377.41967471
1785936900000,2026-08-05T13:35:00Z,212.68,213.551,212.24,212.24,6549.600682,1394154.5507712
1785937200000,2026-08-05T13:40:00Z,212.62,213.928,212.513,213.18,37489.377943,7986140.99586743
1785937500000,2026-08-05T13:45:00Z,213.959,213.959,211.91,212.082,1950,415729.25
1785937800000,2026-08-05T13:50:00Z,211.34,211.905,211.21,211.525,12592.813363000001,2662295.9166038569114109
1785938100000,2026-08-05T13:55:00Z,210.792,210.792,210.792,210.792,3566.597779,753029.0354648591
1785938400000,2026-08-05T14:00:00Z,211.35,212.17,211.139,212.17,866,183200.51
1785938700000,2026-08-05T14:05:00Z,212.126,212.163,211.502,211.502,0,0
1785939000000,2026-08-05T14:10:00Z,211.495,212.391,211.495,212.391,4641.491903,984177.30162022
1785939300000,2026-08-05T14:15:00Z,212.125,212.806,211.991,212.125,11948.321901000001,2535954.85422708
1785939600000,2026-08-05T14:20:00Z,211.92,212.291,211.835,212.05,8155.979969999999,1730163.10174997
1785939900000,2026-08-05T14:25:00Z,211.88,212.419,211.826,212.32,32275.761017,6841567.29702383
1785940200000,2026-08-05T14:30:00Z,212.58,212.58,211.831,212.58,20670.13089,4390174.57401506
1785940500000,2026-08-05T14:35:00Z,212.13,212.396,212,212.035,10438.066405,2214763.54310587
1785940800000,2026-08-05T14:40:00Z,212.154,212.59,211.936,212.092,11153.283321,2368332.79351442
1785941100000,2026-08-05T14:45:00Z,212.33,212.725,211.981,212.18,8142.156431,1729030.07155193
1785941400000,2026-08-05T14:50:00Z,211.979,212.807,211.971,212.807,8157.542155,1730990.47333444
1785941700000,2026-08-05T14:55:00Z,212.817,212.955,212.391,212.437,6429.488616,1367298.90677173
1785942000000,2026-08-05T15:00:00Z,212.69,212.715,212.181,212.38,7618.252667,1619231.41683598
1785942300000,2026-08-05T15:05:00Z,212.335,212.549,212.146,212.335,10152.34701,2156199.11307594
1785942600000,2026-08-05T15:10:00Z,211.96,212.18,211.96,212.153,1080.052168,229107.5041839512
1785942900000,2026-08-05T15:15:00Z,212.154,212.232,211.8,212.097,3973.699174,843227.7068609828
1785943200000,2026-08-05T15:20:00Z,212.09,212.176,212.03,212.15,3777.014233,801129.970593747
1785943500000,2026-08-05T15:25:00Z,212.148,212.169,211.821,211.861,7009.843641,1486376.35843437
1785943800000,2026-08-05T15:30:00Z,211.86,211.912,211.673,211.716,4268.482797,903949.40736908
1785944100000,2026-08-05T15:35:00Z,211.72,211.768,211.627,211.629,4124.46065,872998.60168341
1785944400000,2026-08-05T15:40:00Z,211.75,212.005,211.631,211.75,3343.894428,708219.45159937
1785944700000,2026-08-05T15:45:00Z,211.95,212.01,211.258,211.85,11565.569545000002,2449400.26740437
1785945000000,2026-08-05T15:50:00Z,211.24,211.51,211.194,211.24,5048.257933999999,1066471.24432455
1785945300000,2026-08-05T15:55:00Z,211.47,211.719,211.27,211.6,7119.502699000001,1505537.74139862
1785945600000,2026-08-05T16:00:00Z,211.585,211.727,211.425,211.585,6226.246479,1317693.54145711
1785945900000,2026-08-05T16:05:00Z,211.76,211.954,211.675,211.76,10016.265,2121145.4406765
1785946200000,2026-08-05T16:10:00Z,211.95,211.95,211.57,211.95,19145.951747,4053056.30479697
1785946500000,2026-08-05T16:15:00Z,211.838,212.056,211.64,211.852,5390.47265,1141884.84429284
1785946800000,2026-08-05T16:20:00Z,211.862,212.493,211.862,212.493,6668.613007,1414420.82112031
1785947100000,2026-08-05T16:25:00Z,212.505,212.551,212.015,212.02,3785.1049120000002,804142.8889809616424899
1785947400000,2026-08-05T16:30:00Z,212.026,212.344,212.026,212.344,2316.612226,491634.4581976138
1785947700000,2026-08-05T16:35:00Z,212.345,212.355,212.131,212.131,6150.540452,1305765.4861516736
1785948000000,2026-08-05T16:40:00Z,212.129,212.4,212.12,212.342,2475.417292,525314.1568883508
1785948300000,2026-08-05T16:45:00Z,212.341,212.565,212.273,212.366,8776.118562,1864642.6034073036
1785948600000,2026-08-05T16:50:00Z,212.55,212.636,212.363,212.55,4502.351339,956860.86761557
1785948900000,2026-08-05T16:55:00Z,212.51,212.533,212.183,212.324,9095.561161,1931527.91081326
1785949200000,2026-08-05T17:00:00Z,212.328,212.392,211.823,211.834,5619.271245,1192123.89920975
1785949500000,2026-08-05T17:05:00Z,211.836,212.288,211.836,212.288,5325.376849,1129159.8897255
1785949800000,2026-08-05T17:10:00Z,212.289,212.322,212.182,212.265,4991.475238,1059611.82686616
1785950100000,2026-08-05T17:15:00Z,212.11,212.265,212.03,212.11,7294.0150810000005,1548135.00710153
1785950400000,2026-08-05T17:20:00Z,211.82,212.153,211.82,212.02,18166.968741,3851046.7505953
1785950700000,2026-08-05T17:25:00Z,212.02,212.042,211.906,211.98,2272.20407,481639.0967179
1785951000000,2026-08-05T17:30:00Z,212.01,212.095,211.89,212.06,6030.096605,1278522.79053988
1785951300000,2026-08-05T17:35:00Z,212.125,212.25,211.97,212.2,4382.848838,929724.52002238
1785951600000,2026-08-05T17:40:00Z,212.201,212.279,212.17,212.262,3968.7214449999997,842256.3524551
1785951900000,2026-08-05T17:45:00Z,212.22,212.368,212.175,212.175,6320.576457,1341674.4530462
1785952200000,2026-08-05T17:50:00Z,212.312,212.38,212.243,212.275,4232.107894,898625.7207430574
1785952500000,2026-08-05T17:55:00Z,212.274,212.274,212.074,212.075,5253.808315,1114805.970118589
1785952800000,2026-08-05T18:00:00Z,212.075,212.134,211.832,212.102,2374.6044229999998,503489.7504131129575938
1785953100000,2026-08-05T18:05:00Z,212.103,212.261,212.08,212.26,5304.772799,1125635.12406093
1785953400000,2026-08-05T18:10:00Z,212.25,212.559,212.25,212.43,6844.339792000001,1453748.03833049
1785953700000,2026-08-05T18:15:00Z,212.45,212.475,212.362,212.46,10858.471396,2306744.34549347
1785954000000,2026-08-05T18:20:00Z,212.366,212.41,212.181,212.181,9065.589541,1924669.08094305
1785954300000,2026-08-05T18:25:00Z,212.09,212.179,212.025,212.09,9136.918022,1938043.55963985
1785954600000,2026-08-05T18:30:00Z,212.069,212.123,211.889,211.889,7712.133885,1635276.24169507
1785954900000,2026-08-05T18:35:00Z,211.887,211.905,211.785,211.794,8504.862666,1801730.49169037
1785955200000,2026-08-05T18:40:00Z,211.811,212.166,211.811,212.146,12490.740231999998,2648049.41992423
1785955500000,2026-08-05T18:45:00Z,212.16,212.277,212.076,212.16,11504.083151,2440578.58599318
1785955800000,2026-08-05T18:50:00Z,212.08,212.185,212.08,212.08,7291.6087210000005,1546844.06155556
1785956100000,2026-08-05T18:55:00Z,212.07,212.155,211.811,212.02,11526.782023,2444305.99849625
1785956400000,2026-08-05T19:00:00Z,211.96,212.055,211.811,211.96,10185.368546,2158760.34429277
1785956700000,2026-08-05T19:05:00Z,212.066,212.155,211.921,212.048,14257.55461,3023926.025427868
1785957000000,2026-08-05T19:10:00Z,212.048,212.19,211.95,212.148,6479.577134,1373788.4475626404
1785957300000,2026-08-05T19:15:00Z,212.149,212.539,212.149,212.302,4129.866599,876214.375910642
1785957600000,2026-08-05T19:20:00Z,212.304,212.315,212.04,212.129,7352,1560301.78
1785957900000,2026-08-05T19:25:00Z,212.131,212.24,211.958,212.057,11453.9218880000003,2429974.9610698589636506
1785958200000,2026-08-05T19:30:00Z,212,212.077,211.821,211.98,12919.361237000001,2738799.93541798
1785958500000,2026-08-05T19:35:00Z,211.945,212.07,211.878,211.96,13112.013111,2779535.67612091
1785958800000,2026-08-05T19:40:00Z,212.08,212.83,211.93,212.83,62348.962004,13245781.34700558
1785959100000,2026-08-05T19:45:00Z,212.775,212.98,212.61,212.76,27248.243767,5799110.20453615
1785959400000,2026-08-05T19:50:00Z,212.79,213.265,212.683,213.05,52272.783253,11138002.38251967
1785959700000,2026-08-05T19:55:00Z,213.25,213.58,212.94,213.48,188685.062159,40248693.63672953
1785960000000,2026-08-05T20:00:00Z,213.238,213.5,213.238,213.5,463586.928767,98975345.70482573
1785960300000,2026-08-05T20:05:00Z,213.5,213.5,212.525,212.525,1442.58463,306779.61464041
1785960600000,2026-08-05T20:10:00Z,212.525,212.525,212.525,212.525,3.809429,809.59889823
1785960900000,2026-08-05T20:15:00Z,212.525,212.525,212.525,212.525,5.199598,1105.04456495
1785961200000,2026-08-05T20:20:00Z,212.525,212.525,212.525,212.525,21,4463.025
1785961500000,2026-08-05T20:25:00Z,212.525,212.525,212.525,212.525,0,0
1785961800000,2026-08-05T20:30:00Z,212.525,212.623,212.525,212.623,480,102012
1785962100000,2026-08-05T20:35:00Z,212.624,212.625,212.624,212.625,19,4039.8636
1785962400000,2026-08-05T20:40:00Z,212.625,212.625,212.125,212.125,1079,229367.0223
1785962700000,2026-08-05T20:45:00Z,212.125,212.125,212.125,212.125,413,87607.625
1785963000000,2026-08-05T20:50:00Z,212.125,212.125,212.125,212.125,310,65758.75
1785963300000,2026-08-05T20:55:00Z,212.125,212.125,209.402,209.402,4168.007747,878938.22006644
1785963600000,2026-08-05T21:00:00Z,209.401,209.401,208.001,208.001,1249.940581,261402.19860352
1785963900000,2026-08-05T21:05:00Z,208.001,208.001,208,208,131,27248.0262
1785964200000,2026-08-05T21:10:00Z,208,208,208,208,61,12688
1785964500000,2026-08-05T21:15:00Z,208,208,208,208,103,21424
1785964800000,2026-08-05T21:20:00Z,208,208,208,208,15,3120
1785965100000,2026-08-05T21:25:00Z,207.935,207.935,207.612,207.612,0,0
1785965400000,2026-08-05T21:30:00Z,207.611,207.611,207.61,207.61,3,622.8321
1785965700000,2026-08-05T21:35:00Z,207.61,207.61,207.61,207.61,11,2283.71
1785966000000,2026-08-05T21:40:00Z,207.61,207.61,207.61,207.61,6,1245.66
1785966300000,2026-08-05T21:45:00Z,207.61,207.61,207.61,207.61,1,207.61
1785966600000,2026-08-05T21:50:00Z,207.61,207.61,207.61,207.61,10,2076.1
1785966900000,2026-08-05T21:55:00Z,207.61,207.61,207.61,207.61,0,0
1785967500000,2026-08-05T22:05:00Z,207.61,207.61,207.61,207.61,4,830.44
1785968100000,2026-08-05T22:15:00Z,207.61,207.61,207.61,207.61,85,17646.85
1785968400000,2026-08-05T22:20:00Z,207.61,207.61,207.61,207.61,4,830.44
1785968700000,2026-08-05T22:25:00Z,207.61,207.61,207.61,207.61,11,2283.71
1785969000000,2026-08-05T22:30:00Z,207.743,208.409,207.743,208.409,0,0
1785969300000,2026-08-05T22:35:00Z,208.41,208.41,208.41,208.41,7,1458.87
1785969600000,2026-08-05T22:40:00Z,208.41,208.41,208.41,208.41,22,4585.02
1785969900000,2026-08-05T22:45:00Z,208.41,208.41,208.41,208.41,7,1458.87
1785970500000,2026-08-05T22:55:00Z,208.41,208.41,208.41,208.41,0,0
1785971100000,2026-08-05T23:05:00Z,208.41,208.41,208.41,208.41,0,0
1785971400000,2026-08-05T23:10:00Z,208.55,209.25,208.55,209.25,0,0
1785971700000,2026-08-05T23:15:00Z,209.128,209.128,208.52,208.52,30,6273.84
1785972000000,2026-08-05T23:20:00Z,208.52,208.52,208.52,208.52,55,11468.6
1785972300000,2026-08-05T23:25:00Z,208.52,208.52,208.52,208.52,15,3127.8
1785972900000,2026-08-05T23:35:00Z,208.52,208.52,207.256,207.256,1.110372,231.53476944
1785973200000,2026-08-05T23:40:00Z,207.254,207.499,207.25,207.499,12,2489.49
1785973500000,2026-08-05T23:45:00Z,207.5,207.5,207.5,207.5,3,622.5
1785973800000,2026-08-05T23:50:00Z,207.5,207.5,207.5,207.5,17,3527.5
1785974100000,2026-08-05T23:55:00Z,207.5,207.5,207.5,207.5,10,2075
1785974700000,2026-08-06T00:05:00Z,210.79,210.79,210.79,210.79,1,210.79
1785977400000,2026-08-06T00:50:00Z,211.21,211.21,211.21,211.21,25,5280.25
1785978000000,2026-08-06T01:00:00Z,211.24,211.24,210.6,210.6,208,43887.52
1785986400000,2026-08-06T03:20:00Z,213.85,214.01,212.96,214.01,32,6842.47
1785988500000,2026-08-06T03:55:00Z,214.2,214.2,214.2,214.2,1,214.2
1785990900000,2026-08-06T04:35:00Z,212.44,212.44,212.34,212.34,240,50968.6
1785991200000,2026-08-06T04:40:00Z,212.44,212.44,212.44,212.44,4,849.76
1785992100000,2026-08-06T04:55:00Z,212.44,212.44,212,212,21,4456.84
1785992400000,2026-08-06T05:00:00Z,212,212,212,212,2,424
1785995100000,2026-08-06T05:45:00Z,212.5,212.5,212.5,212.5,20,4250
1785996600000,2026-08-06T06:10:00Z,212.48,212.48,212.48,212.48,3,637.44
1785997500000,2026-08-06T06:25:00Z,212.51,212.51,212.04,212.04,192,40734.93
1785998100000,2026-08-06T06:35:00Z,211.56,211.56,211.51,211.51,33,6980.98
1785998700000,2026-08-06T06:45:00Z,211.51,211.51,211.51,211.51,26,5499.26
1785999600000,2026-08-06T07:00:00Z,211.44,211.44,211.44,211.44,46,9726.24
1786001400000,2026-08-06T07:30:00Z,211.49,211.49,211.49,211.49,1,211.49
1786003200000,2026-08-06T08:00:00Z,207.9,211.205,207.9,211.205,880,185616.904
1786003500000,2026-08-06T08:05:00Z,211.205,211.205,211.205,211.205,206,43508.23
1786004100000,2026-08-06T08:15:00Z,210.928,210.928,209.542,209.542,7,1474.4093
1786004700000,2026-08-06T08:25:00Z,209.541,209.613,209.541,209.613,65,13620.2235
1786005000000,2026-08-06T08:30:00Z,209.995,211.044,209.995,211.044,0,0
1786005900000,2026-08-06T08:45:00Z,211.044,211.044,211.044,211.044,3,633.132
1786006200000,2026-08-06T08:50:00Z,211.045,211.045,209.296,209.296,3,632.5509
1786006500000,2026-08-06T08:55:00Z,209.296,209.296,209.296,209.296,11,2302.256
1786007100000,2026-08-06T09:05:00Z,209.295,209.295,209.295,209.295,0.36435,76.25663325
1786008300000,2026-08-06T09:25:00Z,209.295,209.295,209.295,209.295,0,0
1786010100000,2026-08-06T09:55:00Z,209.295,209.295,209.295,209.295,1,209.295
1786010700000,2026-08-06T10:05:00Z,209.295,209.295,209.295,209.295,20,4185.9
1786011900000,2026-08-06T10:25:00Z,209.295,209.295,209.295,209.295,8,1674.36
1786012800000,2026-08-06T10:40:00Z,209.295,209.295,209.295,209.295,1.05466,220.7350647
1786013400000,2026-08-06T10:50:00Z,209.295,209.295,209.295,209.295,90,18836.55
1786013700000,2026-08-06T10:55:00Z,209.648,211.414,209.648,211.414,400,83859.2
1786014000000,2026-08-06T11:00:00Z,211.415,212.11,211.415,211.566,629,133325.8592
1786014300000,2026-08-06T11:05:00Z,211.565,211.565,209.252,209.252,992,209431.9328
1786014600000,2026-08-06T11:10:00Z,209.251,209.251,209.25,209.25,51,10671.7959
1786014900000,2026-08-06T11:15:00Z,209.25,209.25,209.25,209.25,1,209.25
1786015500000,2026-08-06T11:25:00Z,209.25,209.25,209.25,209.25,1,209.25
1786015800000,2026-08-06T11:30:00Z,209.25,209.25,209.25,209.25,104,21762
1786016100000,2026-08-06T11:35:00Z,209.25,209.25,209.25,209.25,21,4394.25
1786016400000,2026-08-06T11:40:00Z,209.25,209.25,209.25,209.25,200,41850
1786017000000,2026-08-06T11:50:00Z,209.25,209.25,209.25,209.25,806,168655.5
1786017300000,2026-08-06T11:55:00Z,209.25,209.25,209.25,209.25,0,0
1786017600000,2026-08-06T12:00:00Z,209.25,209.25,209.25,209.25,121,25319.25
1786018200000,2026-08-06T12:10:00Z,209.25,209.25,209.25,209.25,44,9207
1786018500000,2026-08-06T12:15:00Z,209.25,209.25,209.25,209.25,20,4185
1786018800000,2026-08-06T12:20:00Z,209.25,209.25,209.25,209.25,52,10881
1786019100000,2026-08-06T12:25:00Z,209.25,209.25,209.25,209.25,34,7114.5
1786019400000,2026-08-06T12:30:00Z,209.25,209.253,209.25,209.253,44,9207.0264
1786019700000,2026-08-06T12:35:00Z,209.254,209.254,209.254,209.254,0,0
1786020000000,2026-08-06T12:40:00Z,209.254,209.254,209.254,209.254,2,418.508
1786020600000,2026-08-06T12:50:00Z,209.255,209.255,209.255,209.255,6,1255.53
1786021200000,2026-08-06T13:00:00Z,209.255,209.255,209.255,209.255,0,0
1786021500000,2026-08-06T13:05:00Z,209.255,209.255,209.255,209.255,0,0
1786021800000,2026-08-06T13:10:00Z,209.255,209.255,209.255,209.255,0,0
1786022100000,2026-08-06T13:15:00Z,209.255,209.255,209.255,209.255,0,0
1786022400000,2026-08-06T13:20:00Z,209.278,209.395,209.256,209.256,105,21986.034
1786022700000,2026-08-06T13:25:00Z,209.255,211.202,209.255,211.202,635,133010.148
1786023000000,2026-08-06T13:30:00Z,209.93,211.252,208.45,210.39,61750.613211,12988500.48157532
1786023300000,2026-08-06T13:35:00Z,210.775,211.51,210.347,211.265,7317.929925999999,1543215.30789678
1786023600000,2026-08-06T13:40:00Z,211.265,211.51,209.815,210.38,50951.847948,10721328.60669652
1786023900000,2026-08-06T13:45:00Z,210.45,210.819,210.182,210.33,11310.481898000002,2380287.52228953
1786024200000,2026-08-06T13:50:00Z,210.31,211.881,210.192,211.24,10845.134211,2285212.93402929
1786024500000,2026-08-06T13:55:00Z,211.545,212.041,211.355,211.73,22861.924842,4837704.46476886
1786024800000,2026-08-06T14:00:00Z,212.04,212.733,211.723,212.49,34766.831278,7381707.52367747
1786025100000,2026-08-06T14:05:00Z,212.58,212.723,212.113,212.48,18170.524081,3860905.66367423
1786025400000,2026-08-06T14:10:00Z,212.426,213.51,212.291,213.412,10792.712907,2295307.3699560461
1786025700000,2026-08-06T14:15:00Z,213.44,214.323,213.138,214.323,8332.633572,1777875.696822636
1786026000000,2026-08-06T14:20:00Z,214.328,214.548,213.407,213.407,3777.667509,809559.2301818397
1786026300000,2026-08-06T14:25:00Z,213.406,214.108,213.19,214.108,5107.6975090000005,1089981.1161113474066999
1786026600000,2026-08-06T14:30:00Z,214.16,214.193,213.637,213.97,13895.267473,2973635.87265816
1786026900000,2026-08-06T14:35:00Z,213.97,214.76,213.745,214.355,27400.442759,5864412.64202629
1786027200000,2026-08-06T14:40:00Z,214.58,214.85,214.422,214.62,15356.874582,3296294.77290289
1786027500000,2026-08-06T14:45:00Z,214.12,214.491,213.76,213.765,10026.976066,2147322.0459262
1786027800000,2026-08-06T14:50:00Z,213.77,214.264,213.449,213.77,5850.135402,1251052.04073124
1786028100000,2026-08-06T14:55:00Z,213.55,214.245,213.368,214.1,10626.723708000001,2272940.36985278
1786028400000,2026-08-06T15:00:00Z,213.965,214.557,213.866,214.345,11864.384667,2540532.55312938
1786028700000,2026-08-06T15:05:00Z,214.485,214.504,214.279,214.41,5881.199431999999,1260939.74437978
1786029000000,2026-08-06T15:10:00Z,214.15,214.425,213.72,213.72,9912.206882,2122476.07912546
1786029300000,2026-08-06T15:15:00Z,213.87,214.005,213.546,213.695,6438.2232,1377207.40675752
1786029600000,2026-08-06T15:20:00Z,213.646,213.646,212.32,213.138,20690.555649,4406691.4873320111
1786029900000,2026-08-06T15:25:00Z,213.164,213.872,213.015,213.735,18550.245091,3959939.369886333
1786030200000,2026-08-06T15:30:00Z,213.763,214.2,213.73,214.08,4463.967060999999,954595.5255143580861597
1786030500000,2026-08-06T15:35:00Z,214.079,214.65,214.037,214.48,10724.172718,2297746.2969760862
1786030800000,2026-08-06T15:40:00Z,214.504,214.767,214.37,214.622,3987.2540820000004,855888.0844673286858689
1786031100000,2026-08-06T15:45:00Z,214.63,214.921,214.545,214.76,16414.858433,3523687.37809073
1786031400000,2026-08-06T15:50:00Z,214.76,215.139,214.76,215.03,16593.442092999998,3566377.069378
1786031700000,2026-08-06T15:55:00Z,214.485,215.165,214.32,214.39,8842.876509,1898446.20764943
1786032000000,2026-08-06T16:00:00Z,214.375,214.816,214.351,214.62,12191.45966,2615675.23176107
1786032300000,2026-08-06T16:05:00Z,214.665,214.67,214.243,214.26,7794.275724000001,1671519.0621077
1786032600000,2026-08-06T16:10:00Z,214.16,214.331,213.811,214.16,11154.277379000001,2388977.39649697
1786032900000,2026-08-06T16:15:00Z,214.18,214.258,214.04,214.04,8970.92998,1921119.27265901
1786033200000,2026-08-06T16:20:00Z,214.127,214.127,213.79,213.945,4291.593,918317.4007142
1786033500000,2026-08-06T16:25:00Z,213.944,214.02,213.74,213.85,3618.0029999999997,773819.0634633999358337
1786033800000,2026-08-06T16:30:00Z,213.851,214.02,213.621,213.692,5164.93419,1104816.094273749
1786034100000,2026-08-06T16:35:00Z,213.685,213.685,213.216,213.284,2929.437434,625815.1331379332
1786034400000,2026-08-06T16:40:00Z,213.301,213.384,212.949,213.064,2996.738322,638723.738011851
1786034700000,2026-08-06T16:45:00Z,213.079,213.871,213.079,213.6,4935.967682,1053002.8191170332
1786035000000,2026-08-06T16:50:00Z,213.6,214.511,213.6,214.511,4285.768845,915865.7027209635
1786035300000,2026-08-06T16:55:00Z,214.32,214.515,214.24,214.24,5687.847858,1219554.21062521
1786035600000,2026-08-06T17:00:00Z,214.02,214.335,213.893,214.02,8542.525719000001,1829813.28027266
1786035900000,2026-08-06T17:05:00Z,214.03,214.254,213.89,213.99,8909.567774000001,1907068.92619171
1786036200000,2026-08-06T17:10:00Z,213.962,214.049,213.88,214.049,5797.271839,1240269.49669003
1786036500000,2026-08-06T17:15:00Z,214.07,214.07,213.895,214.005,8899.598179,1904503.33078819
1786036800000,2026-08-06T17:20:00Z,214.11,214.495,214,214.495,14096.216166,3021094.00058904
1786037100000,2026-08-06T17:25:00Z,214.46,214.66,214.46,214.66,8032.189017000001,1723110.97140424
1786037400000,2026-08-06T17:30:00Z,214.609,214.613,214.36,214.446,3508.380528,752737.4266425648
1786037700000,2026-08-06T17:35:00Z,214.446,214.85,214.445,214.774,4614.8737229999997,990622.9633215508356325
1786038000000,2026-08-06T17:40:00Z,214.773,214.85,214.71,214.725,6134.734367,1317653.9175188066
1786038300000,2026-08-06T17:45:00Z,214.735,215.141,214.735,215.059,5053.606127999999,1086040.4253675901851032
1786038600000,2026-08-06T17:50:00Z,215.058,215.171,214.861,214.861,5060.15132,1088239.66545164
1786038900000,2026-08-06T17:55:00Z,214.861,214.91,214.76,214.908,17024.254684,3656758.870417952
1786039200000,2026-08-06T18:00:00Z,214.907,215.307,214.9,215.28,3867,831318.9591
1786039500000,2026-08-06T18:05:00Z,215.28,215.428,215.13,215.32,9842.164662,2118397.0652125454
1786039800000,2026-08-06T18:10:00Z,215.44,215.603,215.3,215.54,12024.118386999999,2590268.04804718
1786040100000,2026-08-06T18:15:00Z,215.375,215.573,214.99,214.99,10442.861868000002,2249218.050574
1786040400000,2026-08-06T18:20:00Z,215.01,215.104,214.885,215.01,7969.889835,1713596.44955555
1786040700000,2026-08-06T18:25:00Z,215.02,215.42,215.005,215.195,14943.32821,3215343.97628313
1786041000000,2026-08-06T18:30:00Z,215.16,215.27,215.14,215.27,9816.03653,2112407.13484139
1786041300000,2026-08-06T18:35:00Z,215.15,215.359,215.15,215.28,13408.929563,2886505.40381015
1786041600000,2026-08-06T18:40:00Z,215.175,215.295,215.03,215.19,11219.327023,2413727.2656288146
1786041900000,2026-08-06T18:45:00Z,215.19,215.28,215.121,215.257,4983.334761,1072338.3922123089
1786042200000,2026-08-06T18:50:00Z,215.258,215.274,214.866,214.866,9966.840379,2145264.2054570324
1786042500000,2026-08-06T18:55:00Z,214.866,215.094,214.866,215.045,16121.087413,3464762.5673673902
1786042800000,2026-08-06T19:00:00Z,215.045,215.264,214.7,214.7,29609.72,6369027.084224
1786043100000,2026-08-06T19:05:00Z,214.7,215.055,214.481,215.055,9843.338754,2112994.5687224046
1786043400000,2026-08-06T19:10:00Z,215.06,215.218,215.011,215.209,9121.284707,1962179.7459455069
1786043700000,2026-08-06T19:15:00Z,215.209,215.285,214.944,215.279,5376.998878,1156926.9079880116
1786044000000,2026-08-06T19:20:00Z,215.38,215.45,215.276,215.32,9759.112939999999,2102045.58939671
1786044300000,2026-08-06T19:25:00Z,215.175,215.394,215.147,215.175,12723.185605,2738598.26859254
1786044600000,2026-08-06T19:30:00Z,215.48,215.594,215.313,215.48,10501.289190000001,2262861.9000758
1786044900000,2026-08-06T19:35:00Z,215.615,215.64,215.515,215.57,12229.204581999998,2636595.71823141
1786045200000,2026-08-06T19:40:00Z,215.55,215.76,215.52,215.68,18514.748213,3992175.93033456
1786045500000,2026-08-06T19:45:00Z,215.657,215.799,215.517,215.799,10688.05216,2304685.980092096
1786045800000,2026-08-06T19:50:00Z,215.803,216.42,215.795,216.365,14724.98123,3178700.12362689
1786046100000,2026-08-06T19:55:00Z,217.51,217.91,217.38,217.85,29446.583217,6379852.5499203945
1786046400000,2026-08-06T20:00:00Z,217.785,217.8,214.106,215.25,921680.755917,200741331.2941178664
1786046700000,2026-08-06T20:05:00Z,215.25,215.69,215.25,215.69,637,137244.6439
1786047000000,2026-08-06T20:10:00Z,215.69,220.08,215.69,220.08,599.825857,130015.7934773063
1786047300000,2026-08-06T20:15:00Z,219.401,219.401,215.155,215.155,0,0
1786047600000,2026-08-06T20:20:00Z,215.147,216.72,215.106,216.72,5,1075.53
1786047900000,2026-08-06T20:25:00Z,216.72,216.72,216.72,216.72,0,0
1786048200000,2026-08-06T20:30:00Z,216.72,216.72,216.72,216.72,0,0
1786048500000,2026-08-06T20:35:00Z,216.72,216.72,216.72,216.72,5,1083.6
1786048800000,2026-08-06T20:40:00Z,216.72,216.72,216.006,216.006,3,650.16
1786049100000,2026-08-06T20:45:00Z,216.005,216.005,216.005,216.005,297,64153.485
1786049400000,2026-08-06T20:50:00Z,216.005,216.005,216.005,216.005,4,864.02
1786049700000,2026-08-06T20:55:00Z,216.005,216.005,216.005,216.005,1,216.005
1786050000000,2026-08-06T21:00:00Z,216.129,216.749,216.129,216.749,14,3034.0716
1786050300000,2026-08-06T21:05:00Z,216.75,216.75,216.75,216.75,39,8453.25
1786050600000,2026-08-06T21:10:00Z,217.351,220.804,217.206,220.804,1129.006167,246065.76509148
1786050900000,2026-08-06T21:15:00Z,220.805,220.805,220.805,220.805,38,8390.59
1786051200000,2026-08-06T21:20:00Z,220.805,220.805,220.805,220.805,555,122546.775
1786051500000,2026-08-06T21:25:00Z,220.805,220.805,219.751,219.751,53,11686.3145
1786051800000,2026-08-06T21:30:00Z,219.75,219.75,219.75,219.75,813,178656.75
1786052100000,2026-08-06T21:35:00Z,219.75,219.75,219.75,219.75,203,44609.25
1786052400000,2026-08-06T21:40:00Z,219.75,219.75,219.75,219.75,102,22414.5
1786052700000,2026-08-06T21:45:00Z,219.75,219.75,219.75,219.75,26,5713.5
1786053000000,2026-08-06T21:50:00Z,219.75,223.855,219.75,223.067,652.006044,143343.98517763
1786053300000,2026-08-06T21:55:00Z,223.065,223.065,223.055,223.055,240,53533.2
1786053600000,2026-08-06T22:00:00Z,223.055,223.853,223.055,223.853,680,151701.948
1786053900000,2026-08-06T22:05:00Z,223.854,223.855,223.854,223.855,1,223.855
1786054200000,2026-08-06T22:10:00Z,223.722,223.722,223.055,223.055,155,34573.525
1786054500000,2026-08-06T22:15:00Z,223.055,223.055,223.055,223.055,32,7137.76
1786054800000,2026-08-06T22:20:00Z,223.055,223.055,223.055,223.055,1,223.055
1786055100000,2026-08-06T22:25:00Z,223.055,223.055,223.055,223.055,8,1784.44
1786055400000,2026-08-06T22:30:00Z,223.055,223.055,223.055,223.055,255,56879.025
1786056000000,2026-08-06T22:40:00Z,223.055,223.055,223.055,223.055,1,223.055
1786056300000,2026-08-06T22:45:00Z,222.932,222.932,222.415,222.415,0,0
1786056600000,2026-08-06T22:50:00Z,222.398,222.398,222.316,222.316,0,0
1786056900000,2026-08-06T22:55:00Z,222.315,222.315,222.315,222.315,21,4668.615
1786057200000,2026-08-06T23:00:00Z,222.315,222.315,222.315,222.315,11,2445.465
1786057500000,2026-08-06T23:05:00Z,222.315,222.315,222.315,222.315,1,222.315
1786057800000,2026-08-06T23:10:00Z,222.315,222.315,222.315,222.315,52,11560.38
1786058400000,2026-08-06T23:20:00Z,222.315,222.315,222.315,222.315,1,222.315
1786058700000,2026-08-06T23:25:00Z,222.315,222.315,222.315,222.315,1,222.315
1786059000000,2026-08-06T23:30:00Z,222.315,222.315,222.315,222.315,2.105958,468.18605277
1786059300000,2026-08-06T23:35:00Z,222.315,222.315,222.315,222.315,1,222.315
1786059600000,2026-08-06T23:40:00Z,222.315,222.315,222.315,222.315,10,2223.15
1786059900000,2026-08-06T23:45:00Z,222.315,222.315,222.315,222.315,4,889.26
1786060200000,2026-08-06T23:50:00Z,222.272,222.272,222.059,222.059,6,1333.632
1786060500000,2026-08-06T23:55:00Z,222.058,222.058,222.056,222.056,0,0
1786064700000,2026-08-07T01:05:00Z,220.28,220.28,220,220,6,1320.28
1786069500000,2026-08-07T02:25:00Z,220.93,220.93,220.93,220.93,9,1988.37
1786069800000,2026-08-07T02:30:00Z,220.94,220.98,220.94,220.98,55,12152.86
1786072200000,2026-08-07T03:10:00Z,220.95,220.95,220.95,220.95,15,3314.25
1786089600000,2026-08-07T08:00:00Z,222.055,222.055,219.791,219.791,95,21066.2405
1786089900000,2026-08-07T08:05:00Z,219.831,220.034,219.831,220.034,0,0
1786090200000,2026-08-07T08:10:00Z,220.035,220.035,220.035,220.035,0,0
1786090800000,2026-08-07T08:20:00Z,220.029,220.029,220.001,220.001,0,0
1786091400000,2026-08-07T08:30:00Z,220,220,220,220,21.026455,4625.8201
1786092300000,2026-08-07T08:45:00Z,220,220,220,220,10,2200
1786093500000,2026-08-07T09:05:00Z,220,220,220,220,1,220
1786094100000,2026-08-07T09:15:00Z,220,222.998,220,222.998,1394,306716.244
1786094400000,2026-08-07T09:20:00Z,222.999,222.999,222.999,222.999,0,0
1786095300000,2026-08-07T09:35:00Z,223,223,223,223,319.72476800000004,71298.623264
1786095600000,2026-08-07T09:40:00Z,223,223,223,223,5,1115
1786096200000,2026-08-07T09:50:00Z,223,223,223,223,72,16056
1786097100000,2026-08-07T10:05:00Z,223,223,222.69,222.69,29,6466.9826
1786097400000,2026-08-07T10:10:00Z,222.682,222.682,222.646,222.646,0,0
1786097700000,2026-08-07T10:15:00Z,222.645,222.645,222.645,222.645,0.32221,71.73844545
1786098000000,2026-08-07T10:20:00Z,222.645,222.645,222.645,222.645,5,1113.225
1786098300000,2026-08-07T10:25:00Z,222.645,222.645,222.645,222.645,0,0
1786099200000,2026-08-07T10:40:00Z,222.645,222.645,222.645,222.645,5,1113.225
1786099500000,2026-08-07T10:45:00Z,222.645,222.645,222.645,222.645,22,4898.19
1786099800000,2026-08-07T10:50:00Z,222.645,222.645,222.645,222.645,10,2226.45
1786100400000,2026-08-07T11:00:00Z,222.645,222.645,222.645,222.645,9,2003.805
1786100700000,2026-08-07T11:05:00Z,222.645,222.645,222.645,222.645,9,2003.805
1786101000000,2026-08-07T11:10:00Z,222.645,222.645,222.645,222.645,494,109986.63
1786101300000,2026-08-07T11:15:00Z,222.645,222.645,222.645,222.645,54,12022.83
1786101600000,2026-08-07T11:20:00Z,222.645,222.645,222.645,222.645,1,222.645
1786101900000,2026-08-07T11:25:00Z,222.704,222.999,222.704,222.999,146,32534.2604
1786102200000,2026-08-07T11:30:00Z,222.999,223,222.999,223,55,12264.9505
1786102500000,2026-08-07T11:35:00Z,223,223,223,223,12,2676
1786103100000,2026-08-07T11:45:00Z,223,223,223,223,25,5575
1786103400000,2026-08-07T11:50:00Z,223,223,223,223,20,4460
1786103700000,2026-08-07T11:55:00Z,222.933,222.933,222.601,222.601,0.089134,19.84131753
1786104000000,2026-08-07T12:00:00Z,222.6,222.6,222.6,222.6,134,29828.4
1786104300000,2026-08-07T12:05:00Z,222.6,222.6,222.6,222.6,751.0891340000001,167192.4412284
1786104600000,2026-08-07T12:10:00Z,222.6,222.6,222.6,222.6,32,7123.2
1786104900000,2026-08-07T12:15:00Z,222.6,222.6,222.6,222.6,5,1113
1786105200000,2026-08-07T12:20:00Z,222.6,222.6,222.6,222.6,225,50085
1786105500000,2026-08-07T12:25:00Z,222.6,222.6,222.6,222.6,10,2226
1786105800000,2026-08-07T12:30:00Z,222.6,223.099,222.6,223.099,120,26722.164
1786106100000,2026-08-07T12:35:00Z,223.099,223.099,223.099,223.099,207,46181.493
1786106400000,2026-08-07T12:40:00Z,223.74,223.864,223.1,223.74,428.005925,95645.24284257
1786106700000,2026-08-07T12:45:00Z,223.864,223.865,223.864,223.865,579,129617.3139
1786107000000,2026-08-07T12:50:00Z,223.865,223.865,223.865,223.865,13,2910.245
1786107300000,2026-08-07T12:55:00Z,223.865,223.865,223.865,223.865,0,0
1786107600000,2026-08-07T13:00:00Z,223.865,223.865,223.865,223.865,0,0
1786107900000,2026-08-07T13:05:00Z,223.871,223.898,223.85,223.85,175,39180.82
1786108200000,2026-08-07T13:10:00Z,223.85,223.925,223.85,223.925,29.727040000000002,6655.1891943040004477
1786108500000,2026-08-07T13:15:00Z,223.925,223.925,223.925,223.925,103,23064.275
1786108800000,2026-08-07T13:20:00Z,223.925,223.925,223.886,223.886,1007,225492.475
1786109100000,2026-08-07T13:25:00Z,223.88,223.88,223.533,223.533,136,30443.668
1786109400000,2026-08-07T13:30:00Z,223.499,225.93,222.602,224.946,4471,1005889.335
1786109700000,2026-08-07T13:35:00Z,225.92,226.69,224.945,226.14,49946.599238,11288171.17146434
1786110000000,2026-08-07T13:40:00Z,225.99,226.23,224.442,224.45,46754.96436,10542781.58903284
1786110300000,2026-08-07T13:45:00Z,225.48,227,224.493,226.97,60686.59384800001,13708828.46059089
1786110600000,2026-08-07T13:50:00Z,227.32,227.55,225.93,226.4,54473.82846499999,12351967.84135298
1786110900000,2026-08-07T13:55:00Z,226.74,228.426,226.36,228.32,48733.58388599999,11073766.3799245
1786111200000,2026-08-07T14:00:00Z,228.57,229.09,227.699,229.09,69527.199333,15881938.23107872
1786111500000,2026-08-07T14:05:00Z,229.15,229.657,228.79,229.425,48381.024098999995,11085171.51791831
1786111800000,2026-08-07T14:10:00Z,229.325,229.692,228.206,228.755,49908.15734900001,11446815.189989
1786112100000,2026-08-07T14:15:00Z,228.375,228.73,227.728,228.04,26227.716659,5983790.60923087
1786112400000,2026-08-07T14:20:00Z,228.385,228.507,227.992,228.16,33191.438212,7574246.37025255
1786112700000,2026-08-07T14:25:00Z,228.208,228.598,227.555,228.598,3224.881666,735749.6573582348
1786113000000,2026-08-07T14:30:00Z,228.62,229.872,228.62,229.872,5103.254767,1170003.3596896192
1786113300000,2026-08-07T14:35:00Z,229.873,229.93,229.3,229.645,9697.194748,2228087.8375949996
1786113600000,2026-08-07T14:40:00Z,229.645,231.17,229.645,231.17,45405.282738,10443006.392760834
1786113900000,2026-08-07T14:45:00Z,231.197,231.47,230.315,230.365,3211,740433.725
1786114200000,2026-08-07T14:50:00Z,230.34,231.135,230.01,230.01,25239.769166,5815916.71768313
1786114500000,2026-08-07T14:55:00Z,230.43,230.763,230.05,230.05,12895.667398,2971107.60669613
1786114800000,2026-08-07T15:00:00Z,230.51,230.525,230.207,230.415,18213.731959,4197303.53150206
1786115100000,2026-08-07T15:05:00Z,230.37,230.745,230.037,230.465,23557.631375999998,5429713.64838129
1786115400000,2026-08-07T15:10:00Z,230.5,230.714,230.222,230.7,31368.800846,7228846.04855816
1786115700000,2026-08-07T15:15:00Z,230.72,231.182,230.606,231.175,42125.707062,9722908.06985903
1786116000000,2026-08-07T15:20:00Z,231.01,231.255,230.681,230.95,25679.294813,5933632.47869651
1786116300000,2026-08-07T15:25:00Z,231.07,231.07,230.308,230.31,26840.135781000004,6191125.54815519
1786116600000,2026-08-07T15:30:00Z,230.415,230.637,228.724,228.998,2901,667628.32
1786116900000,2026-08-07T15:35:00Z,228.999,229.924,228.158,228.47,12745.967743,2917032.5600016983
1786117200000,2026-08-07T15:40:00Z,228.601,228.759,228.232,228.232,12476.632034999999,2853360.6527620752713007
1786117500000,2026-08-07T15:45:00Z,228.231,228.25,227.375,227.456,3925.566189,895293.6742531386
1786117800000,2026-08-07T15:50:00Z,227.456,228.425,227.417,228.119,7594.039622,1728630.2586941726
1786118100000,2026-08-07T15:55:00Z,228.112,228.169,227.732,227.964,8254.635736,1881239.738870136
1786118400000,2026-08-07T16:00:00Z,227.965,228.009,227.56,227.715,305,69411.9
1786118700000,2026-08-07T16:05:00Z,227.35,228.127,227.326,228.06,15630.578062,3560093.92311801
1786119000000,2026-08-07T16:10:00Z,227.81,227.999,227.257,227.895,27836.389350999998,6336684.02277844
1786119300000,2026-08-07T16:15:00Z,227.88,228.12,227.828,227.88,18366.490573,4186580.91669646
1786119600000,2026-08-07T16:20:00Z,227.86,228.229,227.831,228.225,23539.795657,5368215.08988536
1786119900000,2026-08-07T16:25:00Z,228.225,228.294,227.885,227.98,24030.210619,5482148.920713
1786120200000,2026-08-07T16:30:00Z,228.22,228.315,227.872,228.03,8025.004503,1831143.92249364
1786120500000,2026-08-07T16:35:00Z,227.95,228.11,227.585,227.86,5808.994315,1324289.21377804
1786120800000,2026-08-07T16:40:00Z,227.889,228.264,227.796,228.208,4260.7487629999996,971350.8894027054088206
1786121100000,2026-08-07T16:45:00Z,228.212,228.268,227.73,228.172,3055.863424,697175.6826596864
1786121400000,2026-08-07T16:50:00Z,228.179,228.255,227.661,228.023,4884.306236,1114735.9320604316
1786121700000,2026-08-07T16:55:00Z,228.023,228.029,227.695,227.97,3179.7258009999996,724940.8569861113088034
1786122000000,2026-08-07T17:00:00Z,227.97,227.989,227.85,227.85,400,91176
1786122300000,2026-08-07T17:05:00Z,227.964,228.129,227.93,228.129,4065.629512,926799.5919564728
1786122600000,2026-08-07T17:10:00Z,228.127,228.647,228.009,228.337,6305.614312,1438423.2881242488
1786122900000,2026-08-07T17:15:00Z,228.19,228.339,228.14,228.225,9511.847772000001,2170999.35443772
1786123200000,2026-08-07T17:20:00Z,228.22,228.442,228.193,228.43,14622.535192,3337662.3834894
1786123500000,2026-08-07T17:25:00Z,228.435,228.543,228.291,228.53,21661.602679,4946550.44288492
1786123800000,2026-08-07T17:30:00Z,228.66,228.895,228.457,228.49,21457.891423,4909402.47760759
1786124100000,2026-08-07T17:35:00Z,228.61,228.776,228.375,228.61,5601.391748,1280135.908557
1786124400000,2026-08-07T17:40:00Z,228.93,229.165,228.683,229.14,7324.385775,1676983.31021965
1786124700000,2026-08-07T17:45:00Z,229.17,229.17,228.925,228.925,17364.034864,3977197.45752947
1786125000000,2026-08-07T17:50:00Z,229.115,229.361,228.991,229.115,9350.542345,2141993.25371133
1786125300000,2026-08-07T17:55:00Z,229.209,229.29,229.056,229.258,9078.967081,2080734.0977605883
1786125600000,2026-08-07T18:00:00Z,229.249,229.37,229.044,229.196,12887.237379,2954430.4621241491
1786125900000,2026-08-07T18:05:00Z,229.195,229.369,228.618,228.673,16639.087222,3812862.3949730162
1786126200000,2026-08-07T18:10:00Z,228.675,228.758,228.52,228.543,3028.3485389999996,692368.2330126252085469
1786126500000,2026-08-07T18:15:00Z,228.545,228.71,228.216,228.258,8971.37101,2050824.910224566
1786126800000,2026-08-07T18:20:00Z,228.257,228.734,228.256,228.556,6812.562221,1555834.6837626716
1786127100000,2026-08-07T18:25:00Z,228.553,228.561,228.145,228.311,10664.550062,2435074.9528842566
1786127400000,2026-08-07T18:30:00Z,228.314,228.33,227.704,227.97,3262.05111,744777.303896532
1786127700000,2026-08-07T18:35:00Z,228.035,228.125,227.487,227.825,9677.299105,2205110.01872154
1786128000000,2026-08-07T18:40:00Z,228.225,228.225,227.756,228.02,12681.159429,2891561.77734841
1786128300000,2026-08-07T18:45:00Z,228.043,228.157,227.955,227.985,8020.087013000001,1828786.75720894
1786128600000,2026-08-07T18:50:00Z,227.99,228.116,227.67,227.75,10577.501277,2410993.33107427
1786128900000,2026-08-07T18:55:00Z,227.77,228.07,227.602,227.92,14396.304512,3280362.10093064
1786129200000,2026-08-07T19:00:00Z,228.4,228.943,228.062,228.42,14272.16509,3261009.89378487
1786129500000,2026-08-07T19:05:00Z,228.705,229.012,228.581,228.59,11254.767483,2574835.31688854
1786129800000,2026-08-07T19:10:00Z,228.435,228.885,228.39,228.75,14368.329021,3284552.59871483
1786130100000,2026-08-07T19:15:00Z,228.887,228.891,228.407,228.458,11489.311813,2627745.7812372186
1786130400000,2026-08-07T19:20:00Z,228.467,228.81,228.432,228.469,3451.89061,789024.302230702
1786130700000,2026-08-07T19:25:00Z,228.469,228.77,228.205,228.719,20621.07288,4710471.298435992
1786131000000,2026-08-07T19:30:00Z,228.719,229.26,228.685,229.255,19893.938346,4554225.5854859908
1786131300000,2026-08-07T19:35:00Z,229.25,229.657,229.241,229.657,6949.53272,1593777.517369216
1786131600000,2026-08-07T19:40:00Z,229.67,229.86,229.59,229.795,41443.886945,9520216.17935156
1786131900000,2026-08-07T19:45:00Z,229.79,230.53,229.776,230.31,42300.397525,9737221.56715431
1786132200000,2026-08-07T19:50:00Z,230.055,230.595,230.055,230.485,76569.927581,17635823.08723142
1786132500000,2026-08-07T19:55:00Z,229.91,230.51,229.91,230.51,1151,265048.2
1786132800000,2026-08-07T20:00:00Z,230.405,230.415,230.405,230.415,312472.906409,71998382.23564845
1786133100000,2026-08-07T20:05:00Z,230.415,230.415,230.415,230.415,884.65395,203837.53988925
1786133400000,2026-08-07T20:10:00Z,230.415,230.415,230.415,230.415,3667.2250050000002,844983.64952708
1786133700000,2026-08-07T20:15:00Z,230.415,230.415,227.977,227.977,103.546368,23815.51967508
1786134000000,2026-08-07T20:20:00Z,227.976,227.976,227.975,227.975,3,683.9271
1786134300000,2026-08-07T20:25:00Z,227.975,227.975,227.975,227.975,1,227.975
1786134900000,2026-08-07T20:35:00Z,227.975,227.975,227.975,227.975,1,227.975
1786135200000,2026-08-07T20:40:00Z,227.975,227.975,227.975,227.975,10,2279.75
1786135800000,2026-08-07T20:50:00Z,227.975,227.975,227.975,227.975,0,0
1786136100000,2026-08-07T20:55:00Z,227.975,227.975,227.975,227.975,10,2279.75
1786136400000,2026-08-07T21:00:00Z,227.973,227.973,227.971,227.971,0,0
1786136700000,2026-08-07T21:05:00Z,227.97,227.97,227.97,227.97,35,7978.95
1786137300000,2026-08-07T21:15:00Z,227.97,228.493,227.97,228.493,26,5928.0988
1786137600000,2026-08-07T21:20:00Z,228.494,228.495,228.494,228.495,92,21021.4572
1786137900000,2026-08-07T21:25:00Z,228.495,228.495,228.495,228.495,2,456.99
1786138800000,2026-08-07T21:40:00Z,228.495,228.495,228.495,228.495,100,22849.5
1786139100000,2026-08-07T21:45:00Z,228.495,228.495,228.495,228.495,10,2284.95
1786139400000,2026-08-07T21:50:00Z,228.497,230.999,228.497,230.927,0,0
1786139700000,2026-08-07T21:55:00Z,230.926,230.926,230.926,230.926,0,0
1786140300000,2026-08-07T22:05:00Z,230.433,230.433,227.975,227.975,23,5245.8975
1786140600000,2026-08-07T22:10:00Z,228.467,230.922,227.975,229.724,17,3892.7671
1786141200000,2026-08-07T22:20:00Z,229.724,229.725,229.724,229.725,6,1378.347
1786141500000,2026-08-07T22:25:00Z,229.725,229.725,229.512,229.512,5,1148.625
1786142100000,2026-08-07T22:35:00Z,229.511,229.511,229.511,229.511,4,918.044
1786142400000,2026-08-07T22:40:00Z,229.51,229.51,229.51,229.51,5,1147.55
1786143000000,2026-08-07T22:50:00Z,229.51,229.51,229.51,229.51,1,229.51
1786143300000,2026-08-07T22:55:00Z,229.51,229.51,229.51,229.51,25,5737.75
1786144200000,2026-08-07T23:10:00Z,229.51,229.51,229.51,229.51,0,0
1786144500000,2026-08-07T23:15:00Z,229.51,229.51,229.51,229.51,39,8950.89
1786144800000,2026-08-07T23:20:00Z,229.51,229.51,229.51,229.51,4,918.04
1786145400000,2026-08-07T23:30:00Z,229.51,229.51,229.51,229.51,33,7573.83
1786145700000,2026-08-07T23:35:00Z,229.51,229.51,229.51,229.51,4.15352,953.2743752
1786146000000,2026-08-07T23:40:00Z,229.51,229.51,229.51,229.51,31,7114.81
1786146300000,2026-08-07T23:45:00Z,229.51,229.51,229.51,229.51,201,46131.51
1786146600000,2026-08-07T23:50:00Z,229.51,229.51,229.51,229.51,0,0
1786320000000,2026-08-10T00:00:00Z,227.02,227.02,227.02,227.02,4,908.08
1786321500000,2026-08-10T00:25:00Z,229,230.62,229,230.41,394,90698.12
1786337400000,2026-08-10T04:50:00Z,230.68,230.68,230.68,230.68,10,2306.8
1786337700000,2026-08-10T04:55:00Z,230.58,230.58,230.58,230.58,4,922.32
1786340100000,2026-08-10T05:35:00Z,230.58,230.58,230.58,230.58,10,2305.8
1786341600000,2026-08-10T06:00:00Z,230.64,230.64,230.64,230.64,4,922.56
1786341900000,2026-08-10T06:05:00Z,230.52,230.52,230.49,230.49,60,13830.9
1786342200000,2026-08-10T06:10:00Z,230.48,230.48,230.29,230.29,2,460.77
1786344600000,2026-08-10T06:50:00Z,229.35,229.35,229.35,229.35,1,229.35
1786345200000,2026-08-10T07:00:00Z,229.92,229.92,229.92,229.92,9,2069.28
1786347300000,2026-08-10T07:35:00Z,229.44,229.44,228.99,228.99,18,4124.98
1786348200000,2026-08-10T07:50:00Z,229.65,229.65,229.65,229.65,4,918.6
1786348800000,2026-08-10T08:00:00Z,229.524,229.524,228.406,229.415,196,44948.4448
1786349100000,2026-08-10T08:05:00Z,229.415,229.415,229.415,229.415,20,4588.3
1786349400000,2026-08-10T08:10:00Z,229.879,232.199,229.879,232.199,0,0
1786350600000,2026-08-10T08:30:00Z,231.789,231.789,229.753,229.985,454,104416.368
1786352100000,2026-08-10T08:55:00Z,229.985,229.985,229.985,229.985,21,4829.685
1786352400000,2026-08-10T09:00:00Z,229.985,229.985,229.985,229.985,60,13799.1
1786352700000,2026-08-10T09:05:00Z,229.985,229.985,229.985,229.985,10,2299.85
1786353300000,2026-08-10T09:15:00Z,229.985,229.985,229.985,229.985,4,919.94
1786354500000,2026-08-10T09:35:00Z,229.985,229.985,229.985,229.985,0,0
1786356000000,2026-08-10T10:00:00Z,229.985,229.985,229.985,229.985,40,9199.4
1786357200000,2026-08-10T10:20:00Z,229.985,229.985,229.985,229.985,27,6209.595
1786357500000,2026-08-10T10:25:00Z,229.985,229.985,229.985,229.985,0,0
1786359000000,2026-08-10T10:50:00Z,229.985,229.985,229.985,229.985,0,0
1786359300000,2026-08-10T10:55:00Z,229.985,229.985,229.985,229.985,12,2759.82
1786359600000,2026-08-10T11:00:00Z,229.985,229.985,229.985,229.985,96,22078.56
1786359900000,2026-08-10T11:05:00Z,229.985,229.985,229.985,229.985,10,2299.85
1786360200000,2026-08-10T11:10:00Z,229.985,229.985,229.985,229.985,23,5289.655
1786360500000,2026-08-10T11:15:00Z,229.985,229.985,229.985,229.985,17,3909.745
1786360800000,2026-08-10T11:20:00Z,229.985,229.985,229.985,229.985,1,229.985
1786361400000,2026-08-10T11:30:00Z,229.985,229.985,229.985,229.985,2,459.97
1786361700000,2026-08-10T11:35:00Z,229.985,229.985,229.985,229.985,65,14949.025
1786362000000,2026-08-10T11:40:00Z,229.985,229.985,229.985,229.985,1,229.985
1786362300000,2026-08-10T11:45:00Z,229.985,229.985,229.985,229.985,9,2069.865
1786362600000,2026-08-10T11:50:00Z,229.985,229.985,229.985,229.985,5,1149.925
1786363500000,2026-08-10T12:05:00Z,229.985,229.985,229.985,229.985,1,229.985
1786364400000,2026-08-10T12:20:00Z,229.985,229.985,229.985,229.985,17.460072,4015.55465892
1786364700000,2026-08-10T12:25:00Z,229.904,229.904,229.501,229.501,14,3213.014
1786365000000,2026-08-10T12:30:00Z,229.5,229.5,229.5,229.5,22,5049
1786365300000,2026-08-10T12:35:00Z,229.05,229.5,229.05,229.05,127,29146.5
1786365600000,2026-08-10T12:40:00Z,229.5,229.5,229.5,229.5,26,5967
1786365900000,2026-08-10T12:45:00Z,229.5,229.5,229.5,229.5,60,13770
1786366500000,2026-08-10T12:55:00Z,229.417,229.417,229,229,182,41684.461
1786366800000,2026-08-10T13:00:00Z,229,229.499,229,229.499,11,2519.4147
1786367100000,2026-08-10T13:05:00Z,229.499,229.5,229.499,229.5,62.086745,14248.9079775
1786367400000,2026-08-10T13:10:00Z,229.358,229.358,228.651,228.651,0,0
1786367700000,2026-08-10T13:15:00Z,228.651,228.999,228.651,228.999,11,2515.161
1786368000000,2026-08-10T13:20:00Z,229,229.665,229,229.665,205,46945
1786368300000,2026-08-10T13:25:00Z,229.721,229.999,229.501,229.501,242,55540.0648
1786368600000,2026-08-10T13:30:00Z,229.5,231.205,228.544,230.738,50602.321167999995,11608946.69145307
1786368900000,2026-08-10T13:35:00Z,231.105,231.968,230.695,231.105,19486.983889,4510418.31698016
1786369200000,2026-08-10T13:40:00Z,233,233.841,231.838,233,17730.004707,4127575.2367976
1786369500000,2026-08-10T13:45:00Z,233.84,234.324,231.78,232.54,100926.55970000001,23609780.38858891
1786369800000,2026-08-10T13:50:00Z,232.53,232.816,231.91,232.53,18010.178328,4186406.51875512
1786370100000,2026-08-10T13:55:00Z,232.45,233.57,232.279,233.57,19709.328841000002,4593868.10465624
1786370400000,2026-08-10T14:00:00Z,233.59,234.418,232.648,234.33,19761.448924,4619657.62870219
1786370700000,2026-08-10T14:05:00Z,234.43,234.43,232.81,232.9,14171.135132999998,3312813.18519816
1786371000000,2026-08-10T14:10:00Z,232.829,233.474,232.71,233.115,12995.282491,3030325.7401158206
1786371300000,2026-08-10T14:15:00Z,233.114,234.301,233.044,234.245,13003.307323,3037535.2352458356
1786371600000,2026-08-10T14:20:00Z,234.233,234.379,233.498,234.124,26044.493515,6089397.5311431899
1786371900000,2026-08-10T14:25:00Z,234.101,234.697,233.482,233.482,12331.839414,2887736.0742209638
1786372200000,2026-08-10T14:30:00Z,233.69,233.795,233.41,233.41,12885.13502,3010276.78391248
1786372500000,2026-08-10T14:35:00Z,233.77,233.878,233.305,233.775,10299.017571,2406669.27648249
1786372800000,2026-08-10T14:40:00Z,233.82,233.889,233.493,233.69,20952.772192,4898313.93971913
1786373100000,2026-08-10T14:45:00Z,233.577,233.956,233.231,233.398,10693.157014,2499753.2162669
1786373400000,2026-08-10T14:50:00Z,233.41,233.41,233.166,233.295,13645.848983,3183358.23415017
1786373700000,2026-08-10T14:55:00Z,233.37,233.439,233.02,233.43,14816.189075,3456098.34457988
1786374000000,2026-08-10T15:00:00Z,233.53,233.707,233.196,233.59,17692.83313,4129788.56858877
1786374300000,2026-08-10T15:05:00Z,233.475,233.715,233.285,233.715,25991.756546,6069134.93453106
1786374600000,2026-08-10T15:10:00Z,233.675,234.359,233.163,233.675,49435.208364,11540896.56861762
1786374900000,2026-08-10T15:15:00Z,234.364,234.7,233.863,233.945,6819.866306,1599228.6413452536
1786375200000,2026-08-10T15:20:00Z,233.948,234.38,233.934,234.085,9334.862493999999,2184783.2868119755659543
1786375500000,2026-08-10T15:25:00Z,234.088,234.46,233.74,234.46,15410.534418,3605836.0542078702
1786375800000,2026-08-10T15:30:00Z,234.46,234.782,234.193,234.514,9099.647321,2134587.9888423232
1786376100000,2026-08-10T15:35:00Z,234.472,234.675,234.345,234.488,5654.173883,1326230.7088876642
1786376400000,2026-08-10T15:40:00Z,234.485,234.669,234.467,234.669,2667.411543,625476.5313772926
1786376700000,2026-08-10T15:45:00Z,234.58,234.709,234.542,234.56,12294.665475,2884557.20121284
1786377000000,2026-08-10T15:50:00Z,234.66,234.693,234.525,234.525,6002.889821999999,1408329.57709367
1786377300000,2026-08-10T15:55:00Z,235.01,235.08,234.58,234.995,17399.866859,4085532.23816035
1786377600000,2026-08-10T16:00:00Z,234.995,235.53,234.768,235.4,24580.123338,5779153.24060154
1786377900000,2026-08-10T16:05:00Z,235.36,235.523,234.807,235.36,8849.565087,2082136.29314746
1786378200000,2026-08-10T16:10:00Z,234.985,235.172,234.823,234.985,8830.990307,2074839.40643159
1786378500000,2026-08-10T16:15:00Z,234.83,235.13,234.83,235.13,23347.409315999997,5486601.49866416
1786378800000,2026-08-10T16:20:00Z,235.135,235.15,234.93,234.99,9835.597324,2311624.04734962
1786379100000,2026-08-10T16:25:00Z,234.968,235.486,234.968,235.29,11306.695999,2658377.7350296887
1786379400000,2026-08-10T16:30:00Z,235.289,235.384,234.658,235.06,8610.084445999999,2024438.0593150821648756
1786379700000,2026-08-10T16:35:00Z,235.06,235.26,234.99,234.99,5853.967063,1376078.4798282767
1786380000000,2026-08-10T16:40:00Z,234.987,235.062,234.85,234.955,22449.70264,5275996.321123784
1786380300000,2026-08-10T16:45:00Z,234.955,234.955,234.558,234.558,5176.274877,1215641.988787589
1786380600000,2026-08-10T16:50:00Z,234.556,234.818,234.546,234.705,1711.080607,401582.4143051942
1786380900000,2026-08-10T16:55:00Z,235.045,235.385,234.678,235.045,10345.658334,2431044.52120582
1786381200000,2026-08-10T17:00:00Z,235.5,235.58,235.385,235.58,13880.650292999999,3268715.47167775
1786381500000,2026-08-10T17:05:00Z,235.62,235.759,235.421,235.57,11305.352499,2663249.37066993
1786381800000,2026-08-10T17:10:00Z,235.67,235.714,235.535,235.62,10726.012335,2527534.39448478
1786382100000,2026-08-10T17:15:00Z,235.69,235.784,235.59,235.73,9086.940055000001,2141762.69275532
1786382400000,2026-08-10T17:20:00Z,235.66,235.816,235.46,235.53,11171.548915000001,2632423.56875451
1786382700000,2026-08-10T17:25:00Z,235.54,235.87,235.47,235.71,15359.659061999999,3618532.92750758
1786383000000,2026-08-10T17:30:00Z,235.86,235.893,235.708,235.885,8748.76247,2063160.28683906
1786383300000,2026-08-10T17:35:00Z,235.78,235.983,235.719,235.861,13703.75436,3232162.177542589
1786383600000,2026-08-10T17:40:00Z,235.861,235.869,235.65,235.65,1036.032088,244358.9426885152
1786383900000,2026-08-10T17:45:00Z,235.65,235.755,235.616,235.616,6344.395544,1495216.6887113088
1786384200000,2026-08-10T17:50:00Z,235.616,235.728,235.52,235.52,3368.10843,793654.33422834
1786384500000,2026-08-10T17:55:00Z,235.52,235.652,235.332,235.332,7534.341066,1774454.0076568788
1786384800000,2026-08-10T18:00:00Z,235.331,235.35,235.29,235.29,1455.389213,342497.7947228409
1786385100000,2026-08-10T18:05:00Z,235.23,235.29,234.772,234.9,10551.722647999999,2481989.918502
1786385400000,2026-08-10T18:10:00Z,235.07,235.078,234.854,235.06,9625.165668,2262072.74721352
1786385700000,2026-08-10T18:15:00Z,235.23,235.251,235.033,235.23,7812.939728,1837384.66171322
1786386000000,2026-08-10T18:20:00Z,235.225,235.225,234.535,234.535,13930.122786,3275147.3865357
1786386300000,2026-08-10T18:25:00Z,234.54,234.642,234.483,234.54,7711.055318000001,1808683.54443519
1786386600000,2026-08-10T18:30:00Z,234.43,234.59,234.43,234.5,11299.855119,2650029.59266725
1786386900000,2026-08-10T18:35:00Z,234.57,234.59,234.418,234.57,7596.322539999999,1781463.73458416
1786387200000,2026-08-10T18:40:00Z,234.52,235.02,234.441,234.92,12802.209344,3005125.33014291
1786387500000,2026-08-10T18:45:00Z,234.775,234.78,234.44,234.46,7728.880138,1813097.89648506
1786387800000,2026-08-10T18:50:00Z,234.475,234.627,234.475,234.55,4541,1065093.7592
1786388100000,2026-08-10T18:55:00Z,234.55,234.657,234.47,234.623,8749.229308,2052316.7506755268
1786388400000,2026-08-10T19:00:00Z,234.629,234.7,234.356,234.405,8778.710523,2059697.0556194043
1786388700000,2026-08-10T19:05:00Z,234.407,234.44,234.046,234.064,6870,1610179.454
1786389000000,2026-08-10T19:10:00Z,234.069,234.578,234.069,234.578,11440.225476,2680045.9198598046
1786389300000,2026-08-10T19:15:00Z,234.51,234.584,234.368,234.5,19410.891438,4550809.73625164
1786389600000,2026-08-10T19:20:00Z,233.99,234.511,233.99,233.99,9565.247159999999,2241196.71412039
1786389900000,2026-08-10T19:25:00Z,233.9,234.044,233.763,233.85,16270.08076,3806172.25574404
1786390200000,2026-08-10T19:30:00Z,233.94,234.135,233.76,233.83,26205.365422,6129731.09283507
1786390500000,2026-08-10T19:35:00Z,234.105,234.345,233.975,234.05,15603.571265999999,3653354.64122192
1786390800000,2026-08-10T19:40:00Z,234.34,234.497,234.12,234.41,20328.717875,4762502.24867848
1786391100000,2026-08-10T19:45:00Z,234.43,234.514,234.075,234.27,31293.415532,7329747.193106
1786391400000,2026-08-10T19:50:00Z,234.35,234.37,233.873,234,50270.33472100001,11766767.19407753
1786391700000,2026-08-10T19:55:00Z,233.983,234.65,233.646,234.618,56186.814178,13144986.666181561
1786392000000,2026-08-10T20:00:00Z,234.618,234.619,234.605,234.605,240602.046811,56446443.192094655
1786392300000,2026-08-10T20:05:00Z,234.605,234.605,234.605,234.605,11.61045,2723.86962225
1786392600000,2026-08-10T20:10:00Z,234.605,234.605,234.605,234.605,16.645109,3905.025796945
1786392900000,2026-08-10T20:15:00Z,234.605,234.605,234.605,234.605,0,0
1786393200000,2026-08-10T20:20:00Z,234.605,234.605,234.605,234.605,0,0
1786393500000,2026-08-10T20:25:00Z,234.408,234.408,233.426,233.426,2,468.816
1786394100000,2026-08-10T20:35:00Z,233.425,234.748,233.425,234.748,16,3734.8
1786394400000,2026-08-10T20:40:00Z,234.749,234.75,233.428,233.428,6,1408.2792
1786394700000,2026-08-10T20:45:00Z,233.427,233.427,233.426,233.426,0,0
1786395000000,2026-08-10T20:50:00Z,233.6,234.475,233.6,234.475,513.936987,120502.70255449
1786395300000,2026-08-10T20:55:00Z,234.425,234.425,234.175,234.175,146,34214.5452
1786395600000,2026-08-10T21:00:00Z,234.175,234.175,234.175,234.175,28,6556.9
1786396500000,2026-08-10T21:15:00Z,234.175,234.175,234.175,234.175,3,702.525
1786396800000,2026-08-10T21:20:00Z,234.175,234.175,234.175,234.175,11,2575.925
1786397100000,2026-08-10T21:25:00Z,234.175,234.175,234.175,234.175,0,0
1786398600000,2026-08-10T21:50:00Z,234.175,234.175,234.175,234.175,8,1873.4
1786399200000,2026-08-10T22:00:00Z,234.175,234.175,234.175,234.175,23,5386.025
1786399500000,2026-08-10T22:05:00Z,234.175,234.175,234.175,234.175,50,11708.75
1786399800000,2026-08-10T22:10:00Z,234.175,234.175,234.175,234.175,111,25993.425
1786400100000,2026-08-10T22:15:00Z,234.717,237.366,234.717,237.002,1,234.717
1786400400000,2026-08-10T22:20:00Z,237.001,237.001,236.148,236.148,7,1657.341
1786400700000,2026-08-10T22:25:00Z,235.915,235.915,234.751,234.751,0,0
1786401000000,2026-08-10T22:30:00Z,234.888,235.574,234.888,235.574,2,469.776
1786401300000,2026-08-10T22:35:00Z,235.575,235.575,234.751,234.751,0,0
1786401600000,2026-08-10T22:40:00Z,234.75,234.75,234.75,234.75,0,0
1786402500000,2026-08-10T22:55:00Z,234.75,234.75,234.75,234.75,1,234.75
1786402800000,2026-08-10T23:00:00Z,234.75,234.75,234.75,234.75,1,234.75
1786403100000,2026-08-10T23:05:00Z,234.817,235.149,234.002,234.002,25,5878.725
1786403400000,2026-08-10T23:10:00Z,234.001,234.001,234.001,234.001,0,0
1786403700000,2026-08-10T23:15:00Z,234,234,234,234,2,468
1786404000000,2026-08-10T23:20:00Z,234,234,234,234,9,2106
1786404900000,2026-08-10T23:35:00Z,234,234,234,234,101.611832,23777.168688
1786405200000,2026-08-10T23:40:00Z,234,235.574,234,235.574,5.272043,1233.78300942
1786405500000,2026-08-10T23:45:00Z,235.575,235.575,235.575,235.575,0,0
1786405800000,2026-08-10T23:50:00Z,235.437,235.437,234.75,234.75,30,7042.524
1786406400000,2026-08-11T00:00:00Z,233.69,233.96,233.69,233.96,11,2573.29
1786413000000,2026-08-11T01:50:00Z,234.6,234.6,234.6,234.6,1,234.6
1786413300000,2026-08-11T01:55:00Z,234.6,234.6,234.6,234.6,1,234.6
1786416600000,2026-08-11T02:50:00Z,234,234,234,234,1,234
1786419600000,2026-08-11T03:40:00Z,234,234,234,234,1,234
1786422000000,2026-08-11T04:20:00Z,234.6,234.6,234.6,234.6,60,14076
1786424700000,2026-08-11T05:05:00Z,234.6,234.6,234.6,234.6,1,234.6
1786431600000,2026-08-11T07:00:00Z,234.6,234.61,234.6,234.61,9,2111.46
1786432200000,2026-08-11T07:10:00Z,234.59,234.59,234.59,234.59,1,234.59
1786432800000,2026-08-11T07:20:00Z,234.01,234.01,233.64,233.64,11,2571.15
1786434600000,2026-08-11T07:50:00Z,234,234,234,234,4,936
1786435200000,2026-08-11T08:00:00Z,234.708,234.708,234.495,234.495,116,27201.6288
1786436100000,2026-08-11T08:15:00Z,234.495,234.495,234.495,234.495,22,5158.89
1786436400000,2026-08-11T08:20:00Z,233.958,233.958,231.276,231.276,0.36435,85.2425973
1786436700000,2026-08-11T08:25:00Z,231.3,231.494,231.3,231.494,20,4626
1786437300000,2026-08-11T08:35:00Z,231.533,231.725,231.533,231.725,0,0
1786437900000,2026-08-11T08:45:00Z,231.725,231.944,231.725,231.944,0.005216,1.2086776
1786438500000,2026-08-11T08:55:00Z,231.982,232.164,231.982,232.164,0,0
1786439100000,2026-08-11T09:05:00Z,232.199,232.584,232.199,232.584,0,0
1786439700000,2026-08-11T09:15:00Z,232.585,232.585,232.585,232.585,0.008724,2.02907154
1786440600000,2026-08-11T09:30:00Z,232.612,232.75,232.612,232.75,0,0
1786441200000,2026-08-11T09:40:00Z,232.787,232.969,232.787,232.969,0,0
1786441500000,2026-08-11T09:45:00Z,232.972,233.219,232.972,233.219,0,0
1786441800000,2026-08-11T09:50:00Z,233.22,233.759,233.22,233.759,0,0
1786442400000,2026-08-11T10:00:00Z,233.797,233.972,233.797,233.972,0,0
1786442700000,2026-08-11T10:05:00Z,233.973,233.979,233.973,233.979,0,0
1786443300000,2026-08-11T10:15:00Z,234.017,234.199,234.017,234.199,0,0
1786443600000,2026-08-11T10:20:00Z,233.952,233.952,232.711,232.711,2,467.904
1786443900000,2026-08-11T10:25:00Z,232.806,233.274,232.806,233.274,0,0
1786444500000,2026-08-11T10:35:00Z,233.275,233.275,233.275,233.275,0,0
1786444800000,2026-08-11T10:40:00Z,233.295,233.394,233.295,233.394,0,0
1786445400000,2026-08-11T10:50:00Z,233.392,233.392,233.376,233.376,0,0
1786446000000,2026-08-11T11:00:00Z,233.375,234.454,233.375,234.454,1887.005255,441048.79474852
1786446300000,2026-08-11T11:05:00Z,234.471,234.555,234.471,234.555,247,57934.9862
1786446600000,2026-08-11T11:10:00Z,234.555,234.555,234.555,234.555,1,234.555
1786446900000,2026-08-11T11:15:00Z,234.555,234.555,234.056,234.056,357,83718.2493
1786447200000,2026-08-11T11:20:00Z,234.055,234.555,234.055,234.555,2,468.194
1786447500000,2026-08-11T11:25:00Z,234.472,234.472,234.056,234.056,15,3517.08
1786447800000,2026-08-11T11:30:00Z,234.055,234.055,234.055,234.055,65,15213.575
1786448100000,2026-08-11T11:35:00Z,234.055,235.799,234.055,235.799,12,2808.66
1786448400000,2026-08-11T11:40:00Z,235.799,235.8,235.799,235.8,102,24051.498
1786448700000,2026-08-11T11:45:00Z,235.8,235.8,235.8,235.8,100,23580
1786449000000,2026-08-11T11:50:00Z,235.8,237.939,235.8,237.939,90,21222
1786449300000,2026-08-11T11:55:00Z,237.939,237.939,237.939,237.939,26,6186.414
1786449600000,2026-08-11T12:00:00Z,237.335,237.335,234.31,234.31,366,86861.5722
1786449900000,2026-08-11T12:05:00Z,234.558,235.8,234.558,235.8,30,7062.768
1786450200000,2026-08-11T12:10:00Z,235.643,235.643,234.867,234.867,0,0
1786450500000,2026-08-11T12:15:00Z,234.865,234.865,234.149,234.149,177,41569.2111
1786450800000,2026-08-11T12:20:00Z,234.134,234.134,234.06,234.06,7,1638.4312
1786451100000,2026-08-11T12:25:00Z,234.06,234.06,234.06,234.06,47,11000.82
1786451400000,2026-08-11T12:30:00Z,234.06,234.06,234.06,234.06,491,114923.46
1786451700000,2026-08-11T12:35:00Z,234.06,234.06,234.06,234.06,1,234.06
1786452000000,2026-08-11T12:40:00Z,234.06,234.06,234.06,234.06,19,4447.14
1786452600000,2026-08-11T12:50:00Z,234.06,235.46,234.06,234.591,595,139446.342
1786452900000,2026-08-11T12:55:00Z,234.59,234.59,234.59,234.59,390.006217,91491.55844603
1786453200000,2026-08-11T13:00:00Z,234.59,234.59,234.59,234.59,0,0
1786453500000,2026-08-11T13:05:00Z,234.653,234.965,234.653,234.965,50,11747.9
1786453800000,2026-08-11T13:10:00Z,234.965,234.965,234.965,234.965,200,46993
1786454100000,2026-08-11T13:15:00Z,234.965,234.965,234.525,234.525,224,52632.16
1786454400000,2026-08-11T13:20:00Z,234.358,234.358,232.765,233.659,487,113562.1177
1786454700000,2026-08-11T13:25:00Z,233.627,235.087,233.467,233.841,277,64734.2352
1786455000000,2026-08-11T13:30:00Z,233.505,234.24,232.14,233,53067.35492400001,12396942.72887932
1786455300000,2026-08-11T13:35:00Z,234.74,234.74,232.963,233.575,15170.995209,3549287.70533501
1786455600000,2026-08-11T13:40:00Z,233.085,234.072,232.43,233.085,12348.00642,2881648.08423219
1786455900000,2026-08-11T13:45:00Z,232.8,233.98,232.332,233.98,19806.662143,4613878.75823085
1786456200000,2026-08-11T13:50:00Z,233.99,236.168,233.321,235.33,19038.777910999997,4464066.04598136
1786456500000,2026-08-11T13:55:00Z,236.19,236.828,235.766,236.29,12233.692047,2893626.61629248
1786456800000,2026-08-11T14:00:00Z,235.922,236.443,235.438,236.257,6708.966591,1583546.9039267304
1786457100000,2026-08-11T14:05:00Z,236.258,236.776,235.678,236.071,11512.866063999998,2723033.0045009931269502
1786457400000,2026-08-11T14:10:00Z,236.065,236.547,235.53,236.547,1617.150868,381649.5652787108
1786457700000,2026-08-11T14:15:00Z,236.556,236.623,235.828,236.21,12371.000528,2921396.09718588
1786458000000,2026-08-11T14:20:00Z,236.204,236.792,236.189,236.758,5311.059752,1255046.2515667088
1786458300000,2026-08-11T14:25:00Z,236.66,237.263,236.54,237.14,16522.181037000002,3912217.85459088
1786458600000,2026-08-11T14:30:00Z,237.33,237.33,236.846,237.08,14855.207479,3521991.43078115
1786458900000,2026-08-11T14:35:00Z,237.24,238.46,237.134,238.46,24458.391017,5815153.67302887
1786459200000,2026-08-11T14:40:00Z,238.75,238.76,238.164,238.355,31207.56558,7446159.47571014
1786459500000,2026-08-11T14:45:00Z,238.22,238.855,238.198,238.855,8371.599004,1996164.25018898
1786459800000,2026-08-11T14:50:00Z,238.85,238.85,238.209,238.32,9997.109468999999,2385519.2588913
1786460100000,2026-08-11T14:55:00Z,238.395,238.446,238.18,238.315,7033.518631999999,1676153.60508074
1786460400000,2026-08-11T15:00:00Z,238.71,238.71,237.793,237.96,14789.533037,3526587.81592551
1786460700000,2026-08-11T15:05:00Z,237.915,237.968,237.275,237.36,17926.778702,4259092.48632366
1786461000000,2026-08-11T15:10:00Z,237.361,237.385,237.036,237.371,8914.279001,2114701.082950215
1786461300000,2026-08-11T15:15:00Z,237.368,237.451,236.921,237.085,9126.843208,2165875.003279352
1786461600000,2026-08-11T15:20:00Z,237.1,237.751,237.1,237.708,10323.89755,2451344.432692935
1786461900000,2026-08-11T15:25:00Z,237.715,237.75,236.631,236.684,10537.575154999999,2502153.0077592182625373
1786462200000,2026-08-11T15:30:00Z,236.674,237.15,236.145,236.409,14440.47668,3419803.984739972
1786462500000,2026-08-11T15:35:00Z,236.465,236.66,236.367,236.38,14429.552204000001,3412108.59215761
1786462800000,2026-08-11T15:40:00Z,236.55,236.55,236.231,236.33,11044.07582,2610720.12716562
1786463100000,2026-08-11T15:45:00Z,236.42,236.743,236.232,236.42,11839.689406,2800426.34360495
1786463400000,2026-08-11T15:50:00Z,236.48,236.625,236.35,236.61,7467.832444000001,1766484.39973194
1786463700000,2026-08-11T15:55:00Z,236.31,236.525,236.222,236.4,27272.172747999997,6445243.49440394
1786464000000,2026-08-11T16:00:00Z,236.63,236.889,236.395,236.49,16083.975084,3806523.61363991
1786464300000,2026-08-11T16:05:00Z,236.85,237.347,236.653,237.32,11734.825385,2779831.10142411
1786464600000,2026-08-11T16:10:00Z,237.23,237.367,237.09,237.31,18350.110066,4352725.01312848
1786464900000,2026-08-11T16:15:00Z,237.382,237.62,237.331,237.354,20029.991719999998,4756874.6616026715250248
1786465200000,2026-08-11T16:20:00Z,237.354,237.56,236.987,237.039,5323.089314,1263923.5891217406
1786465500000,2026-08-11T16:25:00Z,237.026,237.119,236.922,237.083,3355.180872,795088.6188528048
1786465800000,2026-08-11T16:30:00Z,237.084,237.28,237.084,237.253,7583.399488000001,1798594.2902462978371752
1786466100000,2026-08-11T16:35:00Z,237.264,237.298,237.187,237.255,2696.0072,639647.11945184
1786466400000,2026-08-11T16:40:00Z,237.253,237.425,237.166,237.418,5813.606293999999,1379669.7231031273626846
1786466700000,2026-08-11T16:45:00Z,237.417,237.44,237.195,237.274,5615.71974,1333022.488130916
1786467000000,2026-08-11T16:50:00Z,237.274,237.368,237.092,237.114,3430.597397,814164.6777676673
1786467300000,2026-08-11T16:55:00Z,237.114,237.343,237.114,237.343,5652.61869,1340805.67536295
1786467600000,2026-08-11T17:00:00Z,237.344,237.37,237.277,237.342,9087.009242,2156698.05168334
1786467900000,2026-08-11T17:05:00Z,237.32,237.48,237.32,237.48,12582.943983999998,2987099.04631052
1786468200000,2026-08-11T17:10:00Z,237.43,237.439,237.23,237.27,6195.714091000001,1470599.20735453
1786468500000,2026-08-11T17:15:00Z,237.26,237.335,237.16,237.16,8352.062563,1981469.21384007
1786468800000,2026-08-11T17:20:00Z,237.18,237.253,236.676,236.955,7798.295946,1848797.38781944
1786469100000,2026-08-11T17:25:00Z,236.943,237.085,236.915,237.085,5611.410254,1329980.54537745
1786469400000,2026-08-11T17:30:00Z,237.085,237.085,236.945,236.978,3417.145679,810108.5352681843
1786469700000,2026-08-11T17:35:00Z,236.98,237.085,236.63,237.035,4019.64984,952808.552878968
1786470000000,2026-08-11T17:40:00Z,237.043,237.423,236.931,237.423,4496.211014,1065713.028111619
1786470300000,2026-08-11T17:45:00Z,237.417,237.52,237.355,237.48,4837.040491,1148328.764401436
1786470600000,2026-08-11T17:50:00Z,237.49,237.559,237.36,237.399,4680.588893,1111615.0549663671
1786470900000,2026-08-11T17:55:00Z,237.399,237.4,237.13,237.13,4225.008,1002730.0164048
1786471200000,2026-08-11T18:00:00Z,237.13,237.215,237.126,237.13,4599.3871899999995,1090935.0867381658814043
1786471500000,2026-08-11T18:05:00Z,237.14,237.14,236.888,237.01,9185.337129,2177236.28250167
1786471800000,2026-08-11T18:10:00Z,236.96,237.101,236.481,236.96,15242.609871999999,3612097.65902437
1786472100000,2026-08-11T18:15:00Z,236.64,236.811,236.48,236.64,10302.234607,2437250.12192756
1786472400000,2026-08-11T18:20:00Z,236.7,236.84,236.625,236.7,7389.312459,1749428.5918432
1786472700000,2026-08-11T18:25:00Z,236.93,236.93,236.45,236.45,9742.14,2306907.577152
1786473000000,2026-08-11T18:30:00Z,236.597,236.597,236.405,236.45,4834.036741,1142936.44366568
1786473300000,2026-08-11T18:35:00Z,236.56,236.704,236.45,236.625,7838.098597,1854336.5822684
1786473600000,2026-08-11T18:40:00Z,236.61,236.646,236.481,236.492,9204.898926,2177873.56295224
1786473900000,2026-08-11T18:45:00Z,236.493,236.92,236.493,236.718,8051.866696,1906438.025745224
1786474200000,2026-08-11T18:50:00Z,236.717,236.987,236.7,236.831,11951.9476,2830691.04889288
1786474500000,2026-08-11T18:55:00Z,236.83,237.06,236.829,237.045,5533.685224,1310967.5262013312
1786474800000,2026-08-11T19:00:00Z,237.043,237.24,237.039,237.085,7789.882682,1847585.6787983232
1786475100000,2026-08-11T19:05:00Z,237.085,237.116,236.785,236.928,6387.06843,1513609.671870267
1786475400000,2026-08-11T19:10:00Z,236.93,237.115,236.93,237.063,11908.758491,2823081.3050676059
1786475700000,2026-08-11T19:15:00Z,237.064,237.31,236.976,237.304,10914.18433,2587160.359983732
1786476000000,2026-08-11T19:20:00Z,237.37,237.705,237.292,237.59,17243.324783999997,4094891.31539749
1786476300000,2026-08-11T19:25:00Z,237.44,237.669,237.379,237.51,17353.648136,4121548.69933885
1786476600000,2026-08-11T19:30:00Z,237.55,237.579,237.181,237.385,16256.593111000002,3860396.26799328
1786476900000,2026-08-11T19:35:00Z,237.65,237.65,237.369,237.39,20299.423462000002,4821437.86300039
1786477200000,2026-08-11T19:40:00Z,237.58,237.64,237.306,237.64,38869.246748000005,9232938.68172512
1786477500000,2026-08-11T19:45:00Z,237.52,237.54,236.52,236.52,33361.266333,7917689.38909029
1786477800000,2026-08-11T19:50:00Z,236.265,236.683,236.07,236.46,71793.19689,16970475.8808582
1786478100000,2026-08-11T19:55:00Z,236.453,236.86,236.33,236.618,42353.483269000004,10016412.5513460425459456
1786478400000,2026-08-11T20:00:00Z,236.617,236.617,236.59,236.59,1953,462113.001
1786478700000,2026-08-11T20:05:00Z,236.59,236.59,236.59,236.59,12.8727,3045.552093
1786479000000,2026-08-11T20:10:00Z,236.59,236.59,236.59,236.59,0,0
1786479300000,2026-08-11T20:15:00Z,236.59,236.59,236.59,236.59,0,0
1786479600000,2026-08-11T20:20:00Z,236.59,236.59,236.59,236.59,0,0
1786480200000,2026-08-11T20:30:00Z,236.59,236.59,232.066,232.066,18.97,4420.015691
1786480500000,2026-08-11T20:35:00Z,232.065,232.065,232.065,232.065,0,0
1786480800000,2026-08-11T20:40:00Z,232.065,237.881,232.065,237.881,1002,233109.6888
1786481100000,2026-08-11T20:45:00Z,237.882,238.143,236.45,236.684,2707,641702.2003
1786481400000,2026-08-11T20:50:00Z,236.56,236.775,236.56,236.56,559,132357.225
1786482000000,2026-08-11T21:00:00Z,236.775,236.775,236.775,236.775,3,710.325
1786482300000,2026-08-11T21:05:00Z,236.775,236.775,236.775,236.775,8,1894.2
1786482900000,2026-08-11T21:15:00Z,236.775,236.775,236.775,236.775,391,92579.025
1786483200000,2026-08-11T21:20:00Z,236.775,236.775,236.775,236.775,0,0
1786484400000,2026-08-11T21:40:00Z,236.775,236.775,236.775,236.775,0,0
1786484700000,2026-08-11T21:45:00Z,236.775,236.775,236.775,236.775,9,2130.975
1786485000000,2026-08-11T21:50:00Z,236.775,236.775,236.775,236.775,2,473.55
1786487700000,2026-08-11T22:35:00Z,236.775,236.775,236.775,236.775,0,0
1786489200000,2026-08-11T23:00:00Z,236.775,236.775,236.775,236.775,1,236.775
1786489500000,2026-08-11T23:05:00Z,236.775,236.775,236.775,236.775,5,1183.875
1786489800000,2026-08-11T23:10:00Z,236.775,236.775,236.775,236.775,248,58720.2
1786490400000,2026-08-11T23:20:00Z,236.775,236.775,236.775,236.775,5,1183.875
1786490700000,2026-08-11T23:25:00Z,236.775,236.775,235.278,235.278,6,1420.65
1786491000000,2026-08-11T23:30:00Z,235.276,235.276,235.276,235.276,0,0
1786491300000,2026-08-11T23:35:00Z,235.276,235.276,235.275,235.275,106.286129,25006.46900048
1786491600000,2026-08-11T23:40:00Z,235.275,235.275,235.275,235.275,4,941.1
1786491900000,2026-08-11T23:45:00Z,235.275,235.275,235.275,235.275,10,2352.75
1786493400000,2026-08-12T00:10:00Z,236.58,236.58,236.58,236.58,10,2365.8
1786497300000,2026-08-12T01:15:00Z,236,236,236,236,3,708
1786498500000,2026-08-12T01:35:00Z,236.6,236.6,236.6,236.6,1,236.6
1786498800000,2026-08-12T01:40:00Z,235.77,235.77,235.77,235.77,1,235.77
1786509000000,2026-08-12T04:30:00Z,235.73,235.73,235.73,235.73,1,235.73
1786510800000,2026-08-12T05:00:00Z,235.59,235.59,235.49,235.49,65,15312.35
1786515000000,2026-08-12T06:10:00Z,235.72,235.72,235.5,235.5,159,37458.36
1786516200000,2026-08-12T06:30:00Z,235.91,235.91,235.91,235.91,3,707.73
1786518000000,2026-08-12T07:00:00Z,235.65,235.65,235.65,235.65,9,2120.85
1786518600000,2026-08-12T07:10:00Z,235.64,235.64,235.49,235.56,148,34862.66
1786521000000,2026-08-12T07:50:00Z,235.43,235.43,235.43,235.43,34,8004.62
1786521600000,2026-08-12T08:00:00Z,235.29,235.365,235.29,235.365,863,203116.8019
1786521900000,2026-08-12T08:05:00Z,235.365,235.365,235.365,235.365,32,7531.68
1786522500000,2026-08-12T08:15:00Z,235.365,235.365,235.365,235.365,30,7060.95
1786523100000,2026-08-12T08:25:00Z,235.365,235.365,235.365,235.365,15,3530.475
1786523400000,2026-08-12T08:30:00Z,235.365,235.365,235.365,235.365,5,1176.825
1786524600000,2026-08-12T08:50:00Z,235.365,235.365,235.365,235.365,40,9414.6
1786524900000,2026-08-12T08:55:00Z,235.365,235.365,235.365,235.365,5,1176.825
1786525500000,2026-08-12T09:05:00Z,235.365,235.365,235.365,235.365,5,1176.825
1786525800000,2026-08-12T09:10:00Z,235.365,235.365,235.365,235.365,81,19064.565
1786526100000,2026-08-12T09:15:00Z,234.772,234.772,231.805,231.805,104,24119.5864
1786526400000,2026-08-12T09:20:00Z,231.827,231.934,231.827,231.934,0,0
1786526700000,2026-08-12T09:25:00Z,231.935,231.935,231.935,231.935,5,1159.675
1786527900000,2026-08-12T09:45:00Z,231.935,231.935,231.935,231.935,39,9045.465
1786529400000,2026-08-12T10:10:00Z,231.935,231.935,231.935,231.935,10,2319.35
1786530900000,2026-08-12T10:35:00Z,231.935,231.935,231.935,231.935,0,0
1786531500000,2026-08-12T10:45:00Z,231.935,231.935,231.935,231.935,5,1159.675
1786532400000,2026-08-12T11:00:00Z,232.201,233.529,232.201,233.529,104,24238.604
1786534200000,2026-08-12T11:30:00Z,233.53,233.53,233.53,233.53,1,233.53
1786534500000,2026-08-12T11:35:00Z,233.53,233.53,233.53,233.53,25,5838.25
1786534800000,2026-08-12T11:40:00Z,233.53,233.53,233.53,233.53,2,467.06
1786535100000,2026-08-12T11:45:00Z,233.53,233.53,233.53,233.53,19,4437.07
1786535400000,2026-08-12T11:50:00Z,233.53,233.53,233.53,233.53,11,2568.83
1786536300000,2026-08-12T12:05:00Z,233.53,233.578,233.53,233.578,5,1167.658
1786536600000,2026-08-12T12:10:00Z,233.579,233.58,233.579,233.58,135,31533.165
1786536900000,2026-08-12T12:15:00Z,233.58,233.58,233.58,233.58,5,1167.9
1786537200000,2026-08-12T12:20:00Z,233.58,233.58,233.58,233.58,43.006217,10045.39216686
1786537500000,2026-08-12T12:25:00Z,233.58,233.58,233.58,233.58,380,88760.4
1786538100000,2026-08-12T12:35:00Z,233.58,233.58,233.58,233.58,16,3737.28
1786538700000,2026-08-12T12:45:00Z,233.58,233.58,232.462,232.462,354,82612.9092
1786539000000,2026-08-12T12:50:00Z,232.461,232.461,232.46,232.46,55,12785.3275
1786539300000,2026-08-12T12:55:00Z,232.384,232.384,232,232,170,39441.173
1786539600000,2026-08-12T13:00:00Z,232,232,232,232,349,80968
1786539900000,2026-08-12T13:05:00Z,232,232,232,232,15,3480
1786540200000,2026-08-12T13:10:00Z,232,232,232,232,1,232
1786540500000,2026-08-12T13:15:00Z,232.17,233.019,232.17,233.019,0,0
1786540800000,2026-08-12T13:20:00Z,233.02,233.02,233.02,233.02,500,116510
1786541100000,2026-08-12T13:25:00Z,233.019,233.02,233.015,233.02,42,9786.7938
1786541400000,2026-08-12T13:30:00Z,232.89,234.55,232.38,234.14,43734.896062,10191402.87766046
1786541700000,2026-08-12T13:35:00Z,234.712,236.535,234.69,236.41,529,124830.7
1786542000000,2026-08-12T13:40:00Z,236.392,236.404,234.67,235.097,3287,774335.49
1786542300000,2026-08-12T13:45:00Z,234.97,235.258,234.306,235.12,3381,794412.93
1786542600000,2026-08-12T13:50:00Z,235.118,235.415,234.603,235.415,1719,404182.87
1786542900000,2026-08-12T13:55:00Z,235.338,235.491,234.209,234.489,500,117370
1786543200000,2026-08-12T14:00:00Z,234.488,234.488,233.53,233.865,1100,257396
1786543500000,2026-08-12T14:05:00Z,233.865,234.95,233.65,234.724,1000,234469.5
1786543800000,2026-08-12T14:10:00Z,234.724,234.899,234.071,234.581,729,170947.96
1786544100000,2026-08-12T14:15:00Z,234.598,234.68,233.7,233.844,1513,354622.76
1786544400000,2026-08-12T14:20:00Z,233.95,233.953,232.96,232.96,21321.912008,4979928.71105887
1786544700000,2026-08-12T14:25:00Z,233.5,233.509,232.619,232.64,18375.950005000002,4283540.52667553
1786545000000,2026-08-12T14:30:00Z,232.63,233.49,232.63,233.335,14704.08306,3427449.71127901
1786545300000,2026-08-12T14:35:00Z,233.62,234.175,233.345,234.06,11980.704828,2800921.05891881
1786545600000,2026-08-12T14:40:00Z,233.76,234.263,233.41,233.415,13833.272181,3234921.76614459
1786545900000,2026-08-12T14:45:00Z,234.05,234.21,233.717,234.08,16425.273685,3843906.60633107
1786546200000,2026-08-12T14:50:00Z,234.06,234.55,233.96,234.295,22140.910344,5186240.34306684
1786546500000,2026-08-12T14:55:00Z,234.275,234.633,234.255,234.255,14617.981079000001,3425539.67930205
1786546800000,2026-08-12T15:00:00Z,234.286,234.634,234.25,234.581,500,117211.5
1786547100000,2026-08-12T15:05:00Z,234.581,234.581,234.309,234.419,1848.26508,433484.40211638
1786547400000,2026-08-12T15:10:00Z,234.419,234.715,234.348,234.404,11695.397479,2743183.5476533996
1786547700000,2026-08-12T15:15:00Z,234.405,234.78,234.405,234.585,10521.10972,2469083.50797988
1786548000000,2026-08-12T15:20:00Z,234.585,234.8,234.436,234.436,4914.168892,1153247.8186536652
1786548300000,2026-08-12T15:25:00Z,234.435,234.807,234.415,234.807,2303.2828010000003,540019.854360936670337
1786548600000,2026-08-12T15:30:00Z,234.808,234.945,234.698,234.922,1001,235019.9
1786548900000,2026-08-12T15:35:00Z,234.913,234.913,234.495,234.754,3864,907006.7648
1786549200000,2026-08-12T15:40:00Z,234.66,234.935,234.457,234.66,7887.088499,1850815.73552934
1786549500000,2026-08-12T15:45:00Z,234.99,235.068,234.735,234.96,10931.311655,2568666.94097104
1786549800000,2026-08-12T15:50:00Z,235.14,235.226,234.894,234.99,9067.036487000001,2131132.57657016
1786550100000,2026-08-12T15:55:00Z,234.97,235.027,234.74,234.97,5214.493503,1224940.84038453
1786550400000,2026-08-12T16:00:00Z,235.51,235.82,234.787,235.82,11885.214334,2796405.52344659
1786550700000,2026-08-12T16:05:00Z,235.61,235.936,235.522,235.76,9446.868223000001,2227056.67266525
1786551000000,2026-08-12T16:10:00Z,236.4,236.656,235.891,236.61,9374.689394,2215483.78319538
1786551300000,2026-08-12T16:15:00Z,236.658,237.077,236.651,237.05,8900.632567999999,2107033.9845332861632752
1786551600000,2026-08-12T16:20:00Z,237.05,237.194,236.855,236.865,3668.029011,869643.4613425614
1786551900000,2026-08-12T16:25:00Z,236.882,237.088,236.794,237.088,1569.277785,371699.450010657
1786552200000,2026-08-12T16:30:00Z,237.089,237.13,236.837,236.837,3888.313123,921914.7643188647
1786552500000,2026-08-12T16:35:00Z,236.837,237.056,236.836,237.056,2614.00702,619458.495975732
1786552800000,2026-08-12T16:40:00Z,237.067,237.18,237.059,237.102,4615.22084,1094303.822276132
1786553100000,2026-08-12T16:45:00Z,237.115,237.3,237.08,237.3,6988.562558,1657432.5845241402
1786553400000,2026-08-12T16:50:00Z,237.23,237.31,237.092,237.23,8152.179467999999,1934047.51352672
1786553700000,2026-08-12T16:55:00Z,237.091,237.091,236.822,236.959,7079.895197000001,1677399.92161211
1786554000000,2026-08-12T17:00:00Z,236.96,236.96,236.55,236.55,9393.168756,2224231.91265513
1786554300000,2026-08-12T17:05:00Z,236.66,236.747,236.497,236.66,6781.646077,1604745.65835276
1786554600000,2026-08-12T17:10:00Z,236.77,236.824,236.675,236.77,7069.220112,1673547.37549857
1786554900000,2026-08-12T17:15:00Z,236.85,236.92,236.815,236.91,15230.159615,3607628.82864351
1786555200000,2026-08-12T17:20:00Z,237.2,237.333,236.85,237.25,18096.707500999997,4291670.37727715
1786555500000,2026-08-12T17:25:00Z,237.216,237.347,236.824,236.934,19303.025079,4580260.1825429281
1786555800000,2026-08-12T17:30:00Z,236.934,237.16,236.923,237.074,4466.562632,1058536.4846891016
1786556100000,2026-08-12T17:35:00Z,237.074,237.221,237.07,237.221,4049.016949,960075.8260621359
1786556400000,2026-08-12T17:40:00Z,237.223,237.392,237.115,237.362,5846.253075,1386854.50244867
1786556700000,2026-08-12T17:45:00Z,237.361,237.6,237.35,237.561,6374.32303,1513397.852568843
1786557000000,2026-08-12T17:50:00Z,237.568,237.963,237.527,237.932,5125.2033200000005,1218139.8743656481188382
1786557300000,2026-08-12T17:55:00Z,237.938,238.14,237.736,238.14,2791.008,664464.9222976
1786557600000,2026-08-12T18:00:00Z,238.14,238.387,238.085,238.28,100,23820.5
1786557900000,2026-08-12T18:05:00Z,238.28,238.488,238.23,238.488,6590.410094,1570965.939721921
1786558200000,2026-08-12T18:10:00Z,238.64,238.64,238.494,238.56,8094.605788000001,1931272.56790503
1786558500000,2026-08-12T18:15:00Z,238.65,238.81,238.49,238.49,14069.824015999999,3358602.06292975
1786558800000,2026-08-12T18:20:00Z,238.51,238.586,238.426,238.51,9798.703192,2337230.7795202
1786559100000,2026-08-12T18:25:00Z,238.48,238.48,238.35,238.35,10004.280791,2385270.64759418
1786559400000,2026-08-12T18:30:00Z,238.52,238.52,238.19,238.29,17508.286447000002,4175061.00272451
1786559700000,2026-08-12T18:35:00Z,238.237,238.455,238.105,238.235,6829.360089,1627788.90418929
1786560000000,2026-08-12T18:40:00Z,238.325,238.448,238.169,238.43,7876.880848,1877345.06147701
1786560300000,2026-08-12T18:45:00Z,238.4,238.68,238.28,238.68,10071.815675,2401409.91802987
1786560600000,2026-08-12T18:50:00Z,238.615,238.96,238.615,238.81,4440.18213,1059737.485415565
1786560900000,2026-08-12T18:55:00Z,238.808,238.94,238.757,238.864,4540.13087,1084235.161952305
1786561200000,2026-08-12T19:00:00Z,238.865,239.243,238.865,239.079,676,161624.56
1786561500000,2026-08-12T19:05:00Z,239.078,239.344,238.81,239.344,10451.22099,2497921.245889524
1786561800000,2026-08-12T19:10:00Z,239.345,239.472,238.879,239.042,13227.771288,3164084.0970245996
1786562100000,2026-08-12T19:15:00Z,239.044,239.164,238.765,239.115,5275.606534,1260829.6309245804
1786562400000,2026-08-12T19:20:00Z,239.215,239.338,239.086,239.28,12996.533855,3108859.27454621
1786562700000,2026-08-12T19:25:00Z,239.345,239.905,239.26,239.905,33655.02186,8063887.95425
1786563000000,2026-08-12T19:30:00Z,239.94,240.335,239.902,240.28,40219.079168,9657847.69969101
1786563300000,2026-08-12T19:35:00Z,240.255,240.285,239.76,240,49094.278173,11784364.69896732
1786563600000,2026-08-12T19:40:00Z,240.08,240.08,239.837,239.97,50615.426445,12146381.28416979
1786563900000,2026-08-12T19:45:00Z,240.015,240.76,240.015,240.71,33235.63545,7987962.30164999
1786564200000,2026-08-12T19:50:00Z,240.702,241.13,240.438,240.473,33924.517671,8174462.2724953146
1786564500000,2026-08-12T19:55:00Z,241.38,241.69,241.18,241.69,170844.289507,41152106.347821472
1786564800000,2026-08-12T20:00:00Z,241.535,241.615,241.535,241.615,0,0
1786565100000,2026-08-12T20:05:00Z,241.615,241.615,241.615,241.615,15.1646,3663.994829
1786565400000,2026-08-12T20:10:00Z,241.615,241.615,236.552,236.552,106.398974,25707.58810301
1786565700000,2026-08-12T20:15:00Z,236.551,236.551,236.55,236.55,0,0
1786566000000,2026-08-12T20:20:00Z,236.55,236.55,236.55,236.55,0,0
1786566300000,2026-08-12T20:25:00Z,236.552,242.524,236.552,242.524,0,0
1786566600000,2026-08-12T20:30:00Z,242.525,242.525,242.525,242.525,0,0
1786566900000,2026-08-12T20:35:00Z,242.525,242.525,242.525,242.525,1,242.525
1786567200000,2026-08-12T20:40:00Z,242.525,242.525,242.525,242.525,8,1940.2
1786567500000,2026-08-12T20:45:00Z,242.525,242.525,242.525,242.525,2,485.05
1786567800000,2026-08-12T20:50:00Z,242.525,242.525,242.525,242.525,128,31043.2
1786568100000,2026-08-12T20:55:00Z,242.525,242.525,240.755,240.755,10,2411.095
1786569000000,2026-08-12T21:10:00Z,240.755,240.755,240.755,240.755,52,12519.26
1786569600000,2026-08-12T21:20:00Z,240.755,240.755,240.755,240.755,29,6981.895
1786569900000,2026-08-12T21:25:00Z,240.755,240.755,240.755,240.755,2,481.51
1786570200000,2026-08-12T21:30:00Z,240.838,241.254,240.838,241.254,6,1447.524
1786570500000,2026-08-12T21:35:00Z,241.255,241.255,241.255,241.255,0,0
1786571100000,2026-08-12T21:45:00Z,241.255,241.255,241.255,241.255,6,1447.53
1786571700000,2026-08-12T21:55:00Z,241.255,241.255,241.255,241.255,1,241.255
1786572300000,2026-08-12T22:05:00Z,241.255,241.255,241.255,241.255,15,3618.825
1786572600000,2026-08-12T22:10:00Z,241.254,241.254,241.252,241.252,31,7478.874
1786572900000,2026-08-12T22:15:00Z,241.251,241.251,241.251,241.251,8,1930.008
1786573200000,2026-08-12T22:20:00Z,241.25,241.25,241.25,241.25,5,1206.25
1786573800000,2026-08-12T22:30:00Z,241.25,241.25,241.25,241.25,0,0
1786575000000,2026-08-12T22:50:00Z,241.25,241.25,241.25,241.25,0,0
1786575600000,2026-08-12T23:00:00Z,241.25,241.25,241.25,241.25,50,12062.5
1786576200000,2026-08-12T23:10:00Z,241.25,241.25,241.25,241.25,16,3860
1786576500000,2026-08-12T23:15:00Z,241.25,241.25,241.25,241.25,6,1447.5
1786577700000,2026-08-12T23:35:00Z,241.25,241.25,241.25,241.25,1.27544,307.6999
1786578000000,2026-08-12T23:40:00Z,241.25,241.25,241.25,241.25,10,2412.5
1786578300000,2026-08-12T23:45:00Z,241.25,241.25,241.201,241.201,5,1206.103
1786578600000,2026-08-12T23:50:00Z,241.201,241.201,241.201,241.201,0,0
1786578900000,2026-08-12T23:55:00Z,241.225,241.344,241.225,241.344,0,0
1786580400000,2026-08-13T00:20:00Z,240.99,240.99,240.99,240.99,1,240.99
1786580700000,2026-08-13T00:25:00Z,241.39,241.39,241.39,241.39,1,241.39
1786605300000,2026-08-13T07:15:00Z,240.87,240.87,240.87,240.87,3,722.61
1786608000000,2026-08-13T08:00:00Z,241.345,241.345,241.345,241.345,43,10377.835
1786608300000,2026-08-13T08:05:00Z,241.345,241.345,241.345,241.345,57,13756.665
1786608600000,2026-08-13T08:10:00Z,241.345,241.704,241.345,241.704,606,146255.07
1786611600000,2026-08-13T09:00:00Z,241.705,241.705,241.705,241.705,1,241.705
1786611900000,2026-08-13T09:05:00Z,241.705,241.705,241.705,241.705,0,0
1786614000000,2026-08-13T09:40:00Z,241.743,241.934,241.743,241.934,0,0
1786614900000,2026-08-13T09:55:00Z,241.935,241.935,241.935,241.935,0,0
1786617900000,2026-08-13T10:45:00Z,241.863,241.863,241.507,241.507,17,4111.671
1786618500000,2026-08-13T10:55:00Z,241.506,241.506,241.506,241.506,5,1207.53
1786618800000,2026-08-13T11:00:00Z,241.505,241.505,235.005,235.005,144,34776.72
1786619400000,2026-08-13T11:10:00Z,236.189,242.108,236.189,242.108,33,7794.237
1786620000000,2026-08-13T11:20:00Z,242.109,242.11,242.109,242.11,77,18642.47
1786620300000,2026-08-13T11:25:00Z,242.11,242.11,239.286,240.504,272,65573.216
1786620900000,2026-08-13T11:35:00Z,240.504,242.428,240.504,242.428,666.59,160539.269194
1786621200000,2026-08-13T11:40:00Z,242.429,242.429,242.429,242.429,0,0
1786621500000,2026-08-13T11:45:00Z,242.43,242.43,242.43,242.43,0,0
1786621800000,2026-08-13T11:50:00Z,242.43,242.43,242.43,242.43,0,0
1786622100000,2026-08-13T11:55:00Z,242.43,242.43,242.43,242.43,0,0
1786622700000,2026-08-13T12:05:00Z,242.43,242.43,242.366,242.366,135,32728.05
1786623300000,2026-08-13T12:15:00Z,242.366,242.366,242.366,242.366,5,1211.83
1786623600000,2026-08-13T12:20:00Z,242.407,242.609,242.407,242.609,0,0
1786623900000,2026-08-13T12:25:00Z,242.609,242.609,242.609,242.609,1,242.609
1786624200000,2026-08-13T12:30:00Z,242.531,242.608,242.142,242.608,22,5333.6712
1786624500000,2026-08-13T12:35:00Z,242.609,243.114,242.142,243.114,175,42453.145
1786625700000,2026-08-13T12:55:00Z,243.115,243.115,242.611,242.881,25,6068.295
1786626000000,2026-08-13T13:00:00Z,242.883,243.534,242.883,243.401,0,0
1786626300000,2026-08-13T13:05:00Z,243.401,243.401,243.401,243.401,0,0
1786626600000,2026-08-13T13:10:00Z,243.315,243.315,242.93,242.93,0,0
1786626900000,2026-08-13T13:15:00Z,242.923,243.534,242.891,243.534,0,0
1786627200000,2026-08-13T13:20:00Z,243.547,243.608,242.937,242.937,9,2192.2182
1786627500000,2026-08-13T13:25:00Z,242.929,242.929,242.066,242.066,221,53582.4887
1786627800000,2026-08-13T13:30:00Z,240.86,242.774,240.351,241.64,26407.995529,6387956.79688835
1786628100000,2026-08-13T13:35:00Z,241.6,242.274,240.695,240.87,11947.55309,2884436.80999794
1786628400000,2026-08-13T13:40:00Z,240.82,241.109,240.325,240.515,85268.669928,20532354.64398269
1786628700000,2026-08-13T13:45:00Z,240.705,242.29,240.575,242.29,47178.706532,11365416.45374794
1786629000000,2026-08-13T13:50:00Z,242.53,243.54,242.238,243.54,16190.907503,3929452.29644059
1786629300000,2026-08-13T13:55:00Z,244.02,244.02,242.908,243.74,45294.458212,11035953.97834141
1786629600000,2026-08-13T14:00:00Z,243.495,244.14,243.495,243.95,63122.90265399999,15383436.42648599
1786629900000,2026-08-13T14:05:00Z,243.98,245.01,243.867,244.63,63688.72314500001,15560046.70644753
1786630200000,2026-08-13T14:10:00Z,244.558,244.915,244.341,244.661,13912.006661,3404574.487970494
1786630500000,2026-08-13T14:15:00Z,244.66,244.859,244.503,244.844,7713.627047,1886509.6742208704
1786630800000,2026-08-13T14:20:00Z,244.843,244.899,244.286,244.403,9450.539277,2313690.7135454527
1786631100000,2026-08-13T14:25:00Z,244.406,244.447,243.543,243.564,4481.8128639999995,1095301.730388518277806
1786631400000,2026-08-13T14:30:00Z,243.563,243.67,243.34,243.349,200,48676
1786631700000,2026-08-13T14:35:00Z,243.347,243.347,242.316,242.32,11034.553818,2679999.60326064
1786632000000,2026-08-13T14:40:00Z,242.11,242.39,241.835,242.14,13899.56909,3365777.87522968
1786632300000,2026-08-13T14:45:00Z,242.16,242.16,241.82,241.82,8700.595052,2106005.13412176
1786632600000,2026-08-13T14:50:00Z,241.9,242.793,241.839,242.34,10737.017498,2601000.61452226
1786632900000,2026-08-13T14:55:00Z,242.713,242.969,242.597,242.661,7507.838609,1823317.64695642
1786633200000,2026-08-13T15:00:00Z,242.67,242.743,242.016,242.28,12792.800495,3099724.98337964
1786633500000,2026-08-13T15:05:00Z,242.055,242.404,241.52,241.94,26596.561673,6438535.54464235
1786633800000,2026-08-13T15:10:00Z,241.17,241.628,240.881,241.62,20200.0789,4870144.08241917
1786634100000,2026-08-13T15:15:00Z,241.84,242.077,241.604,242.04,10268.379915,2483211.55638637
1786634400000,2026-08-13T15:20:00Z,242.08,242.085,239.881,239.945,53020.065748,12810130.3673151068
1786634700000,2026-08-13T15:25:00Z,239.946,240.34,239.946,240.025,4600.249942,1104513.7104743392
1786635000000,2026-08-13T15:30:00Z,240.023,240.577,239.522,240.577,100,24027
1786635300000,2026-08-13T15:35:00Z,240.581,241.242,240.581,240.763,11599.431056,2792658.1420666592
1786635600000,2026-08-13T15:40:00Z,240.77,240.925,240.621,240.925,15848.075451,3815406.7319452539
1786635900000,2026-08-13T15:45:00Z,240.925,240.93,240.269,240.696,46200.41593,11127989.262313962
1786636200000,2026-08-13T15:50:00Z,240.694,240.732,240.581,240.677,9660.2851,2324806.13887366
1786636500000,2026-08-13T15:55:00Z,240.75,240.75,240.272,240.75,7985.656332999999,1920567.1179648
1786636800000,2026-08-13T16:00:00Z,240.34,240.785,240.262,240.34,12566.912471,3023464.67455916
1786637100000,2026-08-13T16:05:00Z,240.88,240.88,240.115,240.57,11062.836105999999,2660866.52872344
1786637400000,2026-08-13T16:10:00Z,240.189,240.43,240.189,240.43,5775.46094,1387929.31825001
1786637700000,2026-08-13T16:15:00Z,240.38,240.44,240.356,240.38,7361.996351000001,1769900.48754245
1786638000000,2026-08-13T16:20:00Z,240.35,240.394,239.635,240.18,10959.735774,2631454.47880895
1786638300000,2026-08-13T16:25:00Z,239.91,240.407,239.64,240.405,8292.06502,1990360.12167414
1786638600000,2026-08-13T16:30:00Z,240.15,240.401,240.15,240.15,7860.184611,1889137.20588773
1786638900000,2026-08-13T16:35:00Z,240.303,240.303,240.051,240.051,4441.733737,1067225.9838508547
1786639200000,2026-08-13T16:40:00Z,240.049,240.249,240.04,240.223,4450.178326,1068619.5320719324
1786639500000,2026-08-13T16:45:00Z,240.224,240.364,240.224,240.327,1402.15404,336890.203155708
1786639800000,2026-08-13T16:50:00Z,240.324,241.026,240.25,241.026,3638.211341,874750.6011722928
1786640100000,2026-08-13T16:55:00Z,241.039,241.238,241.039,241.238,5156.0014869999995,1243261.9981589715794355
1786640400000,2026-08-13T17:00:00Z,241.257,241.38,241.055,241.122,400,96513
1786640700000,2026-08-13T17:05:00Z,241,241.13,240.862,241,9259.078427999999,2231859.18921647
1786641000000,2026-08-13T17:10:00Z,241.305,241.414,241.049,241.3,6361.374204000001,1534723.51178475
1786641300000,2026-08-13T17:15:00Z,241.21,241.219,240.717,240.93,8055.27858,1942209.02395166
1786641600000,2026-08-13T17:20:00Z,240.755,241.293,240.739,240.92,11888.14439,2864708.74113264
1786641900000,2026-08-13T17:25:00Z,240.78,241,240.78,240.97,5567.240836,1341098.76894896
1786642200000,2026-08-13T17:30:00Z,240.95,240.991,240.711,240.725,11547.903588,2780753.66063614
1786642500000,2026-08-13T17:35:00Z,240.77,241.425,240.732,241.235,15800.708574,3810103.86199149
1786642800000,2026-08-13T17:40:00Z,241.22,241.287,240.95,241.06,44396.075243,10706104.6656344
1786643100000,2026-08-13T17:45:00Z,241.11,241.116,240.964,241.11,8313.783219,2004243.62676378
1786643400000,2026-08-13T17:50:00Z,241.1,241.433,241.1,241.351,5544.961413,1337600.5430515774
1786643700000,2026-08-13T17:55:00Z,241.351,241.409,241.255,241.31,2371.156819,572171.8773501552
1786644000000,2026-08-13T18:00:00Z,241.31,241.625,241.305,241.39,12598.565185,3041854.2718097325
1786644300000,2026-08-13T18:05:00Z,241.39,241.5,241.326,241.392,1665.3021600000002,402081.7028672480482896
1786644600000,2026-08-13T18:10:00Z,241.391,241.391,241.026,241.265,1641.08287,396119.331695416
1786644900000,2026-08-13T18:15:00Z,241.264,241.337,241.243,241.243,2950.4776429999997,711845.0726308732276211
1786645200000,2026-08-13T18:20:00Z,241.24,241.49,241.212,241.449,6672.429196,1609664.0736842108
1786645500000,2026-08-13T18:25:00Z,241.449,241.453,241.33,241.33,7236.009766,1746774.20471435
1786645800000,2026-08-13T18:30:00Z,241.305,242.96,241.19,242.75,43045.647623000004,10409759.09662343
1786646100000,2026-08-13T18:35:00Z,242.78,246.131,242.72,246.04,60992.890789000005,14897696.55388562
1786646400000,2026-08-13T18:40:00Z,246.37,248,245.973,247.63,66004.800746,16314076.57638509
1786646700000,2026-08-13T18:45:00Z,247.385,247.453,245.813,247.03,29422.022747000003,7258948.4924989
1786647000000,2026-08-13T18:50:00Z,247.21,247.21,246.28,246.825,21628.829631,5335291.54922693
1786647300000,2026-08-13T18:55:00Z,246.565,247.708,246.565,247.22,29347.748369,7255194.80871782
1786647600000,2026-08-13T19:00:00Z,247.55,248.715,247.076,248.715,30449.816119999996,7539444.50588908
1786647900000,2026-08-13T19:05:00Z,248.89,249.17,248.183,249.13,45025.813149,11197352.40491062
1786648200000,2026-08-13T19:10:00Z,249.295,249.862,248.73,249.76,89681.62168800001,22365089.79774284
1786648500000,2026-08-13T19:15:00Z,249.58,249.58,249.052,249.06,30972.256558,7720708.36471644
1786648800000,2026-08-13T19:20:00Z,249.052,250.28,248.987,250.149,16214.41751,4040851.803810334
1786649100000,2026-08-13T19:25:00Z,250.15,250.4,249.519,250.212,21331.541549999998,5338352.3326032794994848
1786649400000,2026-08-13T19:30:00Z,250.21,250.857,250.189,250.857,1300,325498.5
1786649700000,2026-08-13T19:35:00Z,250.55,250.858,250.476,250.82,41392.773292,10373107.63324445
1786650000000,2026-08-13T19:40:00Z,250.885,251.68,250.734,251.58,53006.441931,13310908.78933821
1786650300000,2026-08-13T19:45:00Z,251.54,251.749,251.006,251.5,42546.778245,10692830.78046645
1786650600000,2026-08-13T19:50:00Z,252,252.59,251.751,252.215,119444.16445499999,30119661.61862796
1786650900000,2026-08-13T19:55:00Z,252.26,253.29,251.76,252.53,243854.21956500004,61607744.58307487
1786651200000,2026-08-13T20:00:00Z,252.474,253.5,252.474,253.5,360973.003589,91163587.66720051
1786651500000,2026-08-13T20:05:00Z,253.5,253.5,253.33,253.33,58052,14706435.0692
1786651800000,2026-08-13T20:10:00Z,253.33,253.33,253.33,253.33,7450.533929,1887443.76023357
1786652100000,2026-08-13T20:15:00Z,253.33,253.33,245.33,245.33,53.078173,13204.96303691
1786652400000,2026-08-13T20:20:00Z,245.331,245.569,245.331,245.569,11,2698.6795
1786652700000,2026-08-13T20:25:00Z,245.57,245.57,245.57,245.57,64,15716.48
1786653000000,2026-08-13T20:30:00Z,245.57,251.569,245.57,251.569,32,7977.9616
1786653300000,2026-08-13T20:35:00Z,251.57,251.57,251.57,251.57,0,0
1786653600000,2026-08-13T20:40:00Z,251.57,251.57,251.57,251.57,0,0
1786653900000,2026-08-13T20:45:00Z,251.57,251.57,251.57,251.57,0,0
1786654200000,2026-08-13T20:50:00Z,251.57,251.57,251.57,251.57,0,0
1786654500000,2026-08-13T20:55:00Z,251.57,251.57,251.57,251.57,5,1257.85
1786654800000,2026-08-13T21:00:00Z,251.57,252.249,251.251,251.251,13,3272.2378
1786655100000,2026-08-13T21:05:00Z,251.251,251.251,251.25,251.25,46,11557.5184
1786655700000,2026-08-13T21:15:00Z,251.25,251.749,251.25,251.749,403,101287.3602
1786656000000,2026-08-13T21:20:00Z,251.749,252.199,251.749,252.199,26,6549.8394
1786656300000,2026-08-13T21:25:00Z,252.199,252.199,252.199,252.199,5,1260.995
1786656600000,2026-08-13T21:30:00Z,252.2,252.2,251.501,251.501,7.33,1847.252358
1786656900000,2026-08-13T21:35:00Z,251.501,251.501,251.501,251.501,8,2012.008
1786657200000,2026-08-13T21:40:00Z,251.5,251.5,251.5,251.5,1,251.5
1786657500000,2026-08-13T21:45:00Z,251.5,251.5,251.5,251.5,5,1257.5
1786657800000,2026-08-13T21:50:00Z,251.5,251.5,251.5,251.5,12,3018
1786658400000,2026-08-13T22:00:00Z,251.5,251.5,251.5,251.5,44,11066
1786658700000,2026-08-13T22:05:00Z,251.5,251.5,251.5,251.5,130,32695
1786659000000,2026-08-13T22:10:00Z,251.5,251.5,251.5,251.5,35,8802.5
1786659600000,2026-08-13T22:20:00Z,251.5,251.5,251.5,251.5,10,2515
1786660800000,2026-08-13T22:40:00Z,251.5,251.5,251.5,251.5,44,11066
1786661100000,2026-08-13T22:45:00Z,251.5,251.5,251.5,251.5,1,251.5
1786661400000,2026-08-13T22:50:00Z,251.5,251.5,251.5,251.5,126,31689
1786661700000,2026-08-13T22:55:00Z,251.5,251.5,251.5,251.5,0,0
1786662000000,2026-08-13T23:00:00Z,251.5,251.5,251.5,251.5,1,251.5
1786662300000,2026-08-13T23:05:00Z,251.5,251.5,251.5,251.5,0,0
1786662600000,2026-08-13T23:10:00Z,251.5,251.5,251.5,251.5,0,0
1786662900000,2026-08-13T23:15:00Z,251.5,251.5,251.5,251.5,3,754.5
1786663200000,2026-08-13T23:20:00Z,251.5,251.5,251.5,251.5,8,2012
1786663500000,2026-08-13T23:25:00Z,251.5,251.5,251.5,251.5,5,1257.5
1786663800000,2026-08-13T23:30:00Z,251.5,251.5,251.452,251.452,152.915578,38458.17611765
1786664100000,2026-08-13T23:35:00Z,251.451,251.451,251.451,251.451,40,10058.04
1786664400000,2026-08-13T23:40:00Z,251.451,251.451,251.451,251.451,5,1257.255
1786664700000,2026-08-13T23:45:00Z,251.45,251.45,251.45,251.45,7,1760.15
1786665000000,2026-08-13T23:50:00Z,251.45,251.45,251.45,251.45,1,251.45
1786665300000,2026-08-13T23:55:00Z,251.45,251.45,251.45,251.45,6,1508.7
1786670400000,2026-08-14T01:20:00Z,251,251,251,251,1,251
1786671900000,2026-08-14T01:45:00Z,252,252,252,252,1,252
1786674600000,2026-08-14T02:30:00Z,251.16,251.16,251.16,251.16,5,1255.8
1786674900000,2026-08-14T02:35:00Z,252,252,252,252,1,252
1786675200000,2026-08-14T02:40:00Z,252,252,252,252,9,2268
1786675500000,2026-08-14T02:45:00Z,251.5,251.5,251.5,251.5,20,5030
1786681800000,2026-08-14T04:30:00Z,251.5,251.5,251.5,251.5,2,503
1786687800000,2026-08-14T06:10:00Z,251.49,251.49,251.49,251.49,1,251.49
1786691700000,2026-08-14T07:15:00Z,251.87,251.87,251.87,251.87,72,18134.64
1786692300000,2026-08-14T07:25:00Z,251.72,251.75,251.72,251.75,99,24921.81
1786692600000,2026-08-14T07:30:00Z,252,252.01,252,252.01,51,12852.5
1786692900000,2026-08-14T07:35:00Z,252.05,252.05,252.05,252.05,10,2520.5
1786694100000,2026-08-14T07:55:00Z,252.32,252.32,251.45,252.32,1,252.32
1786694400000,2026-08-14T08:00:00Z,251.45,251.45,251.45,251.45,0,0
1786695300000,2026-08-14T08:15:00Z,251.45,251.45,251.45,251.45,101,25396.45
1786695600000,2026-08-14T08:20:00Z,251.45,251.45,251.45,251.45,322,80966.9
1786698000000,2026-08-14T09:00:00Z,251.45,251.45,251.45,251.45,0,0
1786699500000,2026-08-14T09:25:00Z,251.45,251.45,251.45,251.45,1,251.45
1786699800000,2026-08-14T09:30:00Z,251.45,251.45,251.45,251.45,2,502.9
1786701000000,2026-08-14T09:50:00Z,251.45,251.45,251.45,251.45,1,251.45
1786702500000,2026-08-14T10:15:00Z,251.45,251.45,251.45,251.45,0,0
1786703400000,2026-08-14T10:30:00Z,251.626,252.504,251.626,252.504,0,0
1786703700000,2026-08-14T10:35:00Z,252.505,252.505,252.505,252.505,0,0
1786704900000,2026-08-14T10:55:00Z,252.505,252.505,252.505,252.505,68,17170.34
1786705200000,2026-08-14T11:00:00Z,252.505,252.505,252.505,252.505,1812.4,457640.062
1786705500000,2026-08-14T11:05:00Z,252.505,252.505,249.247,249.247,11,2772.1254
1786705800000,2026-08-14T11:10:00Z,249.246,249.246,249.245,249.245,1191.06863,296867.90068435
1786706100000,2026-08-14T11:15:00Z,249.245,249.245,249.245,249.245,1,249.245
1786706400000,2026-08-14T11:20:00Z,249.245,249.245,249.245,249.245,25,6231.125
1786706700000,2026-08-14T11:25:00Z,249.523,250.915,249.523,250.915,17,4265.37
1786707600000,2026-08-14T11:40:00Z,250.915,250.915,250.915,250.915,0,0
1786707900000,2026-08-14T11:45:00Z,250.915,250.915,250.915,250.915,5,1254.575
1786708200000,2026-08-14T11:50:00Z,250.927,250.989,250.927,250.989,0,0
1786708500000,2026-08-14T11:55:00Z,250.99,251.189,250.99,251.189,21,5274.7695
1786708800000,2026-08-14T12:00:00Z,251.237,251.484,251.237,251.484,20,5029.624
1786709100000,2026-08-14T12:05:00Z,251.484,251.484,251.484,251.484,2,502.968
1786709400000,2026-08-14T12:10:00Z,251.568,251.985,251.568,251.985,672,169278.2112
1786709700000,2026-08-14T12:15:00Z,251.985,251.985,251.985,251.985,4,1007.94
1786710300000,2026-08-14T12:25:00Z,251.985,251.985,251.985,251.985,170,42837.45
1786710600000,2026-08-14T12:30:00Z,251.985,251.985,251.985,251.985,7,1763.895
1786710900000,2026-08-14T12:35:00Z,251.985,251.985,251.985,251.985,20,5039.7
1786711200000,2026-08-14T12:40:00Z,251.985,251.985,251.985,251.985,1,251.985
1786711500000,2026-08-14T12:45:00Z,251.922,252.118,251.606,252.118,0,0
1786711800000,2026-08-14T12:50:00Z,252.121,252.134,252.121,252.134,0,0
1786712100000,2026-08-14T12:55:00Z,252.134,252.134,252.134,252.134,0,0
1786712400000,2026-08-14T13:00:00Z,252.135,252.135,252.135,252.135,0,0
1786712700000,2026-08-14T13:05:00Z,252.135,252.135,252.135,252.135,45,11346.075
1786713000000,2026-08-14T13:10:00Z,252.135,252.135,252.135,252.135,60,15128.1
1786713300000,2026-08-14T13:15:00Z,252.135,252.135,252.135,252.135,61,15380.235
1786713600000,2026-08-14T13:20:00Z,252.135,252.135,252.135,252.135,2280,574867.8
1786713900000,2026-08-14T13:25:00Z,252.135,252.135,252.135,252.135,2102,529987.77
1786714200000,2026-08-14T13:30:00Z,252.86,252.86,249.49,250.5,106507.12002500001,26833520.97693053
1786714500000,2026-08-14T13:35:00Z,249.02,249.49,246.684,246.71,30971.753011999997,7683627.34598202
1786714800000,2026-08-14T13:40:00Z,247.695,248.16,246.781,248.16,12999.088779000002,3216813.00515085
1786715100000,2026-08-14T13:45:00Z,247.24,247.331,246.11,246.41,16428.449488,4054815.68874485
1786715400000,2026-08-14T13:50:00Z,246.14,246.98,245.799,246.33,23014.356888000002,5670323.27877922
1786715700000,2026-08-14T13:55:00Z,246,247.21,245.524,247.21,16531.307832,4068029.19069091
1786716000000,2026-08-14T14:00:00Z,247.02,247.307,246.185,246.185,100,24682.5
1786716300000,2026-08-14T14:05:00Z,246.18,246.641,245.944,246.204,100,24636
1786716600000,2026-08-14T14:10:00Z,246.16,246.368,245.93,246.167,13329.803549,3280783.2357137211
1786716900000,2026-08-14T14:15:00Z,246.166,246.166,244.448,245.642,11641.068326,2857867.1406441762
1786717200000,2026-08-14T14:20:00Z,246.195,247.172,245.414,246.44,19875.149627,4894981.03861014
1786717500000,2026-08-14T14:25:00Z,246.71,247.48,246.636,246.66,9602.021546,2371614.8240724
1786717800000,2026-08-14T14:30:00Z,246.22,247.248,245.699,246.22,11259.057610000002,2778655.47883897
1786718100000,2026-08-14T14:35:00Z,246,246.125,245.303,246,8424.463491,2070931.94342619
1786718400000,2026-08-14T14:40:00Z,245.38,245.696,244.851,245.06,5465.528489,1340150.86481989
1786718700000,2026-08-14T14:45:00Z,244.93,245.012,244.382,244.985,8425.015723999999,2062884.47755756
1786719000000,2026-08-14T14:50:00Z,244.55,244.915,244.069,244.31,13479.674640000001,3297590.76978415
1786719300000,2026-08-14T14:55:00Z,244.71,244.917,244.306,244.78,10596.853187,2592487.28195467
1786719600000,2026-08-14T15:00:00Z,244.918,245.707,244.918,245.554,200,49077.5
1786719900000,2026-08-14T15:05:00Z,245.556,245.802,245.162,245.802,1080.4405,265260.6758598
1786720200000,2026-08-14T15:10:00Z,245.81,246.514,245.615,246.333,7591.146833,1868057.4999079221
1786720500000,2026-08-14T15:15:00Z,246.335,247.24,246.335,247.117,4521.623218000001,1114539.428628038246491
1786720800000,2026-08-14T15:20:00Z,247.126,247.48,247.1,247.33,8968.98394,2217646.298117014
1786721100000,2026-08-14T15:25:00Z,247.33,247.33,246.85,247.087,6654.018,1643967.703062
1786721400000,2026-08-14T15:30:00Z,247.086,247.34,246.693,246.741,200,49413
1786721700000,2026-08-14T15:35:00Z,246.742,247.26,246.578,247.139,9011.550651,2223685.8781817889
1786722000000,2026-08-14T15:40:00Z,247.49,247.49,247.14,247.34,6780.130029,1676208.15423748
1786722300000,2026-08-14T15:45:00Z,247.41,247.684,247.23,247.62,14495.388222,3587192.56730303
1786722600000,2026-08-14T15:50:00Z,247.68,247.798,247.532,247.532,7507.106379,1859513.25292085
1786722900000,2026-08-14T15:55:00Z,247.76,248.01,247.53,248.01,11338.5072,2808450.72227808
1786723200000,2026-08-14T16:00:00Z,248.09,248.151,246.995,247.93,10323.541467,2555588.56073926
1786723500000,2026-08-14T16:05:00Z,246.8,247.245,246.686,246.8,11325.372532000001,2798028.41715987
1786723800000,2026-08-14T16:10:00Z,247.1,247.1,246.636,247.1,4686.908777000001,1156788.14121419
1786724100000,2026-08-14T16:15:00Z,246.631,246.64,246.306,246.356,3569.578567,879799.3837763405
1786724400000,2026-08-14T16:20:00Z,246.356,246.442,245.964,246.034,5919.92484,1458059.0413827273
1786724700000,2026-08-14T16:25:00Z,246.051,246.58,246.043,246.313,5867.272039,1444470.2510797117
1786725000000,2026-08-14T16:30:00Z,246.303,246.62,246.255,246.356,4367.985219,1076102.9537321466
1786725300000,2026-08-14T16:35:00Z,246.355,246.355,246,246.095,6883.625314,1694062.2346703592
1786725600000,2026-08-14T16:40:00Z,246.095,246.29,246.093,246.235,4516.567418,1111827.597694557
1786725900000,2026-08-14T16:45:00Z,246.235,246.253,246.155,246.195,1391.336714,342560.4558192544
1786726200000,2026-08-14T16:50:00Z,246.195,246.27,246.16,246.265,1415.113336,348386.044633172
1786726500000,2026-08-14T16:55:00Z,246.265,246.364,246.255,246.267,4348.951341,1071233.69431512
1786726800000,2026-08-14T17:00:00Z,246.28,246.35,246.167,246.35,5178.733858,1275189.67451172
1786727100000,2026-08-14T17:05:00Z,246.295,246.327,246.141,246.295,7079.931377999999,1743440.88975702
1786727400000,2026-08-14T17:10:00Z,246.45,246.49,246.232,246.47,5797.159414,1427873.40747686
1786727700000,2026-08-14T17:15:00Z,246.33,246.438,246.053,246.33,7911.844606999999,1947839.17696223
1786728000000,2026-08-14T17:20:00Z,246.33,246.33,246.152,246.33,3113.4781000000003,766526.47700322
1786728300000,2026-08-14T17:25:00Z,246.3,246.45,245.995,246.22,13970.767974,3441334.05335078
1786728600000,2026-08-14T17:30:00Z,245.995,246.26,245.501,245.96,5413.407738,1332555.2906298302
1786728900000,2026-08-14T17:35:00Z,246.03,246.03,245.81,245.901,3669.040324,902064.8993988789
1786729200000,2026-08-14T17:40:00Z,245.9,246.232,245.825,246.198,1391.288417,342073.9961551645
1786729500000,2026-08-14T17:45:00Z,246.197,246.39,246.168,246.171,3431.6936100000003,844875.7602254190738594
1786729800000,2026-08-14T17:50:00Z,246.173,246.56,246.173,246.334,4861.507589,1197138.8542182208
1786730100000,2026-08-14T17:55:00Z,246.332,246.821,246.328,246.765,4447.546169,1095877.7694453325
1786730400000,2026-08-14T18:00:00Z,246.765,247.02,246.481,246.481,15235.875931,3758164.9544580805
1786730700000,2026-08-14T18:05:00Z,246.481,246.49,246.092,246.095,4165.226938,1026399.8038115918
1786731000000,2026-08-14T18:10:00Z,246.08,246.101,245.849,246.08,10219.266966,2513231.47843526
1786731300000,2026-08-14T18:15:00Z,246.28,246.433,245.9,246.41,7515.968433,1850424.66383301
1786731600000,2026-08-14T18:20:00Z,246.52,246.52,246.24,246.37,6136.0090390000005,1511745.11416284
1786731900000,2026-08-14T18:25:00Z,246.24,246.24,245.783,246.24,5632.359532,1386142.26761166
1786732200000,2026-08-14T18:30:00Z,245.93,245.996,245.621,245.705,8568.231697,2105760.324312
1786732500000,2026-08-14T18:35:00Z,245.649,245.849,245.62,245.838,6220.125188,1528611.31526397
1786732800000,2026-08-14T18:40:00Z,245.96,246,245.802,245.86,6881.647320000001,1692165.42041033
1786733100000,2026-08-14T18:45:00Z,246.05,246.05,245.842,245.995,5742.251233000001,1412246.97134353
1786733400000,2026-08-14T18:50:00Z,245.925,246.44,245.925,246.171,3985.046574,980490.5557036828
1786733700000,2026-08-14T18:55:00Z,246.17,246.214,245.9,246.114,7105.546175,1747974.8626804422
1786734000000,2026-08-14T19:00:00Z,246.109,246.109,245.725,245.725,3250.442493,799663.7857561317
1786734300000,2026-08-14T19:05:00Z,245.725,245.84,245.591,245.66,3674.31775,902890.735186025
1786734600000,2026-08-14T19:10:00Z,245.66,245.66,245.437,245.577,2784.204473,683807.8311592164
1786734900000,2026-08-14T19:15:00Z,245.583,245.7,245.392,245.392,2499.979749,614044.6058562254
1786735200000,2026-08-14T19:20:00Z,245.391,245.665,245.07,245.249,5623.991903,1379415.2276374742
1786735500000,2026-08-14T19:25:00Z,245.4,245.578,245.142,245.48,14747.384350000002,3616815.18343716
1786735800000,2026-08-14T19:30:00Z,245.75,245.75,245.25,245.54,14226.131615999999,3491920.65942645
1786736100000,2026-08-14T19:35:00Z,245.79,245.838,245.623,245.72,12949.782417,3182276.9411971
1786736400000,2026-08-14T19:40:00Z,245.61,245.92,245.36,245.92,15080.108537999999,3702751.75429027
1786736700000,2026-08-14T19:45:00Z,245.74,245.82,245.222,245.59,49259.588229,12092056.53201965
1786737000000,2026-08-14T19:50:00Z,245.11,245.279,244.491,244.6,33212.117018,8127725.73724389
1786737300000,2026-08-14T19:55:00Z,244.51,244.571,243.5,243.764,31214.684391000003,7622763.5648804721330962
1786737600000,2026-08-14T20:00:00Z,243.765,243.77,243.765,243.77,0,0
1786737900000,2026-08-14T20:05:00Z,243.77,243.77,243.77,243.77,32,7800.64
1786738200000,2026-08-14T20:10:00Z,243.77,243.77,243.77,243.77,5.181397,1263.06914669
1786738500000,2026-08-14T20:15:00Z,243.77,243.77,243.77,243.77,23.105201,5632.35484777
1786738800000,2026-08-14T20:20:00Z,243.77,243.77,243.77,243.77,4,975.08
1786739400000,2026-08-14T20:30:00Z,243.77,243.77,243.77,243.77,14,3412.78
1786739700000,2026-08-14T20:35:00Z,243.77,243.77,243.77,243.77,1,243.77
1786740000000,2026-08-14T20:40:00Z,243.77,243.77,243.77,243.77,21,5119.17
1786740300000,2026-08-14T20:45:00Z,243.77,243.77,243.77,243.77,135,32908.95
1786740600000,2026-08-14T20:50:00Z,243.77,243.77,243.77,243.77,1,243.77
1786740900000,2026-08-14T20:55:00Z,243.77,243.77,243.77,243.77,1,243.77
1786741200000,2026-08-14T21:00:00Z,243.77,243.77,243.77,243.77,2,487.54
1786741500000,2026-08-14T21:05:00Z,243.77,243.77,243.77,243.77,10,2437.7
1786741800000,2026-08-14T21:10:00Z,243.77,243.77,243.77,243.77,20,4875.4
1786742100000,2026-08-14T21:15:00Z,243.77,243.77,243.77,243.77,3,731.31
1786742700000,2026-08-14T21:25:00Z,243.77,243.77,243.77,243.77,45,10969.65
1786743000000,2026-08-14T21:30:00Z,243.77,244.203,243.77,244.203,5,1218.85
1786743300000,2026-08-14T21:35:00Z,244.204,244.204,244.204,244.204,0,0
1786743600000,2026-08-14T21:40:00Z,244.204,244.205,244.204,244.205,40,9768.16
1786743900000,2026-08-14T21:45:00Z,244.205,244.205,244.205,244.205,15,3663.075
1786744200000,2026-08-14T21:50:00Z,244.205,244.205,244.205,244.205,10,2442.05
1786745400000,2026-08-14T22:10:00Z,244.205,244.205,244.205,244.205,43,10500.815
1786745700000,2026-08-14T22:15:00Z,244.205,244.205,244.205,244.205,6,1465.23
1786746000000,2026-08-14T22:20:00Z,244.205,244.205,244.205,244.205,7,1709.435
1786746300000,2026-08-14T22:25:00Z,244.205,244.205,244.205,244.205,5,1221.025
1786746600000,2026-08-14T22:30:00Z,244.205,244.205,244.205,244.205,37,9035.585
1786746900000,2026-08-14T22:35:00Z,244.205,244.205,244.205,244.205,100,24420.5
1786747200000,2026-08-14T22:40:00Z,244.205,244.205,244.205,244.205,0,0
1786748700000,2026-08-14T23:05:00Z,244.205,244.205,244.205,244.205,14,3418.87
1786749000000,2026-08-14T23:10:00Z,244.205,244.205,244.205,244.205,21,5128.305
1786749300000,2026-08-14T23:15:00Z,244.205,244.205,244.205,244.205,10,2442.05
1786749600000,2026-08-14T23:20:00Z,244.205,244.205,244.205,244.205,220,53725.1
1786750200000,2026-08-14T23:30:00Z,244.205,244.205,244.205,244.205,1.041905,254.43841053
1786750500000,2026-08-14T23:35:00Z,244.205,244.205,244.205,244.205,23,5616.715
1786751100000,2026-08-14T23:45:00Z,244.205,244.205,244.205,244.205,2,488.41
1786751400000,2026-08-14T23:50:00Z,244.205,244.205,244.205,244.205,0,0
1786751700000,2026-08-14T23:55:00Z,244.205,244.205,244.205,244.205,0,0
1786924800000,2026-08-17T00:00:00Z,244.62,244.62,244.6,244.6,4,978.44
1786930800000,2026-08-17T01:40:00Z,243.01,243.01,243.01,243.01,16,3888.16
1786952400000,2026-08-17T07:40:00Z,243.12,243.99,243.12,243.99,81,19736.6
1786953600000,2026-08-17T08:00:00Z,244.205,244.205,244.205,244.205,245,59830.225
1786954500000,2026-08-17T08:15:00Z,243.488,243.488,239.9,239.9,10.01622,2402.94927208
1786955100000,2026-08-17T08:25:00Z,239.9,239.9,239.9,239.9,24,5757.6
1786955400000,2026-08-17T08:30:00Z,239.972,240.328,239.972,240.328,0,0
1786955700000,2026-08-17T08:35:00Z,240.329,240.33,240.329,240.33,1.159425,278.64356677
1786956000000,2026-08-17T08:40:00Z,240.33,240.33,240.33,240.33,66,15861.78
1786956600000,2026-08-17T08:50:00Z,240.33,240.33,240.33,240.33,5,1201.65
1786956900000,2026-08-17T08:55:00Z,240.33,240.33,240.33,240.33,0,0
1786960800000,2026-08-17T10:00:00Z,240.33,240.33,240.33,240.33,10,2403.3
1786961100000,2026-08-17T10:05:00Z,240.33,240.33,240.33,240.33,1,240.33
1786962300000,2026-08-17T10:25:00Z,240.33,240.33,240.33,240.33,28,6729.24
1786962600000,2026-08-17T10:30:00Z,240.33,240.33,240.33,240.33,9,2162.97
1786962900000,2026-08-17T10:35:00Z,240.33,240.33,240.33,240.33,185,44461.05
1786963500000,2026-08-17T10:45:00Z,240.33,240.33,240.33,240.33,2,480.66
1786964400000,2026-08-17T11:00:00Z,240.33,241.249,240.33,241.249,0,0
1786965000000,2026-08-17T11:10:00Z,241.25,241.25,241.25,241.25,24,5790
1786965300000,2026-08-17T11:15:00Z,241.25,241.25,241.25,241.25,6,1447.5
1786965600000,2026-08-17T11:20:00Z,241.25,241.25,241.25,241.25,58,13992.5
1786966500000,2026-08-17T11:35:00Z,241.25,241.25,241.25,241.25,21,5066.25
1786966800000,2026-08-17T11:40:00Z,241.25,241.25,241.25,241.25,88,21230
1786967400000,2026-08-17T11:50:00Z,241.25,241.25,241.25,241.25,16,3860
1786967700000,2026-08-17T11:55:00Z,241.25,241.25,241.25,241.25,1,241.25
1786968000000,2026-08-17T12:00:00Z,241.292,241.499,241.292,241.499,40,9659.676
1786968600000,2026-08-17T12:10:00Z,241.5,241.5,241.5,241.5,0,0
1786968900000,2026-08-17T12:15:00Z,241.5,241.5,241.5,241.5,5,1207.5
1786969200000,2026-08-17T12:20:00Z,241.5,241.5,241.5,241.5,0,0
1786969500000,2026-08-17T12:25:00Z,241.5,241.5,241.5,241.5,90,21735
1786969800000,2026-08-17T12:30:00Z,241.5,241.5,241.5,241.5,0,0
1786970100000,2026-08-17T12:35:00Z,241.417,241.417,240.981,240.981,43,10380.931
1786970400000,2026-08-17T12:40:00Z,240.981,240.981,240.981,240.981,36,8675.316
1786970700000,2026-08-17T12:45:00Z,240.98,241.249,240.98,241.249,486,117166.4838
1786971000000,2026-08-17T12:50:00Z,241.25,241.25,241.25,241.25,315,75993.75
1786971300000,2026-08-17T12:55:00Z,241.25,241.25,241.25,241.25,137,33051.25
1786971600000,2026-08-17T13:00:00Z,241.25,241.744,241.25,241.744,14,3377.5
1786971900000,2026-08-17T13:05:00Z,241.745,241.745,241.745,241.745,120,29009.4
1786972200000,2026-08-17T13:10:00Z,241.745,241.745,241.16,241.16,453,109272.5241
1786972500000,2026-08-17T13:15:00Z,241.16,241.16,241.16,241.16,150,36174
1786972800000,2026-08-17T13:20:00Z,241.16,241.16,241.16,241.16,10,2411.6
1786973100000,2026-08-17T13:25:00Z,241.16,241.16,241.16,241.16,7.497822,1808.17475352
1786973400000,2026-08-17T13:30:00Z,241.16,242.481,240.446,242.466,35485.313947999995,8553901.70814095
1786973700000,2026-08-17T13:35:00Z,242.434,244.11,242.362,242.969,11325.268992,2753505.4579777692
1786974000000,2026-08-17T13:40:00Z,243.345,244.022,241.747,241.915,10383.79128,2524766.9307756
1786974300000,2026-08-17T13:45:00Z,240.46,241.904,240.043,240.47,14033.361394000001,3377713.61063623
1786974600000,2026-08-17T13:50:00Z,240.613,242.29,240.472,241.278,8676.857904,2093383.07634799
1786974900000,2026-08-17T13:55:00Z,240.51,241.34,240.351,240.56,8737.431405000001,2104852.46792334
1786975200000,2026-08-17T14:00:00Z,240.65,241.711,240.439,241.455,11683.971661000001,2814565.95418428
1786975500000,2026-08-17T14:05:00Z,241.78,241.815,241.57,241.57,7943.071689999999,1920472.69597952
1786975800000,2026-08-17T14:10:00Z,241.96,242.019,241.575,241.775,9259.566702999999,2239904.00076242
1786976100000,2026-08-17T14:15:00Z,242,242.24,241.87,242.23,11565.061603000002,2799029.40844143
1786976400000,2026-08-17T14:20:00Z,241.75,242.562,241.65,242.49,18221.208669,4412145.41922113
1786976700000,2026-08-17T14:25:00Z,242.47,242.504,241.97,242.504,4169.318423000001,1010127.8749099597422765
1786977000000,2026-08-17T14:30:00Z,242.504,243.604,242.504,242.537,4929.867698,1198085.0412006084
1786977300000,2026-08-17T14:35:00Z,242.535,242.649,242.197,242.224,4969.997517,1204778.0964241241
1786977600000,2026-08-17T14:40:00Z,242.223,242.97,242.186,242.901,14980.01719,3631135.033895881
1786977900000,2026-08-17T14:45:00Z,242.899,242.97,241.654,242.143,536.522268,130345.0804858992
1786978200000,2026-08-17T14:50:00Z,242.144,242.497,242.1,242.245,1565.494303,379139.6170686368
1786978500000,2026-08-17T14:55:00Z,241.975,242.218,241.509,241.981,4602.699055,1113917.6647647855
1786978800000,2026-08-17T15:00:00Z,241.98,242.16,241.501,241.675,5729.384908,1386696.20686853
1786979100000,2026-08-17T15:05:00Z,241.45,241.567,241.45,241.45,6940.192502000001,1676120.33900402
1786979400000,2026-08-17T15:10:00Z,241.86,241.958,241.54,241.86,5637.501021000001,1362718.7330501
1786979700000,2026-08-17T15:15:00Z,241.78,241.941,241.57,241.745,5490.029038000001,1327238.12706136
1786980000000,2026-08-17T15:20:00Z,241.82,241.835,240.845,241.835,8474.669624,2047078.48181822
1786980300000,2026-08-17T15:25:00Z,241.72,241.846,241.084,241.72,6020.445837,1454409.07054454
1786980600000,2026-08-17T15:30:00Z,241.79,241.923,241.725,241.79,3868.398337,935428.23338531
1786980900000,2026-08-17T15:35:00Z,241.95,242.011,241.777,241.95,3276.861601,792555.83732274
1786981200000,2026-08-17T15:40:00Z,242.014,242.064,241.796,242.041,1346.581979,325882.2800010073
1786981500000,2026-08-17T15:45:00Z,242.041,242.176,241.917,242.083,2184.396139,528894.5123196221
1786981800000,2026-08-17T15:50:00Z,241.99,242.084,241.526,241.564,1530.087389,370345.3305348748
1786982100000,2026-08-17T15:55:00Z,241.565,241.748,241.339,241.365,3350.369848,809509.3584278914
1786982400000,2026-08-17T16:00:00Z,241.23,241.534,241.121,241.23,3416.135003,824175.02275628
1786982700000,2026-08-17T16:05:00Z,241.2,241.394,240.959,241.084,3251.1036010000003,783931.78399157
1786983000000,2026-08-17T16:10:00Z,241.079,241.239,241.05,241.239,2924.375973,705178.46581487
1786983300000,2026-08-17T16:15:00Z,241.38,241.4,241.239,241.385,7537.245667,1818883.60201304
1786983600000,2026-08-17T16:20:00Z,241.33,241.445,241.33,241.445,2499.222141,603357.96060258
1786983900000,2026-08-17T16:25:00Z,241.445,241.619,241.37,241.619,3074.252713,742271.24677261
1786984200000,2026-08-17T16:30:00Z,241.95,242,241.621,241.875,4376.616605,1058345.98717287
1786984500000,2026-08-17T16:35:00Z,241.73,242.288,241.69,241.69,6317.825297,1528604.78021698
1786984800000,2026-08-17T16:40:00Z,242.05,242.31,242,242,4657.170849,1127986.80546245
1786985100000,2026-08-17T16:45:00Z,242.146,242.236,241.895,241.895,5489.25955,1329430.36034124
1786985400000,2026-08-17T16:50:00Z,241.895,241.95,241.842,241.88,5604.503113,1355545.5531643378
1786985700000,2026-08-17T16:55:00Z,241.88,242.26,241.88,242.203,3745.89711,906353.92597491
1786986000000,2026-08-17T17:00:00Z,242.216,242.345,242.216,242.29,2123.7128279999997,514572.0079125923273105
1786986300000,2026-08-17T17:05:00Z,242.287,242.615,242.115,242.351,3174.024643,769121.1454131258
1786986600000,2026-08-17T17:10:00Z,242.348,242.427,242.31,242.324,1203.3419589999999,291625.7967196590757655
1786986900000,2026-08-17T17:15:00Z,242.323,242.328,242.084,242.184,1794.461763,434810.891024871
1786987200000,2026-08-17T17:20:00Z,242.186,242.218,241.511,241.751,3953.5214619999997,956740.7160567835274007
1786987500000,2026-08-17T17:25:00Z,241.865,241.885,241.745,241.835,4579.86642,1107542.22654897
1786987800000,2026-08-17T17:30:00Z,242.015,242.035,241.745,242.015,4815.558765999999,1164949.63865049
1786988100000,2026-08-17T17:35:00Z,242.03,242.054,241.936,242.03,7084.323026,1714435.21801641
1786988400000,2026-08-17T17:40:00Z,242,242,241.735,241.875,7432.685968000001,1798121.33552733
1786988700000,2026-08-17T17:45:00Z,241.76,241.914,241.565,241.67,4236.62274,1024152.28425985
1786989000000,2026-08-17T17:50:00Z,241.67,241.745,241.645,241.67,2999.4108100000003,724909.00232188
1786989300000,2026-08-17T17:55:00Z,241.56,241.786,241.411,241.58,4380.657398,1058499.56127596
1786989600000,2026-08-17T18:00:00Z,241.645,241.78,241.531,241.78,8731.253438,2109800.87200076
1786989900000,2026-08-17T18:05:00Z,241.691,241.97,241.672,241.97,3410.084291,824639.88257835
1786990200000,2026-08-17T18:10:00Z,241.973,242.015,241.676,241.676,7946.023464,1922246.6643176808
1786990500000,2026-08-17T18:15:00Z,241.676,241.785,241.474,241.482,2167.897693,524043.4704450892
1786990800000,2026-08-17T18:20:00Z,241.48,241.49,241.281,241.329,2577.486856,622293.3374973896
1786991100000,2026-08-17T18:25:00Z,241.33,241.468,241.33,241.405,4264.535363,1029541.56861424
1786991400000,2026-08-17T18:30:00Z,241.18,241.403,241.01,241.01,6944.933940999999,1675127.09498332
1786991700000,2026-08-17T18:35:00Z,241.079,241.133,240.565,240.565,3375.8302750000003,812781.43857735
1786992000000,2026-08-17T18:40:00Z,240.45,240.774,240.275,240.51,7568.416558999999,1820528.11066822
1786992300000,2026-08-17T18:45:00Z,240.42,240.58,240.338,240.4,13968.331689,3358773.35510969
1786992600000,2026-08-17T18:50:00Z,240.91,241.199,240.501,240.91,6210.974556000001,1496172.84054904
1786992900000,2026-08-17T18:55:00Z,241.07,241.07,240.857,240.94,4646.396634000001,1119453.08855198
1786993200000,2026-08-17T19:00:00Z,240.994,240.994,240.696,240.73,11735.984,2825792.5747168
1786993500000,2026-08-17T19:05:00Z,241,241.16,240.73,241.07,9480.790430000001,2284024.80712364
1786993800000,2026-08-17T19:10:00Z,241.16,241.168,240.93,241.042,2163.414662,521706.4925708524
1786994100000,2026-08-17T19:15:00Z,241.044,241.22,240.88,241.154,10655.442930000001,2569001.1953855222410954
1786994400000,2026-08-17T19:20:00Z,241.26,241.534,241.042,241.355,12040.07983,2906089.697231143
1786994700000,2026-08-17T19:25:00Z,241.355,241.355,241.096,241.13,8896.735467,2146000.9751631369
1786995000000,2026-08-17T19:30:00Z,241.132,241.214,240.805,240.805,16311.295431999999,3932028.0231491909589359
1786995300000,2026-08-17T19:35:00Z,240.93,240.93,240.641,240.74,11647.364826,2804159.2259155786
1786995600000,2026-08-17T19:40:00Z,240.74,241.26,240.74,240.752,10911.679915,2628245.2976634762
1786995900000,2026-08-17T19:45:00Z,240.747,240.792,240.452,240.582,7930.382541999999,1908404.0863168943593537
1786996200000,2026-08-17T19:50:00Z,240.56,240.594,239.005,239.005,34943.64994,8378728.9784083
1786996500000,2026-08-17T19:55:00Z,238.9,239.04,238.34,238.405,130199.107181,31067967.73651232
1786996800000,2026-08-17T20:00:00Z,238.434,238.434,238.4,238.4,253643.962465,60472677.49747045
1786997100000,2026-08-17T20:05:00Z,238.4,238.4,237.805,237.805,80,19068.928
1786997400000,2026-08-17T20:10:00Z,237.805,237.805,237.805,237.805,105.214701,25020.58197131
1786997700000,2026-08-17T20:15:00Z,237.805,237.805,237.805,237.805,8.762542,2083.77630031
1786998000000,2026-08-17T20:20:00Z,237.805,237.805,237.805,237.805,5,1189.025
1786998300000,2026-08-17T20:25:00Z,237.805,238.501,237.805,238.501,11,2615.855
1786998600000,2026-08-17T20:30:00Z,238.523,238.634,238.523,238.634,6,1431.804
1786998900000,2026-08-17T20:35:00Z,238.635,238.635,238.635,238.635,1,238.635
1786999200000,2026-08-17T20:40:00Z,238.635,238.635,238.635,238.635,101,24102.135
1786999500000,2026-08-17T20:45:00Z,238.635,238.635,238.635,238.635,0,0
1786999800000,2026-08-17T20:50:00Z,238.635,238.635,238.635,238.635,425,101419.875
1787000100000,2026-08-17T20:55:00Z,238.635,238.635,238.635,238.635,100,23863.5
1787000400000,2026-08-17T21:00:00Z,238.635,238.635,238.635,238.635,2,477.27
1787000700000,2026-08-17T21:05:00Z,238.635,238.635,238.635,238.635,20,4772.7
1787001300000,2026-08-17T21:15:00Z,238.635,238.635,238.635,238.635,1,238.635
1787001600000,2026-08-17T21:20:00Z,238.635,238.635,238.635,238.635,22,5249.97
1787002200000,2026-08-17T21:30:00Z,238.635,238.635,238.635,238.635,1,238.635
1787002500000,2026-08-17T21:35:00Z,238.635,238.635,238.635,238.635,30,7159.05
1787002800000,2026-08-17T21:40:00Z,238.635,238.635,238.635,238.635,1,238.635
1787003100000,2026-08-17T21:45:00Z,238.536,238.536,238.04,238.04,0,0
1787003400000,2026-08-17T21:50:00Z,238.04,238.04,238.04,238.04,0,0
1787003700000,2026-08-17T21:55:00Z,238.04,238.04,238.04,238.04,0,0
1787004300000,2026-08-17T22:05:00Z,238.04,238.04,238.04,238.04,0,0
1787004600000,2026-08-17T22:10:00Z,238.04,238.04,238.04,238.04,5,1190.2
1787004900000,2026-08-17T22:15:00Z,238.04,238.04,238.04,238.04,4,952.16
1787005200000,2026-08-17T22:20:00Z,238.04,238.04,238.04,238.04,3,714.12
1787005500000,2026-08-17T22:25:00Z,238.04,238.04,238.04,238.04,1,238.04
1787005800000,2026-08-17T22:30:00Z,238.04,238.04,238.04,238.04,10,2380.4
1787006400000,2026-08-17T22:40:00Z,238.04,238.04,238.04,238.04,12,2856.48
1787006700000,2026-08-17T22:45:00Z,238.04,238.04,238.04,238.04,12,2856.48
1787007000000,2026-08-17T22:50:00Z,238.04,238.04,238.04,238.04,50,11902
1787008200000,2026-08-17T23:10:00Z,238.04,238.04,238.04,238.04,0,0
1787008500000,2026-08-17T23:15:00Z,238.04,238.04,238.04,238.04,3,714.12
1787009100000,2026-08-17T23:25:00Z,238.04,238.04,238.04,238.04,10,2380.4
1787009400000,2026-08-17T23:30:00Z,238.04,238.04,238.04,238.04,0.676281,160.98192924
1787009700000,2026-08-17T23:35:00Z,238.04,238.04,235.687,235.687,53,12600.4426
1787010000000,2026-08-17T23:40:00Z,235.686,235.686,235.685,235.685,72,16969.32
1787010300000,2026-08-17T23:45:00Z,235.685,235.69,235.685,235.69,2,471.37
1787010600000,2026-08-17T23:50:00Z,235.69,235.69,235.69,235.69,1,235.69
1787010900000,2026-08-17T23:55:00Z,235.847,236.635,235.847,236.635,29,6861.7567
1787013900000,2026-08-18T00:45:00Z,236.9,236.9,236.9,236.9,50,11845
1787017500000,2026-08-18T01:45:00Z,237.28,237.28,237.28,237.28,10,2372.8
1787017800000,2026-08-18T01:50:00Z,237.28,237.28,237.28,237.28,2,474.56
1787018400000,2026-08-18T02:00:00Z,238,238,238,238,11,2618
1787019300000,2026-08-18T02:15:00Z,237.99,237.99,237.99,237.99,4,951.96
1787020200000,2026-08-18T02:30:00Z,237.29,237.29,237.29,237.29,17,4033.93
1787020500000,2026-08-18T02:35:00Z,237.29,238.01,237.29,238.01,6,1426.62
1787021700000,2026-08-18T02:55:00Z,238.01,238.01,238.01,238.01,3,714.03
1787022300000,2026-08-18T03:05:00Z,237.29,237.29,237.29,237.29,10,2372.9
1787023200000,2026-08-18T03:20:00Z,237.5,237.5,237.5,237.5,10,2375
1787025300000,2026-08-18T03:55:00Z,237.5,237.5,237.5,237.5,25,5937.5
1787028300000,2026-08-18T04:45:00Z,237.74,237.74,237.74,237.74,16,3803.84
1787029200000,2026-08-18T05:00:00Z,237.74,237.74,237.74,237.74,1,237.74
1787032500000,2026-08-18T05:55:00Z,237.61,237.61,237.61,237.61,10,2376.1
1787036100000,2026-08-18T06:55:00Z,237.61,237.61,237.61,237.61,25,5940.25
1787038800000,2026-08-18T07:40:00Z,237.6,237.67,237.51,237.67,152,36115.99
1787040000000,2026-08-18T08:00:00Z,236.725,237.82,236.725,237.82,406,96443.473
1787040900000,2026-08-18T08:15:00Z,237.82,237.82,237.82,237.82,29,6896.78
1787041200000,2026-08-18T08:20:00Z,237.82,237.82,237.392,237.392,38,9037.16
1787041500000,2026-08-18T08:25:00Z,237.391,239.305,237.39,239.305,37,8783.8259
1787041800000,2026-08-18T08:30:00Z,239.381,239.764,239.381,239.764,0,0
1787042100000,2026-08-18T08:35:00Z,239.765,239.765,239.765,239.765,0.014244,3.41521266
1787043000000,2026-08-18T08:50:00Z,239.765,239.765,239.765,239.765,0,0
1787043300000,2026-08-18T08:55:00Z,239.765,239.765,239.765,239.765,16,3836.24
1787043900000,2026-08-18T09:05:00Z,239.765,239.765,239.765,239.765,56,13426.84
1787044500000,2026-08-18T09:15:00Z,239.765,239.765,239.765,239.765,5,1198.825
1787044800000,2026-08-18T09:20:00Z,239.528,239.528,238.341,238.341,24,5720.2536
1787045100000,2026-08-18T09:25:00Z,238.34,238.34,238.34,238.34,0,0
1787045700000,2026-08-18T09:35:00Z,238.34,238.34,238.34,238.34,358,85325.72
1787046300000,2026-08-18T09:45:00Z,238.46,240.747,238.46,240.747,348,83209.236
1787046600000,2026-08-18T09:50:00Z,240.75,240.765,240.75,240.765,260.006094,62600.31522069
1787046900000,2026-08-18T09:55:00Z,240.763,240.763,239.061,239.061,0,0
1787047800000,2026-08-18T10:10:00Z,239.06,239.278,239.06,239.278,1,239.06
1787048100000,2026-08-18T10:15:00Z,239.279,239.279,239.279,239.279,20,4785.58
1787048400000,2026-08-18T10:20:00Z,239.28,239.284,239.28,239.284,0,0
1787050800000,2026-08-18T11:00:00Z,239.285,239.285,238.395,238.395,33.545,8017.7011485
1787051400000,2026-08-18T11:10:00Z,238.395,238.395,238.395,238.395,0,0
1787051700000,2026-08-18T11:15:00Z,238.395,238.395,238.395,238.395,1,238.395
1787052000000,2026-08-18T11:20:00Z,238.395,238.395,238.395,238.395,5,1191.975
1787052600000,2026-08-18T11:30:00Z,238.916,241.52,238.916,241.52,505,120652.58
1787052900000,2026-08-18T11:35:00Z,241.52,241.52,241.52,241.52,0.9998,241.471696
1787053200000,2026-08-18T11:40:00Z,241.52,241.52,240.534,240.534,14,3381.1134
1787053500000,2026-08-18T11:45:00Z,240.532,240.532,240.525,240.525,1,240.525
1787053800000,2026-08-18T11:50:00Z,240.528,240.539,240.528,240.539,2,481.067
1787054100000,2026-08-18T11:55:00Z,240.54,240.54,240.54,240.54,64,15394.56
1787054400000,2026-08-18T12:00:00Z,240.596,240.874,240.596,240.874,4,962.384
1787054700000,2026-08-18T12:05:00Z,240.874,240.874,240.874,240.874,50,12043.7
1787055000000,2026-08-18T12:10:00Z,240.97,240.97,240.875,240.97,731,176079.625
1787055300000,2026-08-18T12:15:00Z,240.875,240.875,240.875,240.875,15,3613.125
1787055600000,2026-08-18T12:20:00Z,240.875,240.875,240.427,240.427,38,9153.25
1787055900000,2026-08-18T12:25:00Z,240.425,240.425,240.412,240.412,0,0
1787056200000,2026-08-18T12:30:00Z,240.411,240.411,240.41,240.41,0,0
1787056500000,2026-08-18T12:35:00Z,240.41,240.41,240.41,240.41,0,0
1787057100000,2026-08-18T12:45:00Z,240.41,240.41,240.41,240.41,46,11058.86
1787057700000,2026-08-18T12:55:00Z,240.41,240.41,240.41,240.41,53,12741.73
1787058000000,2026-08-18T13:00:00Z,240.41,240.41,240.41,240.41,129,31012.89
1787058600000,2026-08-18T13:10:00Z,240.41,240.41,240.41,240.41,105,25243.05
1787058900000,2026-08-18T13:15:00Z,240.427,240.513,240.427,240.513,200,48085.4
1787059200000,2026-08-18T13:20:00Z,240.514,240.515,240.514,240.515,74,17798.11
1787059500000,2026-08-18T13:25:00Z,240.509,241.759,240.48,241.759,570.005973,137163.90031823
1787059800000,2026-08-18T13:30:00Z,243.595,243.595,241.76,243.36,37215.096048,9003518.89557513
1787060100000,2026-08-18T13:35:00Z,243.963,245.323,243.963,245.307,200,48873
1787060400000,2026-08-18T13:40:00Z,245.301,245.656,244.939,244.961,946,232232.87
1787060700000,2026-08-18T13:45:00Z,244.961,246.55,244.829,245.74,1446,355720.46
1787061000000,2026-08-18T13:50:00Z,245.726,247.039,245.261,246.906,1797,441573.17
1787061300000,2026-08-18T13:55:00Z,246.896,247.024,244.697,244.759,8109.431904,2001130.4513360832
1787061600000,2026-08-18T14:00:00Z,245.66,246.032,244.766,244.9,13203.566428999999,3242827.60352183
1787061900000,2026-08-18T14:05:00Z,244.68,245.32,244.43,244.43,14146.309110999999,3463108.42138202
1787062200000,2026-08-18T14:10:00Z,244.7,245.339,244.336,244.7,13695.552842000001,3351686.62547226
1787062500000,2026-08-18T14:15:00Z,245.344,245.766,245.102,245.102,8974.203547,2203145.43269999
1787062800000,2026-08-18T14:20:00Z,245.45,245.593,244.606,245.175,81567.29147499999,19997306.35007287
1787063100000,2026-08-18T14:25:00Z,244.6,244.631,243.842,243.842,8932.720764,2182614.73857123
1787063400000,2026-08-18T14:30:00Z,243.99,244.007,243.487,243.57,17562.457620999998,4278416.64473824
1787063700000,2026-08-18T14:35:00Z,243.42,243.969,243.178,243.4,10345.599452,2519826.96508633
1787064000000,2026-08-18T14:40:00Z,243.005,243.459,243,243.13,15611.498626,3796137.27924418
1787064300000,2026-08-18T14:45:00Z,243.459,244.485,243.459,244.485,6344.140724,1546134.3423304744
1787064600000,2026-08-18T14:50:00Z,244.492,244.54,244.022,244.037,4862.8693729999995,1188888.338914737877747
1787064900000,2026-08-18T14:55:00Z,244.028,245.011,243.996,245.011,4746.7951970000004,1160404.7854519256977379
1787065200000,2026-08-18T15:00:00Z,245.029,245.355,244.819,244.841,799,195794.46
1787065500000,2026-08-18T15:05:00Z,244.846,245.29,244.188,245.173,3505.120322,858404.517011521
1787065800000,2026-08-18T15:10:00Z,245.172,245.369,244.93,244.966,1479.404606,362722.1761764558
1787066100000,2026-08-18T15:15:00Z,245.19,245.675,244.89,245.3,61016.097614000006,14958279.37836494
1787066400000,2026-08-18T15:20:00Z,245.82,245.858,245.54,245.56,12658.905155,3109942.34491071
1787066700000,2026-08-18T15:25:00Z,245.55,245.69,245.474,245.6,13387.433672,3287270.95072593
1787067000000,2026-08-18T15:30:00Z,245.4,245.627,245.3,245.405,7968.737802,1956663.0048738
1787067300000,2026-08-18T15:35:00Z,245.53,245.905,245.34,245.905,10586.303795,2599246.70174331
1787067600000,2026-08-18T15:40:00Z,245.655,245.879,245.44,245.475,14339.229602,3520827.19193884
1787067900000,2026-08-18T15:45:00Z,245.53,245.53,245.241,245.48,5947.631423000001,1459934.15772041
1787068200000,2026-08-18T15:50:00Z,245.237,245.434,245.224,245.353,8097.931099,1986928.5242795447
1787068500000,2026-08-18T15:55:00Z,245.349,245.355,245.225,245.305,3014.473286,739551.281910881
1787068800000,2026-08-18T16:00:00Z,245.305,245.435,244.906,245.109,400,98103
1787069100000,2026-08-18T16:05:00Z,245.099,245.26,245.04,245.211,6558.419615,1607895.0994743007
1787069400000,2026-08-18T16:10:00Z,245.209,245.58,245.19,245.492,2138.002853,524448.3317187916
1787069700000,2026-08-18T16:15:00Z,245.491,245.51,245.206,245.206,3412.561469,837672.0452974529
1787070000000,2026-08-18T16:20:00Z,245.206,245.26,245.17,245.186,2005.463353,491752.0698333591
1787070300000,2026-08-18T16:25:00Z,245.186,245.3,245.1,245.204,2057.651114,504438.9609184108
1787070600000,2026-08-18T16:30:00Z,245.135,245.201,244.642,244.99,8732.240775999999,2139295.07645477
1787070900000,2026-08-18T16:35:00Z,244.495,244.814,244.228,244.65,5631.341224,1377579.79900582
1787071200000,2026-08-18T16:40:00Z,244.729,245.037,244.617,245.037,2972.502885,727672.86775204
1787071500000,2026-08-18T16:45:00Z,244.99,245.1,244.949,245.04,6252.558139,1532106.2129387
1787071800000,2026-08-18T16:50:00Z,244.85,245.128,244.8,244.85,4982.503994,1220469.83408469
1787072100000,2026-08-18T16:55:00Z,245.03,245.17,244.956,245.03,3250.245861,796366.79022298
1787072400000,2026-08-18T17:00:00Z,245.04,245.04,244.7,244.73,8107.344782,1985462.7936085
1787072700000,2026-08-18T17:05:00Z,244.749,244.999,244.732,244.919,4233,1036410.2598
1787073000000,2026-08-18T17:10:00Z,244.927,245.027,244.585,244.836,12269.491122,3004823.0823075844
1787073300000,2026-08-18T17:15:00Z,244.833,245.108,244.725,245.108,1867.263999,457110.9697480023
1787073600000,2026-08-18T17:20:00Z,245.109,245.502,245.108,245.424,5587.367791000001,1370475.5646202236452774
1787073900000,2026-08-18T17:25:00Z,245.424,245.425,245.235,245.314,3850.5584200000003,944777.5697623020736089
1787074200000,2026-08-18T17:30:00Z,245.314,245.722,245.294,245.684,6960.05242,1708373.402703922
1787074500000,2026-08-18T17:35:00Z,245.682,245.79,245.621,245.68,18698.672779,4594004.8805371966
1787074800000,2026-08-18T17:40:00Z,245.68,245.705,245.433,245.545,7825.264648,1921798.444181537
1787075100000,2026-08-18T17:45:00Z,245.68,245.695,245.418,245.51,8778.628933,2155695.92231956
1787075400000,2026-08-18T17:50:00Z,245.5,245.7,245.135,245.24,20095.542563,4932477.04629368
1787075700000,2026-08-18T17:55:00Z,245.32,245.589,245.24,245.44,15410.602456,3780821.79595258
1787076000000,2026-08-18T18:00:00Z,245.5,245.74,245.426,245.49,7324.298923,1798250.15269668
1787076300000,2026-08-18T18:05:00Z,245.74,245.753,245.513,245.54,8528.8672,2095226.25006688
1787076600000,2026-08-18T18:10:00Z,245.99,246.495,245.74,246.385,15303.93399,3766044.10963477
1787076900000,2026-08-18T18:15:00Z,246.31,246.373,246.145,246.31,6149.08782,1514128.63317187
1787077200000,2026-08-18T18:20:00Z,246.145,246.396,246.14,246.372,6456.269358,1590082.87903267
1787077500000,2026-08-18T18:25:00Z,246.371,246.379,246.22,246.268,4447,1095362.7754
1787077800000,2026-08-18T18:30:00Z,246.267,246.33,246.182,246.189,2734.170153,673227.448432884
1787078100000,2026-08-18T18:35:00Z,246.19,246.197,245.844,245.928,10729.893846,2639570.9291870136
1787078400000,2026-08-18T18:40:00Z,245.935,245.96,245.535,245.725,29440.840612,7237006.9080571944
1787078700000,2026-08-18T18:45:00Z,245.715,245.715,245.6,245.609,1348.044795,331172.6712132025
1787079000000,2026-08-18T18:50:00Z,245.613,245.892,245.613,245.892,4297.995,1056058.632252
1787079300000,2026-08-18T18:55:00Z,245.896,246.105,245.709,246.045,1032.406,253911.4199034
1787079600000,2026-08-18T19:00:00Z,246.043,246.57,246.042,246.356,11397.689513000001,2806905.5770596563462697
1787079900000,2026-08-18T19:05:00Z,246.035,246.354,245.726,245.965,8245.018296,2028496.29180816
1787080200000,2026-08-18T19:10:00Z,246,246.097,245.745,245.89,12752.344604,3136567.9540343
1787080500000,2026-08-18T19:15:00Z,245.86,245.929,245.355,245.73,9037.335037,2221122.09924656
1787080800000,2026-08-18T19:20:00Z,245.78,245.969,245.733,245.8,12034.005052,2958638.36306704
1787081100000,2026-08-18T19:25:00Z,245.675,245.814,245.465,245.59,7735.294908000001,1900114.08532043
1787081400000,2026-08-18T19:30:00Z,245.96,245.96,245.204,245.49,14737.071422,3620354.65044993
1787081700000,2026-08-18T19:35:00Z,245.203,245.255,244.12,244.62,15064.625886,3687909.4200695818
1787082000000,2026-08-18T19:40:00Z,244.629,244.721,243.546,243.594,17524.18241,4279187.9193117055
1787082300000,2026-08-18T19:45:00Z,243.597,244.68,243.597,244.012,13513,3297289.9104
1787082600000,2026-08-18T19:50:00Z,244.017,244.03,243.676,243.746,20906.159807,5097932.7619277534
1787082900000,2026-08-18T19:55:00Z,243.744,243.744,242.655,242.785,94955.060069,23106938.7749731293
1787083200000,2026-08-18T20:00:00Z,242.785,242.785,242.785,242.785,188904.544642,45863189.87090797
1787083500000,2026-08-18T20:05:00Z,242.785,242.785,242.785,242.785,589,143000.365
1787083800000,2026-08-18T20:10:00Z,242.785,242.785,242.785,242.785,4.14415,1006.13745775
1787084100000,2026-08-18T20:15:00Z,242.785,244.642,242.785,244.642,7.949195,1931.79031623
1787084400000,2026-08-18T20:20:00Z,244.702,244.999,244.702,244.999,10825,2652113.0925
1787084700000,2026-08-18T20:25:00Z,245,245,245,245,52,12740
1787085000000,2026-08-18T20:30:00Z,244.98,244.98,244.88,244.88,3,734.64
1787085300000,2026-08-18T20:35:00Z,244.88,244.88,244.88,244.88,10,2448.8
1787085600000,2026-08-18T20:40:00Z,244.88,244.88,244.88,244.88,186,45547.68
1787086200000,2026-08-18T20:50:00Z,244.88,244.88,244.88,244.88,6,1469.28
1787086500000,2026-08-18T20:55:00Z,244.88,244.88,244.88,244.88,1,244.88
1787086800000,2026-08-18T21:00:00Z,244.88,244.88,244.88,244.88,0,0
1787088000000,2026-08-18T21:20:00Z,244.88,244.88,244.501,244.501,217,53138.96
1787088300000,2026-08-18T21:25:00Z,244.5,244.5,244.5,244.5,4,978
1787089200000,2026-08-18T21:40:00Z,244.5,244.5,244.5,244.5,3,733.5
1787090700000,2026-08-18T22:05:00Z,244.5,244.5,244.5,244.5,3,733.5
1787091300000,2026-08-18T22:15:00Z,244.5,244.5,244.5,244.5,3,733.5
1787091600000,2026-08-18T22:20:00Z,244.5,244.999,244.5,244.999,7,1711.626
1787091900000,2026-08-18T22:25:00Z,244.979,244.979,244.88,244.88,0,0
1787092500000,2026-08-18T22:35:00Z,244.88,244.88,244.88,244.88,2,489.76
1787092800000,2026-08-18T22:40:00Z,244.88,244.88,244.88,244.88,1,244.88
1787093400000,2026-08-18T22:50:00Z,245.043,246.88,245.043,245.861,15,3698.9835
1787093700000,2026-08-18T22:55:00Z,245.86,245.86,245.86,245.86,0,0
1787094000000,2026-08-18T23:00:00Z,245.86,245.86,245.86,245.86,50,12293
1787094300000,2026-08-18T23:05:00Z,245.86,245.86,245.86,245.86,1,245.86
1787094900000,2026-08-18T23:15:00Z,245.86,245.86,245.86,245.86,5,1229.3
1787095200000,2026-08-18T23:20:00Z,245.86,245.86,245.86,245.86,1,245.86
1787095500000,2026-08-18T23:25:00Z,245.86,245.86,245.86,245.86,21,5163.06
1787095800000,2026-08-18T23:30:00Z,245.86,245.86,245.86,245.86,20,4917.2
1787096400000,2026-08-18T23:40:00Z,245.86,245.86,245.86,245.86,0,0
1787096700000,2026-08-18T23:45:00Z,245.86,245.86,244.477,244.477,349,85805.14
1787097000000,2026-08-18T23:50:00Z,244.476,244.476,244.475,244.475,53,12957.175
1787097300000,2026-08-18T23:55:00Z,244.475,244.475,244.475,244.475,6,1466.85
1787114400000,2026-08-19T04:40:00Z,242.77,242.77,242.73,242.73,37,8982.15
1787119200000,2026-08-19T06:00:00Z,242.87,242.88,242.87,242.88,200,48574.6
1787121900000,2026-08-19T06:45:00Z,242.88,242.88,242.83,242.83,200,48571
1787122800000,2026-08-19T07:00:00Z,242.74,242.95,242.74,242.95,37,8987.89
1787124600000,2026-08-19T07:30:00Z,242.74,242.74,242.72,242.72,35,8495.82
1787126400000,2026-08-19T08:00:00Z,244.072,244.072,236.755,236.755,669,158775.3756
1787126700000,2026-08-19T08:05:00Z,236.755,237.559,236.755,237.559,0.005855,1.386200525
1787127900000,2026-08-19T08:25:00Z,237.877,240.049,237.877,240.049,0,0
1787129700000,2026-08-19T08:55:00Z,240.05,240.05,240.05,240.05,35,8401.75
1787130000000,2026-08-19T09:00:00Z,240.05,240.05,240.05,240.05,37,8881.85
1787131500000,2026-08-19T09:25:00Z,240.05,240.05,240.05,240.05,0,0
1787133600000,2026-08-19T10:00:00Z,240.05,240.05,240.05,240.05,32,7681.6
1787135100000,2026-08-19T10:25:00Z,240.05,240.05,240.05,240.05,0,0
1787137200000,2026-08-19T11:00:00Z,240.297,243.5,240.297,243.5,6,1458.6108
1787138100000,2026-08-19T11:15:00Z,243.5,243.5,243.5,243.5,2,487
1787138400000,2026-08-19T11:20:00Z,243.5,243.5,243.5,243.5,19,4626.5
1787138700000,2026-08-19T11:25:00Z,243.5,243.5,243.5,243.5,1,243.5
1787139300000,2026-08-19T11:35:00Z,243.5,243.5,243.5,243.5,0.0086,2.0941
1787139600000,2026-08-19T11:40:00Z,243.5,243.5,243.5,243.5,10,2435
1787139900000,2026-08-19T11:45:00Z,243.5,243.5,243.5,243.5,1000,243500
1787140500000,2026-08-19T11:55:00Z,243.5,243.5,243.5,243.5,26,6331
1787140800000,2026-08-19T12:00:00Z,243.5,243.5,243.5,243.5,53,12905.5
1787141100000,2026-08-19T12:05:00Z,243.5,243.5,243.5,243.5,22,5357
1787142300000,2026-08-19T12:25:00Z,243.5,243.5,243.5,243.5,1,243.5
1787142600000,2026-08-19T12:30:00Z,243.5,243.5,243.5,243.5,7,1704.5
1787142900000,2026-08-19T12:35:00Z,243.5,243.5,243.5,243.5,11,2678.5
1787143200000,2026-08-19T12:40:00Z,243.5,243.5,243.5,243.5,0,0
1787143500000,2026-08-19T12:45:00Z,243.5,243.5,243.5,243.5,0,0
1787143800000,2026-08-19T12:50:00Z,243.5,243.5,243.5,243.5,22,5357
1787144100000,2026-08-19T12:55:00Z,243.5,243.5,243.5,243.5,0,0
1787144400000,2026-08-19T13:00:00Z,243.5,243.5,243.5,243.5,5,1217.5
1787144700000,2026-08-19T13:05:00Z,243.5,243.5,243.5,243.5,0,0
1787145000000,2026-08-19T13:10:00Z,243.292,243.292,242.25,242.25,68,16507.748
1787145300000,2026-08-19T13:15:00Z,242.25,242.25,242.25,242.25,0,0
1787145600000,2026-08-19T13:20:00Z,242.25,242.25,242.25,242.25,0,0
1787145900000,2026-08-19T13:25:00Z,242.25,242.499,242.25,242.499,120,29070.516
1787146200000,2026-08-19T13:30:00Z,242.537,247.483,242.537,247.152,183,45232.11
1787146500000,2026-08-19T13:35:00Z,247.146,248.484,247.126,248.484,0,0
1787146800000,2026-08-19T13:40:00Z,248.404,248.759,247.475,247.678,10320.134696,2559874.32288483
1787147100000,2026-08-19T13:45:00Z,247.44,248.087,246.905,247.44,14558.558826,3602585.26257606
1787147400000,2026-08-19T13:50:00Z,247.825,248.006,247.27,247.668,9888.264313,2449643.45009384
1787147700000,2026-08-19T13:55:00Z,248.22,248.229,247.693,248.1,9875.322422000001,2449506.57458463
1787148000000,2026-08-19T14:00:00Z,248.55,248.861,247.973,248.55,11892.158358,2954191.70771841
1787148300000,2026-08-19T14:05:00Z,248.37,249.13,248.37,249.13,300,74642
1787148600000,2026-08-19T14:10:00Z,249.53,250.665,249.53,250.28,1600,400412
1787148900000,2026-08-19T14:15:00Z,250.37,251.34,250.31,251.275,1112,278956.82
1787149200000,2026-08-19T14:20:00Z,251.12,251.36,250.82,250.82,2052,515090.48
1787149500000,2026-08-19T14:25:00Z,251.119,251.255,250.465,250.666,908,227856.52
1787149800000,2026-08-19T14:30:00Z,250.665,251.24,250.36,251.238,500,125402.5
1787150100000,2026-08-19T14:35:00Z,251.24,251.87,251.169,251.374,530,133315
1787150400000,2026-08-19T14:40:00Z,251.374,252.22,251.36,252.107,1000,251683.5
1787150700000,2026-08-19T14:45:00Z,252.11,252.725,252.01,252.274,3600,908175
1787151000000,2026-08-19T14:50:00Z,252.275,252.459,251.642,251.719,900,226973
1787151300000,2026-08-19T14:55:00Z,251.714,252.046,250.789,250.805,0,0
1787151600000,2026-08-19T15:00:00Z,250.805,250.912,250.33,250.444,1225,307097.75
1787151900000,2026-08-19T15:05:00Z,250.431,250.431,249.475,250.101,300,74992.5
1787152200000,2026-08-19T15:10:00Z,250.094,250.64,250.047,250.302,0,0
1787152500000,2026-08-19T15:15:00Z,250.305,250.562,249.637,249.804,400,100025
1787152800000,2026-08-19T15:20:00Z,249.804,249.824,249.46,249.824,218,54425.32
1787153100000,2026-08-19T15:25:00Z,249.829,249.855,249.332,249.332,300,74911.5
1787153400000,2026-08-19T15:30:00Z,249.331,249.76,248.682,249.734,200,49921
1787153700000,2026-08-19T15:35:00Z,249.734,249.735,249.058,249.215,0,0
1787154000000,2026-08-19T15:40:00Z,249.22,249.363,249.122,249.251,100,24931
1787154300000,2026-08-19T15:45:00Z,249.252,249.832,249.175,249.832,500,124760
1787154600000,2026-08-19T15:50:00Z,249.85,250.34,249.85,250.32,1104,276177.04
1787154900000,2026-08-19T15:55:00Z,250.41,250.54,250.18,250.18,1100,275449.5
1787155200000,2026-08-19T16:00:00Z,250.19,250.29,250.19,250.29,472,118108.68
1787155500000,2026-08-19T16:05:00Z,250.4,250.4,249.935,249.935,500,125131
1787155800000,2026-08-19T16:10:00Z,249.58,249.77,249.58,249.77,300,74911
1787156100000,2026-08-19T16:15:00Z,250.43,250.54,250.39,250.49,1200,300589
1787156400000,2026-08-19T16:20:00Z,250.469,250.52,250.272,250.46,300,75133
1787156700000,2026-08-19T16:25:00Z,250.46,250.61,250.345,250.347,700,175371.5
1787157000000,2026-08-19T16:30:00Z,250.348,250.408,250.054,250.119,300,75044
1787157300000,2026-08-19T16:35:00Z,250.12,250.154,250,250.007,400,100029
1787157600000,2026-08-19T16:40:00Z,250.012,250.3,249.77,250.3,300,75037
1787157900000,2026-08-19T16:45:00Z,250.302,250.308,250.05,250.178,400,100046
1787158200000,2026-08-19T16:50:00Z,250.179,250.179,249.693,249.718,200,49976
1787158500000,2026-08-19T16:55:00Z,249.721,250.002,249.686,249.755,100,24991
1787158800000,2026-08-19T17:00:00Z,249.755,249.845,249.741,249.845,0,0
1787159100000,2026-08-19T17:05:00Z,249.84,249.969,249.724,249.78,100,24992
1787159400000,2026-08-19T17:10:00Z,249.776,249.895,249.582,249.6,0,0
1787159700000,2026-08-19T17:15:00Z,249.6,249.615,249.292,249.392,0,0
1787160000000,2026-08-19T17:20:00Z,249.389,249.455,249.17,249.17,100,24945.5
1787160300000,2026-08-19T17:25:00Z,249.91,249.91,249.166,249.91,12413.919054999998,3096551.5555254
1787160600000,2026-08-19T17:30:00Z,249.89,249.89,249.641,249.815,8783.14564,2193562.51752395
1787160900000,2026-08-19T17:35:00Z,249.66,249.66,249.302,249.38,7812.27329,1948951.25447617
1787161200000,2026-08-19T17:40:00Z,249.305,249.439,249.212,249.305,13974.017789999998,3485032.00051392
1787161500000,2026-08-19T17:45:00Z,249.425,249.434,249.311,249.425,5590.852919,1394162.47906114
1787161800000,2026-08-19T17:50:00Z,249.51,250.14,249.388,250.04,33684.360332,8409047.92418131
1787162100000,2026-08-19T17:55:00Z,250.093,250.296,249.689,249.902,6059.082714000001,1514816.7275286266500076
1787162400000,2026-08-19T18:00:00Z,249.892,250.138,249.591,249.591,6195.756466000001,1548181.5023292530498808
1787162700000,2026-08-19T18:05:00Z,249.589,249.81,249.548,249.732,6107.397948,1524871.9115444376
1787163000000,2026-08-19T18:10:00Z,249.733,249.78,249.585,249.62,3986.403239,995459.6211429982
1787163300000,2026-08-19T18:15:00Z,249.65,250.205,249.65,249.702,6815.243005,1703587.8928037365
1787163600000,2026-08-19T18:20:00Z,249.698,249.89,249.612,249.706,9013.804905,2250865.4945788315
1787163900000,2026-08-19T18:25:00Z,249.706,250.172,249.705,249.77,8053.164401,2012491.4210249807
1787164200000,2026-08-19T18:30:00Z,249.77,249.87,249.587,249.671,200,49961
1787164500000,2026-08-19T18:35:00Z,249.672,250.038,249.672,249.928,14255.989916999999,3561914.6791231260501461
1787164800000,2026-08-19T18:40:00Z,249.928,250.177,249.619,249.644,4111.4002339999997,1027918.9366657095249927
1787165100000,2026-08-19T18:45:00Z,249.638,249.744,249.266,249.72,8778.2764,2189983.4786788
1787165400000,2026-08-19T18:50:00Z,249.719,250.043,249.694,249.985,4323.0377,1079678.15884758
1787165700000,2026-08-19T18:55:00Z,249.985,250.364,249.972,250.173,5759.1694,1440493.24091598
1787166000000,2026-08-19T19:00:00Z,250.36,250.548,250.1,250.3,17604.57844,4405265.8418128
1787166300000,2026-08-19T19:05:00Z,250.3,250.548,250.129,250.3,8019.06825,2007552.88681005
1787166600000,2026-08-19T19:10:00Z,250.47,250.746,250.392,250.69,12666.366302000002,3174475.12188637
1787166900000,2026-08-19T19:15:00Z,250.84,251.136,250.678,250.965,14606.674880999999,3666022.69965556
1787167200000,2026-08-19T19:20:00Z,250.985,251.006,250.405,250.405,14266,3580092.993
1787167500000,2026-08-19T19:25:00Z,250.405,250.64,250.311,250.587,15236.477,3815059.6639478
1787167800000,2026-08-19T19:30:00Z,250.594,251.02,250.594,250.611,16749.02831,4201039.852896299
1787168100000,2026-08-19T19:35:00Z,250.611,250.936,250.59,250.672,13942.480833,3496936.472609728
1787168400000,2026-08-19T19:40:00Z,250.672,250.673,250.187,250.379,30910.742691,7742630.3252935802
1787168700000,2026-08-19T19:45:00Z,250.378,250.539,250.187,250.353,15318.653099,3836573.5368858083
1787169000000,2026-08-19T19:50:00Z,250.353,251.325,250.353,251.254,13342,3345206.56
1787169300000,2026-08-19T19:55:00Z,251.259,251.46,251.007,251.075,74963.422292,18843560.1825447496
1787169600000,2026-08-19T20:00:00Z,251.067,251.067,250,250,0,0
1787169900000,2026-08-19T20:05:00Z,250,250,250,250,20,5000
1787170200000,2026-08-19T20:10:00Z,250,250,250,250,0,0
1787170500000,2026-08-19T20:15:00Z,250,254.499,250,254.499,2.904137,726.03425
1787170800000,2026-08-19T20:20:00Z,254.5,254.5,252.015,252.015,0,0
1787171100000,2026-08-19T20:25:00Z,252.013,252.013,252.001,252.001,401,101052.401
1787171700000,2026-08-19T20:35:00Z,252,252,252,252,1347,339444
1787172600000,2026-08-19T20:50:00Z,252,252,252,252,1,252
1787172900000,2026-08-19T20:55:00Z,252,252,252,252,4,1008
1787173500000,2026-08-19T21:05:00Z,252,252,252,252,2,504
1787173800000,2026-08-19T21:10:00Z,252,252,252,252,2,504
1787174100000,2026-08-19T21:15:00Z,252,252,252,252,20,5040
1787174400000,2026-08-19T21:20:00Z,252,252,252,252,15,3780
1787174700000,2026-08-19T21:25:00Z,252,252,252,252,10,2520
1787175000000,2026-08-19T21:30:00Z,252,252,252,252,289,72828
1787175900000,2026-08-19T21:45:00Z,252,252,252,252,27,6804
1787176200000,2026-08-19T21:50:00Z,252,252,252,252,5,1260
1787176500000,2026-08-19T21:55:00Z,252,252,252,252,2,504
1787176800000,2026-08-19T22:00:00Z,252,252,252,252,10,2520
1787177100000,2026-08-19T22:05:00Z,252,252,252,252,12,3024
1787177400000,2026-08-19T22:10:00Z,252,252,252,252,10,2520
1787177700000,2026-08-19T22:15:00Z,252,252,252,252,2.37541,598.60332
1787178000000,2026-08-19T22:20:00Z,252,252,252,252,0,0
1787178600000,2026-08-19T22:30:00Z,252,252,252,252,10,2520
1787178900000,2026-08-19T22:35:00Z,252,252,252,252,0,0
1787179500000,2026-08-19T22:45:00Z,252,252,252,252,0,0
1787182200000,2026-08-19T23:30:00Z,252,252,252,252,1.415374,356.674248
1787182800000,2026-08-19T23:40:00Z,252,252,252,252,2,504
1787183400000,2026-08-19T23:50:00Z,252,252,252,252,9,2268
1787183700000,2026-08-19T23:55:00Z,251.833,251.833,251.001,251.001,13,3263.013
1787184000000,2026-08-20T00:00:00Z,251.334,252.998,251.334,252.998,0,0
1787190900000,2026-08-20T01:55:00Z,252.37,252.37,252.37,252.37,2,504.74
1787194200000,2026-08-20T02:50:00Z,252.41,252.41,252.41,252.41,4,1009.64
1787203500000,2026-08-20T05:25:00Z,251.12,251.12,251.12,251.12,24,6026.88
1787203800000,2026-08-20T05:30:00Z,250.13,250.13,250.13,250.13,1,250.13
1787208900000,2026-08-20T06:55:00Z,250.11,250.11,250.11,250.11,3,750.33
1787212500000,2026-08-20T07:55:00Z,250.13,250.13,250.01,250.01,48,12005.04
1787212800000,2026-08-20T08:00:00Z,252.999,252.999,250.5,250.5,147.40699999999998,37032.0435017
1787214300000,2026-08-20T08:25:00Z,250.5,250.5,250.5,250.5,0,0
1787214900000,2026-08-20T08:35:00Z,250.5,250.5,250.5,250.5,13,3256.5
1787216100000,2026-08-20T08:55:00Z,250.5,250.5,250.5,250.5,1,250.5
1787217000000,2026-08-20T09:10:00Z,250.5,250.5,250.5,250.5,95,23797.5
1787217300000,2026-08-20T09:15:00Z,250.5,250.5,250.5,250.5,0,0
1787218800000,2026-08-20T09:40:00Z,250.5,250.5,250.5,250.5,0,0
1787220300000,2026-08-20T10:05:00Z,250.5,250.5,250.5,250.5,0,0
1787223300000,2026-08-20T10:55:00Z,250.5,250.5,250.5,250.5,0,0
1787223600000,2026-08-20T11:00:00Z,250.5,250.5,250.5,250.5,26,6513
1787223900000,2026-08-20T11:05:00Z,250.5,250.5,250.5,250.5,1,250.5
1787224800000,2026-08-20T11:20:00Z,250.5,250.5,250.5,250.5,1,250.5
1787225100000,2026-08-20T11:25:00Z,250.5,250.5,250.5,250.5,12,3006
1787225400000,2026-08-20T11:30:00Z,250.5,250.5,250.5,250.5,1,250.5
1787225700000,2026-08-20T11:35:00Z,250.5,250.5,250.5,250.5,21,5260.5
1787226300000,2026-08-20T11:45:00Z,250.5,250.5,250.5,250.5,8,2004
1787226600000,2026-08-20T11:50:00Z,250.5,250.5,250.5,250.5,0,0
1787227200000,2026-08-20T12:00:00Z,250.5,250.5,250.5,250.5,100,25050
1787227800000,2026-08-20T12:10:00Z,250.5,250.5,250.5,250.5,10,2505
1787228100000,2026-08-20T12:15:00Z,250.5,250.5,250.5,250.5,15,3757.5
1787228400000,2026-08-20T12:20:00Z,250.5,250.5,250.5,250.5,100,25050
1787229300000,2026-08-20T12:35:00Z,250.5,250.5,250.5,250.5,1,250.5
1787230200000,2026-08-20T12:50:00Z,250.5,250.5,245.636,245.636,1,250.5
1787230500000,2026-08-20T12:55:00Z,245.635,245.635,245.635,245.635,0,0
1787231400000,2026-08-20T13:10:00Z,245.635,245.635,245.635,245.635,0,0
1787231700000,2026-08-20T13:15:00Z,245.635,245.635,245.5,245.5,1,245.635
1787232000000,2026-08-20T13:20:00Z,245.834,247.503,245.834,247.503,0,0
1787232300000,2026-08-20T13:25:00Z,247.504,247.505,247.504,247.505,26,6435.13
1787232600000,2026-08-20T13:30:00Z,247.505,250.735,247.505,249.947,800,199186.5
1787232900000,2026-08-20T13:35:00Z,249.985,250.107,249.263,249.495,200,49914
1787233200000,2026-08-20T13:40:00Z,249.495,250.18,249.24,250.098,600,149698.5
1787233500000,2026-08-20T13:45:00Z,250.103,252.692,250.103,252.692,538,135471.18
1787233800000,2026-08-20T13:50:00Z,252.706,252.849,251.835,251.855,390,98228.15
1787234100000,2026-08-20T13:55:00Z,251.655,251.92,251.27,251.605,800,201302
1787234400000,2026-08-20T14:00:00Z,252.07,252.07,251.325,251.325,683,171797.55
1787234700000,2026-08-20T14:05:00Z,251.44,251.44,250.58,250.69,700,175611
1787235000000,2026-08-20T14:10:00Z,250.575,250.575,250.2,250.2,300,75114.5
1787235300000,2026-08-20T14:15:00Z,250.295,250.58,250.295,250.45,400,100190.5
1787235600000,2026-08-20T14:20:00Z,249.755,249.755,249.345,249.345,200,49910
1787235900000,2026-08-20T14:25:00Z,249.33,250.48,249.265,250.48,300,74907.5
1787236200000,2026-08-20T14:30:00Z,250.6,251.05,250.6,250.78,300,75243
1787236500000,2026-08-20T14:35:00Z,250.91,250.91,250.91,250.91,300,75273
1787236800000,2026-08-20T14:40:00Z,250.961,250.974,250.405,250.494,200,50122
1787237100000,2026-08-20T14:45:00Z,250.494,250.763,250.085,250.127,400,100195
1787237400000,2026-08-20T14:50:00Z,250.129,251.137,250.129,251.137,400,100170
1787237700000,2026-08-20T14:55:00Z,251.163,251.269,250.692,251.026,200,50190
1787238000000,2026-08-20T15:00:00Z,251.026,251.502,250.699,251.329,100,25082
1787238300000,2026-08-20T15:05:00Z,251.328,251.585,251.28,251.518,400,100568
1787238600000,2026-08-20T15:10:00Z,251.517,252.332,251.481,251.944,500,125841
1787238900000,2026-08-20T15:15:00Z,251.945,251.964,251.47,251.655,200,50355
1787239200000,2026-08-20T15:20:00Z,251.652,251.839,251.506,251.638,100,25173.5
1787239500000,2026-08-20T15:25:00Z,251.639,251.828,251.483,251.828,700,176151
1787239800000,2026-08-20T15:30:00Z,251.826,251.902,251.523,251.523,300,75499
1787240100000,2026-08-20T15:35:00Z,251.521,251.949,251.52,251.895,5399.292318,1359535.86645085
1787240400000,2026-08-20T15:40:00Z,251.895,251.911,251.741,251.892,1028.187361,258974.38309567
1787240700000,2026-08-20T15:45:00Z,252.32,252.32,251.91,251.91,200,50423
1787241000000,2026-08-20T15:50:00Z,251.916,252.375,251.891,252.342,0,0
1787241300000,2026-08-20T15:55:00Z,252.44,252.44,252.28,252.34,317,79994.76
1787241600000,2026-08-20T16:00:00Z,252.315,252.35,252.315,252.35,200,50466.5
1787241900000,2026-08-20T16:05:00Z,252.503,253.403,252.496,253.206,400,101228.5
1787242200000,2026-08-20T16:10:00Z,253.204,253.26,253.074,253.246,300,75973.5
1787242500000,2026-08-20T16:15:00Z,253.246,253.335,252.843,252.843,1150,291189.5
1787242800000,2026-08-20T16:20:00Z,252.83,252.83,252.124,252.124,0,0
1787243100000,2026-08-20T16:25:00Z,252.109,252.31,252.045,252.235,200,50444
1787243400000,2026-08-20T16:30:00Z,252.237,252.33,252.04,252.197,200,50437
1787243700000,2026-08-20T16:35:00Z,252.198,252.393,252.046,252.292,0,0
1787244000000,2026-08-20T16:40:00Z,252.293,252.476,251.884,252.476,0,0
1787244300000,2026-08-20T16:45:00Z,252.483,252.514,252.04,252.04,100,25204
1787244600000,2026-08-20T16:50:00Z,252.213,252.304,251.902,252.255,300,75619
1787244900000,2026-08-20T16:55:00Z,252.269,252.36,252.144,252.255,2717.7476020000004,685802.4089334045009369
1787245200000,2026-08-20T17:00:00Z,252.249,252.273,252.045,252.045,3500.1880029999998,882706.4621569648495623
1787245500000,2026-08-20T17:05:00Z,252.045,252.045,251.849,251.901,4957.240079,1249077.76560166
1787245800000,2026-08-20T17:10:00Z,251.898,251.903,251.705,251.705,4753.683791,1197131.12256025
1787246100000,2026-08-20T17:15:00Z,252.13,252.149,251.675,252.13,5814.806235,1464532.21684331
1787246400000,2026-08-20T17:20:00Z,252.06,252.067,251.755,252.06,5066.402556999999,1276645.28895951
1787246700000,2026-08-20T17:25:00Z,251.885,251.885,251.454,251.885,6335.171232,1594663.32831699
1787247000000,2026-08-20T17:30:00Z,251.64,252.01,251.437,252.01,7847.45035,1975484.97656257
1787247300000,2026-08-20T17:35:00Z,251.891,251.914,251.519,251.568,3767.38125,948718.899590625
1787247600000,2026-08-20T17:40:00Z,251.572,251.625,251.105,251.486,7691.528381,1933739.9584284059
1787247900000,2026-08-20T17:45:00Z,251.462,251.602,251.29,251.495,10410.690875999999,2618812.4130650625484497
1787248200000,2026-08-20T17:50:00Z,251.494,251.71,251.492,251.526,1834.46674,461598.243792522
1787248500000,2026-08-20T17:55:00Z,251.544,251.617,251.248,251.258,11004.238969,2767681.6452126745
1787248800000,2026-08-20T18:00:00Z,251.257,251.515,251.206,251.498,4937.505982,1240531.096706563
1787249100000,2026-08-20T18:05:00Z,251.497,251.855,251.49,251.82,6313.32819,1588529.704545366
1787249400000,2026-08-20T18:10:00Z,251.82,252.162,251.82,252.002,4317.774561,1087390.5043295205
1787249700000,2026-08-20T18:15:00Z,251.998,252.205,251.98,252.105,955.984709,240994.6595404291
1787250000000,2026-08-20T18:20:00Z,252.105,252.22,251.71,251.787,800,201608
1787250300000,2026-08-20T18:25:00Z,251.742,251.82,251.319,251.64,6185.717941,1555360.9631260996
1787250600000,2026-08-20T18:30:00Z,251.622,251.622,251.266,251.298,900,226199
1787250900000,2026-08-20T18:35:00Z,251.299,251.458,250.835,250.837,17791.107604,4471019.4743948124
1787251200000,2026-08-20T18:40:00Z,251.05,251.05,250.828,251.05,7325.168138,1837816.56176052
1787251500000,2026-08-20T18:45:00Z,251.02,251.36,251.01,251.165,13857.34909,3481283.42470216
1787251800000,2026-08-20T18:50:00Z,251.14,251.305,251.014,251.05,13360.18885,3355860.33202286
1787252100000,2026-08-20T18:55:00Z,251.01,251.106,250.885,250.89,15064.379376,3780552.12888715
1787252400000,2026-08-20T19:00:00Z,250.9,250.95,250.54,250.69,15028.950606,3768584.50920753
1787252700000,2026-08-20T19:05:00Z,250.61,250.785,250.6,250.749,2437.15948,610863.678293072
1787253000000,2026-08-20T19:10:00Z,250.74,250.83,250.5,250.776,9034.761235,2264434.373468496
1787253300000,2026-08-20T19:15:00Z,250.775,251.117,250.56,250.657,8045.096211,2019122.6587872258
1787253600000,2026-08-20T19:20:00Z,250.641,250.9,250.55,250.9,3157.7799,791418.77365187
1787253900000,2026-08-20T19:25:00Z,250.99,251.265,250.81,251.265,5749.439522,1442728.1321816914
1787254200000,2026-08-20T19:30:00Z,251.282,251.51,251.029,251.255,1587,398935.19
1787254500000,2026-08-20T19:35:00Z,251.255,251.444,251.039,251.402,12740.323,3200637.9807171
1787254800000,2026-08-20T19:40:00Z,251.404,251.526,251.3,251.479,25024.352534,6291711.912635035
1787255100000,2026-08-20T19:45:00Z,251.472,251.714,251.207,251.714,16013.969,4024972.4200786
1787255400000,2026-08-20T19:50:00Z,251.715,251.76,251.17,251.195,23756.302317,5978632.1937309381
1787255700000,2026-08-20T19:55:00Z,251.195,251.195,250.29,250.699,69122.3897,17322071.09435974
1787256000000,2026-08-20T20:00:00Z,250.692,250.692,250.66,250.66,224057.900722,56165893.5098079276
1787256300000,2026-08-20T20:05:00Z,250.66,250.66,250.66,250.66,15,3759.9
1787256600000,2026-08-20T20:10:00Z,250.66,250.66,250.66,250.66,14.445839,3620.99400374
1787256900000,2026-08-20T20:15:00Z,250.66,250.66,250.66,250.66,206.189549,51683.47235234
1787257200000,2026-08-20T20:20:00Z,250.66,250.66,250.66,250.66,56,14036.96
1787258100000,2026-08-20T20:35:00Z,250.66,250.66,250.66,250.66,5640,1413722.4
1787258400000,2026-08-20T20:40:00Z,250.66,250.66,250.66,250.66,15,3759.9
1787259300000,2026-08-20T20:55:00Z,250.66,250.66,247.501,247.501,2,501.32
1787259600000,2026-08-20T21:00:00Z,247.501,247.501,247.501,247.501,0,0
1787259900000,2026-08-20T21:05:00Z,247.501,247.501,247.5,247.5,12,2970.0108
1787260500000,2026-08-20T21:15:00Z,247.5,247.5,247.5,247.5,10,2475
1787261100000,2026-08-20T21:25:00Z,247.5,247.5,247.5,247.5,10,2475
1787262600000,2026-08-20T21:50:00Z,247.5,247.5,247.5,247.5,0,0
1787264400000,2026-08-20T22:20:00Z,247.5,247.5,247.5,247.5,0,0
1787264700000,2026-08-20T22:25:00Z,247.5,247.5,247.5,247.5,15,3712.5
1787265000000,2026-08-20T22:30:00Z,247.5,247.5,247.5,247.5,1,247.5
1787265600000,2026-08-20T22:40:00Z,247.5,247.5,247.5,247.5,6,1485
1787266800000,2026-08-20T23:00:00Z,247.912,249.974,247.912,249.974,0,0
1787267100000,2026-08-20T23:05:00Z,249.974,249.974,249.974,249.974,11,2749.714
1787267700000,2026-08-20T23:15:00Z,249.975,249.975,249.975,249.975,0,0
1787268600000,2026-08-20T23:30:00Z,249.975,249.975,249.975,249.975,1.650398,412.55824005
1787269500000,2026-08-20T23:45:00Z,249.975,249.975,249.975,249.975,1,249.975
1787270100000,2026-08-20T23:55:00Z,249.975,249.975,249.975,249.975,36,8999.1
1787271000000,2026-08-21T00:10:00Z,250.54,250.54,250.54,250.54,1,250.54
1787272800000,2026-08-21T00:40:00Z,250.54,250.54,250.54,250.54,10,2505.4
1787279700000,2026-08-21T02:35:00Z,250.53,250.53,250.53,250.53,1,250.53
1787282400000,2026-08-21T03:20:00Z,250.58,250.58,250.58,250.58,10,2505.8
1787284200000,2026-08-21T03:50:00Z,250.54,250.54,250.54,250.54,2,501.08
1787286600000,2026-08-21T04:30:00Z,250.53,250.53,250.52,250.52,5,1252.64
1787296800000,2026-08-21T07:20:00Z,250.58,250.58,250.58,250.58,50,12529
1787297100000,2026-08-21T07:25:00Z,250.6,250.6,250.5,250.5,26,6513.9
1787299200000,2026-08-21T08:00:00Z,250.05,252.885,250.05,250.702,97.35793100000001,24614.6259987991025283
1787299500000,2026-08-21T08:05:00Z,250.701,250.701,250.701,250.701,0,0
1787300400000,2026-08-21T08:20:00Z,250.699,250.699,250.696,250.696,0,0
1787300700000,2026-08-21T08:25:00Z,250.726,251.499,250.726,251.499,1,250.726
1787301000000,2026-08-21T08:30:00Z,251.5,251.5,251.44,251.44,77,19361.0571
1787301600000,2026-08-21T08:40:00Z,251.44,251.44,251.44,251.44,14,3520.16
1787302500000,2026-08-21T08:55:00Z,251.44,251.44,251.44,251.44,2,502.88
1787302800000,2026-08-21T09:00:00Z,251.947,254.479,251.947,254.479,25,6298.675
1787303100000,2026-08-21T09:05:00Z,254.479,254.479,252.852,252.852,3,763.437
1787303400000,2026-08-21T09:10:00Z,252.851,252.851,252.85,252.85,1,252.85
1787303700000,2026-08-21T09:15:00Z,252.543,252.543,251.4,251.4,10,2525.43
1787304000000,2026-08-21T09:20:00Z,251.375,251.375,251.255,251.255,90,22612.995
1787305500000,2026-08-21T09:45:00Z,251.255,251.255,251.255,251.255,70,17587.85
1787306400000,2026-08-21T10:00:00Z,251.255,251.255,251.255,251.255,0,0
1787307300000,2026-08-21T10:15:00Z,251.255,251.255,251.255,251.255,0,0
1787307900000,2026-08-21T10:25:00Z,251.255,251.255,251.255,251.255,72,18090.36
1787308500000,2026-08-21T10:35:00Z,251.255,251.255,251.255,251.255,3,753.765
1787308800000,2026-08-21T10:40:00Z,251.255,251.255,251.255,251.255,8,2010.04
1787309400000,2026-08-21T10:50:00Z,251.255,251.255,251.255,251.255,13,3266.315
1787310000000,2026-08-21T11:00:00Z,251.255,251.255,251.255,251.255,72,18090.36
1787310300000,2026-08-21T11:05:00Z,251.337,251.745,251.337,251.745,19,4781.1011
1787310600000,2026-08-21T11:10:00Z,251.745,251.745,251.745,251.745,67,16866.915
1787310900000,2026-08-21T11:15:00Z,251.745,251.745,251.745,251.745,0,0
1787311500000,2026-08-21T11:25:00Z,251.663,251.663,250.252,250.252,0,0
1787311800000,2026-08-21T11:30:00Z,250.251,250.251,250.25,250.25,1,250.25
1787312100000,2026-08-21T11:35:00Z,250.25,250.25,250.25,250.25,4,1001
1787312700000,2026-08-21T11:45:00Z,250.25,250.25,250.25,250.25,30,7507.5
1787313300000,2026-08-21T11:55:00Z,250.25,250.25,250.25,250.25,103,25775.75
1787313600000,2026-08-21T12:00:00Z,250.25,250.25,250.25,250.25,18,4504.5
1787313900000,2026-08-21T12:05:00Z,250.25,250.25,250.25,250.25,37,9259.25
1787314200000,2026-08-21T12:10:00Z,250.25,250.25,250.25,250.25,89,22272.25
1787314500000,2026-08-21T12:15:00Z,250.499,251.744,250.499,251.744,21,5285.3787
1787314800000,2026-08-21T12:20:00Z,251.706,251.706,251.281,251.281,44,11067.936
1787315100000,2026-08-21T12:25:00Z,251.28,251.28,251.28,251.28,15,3769.2
1787315400000,2026-08-21T12:30:00Z,251.28,251.28,251.28,251.28,0,0
1787315700000,2026-08-21T12:35:00Z,251.28,251.28,251.28,251.28,0,0
1787316000000,2026-08-21T12:40:00Z,251.28,251.28,251.28,251.28,0,0
1787316300000,2026-08-21T12:45:00Z,251.28,251.28,251.28,251.28,0,0
1787316600000,2026-08-21T12:50:00Z,251.28,251.28,250.241,251.244,50,12564
1787316900000,2026-08-21T12:55:00Z,251.244,251.727,251.244,251.727,326,81905.6418
1787317200000,2026-08-21T13:00:00Z,251.729,251.74,251.729,251.74,27,6796.98
1787317500000,2026-08-21T13:05:00Z,251.74,251.74,251.74,251.74,23,5790.02
1787317800000,2026-08-21T13:10:00Z,251.74,251.74,251.74,251.74,8,2013.92
1787318100000,2026-08-21T13:15:00Z,251.618,251.618,250.742,250.742,2,501.932
1787318400000,2026-08-21T13:20:00Z,250.741,250.741,250.74,250.74,20,5014.8
1787318700000,2026-08-21T13:25:00Z,250.74,250.74,250.49,250.49,53,13289.1829
1787319000000,2026-08-21T13:30:00Z,250.48,250.803,249.044,250.48,70136.82748800001,17566848.55151292
1787319300000,2026-08-21T13:35:00Z,249.04,249.657,248.523,249.29,15333.78207,3818099.46840434
1787319600000,2026-08-21T13:40:00Z,248.26,249.27,247.85,248.045,7612.870824,1891312.69860543
1787319900000,2026-08-21T13:45:00Z,247.275,248.905,246.826,247.275,12269.449883,3043244.41311499
1787320200000,2026-08-21T13:50:00Z,246.9,248.042,246.658,247.86,12969.4049320000003,3212082.9674188734741749
1787320500000,2026-08-21T13:55:00Z,247.86,248.96,247.54,247.595,7643.521875,1898303.827893125
1787320800000,2026-08-21T14:00:00Z,247.615,248.662,247.299,247.87,42937.686407,10626922.81006143
1787321100000,2026-08-21T14:05:00Z,248.7,249.13,248.419,248.67,12538.32732,3118719.59210747
1787321400000,2026-08-21T14:10:00Z,248.365,249.199,248.175,248.265,11990.988996,2982259.68761277
1787321700000,2026-08-21T14:15:00Z,248.395,248.504,247.907,248.01,5648.717482,1401958.58108807
1787322000000,2026-08-21T14:20:00Z,248.005,248.153,247.527,247.855,8806.624621,2182532.5698855
1787322300000,2026-08-21T14:25:00Z,248.08,248.296,247.235,247.485,15664.725981999998,3879876.92656412
1787322600000,2026-08-21T14:30:00Z,247.61,247.94,247.535,247.94,7876.328785,1950715.38515626
1787322900000,2026-08-21T14:35:00Z,247.765,248.341,247.716,248.05,9394.653843,2329867.57680631
1787323200000,2026-08-21T14:40:00Z,248.47,248.775,247.94,248.775,12412.785844,3083839.96275487
1787323500000,2026-08-21T14:45:00Z,248.757,249.394,248.729,249.16,6528.191275,1624942.53536629
1787323800000,2026-08-21T14:50:00Z,249.16,249.567,248.953,249.527,1662.84586,414201.933528292
1787324100000,2026-08-21T14:55:00Z,249.522,249.799,249.205,249.323,1646.16319,410685.663493591
1787324400000,2026-08-21T15:00:00Z,249.325,249.694,249.292,249.45,4950.1918829999995,1234843.6809243169752732
1787324700000,2026-08-21T15:05:00Z,249.45,249.45,248.099,248.238,11453.185945000001,2853021.8331387407491029
1787325000000,2026-08-21T15:10:00Z,248.251,248.71,248.144,248.555,699.11901900000004,173669.9842272696099319
1787325300000,2026-08-21T15:15:00Z,248.555,249.09,248.419,248.56,5132.563101,1276976.0537093889
1787325600000,2026-08-21T15:20:00Z,248.56,249.198,248.529,249.198,6184.447116,1537953.928794858
1787325900000,2026-08-21T15:25:00Z,249.46,249.46,249.199,249.375,7667.930786999999,1912352.03334773
1787326200000,2026-08-21T15:30:00Z,249.415,249.438,249.173,249.326,2910.063215,725440.92867771
1787326500000,2026-08-21T15:35:00Z,249.22,249.421,249.195,249.22,9105.506228999999,2270344.15937329
1787326800000,2026-08-21T15:40:00Z,249.38,249.445,249.163,249.38,4221.340016,1052369.51263876
1787327100000,2026-08-21T15:45:00Z,249.37,249.419,249.232,249.37,6675.417504999999,1664078.11502517
1787327400000,2026-08-21T15:50:00Z,249.5,249.868,249.364,249.57,10557.402728000001,2634173.33170219
1787327700000,2026-08-21T15:55:00Z,249.77,250.114,249.613,249.77,7988.103606,1996020.199256
1787328000000,2026-08-21T16:00:00Z,250.041,250.041,249.42,249.5,5694.818834,1422747.4094540046
1787328300000,2026-08-21T16:05:00Z,249.5,249.798,249.414,249.771,588.378175,146799.295581785
1787328600000,2026-08-21T16:10:00Z,249.77,249.784,249.546,249.546,3633.8579790000003,907339.0889339037749071
1787328900000,2026-08-21T16:15:00Z,249.545,249.568,249.13,249.13,3754.13818,936627.053358724
1787329200000,2026-08-21T16:20:00Z,249.174,249.387,248.951,249.179,2325.0067129999998,579220.6299627226501724
1787329500000,2026-08-21T16:25:00Z,249.176,249.176,248.866,249.059,3363.9149450000001,837823.9044794634249113
1787329800000,2026-08-21T16:30:00Z,249.05,249.56,248.932,249.515,14999.991928000001,3737829.98854801
1787330100000,2026-08-21T16:35:00Z,249.56,249.635,249.41,249.43,3999.103928,997901.60198895
1787330400000,2026-08-21T16:40:00Z,249.37,249.461,249.278,249.365,2575.737874,642361.20780656
1787330700000,2026-08-21T16:45:00Z,249.46,249.634,249.355,249.63,6274.057439,1564998.37796118
1787331000000,2026-08-21T16:50:00Z,249.665,249.848,249.526,249.78,8461.908012,2112433.25468808
1787331300000,2026-08-21T16:55:00Z,250.21,250.346,249.86,250.31,12734.737791000001,3186185.55025215
1787331600000,2026-08-21T17:00:00Z,250.16,250.366,250.06,250.23,7085.749469,1773509.94896968
1787331900000,2026-08-21T17:05:00Z,250.244,250.245,249.79,249.823,4138,1035043.2631
1787332200000,2026-08-21T17:10:00Z,249.81,249.97,249.74,249.946,2000.255088,499877.775774116
1787332500000,2026-08-21T17:15:00Z,249.944,249.944,249.831,249.831,3632.853478,907982.8187610978
1787332800000,2026-08-21T17:20:00Z,249.83,249.83,249.48,249.526,2748.031416,686411.4511943428
1787333100000,2026-08-21T17:25:00Z,249.526,249.63,249.518,249.63,1433.06355,357629.89389651
1787333400000,2026-08-21T17:30:00Z,249.63,249.63,249.145,249.236,3170.600089,790869.0961800087
1787333700000,2026-08-21T17:35:00Z,249.236,249.243,248.985,248.985,4449.268809,1108748.5351933162
1787334000000,2026-08-21T17:40:00Z,248.926,248.926,248.343,248.367,6008.219333,1492835.9502207789
1787334300000,2026-08-21T17:45:00Z,248.366,248.835,248.362,248.772,6471.454049,1609139.992191948
1787334600000,2026-08-21T17:50:00Z,248.65,248.829,248.575,248.65,5329.0807429999995,1325233.13462887
1787334900000,2026-08-21T17:55:00Z,248.57,248.72,248.429,248.72,7811.431127,1941666.34437435
1787335200000,2026-08-21T18:00:00Z,248.27,248.596,248.137,248.27,7541.05004,1873282.04380145
1787335500000,2026-08-21T18:05:00Z,248.21,248.213,247.898,248.032,3996.929994,991789.81515817
1787335800000,2026-08-21T18:10:00Z,247.59,248.031,247.508,247.755,14198.626067,3517635.7752437
1787336100000,2026-08-21T18:15:00Z,247.49,247.86,247.444,247.46,8829.764882,2186725.70911034
1787336400000,2026-08-21T18:20:00Z,247.77,248.05,247.585,247.585,9867.543088999999,2445785.01810848
1787336700000,2026-08-21T18:25:00Z,247.625,248.299,247.625,248.17,3654.869501,905639.5668632105
1787337000000,2026-08-21T18:30:00Z,248.17,248.17,247.955,248.145,4874.309633,1209105.6497711544
1787337300000,2026-08-21T18:35:00Z,248.145,248.149,247.88,247.981,16344.484273,4052950.9936945739
1787337600000,2026-08-21T18:40:00Z,247.975,248.369,247.94,248.085,9052.598718,2246916.8022330956
1787337900000,2026-08-21T18:45:00Z,248.085,248.111,247.931,248.095,4254.4847150000005,1055355.1403972266240286
1787338200000,2026-08-21T18:50:00Z,248.095,248.384,248,248.28,12671.773429,3144135.0627910603
1787338500000,2026-08-21T18:55:00Z,248.28,248.46,248.28,248.45,2025.429867,502984.9581829423
1787338800000,2026-08-21T19:00:00Z,248.49,248.595,248.386,248.595,5606.387167,1393348.67494991
1787339100000,2026-08-21T19:05:00Z,248.557,248.568,248.407,248.495,4295.888834,1067640.49794757
1787339400000,2026-08-21T19:10:00Z,248.52,248.555,248.455,248.54,4440.752796999999,1103567.92498023
1787339700000,2026-08-21T19:15:00Z,248.53,248.541,248.135,248.135,9507.629401999999,2361141.7994256
1787340000000,2026-08-21T19:20:00Z,248.07,248.184,248.056,248.06,6956.733904,1726026.90084076
1787340300000,2026-08-21T19:25:00Z,248.08,248.08,247.969,247.97,8649.431575999999,2145264.88731951
1787340600000,2026-08-21T19:30:00Z,247.64,247.968,247.457,247.68,16417.147052,4066735.82254796
1787340900000,2026-08-21T19:35:00Z,247.721,248.255,247.705,248.252,4996.24414,1238589.878878482
1787341200000,2026-08-21T19:40:00Z,248.252,248.805,248.25,248.775,21156.468071,5259019.4296310964
1787341500000,2026-08-21T19:45:00Z,248.775,249.14,248.766,248.95,4051.237529,1007970.0126862267
1787341800000,2026-08-21T19:50:00Z,248.953,248.995,248.488,248.944,5518.265735999999,1372339.9429095965513212
1787342100000,2026-08-21T19:55:00Z,248.953,248.961,248,248.052,29619.735444,7364666.3665367
1787342400000,2026-08-21T20:00:00Z,248.047,248.047,247.581,247.581,198907.32708,49336058.435218632
1787342700000,2026-08-21T20:05:00Z,247.584,247.6,247.584,247.6,0,0
1787343000000,2026-08-21T20:10:00Z,247.6,247.6,247.6,247.6,0,0
1787343300000,2026-08-21T20:15:00Z,247.6,247.6,247.6,247.6,62.358324,15439.9210224
1787343600000,2026-08-21T20:20:00Z,247.6,247.6,247.6,247.6,60,14856
1787343900000,2026-08-21T20:25:00Z,247.6,247.6,247.6,247.6,300,74280
1787344200000,2026-08-21T20:30:00Z,247.6,247.6,247.6,247.6,1,247.6
1787344500000,2026-08-21T20:35:00Z,247.6,247.6,247.6,247.6,1495,370162
1787344800000,2026-08-21T20:40:00Z,247.6,247.6,247.6,247.6,25,6190
1787345100000,2026-08-21T20:45:00Z,247.6,247.6,247.6,247.6,15,3714
1787345700000,2026-08-21T20:55:00Z,247.6,247.6,247.6,247.6,50,12380
1787346000000,2026-08-21T21:00:00Z,247.6,247.6,247.6,247.6,1,247.6
1787346600000,2026-08-21T21:10:00Z,247.6,247.6,247.6,247.6,10,2476
1787346900000,2026-08-21T21:15:00Z,247.6,247.6,247.6,247.6,0,0
1787347800000,2026-08-21T21:30:00Z,247.258,247.258,245.552,245.552,3,741.774
1787348100000,2026-08-21T21:35:00Z,245.551,245.551,245.551,245.551,70,17188.57
1787348400000,2026-08-21T21:40:00Z,245.551,245.551,245.551,245.551,3,736.653
1787348700000,2026-08-21T21:45:00Z,245.55,245.55,245.55,245.55,5,1227.75
1787349000000,2026-08-21T21:50:00Z,245.55,245.55,245.55,245.55,43,10558.65
1787349300000,2026-08-21T21:55:00Z,245.55,245.55,245.55,245.55,190,46654.5
1787349900000,2026-08-21T22:05:00Z,245.55,245.55,245.55,245.55,40,9822
1787350200000,2026-08-21T22:10:00Z,245.778,246.913,245.778,246.913,0,0
1787350500000,2026-08-21T22:15:00Z,246.914,246.914,246.914,246.914,4,987.656
1787351100000,2026-08-21T22:25:00Z,246.915,246.915,246.915,246.915,0,0
1787351400000,2026-08-21T22:30:00Z,247.213,248.705,247.213,248.705,21,5222.7735
1787352300000,2026-08-21T22:45:00Z,248.705,248.705,248.705,248.705,21,5222.805
1787352600000,2026-08-21T22:50:00Z,248.705,248.705,248.705,248.705,327,81326.535
1787353800000,2026-08-21T23:10:00Z,248.705,248.705,248.705,248.705,36,8953.38
1787354100000,2026-08-21T23:15:00Z,248.705,248.705,248.705,248.705,2,497.41
1787355000000,2026-08-21T23:30:00Z,248.705,248.705,248.705,248.705,0,0
1787355900000,2026-08-21T23:45:00Z,248.705,248.705,248.705,248.705,0,0
1787356500000,2026-08-21T23:55:00Z,248.629,248.629,248.252,248.252,0,0
1787356800000,2026-08-22T00:00:00Z,248.251,248.251,248.251,248.251,0,0
1787529900000,2026-08-24T00:05:00Z,247.09,247.1,247.09,247.1,51,12601.6
1787533500000,2026-08-24T01:05:00Z,247.49,247.49,247.49,247.49,3,742.47
1787534700000,2026-08-24T01:25:00Z,247.74,247.74,247.49,247.49,26,6436.74
1787537700000,2026-08-24T02:15:00Z,247.61,247.61,247.61,247.61,1,247.61
1787543400000,2026-08-24T03:50:00Z,247.88,247.88,247.88,247.88,6,1487.28
1787547900000,2026-08-24T05:05:00Z,247.9,247.9,247.9,247.9,1,247.9
1787549400000,2026-08-24T05:30:00Z,247.9,248.04,247.9,248.03,100,24793.75
1787550000000,2026-08-24T05:40:00Z,249.78,249.78,249.78,249.78,4,999.12
1787550300000,2026-08-24T05:45:00Z,247.82,247.82,247.81,247.81,9,2230.34
1787553000000,2026-08-24T06:30:00Z,247.81,247.81,247.44,247.44,75,18563.59
1787553900000,2026-08-24T06:45:00Z,248.39,248.39,248.39,248.39,48,11922.72
1787556600000,2026-08-24T07:30:00Z,247.95,247.95,247.95,247.95,40,9918
1787558100000,2026-08-24T07:55:00Z,247.95,248.41,247.95,248.4,183,45390.97
1787558400000,2026-08-24T08:00:00Z,248.25,248.25,248.25,248.25,754.007931,187182.46887075
1787558700000,2026-08-24T08:05:00Z,248.25,248.25,248.25,248.25,54,13405.5
1787559000000,2026-08-24T08:10:00Z,248.25,248.25,248.25,248.25,1,248.25
1787559300000,2026-08-24T08:15:00Z,248.25,248.25,248.25,248.25,0,0
1787562300000,2026-08-24T09:05:00Z,248.25,248.25,248.25,248.25,14,3475.5
1787565600000,2026-08-24T10:00:00Z,248.25,248.25,248.25,248.25,0,0
1787566500000,2026-08-24T10:15:00Z,248.25,248.25,248.25,248.25,5,1241.25
1787566800000,2026-08-24T10:20:00Z,248.133,248.133,247.551,247.551,1,247.551
1787567100000,2026-08-24T10:25:00Z,247.551,247.551,247.551,247.551,42,10397.142
1787568300000,2026-08-24T10:45:00Z,247.55,247.55,247.55,247.55,505,125012.75
1787569200000,2026-08-24T11:00:00Z,247.55,250.125,247.55,250.125,114,28221.555
1787569500000,2026-08-24T11:05:00Z,250.125,250.125,250.125,250.125,0,0
1787570100000,2026-08-24T11:15:00Z,250.125,250.125,250.125,250.125,0,0
1787570400000,2026-08-24T11:20:00Z,250.125,250.125,250.125,250.125,0,0
1787570700000,2026-08-24T11:25:00Z,250.125,250.125,250.125,250.125,0,0
1787571300000,2026-08-24T11:35:00Z,250.125,250.125,250.125,250.125,10,2501.25
1787571900000,2026-08-24T11:45:00Z,250.125,250.125,250.125,250.125,6,1500.75
1787572200000,2026-08-24T11:50:00Z,250.125,250.125,250.125,250.125,2,500.25
1787573100000,2026-08-24T12:05:00Z,249.371,249.371,245.601,245.601,8,1994.968
1787573400000,2026-08-24T12:10:00Z,245.601,245.601,245.601,245.601,7,1719.207
1787573700000,2026-08-24T12:15:00Z,245.6,245.6,245.6,245.6,8,1964.8
1787574300000,2026-08-24T12:25:00Z,245.6,245.6,245.6,245.6,12,2947.2
1787574600000,2026-08-24T12:30:00Z,245.752,247.504,245.752,247.504,0,0
1787574900000,2026-08-24T12:35:00Z,247.504,247.504,247.504,247.504,170,42075.68
1787575500000,2026-08-24T12:45:00Z,247.505,247.505,247.505,247.505,105,25988.025
1787576100000,2026-08-24T12:55:00Z,247.505,247.505,247.505,247.505,4.06004,1004.8802002
1787576400000,2026-08-24T13:00:00Z,247.505,247.505,247.505,247.505,1,247.505
1787577000000,2026-08-24T13:10:00Z,247.505,247.505,247.505,247.505,6,1485.03
1787577300000,2026-08-24T13:15:00Z,247.588,248.005,247.588,248.005,631,156291.4435
1787577600000,2026-08-24T13:20:00Z,248.005,248.005,248.005,248.005,2,496.01
1787577900000,2026-08-24T13:25:00Z,248.005,249,248.005,248.559,63,15679.8243
1787578200000,2026-08-24T13:30:00Z,248.547,248.547,244.13,246.179,24100.872792,5989441.912377384
1787578500000,2026-08-24T13:35:00Z,246.179,246.179,242.39,245.221,30388.918903,7393686.0833702329
1787578800000,2026-08-24T13:40:00Z,245.224,247.425,245.224,246.35,47575.177419,11744191.201817366
1787579100000,2026-08-24T13:45:00Z,246.34,247.33,246.005,247.258,25845.671908,6374729.1981360808
1787579400000,2026-08-24T13:50:00Z,247.26,247.823,247.26,247.443,6469.90239,1600829.185640769
1787579700000,2026-08-24T13:55:00Z,247.255,248.415,247.247,247.49,19339.79915,4789321.39936541
1787580000000,2026-08-24T14:00:00Z,247.73,248.97,247.73,248.64,10823.537607999999,2687865.3765902
1787580300000,2026-08-24T14:05:00Z,248.54,248.934,247.898,248.12,18455.823572,4586395.81165993
1787580600000,2026-08-24T14:10:00Z,248.005,248.121,247.783,248.05,28325.924978000003,7025056.00194382
1787580900000,2026-08-24T14:15:00Z,248.035,248.754,248.035,248.345,12809.930145,3180466.10930979
1787581200000,2026-08-24T14:20:00Z,248.27,248.755,248.166,248.17,18680.344306,4643242.42173228
1787581500000,2026-08-24T14:25:00Z,248.62,248.841,248.292,248.62,7744.556792,1925866.81787109
1787581800000,2026-08-24T14:30:00Z,248.62,248.656,248.458,248.62,6808.147159,1692210.59095542
1787582100000,2026-08-24T14:35:00Z,248.485,249.02,248.474,248.815,9957.00077,2477016.0256539
1787582400000,2026-08-24T14:40:00Z,248.702,248.702,247.641,247.945,1660.517942,412741.0358503926
1787582700000,2026-08-24T14:45:00Z,247.936,248.141,247.614,247.9,3386.656375,839717.7228592375
1787583000000,2026-08-24T14:50:00Z,247.898,247.944,247.781,247.784,9576.538839,2373817.8988923312
1787583300000,2026-08-24T14:55:00Z,247.785,248.897,247.719,248.879,8867.450164,2198776.8060651436
1787583600000,2026-08-24T15:00:00Z,248.665,248.864,248.1,248.46,10152.162352,2523538.22408017
1787583900000,2026-08-24T15:05:00Z,248.64,248.82,248.104,248.82,20199.198749,5019498.86920663
1787584200000,2026-08-24T15:10:00Z,248.745,248.765,248.41,248.41,14657.412595,3644473.3000474
1787584500000,2026-08-24T15:15:00Z,248.335,248.59,248.163,248.59,4995.100762,1240543.7639543
1787584800000,2026-08-24T15:20:00Z,248.58,248.58,247.924,248.32,27427.546366000002,6814011.85102067
1787585100000,2026-08-24T15:25:00Z,247.928,247.94,247.62,247.803,5986.802517,1483443.45375636
1787585400000,2026-08-24T15:30:00Z,247.802,248.076,247.351,247.905,11985.991115,2966636.9091296255
1787585700000,2026-08-24T15:35:00Z,247.885,247.885,247.502,247.646,5946.245786,1472288.6414068662
1787586000000,2026-08-24T15:40:00Z,247.645,247.755,247.46,247.755,11901.609808,2946365.2155050192
1787586300000,2026-08-24T15:45:00Z,247.817,248.09,247.31,247.31,5200.829049,1288176.1844109483
1787586600000,2026-08-24T15:50:00Z,247.295,247.51,247.214,247.39,8240.463882,2038249.3957370744
1787586900000,2026-08-24T15:55:00Z,247.391,247.755,247.391,247.4,6026.934296,1492447.3192856572
1787587200000,2026-08-24T16:00:00Z,247.397,248.32,247.371,248.268,9055.867250000001,2243109.3390498002476968
1787587500000,2026-08-24T16:05:00Z,248.269,248.274,247.504,247.582,3794.158495,941272.9465505933
1787587800000,2026-08-24T16:10:00Z,247.586,247.604,246.875,246.878,7902.425671,1953472.9728507118
1787588100000,2026-08-24T16:15:00Z,246.878,246.911,246.822,246.85,3626.599933,895355.3044837165
1787588400000,2026-08-24T16:20:00Z,246.605,246.933,246.546,246.71,5526.912876,1363434.69007173
1787588700000,2026-08-24T16:25:00Z,246.62,246.735,246.614,246.705,6985.622745,1723101.64877268
1787589000000,2026-08-24T16:30:00Z,246.76,246.785,246.525,246.6,7464.943593999999,1841921.08422562
1787589300000,2026-08-24T16:35:00Z,245.99,246.56,245.99,245.99,11540.942149999999,2842191.28556314
1787589600000,2026-08-24T16:40:00Z,246.18,246.191,246.147,246.18,9277.924502,2284006.9811666
1787589900000,2026-08-24T16:45:00Z,246.36,246.41,245.88,246.08,16499.043007,4063055.98080812
1787590200000,2026-08-24T16:50:00Z,246.061,246.184,245.978,246.032,14256.577328,3508127.3747926539
1787590500000,2026-08-24T16:55:00Z,246.032,246.705,246.032,246.705,3799.641002,935624.3236039774
1787590800000,2026-08-24T17:00:00Z,246.691,246.709,246.258,246.258,3006.85675,741595.212479225
1787591100000,2026-08-24T17:05:00Z,246.257,246.343,246.225,246.237,6280.9569130000003,1546942.4894065392738787
1787591400000,2026-08-24T17:10:00Z,246.236,246.848,246.235,246.618,7840.34189,1932596.087805802
1787591700000,2026-08-24T17:15:00Z,246.63,246.83,246.63,246.795,4191.433621,1034102.770805015
1787592000000,2026-08-24T17:20:00Z,246.804,247.31,246.804,247.265,33549.69697,8284622.413547533
1787592300000,2026-08-24T17:25:00Z,247.185,247.263,247.082,247.135,5552.422729,1372435.07958194
1787592600000,2026-08-24T17:30:00Z,247.17,247.24,247,247,12507.896613,3090598.68832007
1787592900000,2026-08-24T17:35:00Z,246.99,247.289,246.78,246.78,15310.7608,3783702.3842216
1787593200000,2026-08-24T17:40:00Z,246.911,246.911,246.729,246.767,3178.463538,784373.2857488
1787593500000,2026-08-24T17:45:00Z,247.255,247.255,246.768,247.255,6100.919877,1506685.00309988
1787593800000,2026-08-24T17:50:00Z,247.2,247.206,246.907,247.004,4787.0654039999997,1182775.0218746121258713
1787594100000,2026-08-24T17:55:00Z,247.002,247.002,246.645,246.681,2402.559208,593078.98501576
1787594400000,2026-08-24T18:00:00Z,246.676,246.833,246.657,246.74,3407.004,840594.4247016
1787594700000,2026-08-24T18:05:00Z,246.74,246.74,246.606,246.692,2640.1689309999999,651268.4441198400753269
1787595000000,2026-08-24T18:10:00Z,246.697,247.242,246.59,247.054,5232.603064,1290662.999968072
1787595300000,2026-08-24T18:15:00Z,247.032,247.759,246.92,247.374,2115.913466,522853.94437132
1787595600000,2026-08-24T18:20:00Z,247.364,247.634,247.28,247.634,5766.4906169999999,1426941.4120860930752676
1787595900000,2026-08-24T18:25:00Z,247.634,248.459,247.634,248.14,5375.244835,1332428.7538877305
1787596200000,2026-08-24T18:30:00Z,248.14,248.245,248.021,248.021,5466.47043,1356834.138488902
1787596500000,2026-08-24T18:35:00Z,248.014,248.13,247.93,247.975,34579.3775970000002,8573747.1268562280495999
1787596800000,2026-08-24T18:40:00Z,247.975,248.11,247.952,248.11,3199.364,793351.5145864
1787597100000,2026-08-24T18:45:00Z,248.11,248.553,248.11,248.553,4951.2,1229492.87664
1787597400000,2026-08-24T18:50:00Z,248.775,249.04,248.554,248.88,15816.497132999999,3935419.69374051
1787597700000,2026-08-24T18:55:00Z,248.86,248.894,248.78,248.86,7237.8827200000005,1800984.98629907
1787598000000,2026-08-24T19:00:00Z,248.71,248.829,248.61,248.68,14552.80965,3620277.7168541
1787598300000,2026-08-24T19:05:00Z,248.71,248.71,248.585,248.71,8772.920993,2181347.32676498
1787598600000,2026-08-24T19:10:00Z,248.67,248.89,248.659,248.81,7012.3247659999999,1744381.4809210975751228
1787598900000,2026-08-24T19:15:00Z,248.816,249.158,248.816,249.111,7841.152088,1952684.9464076438
1787599200000,2026-08-24T19:20:00Z,249.112,249.115,248.673,248.727,8045.716575,2003078.0232458216
1787599500000,2026-08-24T19:25:00Z,248.728,248.817,248.725,248.756,11484.649899,2856729.5282162897
1787599800000,2026-08-24T19:30:00Z,248.755,249.021,248.755,248.91,8602.794878,2141069.2697956156
1787600100000,2026-08-24T19:35:00Z,248.91,248.96,248.85,248.935,18513.130106999999,4607948.1251165369510916
1787600400000,2026-08-24T19:40:00Z,248.935,248.935,248.162,248.454,16284.813484,4049873.165793407
1787600700000,2026-08-24T19:45:00Z,248.453,248.453,247.895,248.44,20941.81535,5196536.876053785
1787601000000,2026-08-24T19:50:00Z,248.35,248.506,248.267,248.48,34713.233481,8621975.73495703
1787601300000,2026-08-24T19:55:00Z,248.455,248.525,247.35,248.46,202281.73931,50173780.56488702
1787601600000,2026-08-24T20:00:00Z,248.506,248.628,248.5,248.628,210713.23286000002,52362870.50540858
1787601900000,2026-08-24T20:05:00Z,248.629,248.63,248.629,248.63,92034,22882413.42
1787602200000,2026-08-24T20:10:00Z,248.63,250.135,248.63,250.135,7.787169,1936.12382847
1787602500000,2026-08-24T20:15:00Z,250.135,250.135,248.63,248.63,5.4020969999999995,1344.47390136
1787603700000,2026-08-24T20:35:00Z,248.63,248.63,248.63,248.63,1,248.63
1787604600000,2026-08-24T20:50:00Z,248.63,248.63,248.63,248.63,0,0
1787605200000,2026-08-24T21:00:00Z,248.63,248.63,248.63,248.63,0,0
1787605500000,2026-08-24T21:05:00Z,248.881,250.135,248.881,250.135,0,0
1787605800000,2026-08-24T21:10:00Z,249.802,249.802,248.136,248.136,5,1245.678
1787606400000,2026-08-24T21:20:00Z,248.135,248.135,248.135,248.135,25,6203.375
1787606700000,2026-08-24T21:25:00Z,247.804,247.804,246.146,246.146,0,0
1787607000000,2026-08-24T21:30:00Z,246.145,246.145,246.145,246.145,4,984.58
1787607600000,2026-08-24T21:40:00Z,246.349,247.369,246.349,247.369,5,1231.745
1787607900000,2026-08-24T21:45:00Z,247.37,247.37,247.37,247.37,0,0
1787608800000,2026-08-24T22:00:00Z,247.392,248.683,247.392,248.683,0,0
1787609100000,2026-08-24T22:05:00Z,248.684,248.684,248.684,248.684,5,1243.42
1787609400000,2026-08-24T22:10:00Z,248.684,248.684,248.684,248.684,1,248.684
1787610000000,2026-08-24T22:20:00Z,248.684,248.684,248.684,248.684,10,2486.84
1787610300000,2026-08-24T22:25:00Z,248.685,248.685,248.685,248.685,3,746.055
1787611200000,2026-08-24T22:40:00Z,248.685,248.685,248.685,248.685,1,248.685
1787611500000,2026-08-24T22:45:00Z,248.685,248.685,248.685,248.685,1,248.685
1787611800000,2026-08-24T22:50:00Z,248.685,248.685,248.551,248.551,37,9197.0345
1787612100000,2026-08-24T22:55:00Z,248.55,248.55,248.55,248.55,90,22369.5
1787613600000,2026-08-24T23:20:00Z,248.558,248.594,248.558,248.594,0,0
1787613900000,2026-08-24T23:25:00Z,248.595,248.595,248.595,248.595,0,0
1787614200000,2026-08-24T23:30:00Z,248.595,248.595,248.595,248.595,0,0
1787614500000,2026-08-24T23:35:00Z,248.595,248.595,248.595,248.595,2,497.19
1787614800000,2026-08-24T23:40:00Z,248.595,248.595,248.595,248.595,2,497.19
1787615100000,2026-08-24T23:45:00Z,248.595,248.595,248.595,248.595,1,248.595
1787615700000,2026-08-24T23:55:00Z,248.595,248.595,248.595,248.595,0,0
1787622900000,2026-08-25T01:55:00Z,248.74,248.74,248.74,248.74,1,248.74
1787623200000,2026-08-25T02:00:00Z,248.89,248.89,248.89,248.89,1,248.89
1787625300000,2026-08-25T02:35:00Z,249.36,249.36,249.36,249.36,26,6483.36
1787625600000,2026-08-25T02:40:00Z,248.99,248.99,248.99,248.99,10,2489.9
1787628600000,2026-08-25T03:30:00Z,248.69,248.69,248.69,248.69,1,248.69
1787632500000,2026-08-25T04:35:00Z,248.69,248.69,248.69,248.69,1,248.69
1787635500000,2026-08-25T05:25:00Z,248.45,248.45,248.45,248.45,14,3478.3
1787643900000,2026-08-25T07:45:00Z,248.36,248.36,248.36,248.36,5,1241.8
1787644800000,2026-08-25T08:00:00Z,248.595,248.595,248.595,248.595,0,0
1787646000000,2026-08-25T08:20:00Z,248.595,248.595,248.595,248.595,5,1242.975
1787646300000,2026-08-25T08:25:00Z,248.595,248.595,248.595,248.595,1,248.595
1787649000000,2026-08-25T09:10:00Z,248.595,248.595,248.595,248.595,0,0
1787651400000,2026-08-25T09:50:00Z,248.595,248.595,248.595,248.595,0,0
1787654700000,2026-08-25T10:45:00Z,248.595,248.595,248.595,248.595,1,248.595
1787655300000,2026-08-25T10:55:00Z,248.595,248.595,248.595,248.595,1,248.595
1787655600000,2026-08-25T11:00:00Z,248.595,248.595,248.595,248.595,74,18396.03
1787655900000,2026-08-25T11:05:00Z,248.595,248.595,248.595,248.595,51,12678.345
1787656200000,2026-08-25T11:10:00Z,248.595,248.595,248.595,248.595,2,497.19
1787656500000,2026-08-25T11:15:00Z,248.595,248.595,248.595,248.595,72,17898.84
1787657100000,2026-08-25T11:25:00Z,248.595,248.595,248.595,248.595,3,745.785
1787657400000,2026-08-25T11:30:00Z,248.595,248.595,247.625,247.625,4,991.472
1787657700000,2026-08-25T11:35:00Z,247.625,247.625,247.625,247.625,0,0
1787658600000,2026-08-25T11:50:00Z,247.625,247.625,247.625,247.625,5,1238.125
1787658900000,2026-08-25T11:55:00Z,247.625,247.625,246.141,246.141,182,45067.75
1787659200000,2026-08-25T12:00:00Z,246.14,246.719,246.135,246.719,91,22398.8674
1787659500000,2026-08-25T12:05:00Z,246.72,246.72,246.32,246.32,28,6903.9264
1787660100000,2026-08-25T12:15:00Z,246.32,246.32,246.32,246.32,64,15764.48
1787661000000,2026-08-25T12:30:00Z,246.32,246.32,246.32,246.32,1,246.32
1787661300000,2026-08-25T12:35:00Z,246.32,246.32,246.32,246.32,110,27095.2
1787661600000,2026-08-25T12:40:00Z,246.32,246.32,246.32,246.32,225,55422
1787662200000,2026-08-25T12:50:00Z,246.32,246.32,246.32,246.32,6,1477.92
1787662500000,2026-08-25T12:55:00Z,246.32,246.32,246.32,246.32,10,2463.2
1787662800000,2026-08-25T13:00:00Z,246.32,246.32,246.32,246.32,0,0
1787663100000,2026-08-25T13:05:00Z,246.32,247.609,246.32,247.609,3,739.3899
1787663400000,2026-08-25T13:10:00Z,247.609,247.61,246.781,246.781,19,4702.9598
1787663700000,2026-08-25T13:15:00Z,246.78,246.78,246.78,246.78,799,197177.22
1787664000000,2026-08-25T13:20:00Z,246.78,246.78,245.876,245.876,1456,359270.6208
1787664300000,2026-08-25T13:25:00Z,245.875,245.875,245.635,245.635,635,155983.051
1787664600000,2026-08-25T13:30:00Z,245.525,245.635,243.888,243.915,27128.45929,6653392.99601488
1787664900000,2026-08-25T13:35:00Z,243.965,245.941,243.162,245.355,34229.216055,8363361.27558237
1787665200000,2026-08-25T13:40:00Z,245.775,246.624,245.606,245.89,22675.897658,5582118.92370056
1787665500000,2026-08-25T13:45:00Z,246.46,247.305,244.97,245.11,15849.251368,3905176.29081836
1787665800000,2026-08-25T13:50:00Z,245.13,245.25,243.804,244.3,9249.839951,2259965.29606008
1787666100000,2026-08-25T13:55:00Z,244.23,244.659,243.67,243.67,9376.110049,2288740.34173507
1787666400000,2026-08-25T14:00:00Z,244.34,244.643,243.885,244.602,6433.28135,1572516.29303805
1787666700000,2026-08-25T14:05:00Z,244.604,245.311,244.41,244.788,11529.599935,2821951.0788583841
1787667000000,2026-08-25T14:10:00Z,244.785,245.771,244.779,245.058,9781.753586,2401447.9182571031
1787667300000,2026-08-25T14:15:00Z,245.059,245.106,244.56,245.106,8036.000868,1967218.0521531232
1787667600000,2026-08-25T14:20:00Z,245.11,245.573,244.76,245.55,15035.769677,3683407.4028881465
1787667900000,2026-08-25T14:25:00Z,245.78,245.814,245.34,245.34,11425.204700999999,2806568.40170702
1787668200000,2026-08-25T14:30:00Z,245.32,245.707,245.083,245.165,25487.345757000003,6253131.67512135
1787668500000,2026-08-25T14:35:00Z,245.295,245.467,245.129,245.24,18474.055597,4530191.2868463
1787668800000,2026-08-25T14:40:00Z,245.83,246.062,245.266,246.02,12039.605736,2957780.77680828
1787669100000,2026-08-25T14:45:00Z,245.865,246.01,245.43,245.58,11855.783943000002,2913920.50540251
1787669400000,2026-08-25T14:50:00Z,245.64,245.72,245.4,245.64,7749.298338999999,1902889.02772099
1787669700000,2026-08-25T14:55:00Z,245.66,246.07,245.541,246.07,9174.743832,2254033.63263248
1787670000000,2026-08-25T15:00:00Z,245.77,246.063,245.44,245.44,6262.1629410000005,1539040.51411628
1787670300000,2026-08-25T15:05:00Z,245.568,246.112,245.568,246.112,13420.271268,3298998.5045953012
1787670600000,2026-08-25T15:10:00Z,246.099,246.429,246.063,246.375,5869.510371,1445834.2686415314
1787670900000,2026-08-25T15:15:00Z,246.375,246.5,246.16,246.324,6214.554185,1530976.5326432405
1787671200000,2026-08-25T15:20:00Z,246.321,246.46,246.307,246.342,5596.390508,1378831.0928885544
1787671500000,2026-08-25T15:25:00Z,246.344,246.54,246.25,246.292,8746.119904,2154946.0595375304
1787671800000,2026-08-25T15:30:00Z,246.305,246.694,246.305,246.351,6950.055086,1712483.8431132796
1787672100000,2026-08-25T15:35:00Z,246.326,246.63,246.217,246.595,6547.078385,1613532.8630533039
1787672400000,2026-08-25T15:40:00Z,246.56,246.684,246.56,246.59,5341,1317192.6131
1787672700000,2026-08-25T15:45:00Z,246.63,246.68,245.91,246.12,13087.203717,3224454.04364264
1787673000000,2026-08-25T15:50:00Z,245.92,246.707,245.909,246.02,22382.630269,5509699.31396493
1787673300000,2026-08-25T15:55:00Z,246.075,246.712,245.51,245.51,27031.296259000002,6652815.58817266
1787673600000,2026-08-25T16:00:00Z,245.75,246.059,245.457,245.65,13943.754971,3428663.37483112
1787673900000,2026-08-25T16:05:00Z,244.78,245.449,244.24,244.24,38073.903629,9317643.68038775
1787674200000,2026-08-25T16:10:00Z,244.469,244.82,243.87,244.3,43990.644165,10753392.8159301577
1787674500000,2026-08-25T16:15:00Z,244.3,244.521,244.3,244.513,7208.3,1761629.35942
1787674800000,2026-08-25T16:20:00Z,244.506,245.088,244.473,245.088,5020.766602,1228734.5841289186
1787675100000,2026-08-25T16:25:00Z,245.1,245.198,244.925,245.17,3227.86315,791176.140955745
1787675400000,2026-08-25T16:30:00Z,245.175,245.37,245.14,245.267,5033,1234299.0379
1787675700000,2026-08-25T16:35:00Z,245.269,245.508,245.269,245.339,6674.7818239999997,1638002.0228349119263864
1787676000000,2026-08-25T16:40:00Z,245.332,245.373,245.275,245.304,3412.137984,837027.9322585576
1787676300000,2026-08-25T16:45:00Z,245.302,245.418,245.1,245.25,5699.761112,1398372.7895936416
1787676600000,2026-08-25T16:50:00Z,245.25,245.25,244.51,244.62,9298.05041,2276987.41146656
1787676900000,2026-08-25T16:55:00Z,244.63,244.855,244.62,244.72,6239.647233000001,1527154.28424147
1787677200000,2026-08-25T17:00:00Z,244.61,244.835,244.58,244.63,11577.765885,2833511.16272701
1787677500000,2026-08-25T17:05:00Z,244.635,244.776,244.365,244.44,23824.629979999998,5825805.79699043
1787677800000,2026-08-25T17:10:00Z,244.65,245.104,244.65,245.06,13470.378574,3298645.16373112
1787678100000,2026-08-25T17:15:00Z,245.055,245.663,245.055,245.29,15073.739897000001,3697886.85678406
1787678400000,2026-08-25T17:20:00Z,245.23,245.756,244.99,245.65,24762.891335,6073651.31238552
1787678700000,2026-08-25T17:25:00Z,245.52,246.39,245.103,246.39,57641.886433,14162265.6452695
1787679000000,2026-08-25T17:30:00Z,246.381,246.5,246.091,246.365,5015.417169,1235612.8767959541
1787679300000,2026-08-25T17:35:00Z,246.365,246.365,244.075,244.075,34707.83007,8516572.3904002466
1787679600000,2026-08-25T17:40:00Z,244.075,244.087,243.019,243.74,19883.804435,4843969.732522882
1787679900000,2026-08-25T17:45:00Z,243.747,243.958,243.12,243.204,8424.3192,2052993.54036368
1787680200000,2026-08-25T17:50:00Z,243.193,243.34,243.11,243.246,6755.901575,1643108.2685768721
1787680500000,2026-08-25T17:55:00Z,243.25,243.464,242.925,243.415,14533.928908,3532457.8522377288
1787680800000,2026-08-25T18:00:00Z,243.408,244.57,243.377,243.95,24792.859307,6050298.1666962994
1787681100000,2026-08-25T18:05:00Z,243.68,244.66,243.555,244.385,38232.302491,9331503.35172784
1787681400000,2026-08-25T18:10:00Z,244.24,244.5,244.24,244.265,11518.322469,2814611.51936361
1787681700000,2026-08-25T18:15:00Z,244.05,244.364,243.555,244,10560.744482,2576467.86866785
1787682000000,2026-08-25T18:20:00Z,244.115,244.125,243.652,244,9039.231914,2205505.69669984
1787682300000,2026-08-25T18:25:00Z,243.85,244.195,243.424,244.195,20201.503278,4926209.2997521
1787682600000,2026-08-25T18:30:00Z,243.9,244.141,243.825,243.865,6301.468779999999,1537267.25446236
1787682900000,2026-08-25T18:35:00Z,243.97,244.244,243.77,243.77,9327.784823999998,2275706.19296066
1787683200000,2026-08-25T18:40:00Z,244.191,245.293,244.19,245.293,16622.863164,4070349.4912689744
1787683500000,2026-08-25T18:45:00Z,245.309,246.422,245.309,246.422,8521.723275,2094706.050436545
1787683800000,2026-08-25T18:50:00Z,246.439,246.603,246.12,246.24,3944.57041,972301.129975512
1787684100000,2026-08-25T18:55:00Z,246.24,246.49,245.921,246.002,8677,2137828.322
1787684400000,2026-08-25T19:00:00Z,246.003,246.109,245.4,245.486,7920.156977,1948227.8841228193
1787684700000,2026-08-25T19:05:00Z,245.486,246.283,245.485,245.83,12329.464134,3032382.1239821582
1787685000000,2026-08-25T19:10:00Z,245.826,245.957,245.78,245.911,3157.453986,776214.535689294
1787685300000,2026-08-25T19:15:00Z,245.9,246.135,245.781,246.134,6944.046805,1707354.3144904455
1787685600000,2026-08-25T19:20:00Z,245.99,246.135,245.85,245.99,19552.861800000002,4810322.71444734
1787685900000,2026-08-25T19:25:00Z,246.05,246.19,245.97,246.1,9499.193781,2337353.57328468
1787686200000,2026-08-25T19:30:00Z,246.34,246.418,246.031,246.21,13732.098589000001,3381128.30026245
1787686500000,2026-08-25T19:35:00Z,246.04,246.371,246.02,246.11,11631.904688,2864557.7613711
1787686800000,2026-08-25T19:40:00Z,246.06,246.273,245.385,245.965,17788.465815,4371056.53161822
1787687100000,2026-08-25T19:45:00Z,245.65,245.905,245.385,245.72,18911.412729,4647167.63984172
1787687400000,2026-08-25T19:50:00Z,245.773,245.953,245.09,245.953,46205.745724,11345259.5480126206
1787687700000,2026-08-25T19:55:00Z,245.982,247.74,245.982,246.831,105539.813551,26065839.3008498299
1787688000000,2026-08-25T20:00:00Z,246.828,246.828,244.23,244.23,0,0
1787688300000,2026-08-25T20:05:00Z,244.23,244.23,244.23,244.23,110,26865.3
1787688600000,2026-08-25T20:10:00Z,244.23,244.23,244.23,244.23,174.679121,42661.88172183
1787688900000,2026-08-25T20:15:00Z,244.23,244.23,244.23,244.23,0,0
1787689200000,2026-08-25T20:20:00Z,244.23,244.23,244.23,244.23,464,113322.72
1787689500000,2026-08-25T20:25:00Z,244.358,244.998,244.358,244.998,0,0
1787689800000,2026-08-25T20:30:00Z,244.999,245,244.999,245,0,0
1787690100000,2026-08-25T20:35:00Z,245,245,245,245,684,167580
1787690700000,2026-08-25T20:45:00Z,244.872,244.872,244.231,244.231,66,16122.4866
1787691900000,2026-08-25T21:05:00Z,244.23,244.23,244.23,244.23,4,976.92
1787692200000,2026-08-25T21:10:00Z,244.23,244.23,244.23,244.23,51,12455.73
1787692800000,2026-08-25T21:20:00Z,244.23,244.23,244.23,244.23,5,1221.15
1787693400000,2026-08-25T21:30:00Z,244.23,244.23,244.23,244.23,0,0
1787694300000,2026-08-25T21:45:00Z,244.23,244.23,244.23,244.23,5,1221.15
1787694600000,2026-08-25T21:50:00Z,244.23,244.23,244.23,244.23,10,2442.3
1787694900000,2026-08-25T21:55:00Z,244.502,245.864,244.502,245.864,5,1229.32
1787695500000,2026-08-25T22:05:00Z,245.864,245.865,245.864,245.865,19,4671.435
1787696400000,2026-08-25T22:20:00Z,245.865,245.865,245.865,245.865,40,9834.6
1787696700000,2026-08-25T22:25:00Z,245.865,245.865,245.865,245.865,5,1229.325
1787697000000,2026-08-25T22:30:00Z,245.865,245.865,245.865,245.865,18,4425.57
1787697300000,2026-08-25T22:35:00Z,245.865,245.865,244.636,244.636,32,7865.2192
1787697600000,2026-08-25T22:40:00Z,244.636,244.636,244.636,244.636,0,0
1787698200000,2026-08-25T22:50:00Z,244.635,244.635,244.635,244.635,0,0
1787698500000,2026-08-25T22:55:00Z,244.635,244.635,244.635,244.635,0,0
1787699400000,2026-08-25T23:10:00Z,244.635,244.635,244.635,244.635,55,13454.925
1787700300000,2026-08-25T23:25:00Z,244.635,244.635,244.635,244.635,4,978.54
1787700600000,2026-08-25T23:30:00Z,244.635,244.635,244.635,244.635,1.441617,352.6699748
1787701500000,2026-08-25T23:45:00Z,244.635,244.635,244.635,244.635,5,1223.175
1787701800000,2026-08-25T23:50:00Z,244.635,244.635,244.635,244.635,5,1223.175
1787702100000,2026-08-25T23:55:00Z,244.84,245.864,244.84,245.864,0,0
1787702700000,2026-08-26T00:05:00Z,246.74,246.74,246.6,246.6,2,493.34
1787704800000,2026-08-26T00:40:00Z,246.75,246.75,246.74,246.74,11,2714.24
1787706300000,2026-08-26T01:05:00Z,246.69,246.69,246.69,246.69,1,246.69
1787709900000,2026-08-26T02:05:00Z,246.3,246.3,246.3,246.3,1,246.3
1787712900000,2026-08-26T02:55:00Z,245.92,246,245.92,246,8,1967.6
1787716800000,2026-08-26T04:00:00Z,245.71,245.93,245.69,245.69,46,11304.42
1787729100000,2026-08-26T07:25:00Z,245.51,245.51,245.36,245.36,20,4908.7
1787730900000,2026-08-26T07:55:00Z,245.33,245.33,245.33,245.33,5,1226.65
1787731200000,2026-08-26T08:00:00Z,245.865,245.865,245.865,245.865,0,0
1787733000000,2026-08-26T08:30:00Z,245.368,245.368,242.881,242.881,18,4416.624
1787733300000,2026-08-26T08:35:00Z,242.88,242.88,242.876,242.876,0,0
1787734200000,2026-08-26T08:50:00Z,242.875,242.875,242.875,242.875,20,4857.5
1787736300000,2026-08-26T09:25:00Z,242.875,242.875,242.875,242.875,11,2671.625
1787739000000,2026-08-26T10:10:00Z,242.875,242.875,242.875,242.875,0,0
1787739600000,2026-08-26T10:20:00Z,242.875,242.875,242.875,242.875,0,0
1787742000000,2026-08-26T11:00:00Z,242.875,242.875,242.875,242.875,40,9715
1787742300000,2026-08-26T11:05:00Z,242.875,242.875,242.875,242.875,2,485.75
1787742600000,2026-08-26T11:10:00Z,242.875,242.875,242.875,242.875,26,6314.75
1787742900000,2026-08-26T11:15:00Z,242.875,242.875,242.875,242.875,41,9957.875
1787743200000,2026-08-26T11:20:00Z,242.875,242.875,242.875,242.875,11,2671.625
1787743500000,2026-08-26T11:25:00Z,243.062,243.999,243.062,243.999,0,0
1787743800000,2026-08-26T11:30:00Z,244,244,243.632,243.632,45,10980
1787744100000,2026-08-26T11:35:00Z,243.631,243.631,243.631,243.631,0,0
1787745000000,2026-08-26T11:50:00Z,243.63,243.63,243.63,243.63,55,13399.65
1787745300000,2026-08-26T11:55:00Z,243.63,243.63,243.63,243.63,34,8283.42
1787745600000,2026-08-26T12:00:00Z,243.63,243.63,243.63,243.63,50,12181.5
1787745900000,2026-08-26T12:05:00Z,243.63,243.63,243.63,243.63,101,24606.63
1787747100000,2026-08-26T12:25:00Z,243.63,243.63,243.63,243.63,99,24119.37
1787747400000,2026-08-26T12:30:00Z,243.63,243.63,243.63,243.63,111,27042.93
1787747700000,2026-08-26T12:35:00Z,243.63,243.63,243.63,243.63,5,1218.15
1787748000000,2026-08-26T12:40:00Z,243.624,243.624,243.597,243.597,0,0
1787748300000,2026-08-26T12:45:00Z,243.38,243.38,242.002,242.002,0,0
1787748600000,2026-08-26T12:50:00Z,242.001,242.001,242.001,242.001,0,0
1787749200000,2026-08-26T13:00:00Z,242,242,242,242,6,1452
1787749500000,2026-08-26T13:05:00Z,242,242,242,242,4.06004,982.52968
1787749800000,2026-08-26T13:10:00Z,241.99,242,241.99,241.99,489,118338
1787750100000,2026-08-26T13:15:00Z,242,242,242,242,11,2662
1787750400000,2026-08-26T13:20:00Z,242,242,242,242,11.005855,2663.41691
1787750700000,2026-08-26T13:25:00Z,241.813,241.813,239.743,239.743,456,109841.1432
1787751000000,2026-08-26T13:30:00Z,239.89,245.187,239.711,243.97,41800.940130999996,10079519.21510421
1787751300000,2026-08-26T13:35:00Z,245.825,246.56,244.888,245.01,28482.975795,6998762.75661033
1787751600000,2026-08-26T13:40:00Z,243.335,245.13,243.26,245.11,33792.29985,8241860.83189536
1787751900000,2026-08-26T13:45:00Z,245.04,246.889,244.945,246.77,12700.335733,3121075.75554542
1787752200000,2026-08-26T13:50:00Z,246.76,247.389,245.313,245.924,15044.2509,3708063.5202650818
1787752500000,2026-08-26T13:55:00Z,245.918,246.604,245.786,246,7753.065231,1906834.4351327096
1787752800000,2026-08-26T14:00:00Z,246,246.774,245.88,246.166,500,123178
1787753100000,2026-08-26T14:05:00Z,246.166,247.15,246.165,246.68,4379.599048,1078699.625121448
1787753400000,2026-08-26T14:10:00Z,246.63,246.682,246.421,246.435,12160.492262000002,2998736.04613551
1787753700000,2026-08-26T14:15:00Z,246.65,247.036,246.331,246.515,17324.178590000003,4273992.66256741
1787754000000,2026-08-26T14:20:00Z,247.28,247.7,246.646,247.13,15207.534557,3759815.03640497
1787754300000,2026-08-26T14:25:00Z,247.09,247.335,246.234,246.33,28469.327612999998,7027072.74698574
1787754600000,2026-08-26T14:30:00Z,246.96,247.254,246.155,246.155,32552.836188,8037962.58795905
1787754900000,2026-08-26T14:35:00Z,246.37,247.119,246.166,246.37,9290.708829,2293424.48143101
1787755200000,2026-08-26T14:40:00Z,246.93,246.93,246.277,246.679,10457.981994000002,2578995.87862137
1787755500000,2026-08-26T14:45:00Z,246.679,246.68,245.923,246.059,9519.439463,2345107.24810243
1787755800000,2026-08-26T14:50:00Z,246.059,246.757,246.059,246.757,1949.887234,479937.5826630624
1787756100000,2026-08-26T14:55:00Z,246.76,247.023,246.492,246.492,7996.279317,1973983.2038223914
1787756400000,2026-08-26T15:00:00Z,246.475,246.475,246.077,246.15,2445,602505.702
1787756700000,2026-08-26T15:05:00Z,246.15,246.15,245.53,245.614,8215.97881,2020666.2310011096
1787757000000,2026-08-26T15:10:00Z,245.615,245.812,245.6,245.812,7337.33347,1802591.183887778
1787757300000,2026-08-26T15:15:00Z,245.73,245.85,245.73,245.81,6078.948564,1494261.4850968252
1787757600000,2026-08-26T15:20:00Z,245.81,246.205,245.81,246.192,5902.100452,1452178.8495942136
1787757900000,2026-08-26T15:25:00Z,246.155,246.428,245.98,246.06,8119.689311,1998878.31960725
1787758200000,2026-08-26T15:30:00Z,246.55,246.58,246.337,246.46,9387.164264,2314143.44740623
1787758500000,2026-08-26T15:35:00Z,246.395,246.653,246.385,246.385,6869.506187999999,1693349.76215685
1787758800000,2026-08-26T15:40:00Z,247.08,247.142,246.656,246.85,14473.328647,3573574.84024202
1787759100000,2026-08-26T15:45:00Z,246.735,246.99,246.489,246.52,10595.629252,2614955.73818782
1787759400000,2026-08-26T15:50:00Z,246.415,246.66,246.124,246.28,4830.848752,1190761.70589898
1787759700000,2026-08-26T15:55:00Z,246.47,246.618,246.34,246.505,9855.6132,2429473.70084712
1787760000000,2026-08-26T16:00:00Z,246.548,246.974,246.505,246.804,8818.65657,2176101.395735427
1787760300000,2026-08-26T16:05:00Z,246.804,247.257,246.796,246.943,4525.380808,1117261.771944037
1787760600000,2026-08-26T16:10:00Z,246.946,247.14,246.07,246.135,6970.162051,1720849.6373044232
1787760900000,2026-08-26T16:15:00Z,246.135,246.455,246.045,246.045,6606.48227,1627530.690550672
1787761200000,2026-08-26T16:20:00Z,246.045,246.27,246.031,246.233,5250.313952,1292365.451977321
1787761500000,2026-08-26T16:25:00Z,246.245,246.699,246.245,246.684,8793.164056,2168045.3095722484
1787761800000,2026-08-26T16:30:00Z,246.685,246.685,246.295,246.485,4718.878249,1163481.8570515525
1787762100000,2026-08-26T16:35:00Z,246.47,246.624,246.16,246.16,5463.1344229999995,1345855.18400178
1787762400000,2026-08-26T16:40:00Z,246.17,246.345,246.113,246.195,5550.538327,1366573.61912203
1787762700000,2026-08-26T16:45:00Z,246.21,246.443,246.21,246.38,6282.012479,1547357.67297237
1787763000000,2026-08-26T16:50:00Z,246.38,246.385,245.8,245.845,10092.01,2484753.7821
1787763300000,2026-08-26T16:55:00Z,245.8,246.02,245.79,245.94,11310.957836,2781383.76050072
1787763600000,2026-08-26T17:00:00Z,245.965,246.104,245.879,245.96,5013.064125,1233056.36453648
1787763900000,2026-08-26T17:05:00Z,246.37,246.485,246.113,246.405,12040.251337,2966379.59837423
1787764200000,2026-08-26T17:10:00Z,246.408,246.42,246.16,246.16,5023.535224,1237413.132957184
1787764500000,2026-08-26T17:15:00Z,246.159,246.475,246.155,246.312,4803.713266,1182990.1211274604
1787764800000,2026-08-26T17:20:00Z,246.312,246.365,246.312,246.32,3217.051214,792519.2851430996
1787765100000,2026-08-26T17:25:00Z,246.32,246.65,246.32,246.525,3561.020293,877194.407452932
1787765400000,2026-08-26T17:30:00Z,246.525,246.525,246.32,246.375,3227.458854,795509.8677598572
1787765700000,2026-08-26T17:35:00Z,246.375,246.432,246.33,246.38,4040.694346,995544.2696364102
1787766000000,2026-08-26T17:40:00Z,246.38,246.543,246.38,246.543,4366.655842,1076140.6814636832
1787766300000,2026-08-26T17:45:00Z,246.546,246.565,246.335,246.36,5746.004054,1416569.9802520792
1787766600000,2026-08-26T17:50:00Z,246.36,246.928,246.36,246.877,9433.3882580000003,2327931.4971343542739304
1787766900000,2026-08-26T17:55:00Z,246.89,246.92,246.805,246.89,5400.1823110000005,1333129.50666079
1787767200000,2026-08-26T18:00:00Z,246.64,247.049,246.435,246.6,6215.370886,1532959.07532304
1787767500000,2026-08-26T18:05:00Z,246.68,246.81,246.472,246.63,5090.44194,1255606.88178782
1787767800000,2026-08-26T18:10:00Z,247.01,247.01,246.634,247.01,9821.896069999999,2424168.68815609
1787768100000,2026-08-26T18:15:00Z,247.21,247.253,246.896,247.245,11555.577972,2855279.31667945
1787768400000,2026-08-26T18:20:00Z,246.984,247.065,246.984,247.05,6741.225076,1665428.4186184
1787768700000,2026-08-26T18:25:00Z,247.052,247.41,247.049,247.41,10273.63594,2540248.94888846
1787769000000,2026-08-26T18:30:00Z,247.41,247.535,247.393,247.535,2240.86802,554455.73332058
1787769300000,2026-08-26T18:35:00Z,247.535,247.535,247.185,247.201,13436.54122,3324717.599178145
1787769600000,2026-08-26T18:40:00Z,247.199,247.229,246.535,246.947,7458.728677,1840921.4007710476
1787769900000,2026-08-26T18:45:00Z,246.953,247.062,246.83,246.954,2462.8873000000003,608393.9964163100741074
1787770200000,2026-08-26T18:50:00Z,246.955,247.03,246.81,246.995,5928.571,1463769.3071505
1787770500000,2026-08-26T18:55:00Z,246.995,247.174,246.995,247.138,4289.0054,1059705.84988407
1787770800000,2026-08-26T19:00:00Z,247.139,247.165,246.935,246.935,6732.577273,1663807.0098064894
1787771100000,2026-08-26T19:05:00Z,247.235,247.24,246.863,247.24,10675.012176,2637386.65572326
1787771400000,2026-08-26T19:10:00Z,247,247.225,246.94,247.13,16503.454797,4076904.55024922
1787771700000,2026-08-26T19:15:00Z,247.34,247.34,246.905,247.34,13719.117274,3391098.26734596
1787772000000,2026-08-26T19:20:00Z,246.85,247.071,246.77,246.9,9135.563436,2255334.91481175
1787772300000,2026-08-26T19:25:00Z,246.85,246.919,246.51,246.55,27247.423295,6722658.65885149
1787772600000,2026-08-26T19:30:00Z,246.21,246.561,246.21,246.52,13450.921245000001,3314434.77851983
1787772900000,2026-08-26T19:35:00Z,246.41,246.499,246.08,246.08,11714.458781,2885122.42413378
1787773200000,2026-08-26T19:40:00Z,246.12,246.13,245.176,245.296,18658.036008,4590423.5462456308
1787773500000,2026-08-26T19:45:00Z,245.297,246.093,245.108,246.093,14815.354456000001,3637482.1229270218455211
1787773800000,2026-08-26T19:50:00Z,245.86,246.063,245.21,245.3,55722.270772,13693438.1841181624
1787774100000,2026-08-26T19:55:00Z,245.303,245.87,244.67,244.949,108127.81881,26510698.35362017
1787774400000,2026-08-26T20:00:00Z,244.924,245.739,244.8,245.739,2990,732322.461
1787774700000,2026-08-26T20:05:00Z,245.739,252.74,240.895,252.687,239211.38364299998,58751361.995213087485264
1787775000000,2026-08-26T20:10:00Z,252.706,260.097,252.706,260,35474.802924,9073959.0947305608
1787775300000,2026-08-26T20:15:00Z,259.942,264.005,259.687,264.005,9847.932033000001,2579251.1981057609619079
1787775600000,2026-08-26T20:20:00Z,264.005,264.005,263.38,263.754,2444.056691,644478.19696317
1787775900000,2026-08-26T20:25:00Z,263.796,267,263.796,264.5,26346.006983000003,6973174.1864374
1787776200000,2026-08-26T20:30:00Z,264.5,265.988,264.5,264.5,3881,1030318.1775
1787776500000,2026-08-26T20:35:00Z,264.5,264.5,264,264.179,1344,355136.1408
1787776800000,2026-08-26T20:40:00Z,264.179,266.18,263.759,264.23,2201,585182.7313
1787777100000,2026-08-26T20:45:00Z,264.23,264.239,263.746,264.239,1286,339657.1626
1787777400000,2026-08-26T20:50:00Z,265.48,266.21,264.239,265.48,3985.026666,1056353.25963928
1787777700000,2026-08-26T20:55:00Z,265.998,266.497,265.45,266.497,1098,291784.2768
1787778000000,2026-08-26T21:00:00Z,266.499,266.65,265.547,265.547,1159,308719.8166
1787778300000,2026-08-26T21:05:00Z,265.539,266,265.5,266,1035,274927.05
1787778600000,2026-08-26T21:10:00Z,266,266,264.5,264.5,1275,338708.34
1787778900000,2026-08-26T21:15:00Z,264.5,264.939,264.5,264.939,141,37317.3843
1787779200000,2026-08-26T21:20:00Z,264.94,265,264.94,265,49,12982.06
1787779500000,2026-08-26T21:25:00Z,264.862,264.862,264.175,264.809,25,6607.966
1787779800000,2026-08-26T21:30:00Z,264.81,264.81,264.81,264.81,795,210523.95
1787780100000,2026-08-26T21:35:00Z,264.81,264.81,264.175,264.175,582,153876.9006
1787780400000,2026-08-26T21:40:00Z,267.01,267.399,264.175,267.01,932,246467.6796
1787780700000,2026-08-26T21:45:00Z,267.4,267.4,267.4,267.4,35,9359
1787781000000,2026-08-26T21:50:00Z,267.4,267.5,267.4,267.5,1039,277931.461
1787781300000,2026-08-26T21:55:00Z,267.5,267.5,267.5,267.5,301,80517.5
1787781600000,2026-08-26T22:00:00Z,267.426,267.426,266.902,267.054,201,53684.0046
1787781900000,2026-08-26T22:05:00Z,267.054,267.055,267.054,267.055,12,3204.6576
1787782200000,2026-08-26T22:10:00Z,267.055,267.055,266.91,266.91,111,29643.105
1787782500000,2026-08-26T22:15:00Z,266.908,268.097,266.9,267,1467.004134,392158.37149757
1787782800000,2026-08-26T22:20:00Z,267,267,267,267,96,25632
1787783100000,2026-08-26T22:25:00Z,267,267,267,267,448,119616
1787783400000,2026-08-26T22:30:00Z,267,267,267,267,157,41919
1787783700000,2026-08-26T22:35:00Z,267,267,267,267,434,115878
1787784000000,2026-08-26T22:40:00Z,267,267,267,267,3,801
1787784300000,2026-08-26T22:45:00Z,267,267,267,267,16,4272
1787784600000,2026-08-26T22:50:00Z,267,267,267,267,22,5874
1787784900000,2026-08-26T22:55:00Z,267,267,267,267,102,27234
1787785200000,2026-08-26T23:00:00Z,267,267.054,267,267.037,44,11748.3168
1787785500000,2026-08-26T23:05:00Z,267.036,267.036,267.035,267.035,49,13084.7346
1787785800000,2026-08-26T23:10:00Z,267.035,267.035,265.942,265.942,2,533.888
1787786100000,2026-08-26T23:15:00Z,265.941,265.941,265.941,265.941,45,11967.345
1787786400000,2026-08-26T23:20:00Z,265.94,266.979,265.94,266.979,351,93345.8175
1787786700000,2026-08-26T23:25:00Z,267.063,267.477,266.727,266.999,217,58012.8885
1787787000000,2026-08-26T23:30:00Z,266.999,267,266.726,266.726,64.10406499999999,17114.36224476
1787787300000,2026-08-26T23:35:00Z,266.771,266.998,266.771,266.998,20,5335.42
1787787600000,2026-08-26T23:40:00Z,266.999,267,266.999,267,47,12549
1787787900000,2026-08-26T23:45:00Z,267,267,267,267,0,0
1787788200000,2026-08-26T23:50:00Z,267,267,267,267,73,19491
1787788500000,2026-08-26T23:55:00Z,267,267.13,267,267.13,395,105512.8345
1787789100000,2026-08-27T00:05:00Z,266.71,266.71,264.99,264.99,22,5842.96
1787789400000,2026-08-27T00:10:00Z,264.99,264.99,264.99,264.99,7,1854.93
1787789700000,2026-08-27T00:15:00Z,264.99,264.99,263.8,264.01,197,52152.47
1787790000000,2026-08-27T00:20:00Z,264.43,264.43,264.43,264.43,3,793.29
1787790300000,2026-08-27T00:25:00Z,264.43,264.43,264.43,264.43,5,1322.15
1787793000000,2026-08-27T01:10:00Z,264.89,264.89,264.89,264.89,10,2648.9
1787794500000,2026-08-27T01:35:00Z,264.67,264.67,264.67,264.67,3,794.01
1787794800000,2026-08-27T01:40:00Z,264.65,264.65,264.52,264.52,48,12699.14
1787795400000,2026-08-27T01:50:00Z,264.58,264.58,263.99,263.99,166,43905.12
1787795700000,2026-08-27T01:55:00Z,264.17,264.17,264.17,264.17,10,2641.7
1787796300000,2026-08-27T02:05:00Z,263.99,263.99,263.99,263.99,6,1583.94
1787796600000,2026-08-27T02:10:00Z,263.99,264.49,262.79,264.49,75,19785.03
1787796900000,2026-08-27T02:15:00Z,264.23,264.23,264.23,264.23,1,264.23
1787797200000,2026-08-27T02:20:00Z,264.23,264.23,264.23,264.23,1,264.23
1787798100000,2026-08-27T02:35:00Z,264.42,264.43,264.42,264.43,4,1057.7
1787798400000,2026-08-27T02:40:00Z,264.43,264.43,264.43,264.43,3,793.29
1787798700000,2026-08-27T02:45:00Z,264.45,264.5,264.45,264.5,7,1851.28
1787802600000,2026-08-27T03:50:00Z,264.48,264.9,264.46,264.9,38,10053.54
1787802900000,2026-08-27T03:55:00Z,264.44,264.44,264.44,264.44,5,1322.2
1787803200000,2026-08-27T04:00:00Z,264.47,264.47,264.43,264.43,11,2908.99
1787804100000,2026-08-27T04:15:00Z,264.45,264.45,264.05,264.05,8,2113.2
1787805900000,2026-08-27T04:45:00Z,264.03,264.03,264.03,264.03,1,264.03
1787806200000,2026-08-27T04:50:00Z,264.54,264.83,264.54,264.83,17,4499.79
1787806500000,2026-08-27T04:55:00Z,263.96,264,263.96,264,14,3695.88
1787807700000,2026-08-27T05:15:00Z,263.26,263.26,263.22,263.22,11,2895.46
1787808600000,2026-08-27T05:30:00Z,264.01,264.01,264.01,264.01,1,264.01
1787810100000,2026-08-27T05:55:00Z,264.1,264.1,264.1,264.1,14,3697.4
1787810700000,2026-08-27T06:05:00Z,264.41,264.45,264.41,264.45,116,30676.08
1787811000000,2026-08-27T06:10:00Z,264.09,264.09,264.09,264.09,1,264.09
1787811300000,2026-08-27T06:15:00Z,264.09,264.09,264,264,90,23764.31
1787812500000,2026-08-27T06:35:00Z,264.03,264.03,264,264,60,15841.2
1787814300000,2026-08-27T07:05:00Z,264.5,264.5,264.5,264.5,10,2645
1787815200000,2026-08-27T07:20:00Z,264.03,264.11,264.01,264.11,55,14524.79
1787815800000,2026-08-27T07:30:00Z,263.99,263.99,263.99,263.99,1,263.99
1787816700000,2026-08-27T07:45:00Z,263.75,263.99,263.75,263.99,28,7388.8
1787817600000,2026-08-27T08:00:00Z,266.662,266.662,264.32,266,956.1548240000001,253399.09968617
1787817900000,2026-08-27T08:05:00Z,266,266,266,266,18,4788
1787818200000,2026-08-27T08:10:00Z,265.72,265.72,264.32,264.32,20,5286.4
1787818500000,2026-08-27T08:15:00Z,264.32,264.32,264.32,264.32,25,6608
1787818800000,2026-08-27T08:20:00Z,264.32,264.32,264.32,264.32,104,27489.28
1787819100000,2026-08-27T08:25:00Z,264.32,264.32,264.32,264.32,50,13216
1787819400000,2026-08-27T08:30:00Z,264.32,264.32,264.32,264.32,388,102556.16
1787819700000,2026-08-27T08:35:00Z,264.32,264.32,264.22,264.22,288,76124.16
1787820000000,2026-08-27T08:40:00Z,264.22,264.22,264.22,264.22,90,23779.8
1787820300000,2026-08-27T08:45:00Z,264.22,264.22,264.22,264.22,0,0
1787820600000,2026-08-27T08:50:00Z,264.22,264.22,264.22,264.22,66,17438.52
1787820900000,2026-08-27T08:55:00Z,264.22,264.22,264.22,264.22,0,0
1787821200000,2026-08-27T09:00:00Z,264.22,264.22,264.22,264.22,14,3699.08
1787821500000,2026-08-27T09:05:00Z,264.22,264.22,264.22,264.22,29,7662.38
1787821800000,2026-08-27T09:10:00Z,264.22,264.22,264.22,264.22,6,1585.32
1787822100000,2026-08-27T09:15:00Z,264.22,264.22,264.22,264.22,93,24572.46
1787822400000,2026-08-27T09:20:00Z,264.22,264.22,264.22,264.22,45,11889.9
1787823900000,2026-08-27T09:45:00Z,264.22,264.22,264.22,264.22,44,11625.68
1787824200000,2026-08-27T09:50:00Z,264.22,264.22,264.22,264.22,5,1321.1
1787824500000,2026-08-27T09:55:00Z,264.22,264.22,264.22,264.22,8,2113.76
1787824800000,2026-08-27T10:00:00Z,264.22,264.22,264.22,264.22,0,0
1787825100000,2026-08-27T10:05:00Z,264.22,264.22,264.22,264.22,0,0
1787825700000,2026-08-27T10:15:00Z,264.22,264.22,264.22,264.22,39,10304.58
1787826600000,2026-08-27T10:30:00Z,264.22,264.22,264.22,264.22,6,1585.32
1787826900000,2026-08-27T10:35:00Z,264.22,264.22,264.22,264.22,6,1585.32
1787827200000,2026-08-27T10:40:00Z,264.22,264.22,264.22,264.22,52,13739.44
1787827500000,2026-08-27T10:45:00Z,264.22,264.22,264.22,264.22,128,33820.16
1787827800000,2026-08-27T10:50:00Z,264.22,264.22,262.201,262.202,125.004989,32987.25403474
1787828100000,2026-08-27T10:55:00Z,262.201,262.687,262.2,262.687,2,524.472
1787828400000,2026-08-27T11:00:00Z,262.688,262.688,261.5,262.639,1378,361574.6602
1787828700000,2026-08-27T11:05:00Z,262.639,262.64,261.956,261.956,93,24408.7521
1787829000000,2026-08-27T11:10:00Z,261.955,262.505,261.955,262.505,111,29124.7683
1787829300000,2026-08-27T11:15:00Z,262.505,262.505,262.505,262.505,5,1312.525
1787829600000,2026-08-27T11:20:00Z,262.505,263.004,262.505,263.004,2,525.01
1787829900000,2026-08-27T11:25:00Z,263.005,263.005,263.005,263.005,52,13676.26
1787830200000,2026-08-27T11:30:00Z,263.005,263.005,262.681,263.003,41,10776.8992
1787830500000,2026-08-27T11:35:00Z,263.004,263.005,263.004,263.005,208,54705.0192
1787830800000,2026-08-27T11:40:00Z,263.042,263.224,263.042,263.224,1,263.042
1787831100000,2026-08-27T11:45:00Z,263.225,263.225,263.006,263.006,88,23163.8
1787831400000,2026-08-27T11:50:00Z,263.005,263.223,263.005,263.223,71,18674.0934
1787831700000,2026-08-27T11:55:00Z,263.224,263.225,263.224,263.225,25,6580.615
1787832000000,2026-08-27T12:00:00Z,263.225,263.225,263.225,263.225,5,1316.125
1787832300000,2026-08-27T12:05:00Z,263.225,263.225,263.225,263.225,162,42642.45
1787832600000,2026-08-27T12:10:00Z,263.225,263.225,263.225,263.225,99,26059.275
1787832900000,2026-08-27T12:15:00Z,263.354,264,263.354,264,9,2374.7058
1787833200000,2026-08-27T12:20:00Z,264.068,264.409,264.068,264.409,5,1320.34
1787833500000,2026-08-27T12:25:00Z,264.409,265.988,264.36,264.801,256,67681.8166
1787833800000,2026-08-27T12:30:00Z,264.801,266.43,264.8,266.43,354.642989,94047.9870387034
1787834100000,2026-08-27T12:35:00Z,266.43,266.43,266.43,266.43,10,2664.3
1787834400000,2026-08-27T12:40:00Z,266.43,266.82,266.43,266.82,344,91784.3944
1787834700000,2026-08-27T12:45:00Z,266.82,266.82,266.041,266.449,4785,1274772.3285
1787835000000,2026-08-27T12:50:00Z,266.449,266.45,266.297,266.297,21,5595.4458
1787835300000,2026-08-27T12:55:00Z,266.116,266.116,265.22,265.22,16,4243.52
1787835600000,2026-08-27T13:00:00Z,265.22,265.22,265.22,265.22,229,60735.38
1787835900000,2026-08-27T13:05:00Z,265.97,266.944,265.22,265.97,502,133323.4692
1787836200000,2026-08-27T13:10:00Z,266.945,266.945,266.671,266.945,734,195859.6792
1787836500000,2026-08-27T13:15:00Z,266.945,268.05,266.945,268.05,875.0048899999999,233945.41991338
1787836800000,2026-08-27T13:20:00Z,268.05,274.437,268.05,270.797,6879.471722,1865724.42610833
1787837100000,2026-08-27T13:25:00Z,268.01,274.137,268.01,268.01,7539.750672,2034638.66361749
1787837400000,2026-08-27T13:30:00Z,275.345,281.99,273.314,281.99,278219.92503299995,77723796.4771439
1787837700000,2026-08-27T13:35:00Z,280.648,288.86,280.648,287.73,187945.065783,53287688.5881827514
1787838000000,2026-08-27T13:40:00Z,287.763,289.76,286.027,289.104,166286.11287,47809435.329835723
1787838300000,2026-08-27T13:45:00Z,289.104,292.13,288.974,291.308,110971.54791899999,32172570.027901831701066
1787838600000,2026-08-27T13:50:00Z,291.342,293.6,290.47,291.525,142389.289519,41634472.3171310194
1787838900000,2026-08-27T13:55:00Z,291.422,295.41,290.71,295.266,114038.641506,33395264.499937975
1787839200000,2026-08-27T14:00:00Z,295.92,296.24,293.76,294.94,127250.909491,37533113.85764462
1787839500000,2026-08-27T14:05:00Z,295.13,295.185,292.95,292.95,127579.09464099999,37561594.6439234
1787839800000,2026-08-27T14:10:00Z,294.63,296.22,293.481,294.13,86673.62030499999,25563378.89496421
1787840100000,2026-08-27T14:15:00Z,294.425,294.8,293.715,294.73,86371.19398099999,25424466.4995903
1787840400000,2026-08-27T14:20:00Z,293.89,294.675,292.52,292.77,56960.10036800001,16697130.02960453
1787840700000,2026-08-27T14:25:00Z,292.29,292.939,290.22,290.61,130654.98505100001,38032032.96103297
1787841000000,2026-08-27T14:30:00Z,289.5,290.616,288.81,289.5,104317.825316,30226350.67987429
1787841300000,2026-08-27T14:35:00Z,289.45,289.99,288.19,288.49,87324.106105,25279988.15338369
1787841600000,2026-08-27T14:40:00Z,288.817,290.32,287.952,289.477,44541.015144000005,12856738.649412622243216
1787841900000,2026-08-27T14:45:00Z,289.458,289.777,288.79,288.905,17301.827597,5006646.0322129764
1787842200000,2026-08-27T14:50:00Z,288.905,289.446,288.49,288.718,46603.925956,13469866.4238197865
1787842500000,2026-08-27T14:55:00Z,288.727,289.163,288.623,288.787,23505.481413,6788410.4060043249
1787842800000,2026-08-27T15:00:00Z,288.789,288.944,288.03,288.944,25295.100362,7299764.3572770822
1787843100000,2026-08-27T15:05:00Z,288.946,289.041,287.998,288.18,56736.543897,16365900.0482321439
1787843400000,2026-08-27T15:10:00Z,287.925,288.254,286.29,286.29,128982.454063,37089575.37457678
1787843700000,2026-08-27T15:15:00Z,286.38,286.788,285.869,286.595,72706.58920999999,20820578.79516812
1787844000000,2026-08-27T15:20:00Z,286.52,286.815,284.72,284.72,59715.878135,17092768.40638391
1787844300000,2026-08-27T15:25:00Z,285.19,285.251,284.56,284.795,68027.66757,19382844.40728306
1787844600000,2026-08-27T15:30:00Z,284.805,285.563,284.654,285.05,32591.294709,9291393.54425833
1787844900000,2026-08-27T15:35:00Z,285.18,286.111,284.85,284.85,48753.769539,13922867.48685383
1787845200000,2026-08-27T15:40:00Z,284.857,285.77,283.902,284.62,32453.737314999998,9256835.2873068964296598
1787845500000,2026-08-27T15:45:00Z,284.105,285,283.49,284.68,15671.880544,4458659.1054205728
1787845800000,2026-08-27T15:50:00Z,284.68,285.08,284.22,284.457,37814.929514,10767938.0495899036
1787846100000,2026-08-27T15:55:00Z,284.445,285.6,284.179,285.452,50337.766763,14321327.5405053403
1787846400000,2026-08-27T16:00:00Z,285.46,287.25,285.46,286.823,20983.549361999998,5995634.4241092288286026
1787846700000,2026-08-27T16:05:00Z,286.833,286.88,286.179,286.219,13899.347505,3981438.494819544
1787847000000,2026-08-27T16:10:00Z,286.212,286.991,286.165,286.991,22500.678012999997,6444334.882245186140803
1787847300000,2026-08-27T16:15:00Z,287.004,287.294,286.971,286.971,9358.358007,2686620.1442161789
1787847600000,2026-08-27T16:20:00Z,286.97,287.7,286.31,287.597,28210.424746,8095848.4006382629
1787847900000,2026-08-27T16:25:00Z,287.598,287.599,285.956,286.577,18142.286838,5209279.1812377218
1787848200000,2026-08-27T16:30:00Z,286.4,286.576,285.81,286.2,39060.304714000005,11185929.91674599
1787848500000,2026-08-27T16:35:00Z,286.375,287.069,285.813,286.77,23436.785839999997,6719099.16350535
1787848800000,2026-08-27T16:40:00Z,287,287.24,286.866,286.985,23047.333928,6615421.45555759
1787849100000,2026-08-27T16:45:00Z,286.98,287.024,286.058,286.21,17935.496156,5138270.34529743
1787849400000,2026-08-27T16:50:00Z,286.19,286.31,285.635,286.08,23018.355736999998,6581682.19075631
1787849700000,2026-08-27T16:55:00Z,285.61,286.139,285.511,285.75,21057.305314,6015141.39531492
1787850000000,2026-08-27T17:00:00Z,285.694,285.694,285.425,285.51,8278.98343,2363793.974031943
1787850300000,2026-08-27T17:05:00Z,285.51,285.51,284.729,285.126,25311.935637,7217402.2019539999
1787850600000,2026-08-27T17:10:00Z,285.126,285.5,285.12,285.315,23816.565018,6794399.2699179461
1787850900000,2026-08-27T17:15:00Z,285.314,285.314,285.224,285.225,15994.214187,4562432.1027054533
1787851200000,2026-08-27T17:20:00Z,285.225,285.47,285.15,285.254,12592.037755,3591778.826941914
1787851500000,2026-08-27T17:25:00Z,285.255,285.285,284.153,284.355,76336.920386,21741531.5002358242
1787851800000,2026-08-27T17:30:00Z,284.36,284.392,283.576,284.125,23006.088393,6538688.7021603853
1787852100000,2026-08-27T17:35:00Z,284.178,284.52,284.11,284.342,14999.302114,4264445.7553624344
1787852400000,2026-08-27T17:40:00Z,283.93,284.84,283.233,284.84,42710.935108,12132323.00959911
1787852700000,2026-08-27T17:45:00Z,284.84,285.552,284.643,285.23,21852.820369,6228171.81039499
1787853000000,2026-08-27T17:50:00Z,285.065,285.499,284.94,285.2,25500.373584,7272326.5905904
1787853300000,2026-08-27T17:55:00Z,284.97,285.215,284.722,284.9,20869.26345,5947178.7000632
1787853600000,2026-08-27T18:00:00Z,284.93,285.42,284.771,285.42,28871.323644000004,8229245.34663188
1787853900000,2026-08-27T18:05:00Z,285.26,285.59,284.751,284.751,20910.683763,5966147.2874070194
1787854200000,2026-08-27T18:10:00Z,284.726,285.29,284.479,285.031,40553.216045,11549124.6062281265
1787854500000,2026-08-27T18:15:00Z,285.032,285.28,284.58,284.595,25888.975372,7377625.7645573024
1787854800000,2026-08-27T18:20:00Z,284.595,285.352,284.595,285.352,25027.512579,7133654.4074591341
1787855100000,2026-08-27T18:25:00Z,285.364,286.134,285.291,286.038,18657.153202,5325171.7955228092
1787855400000,2026-08-27T18:30:00Z,286.037,286.544,285.73,285.861,6250.878665,1789710.030712831
1787855700000,2026-08-27T18:35:00Z,285.852,286.3,285.335,285.392,73988.861387,21157828.7113504918
1787856000000,2026-08-27T18:40:00Z,285.39,285.39,283.191,283.51,12033.677937,3425664.0150813102
1787856300000,2026-08-27T18:45:00Z,283.249,283.665,283.129,283.44,27048.237178,7664641.432030533
1787856600000,2026-08-27T18:50:00Z,283.401,283.801,283.015,283.18,18728.015554,5306155.6362998379
1787856900000,2026-08-27T18:55:00Z,283.18,284.03,283.09,283.846,19546.807209,5535464.7377545461
1787857200000,2026-08-27T19:00:00Z,283.64,283.846,283.458,283.66,19112.003361,5421092.99654294
1787857500000,2026-08-27T19:05:00Z,283.78,284.148,283.48,284.1,30101.275513999997,8541854.00324554
1787857800000,2026-08-27T19:10:00Z,284.31,284.41,283.731,283.79,22174.673792,6299718.385873
1787858100000,2026-08-27T19:15:00Z,283.67,283.735,282.964,283.48,26532.865813,7522027.65868678
1787858400000,2026-08-27T19:20:00Z,282.98,283.71,282.98,283.66,33862.218012,9591080.45017006
1787858700000,2026-08-27T19:25:00Z,283.375,283.869,283.375,283.76,54811.458122000004,15540040.46497901
1787859000000,2026-08-27T19:30:00Z,283.81,285.37,283.594,285.093,56675.420603000006,16105975.9582407930050626
1787859300000,2026-08-27T19:35:00Z,285.097,286.24,284.624,285.387,42015.660229,11995906.6245438281
1787859600000,2026-08-27T19:40:00Z,285.274,286.038,284.415,284.481,34254.934582,9778621.0272329026
1787859900000,2026-08-27T19:45:00Z,284.485,284.635,283.535,283.535,81302.357937,23100690.8092797766
1787860200000,2026-08-27T19:50:00Z,283.644,283.735,282.71,283.523,81621.55504,23111543.3900433899
1787860500000,2026-08-27T19:55:00Z,283.51,283.51,281.96,282.166,128237.736335,36274838.9604187855
1787860800000,2026-08-27T20:00:00Z,282.172,282.2,282.172,282.2,0,0
1787861100000,2026-08-27T20:05:00Z,282.2,282.2,282.2,282.2,254,71678.8
1787861400000,2026-08-27T20:10:00Z,282.2,282.2,281.966,281.966,100007.207175,28222033.864785
1787861700000,2026-08-27T20:15:00Z,281.966,282.274,281.696,281.696,40.726387,11480.85809335
1787862000000,2026-08-27T20:20:00Z,281.695,281.695,281.695,281.695,46,12957.97
1787862300000,2026-08-27T20:25:00Z,281.695,281.695,281.695,281.695,178,50141.71
1787862600000,2026-08-27T20:30:00Z,281.695,282.274,281.695,281.696,223,62821.9321
1787862900000,2026-08-27T20:35:00Z,281.696,282.26,281.695,282.26,649,182951.7371
1787863200000,2026-08-27T20:40:00Z,282.161,282.203,281.2,282.203,646,181770.0588
1787863500000,2026-08-27T20:45:00Z,282.212,282.26,282.212,282.26,4465,1260290.4535
1787863800000,2026-08-27T20:50:00Z,282.26,282.26,282.26,282.26,10,2822.6
1787864100000,2026-08-27T20:55:00Z,282.26,282.26,282.26,282.26,9242,2608646.92
1787864700000,2026-08-27T21:05:00Z,282.26,282.26,282.26,282.26,0,0
1787865000000,2026-08-27T21:10:00Z,282.26,282.26,282.26,282.26,4,1129.04
1787865300000,2026-08-27T21:15:00Z,282.26,282.26,282.26,282.26,20,5645.2
1787865600000,2026-08-27T21:20:00Z,282.26,282.26,282.26,282.26,9,2540.34
1787865900000,2026-08-27T21:25:00Z,282.26,282.26,282.26,282.26,18,5080.68
1787866200000,2026-08-27T21:30:00Z,282.26,282.26,282.26,282.26,12,3387.12
1787866500000,2026-08-27T21:35:00Z,282.26,282.26,282.26,282.26,15,4233.9
1787866800000,2026-08-27T21:40:00Z,282.26,282.26,281.602,281.602,155,43680.395
1787867100000,2026-08-27T21:45:00Z,281.601,281.601,281.6,281.6,30,8448.024
1787867400000,2026-08-27T21:50:00Z,281.71,282.26,281.71,282.26,145,40922.074
1787867700000,2026-08-27T21:55:00Z,282.26,282.26,282.26,282.26,16,4516.16
1787868000000,2026-08-27T22:00:00Z,282.26,282.26,282.26,282.26,86,24274.36
1787868300000,2026-08-27T22:05:00Z,282.26,282.26,282.26,282.26,1,282.26
1787868600000,2026-08-27T22:10:00Z,282.26,282.26,282.26,282.26,100,28226
1787868900000,2026-08-27T22:15:00Z,282.26,282.26,282.26,282.26,61,17217.86
1787869200000,2026-08-27T22:20:00Z,282.26,282.26,282.26,282.26,155,43750.3
1787869500000,2026-08-27T22:25:00Z,282.275,282.349,282.275,282.349,20,5646.98
1787869800000,2026-08-27T22:30:00Z,282.35,282.35,282.35,282.35,20,5647
1787870100000,2026-08-27T22:35:00Z,282.35,282.35,282.35,282.35,49,13835.15
1787870400000,2026-08-27T22:40:00Z,282.35,282.35,282.35,282.35,105,29646.75
1787870700000,2026-08-27T22:45:00Z,282.352,282.365,282.352,282.365,77,21741.9664
1787871000000,2026-08-27T22:50:00Z,282.365,282.365,282.365,282.365,281,79344.565
1787871300000,2026-08-27T22:55:00Z,282.365,282.365,282.365,282.365,33,9318.045
1787871600000,2026-08-27T23:00:00Z,282.365,282.365,282.365,282.365,2,564.73
1787871900000,2026-08-27T23:05:00Z,282.365,282.365,282.365,282.365,23,6494.395
1787872200000,2026-08-27T23:10:00Z,282.365,282.365,282.365,282.365,55,15530.075
1787872500000,2026-08-27T23:15:00Z,282.365,282.365,282.365,282.365,26,7341.49
1787872800000,2026-08-27T23:20:00Z,282.365,282.365,282.365,282.365,25,7059.125
1787873100000,2026-08-27T23:25:00Z,282.365,282.365,282.365,282.365,25,7059.125
1787873400000,2026-08-27T23:30:00Z,282.365,282.365,282.365,282.365,0,0
1787873700000,2026-08-27T23:35:00Z,282.365,282.365,282.365,282.365,0,0
1787874000000,2026-08-27T23:40:00Z,282.365,282.365,282.365,282.365,0,0
1787874300000,2026-08-27T23:45:00Z,282.365,282.365,282.365,282.365,65,18353.725
1787874600000,2026-08-27T23:50:00Z,282.365,282.365,282.365,282.365,5,1411.825
1787874900000,2026-08-27T23:55:00Z,282.365,282.365,282.365,282.365,35,9882.775
1787877900000,2026-08-28T00:45:00Z,282.82,282.82,282.82,282.82,1,282.82
1787878200000,2026-08-28T00:50:00Z,283.37,283.37,283.37,283.37,1,283.37
1787879400000,2026-08-28T01:10:00Z,282.69,282.69,281.41,281.47,581,163527
1787881500000,2026-08-28T01:45:00Z,281.46,281.46,281.46,281.46,1,281.46
1787881800000,2026-08-28T01:50:00Z,281.47,282.46,281.47,282.46,103,29073.69
1787883000000,2026-08-28T02:10:00Z,282.97,282.97,282.97,282.97,5,1414.85
1787883600000,2026-08-28T02:20:00Z,282.95,282.95,282.95,282.95,1,282.95
1787884200000,2026-08-28T02:30:00Z,283,283,283,283,1,283
1787884800000,2026-08-28T02:40:00Z,283.14,283.14,283.14,283.14,10,2831.4
1787885100000,2026-08-28T02:45:00Z,283.52,283.54,283.45,283.54,10,2834.93
1787885700000,2026-08-28T02:55:00Z,283.3,283.3,283.3,283.3,16,4532.8
1787886900000,2026-08-28T03:15:00Z,283.3,283.3,283.3,283.3,2,566.6
1787887200000,2026-08-28T03:20:00Z,283.43,283.51,283.43,283.43,8,2267.52
1787887500000,2026-08-28T03:25:00Z,283.03,283.03,283.01,283.01,4,1132.1
1787887800000,2026-08-28T03:30:00Z,282.46,282.46,282.46,282.46,1,282.46
1787889600000,2026-08-28T04:00:00Z,283.33,283.33,283.33,283.33,1,283.33
1787890800000,2026-08-28T04:20:00Z,282.96,282.96,282.96,282.96,2,565.92
1787891400000,2026-08-28T04:30:00Z,282.52,282.52,282.51,282.51,12,3390.22
1787893200000,2026-08-28T05:00:00Z,282.49,282.49,282.49,282.49,8,2259.92
1787894700000,2026-08-28T05:25:00Z,282.49,282.49,282.49,282.49,1,282.49
1787895300000,2026-08-28T05:35:00Z,282.49,282.49,282.44,282.44,2,564.93
1787896200000,2026-08-28T05:50:00Z,282.52,282.55,282.52,282.55,12,3390.3
1787896500000,2026-08-28T05:55:00Z,282.42,282.55,282.42,282.55,5,1412.62
1787899200000,2026-08-28T06:40:00Z,282.52,282.52,282.52,282.52,3,847.56
1787900100000,2026-08-28T06:55:00Z,282.5,282.5,282.24,282.24,4,1129.48
1787900400000,2026-08-28T07:00:00Z,282.24,282.24,282,282.05,35,9871.47
1787900700000,2026-08-28T07:05:00Z,281.84,281.84,280.91,280.91,152,42762.47
1787901000000,2026-08-28T07:10:00Z,280.86,280.86,280,280,122,34169.12
1787901300000,2026-08-28T07:15:00Z,279.91,279.91,279.86,279.86,13,3638.33
1787901600000,2026-08-28T07:20:00Z,278.92,279,275.49,275.49,771,214312.91
1787902500000,2026-08-28T07:35:00Z,277.33,277.33,277.33,277.33,21,5823.93
1787903100000,2026-08-28T07:45:00Z,277.31,277.99,277.31,277.88,840,233310.93
1787903700000,2026-08-28T07:55:00Z,277.8,277.99,277.8,277.99,543,150944.26
1787904000000,2026-08-28T08:00:00Z,281.668,283.11,278.735,278.735,2431.182197,684003.38639716
1787904300000,2026-08-28T08:05:00Z,278.86,279.483,278.86,279.483,10,2788.6
1787904600000,2026-08-28T08:10:00Z,279.484,279.485,279.484,279.485,3,838.455
1787904900000,2026-08-28T08:15:00Z,279.36,279.36,278.737,278.737,4,1117.44
1787905500000,2026-08-28T08:25:00Z,278.866,279.519,278.866,279.519,10,2791.905
1787905800000,2026-08-28T08:30:00Z,279.53,279.584,279.53,279.584,0,0
1787906100000,2026-08-28T08:35:00Z,279.574,279.574,279.521,279.521,7,1957.018
1787906400000,2026-08-28T08:40:00Z,279.462,279.462,279.171,279.171,0,0
1787907000000,2026-08-28T08:50:00Z,279.171,279.171,279.17,279.17,20,5583.42
1787908500000,2026-08-28T09:15:00Z,279.17,279.17,279.17,279.17,100,27917
1787908800000,2026-08-28T09:20:00Z,279.17,279.17,279.17,279.17,1,279.17
1787909400000,2026-08-28T09:30:00Z,279.17,279.17,279.17,279.17,25,6979.25
1787909700000,2026-08-28T09:35:00Z,279.17,279.17,279.17,279.17,3,837.51
1787910000000,2026-08-28T09:40:00Z,279.228,279.519,279.228,279.519,5,1397.595
1787910300000,2026-08-28T09:45:00Z,279.519,279.52,279.519,279.52,26,7267.5096
1787910600000,2026-08-28T09:50:00Z,279.52,279.52,279.52,279.52,51,14255.52
1787910900000,2026-08-28T09:55:00Z,279.52,279.52,279.52,279.52,38,10621.76
1787911500000,2026-08-28T10:05:00Z,279.52,279.52,279.52,279.52,0,0
1787912400000,2026-08-28T10:20:00Z,279.52,279.52,279.52,279.52,4,1118.08
1787912700000,2026-08-28T10:25:00Z,279.52,279.52,279.52,279.52,34,9503.68
1787913000000,2026-08-28T10:30:00Z,279.52,279.52,279.52,279.52,11,3074.72
1787913300000,2026-08-28T10:35:00Z,279.52,279.52,279.52,279.52,46,12857.92
1787913600000,2026-08-28T10:40:00Z,279.52,279.52,279.52,279.52,3,838.56
1787914800000,2026-08-28T11:00:00Z,279.52,279.52,279.219,279.219,471.07169,131673.9587888
1787915100000,2026-08-28T11:05:00Z,279.105,279.105,278.536,278.536,127,35415.5248
1787915400000,2026-08-28T11:10:00Z,278.536,278.536,278.536,278.536,2,557.072
1787915700000,2026-08-28T11:15:00Z,278.735,279.734,278.735,279.734,63,17580.2823
1787916000000,2026-08-28T11:20:00Z,279.734,279.735,279.734,279.735,157,43918.238
1787916300000,2026-08-28T11:25:00Z,279.735,279.735,279.735,279.735,0,0
1787916600000,2026-08-28T11:30:00Z,279.735,279.735,279.735,279.735,740,207003.9
1787916900000,2026-08-28T11:35:00Z,279.735,279.735,279.522,279.522,1,279.735
1787917200000,2026-08-28T11:40:00Z,279.521,279.521,279.52,279.52,425,118796.3825
1787917500000,2026-08-28T11:45:00Z,279.52,279.52,279.52,279.52,9,2515.68
1787917800000,2026-08-28T11:50:00Z,279.52,279.52,279.52,279.52,446,124665.92
1787918100000,2026-08-28T11:55:00Z,279.52,279.52,279.52,279.52,23,6428.96
1787918400000,2026-08-28T12:00:00Z,279.52,279.534,279.52,279.534,220,61494.4
1787918700000,2026-08-28T12:05:00Z,279.534,279.534,279.534,279.534,20,5590.68
1787919000000,2026-08-28T12:10:00Z,279.535,279.535,279.535,279.535,6,1677.21
1787919300000,2026-08-28T12:15:00Z,279.568,279.735,279.568,279.735,172,48097.7016
1787919600000,2026-08-28T12:20:00Z,279.735,280.489,279.735,280.489,80,22414.624
1787919900000,2026-08-28T12:25:00Z,280.489,280.49,280.489,280.49,717.0044250000001,201112.21266604
1787920200000,2026-08-28T12:30:00Z,280.49,280.49,280.49,280.49,27,7573.23
1787920500000,2026-08-28T12:35:00Z,280.49,281.504,280.49,281.504,592,166581.3408
1787920800000,2026-08-28T12:40:00Z,281.504,281.505,280.01,280.01,1,281.504
1787921100000,2026-08-28T12:45:00Z,279.933,281.089,279.551,280.551,0,0
1787921400000,2026-08-28T12:50:00Z,280.55,280.55,280.55,280.55,109,30579.95
1787921700000,2026-08-28T12:55:00Z,280.3,280.3,279.05,279.05,118,32930.5314
1787922000000,2026-08-28T13:00:00Z,279.05,279.05,279.05,279.05,53,14789.65
1787922300000,2026-08-28T13:05:00Z,279.05,279.05,278.142,278.142,919,256243.851
1787922600000,2026-08-28T13:10:00Z,278.138,278.138,278.12,278.12,518.004425,144067.390681
1787922900000,2026-08-28T13:15:00Z,278.12,278.12,277.27,277.27,546.083677,151415.18771507
1787923200000,2026-08-28T13:20:00Z,277.27,277.375,277.27,277.375,498,138103.0194
1787923500000,2026-08-28T13:25:00Z,277.375,278.525,277.375,278.525,436,121188.9904
1787923800000,2026-08-28T13:30:00Z,280.62,283.663,278.51,278.51,210117.266516,58706470.10039728
1787924100000,2026-08-28T13:35:00Z,279.02,281.835,278.311,280.74,28163.625795,7873724.57804621
1787924400000,2026-08-28T13:40:00Z,280.395,282.385,280.006,282.385,17518.278302,4924633.28658843
1787924700000,2026-08-28T13:45:00Z,281.685,282.007,281.158,281.379,6262.65876,1762644.93204944
1787925000000,2026-08-28T13:50:00Z,281.377,281.49,280.45,280.792,5714.3537,1607314.86776886
1787925300000,2026-08-28T13:55:00Z,280.817,282.01,280.532,281.739,6875.8736309999995,1930950.135881345859617
1787925600000,2026-08-28T14:00:00Z,281.755,281.77,280.141,281.171,850,238748.5
1787925900000,2026-08-28T14:05:00Z,281.17,281.619,280.475,280.797,6180.0861669999995,1738122.3461585486593768
1787926200000,2026-08-28T14:10:00Z,280.31,280.862,279.775,280.62,11329.301142,3175059.30364778
1787926500000,2026-08-28T14:15:00Z,280.91,281.971,280.48,281.53,12506.854518999999,3514927.64470521
1787926800000,2026-08-28T14:20:00Z,281.01,281.721,280.53,280.53,15083.140765,4244195.20549883
1787927100000,2026-08-28T14:25:00Z,280.14,280.7,280.11,280.18,13722.056377,3847716.75192503
1787927400000,2026-08-28T14:30:00Z,280.04,281.937,280.04,281.52,14784.033315,4156174.67130936
1787927700000,2026-08-28T14:35:00Z,281.78,282.685,281.75,282.64,10506.415513,2965428.42405339
1787928000000,2026-08-28T14:40:00Z,282.62,282.705,281.626,281.67,16085.384213,4540883.05233042
1787928300000,2026-08-28T14:45:00Z,281.18,282.449,280.987,281.18,17989.707557,5073595.84597333
1787928600000,2026-08-28T14:50:00Z,281.445,282.22,280.808,281.33,19563.081654,5503212.24776012
1787928900000,2026-08-28T14:55:00Z,282.267,282.84,282.088,282.738,3631.85602,1025644.8214878
1787929200000,2026-08-28T15:00:00Z,282.737,283.462,282.731,283.462,15669.655267000002,4434543.779871534566004
1787929500000,2026-08-28T15:05:00Z,283.462,283.924,282.836,282.924,12432.748329999999,3525813.9325305347164105
1787929800000,2026-08-28T15:10:00Z,282.888,283.3,282.724,282.728,7456.2723590000005,2109145.3234090275414343
1787930100000,2026-08-28T15:15:00Z,282.699,284.226,282.699,283.814,29531.939478999997,8366714.4461531244500679
1787930400000,2026-08-28T15:20:00Z,284.265,284.58,283.566,284.265,9159.91001,2602716.98204342
1787930700000,2026-08-28T15:25:00Z,284.56,284.626,283.29,283.42,14598.854153000002,4147657.09524219
1787931000000,2026-08-28T15:30:00Z,283.05,283.356,282.833,283.04,7752.960565,2194076.98575021
1787931300000,2026-08-28T15:35:00Z,282.72,283.335,281.982,282.01,10239.07533,2891715.55906847
1787931600000,2026-08-28T15:40:00Z,282.06,282.529,281.82,281.85,6943.194641,1959240.38426988
1787931900000,2026-08-28T15:45:00Z,283.36,283.424,281.868,283.11,13241.923958,3741799.58504477
1787932200000,2026-08-28T15:50:00Z,283.189,283.586,283.087,283.586,6010.842318,1702613.16246973
1787932500000,2026-08-28T15:55:00Z,283.557,283.557,282.605,282.712,9683.527016,2742117.1100422512
1787932800000,2026-08-28T16:00:00Z,282.724,283.15,282.029,282.294,200,56535
1787933100000,2026-08-28T16:05:00Z,282.267,282.267,281,281.159,2174.963766,613242.0851350788
1787933400000,2026-08-28T16:10:00Z,281.16,281.6,281.074,281.074,7764.154485999999,2183123.95837347971882
1787933700000,2026-08-28T16:15:00Z,281.071,281.071,279.555,279.555,12430.234594,3483508.6077486112
1787934000000,2026-08-28T16:20:00Z,279.554,279.588,278.66,278.777,6970.184643,1947706.161809924
1787934300000,2026-08-28T16:25:00Z,278.778,279,278.333,278.361,16694.5011140000002,4652721.8308080906557259
1787934600000,2026-08-28T16:30:00Z,278.369,279.397,278.369,279.24,7186.17948,2003310.726888356
1787934900000,2026-08-28T16:35:00Z,279.239,279.244,278.859,278.859,2434.117289,679615.0401462271
1787935200000,2026-08-28T16:40:00Z,278.852,278.852,278.385,278.596,13782.312676,3842152.704855801
1787935500000,2026-08-28T16:45:00Z,278.75,279.269,278.615,278.87,9904.329138000001,2763094.88642553
1787935800000,2026-08-28T16:50:00Z,279.17,279.278,278.561,278.61,11585.125162,3232666.98470383
1787936100000,2026-08-28T16:55:00Z,278.4,278.559,277.965,278.28,21018.802326999998,5851310.87828096
1787936400000,2026-08-28T17:00:00Z,278.24,278.52,277.946,278.38,12592.891950000001,3504128.33694768
1787936700000,2026-08-28T17:05:00Z,278.34,278.69,278.235,278.6,7595.838237999999,2114821.12888278
1787937000000,2026-08-28T17:10:00Z,278.653,279.319,278.44,279.082,4370.738821,1218021.6418494934
1787937300000,2026-08-28T17:15:00Z,279.076,279.288,278.88,279.213,7033.888434,1963007.6552181406
1787937600000,2026-08-28T17:20:00Z,279.208,279.229,279.094,279.119,6272.353034,1751113.9897956974
1787937900000,2026-08-28T17:25:00Z,279.12,279.171,278.84,278.958,4176.675455,1165441.741748964
1787938200000,2026-08-28T17:30:00Z,278.957,279.643,278.956,279.5,10487.583181999998,2927879.846586211441668
1787938500000,2026-08-28T17:35:00Z,279.497,279.642,279.29,279.457,13317.9402,3722025.8896838472
1787938800000,2026-08-28T17:40:00Z,279.458,279.763,279.009,279.14,11819.21062,3304653.6685033164
1787939100000,2026-08-28T17:45:00Z,279.119,279.276,278.784,278.795,9594.383232,2678033.7070547456
1787939400000,2026-08-28T17:50:00Z,278.85,278.859,278.74,278.85,5980.333968,1667228.00330228
1787939700000,2026-08-28T17:55:00Z,278.74,278.946,278.486,278.93,19607.610631,5464741.08167392
1787940000000,2026-08-28T18:00:00Z,278.75,278.932,278.244,278.54,22443.480326999997,6250244.43800164
1787940300000,2026-08-28T18:05:00Z,278.54,278.693,278.3,278.48,11674.735916,3251049.70084542
1787940600000,2026-08-28T18:10:00Z,278.6,278.74,278.155,278.155,14298.79487,3981375.03203613
1787940900000,2026-08-28T18:15:00Z,278.211,278.43,278.211,278.36,8524.539698,2372318.1938846033
1787941200000,2026-08-28T18:20:00Z,278.36,278.36,277.973,277.984,7938.308965,2208735.8663557132
1787941500000,2026-08-28T18:25:00Z,277.985,278.015,277.73,277.809,11732.768457,3260528.7799386068
1787941800000,2026-08-28T18:30:00Z,277.803,277.803,277.08,277.229,4629.553,1284989.0585701
1787942100000,2026-08-28T18:35:00Z,277.229,277.295,276.72,276.932,12064.771064,3344928.9253723055
1787942400000,2026-08-28T18:40:00Z,276.937,277.5,276.937,277.203,15631.356178,4333863.1195028404
1787942700000,2026-08-28T18:45:00Z,277.213,277.404,277.16,277.404,7382.304704,2047083.421673178
1787943000000,2026-08-28T18:50:00Z,277.404,277.405,277.139,277.391,9003.778213,2496785.4395000666
1787943300000,2026-08-28T18:55:00Z,277.391,277.555,277.254,277.555,11710.205558,3248309.0989678448
1787943600000,2026-08-28T19:00:00Z,277.57,277.927,277.57,277.927,5231.015,1452299.7808225
1787943900000,2026-08-28T19:05:00Z,277.955,278.027,277.255,277.436,14415.09314,4002351.8718243784
1787944200000,2026-08-28T19:10:00Z,277.426,278.023,277.426,278.002,7491.957995,2080389.9278792649
1787944500000,2026-08-28T19:15:00Z,277.76,278.04,277.755,277.8,14203.421332999998,3946886.48959377
1787944800000,2026-08-28T19:20:00Z,277.86,278.362,277.18,277.18,22888.091452,6360657.83473943
1787945100000,2026-08-28T19:25:00Z,277.3,277.815,276.85,277.06,27875.364023,7728377.77450309
1787945400000,2026-08-28T19:30:00Z,277.24,277.882,277.115,277.665,31347.136141,8700334.94166227
1787945700000,2026-08-28T19:35:00Z,277.322,277.604,277.203,277.39,34866.283817,9671402.4534608251
1787946000000,2026-08-28T19:40:00Z,277.389,277.442,276.897,277.098,16262.525297,4510281.8873358568
1787946300000,2026-08-28T19:45:00Z,277.099,277.53,276.567,276.898,41556.718628,11515075.84002223
1787946600000,2026-08-28T19:50:00Z,276.909,277.676,276.77,277.374,19470.541611,5395682.5648862925
1787946900000,2026-08-28T19:55:00Z,277.343,277.405,276.47,276.632,27706.465171,7680906.6703246857
1787947200000,2026-08-28T20:00:00Z,276.626,276.626,276.595,276.595,0,0
1787947500000,2026-08-28T20:05:00Z,276.595,276.595,276.595,276.595,135,37340.325
1787947800000,2026-08-28T20:10:00Z,276.595,276.595,276.595,276.595,24,6638.28
1787948100000,2026-08-28T20:15:00Z,276.595,276.595,276.595,276.595,5.395693,1492.421705335
1787948400000,2026-08-28T20:20:00Z,276.595,279.872,276.595,279.872,134,37069.3982
1787948700000,2026-08-28T20:25:00Z,279.893,280,279.893,280,531,148680
1787949000000,2026-08-28T20:30:00Z,280,280,280,280,6,1680
1787949300000,2026-08-28T20:35:00Z,280,280,278.601,278.601,9881,2766633.5593
1787949600000,2026-08-28T20:40:00Z,278.6,278.6,278.6,278.6,28,7800.8
1787949900000,2026-08-28T20:45:00Z,278.6,278.6,278.6,278.6,26,7243.6
1787950200000,2026-08-28T20:50:00Z,278.6,278.6,278.6,278.6,5,1393
1787950500000,2026-08-28T20:55:00Z,278.6,278.6,278.6,278.6,4.5,1253.7
1787950800000,2026-08-28T21:00:00Z,278.974,280.843,278.974,280.843,1,278.974
1787951100000,2026-08-28T21:05:00Z,280.844,280.845,280.844,280.845,115,32297.06
1787951400000,2026-08-28T21:10:00Z,280.845,280.845,280.845,280.845,344,96610.68
1787951700000,2026-08-28T21:15:00Z,280.845,280.845,280.845,280.845,0,0
1787952000000,2026-08-28T21:20:00Z,280.845,280.845,280.845,280.845,15,4212.675
1787952300000,2026-08-28T21:25:00Z,280.845,280.845,280.845,280.845,0,0
1787952600000,2026-08-28T21:30:00Z,280.845,280.845,280.845,280.845,73,20501.685
1787953200000,2026-08-28T21:40:00Z,280.845,280.845,280.845,280.845,216,60662.52
1787953500000,2026-08-28T21:45:00Z,280.845,280.845,280.346,280.346,79,22186.6681
1787954100000,2026-08-28T21:55:00Z,276.7,279.844,276.49,276.7,2218,617024.9764
1787954400000,2026-08-28T22:00:00Z,276.49,276.49,276.49,276.49,41,11336.09
1787954700000,2026-08-28T22:05:00Z,276.49,276.49,276.49,276.49,10,2764.9
1787955000000,2026-08-28T22:10:00Z,276.49,276.49,276.49,276.49,1,276.49
1787955300000,2026-08-28T22:15:00Z,276.49,276.49,276.49,276.49,138,38155.62
1787955600000,2026-08-28T22:20:00Z,276.49,276.49,276.49,276.49,2,552.98
1787955900000,2026-08-28T22:25:00Z,276.49,276.49,276.49,276.49,5,1382.45
1787956200000,2026-08-28T22:30:00Z,276.49,276.49,276.49,276.49,13,3594.37
1787956500000,2026-08-28T22:35:00Z,276.49,276.49,276.49,276.49,72,19907.28
1787956800000,2026-08-28T22:40:00Z,276.49,276.49,276.49,276.49,5,1382.45
1787957100000,2026-08-28T22:45:00Z,276.49,276.49,276.49,276.49,47,12995.03
1787957400000,2026-08-28T22:50:00Z,276.49,276.49,276.49,276.49,5,1382.45
1787957700000,2026-08-28T22:55:00Z,276.49,276.49,276.49,276.49,154,42579.46
1787958000000,2026-08-28T23:00:00Z,276.49,276.49,276.49,276.49,11,3041.39
1787958600000,2026-08-28T23:10:00Z,276.49,276.49,276.49,276.49,6,1658.94
1787958900000,2026-08-28T23:15:00Z,276.49,276.49,276.49,276.49,25,6912.25
1787959200000,2026-08-28T23:20:00Z,276.49,276.49,276.49,276.49,43,11889.07
1787959800000,2026-08-28T23:30:00Z,276.49,276.49,276.49,276.49,0.980277,271.03678773
1787960100000,2026-08-28T23:35:00Z,276.49,276.49,276.49,276.49,109,30137.41
1787960400000,2026-08-28T23:40:00Z,276.627,277.314,276.627,277.314,0,0
1787960700000,2026-08-28T23:45:00Z,277.314,277.314,277.314,277.314,0,0
1787961000000,2026-08-28T23:50:00Z,277.315,277.315,277.315,277.315,0,0
1787961300000,2026-08-28T23:55:00Z,277.315,277.315,277.315,277.315,2,554.63
1788134400000,2026-08-31T00:00:00Z,278.01,278.01,278,278,15,4170.05
1788138300000,2026-08-31T01:05:00Z,276.19,276.19,276.19,276.19,11,3038.09
1788146700000,2026-08-31T03:25:00Z,276.19,276.19,276.19,276.19,5,1380.95
1788148500000,2026-08-31T03:55:00Z,276.21,276.21,276.01,276.01,30,8284.9
1788150600000,2026-08-31T04:30:00Z,275.62,275.62,275.62,275.62,2,551.24
1788152400000,2026-08-31T05:00:00Z,275.62,275.62,275.62,275.62,2,551.24
1788155100000,2026-08-31T05:45:00Z,275.62,275.62,275.62,275.62,1,275.62
1788156600000,2026-08-31T06:10:00Z,274.7,274.7,274.04,274.04,24,6587.51
1788157200000,2026-08-31T06:20:00Z,274.01,274.01,274.01,274.01,5,1370.05
1788158700000,2026-08-31T06:45:00Z,274.67,274.8,274.2,274.2,39,10706
1788159000000,2026-08-31T06:50:00Z,274.2,274.2,274.2,274.2,5,1371
1788159300000,2026-08-31T06:55:00Z,274.68,274.68,274.67,274.67,620,170295.8
1788159600000,2026-08-31T07:00:00Z,274.58,274.58,274.56,274.57,27,7413.46
1788162900000,2026-08-31T07:55:00Z,277.315,277.315,277.315,277.315,0,0
1788163200000,2026-08-31T08:00:00Z,276.817,276.817,274.325,274.645,896.004514,246101.16943826
1788163500000,2026-08-31T08:05:00Z,274.645,274.645,274.645,274.645,13,3570.385
1788163800000,2026-08-31T08:10:00Z,274.645,274.645,274.645,274.645,2,549.29
1788164100000,2026-08-31T08:15:00Z,274.645,274.645,274.645,274.645,1,274.645
1788165000000,2026-08-31T08:30:00Z,274.645,274.645,274.645,274.645,1,274.645
1788165600000,2026-08-31T08:40:00Z,274.645,274.645,274.645,274.645,20,5492.9
1788165900000,2026-08-31T08:45:00Z,274.645,274.645,274.645,274.645,0,0
1788168000000,2026-08-31T09:20:00Z,274.645,274.645,274.645,274.645,55,15105.475
1788168300000,2026-08-31T09:25:00Z,274.645,274.645,274.645,274.645,5,1373.225
1788168600000,2026-08-31T09:30:00Z,274.645,274.645,274.645,274.645,1,274.645
1788168900000,2026-08-31T09:35:00Z,274.645,274.645,274.645,274.645,99,27189.855
1788169200000,2026-08-31T09:40:00Z,274.645,274.645,274.645,274.645,2,549.29
1788169500000,2026-08-31T09:45:00Z,274.645,274.645,274.645,274.645,20,5492.9
1788170100000,2026-08-31T09:55:00Z,274.645,274.645,274.645,274.645,9,2471.805
1788170400000,2026-08-31T10:00:00Z,274.645,274.645,274.645,274.645,0,0
1788172500000,2026-08-31T10:35:00Z,274.645,274.645,274.645,274.645,60,16478.7
1788173700000,2026-08-31T10:55:00Z,274.645,274.645,274.645,274.645,8,2197.16
1788174000000,2026-08-31T11:00:00Z,274.645,274.645,274.645,274.645,99,27189.855
1788174300000,2026-08-31T11:05:00Z,274.645,274.645,274.645,274.645,30,8239.35
1788174600000,2026-08-31T11:10:00Z,274.645,274.645,274.645,274.645,53,14556.185
1788174900000,2026-08-31T11:15:00Z,274.645,274.645,274.645,274.645,0,0
1788175200000,2026-08-31T11:20:00Z,274.645,274.645,274.645,274.645,0,0
1788175500000,2026-08-31T11:25:00Z,274.645,274.645,274.645,274.645,8,2197.16
1788175800000,2026-08-31T11:30:00Z,274.645,274.645,274.645,274.645,10,2746.45
1788176100000,2026-08-31T11:35:00Z,274.645,274.645,274.645,274.645,30,8239.35
1788176700000,2026-08-31T11:45:00Z,274.645,274.645,274.645,274.645,139,38175.655
1788177000000,2026-08-31T11:50:00Z,274.645,274.645,274.645,274.645,130,35703.85
1788177300000,2026-08-31T11:55:00Z,274.645,274.645,274.645,274.645,337264,92627871.28
1788177600000,2026-08-31T12:00:00Z,274.645,274.645,272.851,272.851,324,88634.0556
1788177900000,2026-08-31T12:05:00Z,272.85,272.85,272.85,272.85,16,4365.6
1788178200000,2026-08-31T12:10:00Z,272.85,272.85,272.85,272.85,26,7094.1
1788178500000,2026-08-31T12:15:00Z,272.85,272.85,272.85,272.85,1505.004605,410640.50647425
1788178800000,2026-08-31T12:20:00Z,272.85,272.85,272.85,272.85,29,7912.65
1788179100000,2026-08-31T12:25:00Z,272.85,272.85,272.85,272.85,538,146793.3
1788179400000,2026-08-31T12:30:00Z,272.85,272.85,272.85,272.85,3,818.55
1788179700000,2026-08-31T12:35:00Z,272.85,272.85,272.85,272.85,130,35470.5
1788180000000,2026-08-31T12:40:00Z,272.85,272.85,272.85,272.85,16,4365.6
1788180300000,2026-08-31T12:45:00Z,272.85,272.85,272.85,272.85,67,18280.95
1788180600000,2026-08-31T12:50:00Z,272.85,272.85,272.85,272.85,349,95224.65
1788180900000,2026-08-31T12:55:00Z,272.85,272.85,272.85,272.85,45,12278.25
1788181200000,2026-08-31T13:00:00Z,272.625,272.625,271.5,271.5,284,77106.3124
1788181500000,2026-08-31T13:05:00Z,271.5,271.5,271.5,271.5,107,29050.5
1788181800000,2026-08-31T13:10:00Z,271.5,271.5,271.5,271.5,1192,323628
1788182100000,2026-08-31T13:15:00Z,271.5,271.5,271.5,271.5,527,143080.5
1788182400000,2026-08-31T13:20:00Z,271.832,273.495,271.832,273.495,110,30067.818
1788182700000,2026-08-31T13:25:00Z,273.512,273.62,273.512,273.62,248,67856.024
1788183000000,2026-08-31T13:30:00Z,275.8,278.845,273.637,278.615,62153.677599,17121007.41561454
1788183300000,2026-08-31T13:35:00Z,278.115,280.324,277.752,279.83,17133.247818,4781373.75524448
1788183600000,2026-08-31T13:40:00Z,280.51,283.47,280.035,283.47,28584.148149,8043033.33189895
1788183900000,2026-08-31T13:45:00Z,283.99,284.12,283.258,283.33,22563.519297,6399284.83486076
1788184200000,2026-08-31T13:50:00Z,284.37,284.433,283.52,283.52,22100.365413,6279849.77261553
1788184500000,2026-08-31T13:55:00Z,284.26,284.65,284.063,284.65,18896.638164999997,5371242.79092554
1788184800000,2026-08-31T14:00:00Z,284.52,286.352,284.209,285.85,29084.973886,8291387.2965619
1788185100000,2026-08-31T14:05:00Z,286.81,287.192,286.02,286.81,18182.661321,5214769.08420148
1788185400000,2026-08-31T14:10:00Z,286.97,287.245,286.6,286.97,19284.888456999997,5532728.43142679
1788185700000,2026-08-31T14:15:00Z,287.08,287.334,286.688,287,17077.342963,4902290.38033063
1788186000000,2026-08-31T14:20:00Z,287.175,287.26,285.76,285.76,23800.644725,6819094.15938608
1788186300000,2026-08-31T14:25:00Z,285.764,286.291,285.456,285.456,16726.859135000001,4785600.449395541685857
1788186600000,2026-08-31T14:30:00Z,285.498,285.949,285.36,285.36,7949.223102,2271948.2954118243
1788186900000,2026-08-31T14:35:00Z,285.331,285.62,284.923,284.961,23366.905074,6668257.630563121
1788187200000,2026-08-31T14:40:00Z,284.956,285.685,284.915,284.925,9461.624912,2697398.7581150638
1788187500000,2026-08-31T14:45:00Z,285.24,285.42,284.923,285.225,11235.733487,3204167.15075546
1788187800000,2026-08-31T14:50:00Z,285.52,285.708,284.925,285.52,16605.661149,4739302.18777582
1788188100000,2026-08-31T14:55:00Z,286.16,286.658,285.705,286.61,20259.127107,5798644.34524855
1788188400000,2026-08-31T15:00:00Z,286.67,286.931,286.048,286.3,14936.257699,4282393.8620153
1788188700000,2026-08-31T15:05:00Z,285.9,287.04,285.791,286.82,13679.484024000001,3914103.92404511
1788189000000,2026-08-31T15:10:00Z,287.4,287.567,287.08,287.4,11508.415600000002,3307348.31888912
1788189300000,2026-08-31T15:15:00Z,286.82,287.68,286.82,286.82,15227.987556,4376139.87830799
1788189600000,2026-08-31T15:20:00Z,286.57,287.035,286.57,286.57,5648.825422,1620476.85416151
1788189900000,2026-08-31T15:25:00Z,286.67,287.41,286.646,286.8,16466.83417,4725729.4642272
1788190200000,2026-08-31T15:30:00Z,286.875,287.295,286.525,286.875,13211.121716,3790521.831633
1788190500000,2026-08-31T15:35:00Z,287.06,287.295,287.06,287.06,10459.743664,3004456.77004736
1788190800000,2026-08-31T15:40:00Z,287.152,287.152,286.95,286.95,6778.192629000001,1945868.62790954
1788191100000,2026-08-31T15:45:00Z,286.95,287.164,286.945,287.158,5065.485192,1453743.0887035608
1788191400000,2026-08-31T15:50:00Z,287.168,287.486,287.168,287.226,10140.8841250000001,2912831.0716438052287212
1788191700000,2026-08-31T15:55:00Z,287,287.224,286.98,287.19,7304.840248,2097971.30326232
1788192000000,2026-08-31T16:00:00Z,287.46,288.188,287.126,288.12,22258.094972,6402641.18012317
1788192300000,2026-08-31T16:05:00Z,288.255,288.265,287.74,288.13,17396.938082999997,5012637.17975046
1788192600000,2026-08-31T16:10:00Z,288.12,288.176,287.781,287.94,8933.125025000001,2573165.22395119
1788192900000,2026-08-31T16:15:00Z,287.75,288.075,287.68,287.96,5373.805311,1546643.50464741
1788193200000,2026-08-31T16:20:00Z,288.04,288.321,287.91,287.93,12410.790587,3574826.46010254
1788193500000,2026-08-31T16:25:00Z,288.236,288.298,287.915,287.915,8858.671796999999,2553290.67869032
1788193800000,2026-08-31T16:30:00Z,288.49,288.57,287.711,288.56,14458.765134,4165045.38193104
1788194100000,2026-08-31T16:35:00Z,288.73,288.854,288.338,288.53,11231.455473,3242133.70984128
1788194400000,2026-08-31T16:40:00Z,288.333,288.505,288.315,288.322,5215.504088,1504168.06859228
1788194700000,2026-08-31T16:45:00Z,288.31,288.444,288.245,288.31,3415.6529249999994,984852.96926046
1788195000000,2026-08-31T16:50:00Z,288.86,288.86,288.374,288.825,12597.081551000001,3636208.0556876
1788195300000,2026-08-31T16:55:00Z,288.808,288.825,288.572,288.572,8124.308397,2345889.9929004438
1788195600000,2026-08-31T17:00:00Z,288.571,289.774,288.275,289.705,10026.949073,2895580.8626504732
1788195900000,2026-08-31T17:05:00Z,289.695,289.695,288.868,288.875,6980.552675,2019349.5512365619
1788196200000,2026-08-31T17:10:00Z,288.866,289.227,288.78,289.103,7568.116882,2187362.11602135
1788196500000,2026-08-31T17:15:00Z,289.215,289.65,289.095,289.51,18893.905408,5466781.48465613
1788196800000,2026-08-31T17:20:00Z,289.49,289.695,289.301,289.337,10357.782874,2999389.15642203
1788197100000,2026-08-31T17:25:00Z,289.435,289.547,289.18,289.435,8390.570235,2427967.56210362
1788197400000,2026-08-31T17:30:00Z,289.39,289.731,289.39,289.59,10472.745336,3032659.89251567
1788197700000,2026-08-31T17:35:00Z,289.89,290.134,289.711,290.02,25547.903419000002,7405534.99700074
1788198000000,2026-08-31T17:40:00Z,290.09,290.177,289.66,289.66,12308.060406999999,3569145.51228765
1788198300000,2026-08-31T17:45:00Z,289.717,289.717,289.475,289.613,5070.6620570000005,1468442.43492656
1788198600000,2026-08-31T17:50:00Z,289.81,289.895,289.587,289.79,6802.557398000001,1970150.5513071
1788198900000,2026-08-31T17:55:00Z,289.71,290.455,289.525,290.34,30988.893820999998,8985270.04896092
1788199200000,2026-08-31T18:00:00Z,290.21,290.37,290.111,290.37,7923.253204999999,2299814.56783779
1788199500000,2026-08-31T18:05:00Z,290.26,290.37,290.19,290.35,7702.63609,2235651.61194205
1788199800000,2026-08-31T18:10:00Z,290.29,290.321,290.1,290.1,8456.68821,2454363.046570758
1788200100000,2026-08-31T18:15:00Z,290.143,290.328,289.95,290.229,17233.050232,5000709.2196267832
1788200400000,2026-08-31T18:20:00Z,290.45,290.45,289.626,289.92,13679.545704,3967748.12758149
1788200700000,2026-08-31T18:25:00Z,289.625,289.7,289.14,289.24,12769.245431000001,3696867.66016328
1788201000000,2026-08-31T18:30:00Z,289,289.238,288.843,288.94,11028.730527,3188458.93326223
1788201300000,2026-08-31T18:35:00Z,288.5,288.894,288.328,288.63,22212.555592,6407893.58596907
1788201600000,2026-08-31T18:40:00Z,288.54,288.77,288.451,288.64,25733.502,7426073.6465022
1788201900000,2026-08-31T18:45:00Z,288.38,288.592,287.935,288.16,15890.983044,4581489.59395803
1788202200000,2026-08-31T18:50:00Z,287.5,287.933,287.317,287.45,24296.959458,6985701.42343174
1788202500000,2026-08-31T18:55:00Z,287.215,287.81,287.215,287.56,17837.063735,5127845.45890351
1788202800000,2026-08-31T19:00:00Z,287.645,288.017,287.415,287.74,19341.880449999997,5565790.50547132
1788203100000,2026-08-31T19:05:00Z,287.835,288.199,287.675,288.15,22581.519834,6499713.37283567
1788203400000,2026-08-31T19:10:00Z,288.4,288.547,287.818,288.2,18476.522655,5325423.45702136
1788203700000,2026-08-31T19:15:00Z,287.77,287.994,286.91,287.005,24903.393942000002,7157486.94320961
1788204000000,2026-08-31T19:20:00Z,286.909,287.31,286.57,286.836,47145.878856,13527724.8505637728
1788204300000,2026-08-31T19:25:00Z,286.836,287.02,286.693,286.84,15392.812935,4414766.647259531
1788204600000,2026-08-31T19:30:00Z,286.84,286.84,285.911,285.911,24861.644541,7119154.8342982288
1788204900000,2026-08-31T19:35:00Z,285.901,285.901,285.067,285.395,39903.181427,11385587.2932193962
1788205200000,2026-08-31T19:40:00Z,285.32,286.12,285.304,286.07,48094.77235,13744456.70950171
1788205500000,2026-08-31T19:45:00Z,286.11,286.25,285.746,285.82,41004.212027,11726979.11655585
1788205800000,2026-08-31T19:50:00Z,285.79,286.204,285.076,285.38,66083.83179,18877580.08134637
1788206100000,2026-08-31T19:55:00Z,285.055,285.915,284.62,285.59,202230.18163500002,57700922.11464311
1788206400000,2026-08-31T20:00:00Z,285.495,285.7,285.495,285.7,863497.005392,246562244.1220273664
1788206700000,2026-08-31T20:05:00Z,285.7,285.7,285.7,285.7,19309,5516581.3
1788207000000,2026-08-31T20:10:00Z,285.7,285.7,285.7,285.7,3410.814233,974469.6263681
1788207300000,2026-08-31T20:15:00Z,285.7,285.7,285.7,285.7,30.033556,8580.5869492
1788207600000,2026-08-31T20:20:00Z,285.7,285.7,285.7,285.7,15829,4522345.3
1788207900000,2026-08-31T20:25:00Z,285.7,285.7,285.7,285.7,106,30284.2
1788208200000,2026-08-31T20:30:00Z,285.701,285.705,285.701,285.705,4252,1214817.2348
1788208500000,2026-08-31T20:35:00Z,285.705,285.705,285.705,285.705,25,7142.625
1788208800000,2026-08-31T20:40:00Z,285.705,285.705,285.705,285.705,44,12571.02
1788209100000,2026-08-31T20:45:00Z,285.705,285.705,285.705,285.705,16,4571.28
1788209400000,2026-08-31T20:50:00Z,285.705,285.705,285.705,285.705,82,23427.81
1788210000000,2026-08-31T21:00:00Z,285.705,285.705,285.705,285.705,7998,2285068.59
1788210300000,2026-08-31T21:05:00Z,285.639,285.639,285.311,285.311,9,2568.4596
1788210600000,2026-08-31T21:10:00Z,285.311,285.311,285.31,285.31,2,570.621
1788210900000,2026-08-31T21:15:00Z,285.31,285.31,285.31,285.31,2,570.62
1788211200000,2026-08-31T21:20:00Z,285.312,285.315,285.312,285.315,6,1711.89
1788211500000,2026-08-31T21:25:00Z,285.315,285.315,285.315,285.315,114,32525.91
1788211800000,2026-08-31T21:30:00Z,285.315,285.5,285.315,285.5,10,2854.771
1788212100000,2026-08-31T21:35:00Z,285.5,285.5,285.5,285.5,1,285.5
1788212400000,2026-08-31T21:40:00Z,285.5,285.5,285.5,285.5,4,1142
1788212700000,2026-08-31T21:45:00Z,285.5,285.5,285.5,285.5,7,1998.5
1788213000000,2026-08-31T21:50:00Z,285.5,285.5,285.5,285.5,0,0
1788213300000,2026-08-31T21:55:00Z,285.5,285.5,285.5,285.5,0,0
1788213600000,2026-08-31T22:00:00Z,285.5,285.5,285.5,285.5,14,3997
1788213900000,2026-08-31T22:05:00Z,285.5,286,285.5,286,101,28867.4564
1788214200000,2026-08-31T22:10:00Z,286,286,286,286,25,7150
1788214500000,2026-08-31T22:15:00Z,286,286,286,286,105,30030
1788214800000,2026-08-31T22:20:00Z,286,286,286,286,26,7436
1788215100000,2026-08-31T22:25:00Z,286,286,286,286,5,1430
1788215400000,2026-08-31T22:30:00Z,285.917,285.917,285.501,285.501,2,571.002
1788215700000,2026-08-31T22:35:00Z,285.5,285.5,285.5,285.5,51,14560.5
1788216000000,2026-08-31T22:40:00Z,285.5,285.5,285.5,285.5,20,5710
1788216300000,2026-08-31T22:45:00Z,285.5,285.5,285.5,285.5,23,6566.5
1788216600000,2026-08-31T22:50:00Z,285.792,287.249,285.792,287.249,15.058993,4303.82405782
1788216900000,2026-08-31T22:55:00Z,287.249,287.249,287.249,287.249,700,201074.3
1788217200000,2026-08-31T23:00:00Z,286.958,286.958,285.501,285.501,0,0
1788217800000,2026-08-31T23:10:00Z,285.5,285.5,285.5,285.5,7,1998.5
1788218100000,2026-08-31T23:15:00Z,285.5,285.5,285.5,285.5,3,856.5
1788218700000,2026-08-31T23:25:00Z,285.5,285.5,285.5,285.5,12,3426
1788219000000,2026-08-31T23:30:00Z,285.5,285.5,285.5,285.5,15.817314,4515.843147
1788219600000,2026-08-31T23:40:00Z,285.5,285.5,285.5,285.5,11,3140.5
1788219900000,2026-08-31T23:45:00Z,285.5,285.5,285.5,285.5,42,11991
1788220500000,2026-08-31T23:55:00Z,285.5,286.849,285.5,286.849,101,28840.8934
1788222600000,2026-09-01T00:30:00Z,286.88,287.47,286.88,287.47,123,35323.23
1788223200000,2026-09-01T00:40:00Z,287.47,287.47,287.47,287.47,1,287.47
1788223500000,2026-09-01T00:45:00Z,287,287,287,287,8,2296
1788223800000,2026-09-01T00:50:00Z,286.99,286.99,286.99,286.99,4,1147.96
1788224400000,2026-09-01T01:00:00Z,286,286,286,286,1,286
1788230100000,2026-09-01T02:35:00Z,285.69,285.69,285.69,285.69,3,857.07
1788231000000,2026-09-01T02:50:00Z,285,285,285,285,7,1995
1788232200000,2026-09-01T03:10:00Z,285.68,285.69,285.68,285.69,15,4285.34
1788233100000,2026-09-01T03:25:00Z,285.69,285.69,285.69,285.69,5,1428.45
1788234000000,2026-09-01T03:40:00Z,285.69,285.69,285.69,285.69,2,571.38
1788234300000,2026-09-01T03:45:00Z,285.69,285.69,285.69,285.69,1,285.69
1788237000000,2026-09-01T04:30:00Z,285.25,285.25,285.25,285.25,1,285.25
1788242100000,2026-09-01T05:55:00Z,285.69,285.69,285.69,285.69,1,285.69
1788243300000,2026-09-01T06:15:00Z,285.01,285.01,285.01,285.01,1,285.01
1788244200000,2026-09-01T06:30:00Z,285,285,284.99,284.99,3,854.98
1788244500000,2026-09-01T06:35:00Z,284.99,285.01,284.99,285.01,45,12825.43
1788246900000,2026-09-01T07:15:00Z,285.26,285.26,285.26,285.26,1,285.26
1788248400000,2026-09-01T07:40:00Z,285.25,285.68,285.25,285.68,34,9700.26
1788249600000,2026-09-01T08:00:00Z,286.635,286.635,285.07,285.07,0,0
1788250500000,2026-09-01T08:15:00Z,285.07,285.07,284.955,284.955,43,12257.4338
1788250800000,2026-09-01T08:20:00Z,284.954,284.954,283.81,283.81,10,2841.52
1788251100000,2026-09-01T08:25:00Z,283.81,283.81,283.81,283.81,256,72655.36
1788251700000,2026-09-01T08:35:00Z,283.81,283.81,283.81,283.81,20,5676.2
1788252900000,2026-09-01T08:55:00Z,283.81,283.81,283.81,283.81,8,2270.48
1788253800000,2026-09-01T09:10:00Z,283.81,283.81,283.81,283.81,42,11920.02
1788254100000,2026-09-01T09:15:00Z,283.81,283.81,283.81,283.81,0,0
1788254700000,2026-09-01T09:25:00Z,283.81,283.81,283.81,283.81,0,0
1788255000000,2026-09-01T09:30:00Z,283.81,283.81,283.81,283.81,0,0
1788256800000,2026-09-01T10:00:00Z,283.81,283.81,283.81,283.81,0,0
1788257400000,2026-09-01T10:10:00Z,283.81,283.81,283.81,283.81,0,0
1788258300000,2026-09-01T10:25:00Z,283.81,283.81,283.81,283.81,20,5676.2
1788258600000,2026-09-01T10:30:00Z,283.81,284.568,283.81,284.568,23,6530.4245
1788258900000,2026-09-01T10:35:00Z,284.569,284.569,284.569,284.569,2,569.138
1788259800000,2026-09-01T10:50:00Z,284.569,284.57,284.569,284.57,11,3130.2601
1788260400000,2026-09-01T11:00:00Z,284.57,284.57,284.57,284.57,50,14228.5
1788260700000,2026-09-01T11:05:00Z,284.57,284.57,284.57,284.57,100,28457
1788261000000,2026-09-01T11:10:00Z,284.57,284.57,284.57,284.57,10,2845.7
1788261300000,2026-09-01T11:15:00Z,284.57,284.57,284.57,284.57,62,17643.34
1788261600000,2026-09-01T11:20:00Z,284.57,284.57,278.635,278.635,146,41274.2292
1788261900000,2026-09-01T11:25:00Z,279.766,285.168,279.766,285.168,1,285.167
1788262200000,2026-09-01T11:30:00Z,285.169,285.17,285.169,285.17,356,101520.4844
1788262800000,2026-09-01T11:40:00Z,285.17,285.17,285.17,285.17,15,4277.55
1788263400000,2026-09-01T11:50:00Z,285.17,285.17,285.17,285.17,86,24524.62
1788263700000,2026-09-01T11:55:00Z,285.17,285.17,285.17,285.17,1,285.17
1788264300000,2026-09-01T12:05:00Z,285.17,285.17,285.17,285.17,6,1711.02
1788264600000,2026-09-01T12:10:00Z,285.17,285.17,284.021,284.021,62,17634.505
1788264900000,2026-09-01T12:15:00Z,284.02,284.02,284.02,284.02,148,42034.96
1788265200000,2026-09-01T12:20:00Z,284.02,284.02,284.02,284.02,195,55383.9
1788265500000,2026-09-01T12:25:00Z,284.02,284.02,284.02,284.02,120,34082.4
1788265800000,2026-09-01T12:30:00Z,284.02,284.02,284.02,284.02,88.004251,24994.96736902
1788266100000,2026-09-01T12:35:00Z,284.02,284.02,280.344,280.344,222,62963.3514
1788266400000,2026-09-01T12:40:00Z,280.32,280.32,280.2,280.2,25,7005.01
1788266700000,2026-09-01T12:45:00Z,280.559,282.354,280.559,282.354,7,1971.0929
1788267000000,2026-09-01T12:50:00Z,282.355,282.355,282.355,282.355,1879,530545.045
1788267300000,2026-09-01T12:55:00Z,282.355,282.355,282.355,282.355,17,4800.035
1788267600000,2026-09-01T13:00:00Z,282.355,282.355,282.355,282.355,3,847.065
1788267900000,2026-09-01T13:05:00Z,282.355,282.355,282.355,282.355,34,9600.07
1788268200000,2026-09-01T13:10:00Z,282.355,283.505,282.355,283.505,311,88162.0001
1788268500000,2026-09-01T13:15:00Z,283.505,283.505,283.505,283.505,251,71159.755
1788268800000,2026-09-01T13:20:00Z,283.505,284.819,283.505,284.819,63,17918.4852
1788269100000,2026-09-01T13:25:00Z,284.82,284.82,283.491,283.491,38,10801.9674
1788269400000,2026-09-01T13:30:00Z,282.16,284.099,282.058,282.785,43408.59890100001,12299644.18248297
1788269700000,2026-09-01T13:35:00Z,283.25,284.406,281.727,281.88,23734.051298000002,6723182.68566654
1788270000000,2026-09-01T13:40:00Z,281.9,284.339,281.869,284.27,13815.003402,3915655.48924587
1788270300000,2026-09-01T13:45:00Z,285.04,285.133,282.939,283.04,17123.340806,4862081.86815743
1788270600000,2026-09-01T13:50:00Z,282.42,282.94,280.868,280.99,12306.7691,3468608.72105096
1788270900000,2026-09-01T13:55:00Z,281.315,282.385,281.086,281.675,25538.932552,7191592.2957951
1788271200000,2026-09-01T14:00:00Z,282.13,283.66,281.689,282.96,17436.902572,4924402.73499546
1788271500000,2026-09-01T14:05:00Z,283.016,284.982,282.864,284.012,9498.548969,2698702.08699006
1788271800000,2026-09-01T14:10:00Z,284.58,284.646,283.829,284.59,13971.219264,3973567.04497158
1788272100000,2026-09-01T14:15:00Z,284.587,284.64,283.756,283.89,7110.768746000001,2022970.3325476496844939
1788272400000,2026-09-01T14:20:00Z,283.902,284.385,283.864,284.385,4954.534643,1407261.7273601831
1788272700000,2026-09-01T14:25:00Z,284.389,284.729,284.158,284.64,11954.690280999999,3401784.8038740921154488
1788273000000,2026-09-01T14:30:00Z,284.64,285.244,284.64,285.043,8975.342522,2557907.1557494258
1788273300000,2026-09-01T14:35:00Z,285.026,285.391,284.99,285.217,29402.690845,8390369.1766692935
1788273600000,2026-09-01T14:40:00Z,285.216,286,285.04,285.599,9048.381235,2580985.3688785962
1788273900000,2026-09-01T14:45:00Z,285.666,286.705,285.666,286.339,7129.619825,2042884.7443332735
1788274200000,2026-09-01T14:50:00Z,285.95,286.413,285.74,286.01,8183.242531000001,2340871.35371751
1788274500000,2026-09-01T14:55:00Z,285.3,286.076,284.66,284.66,20384.995144,5810691.90330934
1788274800000,2026-09-01T15:00:00Z,284.34,284.661,282.994,283.185,13962.286713,3963648.85780322
1788275100000,2026-09-01T15:05:00Z,282.94,283.086,282.376,282.94,9326.426350000002,2636648.81205736
1788275400000,2026-09-01T15:10:00Z,282.62,282.62,282.093,282.505,10581.74583,2988286.08056658
1788275700000,2026-09-01T15:15:00Z,282.16,282.454,282.119,282.16,4938.924278,1394129.41775574
1788276000000,2026-09-01T15:20:00Z,282.83,282.83,282.299,282.55,9076.209117999999,2564040.87490685
1788276300000,2026-09-01T15:25:00Z,282.44,282.595,282.145,282.595,10007.384725,2825510.02171831
1788276600000,2026-09-01T15:30:00Z,282.555,282.56,282.307,282.555,5188.986714,1465588.82327293
1788276900000,2026-09-01T15:35:00Z,282.29,282.5,282.212,282.5,5603.637732,1582053.18668841
1788277200000,2026-09-01T15:40:00Z,282.71,282.959,282.375,282.68,6615.517486,1869576.33447578
1788277500000,2026-09-01T15:45:00Z,282.673,282.849,282.51,282.714,5199.171845000001,1469327.03685458
1788277800000,2026-09-01T15:50:00Z,282.713,282.85,282.49,282.495,9572.540164,2706846.0922992504
1788278100000,2026-09-01T15:55:00Z,282.495,282.742,282.121,282.191,4922.636872,1390625.7179853048
1788278400000,2026-09-01T16:00:00Z,282.178,282.178,281.48,281.919,5915.104625,1666834.4860821625
1788278700000,2026-09-01T16:05:00Z,281.917,282.36,281.83,282.001,13597.951432,3836780.259183363
1788279000000,2026-09-01T16:10:00Z,281.997,281.997,281.625,281.629,4093.311735,1153903.390277987
1788279300000,2026-09-01T16:15:00Z,281.56,281.665,281.29,281.29,6041.711102,1700852.23852617
1788279600000,2026-09-01T16:20:00Z,280.7,281.364,280.636,280.81,8993.020429,2526448.79840886
1788279900000,2026-09-01T16:25:00Z,280.6,280.813,280.56,280.6,5601.506369000001,1572335.55582002
1788280200000,2026-09-01T16:30:00Z,280.22,280.704,279.297,279.76,13148.578364,3681250.87487768
1788280500000,2026-09-01T16:35:00Z,279.45,279.49,278.966,279.45,16295.18394,4550557.21767973
1788280800000,2026-09-01T16:40:00Z,279.265,279.43,279.185,279.24,6248.402593,1745172.59582231
1788281100000,2026-09-01T16:45:00Z,279.303,279.31,278.932,279.035,6449.6539,1800818.18486524
1788281400000,2026-09-01T16:50:00Z,279.15,279.192,278.258,279.035,13235.415444,3691566.48689562
1788281700000,2026-09-01T16:55:00Z,278.6,279.1,278.467,279.04,13843.342745999998,3858141.00764447
1788282000000,2026-09-01T17:00:00Z,278.23,278.774,278.23,278.635,13967.839957,3892716.87259227
1788282300000,2026-09-01T17:05:00Z,278.53,278.78,278.53,278.56,8118.825975,2262068.1050371
1788282600000,2026-09-01T17:10:00Z,278.925,278.955,278.616,278.925,11734.494453,3271800.00889101
1788282900000,2026-09-01T17:15:00Z,278.86,278.874,278.56,278.805,5279.88662,1472312.677504248
1788283200000,2026-09-01T17:20:00Z,278.88,279.01,278.64,278.64,5492.103544999999,1531587.30927699
1788283500000,2026-09-01T17:25:00Z,278.825,278.83,278.62,278.62,2908.99,810777.984254
1788283800000,2026-09-01T17:30:00Z,279,279.861,278.308,279.57,32913.888017,9195277.96808375
1788284100000,2026-09-01T17:35:00Z,278.97,279.56,278.97,279.25,11536.404773999999,3222053.24951147
1788284400000,2026-09-01T17:40:00Z,279.47,279.792,279.263,279.645,11635.986868999998,3252528.28478086
1788284700000,2026-09-01T17:45:00Z,279.63,279.815,279.536,279.71,7673.250393,2146100.7094166
1788285000000,2026-09-01T17:50:00Z,279.584,279.706,279.552,279.657,4377.540704,1224059.75101238
1788285300000,2026-09-01T17:55:00Z,279.37,279.66,279.049,279.36,7296.7853620000005,2038784.58249691
1788285600000,2026-09-01T18:00:00Z,279.3,279.36,279.048,279.36,12840.576267,3584608.65619401
1788285900000,2026-09-01T18:05:00Z,278.96,279.249,278.908,279.07,7323.115663,2044329.75622188
1788286200000,2026-09-01T18:10:00Z,279.36,279.67,278.949,279.48,10417.457804000001,2909598.04814876
1788286500000,2026-09-01T18:15:00Z,279.5,279.548,279.18,279.18,4893.996377,1367452.08248235
1788286800000,2026-09-01T18:20:00Z,279.267,279.349,279.191,279.295,3349.455712,935255.8491568256
1788287100000,2026-09-01T18:25:00Z,279.295,279.49,279.21,279.364,21400.8672,5977213.9882957488
1788287400000,2026-09-01T18:30:00Z,279.363,279.438,279.125,279.128,6076.277851,1697267.6885505127
1788287700000,2026-09-01T18:35:00Z,279.149,279.425,279.14,279.345,5814.699898,1623704.8933683062
1788288000000,2026-09-01T18:40:00Z,279.344,279.492,279.341,279.361,6750.821011,1886045.3181471984
1788288300000,2026-09-01T18:45:00Z,279.361,279.537,279.273,279.486,4985.44059,1392762.59586594
1788288600000,2026-09-01T18:50:00Z,279.61,279.79,279.458,279.49,8548.416615999999,2390855.35282934
1788288900000,2026-09-01T18:55:00Z,279.425,279.53,278.662,279.19,20485.961175,5721632.67215998
1788289200000,2026-09-01T19:00:00Z,278.91,279.069,278.367,278.91,9080.736551,2529961.30863273
1788289500000,2026-09-01T19:05:00Z,279.07,279.134,278.961,279.1,4069.849961000001,1135765.70288634
1788289800000,2026-09-01T19:10:00Z,279.1,279.259,278.88,278.915,6103.151651999999,1703804.03007037
1788290100000,2026-09-01T19:15:00Z,278.915,279.631,278.915,279.631,9532.757094,2662327.46672651
1788290400000,2026-09-01T19:20:00Z,279.647,279.685,279.128,279.128,7444.046019,2080065.21373731
1788290700000,2026-09-01T19:25:00Z,279.19,279.324,279.11,279.29,7810.164478,2180629.94393196
1788291000000,2026-09-01T19:30:00Z,279.23,279.289,279.02,279.23,9317.969975,2601104.79594227
1788291300000,2026-09-01T19:35:00Z,279.4,279.74,279.137,279.51,14220.086963,3973356.79107971
1788291600000,2026-09-01T19:40:00Z,279.51,279.755,279.092,279.51,8896.397629,2485764.70251296
1788291900000,2026-09-01T19:45:00Z,279.092,279.63,279.09,279.36,11367.07432,3173906.238573
1788292200000,2026-09-01T19:50:00Z,279.415,279.53,278.976,279.18,30884.23341,8624400.56077911
1788292500000,2026-09-01T19:55:00Z,279.26,279.705,278.53,279.51,129612.97597,36185920.92839887
1788292800000,2026-09-01T20:00:00Z,279.356,280,279.35,280,217349.73283799997,60717278.18252052
1788293100000,2026-09-01T20:05:00Z,280,280,280,280,1048,293440
1788293400000,2026-09-01T20:10:00Z,280,280,280,280,30.599034,8567.72952
1788293700000,2026-09-01T20:15:00Z,280,280,280,280,25.647877,7181.40556
1788294000000,2026-09-01T20:20:00Z,280,280,280,280,4,1120
1788294300000,2026-09-01T20:25:00Z,280,280,280,280,4,1120
1788294600000,2026-09-01T20:30:00Z,280,280,280,280,836,234080
1788294900000,2026-09-01T20:35:00Z,280.187,282.069,280.187,282.069,1,280.187
1788295200000,2026-09-01T20:40:00Z,281.912,281.912,281.12,281.12,340,95596.644
1788295500000,2026-09-01T20:45:00Z,281.12,281.12,281.12,281.12,45,12650.4
1788295800000,2026-09-01T20:50:00Z,281.12,281.12,281.12,281.12,0,0
1788296100000,2026-09-01T20:55:00Z,281.12,281.12,281.12,281.12,0,0
1788296400000,2026-09-01T21:00:00Z,281.12,281.12,281.12,281.12,0,0
1788297000000,2026-09-01T21:10:00Z,281.352,282.508,281.352,281.566,4,1126.5592
1788297600000,2026-09-01T21:20:00Z,281.565,282.508,281.565,282.508,45,12702.501
1788297900000,2026-09-01T21:25:00Z,282.509,282.509,282.509,282.509,0,0
1788298800000,2026-09-01T21:40:00Z,282.353,282.353,281.566,281.566,6,1690.9698
1788299100000,2026-09-01T21:45:00Z,281.565,281.565,281.565,281.565,16,4505.04
1788299400000,2026-09-01T21:50:00Z,281.565,281.565,281.565,281.565,122,34350.93
1788299700000,2026-09-01T21:55:00Z,281.565,282.508,281.565,282.508,4,1126.26
1788300000000,2026-09-01T22:00:00Z,282.509,282.509,282.021,282.021,20,5647.04
1788300300000,2026-09-01T22:05:00Z,281.945,281.945,281.566,281.566,2,563.132
1788300600000,2026-09-01T22:10:00Z,281.565,281.565,281.565,281.565,10,2815.65
1788300900000,2026-09-01T22:15:00Z,281.565,281.565,281.565,281.565,5,1407.825
1788301200000,2026-09-01T22:20:00Z,281.565,281.565,281.565,281.565,13,3660.345
1788301500000,2026-09-01T22:25:00Z,281.722,282.509,281.722,282.509,0,0
1788301800000,2026-09-01T22:30:00Z,282.352,282.352,281.566,281.566,2,563.132
1788302400000,2026-09-01T22:40:00Z,281.565,281.565,280.002,280.002,556,156550.14
1788302700000,2026-09-01T22:45:00Z,280.001,280.001,277.051,277.051,101,27985.1002
1788303300000,2026-09-01T22:55:00Z,277.051,277.051,277.05,277.05,3,831.1509
1788304200000,2026-09-01T23:10:00Z,277.05,277.05,277.05,277.05,3,831.15
1788305400000,2026-09-01T23:30:00Z,277.05,277.05,277.05,277.05,0.979652,271.4125866
1788306000000,2026-09-01T23:40:00Z,277.05,277.05,277.05,277.05,9,2493.45
1788306300000,2026-09-01T23:45:00Z,277.05,277.05,277.05,277.05,2,554.1
1788306900000,2026-09-01T23:55:00Z,277.05,277.05,277.05,277.05,1,277.05
1788308100000,2026-09-02T00:15:00Z,278.78,278.78,278.2,278.2,2,556.98
1788310800000,2026-09-02T01:00:00Z,278.2,278.2,278.2,278.2,1,278.2
1788313500000,2026-09-02T01:45:00Z,278,278,278,278,1,278
1788315000000,2026-09-02T02:10:00Z,276.54,276.54,276.54,276.54,2,553.08
1788316800000,2026-09-02T02:40:00Z,277.55,277.55,277.55,277.55,5,1387.75
1788317400000,2026-09-02T02:50:00Z,278,278,278,278,1,278
1788318300000,2026-09-02T03:05:00Z,277,277,277,277,10,2770
1788319200000,2026-09-02T03:20:00Z,277.82,277.82,277.82,277.82,1,277.82
1788320700000,2026-09-02T03:45:00Z,277.82,277.82,277.82,277.82,1,277.82
1788323400000,2026-09-02T04:30:00Z,277.46,278,277.46,278,23,6389.3
1788323700000,2026-09-02T04:35:00Z,278.77,278.77,278.77,278.77,10,2787.7
1788324000000,2026-09-02T04:40:00Z,278.78,278.78,278.78,278.78,1,278.78
1788327600000,2026-09-02T05:40:00Z,279.09,279.09,279.09,279.09,5,1395.45
1788328500000,2026-09-02T05:55:00Z,279.09,279.09,279.09,279.09,12,3349.08
1788329700000,2026-09-02T06:15:00Z,279.09,279.09,279.09,279.09,5,1395.45
1788332400000,2026-09-02T07:00:00Z,278.21,278.21,277.16,277.4,15,4160.02
1788336000000,2026-09-02T08:00:00Z,277.145,281.106,277.145,279.505,79.0107,21988.06942761
1788336600000,2026-09-02T08:10:00Z,279.505,279.505,279.505,279.505,19,5310.595
1788336900000,2026-09-02T08:15:00Z,279.318,279.318,278.382,278.382,0,0
1788337800000,2026-09-02T08:30:00Z,278.381,278.381,278.38,278.38,251.77949,70090.3744262
1788339900000,2026-09-02T09:05:00Z,278.38,278.38,278.38,278.38,6,1670.28
1788340500000,2026-09-02T09:15:00Z,278.38,278.38,278.38,278.38,0.05466,15.2162508
1788341100000,2026-09-02T09:25:00Z,278.38,278.38,278.38,278.38,32,8908.16
1788342300000,2026-09-02T09:45:00Z,278.38,278.38,278.38,278.38,0,0
1788342600000,2026-09-02T09:50:00Z,278.38,278.38,278.38,278.38,1,278.38
1788342900000,2026-09-02T09:55:00Z,278.38,278.38,278.38,278.38,1,278.38
1788343500000,2026-09-02T10:05:00Z,278.38,278.38,278.38,278.38,48,13362.24
1788343800000,2026-09-02T10:10:00Z,278.38,278.38,278.38,278.38,17,4732.46
1788344100000,2026-09-02T10:15:00Z,278.38,278.38,278.38,278.38,1,278.38
1788344400000,2026-09-02T10:20:00Z,278.38,278.38,278.38,278.38,2,556.76
1788344700000,2026-09-02T10:25:00Z,278.38,278.38,278.38,278.38,4,1113.52
1788345600000,2026-09-02T10:40:00Z,278.38,278.38,278.38,278.38,34,9464.92
1788346200000,2026-09-02T10:50:00Z,278.38,278.38,278.38,278.38,1,278.38
1788346500000,2026-09-02T10:55:00Z,278.308,278.308,278.033,278.033,0,0
1788346800000,2026-09-02T11:00:00Z,278.019,278.019,277.205,277.205,0,0
1788347100000,2026-09-02T11:05:00Z,277.205,277.205,277.205,277.205,0,0
1788347400000,2026-09-02T11:10:00Z,277.205,277.205,277.205,277.205,4,1108.82
1788347700000,2026-09-02T11:15:00Z,277.205,277.205,277.205,277.205,30,8316.15
1788348000000,2026-09-02T11:20:00Z,277.205,277.205,277.205,277.205,4,1108.82
1788348300000,2026-09-02T11:25:00Z,277.205,277.205,277.205,277.205,44,12197.02
1788348600000,2026-09-02T11:30:00Z,277.205,277.205,277.205,277.205,1,277.205
1788348900000,2026-09-02T11:35:00Z,277.205,277.205,277.205,277.205,339,93972.495
1788349200000,2026-09-02T11:40:00Z,277.205,277.205,277.205,277.205,18,4989.69
1788349500000,2026-09-02T11:45:00Z,277.205,277.205,277.205,277.205,1,277.205
1788350100000,2026-09-02T11:55:00Z,277.205,277.205,277.205,277.205,34,9424.97
1788350400000,2026-09-02T12:00:00Z,277.098,277.098,276.566,276.566,7,1935.962
1788350700000,2026-09-02T12:05:00Z,276.75,277.674,276.75,277.674,90,24986.07
1788351000000,2026-09-02T12:10:00Z,277.675,277.675,277.675,277.675,5,1388.375
1788351300000,2026-09-02T12:15:00Z,277.675,277.675,277.675,277.675,0,0
1788351600000,2026-09-02T12:20:00Z,277.675,277.675,277.675,277.675,1,277.675
1788351900000,2026-09-02T12:25:00Z,277.675,277.675,277.675,277.675,4,1110.7
1788352200000,2026-09-02T12:30:00Z,277.49,277.49,276.565,276.565,26,7190.7238
1788352500000,2026-09-02T12:35:00Z,276.565,276.565,276.565,276.565,31,8573.515
1788352800000,2026-09-02T12:40:00Z,276.565,276.565,276.565,276.565,25,6914.125
1788353100000,2026-09-02T12:45:00Z,276.565,276.565,276.565,276.565,94,25997.11
1788353400000,2026-09-02T12:50:00Z,276.41,276.41,275.637,275.637,2,552.82
1788353700000,2026-09-02T12:55:00Z,275.791,276.563,275.791,276.563,170,46884.47
1788354000000,2026-09-02T13:00:00Z,276.564,276.564,276.564,276.564,9,2489.076
1788354300000,2026-09-02T13:05:00Z,276.565,276.565,276.565,276.565,13,3595.345
1788354600000,2026-09-02T13:10:00Z,276.565,276.565,276.565,276.565,6,1659.39
1788354900000,2026-09-02T13:15:00Z,276.565,276.565,275.89,275.89,4,1106.0908
1788355200000,2026-09-02T13:20:00Z,275.833,276.564,275.55,276.564,11,3032.0653
1788355500000,2026-09-02T13:25:00Z,276.565,276.699,275.592,276.694,954,263526.759
1788355800000,2026-09-02T13:30:00Z,279.01,280.65,276.694,280.65,35638.89298,9887241.05721263
1788356100000,2026-09-02T13:35:00Z,280.342,281.379,278.04,278.923,5951.8401619999995,1670244.562915991859642
1788356400000,2026-09-02T13:40:00Z,278.862,279.159,278.583,278.642,4205.254493,1172534.8126799503
1788356700000,2026-09-02T13:45:00Z,278.78,279.566,278.558,278.78,9964.567638,2782183.01524365
1788357000000,2026-09-02T13:50:00Z,280.97,281.204,279.571,281.01,10661.187678999999,2988534.53510837
1788357300000,2026-09-02T13:55:00Z,281.22,281.229,280.344,281.22,6320.773972,1776188.05232378
1788357600000,2026-09-02T14:00:00Z,279.255,281.029,278.664,278.99,18234.030321,5102687.62795599
1788357900000,2026-09-02T14:05:00Z,278.7,279.589,277.546,278.065,45254.454275,12607773.29943389
1788358200000,2026-09-02T14:10:00Z,277.846,278.018,277.071,277.372,8868.202272999999,2462027.56147981
1788358500000,2026-09-02T14:15:00Z,276.81,277.28,276.305,276.81,12367.402339,3419869.96024706
1788358800000,2026-09-02T14:20:00Z,276.61,278.018,276.311,277.09,15568.261288,4311412.00805357
1788359100000,2026-09-02T14:25:00Z,277.89,278.109,277.809,277.89,7438.254423,2067889.77267673
1788359400000,2026-09-02T14:30:00Z,278.02,278.746,277.792,278.39,19461.446920000002,5417364.26429419
1788359700000,2026-09-02T14:35:00Z,278.91,279.498,278.315,279.46,14916.154223000001,4161032.75627941
1788360000000,2026-09-02T14:40:00Z,279.56,280.161,279.122,279.56,20451.763437999998,5717746.54341757
1788360300000,2026-09-02T14:45:00Z,280.056,280.365,279.934,280.164,5614.183645,1572679.3691576345
1788360600000,2026-09-02T14:50:00Z,280.166,280.175,279.216,279.216,10306.131598,2884471.2442825714
1788360900000,2026-09-02T14:55:00Z,279.216,279.476,278.639,278.758,7829.777187,2185015.4664451298
1788361200000,2026-09-02T15:00:00Z,278.756,279.892,278.654,279.629,6837.44701,1907211.486670762
1788361500000,2026-09-02T15:05:00Z,279.632,279.67,278.504,279.158,33467.828125,9332973.201598956
1788361800000,2026-09-02T15:10:00Z,279.14,279.14,278.249,278.289,19598.171175,5464820.1126115335
1788362100000,2026-09-02T15:15:00Z,278.29,278.399,278,278,14391.581181999998,4003804.08610584
1788362400000,2026-09-02T15:20:00Z,278,278,277.723,277.748,10226.674233,2841783.12252892
1788362700000,2026-09-02T15:25:00Z,277.748,277.786,277.319,277.431,8861.228587,2459747.68181383
1788363000000,2026-09-02T15:30:00Z,277.432,277.434,276.762,276.782,5774.889518,1599853.44748655
1788363300000,2026-09-02T15:35:00Z,277.13,277.27,276.78,277.27,15755.821488,4364389.33707253
1788363600000,2026-09-02T15:40:00Z,276.91,276.947,276.77,276.77,4579.65894,1267853.84738072
1788363900000,2026-09-02T15:45:00Z,276.98,277.457,276.718,277.15,26765.05962,7410508.96963845
1788364200000,2026-09-02T15:50:00Z,277.42,278.08,277.39,277.99,8686.433637,2412807.21797867
1788364500000,2026-09-02T15:55:00Z,277.5,278.449,277.3,278.18,22005.274643,6111610.7471715
1788364800000,2026-09-02T16:00:00Z,278.176,278.407,277.89,277.962,5140.10164,1429695.11268829
1788365100000,2026-09-02T16:05:00Z,278.16,278.279,277.645,278.15,8217.929455,2283843.13125316
1788365400000,2026-09-02T16:10:00Z,277.72,278.265,277.623,277.72,7177.020155,1994653.23092194
1788365700000,2026-09-02T16:15:00Z,277.58,277.703,277.182,277.26,10409.867723,2888272.97204528
1788366000000,2026-09-02T16:20:00Z,277.182,277.538,277.124,277.391,11049.548581000001,3063478.50444339
1788366300000,2026-09-02T16:25:00Z,277.44,277.624,277.336,277.35,6072.011874,1684809.6354954
1788366600000,2026-09-02T16:30:00Z,277.328,277.4,277.28,277.346,4940.418758,1370265.65396512
1788366900000,2026-09-02T16:35:00Z,277.26,277.827,277.137,277.26,8518.481264,2362515.59375776
1788367200000,2026-09-02T16:40:00Z,277.681,277.831,277.656,277.808,3845.3445119999997,1067985.60443697
1788367500000,2026-09-02T16:45:00Z,278.405,278.529,277.678,278.405,8213.485338999999,2283389.17032016
1788367800000,2026-09-02T16:50:00Z,278.407,278.71,277.902,278.538,4167.849706,1160545.66955014
1788368100000,2026-09-02T16:55:00Z,278.556,278.691,278.493,278.573,5184.63927,1444330.06780555
1788368400000,2026-09-02T17:00:00Z,278.51,278.907,278.496,278.55,8063.766705000001,2246669.42660349
1788368700000,2026-09-02T17:05:00Z,279,279.449,278.83,278.95,33864.598205,9448145.01061913
1788369000000,2026-09-02T17:10:00Z,279.43,279.737,279.203,279.43,4524.09,1264432.485192
1788369300000,2026-09-02T17:15:00Z,279.41,279.694,279.377,279.41,4621.9579459999995,1291909.81064675
1788369600000,2026-09-02T17:20:00Z,279.33,279.638,279.33,279.33,5182.581724,1448308.2225857
1788369900000,2026-09-02T17:25:00Z,279.55,279.628,279.18,279.55,5539.401547000001,1547831.21300599
1788370200000,2026-09-02T17:30:00Z,279.195,279.438,279.097,279.305,4193.234484,1170854.22150111
1788370500000,2026-09-02T17:35:00Z,279.2,279.475,278.489,278.51,5004.06888,1396207.27611187
1788370800000,2026-09-02T17:40:00Z,278.574,278.623,278.309,278.341,4893.854046,1362619.2725272
1788371100000,2026-09-02T17:45:00Z,278.79,278.99,278.34,278.99,4450.749942,1240494.77575948
1788371400000,2026-09-02T17:50:00Z,278.97,278.97,278.79,278.97,7639.464964000001,2130507.74019726
1788371700000,2026-09-02T17:55:00Z,278.81,279.418,278.81,279.19,15601.016951999998,4353285.92886235
1788372000000,2026-09-02T18:00:00Z,279.07,279.628,278.798,279.05,9963.574977999999,2780896.54688216
1788372300000,2026-09-02T18:05:00Z,279.38,279.701,279.38,279.63,7498.408491,2096358.55578114
1788372600000,2026-09-02T18:10:00Z,279.57,280.402,279.57,280.37,10023.217194,2805329.10023002
1788372900000,2026-09-02T18:15:00Z,280.39,280.702,280.121,280.6,10639.923242,2982954.61651859
1788373200000,2026-09-02T18:20:00Z,281.235,281.516,280.601,281.31,9718.5838,2732168.94210154
1788373500000,2026-09-02T18:25:00Z,281.37,281.456,280.984,281.095,13595.680819000001,3824137.35847696
1788373800000,2026-09-02T18:30:00Z,281.21,281.21,280.833,281.21,7934.32082,2229711.5645893
1788374100000,2026-09-02T18:35:00Z,281.159,281.531,281.159,281.311,9584.943091000001,2695883.13914377
1788374400000,2026-09-02T18:40:00Z,281.24,281.33,280.511,280.83,18543.384042,5210373.82393488
1788374700000,2026-09-02T18:45:00Z,281.1,281.803,280.796,281.74,13012.537468999999,3658677.90499387
1788375000000,2026-09-02T18:50:00Z,281.675,281.862,281.616,281.8,13427.397620000002,3782961.15477189
1788375300000,2026-09-02T18:55:00Z,282,282,281.431,281.44,19935.085129,5616241.76059522
1788375600000,2026-09-02T19:00:00Z,281.58,281.815,281.343,281.75,14559.478053,4098967.71090403
1788375900000,2026-09-02T19:05:00Z,281.653,281.699,280.92,281,7728.612870000001,2174496.23981944
1788376200000,2026-09-02T19:10:00Z,280.85,281.062,280.792,280.85,10079.491299,2831430.90875122
1788376500000,2026-09-02T19:15:00Z,280.954,281.094,280.17,280.507,18057.3797,5067500.49899183
1788376800000,2026-09-02T19:20:00Z,280.513,280.755,280.39,280.662,19857.5344000000005,5569366.8739724801402496
1788377100000,2026-09-02T19:25:00Z,280.663,281,280.525,280.911,11107.557448,3117041.5575879496
1788377400000,2026-09-02T19:30:00Z,280.74,281.1,280.706,280.77,28154.701057,7908984.93691367
1788377700000,2026-09-02T19:35:00Z,280.7,281.2,280.7,281.17,21761.7284,6114523.3989184
1788378000000,2026-09-02T19:40:00Z,281.395,281.729,281.069,281.555,28004.192022,7881827.45171834
1788378300000,2026-09-02T19:45:00Z,281.72,282.41,281.466,282.02,36536.688184,10300806.76805921
1788378600000,2026-09-02T19:50:00Z,281.82,281.993,280.49,280.95,59454.190502,16701996.04962189
1788378900000,2026-09-02T19:55:00Z,281.23,281.34,280.557,280.74,200903.65140499998,56439521.25299926
1788379200000,2026-09-02T20:00:00Z,280.799,280.89,279.875,279.875,233192.37622099998,65491892.30776687
1788379500000,2026-09-02T20:05:00Z,279.875,279.875,279.875,279.875,44,12314.5
1788379800000,2026-09-02T20:10:00Z,279.875,279.875,279.875,279.875,39.470098,11046.69367775
1788380100000,2026-09-02T20:15:00Z,279.875,279.875,279.875,279.875,141.559242,39618.89285475
1788380400000,2026-09-02T20:20:00Z,279.875,279.875,279.875,279.875,5,1399.375
1788380700000,2026-09-02T20:25:00Z,279.875,279.875,279.875,279.875,10,2798.75
1788381000000,2026-09-02T20:30:00Z,279.875,279.875,279.875,279.875,2452,686253.5
1788381600000,2026-09-02T20:40:00Z,279.875,282.144,279.875,282.144,50,13993.75
1788382200000,2026-09-02T20:50:00Z,282.145,283.498,282.145,283.498,61,17214.2366
1788382500000,2026-09-02T20:55:00Z,283.499,283.499,281.597,281.597,9,2542.5297
1788382800000,2026-09-02T21:00:00Z,281.596,281.596,281.596,281.596,3,844.788
1788383100000,2026-09-02T21:05:00Z,281.595,281.595,281.595,281.595,5,1407.975
1788383700000,2026-09-02T21:15:00Z,281.595,281.595,281.595,281.595,1,281.595
1788384600000,2026-09-02T21:30:00Z,281.595,281.595,281.595,281.595,15,4223.925
1788384900000,2026-09-02T21:35:00Z,281.595,281.595,281.595,281.595,1,281.595
1788386100000,2026-09-02T21:55:00Z,281.595,281.595,281.595,281.595,31,8729.445
1788387300000,2026-09-02T22:15:00Z,281.595,281.595,281.595,281.595,60,16895.7
1788387600000,2026-09-02T22:20:00Z,281.595,281.595,278.596,278.596,40,11261.8
1788388500000,2026-09-02T22:35:00Z,278.595,278.595,278.595,278.595,0,0
1788388800000,2026-09-02T22:40:00Z,278.595,281.453,278.595,281.453,28,7800.66
1788389100000,2026-09-02T22:45:00Z,281.454,281.454,281.454,281.454,8,2251.632
1788389400000,2026-09-02T22:50:00Z,281.455,281.455,281.455,281.455,213,59949.915
1788389700000,2026-09-02T22:55:00Z,281.455,281.455,281.455,281.455,51,14354.205
1788390000000,2026-09-02T23:00:00Z,281.455,281.455,281.455,281.455,29,8162.195
1788390600000,2026-09-02T23:10:00Z,281.455,281.455,281.455,281.455,47,13228.385
1788390900000,2026-09-02T23:15:00Z,281.455,281.455,281.455,281.455,15,4221.825
1788391500000,2026-09-02T23:25:00Z,281.455,281.455,281.455,281.455,1,281.455
1788391800000,2026-09-02T23:30:00Z,281.455,281.455,281.455,281.455,191.625998,53934.09526709
1788392100000,2026-09-02T23:35:00Z,281.455,281.455,281.455,281.455,25,7036.375
1788392400000,2026-09-02T23:40:00Z,281.455,281.455,281.455,281.455,102,28708.41
1788392700000,2026-09-02T23:45:00Z,281.455,281.455,281.455,281.455,5,1407.275
1788393600000,2026-09-03T00:00:00Z,281.99,281.99,281.99,281.99,1,281.99
1788394500000,2026-09-03T00:15:00Z,281.19,281.19,281.12,281.12,2,562.31
1788410700000,2026-09-03T04:45:00Z,280.7,280.88,280.69,280.88,4,1123.15
1788412800000,2026-09-03T05:20:00Z,281.68,281.68,281.68,281.68,1,281.68
1788415200000,2026-09-03T06:00:00Z,280.71,280.71,280.71,280.71,3,842.13
1788417600000,2026-09-03T06:40:00Z,280.71,280.71,280.71,280.71,2,561.42
1788418200000,2026-09-03T06:50:00Z,280.71,280.71,280.71,280.71,10,2807.1
1788421200000,2026-09-03T07:40:00Z,280.89,280.9,280.89,280.9,106,29774.6
1788421800000,2026-09-03T07:50:00Z,280.9,281.2,280.9,281.2,160,44975.51
1788422400000,2026-09-03T08:00:00Z,281.455,281.99,281.096,281.096,0,0
1788423600000,2026-09-03T08:20:00Z,281.095,283.369,281.095,283.369,918,258045.21
1788423900000,2026-09-03T08:25:00Z,283.37,283.37,281.857,281.857,4,1133.48
1788424200000,2026-09-03T08:30:00Z,281.73,281.889,281.462,281.889,0,0
1788424500000,2026-09-03T08:35:00Z,281.89,281.89,281.011,281.011,38,10711.82
1788424800000,2026-09-03T08:40:00Z,281.009,281.493,281.002,281.16,0,0
1788425100000,2026-09-03T08:45:00Z,281.16,281.16,281.16,281.16,0,0
1788426000000,2026-09-03T09:00:00Z,281.16,281.224,281.16,281.224,0,0
1788427200000,2026-09-03T09:20:00Z,281.225,281.225,281.225,281.225,0,0
1788427500000,2026-09-03T09:25:00Z,281.225,281.225,281.225,281.225,0,0
1788427800000,2026-09-03T09:30:00Z,281.225,281.225,281.225,281.225,0,0
1788428400000,2026-09-03T09:40:00Z,281.225,281.225,281.225,281.225,0,0
1788429000000,2026-09-03T09:50:00Z,281.225,283.374,281.225,283.374,0,0
1788429300000,2026-09-03T09:55:00Z,283.375,283.38,283.375,283.38,0,0
1788429600000,2026-09-03T10:00:00Z,283.38,283.38,283.38,283.38,0,0
1788430200000,2026-09-03T10:10:00Z,283.38,283.38,283.38,283.38,0,0
1788431100000,2026-09-03T10:25:00Z,283.38,283.38,283.38,283.38,0,0
1788431400000,2026-09-03T10:30:00Z,283.38,283.38,283.38,283.38,7,1983.66
1788431700000,2026-09-03T10:35:00Z,283.238,283.238,282.531,282.531,0,0
1788432000000,2026-09-03T10:40:00Z,282.53,282.53,282.53,282.53,0,0
1788432300000,2026-09-03T10:45:00Z,282.53,282.53,282.516,282.516,0,0
1788432900000,2026-09-03T10:55:00Z,282.516,282.516,282.516,282.516,0,0
1788433200000,2026-09-03T11:00:00Z,282.515,282.515,282.515,282.515,0,0
1788433500000,2026-09-03T11:05:00Z,282.515,282.515,282.515,282.515,0,0
1788434100000,2026-09-03T11:15:00Z,282.515,282.515,282.515,282.515,0,0
1788434400000,2026-09-03T11:20:00Z,282.515,282.515,282.515,282.515,0,0
1788435000000,2026-09-03T11:30:00Z,282.515,282.515,282.515,282.515,0,0
1788435300000,2026-09-03T11:35:00Z,282.515,282.515,282.515,282.515,1.559,440.440885
1788436200000,2026-09-03T11:50:00Z,282.515,282.515,282.515,282.515,10,2825.15
1788436500000,2026-09-03T11:55:00Z,282.515,282.515,282.448,282.448,10,2825.15
1788436800000,2026-09-03T12:00:00Z,282.393,282.393,282.115,282.115,0,0
1788437100000,2026-09-03T12:05:00Z,282.115,282.115,282.115,282.115,0,0
1788437400000,2026-09-03T12:10:00Z,282.115,282.115,282.115,282.115,0,0
1788437700000,2026-09-03T12:15:00Z,282.382,283.718,282.382,283.718,0,0
1788438000000,2026-09-03T12:20:00Z,283.719,283.72,283.719,283.72,0,0
1788438300000,2026-09-03T12:25:00Z,283.72,283.72,283.72,283.72,51,14469.72
1788438600000,2026-09-03T12:30:00Z,283.741,284.345,283.741,284.345,347,98659.7687
1788438900000,2026-09-03T12:35:00Z,284.345,284.345,284.345,284.345,143,40661.335
1788439200000,2026-09-03T12:40:00Z,284.345,284.345,284.345,284.345,523,148712.435
1788440100000,2026-09-03T12:55:00Z,284.345,284.345,284.345,284.345,0,0
1788440400000,2026-09-03T13:00:00Z,284.345,284.345,284.345,284.345,0,0
1788440700000,2026-09-03T13:05:00Z,284.345,284.345,284.345,284.345,6,1706.07
1788441000000,2026-09-03T13:10:00Z,284.345,288.417,284.345,288.417,0,0
1788441300000,2026-09-03T13:15:00Z,288.464,288.7,286.384,286.384,3800.004251,1096461.5865928922
1788441600000,2026-09-03T13:20:00Z,286.383,286.383,286.38,286.38,0,0
1788441900000,2026-09-03T13:25:00Z,286.522,286.74,284.888,286.505,120,34267.21
1788442200000,2026-09-03T13:30:00Z,286.505,286.505,282.417,285.103,24180.108835,6912206.727425859
1788442500000,2026-09-03T13:35:00Z,285.104,286.273,284.91,286.174,21380.668545,6098948.1602663215
1788442800000,2026-09-03T13:40:00Z,286.186,286.9,283.847,286.815,4844.203689,1386048.7747672474
1788443100000,2026-09-03T13:45:00Z,286.833,288.2,285.376,285.869,17296.081365,4963200.487309848
1788443400000,2026-09-03T13:50:00Z,285.869,285.87,283.308,284.275,4474.610382,1277802.4053397086
1788443700000,2026-09-03T13:55:00Z,284.285,285.138,284.111,285.072,4519.120371,1284997.4163086628
1788444000000,2026-09-03T14:00:00Z,285.022,285.33,284.607,284.882,11376.661629,3241376.9973618834
1788444300000,2026-09-03T14:05:00Z,284.883,284.883,283.53,283.809,4079.055346,1159867.021103655
1788444600000,2026-09-03T14:10:00Z,283.821,284.12,283.447,283.949,4653.77277,1319901.171518292
1788444900000,2026-09-03T14:15:00Z,283.941,283.941,282.632,282.997,14896.772897,4220520.3394370121
1788445200000,2026-09-03T14:20:00Z,282.997,283.008,281.446,282.057,6802.15501,1920256.231822058
1788445500000,2026-09-03T14:25:00Z,282.053,282.053,280.99,281.046,5949.682322000001,1676190.2523049768817403
1788445800000,2026-09-03T14:30:00Z,281.038,281.296,280.765,281.222,4430.177238,1245465.0302911398
1788446100000,2026-09-03T14:35:00Z,281.229,281.301,279.985,280.112,9465.011201,2656832.9019683928
1788446400000,2026-09-03T14:40:00Z,280.112,280.112,279.13,279.22,8469.71292,2371458.4836714776
1788446700000,2026-09-03T14:45:00Z,279.235,280.193,279.17,279.894,9676.990578,2702746.6958712036
1788447000000,2026-09-03T14:50:00Z,279.896,279.899,278.554,278.615,13534.740579,3782716.5608634191
1788447300000,2026-09-03T14:55:00Z,278.615,279.27,278.246,279.016,4660.487385,1298081.110961028
1788447600000,2026-09-03T15:00:00Z,279.017,279.174,278.767,279.131,7743.467676,2160106.9020422136
1788447900000,2026-09-03T15:05:00Z,279.133,279.685,279.133,279.39,6031.192116,1684043.1263960356
1788448200000,2026-09-03T15:10:00Z,279.394,279.648,278.899,278.899,7796.026008999999,2177887.6910404280206413
1788448500000,2026-09-03T15:15:00Z,278.898,278.95,278.465,278.767,6285.41414,1751652.525230142
1788448800000,2026-09-03T15:20:00Z,278.766,278.766,278.35,278.55,4187.80735,1167109.317000125
1788449100000,2026-09-03T15:25:00Z,278.547,278.852,278.443,278.852,7873.281588,2192554.3056090724
1788449400000,2026-09-03T15:30:00Z,278.854,279.06,278.7,279.002,1253.75047,349673.260689153
1788449700000,2026-09-03T15:35:00Z,279.003,279.22,278.772,278.816,5925.555527,1653205.5265215862
1788450000000,2026-09-03T15:40:00Z,278.817,279.605,278.817,279.508,12532.944676,3497096.9550430296
1788450300000,2026-09-03T15:45:00Z,279.509,279.878,279.472,279.793,5877.272987,1642917.672602084
1788450600000,2026-09-03T15:50:00Z,279.793,280.02,279.754,279.965,3922.702886,1097486.7525798852
1788450900000,2026-09-03T15:55:00Z,279.965,280.821,279.925,280.722,11421.576,3201360.1277817
1788451200000,2026-09-03T16:00:00Z,280.721,281.478,280.721,281.18,6395.48,1797598.505068
1788451500000,2026-09-03T16:05:00Z,281.164,281.82,281.1,281.182,15903.411889,4473561.8843559052
1788451800000,2026-09-03T16:10:00Z,281.175,281.41,281.14,281.3,11361.153283,3195059.1844752844
1788452100000,2026-09-03T16:15:00Z,281.3,281.709,281.29,281.53,7698.355614,2166274.1589881616
1788452400000,2026-09-03T16:20:00Z,281.53,282.058,281.525,281.95,2414.36,679818.869904
1788452700000,2026-09-03T16:25:00Z,281.951,281.955,281.649,281.917,13235.873,3729765.3402405
1788453000000,2026-09-03T16:30:00Z,281.915,281.962,281.612,281.612,5073.11805,1429874.35633263
1788453300000,2026-09-03T16:35:00Z,281.611,281.739,281.345,281.384,4998.1,1407585.04421
1788453600000,2026-09-03T16:40:00Z,281.38,281.67,281.36,281.57,8295.735918,2335201.3549031866
1788453900000,2026-09-03T16:45:00Z,281.57,281.57,280.902,281.227,10382.571,2917992.5255833
1788454200000,2026-09-03T16:50:00Z,281.226,281.26,281.155,281.185,5941.689634,1671035.8405904292
1788454500000,2026-09-03T16:55:00Z,281.185,281.686,280.845,281.686,25686.67502,7217890.092599752
1788454800000,2026-09-03T17:00:00Z,281.69,281.709,281.22,281.511,9608.66422,2705845.382402274
1788455100000,2026-09-03T17:05:00Z,281.504,281.7,281.441,281.614,3555.517264,1000761.4756083072
1788455400000,2026-09-03T17:10:00Z,281.609,281.629,281.505,281.546,5326.620551,1499863.8314876679
1788455700000,2026-09-03T17:15:00Z,281.539,281.545,281.258,281.334,9034.212134,2542563.3809401926
1788456000000,2026-09-03T17:20:00Z,281.322,281.34,281.19,281.213,6650.082536,1870523.853246287
1788456300000,2026-09-03T17:25:00Z,281.217,281.74,281.19,281.453,9897.93533,2784008.638914299
1788456600000,2026-09-03T17:30:00Z,281.502,281.79,281.502,281.713,12300.949706,3465728.067866676
1788456900000,2026-09-03T17:35:00Z,281.712,281.89,281.67,281.681,8246.605786,2323295.193757439
1788457200000,2026-09-03T17:40:00Z,281.68,281.83,281.385,281.475,6715.42968,1891403.61332686
1788457500000,2026-09-03T17:45:00Z,281.475,281.813,281.423,281.81,7797.283704,2195044.524647856
1788457800000,2026-09-03T17:50:00Z,281.81,282.33,281.568,282.249,16447.979702,4639361.2523720522
1788458100000,2026-09-03T17:55:00Z,282.249,282.275,282.045,282.055,5640.236066,1591681.3981753624
1788458400000,2026-09-03T18:00:00Z,282.034,282.07,281.805,281.819,7964.0636,2245809.47410108
1788458700000,2026-09-03T18:05:00Z,281.819,282.418,281.623,282.418,15519.830187,4373038.857568574
1788459000000,2026-09-03T18:10:00Z,282.42,282.794,282.296,282.455,16524.61764,4670840.222016708
1788459300000,2026-09-03T18:15:00Z,282.455,282.861,282.416,282.836,9477.491098,2677482.9355115758
1788459600000,2026-09-03T18:20:00Z,282.836,283.054,282.717,282.797,19926.52268,5638407.621918192
1788459900000,2026-09-03T18:25:00Z,282.796,282.929,282.795,282.92,6977.27275,1973651.3873385
1788460200000,2026-09-03T18:30:00Z,282.921,283.83,282.88,283.719,14939.360941,4230780.433691206
1788460500000,2026-09-03T18:35:00Z,283.711,284.258,283.656,284.124,9494.135294,2694655.7534018996
1788460800000,2026-09-03T18:40:00Z,284.122,284.122,283.375,283.386,13681.6226099999995,3882817.4633533118579724
1788461100000,2026-09-03T18:45:00Z,283.392,283.68,283.083,283.083,9836.088462,2788517.3473888432
1788461400000,2026-09-03T18:50:00Z,283.081,283.453,282.775,283.449,7715.139932,2184075.116233762
1788461700000,2026-09-03T18:55:00Z,283.449,283.449,282.928,283.262,13543.537522,3834213.1111499142
1788462000000,2026-09-03T19:00:00Z,283.263,283.356,283.263,283.341,3180.0404,900872.48888772
1788462300000,2026-09-03T19:05:00Z,283.341,283.351,282.95,282.95,8085.021965,2290646.806119407
1788462600000,2026-09-03T19:10:00Z,282.95,283.318,282.87,283.274,27147.216874,7682060.7999565532
1788462900000,2026-09-03T19:15:00Z,283.269,283.64,283.206,283.502,10066.05803,2851511.742095744
1788463200000,2026-09-03T19:20:00Z,283.511,283.88,283.511,283.726,13552.70716,3843885.8707901584
1788463500000,2026-09-03T19:25:00Z,283.712,284.245,283.638,284.245,13522.83714,3840072.002095558
1788463800000,2026-09-03T19:30:00Z,284.255,284.402,283.954,284.066,9833.833646,2794288.098178192
1788464100000,2026-09-03T19:35:00Z,284.067,284.481,283.916,284.439,14257.921162,4049998.9830633482
1788464400000,2026-09-03T19:40:00Z,284.427,284.427,283.605,283.792,16013.549946,4547494.9096685128
1788464700000,2026-09-03T19:45:00Z,283.816,284.62,283.816,284.523,15135.6996,4303980.6133074
1788465000000,2026-09-03T19:50:00Z,284.522,284.6,284.04,284.21,43898.625813,12483150.1182075408
1788465300000,2026-09-03T19:55:00Z,284.208,284.666,283.89,284.415,90040.02834,25596615.519554286
1788465600000,2026-09-03T20:00:00Z,284.416,284.42,284.416,284.42,0,0
1788465900000,2026-09-03T20:05:00Z,284.42,284.42,284.42,284.42,746,212177.32
1788466200000,2026-09-03T20:10:00Z,284.42,284.42,284.42,284.42,0,0
1788466500000,2026-09-03T20:15:00Z,284.42,284.42,284.42,284.42,3.866033,1099.57710586
1788466800000,2026-09-03T20:20:00Z,284.42,284.42,284.42,284.42,0,0
1788467100000,2026-09-03T20:25:00Z,284.1,284.1,282.5,282.5,9,2556.9
1788467400000,2026-09-03T20:30:00Z,282.5,282.5,282.5,282.5,0,0
1788467700000,2026-09-03T20:35:00Z,282.5,282.5,282.5,282.5,589,166392.5
1788468300000,2026-09-03T20:45:00Z,282.5,282.5,282.5,282.5,0,0
1788468600000,2026-09-03T20:50:00Z,282.5,282.5,282.5,282.5,1,282.5
1788468900000,2026-09-03T20:55:00Z,282.5,282.5,282.5,282.5,0,0
1788469200000,2026-09-03T21:00:00Z,282.5,282.5,282.5,282.5,0,0
1788469500000,2026-09-03T21:05:00Z,282.5,284.739,282.5,284.739,0,0
1788469800000,2026-09-03T21:10:00Z,284.74,284.74,284.74,284.74,0,0
1788470400000,2026-09-03T21:20:00Z,284.74,284.74,284.74,284.74,10,2847.4
1788471300000,2026-09-03T21:35:00Z,284.127,284.127,281.061,281.061,0,0
1788471600000,2026-09-03T21:40:00Z,281.06,281.06,281.06,281.06,0,0
1788471900000,2026-09-03T21:45:00Z,281.06,281.06,281.06,281.06,100,28106
1788472200000,2026-09-03T21:50:00Z,281.06,281.06,279.192,279.192,0,0
1788472500000,2026-09-03T21:55:00Z,279.191,281.049,279.191,281.049,0,0
1788472800000,2026-09-03T22:00:00Z,281.051,281.059,281.051,281.059,0,0
1788473100000,2026-09-03T22:05:00Z,281.06,281.06,281.06,281.06,0,0
1788473400000,2026-09-03T22:10:00Z,281.06,281.06,281.06,281.06,0,0
1788474000000,2026-09-03T22:20:00Z,281.06,281.06,281.06,281.06,1,281.06
1788475800000,2026-09-03T22:50:00Z,281.06,281.06,281.06,281.06,0,0
1788476100000,2026-09-03T22:55:00Z,281.06,281.06,281.06,281.06,7,1967.42
1788477000000,2026-09-03T23:10:00Z,281.06,281.06,281.06,281.06,0,0
1788477300000,2026-09-03T23:15:00Z,281.06,285.82,281.06,285.82,0,0
1788477600000,2026-09-03T23:20:00Z,285.82,285.82,285.82,285.82,9,2572.38
1788477900000,2026-09-03T23:25:00Z,285.82,285.82,285.82,285.82,0,0
1788478200000,2026-09-03T23:30:00Z,285.82,285.82,285.82,285.82,2.073599,592.67606618
1788478500000,2026-09-03T23:35:00Z,285.82,285.82,285.82,285.82,0,0
1788478800000,2026-09-03T23:40:00Z,285.82,285.82,285.82,285.82,0,0
1788479100000,2026-09-03T23:45:00Z,285.82,285.82,285.82,285.82,0,0
1788479400000,2026-09-03T23:50:00Z,285.82,285.82,285.82,285.82,0,0
1788479700000,2026-09-03T23:55:00Z,285.965,286.686,285.965,286.686,0,0
1788480000000,2026-09-04T00:00:00Z,286.687,286.689,286.687,286.689,0,0
1788480300000,2026-09-04T00:05:00Z,284.96,286.83,284.96,286.36,12,3439.15
1788488400000,2026-09-04T02:20:00Z,284.87,284.88,284.87,284.88,90,25638.7
1788490500000,2026-09-04T02:55:00Z,285.86,285.86,285.86,285.86,5,1429.3
1788494400000,2026-09-04T04:00:00Z,284.9,284.9,284.9,284.9,36,10256.4
1788495300000,2026-09-04T04:15:00Z,284.51,284.51,284.51,284.51,15,4267.65
1788498900000,2026-09-04T05:15:00Z,284.51,284.51,284.5,284.5,73,20769.2
1788499200000,2026-09-04T05:20:00Z,284.49,284.49,284.49,284.49,2,568.98
1788499500000,2026-09-04T05:25:00Z,284.01,284.01,284.01,284.01,10,2840.1
1788502800000,2026-09-04T06:20:00Z,284,284,284,284,3,852
1788503400000,2026-09-04T06:30:00Z,284,284,284,284,3,852
1788504000000,2026-09-04T06:40:00Z,284,284,284,284,3,852
1788504900000,2026-09-04T06:55:00Z,284,284,284,284,10,2840
1788505200000,2026-09-04T07:00:00Z,284,284,284,284,4,1136
1788506100000,2026-09-04T07:15:00Z,283.98,283.98,283.98,283.98,4,1135.92
1788506700000,2026-09-04T07:25:00Z,283.96,283.96,283.96,283.96,27,7666.92
1788508800000,2026-09-04T08:00:00Z,286.177,286.177,282.03,282.03,0,0
1788509100000,2026-09-04T08:05:00Z,282.172,282.829,282.172,282.829,0,0
1788509400000,2026-09-04T08:10:00Z,282.839,282.885,282.839,282.885,0,0
1788510000000,2026-09-04T08:20:00Z,282.885,282.885,282.885,282.885,0,0
1788511500000,2026-09-04T08:45:00Z,282.885,282.885,282.885,282.885,5,1414.425
1788511800000,2026-09-04T08:50:00Z,282.885,282.885,282.885,282.885,0,0
1788512100000,2026-09-04T08:55:00Z,282.885,282.885,282.885,282.885,0,0
1788513000000,2026-09-04T09:10:00Z,282.885,282.885,282.885,282.885,0,0
1788514200000,2026-09-04T09:30:00Z,282.885,282.885,282.885,282.885,0,0
1788514500000,2026-09-04T09:35:00Z,282.885,282.885,282.885,282.885,0,0
1788515100000,2026-09-04T09:45:00Z,282.885,282.885,282.885,282.885,0,0
1788515400000,2026-09-04T09:50:00Z,282.885,282.885,282.885,282.885,0,0
1788516600000,2026-09-04T10:10:00Z,282.885,282.885,282.885,282.885,0,0
1788517500000,2026-09-04T10:25:00Z,282.885,282.885,282.885,282.885,0,0
1788517800000,2026-09-04T10:30:00Z,282.885,282.885,282.885,282.885,0,0
1788518400000,2026-09-04T10:40:00Z,283.133,284.374,283.133,284.374,0,0
1788519000000,2026-09-04T10:50:00Z,284.375,284.375,283.866,283.866,0,0
1788519600000,2026-09-04T11:00:00Z,283.865,283.865,283.766,283.766,0,0
1788519900000,2026-09-04T11:05:00Z,283.765,283.765,283.765,283.765,0,0
1788520200000,2026-09-04T11:10:00Z,283.782,283.864,283.782,283.864,0,0
1788521100000,2026-09-04T11:25:00Z,283.865,283.865,283.865,283.865,0,0
1788521700000,2026-09-04T11:35:00Z,283.865,283.865,283.865,283.865,2.46,698.3079
1788522000000,2026-09-04T11:40:00Z,284.055,285.003,284.055,285.003,0,0
1788522600000,2026-09-04T11:50:00Z,285.004,285.004,285.004,285.004,0,0
1788523200000,2026-09-04T12:00:00Z,284.551,285.004,282.284,285.004,0,0
1788523500000,2026-09-04T12:05:00Z,285.004,285.004,285.004,285.004,0,0
1788523800000,2026-09-04T12:10:00Z,285.005,285.005,282.451,282.451,21,5979.9453
1788524100000,2026-09-04T12:15:00Z,282.732,284.14,282.732,284.14,12,3395.598
1788524700000,2026-09-04T12:25:00Z,284.14,284.14,284.14,284.14,0,0
1788525000000,2026-09-04T12:30:00Z,283.45,283.45,280.001,282.392,36,10201.2948
1788525300000,2026-09-04T12:35:00Z,282.683,284.134,280.391,282.997,220,62495.7104
1788525600000,2026-09-04T12:40:00Z,282.996,282.996,281.104,281.104,54,15267.0852
1788525900000,2026-09-04T12:45:00Z,281.103,281.103,281.1,281.1,0,0
1788526200000,2026-09-04T12:50:00Z,281.1,281.1,281.1,281.1,0,0
1788526500000,2026-09-04T12:55:00Z,281.1,282.699,281.1,282.699,0,0
1788527100000,2026-09-04T13:05:00Z,282.7,282.7,282.7,282.7,56,15831.2
1788527400000,2026-09-04T13:10:00Z,282.7,282.7,280.746,281.878,188,53147.6
1788527700000,2026-09-04T13:15:00Z,281.879,281.88,281.63,281.63,0,0
1788528300000,2026-09-04T13:25:00Z,281.56,281.56,281.56,281.56,62,17245.75
1788528600000,2026-09-04T13:30:00Z,277.15,279,277.01,277.01,40842.093912,11398782.5205219984
1788528900000,2026-09-04T13:35:00Z,277.03,278.88,277,277,7718,2144523.9136
1788529200000,2026-09-04T13:40:00Z,277.2237,278.33,276.505,277.72,7449.429874,2062732.8272263535
1788529500000,2026-09-04T13:45:00Z,277.71,277.71,275.19,276.915,17843.728490999998,4934463.2282930988469332
1788529800000,2026-09-04T13:50:00Z,277.385,277.5,276.98,276.98,2632.8492109999997,729970.8712807260168235
1788530100000,2026-09-04T13:55:00Z,276.89,277.84,276.6,277.84,16184.416678,4484457.3968390568
1788530400000,2026-09-04T14:00:00Z,277.84,279.33,276.46,279.33,16551.947904999999,4587646.9495479732229513
1788530700000,2026-09-04T14:05:00Z,278.875,278.895,277.03,277.03,8181.018248,2277578.6871939599
1788531000000,2026-09-04T14:10:00Z,277.345,277.82,277.319,277.319,11646.914906,3232769.6575302888
1788531300000,2026-09-04T14:15:00Z,277.31,277.99,276.47,277.99,12813,3548362.7843
1788531600000,2026-09-04T14:20:00Z,278.04,278.26,277.875,277.98,7053.9058890000001,1960265.9175415480277932
1788531900000,2026-09-04T14:25:00Z,277.985,278.89,277.98,278.17,15512,4321114.97
1788532200000,2026-09-04T14:30:00Z,278.32,278.425,277.7,277.7,6884,1914501.3
1788532500000,2026-09-04T14:35:00Z,277.675,278.11,277.58,277.58,6146.225757,1707574.7911578041
1788532800000,2026-09-04T14:40:00Z,278,278.39,277.79,277.84,4178.661541,1161769.7636857809
1788533100000,2026-09-04T14:45:00Z,277.9,278.132,277.56,277.975,4667.7446499999996,1297146.909452409888845
1788533400000,2026-09-04T14:50:00Z,277.985,277.985,277.6798,277.71,1217.54142,338422.33416681
1788533700000,2026-09-04T14:55:00Z,277.4,277.41,277.18,277.33,11603.726761,3219899.0708205707
1788534000000,2026-09-04T15:00:00Z,277.33,277.53,277.33,277.465,4001,1109944.455
1788534300000,2026-09-04T15:05:00Z,276.85,276.88,276.5265,276.88,5977.13887,1656308.786705539
1788534600000,2026-09-04T15:10:00Z,277.08,277.26,276.935,277.15,11081,3070338.315
1788534900000,2026-09-04T15:15:00Z,277.135,277.36,276,276.23,9399.024389,2602823.0540942828
1788535200000,2026-09-04T15:20:00Z,276.11,276.57,276.021,276.07,24112.197662,6663405.57411683
1788535500000,2026-09-04T15:25:00Z,276.005,276.06,275.63,276.06,2600.827979,717833.2949571141
1788535800000,2026-09-04T15:30:00Z,276.14,276.14,275.11,275.1939,6278.514214000001,1732163.1771930994759528
1788536100000,2026-09-04T15:35:00Z,275.395,275.56,275.265,275.47,10547.99157,2904970.200745966
1788536400000,2026-09-04T15:40:00Z,275.54,276.9399,275.54,275.74,6326.8919,1745469.1651051
1788536700000,2026-09-04T15:45:00Z,275.75,276.19,275.38,275.65,5938.567995,1638972.3978655415
1788537000000,2026-09-04T15:50:00Z,276.04,276.22,275.66,276.05,6472.37233,1785783.226780294
1788537300000,2026-09-04T15:55:00Z,275.77,276.625,275.77,276.5791,3886.090089,1073111.1349206024
1788537600000,2026-09-04T16:00:00Z,276.3478,276.3478,275.96,275.98,602,166212.2556
1788537900000,2026-09-04T16:05:00Z,275.97,276.13,275.79,275.79,3643.623,1006128.1666251
1788538200000,2026-09-04T16:10:00Z,275.995,276.215,275.79,276.215,5439.837123,1501939.4924817831
1788538500000,2026-09-04T16:15:00Z,276.01,276.38,275.8,275.86,2668.241703,736901.652326025
1788538800000,2026-09-04T16:20:00Z,275.91,276.06,275.83,276.045,3594.42003,992329.654166579
1788539100000,2026-09-04T16:25:00Z,275.84,276.02,275.565,275.71,4650.87141,1283159.353291793
1788539400000,2026-09-04T16:30:00Z,275.54,275.9,275.25,275.37,9208.89068,2539242.371225416
1788539700000,2026-09-04T16:35:00Z,275.43,275.645,275.34,275.36,3589.750461,989392.663435127
1788540000000,2026-09-04T16:40:00Z,275.34,275.6899,274.99,275.45,11765.5274,3241278.77736466
1788540300000,2026-09-04T16:45:00Z,275.39,275.39,274.97,274.97,5492.56594,1512618.491266762
1788540600000,2026-09-04T16:50:00Z,274.94,275.3237,274.94,275.02,4428.0451380000003,1218646.8548734292825622
1788540900000,2026-09-04T16:55:00Z,274.97,275.06,274.54,275.06,15022.02651,4126262.664306291
1788541200000,2026-09-04T17:00:00Z,275.025,275.06,274.96,275.02,1202,330584.42
1788541500000,2026-09-04T17:05:00Z,275.06,275.735,274.96,275.735,6631.557637,1825583.9241029576
1788541800000,2026-09-04T17:10:00Z,275.53,275.7112,275.32,275.37,4966.848476,1368492.0191674395
1788542100000,2026-09-04T17:15:00Z,275.3,275.63,275.2464,275.46,5099.32063,1404333.239731765
1788542400000,2026-09-04T17:20:00Z,275.27,275.65,275.25,275.37,8645.314963,2381368.0016087957
1788542700000,2026-09-04T17:25:00Z,275.53,275.66,275.34,275.34,8162.646971,2248528.8116486527
1788543000000,2026-09-04T17:30:00Z,275.31,275.465,275.31,275.4411,5283,1455134.4986
1788543300000,2026-09-04T17:35:00Z,275.415,275.415,275.12,275.12,2243.801732,617921.4564961728
1788543600000,2026-09-04T17:40:00Z,275.085,275.215,274.99,275.035,4652.12,1280532.847368
1788543900000,2026-09-04T17:45:00Z,275.02,275.05,274.99,274.99,5915.2881560000005,1627204.6762779977375423
1788544200000,2026-09-04T17:50:00Z,274.77,275.06,274.77,274.83,9833.891452,2703564.5255837188
1788544500000,2026-09-04T17:55:00Z,274.94,275.09,274.805,274.81,16399.13457,4508391.383541918
1788544800000,2026-09-04T18:00:00Z,274.9,275.23,274.9,275.12,5609.634809,1542461.0217679524
1788545100000,2026-09-04T18:05:00Z,275.125,275.37,275.115,275.295,10401.44135,2861695.2331147
1788545400000,2026-09-04T18:10:00Z,275.25,275.42,275.15,275.385,7487.6657089999997,2061380.3179760567174066
1788545700000,2026-09-04T18:15:00Z,275.39,275.72,275.18,275.18,12655.286309,3486963.51280541
1788546000000,2026-09-04T18:20:00Z,275.13,275.19,274.835,274.9075,2116.6934509999999,582741.5418132029724647
1788546300000,2026-09-04T18:25:00Z,275.035,275.035,274.86,274.86,2244.965649,617130.3455997795
1788546600000,2026-09-04T18:30:00Z,275.0075,275.26,274.995,275.02,7200.073700000001,1980402.3715019102750543
1788546900000,2026-09-04T18:35:00Z,275.42,275.43,275.01,275.405,11256.964451,3097294.8668985964
1788547200000,2026-09-04T18:40:00Z,275.4101,275.49,275.01,275.035,4394.035105,1209945.1218310564
1788547500000,2026-09-04T18:45:00Z,275.03,275.25,275.025,275.23,4025.408257,1107874.4614910833
1788547800000,2026-09-04T18:50:00Z,275.08,275.25,275.01,275.22,2561.420824,704926.4286383288
1788548100000,2026-09-04T18:55:00Z,275.07,275.3433,275.05,275.21,7051.744898,1940631.216558765
1788548400000,2026-09-04T19:00:00Z,275.19,275.19,274.92,274.92,5704.07597,1569510.104312797
1788548700000,2026-09-04T19:05:00Z,275.055,275.0944,274.72,274.84,3838.444372,1055381.6864706032
1788549000000,2026-09-04T19:10:00Z,274.84,274.96,274.2,274.47,22124.862268,6076123.4441123352
1788549300000,2026-09-04T19:15:00Z,274.45,274.7699,274.4,274.46,3802.315603,1043752.3887820836
1788549600000,2026-09-04T19:20:00Z,274.57,274.695,274.18,274.36,8811.750903,2418961.4270717515
1788549900000,2026-09-04T19:25:00Z,274.36,274.67,274.36,274.48,11891.003607,3263991.4038937098
1788550200000,2026-09-04T19:30:00Z,274.39,274.53,274.295,274.47,6686.91786,1835094.694874434
1788550500000,2026-09-04T19:35:00Z,274.42,274.43,274.14,274.14,7384.3358,2025846.9345621
1788550800000,2026-09-04T19:40:00Z,274.345,274.495,274.17,274.49,12947.46995,3551954.477812655
1788551100000,2026-09-04T19:45:00Z,274.38,274.51,274.1798,274.42,11648.30887,3195880.282328534
1788551400000,2026-09-04T19:50:00Z,274.4225,274.5,273.61,274.19,27054.254711000001,7417193.3936265582743727
1788551700000,2026-09-04T19:55:00Z,274.11,275.09,273.765,275.09,84701.273672,23212852.3117004368
1788552000000,2026-09-04T20:00:00Z,275.09,275.09,272.83,275.09,1439,395816.6
1788552300000,2026-09-04T20:05:00Z,275,275,275,275,4,1100
1788552600000,2026-09-04T20:10:00Z,275.09,275.09,275.09,275.09,11,3025.99
1788552900000,2026-09-04T20:15:00Z,275.09,275.09,275.09,275.09,4,1100.36
1788553500000,2026-09-04T20:25:00Z,276.49,276.49,276.49,276.49,1,276.49
1788553800000,2026-09-04T20:30:00Z,275.09,275.09,275.09,275.09,1600,440144
1788554700000,2026-09-04T20:45:00Z,275.7,275.7,275.08,275.08,2,550.78
1788555000000,2026-09-04T20:50:00Z,275.09,275.09,275.09,275.09,2,550.18
1788555300000,2026-09-04T20:55:00Z,274.13,275.09,274.13,274.13,9,2464.9568
1788555900000,2026-09-04T21:05:00Z,275.09,275.1,275.09,275.1,22,6052
1788556500000,2026-09-04T21:15:00Z,275.6932,275.6932,275.6932,275.6932,2,551.3864
1788558000000,2026-09-04T21:40:00Z,275.8,275.8,275.8,275.8,1,275.8
1788558900000,2026-09-04T21:55:00Z,274.0567,274.0567,274.0567,274.0567,6,1644.3402
1788559200000,2026-09-04T22:00:00Z,275,275,275,275,10,2750
1788559500000,2026-09-04T22:05:00Z,275.366,275.366,275.366,275.366,20,5507.32
1788560100000,2026-09-04T22:15:00Z,275.5,275.5,275.5,275.5,2,551
1788560400000,2026-09-04T22:20:00Z,275.09,275.09,274,274,56,15386.18
1788560700000,2026-09-04T22:25:00Z,274.22,274.22,274.22,274.22,1,274.22
1788561300000,2026-09-04T22:35:00Z,275,275,275,275,5,1375
1788561600000,2026-09-04T22:40:00Z,274.9,275.8,273.5,275.8,7,1921.9
1788563400000,2026-09-04T23:10:00Z,275.09,275.09,275.09,275.09,10,2750.9
1788564000000,2026-09-04T23:20:00Z,275.09,275.09,275.09,275.09,11,3025.99
1788564600000,2026-09-04T23:30:00Z,275.2,275.2,275.2,275.2,4,1100.8
1788565800000,2026-09-04T23:50:00Z,275.05,275.05,275.05,275.05,50,13752.5
1788566100000,2026-09-04T23:55:00Z,275.09,275.4435,274.9,274.9,39,10726.5305
1788826800000,2026-09-08T00:20:00Z,276.27,284.59,274.76,275.08,1020,283799.87
1788827100000,2026-09-08T00:25:00Z,274.91,274.91,274.91,274.91,1,274.91
1788827400000,2026-09-08T00:30:00Z,274.91,274.91,274.9,274.9,100,27490.7
1788828900000,2026-09-08T00:55:00Z,274.81,274.81,274.81,274.81,1,274.81
1788829500000,2026-09-08T01:05:00Z,274.81,274.81,274.81,274.81,1,274.81
1788829800000,2026-09-08T01:10:00Z,274.81,274.81,274.81,274.81,1,274.81
1788831300000,2026-09-08T01:35:00Z,274.63,274.63,274.63,274.63,4,1098.52
1788831900000,2026-09-08T01:45:00Z,274.45,274.45,274.45,274.45,5,1372.25
1788833400000,2026-09-08T02:10:00Z,273.63,273.63,273.63,273.63,10,2736.3
1788833700000,2026-09-08T02:15:00Z,274.18,274.25,274.18,274.25,80,21935.8
1788834300000,2026-09-08T02:25:00Z,273.63,273.63,273.63,273.63,5,1368.15
1788836700000,2026-09-08T03:05:00Z,273.63,273.63,273.63,273.63,2,547.26
1788837000000,2026-09-08T03:10:00Z,273.63,273.63,273.63,273.63,2,547.26
1788838500000,2026-09-08T03:35:00Z,273.63,273.63,273.1,273.1,161,44052.22
1788840000000,2026-09-08T04:00:00Z,273.29,273.29,273.29,273.29,4,1093.16
1788841500000,2026-09-08T04:25:00Z,273.36,273.36,273.36,273.36,11,3006.96
1788841800000,2026-09-08T04:30:00Z,273.37,273.39,273.37,273.39,55,15035.55
1788843300000,2026-09-08T04:55:00Z,273.39,273.39,273.39,273.39,2,546.78
1788844800000,2026-09-08T05:20:00Z,273.5,273.5,272.58,272.58,402,109741.57
1788845400000,2026-09-08T05:30:00Z,272.58,272.58,272.27,272.27,56,15258.89
1788845700000,2026-09-08T05:35:00Z,273,273,272.29,272.29,16,4357.35
1788846900000,2026-09-08T05:55:00Z,272.35,272.35,272.35,272.35,4,1089.4
1788847200000,2026-09-08T06:00:00Z,272.35,272.35,272.35,272.35,2,544.7
1788848700000,2026-09-08T06:25:00Z,272.35,272.35,272.35,272.35,3,817.05
1788850800000,2026-09-08T07:00:00Z,272.35,272.35,272.35,272.35,7,1906.45
1788851100000,2026-09-08T07:05:00Z,272.35,272.35,272.35,272.35,1,272.35
1788851400000,2026-09-08T07:10:00Z,272.35,272.35,272.35,272.35,50,13617.5
1788852300000,2026-09-08T07:25:00Z,272.35,272.35,272.35,272.35,1,272.35
1788854400000,2026-09-08T08:00:00Z,273.2875,273.49,272.27,273.29,136,37136.5625
1788855900000,2026-09-08T08:25:00Z,273.2664,273.2664,273.2664,273.2664,1,273.2664
1788857700000,2026-09-08T08:55:00Z,272,272,272,272,8,2176
1788863100000,2026-09-08T10:25:00Z,272.2538,272.2538,272.2538,272.2538,1,272.2538
1788865200000,2026-09-08T11:00:00Z,272,272.4445,271,271,202,54917.3365
1788866100000,2026-09-08T11:15:00Z,271,271,271,271,16,4336
1788866400000,2026-09-08T11:20:00Z,270.8501,270.8501,270.8501,270.8501,75,20313.7575
1788866700000,2026-09-08T11:25:00Z,272.88,272.88,272.88,272.88,2,545.76
1788867000000,2026-09-08T11:30:00Z,272.18,272.18,272.18,272.18,9,2449.62
1788867300000,2026-09-08T11:35:00Z,272.4445,272.4445,271,271,74,20058.3335
1788867900000,2026-09-08T11:45:00Z,271,271,270.7,270.7,3,812.7
1788869100000,2026-09-08T12:05:00Z,271.98,271.98,271,271,16,4336.98
1788869700000,2026-09-08T12:15:00Z,272.18,272.18,272.18,272.18,3,816.54
1788870000000,2026-09-08T12:20:00Z,271.01,271.28,271.01,271.28,13,3523.4
1788870600000,2026-09-08T12:30:00Z,271.2,271.2,271.01,271.01,100,27106.7
1788870900000,2026-09-08T12:35:00Z,271,271.53,271,271.53,6,1628.65
1788871200000,2026-09-08T12:40:00Z,271.53,271.53,270.1,270.1,3,813.16
1788873000000,2026-09-08T13:10:00Z,271.0462,271.0462,271.0462,271.0462,37,10028.7094
1788873300000,2026-09-08T13:15:00Z,270.95,271.22,270.95,271,106,28745.75
1788873600000,2026-09-08T13:20:00Z,271.44,271.98,271.24,271.77,59,16031.41
1788873900000,2026-09-08T13:25:00Z,270.38,270.38,270.38,270.38,3,811.14
1788874200000,2026-09-08T13:30:00Z,270.41,271.51,265.81,265.99,14299,3836396.4062
1788874500000,2026-09-08T13:35:00Z,265.68,266.64,264.47,264.69,16884,4478846.655
1788874800000,2026-09-08T13:40:00Z,264.875,266.115,264.25,264.425,15274.987262999999,4055340.4543956869342856
1788875100000,2026-09-08T13:45:00Z,264.425,266.54,264.425,265.4642,39935.335896999997,10590430.7050132426052634
1788875400000,2026-09-08T13:50:00Z,266.3,267.52,266.14,267.52,10270,2737564.8075
1788875700000,2026-09-08T13:55:00Z,267.31,267.34,266.56,266.57,1734,462955.96
1788876000000,2026-09-08T14:00:00Z,267.055,268.37,267.055,268.34,5161,1379914.595
1788876300000,2026-09-08T14:05:00Z,269.6379,269.6379,268.14,268.14,3981.815117,1071136.4965901959
1788876600000,2026-09-08T14:10:00Z,267.2263,267.765,267.02,267.19,849,226993.7187
1788876900000,2026-09-08T14:15:00Z,267.3591,267.85,266.86,267.7,3819,1021023.3917
1788877200000,2026-09-08T14:20:00Z,267.42,267.59,266.63,266.63,10135.975105,2707837.6282592685
1788877500000,2026-09-08T14:25:00Z,266.8625,267.42,266.625,266.785,5457,1456488.635
1788877800000,2026-09-08T14:30:00Z,266.93,267.615,266.71,267.615,4693.941898,1253230.3011897572
1788878100000,2026-09-08T14:35:00Z,267.39,267.39,266.3,266.3,10359.809578,2763200.8828842646
1788878400000,2026-09-08T14:40:00Z,266.29,266.51,265.78,266.045,4416,1175224.755
1788878700000,2026-09-08T14:45:00Z,266.06,266.36,265.86,265.925,4469,1189130.3612
1788879000000,2026-09-08T14:50:00Z,265.91,266.195,265.6,265.71,5360,1425237.83
1788879300000,2026-09-08T14:55:00Z,266.1,266.41,265.87,266.41,27515.770448,7319176.6046733648
1788879600000,2026-09-08T15:00:00Z,266.55,266.73,266.28,266.28,16047.064519,4279407.0953301415
1788879900000,2026-09-08T15:05:00Z,266.28,266.76,265.88,266.7,1955,520823.42
1788880200000,2026-09-08T15:10:00Z,266.98,267.53,266.98,267.3551,1940,518411.8308
1788880500000,2026-09-08T15:15:00Z,267.405,267.405,266.9801,266.9801,2695.9409249999999,720600.6796237799732562
1788880800000,2026-09-08T15:20:00Z,266.93,267.01,266.8,266.86,727,194059.62
1788881100000,2026-09-08T15:25:00Z,267.325,267.325,266.8,266.84,800,213655.5
1788881400000,2026-09-08T15:30:00Z,267,267.19,266.77,267.145,8411,2245693.63
1788881700000,2026-09-08T15:35:00Z,267.21,267.22,266.6,266.6,14518,3877170.5208
1788882000000,2026-09-08T15:40:00Z,266.66,266.66,266.135,266.265,3437,915360.399
1788882300000,2026-09-08T15:45:00Z,266.265,266.82,266.26,266.685,4125.7390779999996,1099309.0148711586934782
1788882600000,2026-09-08T15:50:00Z,266.63,266.675,266.6,266.675,300,79990.5
1788882900000,2026-09-08T15:55:00Z,266.685,266.685,266.44,266.565,3499,932710.58
1788883200000,2026-09-08T16:00:00Z,266.2,266.45,265.77,265.915,2485,661173.14
1788883500000,2026-09-08T16:05:00Z,265.77,265.885,265.5,265.5,1312,348552.4
1788883800000,2026-09-08T16:10:00Z,265.41,265.46,265.225,265.39,1200,318415.5
1788884100000,2026-09-08T16:15:00Z,265.3,265.52,265.23,265.23,1104.091437,293113.5941166791
1788884400000,2026-09-08T16:20:00Z,265.36,265.36,265.36,265.36,100,26536
1788884700000,2026-09-08T16:25:00Z,265.24,265.42,264.99,265.04,6971,1848802.3896
1788885000000,2026-09-08T16:30:00Z,265.01,265.01,264.61,264.61,5468.0051000000003,1448247.2912995700794882
1788885300000,2026-09-08T16:35:00Z,264.5825,265,264.5,264.765,11836.065362000001,3132709.4160808140646749
1788885600000,2026-09-08T16:40:00Z,264.5,264.75,264.475,264.64,4920,1301615
1788885900000,2026-09-08T16:45:00Z,264.49,264.82,264.3809,264.82,4529.095,1198220.764195
1788886200000,2026-09-08T16:50:00Z,264.845,265.105,264.68,264.83,10235.47467,2710661.813615572
1788886500000,2026-09-08T16:55:00Z,264.815,264.8266,264.23,264.23,3340,884130
1788886800000,2026-09-08T17:00:00Z,264.29,264.44,264.22,264.22,2669.5835110000003,705939.365941661579334
1788887100000,2026-09-08T17:05:00Z,264.445,264.77,264.3288,264.77,10007.007035999999,2647205.6076696669354648
1788887400000,2026-09-08T17:10:00Z,264.765,264.97,264.765,264.97,400,105967.5
1788887700000,2026-09-08T17:15:00Z,265.03,265.37,264.9117,265.11,2223,589314.6153
1788888000000,2026-09-08T17:20:00Z,264.6839,264.825,264.34,264.53,7696.0656,2036925.18577536
1788888300000,2026-09-08T17:25:00Z,264.35,264.7799,264.305,264.48,1455,384829.9036
1788888600000,2026-09-08T17:30:00Z,264.41,264.88,264.41,264.88,1804.93406,477554.376300628
1788888900000,2026-09-08T17:35:00Z,264.68,264.96,264.452,264.65,2666.7558799999997,706201.762436003920553
1788889200000,2026-09-08T17:40:00Z,264.65,265.16,264.5,265.16,2427,642452.1
1788889500000,2026-09-08T17:45:00Z,265.19,265.42,265.09,265.18,4597.01,1219224.739044
1788889800000,2026-09-08T17:50:00Z,265.095,265.26,264.82,264.82,2486.314666,659213.5143363088
1788890100000,2026-09-08T17:55:00Z,265.07,265.07,264.75,264.83,2231,590977.5864
1788890400000,2026-09-08T18:00:00Z,264.96,265.17,264.66,264.98,10698,2833928.3915
1788890700000,2026-09-08T18:05:00Z,264.905,264.905,264.472,264.71,5524.6950799999995,1463272.6153090478675497
1788891000000,2026-09-08T18:10:00Z,264.94,265.185,264.94,265.18,4615,1223294.0955
1788891300000,2026-09-08T18:15:00Z,265.14,265.14,264.895,265.045,3993,1058149.285
1788891600000,2026-09-08T18:20:00Z,264.92,264.92,264.445,264.52,8209.413456,2172816.6830562192
1788891900000,2026-09-08T18:25:00Z,264.42,264.52,264.39,264.51,700,185133
1788892200000,2026-09-08T18:30:00Z,264.505,264.86,264.17,264.86,7151.53089,1891477.241438301
1788892500000,2026-09-08T18:35:00Z,264.73,264.79,264.47,264.665,3146.4746609999997,832819.296639861220595
1788892800000,2026-09-08T18:40:00Z,264.46,264.73,264.4331,264.73,2976,787237.8635
1788893100000,2026-09-08T18:45:00Z,264.735,264.735,264.13,264.165,7973.176334,2109649.2557346316
1788893400000,2026-09-08T18:50:00Z,264.165,265.19,264.165,264.99,2423.15,641372.70747
1788893700000,2026-09-08T18:55:00Z,265.2,265.38,264.8,265.38,3487.982176,924561.4762157888
1788894000000,2026-09-08T19:00:00Z,265.33,265.33,264.97,264.97,2954.175241,783576.1150853769
1788894300000,2026-09-08T19:05:00Z,264.92,265.105,264.72,265.105,11728.563063,3107393.6464625712
1788894600000,2026-09-08T19:10:00Z,265.08,265.51,265.08,265.435,6695.457175,1775824.7242480525
1788894900000,2026-09-08T19:15:00Z,265.435,265.57,265.29,265.57,5701.389773,1513210.8993046564
1788895200000,2026-09-08T19:20:00Z,265.575,265.76,265.51,265.585,10756.585898,2856896.93157931
1788895500000,2026-09-08T19:25:00Z,265.58,265.975,265.58,265.76,10298.273079999999,2736140.0655047957343163
1788895800000,2026-09-08T19:30:00Z,265.875,266.06,265.71,266.06,7389.722606,1964628.0000283968
1788896100000,2026-09-08T19:35:00Z,266.065,266.17,265.845,266.08,6359.34606,1691562.067142374
1788896400000,2026-09-08T19:40:00Z,266.15,266.465,266.12,266.315,5487,1460959.9708
1788896700000,2026-09-08T19:45:00Z,266.325,266.65,266.29,266.5,7681.143597,2045928.5624260158
1788897000000,2026-09-08T19:50:00Z,266.31,266.35,266.0245,266.075,24471.632741999998,6513756.7122204302676452
1788897300000,2026-09-08T19:55:00Z,265.85,265.99,264.56,264.84,41743,11077433.5075
1788897600000,2026-09-08T20:00:00Z,264.84,264.84,264.84,264.84,16623,4402435.32
1788897900000,2026-09-08T20:05:00Z,266.32,266.32,265.9,265.9,426,115315.9848
1788898200000,2026-09-08T20:10:00Z,264.84,265.78,264.84,265.78,13,3447.62
1788898500000,2026-09-08T20:15:00Z,264.89,264.89,264.89,264.89,3,794.62
1788898800000,2026-09-08T20:20:00Z,264.94,264.94,264.94,264.94,1,264.94
1788899100000,2026-09-08T20:25:00Z,265.5,265.5,265.5,265.5,1,265.5
1788900000000,2026-09-08T20:40:00Z,265.75,265.75,265.75,265.75,1,265.75
1788900300000,2026-09-08T20:45:00Z,264.95,264.95,264.95,264.95,2,529.9
1788901800000,2026-09-08T21:10:00Z,266.48,266.48,266.48,266.48,1,266.48
1788902400000,2026-09-08T21:20:00Z,264,264,264,264,15,3960
1788902700000,2026-09-08T21:25:00Z,264.84,264.84,264.84,264.84,1,264.84
1788903000000,2026-09-08T21:30:00Z,264.84,264.84,264.84,264.84,33,8739.72
1788903300000,2026-09-08T21:35:00Z,264.84,264.84,264.5,264.84,8,2116.68
1788904500000,2026-09-08T21:55:00Z,264,264.1302,264,264.1302,69,18218.604
1788904800000,2026-09-08T22:00:00Z,264.44,264.44,264.44,264.44,1,264.44
1788906000000,2026-09-08T22:20:00Z,264.668,264.668,264.668,264.668,50,13233.4
1788906300000,2026-09-08T22:25:00Z,263.7301,263.7301,263.73,263.73,50,13186.501
1788906900000,2026-09-08T22:35:00Z,264.64,264.64,264.64,264.64,1,264.64
1788907200000,2026-09-08T22:40:00Z,265,265,265,265,2,530
1788908400000,2026-09-08T23:00:00Z,264.64,264.64,264.64,264.64,19,5028.16
1788909600000,2026-09-08T23:20:00Z,265.42,265.42,265.42,265.42,2,530.84
1788910200000,2026-09-08T23:30:00Z,264.84,264.84,264.84,264.84,6,1589.04
1788911100000,2026-09-08T23:45:00Z,266.48,266.48,265.63,265.63,3,798.93
1788916800000,2026-09-09T01:20:00Z,265,265,265,265,4,1060
1788920700000,2026-09-09T02:25:00Z,264.94,264.94,264.94,264.94,5,1324.7
1788940200000,2026-09-09T07:50:00Z,265.75,265.75,265.74,265.74,45,11958.74
1788940800000,2026-09-09T08:00:00Z,264.2767,264.2767,264.2767,264.2767,1,264.2767
1788943500000,2026-09-09T08:45:00Z,264,264,264,264,1,264
1788945900000,2026-09-09T09:25:00Z,264,264,264,264,20,5280
1788947100000,2026-09-09T09:45:00Z,264.32,264.32,264.32,264.32,15,3964.8
1788947400000,2026-09-09T09:50:00Z,265.24,265.24,265.12,265.12,19,5037.4
1788947700000,2026-09-09T09:55:00Z,264.32,264.32,264.32,264.32,15,3964.8
1788948600000,2026-09-09T10:10:00Z,264.84,264.84,264.84,264.84,15,3972.6
1788951000000,2026-09-09T10:50:00Z,264,264,264,264,25,6600
1788951600000,2026-09-09T11:00:00Z,263.13,263.13,263.13,263.13,2100,552573
1788954000000,2026-09-09T11:40:00Z,264.5645,264.5645,264.5645,264.5645,25,6614.1125
1788955200000,2026-09-09T12:00:00Z,264.06,264.9,264.06,264.81,340,89840.828
1788957600000,2026-09-09T12:40:00Z,264.59,264.59,264.59,264.59,4,1058.36
1788958200000,2026-09-09T12:50:00Z,265.06,266.174,265.06,266.174,22,5833.548
1788958800000,2026-09-09T13:00:00Z,265.85,266.35,265.85,266.35,575,153515.05
1788959100000,2026-09-09T13:05:00Z,266.34,266.95,265,266.34,390,103883.07
1788959400000,2026-09-09T13:10:00Z,266.83,266.83,266.34,266.34,70,18674.58
1788959700000,2026-09-09T13:15:00Z,266.5,266.5,266.5,266.5,111,29581.5
1788960000000,2026-09-09T13:20:00Z,267.852,267.852,267.852,267.852,25,6696.3
1788960600000,2026-09-09T13:30:00Z,265.45,265.665,262.19,262.77,11794.191007,3152957.5272179928
1788960900000,2026-09-09T13:35:00Z,262.8901,262.8901,260.43,261.62,2866,749663.795
1788961200000,2026-09-09T13:40:00Z,261.8163,263.2,261.8163,262.75,2529,664188.6974
1788961500000,2026-09-09T13:45:00Z,262.775,262.775,260.6,260.6,14978,3910390.35
1788961800000,2026-09-09T13:50:00Z,261.145,261.205,260.555,261.01,9093.830515,2374135.378429452
1788962100000,2026-09-09T13:55:00Z,260.425,260.63,259.5,260.555,14940.383548,3887021.16412022
1788962400000,2026-09-09T14:00:00Z,260.835,262.545,260.835,262.11,16894,4420745.7882
1788962700000,2026-09-09T14:05:00Z,262.285,263.07,262.07,262.27,16303,4278231.595
1788963000000,2026-09-09T14:10:00Z,262.375,264.12,262.3725,264.07,12869,3390560.475
1788963300000,2026-09-09T14:15:00Z,263.74,263.74,262.62,263.18,7800.889858999999,2054184.8555916248366711
1788963600000,2026-09-09T14:20:00Z,263.19,263.21,262.47,262.47,4715.037376,1240231.1722858624
1788963900000,2026-09-09T14:25:00Z,262.44,262.96,262.4,262.96,4583,1202755.98
1788964200000,2026-09-09T14:30:00Z,262.51,262.51,262.16,262.415,800,209906.5
1788964500000,2026-09-09T14:35:00Z,262.59,263.25,262.57,263.09,9711.903595,2551642.0983592805
1788964800000,2026-09-09T14:40:00Z,263.06,263.42,263.06,263.42,2182.9846000000002,574649.5776398200526423
1788965100000,2026-09-09T14:45:00Z,263.27,263.35,262.91,263.155,6287.761813,1654935.7467619284
1788965400000,2026-09-09T14:50:00Z,263.15,263.2,262.99,263.025,2143,563759.41
1788965700000,2026-09-09T14:55:00Z,263.335,263.46,263.225,263.31,2024,532834.835
1788966000000,2026-09-09T15:00:00Z,263.305,263.41,263.115,263.115,903,237778.73
1788966300000,2026-09-09T15:05:00Z,263.115,263.3,262.8602,263.102,6085.440648,1601296.5241605816
1788966600000,2026-09-09T15:10:00Z,263.075,263.075,262.705,262.77,3206,842646.475
1788966900000,2026-09-09T15:15:00Z,262.775,262.985,262.69,262.69,1480,388956.8
1788967200000,2026-09-09T15:20:00Z,262.65,262.8721,262.535,262.72,3572.762,938450.2852276
1788967500000,2026-09-09T15:25:00Z,262.59,262.675,262.45,262.53,1596.57095,419264.95981123
1788967800000,2026-09-09T15:30:00Z,262.635,262.665,262.425,262.52,5185,1361552.025
1788968100000,2026-09-09T15:35:00Z,262.745,262.885,262.6,262.885,6762.005605,1776503.803308607
1788968400000,2026-09-09T15:40:00Z,262.89,262.96,262.575,262.96,4791.018447,1259124.6834450018
1788968700000,2026-09-09T15:45:00Z,262.79,262.795,262.38,262.42,3491.5155,917433.66466865
1788969000000,2026-09-09T15:50:00Z,262.44,262.44,262.24,262.24,1840,482840.1
1788969300000,2026-09-09T15:55:00Z,261.87,261.945,261.87,261.945,200,52381.5
1788969600000,2026-09-09T16:00:00Z,261.97,262.585,261.97,262.47,5598,1468146.2319
1788969900000,2026-09-09T16:05:00Z,262.59,262.6,262.19,262.3225,3343,877142.56
1788970200000,2026-09-09T16:10:00Z,262.41,262.41,262.25,262.25,500,131187
1788970500000,2026-09-09T16:15:00Z,262.25,262.25,261.6,261.6,5272.67459,1381026.680584641
1788970800000,2026-09-09T16:20:00Z,261.76,261.82,261.74,261.81,7336.421673000001,1920068.0316636819617129
1788971100000,2026-09-09T16:25:00Z,261.815,262.09,261.815,262.09,932,244179.54
1788971400000,2026-09-09T16:30:00Z,262.12,262.24,261.81,261.81,8130.186975,2131064.3979813275
1788971700000,2026-09-09T16:35:00Z,262.095,262.34,261.9682,262.16,7677,2012173.7192
1788972000000,2026-09-09T16:40:00Z,261.99,262.33,261.99,262.165,4905.713923,1286193.8123311244
1788972300000,2026-09-09T16:45:00Z,262.32,262.46,262.23,262.25,3251,852871.5577
1788972600000,2026-09-09T16:50:00Z,262.43,262.43,262.43,262.43,100,26243
1788972900000,2026-09-09T16:55:00Z,262.51,262.62,262.4,262.4,3107.00405,815762.5553518
1788973200000,2026-09-09T17:00:00Z,262.53,262.63,262.31,262.63,666,174832.16
1788973500000,2026-09-09T17:05:00Z,262.46,262.64,262.255,262.375,9291.730406,2438439.8555613108
1788973800000,2026-09-09T17:10:00Z,262.385,262.67,262.385,262.67,1000,262537
1788974100000,2026-09-09T17:15:00Z,262.9778,262.9778,262.29,262.33,3528.511426,926578.4627984052
1788974400000,2026-09-09T17:20:00Z,262.49,262.49,262.425,262.425,2021.704326,530573.6572702488
1788974700000,2026-09-09T17:25:00Z,262.435,262.61,262.27,262.27,1900,498560.97
1788975000000,2026-09-09T17:30:00Z,262.365,262.42,262.365,262.405,9183,2409334.246
1788975300000,2026-09-09T17:35:00Z,262.41,262.41,262.205,262.395,4944.79911,1296848.513146642
1788975600000,2026-09-09T17:40:00Z,262.42,263.02,262.42,262.92,10334.598818,2715597.7283686968
1788975900000,2026-09-09T17:45:00Z,262.945,262.945,262.61,262.61,1842.3254550000001,484525.1465259075262997
1788976200000,2026-09-09T17:50:00Z,262.655,262.655,262.5,262.655,6591.247032,1730855.8533609168
1788976500000,2026-09-09T17:55:00Z,262.75,262.86,262.505,262.72,7779.405987,2042896.1283447597
1788976800000,2026-09-09T18:00:00Z,262.82,262.82,262.6,262.6,4990.14656,1310791.73779456
1788977100000,2026-09-09T18:05:00Z,262.6,262.605,262.26,262.26,6014.81331,1579221.717099695
1788977400000,2026-09-09T18:10:00Z,262.3,262.4,262.3,262.34,1090,285938.2
1788977700000,2026-09-09T18:15:00Z,262.24,262.37,262.13,262.22,3372.78956,884523.648093684
1788978000000,2026-09-09T18:20:00Z,262.35,262.41,262.13,262.41,800,209863
1788978300000,2026-09-09T18:25:00Z,262.71,263.125,262.71,263.125,4939,1297465.9159
1788978600000,2026-09-09T18:30:00Z,262.91,263.0211,262.735,262.735,5219.17488,1372243.481465648
1788978900000,2026-09-09T18:35:00Z,263,263.5,263,263.3125,6099.0368,1605356.32314208
1788979200000,2026-09-09T18:40:00Z,263.265,263.34,263.14,263.235,1413,371909.32
1788979500000,2026-09-09T18:45:00Z,263.12,263.12,262.89,262.89,2922.84533,768974.32615762
1788979800000,2026-09-09T18:50:00Z,262.685,262.97,262.605,262.72,6801.878193,1787246.1207997519
1788980100000,2026-09-09T18:55:00Z,262.6725,262.7892,262.575,262.575,3746.84203,984430.28759408
1788980400000,2026-09-09T19:00:00Z,262.67,262.71,262.595,262.595,5982.394521,1571586.7268650596
1788980700000,2026-09-09T19:05:00Z,262.71,262.78,262.42,262.46,1600,420230.75
1788981000000,2026-09-09T19:10:00Z,262.46,262.46,262.12,262.12,2680,702997.227
1788981300000,2026-09-09T19:15:00Z,262.185,262.185,261.685,261.774,8266.574025,2165593.4619487125
1788981600000,2026-09-09T19:20:00Z,261.75,262.109,261.5,262.07,8973.245377,2347849.7520589761
1788981900000,2026-09-09T19:25:00Z,262.045,262.19,261.97,262.19,5392.5506000000005,1413097.9322927801310232
1788982200000,2026-09-09T19:30:00Z,262.1155,262.13,261.9,262.11,4275.64268,1120697.269127012
1788982500000,2026-09-09T19:35:00Z,262.15,262.315,261.91,261.935,9823.028416000001,2575106.1679328770621598
1788982800000,2026-09-09T19:40:00Z,261.94,262.105,261.815,261.91,10428.872735,2731815.0549768655
1788983100000,2026-09-09T19:45:00Z,261.77,261.77,261.04,261.26,18381.131105,4804233.949264979
1788983400000,2026-09-09T19:50:00Z,261.3,261.54,261.17,261.29,19437.222001000002,5079744.4804965421226832
1788983700000,2026-09-09T19:55:00Z,261.19,261.49,260.59,260.8,31760,8287948.285
1788984000000,2026-09-09T20:00:00Z,260.8,260.8,260.8,260.8,11090,2892218.5
1788984300000,2026-09-09T20:05:00Z,260.2,260.2,260.2,260.2,6,1561.2
1788984600000,2026-09-09T20:10:00Z,260.8,262,260.8,262,12,3132.99
1788984900000,2026-09-09T20:15:00Z,260.8,260.8,260.8,260.8,3,782.4
1788985800000,2026-09-09T20:30:00Z,260.372,260.372,260.372,260.372,1,260.372
1788986400000,2026-09-09T20:40:00Z,260.8,260.8,260.8,260.8,1163,303310.4
1788987900000,2026-09-09T21:05:00Z,260.372,260.372,260.372,260.372,1,260.372
1788988800000,2026-09-09T21:20:00Z,260,260,260,260,20,5200
1788989100000,2026-09-09T21:25:00Z,260,260.8,260,260.12,37,9628.12
1788989700000,2026-09-09T21:35:00Z,260.81,260.81,260.81,260.81,20,5216.2
1788990000000,2026-09-09T21:40:00Z,261.4,261.4,261.4,261.4,2,522.8
1788991500000,2026-09-09T22:05:00Z,261.39,261.39,261.39,261.39,2,522.78
1788992100000,2026-09-09T22:15:00Z,261.8,261.8,261.3,261.3,5,1308
1788994200000,2026-09-09T22:50:00Z,261.25,261.25,261.25,261.25,2,522.5
1788994800000,2026-09-09T23:00:00Z,261.38,261.38,261.38,261.38,4,1045.52
1788995100000,2026-09-09T23:05:00Z,261.3,261.3,261.3,261.3,4,1045.2
1788995400000,2026-09-09T23:10:00Z,261.25,261.25,261.25,261.25,18,4702.5
1788996300000,2026-09-09T23:25:00Z,261.3923,261.3923,261.3923,261.3923,30,7841.769
1788996600000,2026-09-09T23:30:00Z,260.8,260.8,260.8,260.8,7,1825.6
1789002600000,2026-09-10T01:10:00Z,260.89,260.89,260.89,260.89,1,260.89
1789005300000,2026-09-10T01:55:00Z,260.89,260.89,260.89,260.89,1,260.89
1789006800000,2026-09-10T02:20:00Z,260.89,260.89,260.89,260.89,5,1304.45
1789010400000,2026-09-10T03:20:00Z,260.88,260.88,260.88,260.88,2,521.76
1789023600000,2026-09-10T07:00:00Z,260.87,260.88,260.87,260.88,42,10956.56
1789027200000,2026-09-10T08:00:00Z,261.5977,261.5977,259.74,260.99,64,16722.8597
1789029300000,2026-09-10T08:35:00Z,260.99,260.99,260.99,260.99,2,521.98
1789029900000,2026-09-10T08:45:00Z,260,260,260,260,9,2340
1789030500000,2026-09-10T08:55:00Z,259.52,259.52,259.52,259.52,1,259.52
1789038000000,2026-09-10T11:00:00Z,261.1,261.1,261.1,261.1,4,1044.4
1789040100000,2026-09-10T11:35:00Z,261.64,261.64,261.64,261.64,14,3662.96
1789040400000,2026-09-10T11:40:00Z,261.65,261.65,261.65,261.65,15,3924.75
1789040700000,2026-09-10T11:45:00Z,261.1,261.1,261.1,261.1,2,522.2
1789041600000,2026-09-10T12:00:00Z,260,260,260,260,1,260
1789042800000,2026-09-10T12:20:00Z,260.12,260.12,260.12,260.12,3,780.36
1789043100000,2026-09-10T12:25:00Z,260.12,260.12,260.12,260.12,18,4682.16
1789043400000,2026-09-10T12:30:00Z,260,260.8,260,260,108,28125.6
1789044000000,2026-09-10T12:40:00Z,259.3397,259.3397,258.8,258.8,8,2071.4794
1789044300000,2026-09-10T12:45:00Z,258.5,258.5,258.5,258.5,5,1292.5
1789044600000,2026-09-10T12:50:00Z,258.88,258.88,258.88,258.88,10,2588.8
1789045500000,2026-09-10T13:05:00Z,259,259,259,259,65,16883.6395
1789045800000,2026-09-10T13:10:00Z,258.95,258.95,258.95,258.95,2,517.9
1789046400000,2026-09-10T13:20:00Z,259.3,259.3,259.3,259.3,1,259.3
1789046700000,2026-09-10T13:25:00Z,259.92,260,259.92,260,130,33793.6
1789047000000,2026-09-10T13:30:00Z,261.1554,261.42,258.1902,259.455,57460.040907,14901359.9315784512
1789047300000,2026-09-10T13:35:00Z,260.16,260.76,259.74,260.68,3288,856262.455
1789047600000,2026-09-10T13:40:00Z,259.77,262.86,259.77,262.86,1340,349919.5616
1789047900000,2026-09-10T13:45:00Z,262.86,263.465,262.27,263.465,4990,1312670.58
1789048200000,2026-09-10T13:50:00Z,263.675,264.58,263.235,264.2,6598.496206,1739867.3090934148
1789048500000,2026-09-10T13:55:00Z,264.125,264.32,263.18,263.41,3801.186954,1003339.0977547766
1789048800000,2026-09-10T14:00:00Z,263.87,263.91,262.87,263.07,1309,344567.17
1789049100000,2026-09-10T14:05:00Z,262.99,263.319,261.865,261.91,1624,426411.8222
1789049400000,2026-09-10T14:10:00Z,261.905,262.12,261.585,261.99,2295,600907.62
1789049700000,2026-09-10T14:15:00Z,261.8,262.48,261.8,262.48,7316,1918196.11
1789050000000,2026-09-10T14:20:00Z,262.5851,263.87,262.58,263.44,10389.043517,2734634.3672903244
1789050300000,2026-09-10T14:25:00Z,263.59,263.6,262.84,263.4,1293,340408.1005
1789050600000,2026-09-10T14:30:00Z,263.2,263.2,262.53,262.53,1761,463008.63
1789050900000,2026-09-10T14:35:00Z,262.53,262.84,262.44,262.6425,2536.875783,666555.44328806
1789051200000,2026-09-10T14:40:00Z,262.915,263.46,262.91,263.27,2922,769416.8384
1789051500000,2026-09-10T14:45:00Z,263.33,263.33,262.75,263.2,1270,334126.6
1789051800000,2026-09-10T14:50:00Z,263.065,263.065,262.56,262.87,998,262344.62
1789052100000,2026-09-10T14:55:00Z,262.52,262.885,262.52,262.5575,1616,424494.11
1789052400000,2026-09-10T15:00:00Z,262.555,262.57,262.235,262.39,3800,997092.5
1789052700000,2026-09-10T15:05:00Z,262.39,262.6,262.39,262.455,1591,417607.49
1789053000000,2026-09-10T15:10:00Z,262.24,262.24,262,262.11,4900,1284092.7
1789053300000,2026-09-10T15:15:00Z,262.07,262.94,262.07,262.94,1492,391745.2
1789053600000,2026-09-10T15:20:00Z,263.02,263.15,262.78,263.085,2687.97412,706912.2363835
1789053900000,2026-09-10T15:25:00Z,263.25,263.6,263.24,263.6,2246.05709,591591.118217061
1789054200000,2026-09-10T15:30:00Z,263.5795,263.84,263.5795,263.72,5078.162926,1338865.7805005816
1789054500000,2026-09-10T15:35:00Z,263.68,264.57,263.495,263.5,4979,1314173.34
1789054800000,2026-09-10T15:40:00Z,263.53,263.59,263.19,263.59,1622,427260.1
1789055100000,2026-09-10T15:45:00Z,263.565,263.97,263.35,263.97,3300,870148
1789055400000,2026-09-10T15:50:00Z,264.12,264.12,263.9101,263.9101,5529.647961,1460062.9127776888
1789055700000,2026-09-10T15:55:00Z,263.745,263.88,263.745,263.88,880.14137,232196.519851701
1789056000000,2026-09-10T16:00:00Z,263.835,264.075,263.835,263.875,1000,263937
1789056300000,2026-09-10T16:05:00Z,263.84,263.84,263.56,263.56,2019,532557.2222
1789056600000,2026-09-10T16:10:00Z,263.2818,263.645,263.1806,263.645,7080,1864143.08
1789056900000,2026-09-10T16:15:00Z,263.55,263.635,263.37,263.595,3655.2351320000002,963422.38601717565271466
1789057200000,2026-09-10T16:20:00Z,263.61,263.91,263.44,263.76,1309,345177.905
1789057500000,2026-09-10T16:25:00Z,263.8626,263.8626,263.44,263.47,1866,491965.2144
1789057800000,2026-09-10T16:30:00Z,263.44,264.075,263.44,264.02,7930,2092461
1789058100000,2026-09-10T16:35:00Z,264.02,264.02,263.575,263.725,5816.6404299999995,1534935.68695463486805275
1789058400000,2026-09-10T16:40:00Z,263.67,263.67,263.67,263.67,100,26367
1789058700000,2026-09-10T16:45:00Z,263.66,263.865,263.46,263.5,4277.39006,1127876.200775162
1789059000000,2026-09-10T16:50:00Z,263.385,263.79,263.345,263.72,1403,369680.155
1789059300000,2026-09-10T16:55:00Z,263.8874,263.8874,263.58,263.67,1432,377539.811
1789059600000,2026-09-10T17:00:00Z,263.735,263.88,263.45,263.45,1158,305255.34
1789059900000,2026-09-10T17:05:00Z,263.4399,263.4399,262.695,262.765,3939,1036045.5842
1789060200000,2026-09-10T17:10:00Z,262.96,263.035,262.725,263.035,1170,307605.75
1789060500000,2026-09-10T17:15:00Z,263.39,263.485,263.24,263.28,12641,3330607.795
1789060800000,2026-09-10T17:20:00Z,263.1716,263.245,263.12,263.18,2932.89847,772163.830616649
1789061100000,2026-09-10T17:25:00Z,263.225,263.225,263,263.165,1611,423882.855
1789061400000,2026-09-10T17:30:00Z,263.15,263.15,262.7,262.84,7035,1849021.595
1789061700000,2026-09-10T17:35:00Z,263.105,263.56,263.105,263.27,1620,426503.6
1789062000000,2026-09-10T17:40:00Z,263.16,263.16,262.945,262.945,2230,586412.85
1789062300000,2026-09-10T17:45:00Z,262.78,262.78,262.78,262.78,100,26278
1789062600000,2026-09-10T17:50:00Z,262.885,263.05,262.885,263.05,547,143842.595
1789062900000,2026-09-10T17:55:00Z,262.895,262.895,262.415,262.48,4362.70697,1146421.230809175
1789063200000,2026-09-10T18:00:00Z,262.465,262.675,262.465,262.6,1774,465785.486
1789063500000,2026-09-10T18:05:00Z,262.5,262.5,262.44,262.455,582,152760.5
1789063800000,2026-09-10T18:10:00Z,262.015,262.1854,261.8437,262.14,3320.58152,870073.668393768
1789064100000,2026-09-10T18:15:00Z,262.23,262.73,262.23,262.73,4681.21962,1227933.5002279
1789064400000,2026-09-10T18:20:00Z,262.74,262.775,262.56,262.56,1470,386142.8445
1789064700000,2026-09-10T18:25:00Z,262.41,262.41,262.0715,262.18,2785,729967.8205
1789065000000,2026-09-10T18:30:00Z,262.105,262.105,262.105,262.105,300,78631.5
1789065300000,2026-09-10T18:35:00Z,262.34,262.34,262.23,262.33,1943.99885,509940.636338325
1789065600000,2026-09-10T18:40:00Z,262.275,262.355,262.275,262.355,983.070635,257842.850794625
1789065900000,2026-09-10T18:45:00Z,262.29,262.485,262.23,262.485,3131.55806,821510.82341532
1789066200000,2026-09-10T18:50:00Z,262.51,262.515,262.34,262.34,2012,527985.62
1789066500000,2026-09-10T18:55:00Z,262.325,262.52,262.325,262.4021,615,161388.9217
1789066800000,2026-09-10T19:00:00Z,262.48,262.911,262.48,262.695,1199,315019.068
1789067100000,2026-09-10T19:05:00Z,262.725,262.73,262.725,262.73,200,52545.5
1789067400000,2026-09-10T19:10:00Z,262.93,263.065,262.85,263.065,1213,318981.69
1789067700000,2026-09-10T19:15:00Z,263.14,263.235,263.07,263.2101,3135,824961.275
1789068000000,2026-09-10T19:20:00Z,263.08,263.11,262.99,263.015,1974,519218.875
1789068300000,2026-09-10T19:25:00Z,262.83,262.83,262.62,262.62,4551,1196507.116
1789068600000,2026-09-10T19:30:00Z,262.71,262.86,262.48,262.48,7353.08247,1931904.755461625
1789068900000,2026-09-10T19:35:00Z,262.38,262.65,262.38,262.51,8666.977202,2274815.2649978522
1789069200000,2026-09-10T19:40:00Z,262.48,262.67,262.39,262.6,1955,513282.73
1789069500000,2026-09-10T19:45:00Z,262.53,262.53,261.525,261.575,2688,704341.335
1789069800000,2026-09-10T19:50:00Z,261.465,261.95,261.23,261.83,10924.411149,2857697.7937850449
1789070100000,2026-09-10T19:55:00Z,261.83,262.05,260.86,260.98,28845.961194,7549161.0054733754
1789070400000,2026-09-10T20:00:00Z,260.98,260.98,260.98,260.98,10497,2739507.06
1789071000000,2026-09-10T20:10:00Z,260.98,260.98,260.98,260.98,6,1565.88
1789071300000,2026-09-10T20:15:00Z,260.98,260.98,260.98,260.98,6,1565.88
1789071600000,2026-09-10T20:20:00Z,260.98,261.98,260.98,261.98,94,24535.84
1789074000000,2026-09-10T21:00:00Z,261.8,261.8,261.8,261.8,636,167140.8
1789077300000,2026-09-10T21:55:00Z,260.98,260.98,260.98,260.98,1,260.98
1789078200000,2026-09-10T22:10:00Z,260.3,260.3,260.3,260.3,2,520.6
1789080300000,2026-09-10T22:45:00Z,260.92,260.92,260.92,260.92,5,1304.6
1789080600000,2026-09-10T22:50:00Z,260.92,260.92,260.92,260.92,1,260.92
1789081200000,2026-09-10T23:00:00Z,260.92,260.92,260.92,260.92,10,2609.2
1789081500000,2026-09-10T23:05:00Z,260.42,260.92,260.42,260.92,8,2085.86
1789082100000,2026-09-10T23:15:00Z,260.92,260.92,260.92,260.92,10,2609.2
1789082400000,2026-09-10T23:20:00Z,260.92,260.92,260.92,260.92,5,1304.6
1789083000000,2026-09-10T23:30:00Z,260.98,260.98,260.98,260.98,11,2844.73
1789083300000,2026-09-10T23:35:00Z,260.92,260.92,260.92,260.92,10,2609.2
1789083600000,2026-09-10T23:40:00Z,260.92,260.92,260.3,260.3,3,782.14
1789084200000,2026-09-10T23:50:00Z,260.42,260.68,260.42,260.68,11,2867.22
1789087800000,2026-09-11T00:50:00Z,261.91,261.91,261.91,261.91,1,261.91
1789088400000,2026-09-11T01:00:00Z,261.97,261.97,261.97,261.97,1,261.97
1789091700000,2026-09-11T01:55:00Z,260.99,260.99,260.99,260.99,1,260.99
1789094100000,2026-09-11T02:35:00Z,260.99,260.99,260.99,260.99,2,521.98
1789097100000,2026-09-11T03:25:00Z,260.99,260.99,260.99,260.99,1,260.99
1789103400000,2026-09-11T05:10:00Z,260.97,260.97,260.97,260.97,5,1304.85
1789105200000,2026-09-11T05:40:00Z,260.97,261,260.97,261,121,31578
1789110000000,2026-09-11T07:00:00Z,261,261,261,261,7,1827
1789117500000,2026-09-11T09:05:00Z,261.01,261.01,261.01,261.01,10,2610.1
1789126800000,2026-09-11T11:40:00Z,262.26,262.26,262.26,262.26,25,6556.5
1789128000000,2026-09-11T12:00:00Z,262.26,262.26,262.26,262.26,41,10752.66
1789129500000,2026-09-11T12:25:00Z,262.25,262.25,262.25,262.25,13,3409.25
1789130100000,2026-09-11T12:35:00Z,261.0422,261.0422,261.01,261.01,3,783.0622
1789131600000,2026-09-11T13:00:00Z,261.7,261.7,261.7,261.7,3,785.1
1789131900000,2026-09-11T13:05:00Z,261.9,261.9,261.9,261.9,4,1047.6
1789132800000,2026-09-11T13:20:00Z,262.31,262.31,262.31,262.31,1,262.31
1789133400000,2026-09-11T13:30:00Z,261.975,263.69,261.955,263.115,9567,2516289.95
1789133700000,2026-09-11T13:35:00Z,263.1,263.16,262.075,262.075,2861,750959.815
1789134000000,2026-09-11T13:40:00Z,259.54,260.47,259.54,260.47,1510,392635.4494
1789134300000,2026-09-11T13:45:00Z,260.74,261.975,260.24,261.975,6288,1645988.7763
1789134600000,2026-09-11T13:50:00Z,262.6,263.145,262.14,262.14,1013.14277,265437.32688338
1789134900000,2026-09-11T13:55:00Z,262.901,263.495,262.575,263.495,3774.402781,991724.6777671239
1789135200000,2026-09-11T14:00:00Z,263,263.14,262.38,262.445,1660,436026.965
1789135500000,2026-09-11T14:05:00Z,261.98,262.105,261.89,262.105,3678.48733,964283.387273344
1789135800000,2026-09-11T14:10:00Z,262.135,262.135,261.63,261.63,1161,303831.95
1789136100000,2026-09-11T14:15:00Z,261.34,261.55,260.64,260.85,3556.7315630000003,928907.47932195897836909
1789136400000,2026-09-11T14:20:00Z,260.785,261.07,260.775,261.07,2094.896451,546354.4411515726
1789136700000,2026-09-11T14:25:00Z,260.97,260.97,260.55,260.87,3662.451978,955307.6443759922
1789137000000,2026-09-11T14:30:00Z,260.905,261.78,260.905,261.78,989,258659.92
1789137300000,2026-09-11T14:35:00Z,261.31,261.75,261.31,261.5125,1598,417988.425
1789137600000,2026-09-11T14:40:00Z,261.69,261.845,261.3042,261.845,3324,868817.2484
1789137900000,2026-09-11T14:45:00Z,261.9,262.39,261.9,262.39,2109,552686.389
1789138200000,2026-09-11T14:50:00Z,261.84,262.905,261.84,262.905,1700,446102
1789138500000,2026-09-11T14:55:00Z,262.37,262.44,261.615,261.88,7006.088,1837830.8683248
1789138800000,2026-09-11T15:00:00Z,261.86,261.97,261.695,261.71,5456,1428508.396
1789139100000,2026-09-11T15:05:00Z,261.81,262.15,261.8,262.06,6002.9693,1571429.45388245
1789139400000,2026-09-11T15:10:00Z,261.8825,262.25,261.68,262.07,8263.361645,2164449.9484940275
1789139700000,2026-09-11T15:15:00Z,261.78,261.78,261.39,261.645,1500,392404.5
1789140000000,2026-09-11T15:20:00Z,261.68,261.96,261.61,261.82,1734,453892.146
1789140300000,2026-09-11T15:25:00Z,261.65,262.805,261.65,262.805,3531,926061.33
1789140600000,2026-09-11T15:30:00Z,262.63,262.635,262.44,262.615,1805,473814.7
1789140900000,2026-09-11T15:35:00Z,262.565,262.845,262.565,262.6,2515.391576,660568.4912390392
1789141200000,2026-09-11T15:40:00Z,262.755,262.775,262.56,262.73,2244,589545.044
1789141500000,2026-09-11T15:45:00Z,262.72,262.9,262.58,262.87,2929,769673.02
1789141800000,2026-09-11T15:50:00Z,262.885,262.99,262.58,262.735,3200,840860.75
1789142100000,2026-09-11T15:55:00Z,262.7425,262.77,262.725,262.7275,805,211505.175
1789142400000,2026-09-11T16:00:00Z,262.84,263.3,262.8,262.8,3964.793804,1042475.4157370628
1789142700000,2026-09-11T16:05:00Z,263.13,263.13,262.38,262.435,1970,517646.31
1789143000000,2026-09-11T16:10:00Z,262.24,262.37,262.05,262.115,1403,367863.69
1789143300000,2026-09-11T16:15:00Z,262.135,262.38,262.12,262.24,1434,376095.6361
1789143600000,2026-09-11T16:20:00Z,262.24,262.455,262.21,262.43,6186.752694000001,1623227.3109484332623695
1789143900000,2026-09-11T16:25:00Z,262.435,262.44,262.33,262.33,3706.390452,972557.0984602188
1789144200000,2026-09-11T16:30:00Z,262.36,262.555,262.18,262.46,1538,403492.82
1789144500000,2026-09-11T16:35:00Z,262.56,262.56,262.21,262.27,800,209899
1789144800000,2026-09-11T16:40:00Z,262.28,262.31,262.05,262.25,1067,279746.295
1789145100000,2026-09-11T16:45:00Z,262.26,262.295,262.05,262.05,3214,842805.03
1789145400000,2026-09-11T16:50:00Z,262.16,262.25,261.94,262.25,6068.4024199999994,1590979.9899203698426809
1789145700000,2026-09-11T16:55:00Z,262.25,262.305,262.22,262.305,1603.100539,420433.6574364152
1789146000000,2026-09-11T17:00:00Z,262.305,262.52,262.305,262.45,12538,3289061.11
1789146300000,2026-09-11T17:05:00Z,262.5,262.75,262.455,262.75,3737,981069.83
1789146600000,2026-09-11T17:10:00Z,262.665,262.75,262.49,262.655,4024.890961,1057082.8063646138
1789146900000,2026-09-11T17:15:00Z,262.655,262.67,262.5,262.5,1751,459798.572
1789147200000,2026-09-11T17:20:00Z,262.6,262.6,262.33,262.336,1130,296537.15
1789147500000,2026-09-11T17:25:00Z,262.425,262.44,262.33,262.42,2844,746332.45
1789147800000,2026-09-11T17:30:00Z,262.42,262.63,262.42,262.5,7346,1928511.4449
1789148100000,2026-09-11T17:35:00Z,262.425,262.645,262.39,262.64,5280.478038,1385887.1856373776
1789148400000,2026-09-11T17:40:00Z,262.695,262.695,262.46,262.54,3356.366153,881402.1095143878
1789148700000,2026-09-11T17:45:00Z,262.54,262.785,262.53,262.785,3791,995766.405
1789149000000,2026-09-11T17:50:00Z,263,263.16,262.86,262.86,3409,896684.87
1789149300000,2026-09-11T17:55:00Z,262.79,263.01,262.78,262.955,2128,559427.045
1789149600000,2026-09-11T18:00:00Z,262.89,262.89,262.74,262.74,2987,785195.93
1789149900000,2026-09-11T18:05:00Z,262.815,262.995,262.49,262.49,5797,1523767.765
1789150200000,2026-09-11T18:10:00Z,262.52,262.525,262.34,262.4925,2503,657015.425
1789150500000,2026-09-11T18:15:00Z,262.75,262.91,262.6387,262.91,1061,278793.4198
1789150800000,2026-09-11T18:20:00Z,262.7925,262.845,262.7925,262.845,2952.357147,775906.9365173292
1789151100000,2026-09-11T18:25:00Z,262.845,262.85,262.4154,262.78,7008.5318099999995,1841595.2224174638686228
1789151400000,2026-09-11T18:30:00Z,262.76,262.76,262.47,262.7,1420,372967.75
1789151700000,2026-09-11T18:35:00Z,262.675,262.74,262.675,262.74,900,236446.15
1789152000000,2026-09-11T18:40:00Z,263,263.05,262.52,262.52,1304,342814.05
1789152300000,2026-09-11T18:45:00Z,262.315,262.315,261.885,262.14,1688,442377.88
1789152600000,2026-09-11T18:50:00Z,262.27,262.54,262.27,262.54,3091.18062,810601.919083844
1789152900000,2026-09-11T18:55:00Z,262.455,262.77,262.415,262.77,25747.973169999999,6764476.904971309737457
1789153200000,2026-09-11T19:00:00Z,262.75,262.9,262.59,262.7,3019,793319.92
1789153500000,2026-09-11T19:05:00Z,262.655,262.77,262.505,262.6,10557.141373,2771822.8730259466
1789153800000,2026-09-11T19:10:00Z,262.65,262.75,262.57,262.6,6286.196662,1650854.1126174722
1789154100000,2026-09-11T19:15:00Z,262.605,262.91,262.52,262.91,7405.463682,1944841.7724283296
1789154400000,2026-09-11T19:20:00Z,262.87,263.23,262.7001,263.23,3957,1040277.094
1789154700000,2026-09-11T19:25:00Z,263.25,263.25,262.92,262.93,2196,577757.81
1789155000000,2026-09-11T19:30:00Z,262.92,263.09,262.595,262.71,2686,705988.74
1789155300000,2026-09-11T19:35:00Z,262.82,263.02,262.79,262.885,5530.275861,1453711.0018569434
1789155600000,2026-09-11T19:40:00Z,262.885,263.05,262.78,262.96,8803.7601,2314654.41765793
1789155900000,2026-09-11T19:45:00Z,262.85,263.165,262.85,263.04,2961,778988.965
1789156200000,2026-09-11T19:50:00Z,263.12,263.3825,262.77,263.26,6495,1708386.475
1789156500000,2026-09-11T19:55:00Z,263.07,263.07,262.11,262.4,28278,7418825.54
1789156800000,2026-09-11T20:00:00Z,262.4,262.4,261.2,262.4,134262.779733,35212925.8806602571
1789157400000,2026-09-11T20:10:00Z,262.4,262.4,262.4,262.4,6,1574.4
1789157700000,2026-09-11T20:15:00Z,262.4,262.4,262.4,262.4,3,787.2
1789158000000,2026-09-11T20:20:00Z,262.62,262.62,262.62,262.62,1,262.62
1789158300000,2026-09-11T20:25:00Z,263.817,263.817,263.817,263.817,20,5276.34
1789159200000,2026-09-11T20:40:00Z,262.9538,262.9538,262.16,262.16,5,1313.1814
1789161600000,2026-09-11T21:20:00Z,262.4,262.4,262.4,262.4,23,6035.2
1789162200000,2026-09-11T21:30:00Z,263,263,263,263,5,1315
1789163400000,2026-09-11T21:50:00Z,262.3,262.3,262.3,262.3,1,262.3
1789167000000,2026-09-11T22:50:00Z,262.31,262.31,262.31,262.31,15,3934.65
1789167300000,2026-09-11T22:55:00Z,262.31,262.31,262.31,262.31,10,2623.1
1789167600000,2026-09-11T23:00:00Z,262.7,262.7,262.7,262.7,1,262.7
1789167900000,2026-09-11T23:05:00Z,262.75,262.75,262.75,262.75,10,2627.5
1789168200000,2026-09-11T23:10:00Z,262.99,262.99,262.99,262.99,20,5259.8
1789169400000,2026-09-11T23:30:00Z,262.4,262.4,262.4,262.4,4,1049.6
1789170900000,2026-09-11T23:55:00Z,262.3,262.3,262.3,262.3,9,2360.7
