ts_ms,ts_utc,open,high,low,close,base_vol,quote_vol
1788134400000,2026-08-31T00:00:00Z,110.21,110.21,110.21,110.21,5,551.05
1788138060000,2026-08-31T01:01:00Z,111.93,111.93,111.91,111.91,2,223.84
1788140640000,2026-08-31T01:44:00Z,109.53,109.53,109.53,109.53,300,32859
1788141060000,2026-08-31T01:51:00Z,109.49,109.49,109.49,109.49,1,109.49
1788143160000,2026-08-31T02:26:00Z,109.51,109.52,109.51,109.52,40,4380.75
1788152520000,2026-08-31T05:02:00Z,109.49,109.49,109.49,109.49,5,547.45
1788152580000,2026-08-31T05:03:00Z,109.49,109.49,109.49,109.49,5,547.45
1788153000000,2026-08-31T05:10:00Z,109.5,109.5,109.5,109.5,10,1095
1788154380000,2026-08-31T05:33:00Z,109.85,109.85,109.85,109.85,10,1098.5
1788157320000,2026-08-31T06:22:00Z,110.28,110.28,110.28,110.28,5,551.4
1788163140000,2026-08-31T07:59:00Z,110.5,110.5,110.5,110.5,0,0
1788163200000,2026-08-31T08:00:00Z,110.5,110.5,110.5,110.5,114,12597
1788163260000,2026-08-31T08:01:00Z,110.5,110.5,110.5,110.5,199,21989.5
1788163380000,2026-08-31T08:03:00Z,110.5,110.5,110.5,110.5,50,5525
1788164160000,2026-08-31T08:16:00Z,110.5,110.5,110.5,110.5,0,0
1788167160000,2026-08-31T09:06:00Z,110.667,110.937,110.422,110.422,187,20704.7148
1788167280000,2026-08-31T09:08:00Z,110.421,110.421,110.421,110.421,0,0
1788168600000,2026-08-31T09:30:00Z,110.42,110.42,110.42,110.42,0,0
1788170160000,2026-08-31T09:56:00Z,110.42,110.42,110.42,110.42,5,552.1
1788171300000,2026-08-31T10:15:00Z,110.42,110.42,110.42,110.42,75,8281.5
1788171540000,2026-08-31T10:19:00Z,110.42,110.42,110.42,110.42,56,6183.52
1788171660000,2026-08-31T10:21:00Z,110.42,110.42,110.42,110.42,0,0
1788173100000,2026-08-31T10:45:00Z,110.587,111.419,110.587,111.419,2,221.174
1788173160000,2026-08-31T10:46:00Z,111.42,112.167,111.42,112.167,0,0
1788173220000,2026-08-31T10:47:00Z,112.168,112.174,112.168,112.174,0,0
1788174000000,2026-08-31T11:00:00Z,111.938,111.938,110.502,110.502,78,8668.7406
1788174060000,2026-08-31T11:01:00Z,110.501,110.501,110.446,110.446,73,8062.558
1788174900000,2026-08-31T11:15:00Z,110.445,110.445,110.445,110.445,2,220.89
1788175920000,2026-08-31T11:32:00Z,110.445,110.497,110.445,110.497,5,552.225
1788175980000,2026-08-31T11:33:00Z,110.498,110.504,110.498,110.504,0,0
1788176100000,2026-08-31T11:35:00Z,110.505,110.505,110.505,110.505,1.5,165.7575
1788176160000,2026-08-31T11:36:00Z,110.505,110.505,110.505,110.505,3.25,359.14125
1788176220000,2026-08-31T11:37:00Z,110.505,110.505,110.505,110.505,91,10055.955
1788176280000,2026-08-31T11:38:00Z,110.505,110.505,110.505,110.505,2,221.01
1788176460000,2026-08-31T11:41:00Z,110.505,110.505,110.505,110.505,5,552.525
1788176640000,2026-08-31T11:44:00Z,110.505,110.505,110.505,110.505,5,552.525
1788177240000,2026-08-31T11:54:00Z,110.505,110.505,110.505,110.505,3,331.515
1788177840000,2026-08-31T12:04:00Z,110.505,110.505,110.505,110.505,58,6409.29
1788177960000,2026-08-31T12:06:00Z,110.505,110.505,110.505,110.505,3,331.515
1788178140000,2026-08-31T12:09:00Z,110.505,110.505,110.505,110.505,16,1768.08
1788178380000,2026-08-31T12:13:00Z,110.505,110.505,110.505,110.505,50,5525.25
1788181020000,2026-08-31T12:57:00Z,110.505,110.505,110.505,110.505,2,221.01
1788181200000,2026-08-31T13:00:00Z,110.505,110.505,110.505,110.505,1,110.505
1788181260000,2026-08-31T13:01:00Z,110.296,110.296,109.307,109.307,0,0
1788181320000,2026-08-31T13:02:00Z,109.297,109.297,109.251,109.251,0,0
1788181380000,2026-08-31T13:03:00Z,109.25,109.25,109.25,109.25,13,1420.25
1788181620000,2026-08-31T13:07:00Z,109.282,109.403,109.282,109.403,0,0
1788181680000,2026-08-31T13:08:00Z,109.409,109.438,109.409,109.438,0,0
1788181800000,2026-08-31T13:10:00Z,109.439,109.439,109.439,109.439,0,0
1788182100000,2026-08-31T13:15:00Z,109.448,109.483,109.448,109.483,0,0
1788182160000,2026-08-31T13:16:00Z,109.484,109.488,109.484,109.488,0,0
1788182220000,2026-08-31T13:17:00Z,109.489,109.489,109.489,109.489,0,0
1788182700000,2026-08-31T13:25:00Z,109.708,110.799,109.708,110.799,2,219.416
1788182820000,2026-08-31T13:27:00Z,110.8,110.8,110.8,110.8,105,11634
1788182880000,2026-08-31T13:28:00Z,110.614,110.614,109.686,109.686,0,0
1788182940000,2026-08-31T13:29:00Z,109.695,109.71,109.695,109.71,0,0
1788183000000,2026-08-31T13:30:00Z,110.35,110.35,109.772,109.995,33254.253774,3652294.73944616
1788183060000,2026-08-31T13:31:00Z,110.11,110.585,110.068,110.51,3345.85614,368825.7673943
1788183120000,2026-08-31T13:32:00Z,110.585,110.844,110.585,110.844,1470.426022,162874.5321362718
1788183180000,2026-08-31T13:33:00Z,110.844,110.845,110.586,110.586,590.037538,65274.6137501102
1788183240000,2026-08-31T13:34:00Z,110.585,110.768,110.579,110.586,1544.199911,170973.1964659556
1788183300000,2026-08-31T13:35:00Z,110.587,110.675,110.587,110.594,1873.996474,207299.8033570534
1788183360000,2026-08-31T13:36:00Z,110.51,110.68,110.504,110.51,2884.818887,318964.0389876
1788183420000,2026-08-31T13:37:00Z,110.692,110.734,110.6,110.6,393.0788,43505.45058156
1788183480000,2026-08-31T13:38:00Z,110.96,111.161,110.604,110.96,4873.292347,540356.99071541
1788183540000,2026-08-31T13:39:00Z,110.839,110.897,110.524,110.758,1445.708681,160068.2868768476
1788183600000,2026-08-31T13:40:00Z,110.48,110.743,110.48,110.48,1743,192729.6105
1788183660000,2026-08-31T13:41:00Z,110.543,110.543,110.402,110.483,1275.009239,140888.0109058044
1788183720000,2026-08-31T13:42:00Z,110.487,110.811,110.487,110.798,1507,166863.3285
1788183780000,2026-08-31T13:43:00Z,110.797,110.908,110.765,110.879,2636.359887,292198.8389877354
1788183840000,2026-08-31T13:44:00Z,110.857,110.857,110.752,110.755,600.04429,66459.945489536
1788183900000,2026-08-31T13:45:00Z,111.03,111.03,110.755,111.03,2213.005,245341.258517
1788183960000,2026-08-31T13:46:00Z,110.85,110.934,110.786,110.85,1725.017699,191229.07954565
1788184020000,2026-08-31T13:47:00Z,110.806,111.22,110.806,111.22,3797.2155,421223.97625035
1788184080000,2026-08-31T13:48:00Z,111.224,111.43,111.224,111.361,1060.057065,118070.003945352
1788184140000,2026-08-31T13:49:00Z,111.378,111.47,110.969,111.053,3622.91208,402857.679142176
1788184200000,2026-08-31T13:50:00Z,111.054,111.059,110.71,110.839,2693.44092,298963.053764964
1788184260000,2026-08-31T13:51:00Z,110.807,111.059,110.658,111.059,4029.431467,446437.2328979447
1788184320000,2026-08-31T13:52:00Z,111.06,111.078,110.92,110.962,1285.230025,142617.7346151675
1788184380000,2026-08-31T13:53:00Z,110.959,111.354,110.953,111.318,1192.2,132439.35204
1788184440000,2026-08-31T13:54:00Z,111.309,111.309,111.197,111.235,1615,179642.91
1788184500000,2026-08-31T13:55:00Z,111.235,111.374,111.235,111.374,839.04954,93355.756303698
1788184560000,2026-08-31T13:56:00Z,111.375,111.439,111.375,111.431,687.152,76569.8970816
1788184620000,2026-08-31T13:57:00Z,111.43,111.43,111.42,111.42,857,95491.3107
1788184680000,2026-08-31T13:58:00Z,111.42,111.427,111.395,111.396,964.452378,107450.3145496446
1788184740000,2026-08-31T13:59:00Z,111.396,111.396,111.186,111.186,2652,294933.9588
1788184800000,2026-08-31T14:00:00Z,111.181,111.181,110.964,110.964,2727.059433,302834.7686217273
1788184860000,2026-08-31T14:01:00Z,110.962,111.258,110.944,111.077,5616.720287,623460.4452332296
1788184920000,2026-08-31T14:02:00Z,111.068,111.068,110.178,110.178,15789.008991,1746621.2260077966
1788184980000,2026-08-31T14:03:00Z,110.177,110.239,110.141,110.141,671.62801,74011.861957577
1788185040000,2026-08-31T14:04:00Z,110.14,110.32,110.14,110.32,5827,642137.7308
1788185100000,2026-08-31T14:05:00Z,110.52,110.52,110.293,110.52,2943.70355,324782.63948612
1788185160000,2026-08-31T14:06:00Z,110.195,110.39,110.155,110.215,2155.76199,237757.69641991
1788185220000,2026-08-31T14:07:00Z,110.18,110.233,110.142,110.222,846.318849,93256.3817626194
1788185280000,2026-08-31T14:08:00Z,110.226,110.245,110.226,110.23,622.78847,68652.215086592
1788185340000,2026-08-31T14:09:00Z,110.23,110.23,110.225,110.225,1164.615736,128370.0024237472
1788185400000,2026-08-31T14:10:00Z,110.13,110.235,110.056,110.235,17118.78019,1885469.29763868
1788185460000,2026-08-31T14:11:00Z,110.217,110.416,110.217,110.405,6585.53762,726548.779372738
1788185520000,2026-08-31T14:12:00Z,110.12,110.403,110.118,110.12,2144.51931,236458.98815922
1788185580000,2026-08-31T14:13:00Z,110.112,110.122,109.96,109.982,3708,408093.5808
1788185640000,2026-08-31T14:14:00Z,109.977,109.977,109.955,109.955,734.477541,80759.6249161632
1788185700000,2026-08-31T14:15:00Z,109.955,109.968,109.946,109.968,5048.16542,555071.533572642
1788185760000,2026-08-31T14:16:00Z,109.925,109.995,109.894,109.935,5375.93371,590919.94543635
1788185820000,2026-08-31T14:17:00Z,109.984,109.984,109.715,109.739,3281.52804,360593.99020344
1788185880000,2026-08-31T14:18:00Z,109.85,109.904,109.741,109.85,1633.028022,179358.0805011
1788185940000,2026-08-31T14:19:00Z,109.846,109.886,109.845,109.865,3017.10228,331416.013628424
1788186000000,2026-08-31T14:20:00Z,109.87,109.875,109.825,109.875,778,85454.5086
1788186060000,2026-08-31T14:21:00Z,109.881,109.902,109.851,109.887,723,79448.6625
1788186120000,2026-08-31T14:22:00Z,109.886,109.899,109.732,109.732,3071.80325,337450.181405825
1788186180000,2026-08-31T14:23:00Z,109.728,109.728,109.596,109.596,2730.662377,299421.2256316155
1788186240000,2026-08-31T14:24:00Z,109.57,109.642,109.47,109.47,4072.257487,446257.92948715
1788186300000,2026-08-31T14:25:00Z,109.532,109.532,109.38,109.38,2307.39522,252429.037068
1788186360000,2026-08-31T14:26:00Z,109.48,109.552,109.38,109.5,2572.60901,281596.23866919
1788186420000,2026-08-31T14:27:00Z,109.481,109.495,109.481,109.484,254.81614,27900.20139281
1788186480000,2026-08-31T14:28:00Z,109.483,109.544,109.483,109.5,625.90846,68540.794411606
1788186540000,2026-08-31T14:29:00Z,109.44,109.483,109.279,109.39,3471.769443,379822.33954947
1788186600000,2026-08-31T14:30:00Z,109.278,109.348,109.278,109.348,1193.61162,130501.13924946
1788186660000,2026-08-31T14:31:00Z,109.349,109.35,109.286,109.315,2044.24314,223463.576908704
1788186720000,2026-08-31T14:32:00Z,109.33,109.418,109.315,109.4,4084.85627,446665.55309881
1788186780000,2026-08-31T14:33:00Z,109.425,109.436,109.405,109.405,1046.379477,114489.610475955
1788186840000,2026-08-31T14:34:00Z,109.405,109.433,109.398,109.433,1631.88572,178558.48765382
1788186900000,2026-08-31T14:35:00Z,109.37,109.448,109.37,109.42,5094.379678,557441.28862986
1788186960000,2026-08-31T14:36:00Z,109.444,109.66,109.444,109.601,1699.626155,186089.1783464865
1788187020000,2026-08-31T14:37:00Z,109.62,109.69,109.56,109.56,3204.883257,351488.52046831
1788187080000,2026-08-31T14:38:00Z,109.44,109.582,109.44,109.44,2265.255132,248165.04242497
1788187140000,2026-08-31T14:39:00Z,109.499,109.499,109.458,109.472,3004,328871.912
1788187200000,2026-08-31T14:40:00Z,109.472,109.739,109.471,109.697,2781.060564,304825.3738746864
1788187260000,2026-08-31T14:41:00Z,109.6,109.68,109.445,109.445,1486.662258,162957.06408748
1788187320000,2026-08-31T14:42:00Z,109.615,109.646,109.504,109.625,2500.780634,273938.76166318
1788187380000,2026-08-31T14:43:00Z,109.648,109.65,109.528,109.615,1208.5351,132443.96587655
1788187440000,2026-08-31T14:44:00Z,109.618,109.632,109.575,109.632,1161.5171,127282.06376246
1788187500000,2026-08-31T14:45:00Z,109.633,109.671,109.568,109.57,1549.013765,169852.147557027
1788187560000,2026-08-31T14:46:00Z,109.42,109.574,109.339,109.42,4015.904286,439518.2350387
1788187620000,2026-08-31T14:47:00Z,109.28,109.429,109.243,109.28,1334.685433,145988.02613008
1788187680000,2026-08-31T14:48:00Z,109.299,109.311,109.212,109.22,664.352644,72564.3161524864
1788187740000,2026-08-31T14:49:00Z,109.22,109.22,109.22,109.22,325.42962,35543.4230964
1788187800000,2026-08-31T14:50:00Z,109.31,109.31,109.22,109.31,2768.870805,302464.24767411
1788187860000,2026-08-31T14:51:00Z,109.296,109.324,109.288,109.306,751.88753,82184.31457912
1788187920000,2026-08-31T14:52:00Z,109.303,109.304,109.272,109.275,489.065332,53450.2435734792
1788187980000,2026-08-31T14:53:00Z,109.18,109.275,109.1,109.17,5033.533542,549575.28600948
1788188040000,2026-08-31T14:54:00Z,109.112,109.258,109.112,109.258,951.27415,103826.721974335
1788188100000,2026-08-31T14:55:00Z,109.262,109.367,109.213,109.306,5336.21325,583076.815779675
1788188160000,2026-08-31T14:56:00Z,109.317,109.367,109.25,109.25,3494.4796,382069.97540988
1788188220000,2026-08-31T14:57:00Z,109.43,109.43,109.25,109.43,3802.52409,415608.27798882
1788188280000,2026-08-31T14:58:00Z,109.405,109.424,109.303,109.405,5543.47825,606475.92272388
1788188340000,2026-08-31T14:59:00Z,109.12,109.299,109.12,109.17,6637.94681,724757.58450304
1788188400000,2026-08-31T15:00:00Z,109.155,109.422,109.155,109.422,15107.70724,1649252.500874012
1788188460000,2026-08-31T15:01:00Z,109.423,109.452,109.381,109.409,1227.288408,134283.2702459568
1788188520000,2026-08-31T15:02:00Z,109.411,109.415,109.293,109.293,1125.9286,123169.49548982
1788188580000,2026-08-31T15:03:00Z,109.25,109.292,109.181,109.25,2109,230377.0368
1788188640000,2026-08-31T15:04:00Z,109.288,109.32,109.262,109.299,1350.39831,147573.687954096
1788188700000,2026-08-31T15:05:00Z,109.291,109.467,109.25,109.467,2982.906428,326214.5247444364
1788188760000,2026-08-31T15:06:00Z,109.477,109.524,109.372,109.372,585.189652,64079.3202353736
1788188820000,2026-08-31T15:07:00Z,109.37,109.49,109.361,109.394,2137.6723,233866.05249906
1788188880000,2026-08-31T15:08:00Z,109.393,109.522,109.312,109.481,11556.720674,1263530.941450442
1788188940000,2026-08-31T15:09:00Z,109.483,109.528,109.387,109.387,1405.693445,153870.297015279
1788189000000,2026-08-31T15:10:00Z,109.387,109.52,109.387,109.436,2035.641543,222765.9538468104
1788189060000,2026-08-31T15:11:00Z,109.435,109.435,109.296,109.296,2755.69624,301406.205237368
1788189120000,2026-08-31T15:12:00Z,109.296,109.421,109.296,109.421,3403.1831,372064.56323004
1788189180000,2026-08-31T15:13:00Z,109.438,109.511,109.375,109.375,4274.99536,467882.424669168
1788189240000,2026-08-31T15:14:00Z,109.373,109.385,109.366,109.385,1833.1,200489.26327
1788189300000,2026-08-31T15:15:00Z,109.386,109.5,109.386,109.438,3276.43432,358489.750549072
1788189360000,2026-08-31T15:16:00Z,109.437,109.463,109.39,109.4,4591.72229,502509.363145249
1788189420000,2026-08-31T15:17:00Z,109.34,109.416,109.337,109.34,694.38391,75970.32156459
1788189480000,2026-08-31T15:18:00Z,109.335,109.335,109.307,109.315,388.35422,42455.737709684
1788189540000,2026-08-31T15:19:00Z,109.345,109.391,109.316,109.335,3372.15437,368670.55574792
1788189600000,2026-08-31T15:20:00Z,109.392,109.394,109.315,109.369,3855.64003,421651.636988791
1788189660000,2026-08-31T15:21:00Z,109.378,109.46,109.35,109.446,1075.441782,117671.8285494504
1788189720000,2026-08-31T15:22:00Z,109.441,109.441,109.381,109.427,1067.78819,116824.997406796
1788189780000,2026-08-31T15:23:00Z,109.426,109.464,109.332,109.332,1713.127301,187362.8484703389
1788189840000,2026-08-31T15:24:00Z,109.328,109.37,109.272,109.37,1136.81649,124262.113754079
1788189900000,2026-08-31T15:25:00Z,109.376,109.492,109.37,109.37,1982.35193,216858.398206385
1788189960000,2026-08-31T15:26:00Z,109.37,109.38,109.37,109.38,4385.37433,479666.543228771
1788190020000,2026-08-31T15:27:00Z,109.45,109.48,109.38,109.44,2373.006,259592.3810634
1788190080000,2026-08-31T15:28:00Z,109.52,109.52,109.382,109.51,4730.77786,517739.16746512
1788190140000,2026-08-31T15:29:00Z,109.425,109.425,109.269,109.269,2351.58454,257272.75501416
1788190200000,2026-08-31T15:30:00Z,109.18,109.371,109.134,109.18,2830.80028,309165.28642014
1788190260000,2026-08-31T15:31:00Z,109.132,109.183,109.029,109.043,2295.03067,250437.877765606
1788190320000,2026-08-31T15:32:00Z,109.1,109.187,109.055,109.175,3983.29281,434515.10620316
1788190380000,2026-08-31T15:33:00Z,109.07,109.157,109.07,109.07,2985.25679,325784.35727517
1788190440000,2026-08-31T15:34:00Z,109.21,109.21,109.135,109.21,3249.73092,354709.75478346
1788190500000,2026-08-31T15:35:00Z,109.165,109.175,109.145,109.165,1241.628763,135526.26273898
1788190560000,2026-08-31T15:36:00Z,109.16,109.198,109.145,109.16,2504.47765,273407.56385638
1788190620000,2026-08-31T15:37:00Z,109.191,109.191,109.12,109.12,896.045604,97809.5603912676
1788190680000,2026-08-31T15:38:00Z,109.12,109.18,109.12,109.18,2000,218300.8
1788190740000,2026-08-31T15:39:00Z,109.11,109.194,109.11,109.11,2918.052461,318453.77658959
1788190800000,2026-08-31T15:40:00Z,109.05,109.135,109.05,109.08,4164,454305.7248
1788190860000,2026-08-31T15:41:00Z,109.114,109.118,109.08,109.093,1232.366784,134444.9310638016
1788190920000,2026-08-31T15:42:00Z,109.093,109.1,109.093,109.1,932.8144,101767.43915968
1788190980000,2026-08-31T15:43:00Z,109.1,109.103,109.1,109.1,957.9599,104513.61668198
1788191040000,2026-08-31T15:44:00Z,109.15,109.17,109.046,109.17,3443.125608,375573.04250759
1788191100000,2026-08-31T15:45:00Z,109,109.158,109,109,1965.950207,214538.05164427
1788191160000,2026-08-31T15:46:00Z,109.14,109.159,109.073,109.14,1223,133421.3505
1788191220000,2026-08-31T15:47:00Z,109.27,109.27,109.159,109.27,2168,236699.6384
1788191280000,2026-08-31T15:48:00Z,109.232,109.249,109.231,109.237,204,22286.3064
1788191340000,2026-08-31T15:49:00Z,109.2,109.236,109.165,109.2,1586,173186.2834
1788191400000,2026-08-31T15:50:00Z,109.15,109.165,109.137,109.15,2058.000017,224646.13685568
1788191460000,2026-08-31T15:51:00Z,109.153,109.191,109.12,109.12,6197.16168,676282.620382704
1788191520000,2026-08-31T15:52:00Z,109.12,109.138,109.114,109.114,3490.6637,380902.61920948
1788191580000,2026-08-31T15:53:00Z,109.113,109.13,109.099,109.099,2375.720538,259233.873665484
1788191640000,2026-08-31T15:54:00Z,109.04,109.093,109.04,109.04,331,36102.3024
1788191700000,2026-08-31T15:55:00Z,109.04,109.104,109.04,109.04,4967.508148,541726.63357199
1788191760000,2026-08-31T15:56:00Z,109.13,109.13,109.085,109.13,1667.047522,181861.04815577
1788191820000,2026-08-31T15:57:00Z,109.113,109.113,109.08,109.08,983.091644,107258.5425628252
1788191880000,2026-08-31T15:58:00Z,109.081,109.084,109.057,109.057,770,83989.213
1788191940000,2026-08-31T15:59:00Z,109.057,109.103,109.057,109.095,2958,322630.8348
1788192000000,2026-08-31T16:00:00Z,109.095,109.113,109.077,109.083,1318.010364,143781.091603578
1788192060000,2026-08-31T16:01:00Z,109.05,109.112,109.02,109.1,3968.406951,432766.28638671
1788192120000,2026-08-31T16:02:00Z,109.13,109.22,109.096,109.22,4527,494109.8271
1788192180000,2026-08-31T16:03:00Z,109.3,109.3,109.2,109.27,2307,252053.592
1788192240000,2026-08-31T16:04:00Z,109.26,109.269,109.169,109.255,3775.74825,412486.14846915
1788192300000,2026-08-31T16:05:00Z,109.25,109.255,109.166,109.25,1902.006011,207730.05909918
1788192360000,2026-08-31T16:06:00Z,109.2,109.222,109.195,109.2,698,76222.2282
1788192420000,2026-08-31T16:07:00Z,109.19,109.218,109.19,109.19,1324.2271,144619.90097268
1788192480000,2026-08-31T16:08:00Z,109.208,109.209,109.175,109.175,2229.109,243400.2011953
1788192540000,2026-08-31T16:09:00Z,109.174,109.174,109.088,109.1,1368.128034,149316.5359411362
1788192600000,2026-08-31T16:10:00Z,109.08,109.27,109.058,109.27,10584.0032,1155057.67082368
1788192660000,2026-08-31T16:11:00Z,109.275,109.275,109.224,109.275,1727.03671,188689.29549143
1788192720000,2026-08-31T16:12:00Z,109.245,109.265,109.237,109.245,2782.029642,303952.59595746
1788192780000,2026-08-31T16:13:00Z,109.125,109.236,109.095,109.11,9886,1079323.822
1788192840000,2026-08-31T16:14:00Z,109.108,109.12,109.067,109.105,5241,571653.6894
1788192900000,2026-08-31T16:15:00Z,109.108,109.2,109.108,109.179,4087,446047.006
1788192960000,2026-08-31T16:16:00Z,109.18,109.197,109.016,109.026,2752.44856,300374.160863088
1788193020000,2026-08-31T16:17:00Z,109.027,109.035,109.027,109.035,229.199,24990.5983655
1788193080000,2026-08-31T16:18:00Z,109.035,109.09,109.035,109.04,1678.1762,182981.28450796
1788193140000,2026-08-31T16:19:00Z,109.04,109.13,109.039,109.122,2838,309592.5954
1788193200000,2026-08-31T16:20:00Z,109.123,109.199,109.123,109.169,1459.99126,159372.791940726
1788193260000,2026-08-31T16:21:00Z,109.17,109.268,109.17,109.268,4446,485516.0934
1788193320000,2026-08-31T16:22:00Z,109.269,109.275,109.196,109.23,1236.662,135101.7371802
1788193380000,2026-08-31T16:23:00Z,109.229,109.234,109.204,109.21,2571.115226,280835.9741248698
1788193440000,2026-08-31T16:24:00Z,109.212,109.241,109.201,109.206,263,28723.4661
1788193500000,2026-08-31T16:25:00Z,109.207,109.306,109.202,109.306,4650.191,508018.4861388
1788193560000,2026-08-31T16:26:00Z,109.308,109.31,109.301,109.301,1038.091,113472.2738826
1788193620000,2026-08-31T16:27:00Z,109.303,109.384,109.303,109.384,8058,881068.9722
1788193680000,2026-08-31T16:28:00Z,109.385,109.385,109.352,109.372,4292.69525,469499.377074425
1788193740000,2026-08-31T16:29:00Z,109.373,109.442,109.366,109.433,1057,115638.2311
1788193800000,2026-08-31T16:30:00Z,109.432,109.432,109.35,109.365,2537,277571.9015
1788193860000,2026-08-31T16:31:00Z,109.365,109.396,109.358,109.358,1501.018289,164172.5244429149
1788193920000,2026-08-31T16:32:00Z,109.359,109.36,109.325,109.325,1240.024151,135574.4444795471
1788193980000,2026-08-31T16:33:00Z,109.333,109.375,109.333,109.372,1403,153436.9905
1788194040000,2026-08-31T16:34:00Z,109.38,109.38,109.36,109.38,2170,237330.513
1788194100000,2026-08-31T16:35:00Z,109.4,109.43,109.36,109.43,2945.56367,322161.30604614
1788194160000,2026-08-31T16:36:00Z,109.415,109.456,109.388,109.415,3939.137,430979.4035152
1788194220000,2026-08-31T16:37:00Z,109.457,109.459,109.401,109.45,917,100344.9258
1788194280000,2026-08-31T16:38:00Z,109.45,109.46,109.443,109.443,755,82640.2615
1788194340000,2026-08-31T16:39:00Z,109.442,109.442,109.411,109.411,1267,138644.5158
1788194400000,2026-08-31T16:40:00Z,109.41,109.41,109.346,109.346,1177.3839,128791.55231481
1788194460000,2026-08-31T16:41:00Z,109.52,109.632,109.354,109.52,7848,858943.98
1788194520000,2026-08-31T16:42:00Z,109.633,109.636,109.6,109.6,1951.66,213904.277992
1788194580000,2026-08-31T16:43:00Z,109.608,109.71,109.608,109.707,5549.99,608659.078315
1788194640000,2026-08-31T16:44:00Z,109.708,109.708,109.67,109.67,1201,131741.8935
1788194700000,2026-08-31T16:45:00Z,109.67,109.675,109.649,109.649,694,76111.674
1788194760000,2026-08-31T16:46:00Z,109.648,109.648,109.544,109.544,52437,5749502.0583
1788194820000,2026-08-31T16:47:00Z,109.542,109.551,109.53,109.551,1282.05666,140433.024983418
1788194880000,2026-08-31T16:48:00Z,109.552,109.625,109.552,109.625,4608.458,504959.3425134
1788194940000,2026-08-31T16:49:00Z,109.64,109.694,109.632,109.632,7490.472174,821243.3844018816
1788195000000,2026-08-31T16:50:00Z,109.632,109.632,109.605,109.605,3506,384351.2102
1788195060000,2026-08-31T16:51:00Z,109.599,109.711,109.585,109.711,5995.63,657127.04363
1788195120000,2026-08-31T16:52:00Z,109.713,109.714,109.669,109.669,756,82928.9664
1788195180000,2026-08-31T16:53:00Z,109.661,109.669,109.614,109.65,731.0451,80164.13942619
1788195240000,2026-08-31T16:54:00Z,109.649,109.649,109.6,109.6,426,46698.4608
1788195300000,2026-08-31T16:55:00Z,109.599,109.6,109.595,109.6,883.75955,96859.251296405
1788195360000,2026-08-31T16:56:00Z,109.597,109.625,109.59,109.622,1751.197544,191971.1781264032
1788195420000,2026-08-31T16:57:00Z,109.621,109.628,109.616,109.616,183,20061.2469
1788195480000,2026-08-31T16:58:00Z,109.615,109.616,109.599,109.615,836.06712,91640.73177622
1788195540000,2026-08-31T16:59:00Z,109.598,109.598,109.531,109.531,4264.148888,467165.6540630608
1788195600000,2026-08-31T17:00:00Z,109.531,109.535,109.504,109.535,1416,155098.02
1788195660000,2026-08-31T17:01:00Z,109.5,109.534,109.459,109.505,2662,291510.8284
1788195720000,2026-08-31T17:02:00Z,109.501,109.508,109.478,109.478,4736,518528.5376
1788195780000,2026-08-31T17:03:00Z,109.473,109.498,109.46,109.46,1033.99181,113214.555054787
1788195840000,2026-08-31T17:04:00Z,109.456,109.456,109.407,109.407,763,83496.6923
1788195900000,2026-08-31T17:05:00Z,109.406,109.445,109.405,109.405,672.21854,73546.42213359
1788195960000,2026-08-31T17:06:00Z,109.405,109.405,109.405,109.405,239.009136,26148.79452408
1788196020000,2026-08-31T17:07:00Z,109.42,109.44,109.367,109.44,4609.00913,504128.80963027
1788196080000,2026-08-31T17:08:00Z,109.46,109.46,109.397,109.46,12346.02741,1350861.57731175
1788196140000,2026-08-31T17:09:00Z,109.45,109.45,109.45,109.45,562,61510.9
1788196200000,2026-08-31T17:10:00Z,109.45,109.474,109.417,109.424,1067.014528,116779.8318227712
1788196260000,2026-08-31T17:11:00Z,109.423,109.449,109.41,109.41,3414,373598.7996
1788196320000,2026-08-31T17:12:00Z,109.413,109.425,109.413,109.425,511,55915.4085
1788196380000,2026-08-31T17:13:00Z,109.425,109.425,109.369,109.372,3193.17424,349361.361789312
1788196440000,2026-08-31T17:14:00Z,109.374,109.379,109.365,109.378,5152.73,563580.874296
1788196500000,2026-08-31T17:15:00Z,109.35,109.377,109.311,109.315,1379.31412,150830.48178742
1788196560000,2026-08-31T17:16:00Z,109.36,109.408,109.318,109.36,5877.776,642713.6456064
1788196620000,2026-08-31T17:17:00Z,109.408,109.41,109.386,109.386,1613.274027,176498.9543047134
1788196680000,2026-08-31T17:18:00Z,109.386,109.386,109.268,109.268,4918.81165,537745.640468095
1788196740000,2026-08-31T17:19:00Z,109.245,109.265,109.23,109.245,1025,111977.6625
1788196800000,2026-08-31T17:20:00Z,109.232,109.233,109.22,109.233,1069.040438,116770.1110982582
1788196860000,2026-08-31T17:21:00Z,109.27,109.27,109.235,109.27,4633.94643,506225.2830632
1788196920000,2026-08-31T17:22:00Z,109.23,109.27,109.23,109.23,1331.045565,145426.71081799
1788196980000,2026-08-31T17:23:00Z,109.255,109.27,109.242,109.27,1391.583,152051.4556533
1788197040000,2026-08-31T17:24:00Z,109.269,109.269,109.255,109.255,787,85986.2821
1788197100000,2026-08-31T17:25:00Z,109.255,109.255,109.235,109.24,1776.345,194055.03318
1788197160000,2026-08-31T17:26:00Z,109.24,109.245,109.24,109.245,1450,158402.785
1788197220000,2026-08-31T17:27:00Z,109.255,109.315,109.245,109.28,8388.932,916644.3384556
1788197280000,2026-08-31T17:28:00Z,109.315,109.315,109.275,109.297,2932,320476.6892
1788197340000,2026-08-31T17:29:00Z,109.285,109.3,109.285,109.285,854,93341.5168
1788197400000,2026-08-31T17:30:00Z,109.3,109.304,109.286,109.304,193,21094.5912
1788197460000,2026-08-31T17:31:00Z,109.27,109.305,109.27,109.27,923,100878.7312
1788197520000,2026-08-31T17:32:00Z,109.282,109.286,109.253,109.276,3631,396787.3287
1788197580000,2026-08-31T17:33:00Z,109.275,109.305,109.272,109.305,1079.045561,117918.7463334166
1788197640000,2026-08-31T17:34:00Z,109.306,109.309,109.27,109.27,1877.44,205195.74352
1788197700000,2026-08-31T17:35:00Z,109.27,109.282,109.266,109.279,5647.40583,617095.423487598
1788197760000,2026-08-31T17:36:00Z,109.28,109.292,109.28,109.292,5421.634904,592493.0693773224
1788197820000,2026-08-31T17:37:00Z,109.295,109.309,109.281,109.294,2971.3564,324769.55165564
1788197880000,2026-08-31T17:38:00Z,109.296,109.31,109.211,109.214,1743.25,190493.818075
1788197940000,2026-08-31T17:39:00Z,109.214,109.245,109.19,109.213,2894,316033.7714
1788198000000,2026-08-31T17:40:00Z,109.24,109.262,109.219,109.24,3827,418094.3922
1788198060000,2026-08-31T17:41:00Z,109.26,109.332,109.26,109.332,4523,494375.6598
1788198120000,2026-08-31T17:42:00Z,109.333,109.335,109.325,109.335,875,95666.2875
1788198180000,2026-08-31T17:43:00Z,109.3,109.413,109.296,109.36,6493.10907,709931.22258843
1788198240000,2026-08-31T17:44:00Z,109.414,109.43,109.4,109.43,977.73516,106969.799594412
1788198300000,2026-08-31T17:45:00Z,109.434,109.462,109.41,109.413,1042.41746,114091.131612556
1788198360000,2026-08-31T17:46:00Z,109.414,109.419,109.371,109.416,764.139,83606.9696487
1788198420000,2026-08-31T17:47:00Z,109.417,109.433,109.393,109.433,1852,202642.6916
1788198480000,2026-08-31T17:48:00Z,109.438,109.45,109.426,109.444,1221,133624.4085
1788198540000,2026-08-31T17:49:00Z,109.446,109.448,109.4,109.4,841.4,92075.15926
1788198600000,2026-08-31T17:50:00Z,109.455,109.455,109.368,109.455,2437,266614.8673
1788198660000,2026-08-31T17:51:00Z,109.444,109.469,109.444,109.469,504.091349,55173.2518302641
1788198720000,2026-08-31T17:52:00Z,109.44,109.479,109.44,109.44,1341,146774.4615
1788198780000,2026-08-31T17:53:00Z,109.438,109.484,109.426,109.474,2336,255706.5024
1788198840000,2026-08-31T17:54:00Z,109.465,109.48,109.465,109.465,1079,118117.4826
1788198900000,2026-08-31T17:55:00Z,109.481,109.485,109.476,109.485,2082.81174,228032.061168072
1788198960000,2026-08-31T17:56:00Z,109.486,109.49,109.447,109.447,2271,248630.6697
1788199020000,2026-08-31T17:57:00Z,109.46,109.46,109.445,109.46,9655.91,1056796.863496
1788199080000,2026-08-31T17:58:00Z,109.45,109.462,109.45,109.462,2389.38621,261520.949009331
1788199140000,2026-08-31T17:59:00Z,109.49,109.615,109.464,109.54,5991.134549,656168.22743704
1788199200000,2026-08-31T18:00:00Z,109.7,109.709,109.582,109.675,3820,418871.786
1788199260000,2026-08-31T18:01:00Z,109.698,109.75,109.698,109.75,581,63763.2975
1788199320000,2026-08-31T18:02:00Z,109.705,109.762,109.705,109.705,2101,230586.0106
1788199380000,2026-08-31T18:03:00Z,109.751,109.765,109.742,109.765,1416.009,155420.7230373
1788199440000,2026-08-31T18:04:00Z,109.765,109.797,109.722,109.724,680,74644.212
1788199500000,2026-08-31T18:05:00Z,109.73,109.762,109.696,109.73,2553.42329,280190.45706198
1788199560000,2026-08-31T18:06:00Z,109.73,109.74,109.7,109.73,1888,207140.032
1788199620000,2026-08-31T18:07:00Z,109.74,109.75,109.723,109.745,2447,268527.6625
1788199680000,2026-08-31T18:08:00Z,109.77,109.78,109.745,109.77,606,66515.2872
1788199740000,2026-08-31T18:09:00Z,109.79,109.79,109.778,109.79,3388,371949.2084
1788199800000,2026-08-31T18:10:00Z,109.79,109.808,109.786,109.79,3282.11695,360360.03052525
1788199860000,2026-08-31T18:11:00Z,109.811,109.824,109.798,109.81,544.944411,59842.7435273184
1788199920000,2026-08-31T18:12:00Z,109.745,109.813,109.721,109.745,5002.100071,549055.01408331
1788199980000,2026-08-31T18:13:00Z,109.72,109.79,109.716,109.759,2098,230240.1846
1788200040000,2026-08-31T18:14:00Z,109.759,109.804,109.759,109.774,764.76195,83962.90858572
1788200100000,2026-08-31T18:15:00Z,109.8,109.9,109.762,109.9,15732.92501,1727476.7393905
1788200160000,2026-08-31T18:16:00Z,109.855,109.855,109.841,109.855,1834.01744,201462.78094563
1788200220000,2026-08-31T18:17:00Z,109.855,109.855,109.834,109.855,2788,306242.284
1788200280000,2026-08-31T18:18:00Z,109.835,109.846,109.781,109.781,3688.66,405105.977902
1788200340000,2026-08-31T18:19:00Z,109.781,109.781,109.669,109.672,3480,381866.316
1788200400000,2026-08-31T18:20:00Z,109.69,109.743,109.673,109.685,5951.226989,652774.02011054
1788200460000,2026-08-31T18:21:00Z,109.744,109.765,109.744,109.744,759,83299.5669
1788200520000,2026-08-31T18:22:00Z,109.715,109.742,109.701,109.715,1294.114,142004.9409796
1788200580000,2026-08-31T18:23:00Z,109.738,109.757,109.738,109.756,1724.168459,189229.5573774008
1788200640000,2026-08-31T18:24:00Z,109.756,109.756,109.755,109.755,258.309,28350.7301259
1788200700000,2026-08-31T18:25:00Z,109.745,109.755,109.711,109.745,3442,377736.7828
1788200760000,2026-08-31T18:26:00Z,109.711,109.711,109.692,109.704,4237.797,464889.2973579
1788200820000,2026-08-31T18:27:00Z,109.705,109.705,109.705,109.705,1099.5,120620.6475
1788200880000,2026-08-31T18:28:00Z,109.705,109.705,109.695,109.695,2704,296639.0752
1788200940000,2026-08-31T18:29:00Z,109.696,109.697,109.654,109.654,2509,275207.192
1788201000000,2026-08-31T18:30:00Z,109.653,109.655,109.65,109.65,735.9326,80697.29098106
1788201060000,2026-08-31T18:31:00Z,109.65,109.657,109.65,109.655,669.32741,73395.900336442
1788201120000,2026-08-31T18:32:00Z,109.62,109.68,109.62,109.62,3743.0163,410480.87695254
1788201180000,2026-08-31T18:33:00Z,109.61,109.665,109.598,109.6,7812,856601.424
1788201240000,2026-08-31T18:34:00Z,109.545,109.605,109.522,109.545,2913.912762,319231.96429325
1788201300000,2026-08-31T18:35:00Z,109.52,109.612,109.52,109.552,8147,892468.8179
1788201360000,2026-08-31T18:36:00Z,109.551,109.556,109.477,109.48,1620,177434.064
1788201420000,2026-08-31T18:37:00Z,109.483,109.493,109.473,109.473,1819.09132,199153.026258808
1788201480000,2026-08-31T18:38:00Z,109.395,109.472,109.395,109.395,3478,380584.6714
1788201540000,2026-08-31T18:39:00Z,109.402,109.429,109.402,109.425,2158,236130.3022
1788201600000,2026-08-31T18:40:00Z,109.426,109.44,109.39,109.43,2040,223172.94
1788201660000,2026-08-31T18:41:00Z,109.432,109.484,109.432,109.481,3003,328669.0407
1788201720000,2026-08-31T18:42:00Z,109.481,109.49,109.48,109.49,1615,176816.4985
1788201780000,2026-08-31T18:43:00Z,109.492,109.495,109.428,109.429,1669.785,182801.2156815
1788201840000,2026-08-31T18:44:00Z,109.43,109.495,109.43,109.485,1692,185224.7628
1788201900000,2026-08-31T18:45:00Z,109.485,109.485,109.475,109.475,2190.26343,239795.515974975
1788201960000,2026-08-31T18:46:00Z,109.475,109.475,109.395,109.397,2392.01137,261843.677427283
1788202020000,2026-08-31T18:47:00Z,109.396,109.44,109.396,109.428,2968.289866,324784.340557988
1788202080000,2026-08-31T18:48:00Z,109.429,109.433,109.335,109.38,6081,665098.4292
1788202140000,2026-08-31T18:49:00Z,109.357,109.4,109.357,109.392,6000,656367.6
1788202200000,2026-08-31T18:50:00Z,109.391,109.391,109.336,109.349,4595.657142,502549.3550148402
1788202260000,2026-08-31T18:51:00Z,109.42,109.42,109.349,109.365,756,82672.5312
1788202320000,2026-08-31T18:52:00Z,109.365,109.365,109.246,109.246,5065.64548,553899.459058764
1788202380000,2026-08-31T18:53:00Z,109.243,109.324,109.235,109.315,11629,1270483.3677
1788202440000,2026-08-31T18:54:00Z,109.313,109.341,109.258,109.276,1975.94914,215934.883537824
1788202500000,2026-08-31T18:55:00Z,109.277,109.28,109.194,109.228,1311,143230.1586
1788202560000,2026-08-31T18:56:00Z,109.227,109.227,109.152,109.198,2775.60428,303095.987376
1788202620000,2026-08-31T18:57:00Z,109.199,109.2,109.185,109.185,3104,338945.6256
1788202680000,2026-08-31T18:58:00Z,109.185,109.23,109.185,109.197,2571.137312,280800.5908005312
1788202740000,2026-08-31T18:59:00Z,109.23,109.248,109.166,109.21,5780.01,631360.896318
1788202800000,2026-08-31T19:00:00Z,109.164,109.214,109.164,109.185,820.53126,89591.100526242
1788202860000,2026-08-31T19:01:00Z,109.185,109.201,109.148,109.148,2376,259407.4032
1788202920000,2026-08-31T19:02:00Z,109.148,109.154,109.148,109.151,334.366468,36496.3674753744
1788202980000,2026-08-31T19:03:00Z,109.16,109.22,109.15,109.205,6017.75,656921.661
1788203040000,2026-08-31T19:04:00Z,109.192,109.211,109.181,109.181,728,79490.684
1788203100000,2026-08-31T19:05:00Z,109.195,109.205,109.18,109.195,2249.6408,245659.20061144
1788203160000,2026-08-31T19:06:00Z,109.18,109.205,109.18,109.18,1793.770154,195880.95645591
1788203220000,2026-08-31T19:07:00Z,109.19,109.19,109.19,109.19,5226,570626.94
1788203280000,2026-08-31T19:08:00Z,109.19,109.19,109.163,109.19,1696,185177.76
1788203340000,2026-08-31T19:09:00Z,109.19,109.24,109.185,109.19,3875.251849,423135.2616656459
1788203400000,2026-08-31T19:10:00Z,109.19,109.287,109.18,109.26,7978,871260.6262
1788203460000,2026-08-31T19:11:00Z,109.35,109.35,109.286,109.35,3685.00915,402828.61773683
1788203520000,2026-08-31T19:12:00Z,109.316,109.328,109.308,109.317,2535.0004,277107.48472504
1788203580000,2026-08-31T19:13:00Z,109.314,109.325,109.3,109.3,3031,331290.7248
1788203640000,2026-08-31T19:14:00Z,109.305,109.33,109.305,109.33,728.1,79600.47903
1788203700000,2026-08-31T19:15:00Z,109.33,109.37,109.33,109.36,6627.018286,724570.3459144388
1788203760000,2026-08-31T19:16:00Z,109.36,109.36,109.352,109.353,2291.902724,250637.898091192
1788203820000,2026-08-31T19:17:00Z,109.345,109.366,109.306,109.357,2822,308516.2788
1788203880000,2026-08-31T19:18:00Z,109.34,109.353,109.279,109.34,5925,647694.3375
1788203940000,2026-08-31T19:19:00Z,109.28,109.293,109.28,109.28,5445,595033.4115
1788204000000,2026-08-31T19:20:00Z,109.293,109.295,109.27,109.27,2916.3131,318709.56876481
1788204060000,2026-08-31T19:21:00Z,109.27,109.283,109.27,109.281,1696,185327.3472
1788204120000,2026-08-31T19:22:00Z,109.28,109.322,109.265,109.315,23005.009,2514118.5120713
1788204180000,2026-08-31T19:23:00Z,109.345,109.419,109.308,109.41,8672,948402.8736
1788204240000,2026-08-31T19:24:00Z,109.39,109.402,109.36,109.4,3626.199913,396620.32954426
1788204300000,2026-08-31T19:25:00Z,109.38,109.455,109.38,109.455,2254.1236,246621.18354004
1788204360000,2026-08-31T19:26:00Z,109.455,109.455,109.405,109.405,2244.087222,245593.8032105688
1788204420000,2026-08-31T19:27:00Z,109.405,109.415,109.367,109.373,4342.649276,475101.4643317936
1788204480000,2026-08-31T19:28:00Z,109.385,109.385,109.352,109.385,7399.781,809355.4867436
1788204540000,2026-08-31T19:29:00Z,109.355,109.377,109.337,109.337,4292.5,469387.02125
1788204600000,2026-08-31T19:30:00Z,109.365,109.409,109.343,109.395,5930.913951,648732.8574227
1788204660000,2026-08-31T19:31:00Z,109.409,109.436,109.392,109.418,3414,373542.81
1788204720000,2026-08-31T19:32:00Z,109.44,109.503,109.42,109.44,5079,555902.1369
1788204780000,2026-08-31T19:33:00Z,109.438,109.438,109.415,109.415,1925,210628.6875
1788204840000,2026-08-31T19:34:00Z,109.415,109.415,109.375,109.379,4193.831757,458751.0937861347
1788204900000,2026-08-31T19:35:00Z,109.365,109.414,109.362,109.405,5245.15157,573693.69812032
1788204960000,2026-08-31T19:36:00Z,109.405,109.45,109.395,109.45,6582.525,720273.05055
1788205020000,2026-08-31T19:37:00Z,109.32,109.399,109.32,109.32,7478,817928.684
1788205080000,2026-08-31T19:38:00Z,109.28,109.332,109.22,109.26,8244,901016.4384
1788205140000,2026-08-31T19:39:00Z,109.27,109.33,109.265,109.33,4987,545012.7729
1788205200000,2026-08-31T19:40:00Z,109.335,109.335,109.296,109.3,3909,427310.7714
1788205260000,2026-08-31T19:41:00Z,109.36,109.36,109.265,109.28,8265.189301,903613.30982401
1788205320000,2026-08-31T19:42:00Z,109.3,109.3,109.245,109.3,8477.682574,926230.05739063
1788205380000,2026-08-31T19:43:00Z,109.245,109.259,109.24,109.255,6464,706223.6736
1788205440000,2026-08-31T19:44:00Z,109.195,109.245,109.14,109.17,10896,1190018.6256
1788205500000,2026-08-31T19:45:00Z,109.175,109.214,109.161,109.17,7561,825528.1264
1788205560000,2026-08-31T19:46:00Z,109.22,109.225,109.091,109.2,7059.831025,770973.08298374
1788205620000,2026-08-31T19:47:00Z,109.05,109.09,108.98,108.99,4701.05,512517.402995
1788205680000,2026-08-31T19:48:00Z,109,109,108.885,108.92,16745.9178,1824348.84829362
1788205740000,2026-08-31T19:49:00Z,108.875,108.915,108.875,108.915,9922.2169,1080470.87933029
1788205800000,2026-08-31T19:50:00Z,109.06,109.18,108.908,109.165,49887.028907,5439457.1403891985
1788205860000,2026-08-31T19:51:00Z,109.165,109.282,109.16,109.271,21644.503187,2363813.5086548196
1788205920000,2026-08-31T19:52:00Z,109.21,109.296,109.2,109.255,15899,1737054.7844
1788205980000,2026-08-31T19:53:00Z,109.295,109.413,109.295,109.39,19613,2144742.3503
1788206040000,2026-08-31T19:54:00Z,109.37,109.562,109.268,109.48,23916.492345,2617982.95980691
1788206100000,2026-08-31T19:55:00Z,109.09,109.309,109.07,109.205,29849.420487,3260431.30520067
1788206160000,2026-08-31T19:56:00Z,109.22,109.359,109.21,109.27,24875.027,2717969.825155
1788206220000,2026-08-31T19:57:00Z,109.27,109.27,109.165,109.21,42971.009111,4693611.60057084
1788206280000,2026-08-31T19:58:00Z,109.23,109.355,109.217,109.355,41444.19665,4529427.96303917
1788206340000,2026-08-31T19:59:00Z,109.36,109.428,109.305,109.312,77652,8492341.0932
1788206400000,2026-08-31T20:00:00Z,109.305,110.448,109.272,110.448,1075463.243589,117639331.8073340472
1788206460000,2026-08-31T20:01:00Z,110.449,110.449,109.082,109.082,0,0
1788206520000,2026-08-31T20:02:00Z,109.081,109.081,109.08,109.08,48514,5291907.12
1788206640000,2026-08-31T20:04:00Z,109.08,109.08,109.08,109.08,13.44625,1466.71695
1788206700000,2026-08-31T20:05:00Z,109.08,109.08,109.08,109.08,49,5344.92
1788206760000,2026-08-31T20:06:00Z,109.08,109.08,109.08,109.08,0,0
1788206820000,2026-08-31T20:07:00Z,109.08,109.08,109.08,109.08,3003,327567.24
1788207000000,2026-08-31T20:10:00Z,109.08,109.08,109.08,109.08,6936.129896,756593.04905568
1788207060000,2026-08-31T20:11:00Z,109.08,109.08,109.08,109.08,36804,4014580.32
1788207180000,2026-08-31T20:13:00Z,109.08,109.08,109.08,109.08,20828,2271918.24
1788207300000,2026-08-31T20:15:00Z,109.08,109.08,109.08,109.08,1.9346,211.026168
1788207360000,2026-08-31T20:16:00Z,109.08,109.08,109.08,109.08,47,5126.76
1788207840000,2026-08-31T20:24:00Z,109.08,109.08,109.08,109.08,4172,455081.76
1788208080000,2026-08-31T20:28:00Z,109.08,109.08,109.08,109.08,196,21379.68
1788208140000,2026-08-31T20:29:00Z,109.08,109.08,109.08,109.08,8100,883548
1788208200000,2026-08-31T20:30:00Z,109.101,109.203,109.101,109.203,2,218.202
1788208260000,2026-08-31T20:31:00Z,109.204,109.204,109.204,109.204,0,0
1788208620000,2026-08-31T20:37:00Z,109.205,109.205,109.205,109.205,1,109.205
1788208800000,2026-08-31T20:40:00Z,109.205,109.205,109.205,109.205,1,109.205
1788208980000,2026-08-31T20:43:00Z,109.205,109.205,109.205,109.205,14,1528.87
1788209280000,2026-08-31T20:48:00Z,109.205,109.205,109.205,109.205,1,109.205
1788209460000,2026-08-31T20:51:00Z,109.205,109.205,109.205,109.205,0,0
1788210660000,2026-08-31T21:11:00Z,109.205,109.205,109.12,109.12,26,2839.33
1788210720000,2026-08-31T21:12:00Z,109.117,109.117,109.102,109.102,0,0
1788210780000,2026-08-31T21:13:00Z,109.101,109.101,109.101,109.101,0,0
1788211500000,2026-08-31T21:25:00Z,109.1,109.1,109.1,109.1,2,218.2
1788212040000,2026-08-31T21:34:00Z,109.1,109.1,109.1,109.1,791,86298.1
1788212400000,2026-08-31T21:40:00Z,109.1,109.1,109.1,109.1,50,5455
1788213720000,2026-08-31T22:02:00Z,109.156,109.431,109.156,109.431,0,0
1788213780000,2026-08-31T22:03:00Z,109.433,109.435,109.433,109.435,100,10943.5
1788213840000,2026-08-31T22:04:00Z,109.315,109.315,108.715,108.715,0,0
1788213900000,2026-08-31T22:05:00Z,108.715,109.477,108.715,109.477,100,10871.5
1788213960000,2026-08-31T22:06:00Z,109.48,109.495,109.48,109.495,0,0
1788214620000,2026-08-31T22:17:00Z,109.495,109.495,109.495,109.495,50,5474.75
1788215040000,2026-08-31T22:24:00Z,109.495,109.495,109.495,109.495,0,0
1788215160000,2026-08-31T22:26:00Z,109.495,109.495,109.495,109.495,0,0
1788215640000,2026-08-31T22:34:00Z,109.495,109.495,109.495,109.495,80,8759.6
1788215700000,2026-08-31T22:35:00Z,109.365,109.365,108.716,108.716,0,0
1788215760000,2026-08-31T22:36:00Z,108.762,108.995,108.762,108.995,0,0
1788215880000,2026-08-31T22:38:00Z,108.995,108.995,108.995,108.995,9,980.955
1788216360000,2026-08-31T22:46:00Z,108.995,108.995,108.995,108.995,1,108.995
1788216420000,2026-08-31T22:47:00Z,108.995,108.995,108.995,108.995,24,2615.88
1788216660000,2026-08-31T22:51:00Z,108.995,108.995,108.995,108.995,15,1634.925
1788216840000,2026-08-31T22:54:00Z,108.995,108.995,108.995,108.995,1,108.995
1788217500000,2026-08-31T23:05:00Z,109.083,109.312,109.083,109.312,0,0
1788217560000,2026-08-31T23:06:00Z,109.347,109.524,109.347,109.524,0,0
1788217920000,2026-08-31T23:12:00Z,109.525,109.525,109.525,109.525,1,109.525
1788217980000,2026-08-31T23:13:00Z,109.529,109.549,109.529,109.549,0,0
1788218160000,2026-08-31T23:16:00Z,109.55,109.55,109.55,109.55,5,547.75
1788218460000,2026-08-31T23:21:00Z,109.55,109.55,109.55,109.55,5,547.75
1788218520000,2026-08-31T23:22:00Z,109.55,109.55,109.55,109.55,2,219.1
1788218580000,2026-08-31T23:23:00Z,109.55,109.55,109.55,109.55,4,438.2
1788219000000,2026-08-31T23:30:00Z,109.55,109.55,109.55,109.55,0,0
1788219180000,2026-08-31T23:33:00Z,109.531,109.531,109.435,109.435,0,0
1788219600000,2026-08-31T23:40:00Z,109.435,109.435,109.435,109.435,0,0
1788219660000,2026-08-31T23:41:00Z,109.435,109.435,109.435,109.435,3,328.305
1788219720000,2026-08-31T23:42:00Z,109.435,109.435,109.435,109.435,0,0
1788229980000,2026-09-01T02:33:00Z,109.4,109.4,109.4,109.4,1,109.4
1788232260000,2026-09-01T03:11:00Z,109.38,109.38,109.38,109.38,1,109.38
1788235860000,2026-09-01T04:11:00Z,109.38,109.38,109.37,109.37,51,5578.37
1788237960000,2026-09-01T04:46:00Z,109.83,109.83,109.83,109.83,14,1537.62
1788248400000,2026-09-01T07:40:00Z,109.88,109.88,109.88,109.88,1,109.88
1788249600000,2026-09-01T08:00:00Z,109.435,109.435,109.435,109.435,88,9630.28
1788250200000,2026-09-01T08:10:00Z,109.435,109.435,109.435,109.435,3,328.305
1788250380000,2026-09-01T08:13:00Z,109.435,109.435,109.435,109.435,10,1094.35
1788251220000,2026-09-01T08:27:00Z,109.435,109.435,109.435,109.435,85,9301.975
1788251280000,2026-09-01T08:28:00Z,109.138,109.138,107.656,107.656,10,1076.785
1788251340000,2026-09-01T08:29:00Z,107.655,107.655,107.655,107.655,29,3121.995
1788251460000,2026-09-01T08:31:00Z,107.655,107.655,107.655,107.655,2,215.31
1788251520000,2026-09-01T08:32:00Z,107.655,107.655,107.655,107.655,5,538.275
1788251880000,2026-09-01T08:38:00Z,107.655,107.655,107.655,107.655,0,0
1788252240000,2026-09-01T08:44:00Z,107.659,107.686,107.659,107.686,0,0
1788252300000,2026-09-01T08:45:00Z,107.69,107.714,107.69,107.714,0,0
1788253680000,2026-09-01T09:08:00Z,107.715,107.715,107.715,107.715,50,5385.75
1788253740000,2026-09-01T09:09:00Z,107.7,107.7,107.627,107.627,0,0
1788253800000,2026-09-01T09:10:00Z,107.626,107.626,107.626,107.626,0,0
1788254640000,2026-09-01T09:24:00Z,107.625,107.625,107.625,107.625,77,8287.125
1788254760000,2026-09-01T09:26:00Z,107.625,107.625,107.625,107.625,10,1076.25
1788255960000,2026-09-01T09:46:00Z,107.625,107.625,107.625,107.625,0.06,6.4575
1788256860000,2026-09-01T10:01:00Z,107.625,107.625,107.625,107.625,0.178191,19.17780638
1788256920000,2026-09-01T10:02:00Z,107.57,107.57,107.305,107.305,83,8928.31
1788256980000,2026-09-01T10:03:00Z,107.304,107.308,107.296,107.308,0,0
1788257040000,2026-09-01T10:04:00Z,107.311,107.323,107.311,107.323,0,0
1788257100000,2026-09-01T10:05:00Z,107.324,107.324,107.324,107.324,0,0
1788257880000,2026-09-01T10:18:00Z,107.33,107.351,107.33,107.351,0,0
1788257940000,2026-09-01T10:19:00Z,107.352,107.353,107.352,107.353,0,0
1788258000000,2026-09-01T10:20:00Z,107.354,107.354,107.354,107.354,0,0
1788258480000,2026-09-01T10:28:00Z,107.355,107.355,107.355,107.355,6,644.13
1788258540000,2026-09-01T10:29:00Z,107.4,107.55,107.4,107.55,0,0
1788258600000,2026-09-01T10:30:00Z,107.562,107.624,107.562,107.624,0,0
1788258900000,2026-09-01T10:35:00Z,107.625,107.625,107.625,107.625,0,0
1788258960000,2026-09-01T10:36:00Z,107.585,107.585,107.361,107.361,0,0
1788259020000,2026-09-01T10:37:00Z,107.355,107.355,107.326,107.354,0,0
1788260400000,2026-09-01T11:00:00Z,107.483,108.053,107.483,107.935,117.014305,12636.40990124
1788260580000,2026-09-01T11:03:00Z,107.935,107.935,107.935,107.935,75,8095.125
1788260940000,2026-09-01T11:09:00Z,107.898,107.898,107.723,107.723,0,0
1788261000000,2026-09-01T11:10:00Z,107.722,107.722,107.716,107.716,0,0
1788261120000,2026-09-01T11:12:00Z,107.715,107.715,107.715,107.715,454.44757,48950.82000255
1788261240000,2026-09-01T11:14:00Z,107.715,107.715,107.715,107.715,5,538.575
1788261420000,2026-09-01T11:17:00Z,107.715,107.715,107.715,107.715,1,107.715
1788262260000,2026-09-01T11:31:00Z,107.715,107.715,107.715,107.715,16,1723.44
1788262320000,2026-09-01T11:32:00Z,107.715,107.715,107.715,107.715,90,9694.35
1788262620000,2026-09-01T11:37:00Z,107.715,107.715,107.715,107.715,5,538.575
1788263160000,2026-09-01T11:46:00Z,107.806,108.252,107.806,108.252,2600,280295.6
1788263220000,2026-09-01T11:47:00Z,108.253,108.258,108.253,108.258,0,0
1788263700000,2026-09-01T11:55:00Z,108.259,108.259,108.259,108.259,0,0
1788263760000,2026-09-01T11:56:00Z,108.26,108.26,108.26,108.26,58,6279.08
1788264420000,2026-09-01T12:07:00Z,108.2,108.2,107.872,107.872,240,25900.08
1788264480000,2026-09-01T12:08:00Z,107.871,107.871,107.871,107.871,0,0
1788264600000,2026-09-01T12:10:00Z,107.85,107.85,107.751,107.751,514,55385.9158
1788264660000,2026-09-01T12:11:00Z,107.75,107.75,107.75,107.75,5,538.75
1788264960000,2026-09-01T12:16:00Z,107.75,107.75,107.75,107.75,1406,151496.5
1788265200000,2026-09-01T12:20:00Z,107.75,107.75,107.75,107.75,3,323.25
1788265680000,2026-09-01T12:28:00Z,107.75,107.75,107.75,107.75,25,2693.75
1788265980000,2026-09-01T12:33:00Z,107.75,107.75,107.245,107.245,1008.064594,108617.85113245
1788266040000,2026-09-01T12:34:00Z,107.245,107.245,107.245,107.245,325,34854.625
1788266400000,2026-09-01T12:40:00Z,107.245,107.245,107.245,107.245,500,53622.5
1788267180000,2026-09-01T12:53:00Z,107.245,107.245,107.245,107.245,0.432891,46.4253953
1788267240000,2026-09-01T12:54:00Z,107.245,107.245,107.245,107.245,80,8579.6
1788267420000,2026-09-01T12:57:00Z,107.245,107.245,107.245,107.245,57,6112.965
1788267480000,2026-09-01T12:58:00Z,107.245,107.245,107.245,107.245,75,8043.375
1788268140000,2026-09-01T13:09:00Z,107.245,107.245,107.245,107.245,1,107.245
1788268200000,2026-09-01T13:10:00Z,107.245,107.245,107.245,107.245,1,107.245
1788268260000,2026-09-01T13:11:00Z,107.245,107.245,107.245,107.245,1,107.245
1788268440000,2026-09-01T13:14:00Z,107.245,107.245,107.245,107.245,75,8043.375
1788268620000,2026-09-01T13:17:00Z,107.245,107.245,107.245,107.245,12,1286.94
1788268740000,2026-09-01T13:19:00Z,107.178,107.178,107.178,107.178,0,0
1788268800000,2026-09-01T13:20:00Z,107.121,107.121,106.841,106.841,0,0
1788268920000,2026-09-01T13:22:00Z,106.841,106.841,106.841,106.841,101,10790.941
1788269040000,2026-09-01T13:24:00Z,106.84,106.84,106.84,106.84,2,213.68
1788269100000,2026-09-01T13:25:00Z,106.84,106.84,106.84,106.84,2,213.68
1788269220000,2026-09-01T13:27:00Z,106.84,107.951,106.84,107.951,929.014594,99255.91922296
1788269280000,2026-09-01T13:28:00Z,107.958,107.994,107.958,107.994,0,0
1788269340000,2026-09-01T13:29:00Z,107.996,107.999,107.996,107.999,0,0
1788269400000,2026-09-01T13:30:00Z,108.44,108.44,108,108.06,36283.583633,3921290.24740266
1788269460000,2026-09-01T13:31:00Z,108.41,109.081,108.048,108.495,3731.3398,404460.07015692
1788269520000,2026-09-01T13:32:00Z,108.875,108.886,108.621,108.87,1522.42136,165712.824677552
1788269580000,2026-09-01T13:33:00Z,108.864,108.864,108.845,108.845,2233.37614,243096.069372966
1788269640000,2026-09-01T13:34:00Z,108.845,108.845,108.46,108.595,2326.30831,252881.810100212
1788269700000,2026-09-01T13:35:00Z,108.564,108.62,108.311,108.311,1995.618364,216379.91016261
1788269760000,2026-09-01T13:36:00Z,108.309,108.309,107.763,107.763,4995,539588.871
1788269820000,2026-09-01T13:37:00Z,107.752,107.933,107.68,107.878,8120.027749,875424.2516335645
1788269880000,2026-09-01T13:38:00Z,107.87,107.87,107.599,107.68,4020.2,432793.02292
1788269940000,2026-09-01T13:39:00Z,107.705,107.705,107.476,107.588,13121.24386,1410541.587696316
1788270000000,2026-09-01T13:40:00Z,107.585,107.875,107.572,107.875,4542.343117,488921.9149129705
1788270060000,2026-09-01T13:41:00Z,107.85,107.85,106.947,106.947,10286.707994,1105141.1579565966
1788270120000,2026-09-01T13:42:00Z,106.938,106.977,106.733,106.807,1866.1473,199487.78730486
1788270180000,2026-09-01T13:43:00Z,106.787,106.787,106.618,106.634,9178.050322,979160.29860257
1788270240000,2026-09-01T13:44:00Z,106.635,106.733,106.623,106.732,3243.046662,345836.874512349
1788270300000,2026-09-01T13:45:00Z,106.738,106.935,106.738,106.815,4204.944868,449060.779760758
1788270360000,2026-09-01T13:46:00Z,106.806,106.845,106.757,106.845,1607.19,171646.927686
1788270420000,2026-09-01T13:47:00Z,106.847,106.948,106.847,106.861,3296.170489,352354.6921672198
1788270480000,2026-09-01T13:48:00Z,106.86,106.9,106.72,106.819,1876.53652,200495.542020968
1788270540000,2026-09-01T13:49:00Z,106.817,107.232,106.817,107.232,1974.26044,211189.008379328
1788270600000,2026-09-01T13:50:00Z,107.234,107.582,107.234,107.383,4197.574175,450717.4653425475
1788270660000,2026-09-01T13:51:00Z,107.394,107.426,107.345,107.345,2084.313039,223759.5504201099
1788270720000,2026-09-01T13:52:00Z,107.345,107.389,107.188,107.231,3212.34673,344706.326852091
1788270780000,2026-09-01T13:53:00Z,107.241,107.241,106.976,106.976,7698.130429,824288.0930677756
1788270840000,2026-09-01T13:54:00Z,106.955,107.11,106.839,107.089,12269.483,1311645.7680973
1788270900000,2026-09-01T13:55:00Z,107.099,107.199,107.089,107.089,1402.91734,150343.215865898
1788270960000,2026-09-01T13:56:00Z,107.087,107.154,107.052,107.052,2366.018216,253444.0856687744
1788271020000,2026-09-01T13:57:00Z,107.052,107.538,107.052,107.501,6317.146657,677327.6231368685
1788271080000,2026-09-01T13:58:00Z,107.5,107.515,107.422,107.478,2604.889909,279999.0953404282
1788271140000,2026-09-01T13:59:00Z,107.479,107.479,107.411,107.411,2437.033784,261835.3971597168
1788271200000,2026-09-01T14:00:00Z,107.411,107.411,107.31,107.31,2441.240458,262137.2267674446
1788271260000,2026-09-01T14:01:00Z,107.31,107.625,107.31,107.611,7358.229121,790587.2681559546
1788271320000,2026-09-01T14:02:00Z,107.615,107.618,107.23,107.23,6871.339021,738682.687435542
1788271380000,2026-09-01T14:03:00Z,107.2,107.331,107.119,107.2,6251.081023,669882.72034344
1788271440000,2026-09-01T14:04:00Z,107.3,107.534,107.222,107.3,4489.741834,481933.37820339
1788271500000,2026-09-01T14:05:00Z,107.537,107.546,107.455,107.455,2090.721159,224796.429736839
1788271560000,2026-09-01T14:06:00Z,107.51,107.61,107.452,107.61,11325.833538,1217443.29416682
1788271620000,2026-09-01T14:07:00Z,107.66,107.678,107.432,107.61,5259.127498,565915.25128804
1788271680000,2026-09-01T14:08:00Z,107.523,107.659,107.523,107.649,2722.26549,292960.139651487
1788271740000,2026-09-01T14:09:00Z,107.59,107.656,107.537,107.55,6777.40407,729250.71115322
1788271800000,2026-09-01T14:10:00Z,107.63,107.739,107.609,107.62,5471.631923,589058.93077122
1788271860000,2026-09-01T14:11:00Z,107.27,107.684,107.255,107.27,4644.612734,499524.38385151
1788271920000,2026-09-01T14:12:00Z,107.17,107.255,107.005,107.09,4789.633652,512915.64126893
1788271980000,2026-09-01T14:13:00Z,106.93,107.052,106.895,106.9,3945.46151,421994.72672507
1788272040000,2026-09-01T14:14:00Z,106.895,106.908,106.666,106.671,5827.1,622239.29827
1788272100000,2026-09-01T14:15:00Z,106.675,107.036,106.675,106.94,3325.20778,355176.083646696
1788272160000,2026-09-01T14:16:00Z,106.95,107.095,106.916,107.07,7465.3804,798611.30790412
1788272220000,2026-09-01T14:17:00Z,106.96,107.09,106.96,106.965,6828.332803,730840.55690477
1788272280000,2026-09-01T14:18:00Z,106.983,106.983,106.936,106.936,5655.046754,604842.8771348502
1788272340000,2026-09-01T14:19:00Z,106.88,107.08,106.88,107.07,12492.3364,1336184.04904492
1788272400000,2026-09-01T14:20:00Z,107.092,107.17,107.05,107.145,4270.388928,457283.4953436672
1788272460000,2026-09-01T14:21:00Z,107.08,107.225,107.08,107.08,7441,797631.2981
1788272520000,2026-09-01T14:22:00Z,107.138,107.138,106.884,106.907,3779.48593,404343.766837934
1788272580000,2026-09-01T14:23:00Z,106.907,106.91,106.765,106.771,2168.274305,231608.7732646155
1788272640000,2026-09-01T14:24:00Z,106.65,106.794,106.65,106.68,17525.242144,1869857.46307829
1788272700000,2026-09-01T14:25:00Z,106.65,106.845,106.65,106.65,3838,409580.6136
1788272760000,2026-09-01T14:26:00Z,106.848,106.858,106.672,106.672,3951.464382,421936.9715635218
1788272820000,2026-09-01T14:27:00Z,106.35,106.661,106.245,106.29,8418.684374,895885.2419489
1788272880000,2026-09-01T14:28:00Z,106.36,106.36,106.264,106.36,7109.680566,755542.90987659
1788272940000,2026-09-01T14:29:00Z,106.34,106.535,106.283,106.283,1487.90894,158192.395428284
1788273000000,2026-09-01T14:30:00Z,106.28,106.486,106.274,106.405,4745.931283,504661.4505365748
1788273060000,2026-09-01T14:31:00Z,106.84,106.84,106.416,106.84,3042.44,324468.924144
1788273120000,2026-09-01T14:32:00Z,106.823,106.834,106.734,106.826,3346.778774,357488.1828120744
1788273180000,2026-09-01T14:33:00Z,106.827,106.927,106.826,106.927,4521.36613,483039.246225324
1788273240000,2026-09-01T14:34:00Z,106.915,107.035,106.906,107.035,7739.39754,827634.14625301
1788273300000,2026-09-01T14:35:00Z,106.98,107.11,106.98,106.98,3176.33747,339976.74003147
1788273360000,2026-09-01T14:36:00Z,107.113,107.122,106.92,106.92,2557.456394,273731.9744733626
1788273420000,2026-09-01T14:37:00Z,106.9,106.994,106.82,106.9,10453.38574,1117069.70694788
1788273480000,2026-09-01T14:38:00Z,106.909,106.933,106.776,106.776,5140,549158.114
1788273540000,2026-09-01T14:39:00Z,106.774,106.887,106.766,106.887,2144.314305,229003.5472224885
1788273600000,2026-09-01T14:40:00Z,106.89,106.903,106.89,106.896,1302.41923,139222.10359085
1788273660000,2026-09-01T14:41:00Z,107,107,106.895,107,3455.86886,369566.81443265
1788273720000,2026-09-01T14:42:00Z,106.961,106.968,106.926,106.963,1774.327,189788.9357953
1788273780000,2026-09-01T14:43:00Z,106.86,106.968,106.86,106.86,6226.73475,665857.74851168
1788273840000,2026-09-01T14:44:00Z,106.83,106.951,106.83,106.83,4598.804766,491626.94566065
1788273900000,2026-09-01T14:45:00Z,106.901,106.939,106.901,106.915,1407.86551,150527.150104037
1788273960000,2026-09-01T14:46:00Z,106.99,106.99,106.92,106.98,7254.310462,775707.04485689
1788274020000,2026-09-01T14:47:00Z,106.964,107.115,106.96,107.115,2695.38708,288347.658121656
1788274080000,2026-09-01T14:48:00Z,107.118,107.252,107.118,107.252,2924.90904,313611.087196032
1788274140000,2026-09-01T14:49:00Z,107.253,107.254,107.145,107.164,4265.49533,457414.65720788
1788274200000,2026-09-01T14:50:00Z,107.11,107.183,106.972,107.04,8457,905134.1046
1788274260000,2026-09-01T14:51:00Z,107.006,107.012,106.959,106.959,3676.16244,393314.825153064
1788274320000,2026-09-01T14:52:00Z,107.01,107.01,106.957,107.01,3607.53045,385926.75323315
1788274380000,2026-09-01T14:53:00Z,106.945,107.074,106.907,107.03,4914.717923,525780.94664867
1788274440000,2026-09-01T14:54:00Z,107.04,107.04,106.969,106.98,3161.019553,338279.668483848
1788274500000,2026-09-01T14:55:00Z,106.983,107.074,106.983,107.074,6580.303,704374.0579684
1788274560000,2026-09-01T14:56:00Z,107.14,107.14,107.063,107.14,3437.43885,368089.20191124
1788274620000,2026-09-01T14:57:00Z,107.142,107.158,107.109,107.132,1262.54271,135259.356879075
1788274680000,2026-09-01T14:58:00Z,107.145,107.145,107.093,107.145,4189.427,448805.7735414
1788274740000,2026-09-01T14:59:00Z,107.095,107.231,107.095,107.231,8733.16759,935992.082843153
1788274800000,2026-09-01T15:00:00Z,107.47,107.557,107.232,107.47,4761.99455,511380.59453595
1788274860000,2026-09-01T15:01:00Z,107.564,107.607,107.441,107.441,2298.19841,247177.444131207
1788274920000,2026-09-01T15:02:00Z,107.59,107.59,107.43,107.59,5024.733755,540249.82634347
1788274980000,2026-09-01T15:03:00Z,107.495,107.505,107.377,107.4,3521.10961,378433.015889555
1788275040000,2026-09-01T15:04:00Z,107.402,107.434,107.267,107.434,5852.57756,628066.43456262
1788275100000,2026-09-01T15:05:00Z,107.436,107.441,107.311,107.311,3541.0028,380267.22839116
1788275160000,2026-09-01T15:06:00Z,107.309,107.4,107.302,107.38,4465.962391,479340.2287545729
1788275220000,2026-09-01T15:07:00Z,107.382,107.419,107.376,107.392,2064.86263,221763.355654318
1788275280000,2026-09-01T15:08:00Z,107.382,107.382,107.338,107.353,3585.01972,384827.847309876
1788275340000,2026-09-01T15:09:00Z,107.364,107.443,107.345,107.345,4005.01685,430164.041296155
1788275400000,2026-09-01T15:10:00Z,107.339,107.343,107.243,107.282,4712.066627,505624.5397569334
1788275460000,2026-09-01T15:11:00Z,107.281,107.289,107.262,107.27,2263.37711,242795.404979943
1788275520000,2026-09-01T15:12:00Z,107.272,107.282,107.217,107.217,3701.006,396880.7093154
1788275580000,2026-09-01T15:13:00Z,107.214,107.233,107.154,107.202,2468.00851,264532.751741797
1788275640000,2026-09-01T15:14:00Z,107.201,107.27,107.181,107.209,6001.780307,643374.6441035711
1788275700000,2026-09-01T15:15:00Z,107.21,107.21,107.19,107.19,3341.58507,358208.228907297
1788275760000,2026-09-01T15:16:00Z,107.19,107.19,107.143,107.143,5140.7679,550925.30023041
1788275820000,2026-09-01T15:17:00Z,107.129,107.129,107.054,107.059,3759.34426,402509.23057394
1788275880000,2026-09-01T15:18:00Z,107.059,107.059,106.95,106.955,2013.133644,215383.155437916
1788275940000,2026-09-01T15:19:00Z,106.955,107.006,106.875,107.003,4400.42194,470634.807411268
1788276000000,2026-09-01T15:20:00Z,107.002,107.002,106.951,106.951,1373.88248,146977.9477104
1788276060000,2026-09-01T15:21:00Z,106.95,106.95,106.897,106.912,3741.38373,400039.97256279
1788276120000,2026-09-01T15:22:00Z,106.916,107.035,106.916,107.035,4772.29131,510486.274681128
1788276180000,2026-09-01T15:23:00Z,107.035,107.064,107.035,107.064,2131.79224,228200.471660712
1788276240000,2026-09-01T15:24:00Z,107.064,107.08,107.01,107.01,4050,433551.69
1788276300000,2026-09-01T15:25:00Z,107.01,107.012,106.99,106.99,2627.66077,281157.07472923
1788276360000,2026-09-01T15:26:00Z,106.99,107.072,106.99,107.072,1393.336126,149113.0208675562
1788276420000,2026-09-01T15:27:00Z,107.075,107.09,107.067,107.079,1417.4978,151795.44515882
1788276480000,2026-09-01T15:28:00Z,107.076,107.076,106.948,106.95,3410.551397,364975.3829779992
1788276540000,2026-09-01T15:29:00Z,106.959,107.044,106.959,107.044,2892.2614,309473.4159307
1788276600000,2026-09-01T15:30:00Z,107.045,107.13,107.042,107.13,2698.22434,288906.704934386
1788276660000,2026-09-01T15:31:00Z,107.131,107.132,106.994,106.994,5455.773859,584091.3303028387
1788276720000,2026-09-01T15:32:00Z,106.993,106.993,106.99,106.99,1472.028022,157493.014087791
1788276780000,2026-09-01T15:33:00Z,106.99,107.074,106.985,107.074,1530.333928,163744.3529954648
1788276840000,2026-09-01T15:34:00Z,107.076,107.077,107.025,107.025,2376.000003,254336.0691211314
1788276900000,2026-09-01T15:35:00Z,107.025,107.05,106.976,106.976,1193.1536,127689.62785696
1788276960000,2026-09-01T15:36:00Z,106.974,107.022,106.971,107.021,2652.38919,283831.371505143
1788277020000,2026-09-01T15:37:00Z,107.07,107.092,107.036,107.07,2970.57773,318018.76357843
1788277080000,2026-09-01T15:38:00Z,107.055,107.09,106.909,106.909,4328.76617,463190.533611893
1788277140000,2026-09-01T15:39:00Z,106.88,106.906,106.88,106.88,1227.215849,131184.71083787
1788277200000,2026-09-01T15:40:00Z,106.95,106.978,106.879,106.93,4771,510042.8008
1788277260000,2026-09-01T15:41:00Z,107.12,107.124,106.974,107.12,736.75885,78860.16232391
1788277320000,2026-09-01T15:42:00Z,107.113,107.113,107.04,107.05,2620.176483,280582.6467526482
1788277380000,2026-09-01T15:43:00Z,107.05,107.05,107.005,107.01,1408.962022,150801.6279032666
1788277440000,2026-09-01T15:44:00Z,107.013,107.065,107.003,107.052,900,96329.61
1788277500000,2026-09-01T15:45:00Z,107.14,107.195,107.041,107.195,7920.72496,848244.69327133
1788277560000,2026-09-01T15:46:00Z,107.152,107.155,107.115,107.142,1845.68913,197753.039593416
1788277620000,2026-09-01T15:47:00Z,107.141,107.217,107.131,107.189,4804.98562,514899.85654639
1788277680000,2026-09-01T15:48:00Z,107.2,107.2,107.146,107.2,1097.152639,117585.46892534
1788277740000,2026-09-01T15:49:00Z,107.201,107.224,107.196,107.21,1585.113552,169929.2451377664
1788277800000,2026-09-01T15:50:00Z,107.18,107.21,107.111,107.18,3607.263008,386599.03399858
1788277860000,2026-09-01T15:51:00Z,107.19,107.208,107.176,107.182,2813.448896,301612.6941018944
1788277920000,2026-09-01T15:52:00Z,107.06,107.181,107.036,107.065,1693.34952,181370.0950435
1788277980000,2026-09-01T15:53:00Z,107.09,107.09,106.991,107.09,5157.315139,551880.16717228
1788278040000,2026-09-01T15:54:00Z,107.057,107.068,107.048,107.048,14444.102594,1546389.9569444182
1788278100000,2026-09-01T15:55:00Z,107.1,107.1,107.037,107.1,1149,122995.0497
1788278160000,2026-09-01T15:56:00Z,107.036,107.036,107.021,107.021,1022.58,109447.657722
1788278220000,2026-09-01T15:57:00Z,107.02,107.022,106.938,106.938,5945.8,636245.1935
1788278280000,2026-09-01T15:58:00Z,106.895,106.936,106.693,106.81,4521.920264,482902.64787296
1788278340000,2026-09-01T15:59:00Z,106.736,106.779,106.736,106.739,3139.567199,335154.4497142082
1788278400000,2026-09-01T16:00:00Z,106.66,106.774,106.66,106.66,6612,705656.4432
1788278460000,2026-09-01T16:01:00Z,106.7,106.865,106.696,106.865,8923.051946,952561.67208614
1788278520000,2026-09-01T16:02:00Z,106.84,106.9,106.84,106.9,2436,260379.6552
1788278580000,2026-09-01T16:03:00Z,106.891,106.895,106.845,106.895,1479.084217,158042.8109380406
1788278640000,2026-09-01T16:04:00Z,106.896,106.9,106.777,106.783,1059.093562,113146.2484185022
1788278700000,2026-09-01T16:05:00Z,106.785,106.849,106.785,106.804,3467.10323,370365.674917644
1788278760000,2026-09-01T16:06:00Z,106.6,106.803,106.592,106.6,3117.2,332572.5094
1788278820000,2026-09-01T16:07:00Z,106.81,106.842,106.606,106.81,3789.281,404291.2734454
1788278880000,2026-09-01T16:08:00Z,106.843,106.843,106.771,106.799,1229.54984,131312.23426248
1788278940000,2026-09-01T16:09:00Z,106.85,106.85,106.801,106.85,1585,169317.308
1788279000000,2026-09-01T16:10:00Z,106.74,106.835,106.681,106.74,2059.017998,219825.90901148
1788279060000,2026-09-01T16:11:00Z,106.684,106.703,106.675,106.703,3153.02444,336380.727683844
1788279120000,2026-09-01T16:12:00Z,106.74,106.78,106.714,106.78,13979,1492062.544
1788279180000,2026-09-01T16:13:00Z,106.719,106.719,106.651,106.651,967.55,103202.7532
1788279240000,2026-09-01T16:14:00Z,106.65,106.65,106.616,106.616,3800.113684,405262.3638074432
1788279300000,2026-09-01T16:15:00Z,106.66,106.669,106.616,106.66,2119.87505,226098.87724534
1788279360000,2026-09-01T16:16:00Z,106.565,106.723,106.544,106.565,2666.11532,284409.18481866
1788279420000,2026-09-01T16:17:00Z,106.557,106.612,106.557,106.604,1734.1762,184840.11837654
1788279480000,2026-09-01T16:18:00Z,106.598,106.598,106.478,106.478,6403.1,682035.80115
1788279540000,2026-09-01T16:19:00Z,106.43,106.477,106.379,106.4,4529.121817,482061.60971421
1788279600000,2026-09-01T16:20:00Z,106.255,106.399,106.195,106.255,2951.019642,313685.42019157
1788279660000,2026-09-01T16:21:00Z,106.16,106.192,106.16,106.16,3425.114888,363667.05341722
1788279720000,2026-09-01T16:22:00Z,106.155,106.155,106.081,106.101,4564.7207,484311.84507723
1788279780000,2026-09-01T16:23:00Z,106.14,106.16,106.092,106.16,5951.633269,631476.02696415
1788279840000,2026-09-01T16:24:00Z,106.128,106.165,106.128,106.16,5485.625517,582319.9940065146
1788279900000,2026-09-01T16:25:00Z,106.18,106.203,106.11,106.18,3438.23049,365012.17586377
1788279960000,2026-09-01T16:26:00Z,105.94,106.129,105.94,105.94,3771.279195,400009.40175982
1788280020000,2026-09-01T16:27:00Z,105.905,106.031,105.871,105.905,9473.617196,1004136.16009391
1788280080000,2026-09-01T16:28:00Z,105.91,105.925,105.83,105.83,2141.0905,226768.8899084
1788280140000,2026-09-01T16:29:00Z,105.905,105.905,105.835,105.835,1098.405093,116256.293448213
1788280200000,2026-09-01T16:30:00Z,105.575,105.843,105.575,105.575,5204.148577,550442.27457443
1788280260000,2026-09-01T16:31:00Z,105.638,105.638,105.57,105.598,4081,430954.0081
1788280320000,2026-09-01T16:32:00Z,105.47,105.6,105.47,105.47,3621.472446,382349.99078726
1788280380000,2026-09-01T16:33:00Z,105.4,105.473,105.366,105.4,2957.976002,311818.88561963
1788280440000,2026-09-01T16:34:00Z,105.365,105.384,105.36,105.383,816.25,86011.445875
1788280500000,2026-09-01T16:35:00Z,105.382,105.544,105.381,105.544,6530.45123,688617.143894933
1788280560000,2026-09-01T16:36:00Z,105.546,105.655,105.461,105.655,2298.897546,242599.4395728156
1788280620000,2026-09-01T16:37:00Z,105.656,105.69,105.656,105.687,2165.473096,228850.0119003048
1788280680000,2026-09-01T16:38:00Z,105.695,105.725,105.652,105.655,4705,497226.282
1788280740000,2026-09-01T16:39:00Z,105.68,105.8,105.68,105.737,1447,153011.7127
1788280800000,2026-09-01T16:40:00Z,105.9,105.925,105.708,105.91,13751.0012,1455051.19117704
1788280860000,2026-09-01T16:41:00Z,105.99,106.072,105.925,105.99,11274.062657,1194388.85416403
1788280920000,2026-09-01T16:42:00Z,106.075,106.087,105.965,105.965,3189,338127.1188
1788280980000,2026-09-01T16:43:00Z,105.962,106.007,105.942,106.007,3962,419840.4616
1788281040000,2026-09-01T16:44:00Z,106.008,106.015,105.946,105.972,429.8304,45558.66972288
1788281100000,2026-09-01T16:45:00Z,105.973,106.012,105.973,105.992,783,82990.5615
1788281160000,2026-09-01T16:46:00Z,106.05,106.086,105.991,106.05,4159,441100.6287
1788281220000,2026-09-01T16:47:00Z,106.057,106.167,106.057,106.151,635.70047,67458.499634896
1788281280000,2026-09-01T16:48:00Z,106.151,106.246,106.114,106.246,1951,207127.7199
1788281340000,2026-09-01T16:49:00Z,106.248,106.265,106.207,106.265,1018,108152.6254
1788281400000,2026-09-01T16:50:00Z,106.265,106.265,106.199,106.264,298.000001,31661.9935062483
1788281460000,2026-09-01T16:51:00Z,106.264,106.264,106.191,106.238,3359,356898.4526
1788281520000,2026-09-01T16:52:00Z,106.239,106.239,106.179,106.22,1453,154321.677
1788281580000,2026-09-01T16:53:00Z,106.16,106.222,106.093,106.13,8284,879404.588
1788281640000,2026-09-01T16:54:00Z,106.22,106.22,106.098,106.22,2147,227868.6245
1788281700000,2026-09-01T16:55:00Z,106.39,106.533,106.189,106.39,5511.281852,586146.87008761
1788281760000,2026-09-01T16:56:00Z,106.479,106.578,106.469,106.566,10933,1164754.8081
1788281820000,2026-09-01T16:57:00Z,106.564,106.593,106.538,106.593,1854.34896,197592.749521344
1788281880000,2026-09-01T16:58:00Z,106.58,106.603,106.564,106.58,4003,426646.1448
1788281940000,2026-09-01T16:59:00Z,106.582,106.597,106.57,106.57,3154,336136.2884
1788282000000,2026-09-01T17:00:00Z,106.57,106.57,106.348,106.348,1397.2348,148804.66785912
1788282060000,2026-09-01T17:01:00Z,106.347,106.347,106.332,106.332,1426,151634.2804
1788282120000,2026-09-01T17:02:00Z,106.331,106.331,106.236,106.236,1428.05216,151767.814161376
1788282180000,2026-09-01T17:03:00Z,106.33,106.33,106.236,106.33,2448.362866,260141.00287537
1788282240000,2026-09-01T17:04:00Z,106.35,106.35,106.229,106.32,7082.59828,752976.52050061
1788282300000,2026-09-01T17:05:00Z,106.37,106.37,106.33,106.37,1752.28081,186365.75305644
1788282360000,2026-09-01T17:06:00Z,106.3,106.346,106.296,106.3,2227.141076,236753.55951489
1788282420000,2026-09-01T17:07:00Z,106.315,106.39,106.236,106.25,23178,2463976.6926
1788282480000,2026-09-01T17:08:00Z,106.235,106.235,106.165,106.165,1052,111725.556
1788282540000,2026-09-01T17:09:00Z,106.25,106.25,106.16,106.25,2249,238759.2376
1788282600000,2026-09-01T17:10:00Z,106.191,106.245,106.132,106.132,3432.7,364618.64784
1788282660000,2026-09-01T17:11:00Z,106.112,106.132,106.055,106.071,752,79763.0608
1788282720000,2026-09-01T17:12:00Z,106.075,106.095,106.075,106.095,757,80313.7636
1788282780000,2026-09-01T17:13:00Z,106.095,106.095,105.894,105.894,1533,162558.2469
1788282840000,2026-09-01T17:14:00Z,105.891,105.894,105.873,105.894,1324,140183.9284
1788282900000,2026-09-01T17:15:00Z,105.898,105.945,105.885,105.945,4450,471268.795
1788282960000,2026-09-01T17:16:00Z,106.01,106.01,105.948,106.01,2748.0283,291164.5904982
1788283020000,2026-09-01T17:17:00Z,105.955,105.955,105.847,105.876,3768,399050.04
1788283080000,2026-09-01T17:18:00Z,105.874,105.945,105.869,105.915,584.037,61844.6707929
1788283140000,2026-09-01T17:19:00Z,105.915,105.955,105.868,105.89,947.000001,100299.8952059133
1788283200000,2026-09-01T17:20:00Z,105.878,105.914,105.821,105.914,3073.0117,325336.06106496
1788283260000,2026-09-01T17:21:00Z,105.915,105.915,105.84,105.84,563.009443,59609.9196993439
1788283320000,2026-09-01T17:22:00Z,105.84,105.87,105.84,105.857,2951,312353.3166
1788283380000,2026-09-01T17:23:00Z,105.854,105.854,105.84,105.846,2113.6082,223711.05543424
1788283440000,2026-09-01T17:24:00Z,105.885,105.885,105.845,105.885,1934,204757.8018
1788283500000,2026-09-01T17:25:00Z,105.9,106.03,105.88,106.03,13279.21809,1406901.28651208
1788283560000,2026-09-01T17:26:00Z,105.932,105.932,105.905,105.92,3170,335750.233
1788283620000,2026-09-01T17:27:00Z,105.92,105.976,105.887,105.963,1264,133898.3008
1788283680000,2026-09-01T17:28:00Z,105.96,106.136,105.945,106.136,1572.150723,166650.0204339399
1788283740000,2026-09-01T17:29:00Z,106.139,106.205,106.139,106.205,4545.07428,482668.70823888
1788283800000,2026-09-01T17:30:00Z,106.216,106.299,106.216,106.299,1889.15323,200754.457377087
1788283860000,2026-09-01T17:31:00Z,106.299,106.311,106.292,106.295,5458.05828,580191.595164
1788283920000,2026-09-01T17:32:00Z,106.295,106.295,106.211,106.211,3636.26281,386397.649595063
1788283980000,2026-09-01T17:33:00Z,106.21,106.249,106.194,106.194,910,96665.66
1788284040000,2026-09-01T17:34:00Z,106.194,106.258,106.194,106.225,1179.589687,125297.90389664
1788284100000,2026-09-01T17:35:00Z,106.216,106.216,106.169,106.172,476,50547.868
1788284160000,2026-09-01T17:36:00Z,106.173,106.204,106.173,106.204,1685.746,178996.2189212
1788284220000,2026-09-01T17:37:00Z,106.207,106.29,106.206,106.265,3396.5,360770.7956
1788284280000,2026-09-01T17:38:00Z,106.265,106.266,106.23,106.266,1677.116069,178171.4443991392
1788284340000,2026-09-01T17:39:00Z,106.267,106.27,106.159,106.176,2120.135646,225210.348928527
1788284400000,2026-09-01T17:40:00Z,106.178,106.265,106.178,106.258,1626,172728.8418
1788284460000,2026-09-01T17:41:00Z,106.253,106.352,106.253,106.35,4693,498811.4612
1788284520000,2026-09-01T17:42:00Z,106.35,106.358,106.319,106.333,2514,267361.386
1788284580000,2026-09-01T17:43:00Z,106.332,106.339,106.323,106.337,805.15239,85616.201451606
1788284640000,2026-09-01T17:44:00Z,106.336,106.343,106.312,106.325,1285.609056,136694.954097312
1788284700000,2026-09-01T17:45:00Z,106.325,106.34,106.319,106.319,566.260767,60213.0555285615
1788284760000,2026-09-01T17:46:00Z,106.319,106.32,106.24,106.264,3738.0094,397301.43129686
1788284820000,2026-09-01T17:47:00Z,106.263,106.263,106.155,106.178,3850.109961,408945.2046725565
1788284880000,2026-09-01T17:48:00Z,106.179,106.26,106.179,106.212,1775.319,188553.7904796
1788284940000,2026-09-01T17:49:00Z,106.211,106.277,106.205,106.205,880.4209,93536.7968369
1788285000000,2026-09-01T17:50:00Z,106.199,106.265,106.199,106.237,1079,114624.328
1788285060000,2026-09-01T17:51:00Z,106.237,106.33,106.235,106.324,4209.517437,447316.7933114184
1788285120000,2026-09-01T17:52:00Z,106.328,106.349,106.328,106.349,2856.385526,303745.7517264192
1788285180000,2026-09-01T17:53:00Z,106.349,106.43,106.323,106.358,6979,742128.7146
1788285240000,2026-09-01T17:54:00Z,106.356,106.356,106.342,106.342,825,87735.945
1788285300000,2026-09-01T17:55:00Z,106.342,106.342,106.317,106.34,1435.165,152613.2933525
1788285360000,2026-09-01T17:56:00Z,106.34,106.355,106.32,106.335,7343.4,780935.34168
1788285420000,2026-09-01T17:57:00Z,106.335,106.364,106.31,106.364,8816,937537.52
1788285480000,2026-09-01T17:58:00Z,106.367,106.374,106.351,106.374,1902,202310.6046
1788285540000,2026-09-01T17:59:00Z,106.374,106.466,106.374,106.423,9345.4224,994386.58688064
1788285600000,2026-09-01T18:00:00Z,106.422,106.47,106.42,106.47,2509.07289,267070.485650091
1788285660000,2026-09-01T18:01:00Z,106.47,106.479,106.468,106.479,1216,129470.4384
1788285720000,2026-09-01T18:02:00Z,106.48,106.549,106.48,106.52,3110,331215.933
1788285780000,2026-09-01T18:03:00Z,106.519,106.66,106.519,106.625,3103.093751,330717.4917722017
1788285840000,2026-09-01T18:04:00Z,106.56,106.623,106.551,106.56,4128.25,440042.139425
1788285900000,2026-09-01T18:05:00Z,106.564,106.564,106.537,106.55,1557.05524,165906.727110384
1788285960000,2026-09-01T18:06:00Z,106.51,106.555,106.51,106.51,1696,180709.9872
1788286020000,2026-09-01T18:07:00Z,106.545,106.55,106.536,106.536,1082.255995,115310.5883712675
1788286080000,2026-09-01T18:08:00Z,106.61,106.721,106.516,106.63,6190,659715.963
1788286140000,2026-09-01T18:09:00Z,106.706,106.733,106.705,106.727,565.06922,60306.503942202
1788286200000,2026-09-01T18:10:00Z,106.728,106.773,106.728,106.731,2313.234143,246929.8797691638
1788286260000,2026-09-01T18:11:00Z,106.731,106.734,106.716,106.734,1281,136717.4151
1788286320000,2026-09-01T18:12:00Z,106.735,106.74,106.721,106.735,1259,134375.9657
1788286380000,2026-09-01T18:13:00Z,106.721,106.724,106.669,106.67,10164,1084524.21
1788286440000,2026-09-01T18:14:00Z,106.63,106.67,106.597,106.63,3496.018756,372833.61943737
1788286500000,2026-09-01T18:15:00Z,106.66,106.749,106.647,106.66,5127.871,547015.1261379
1788286560000,2026-09-01T18:16:00Z,106.754,106.775,106.711,106.711,1872.26599,199849.229077981
1788286620000,2026-09-01T18:17:00Z,106.75,106.76,106.656,106.76,2751,293484.3828
1788286680000,2026-09-01T18:18:00Z,106.746,106.791,106.746,106.786,3160,337352.12
1788286740000,2026-09-01T18:19:00Z,106.787,106.789,106.77,106.778,1879.5093,200691.37174098
1788286800000,2026-09-01T18:20:00Z,106.779,106.79,106.772,106.781,1590,169785.288
1788286860000,2026-09-01T18:21:00Z,106.84,106.84,106.77,106.84,3436,366932.158
1788286920000,2026-09-01T18:22:00Z,106.812,106.925,106.812,106.925,2462,263126.7424
1788286980000,2026-09-01T18:23:00Z,106.926,106.929,106.861,106.905,2426,259365.3582
1788287040000,2026-09-01T18:24:00Z,106.905,106.905,106.864,106.903,1344.841,143765.3856774
1788287100000,2026-09-01T18:25:00Z,106.9,107.028,106.848,106.9,4955,529661.752
1788287160000,2026-09-01T18:26:00Z,107.028,107.05,107.025,107.05,4454.97673,476825.960360706
1788287220000,2026-09-01T18:27:00Z,107.03,107.049,106.982,107.03,4698,502844.3226
1788287280000,2026-09-01T18:28:00Z,106.99,106.991,106.936,106.991,2247.01869,240397.069847781
1788287340000,2026-09-01T18:29:00Z,107.08,107.08,106.976,107.08,3516,376266.1464
1788287400000,2026-09-01T18:30:00Z,107.12,107.144,107.06,107.13,1392.11712,149092.12404749
1788287460000,2026-09-01T18:31:00Z,107.09,107.138,107.082,107.109,3128.28,335056.619196
1788287520000,2026-09-01T18:32:00Z,107.145,107.145,107.09,107.145,2150.065,230271.101474
1788287580000,2026-09-01T18:33:00Z,107.09,107.09,107.001,107.037,2702.557297,289346.8647017377
1788287640000,2026-09-01T18:34:00Z,107.033,107.033,106.981,106.981,2620,280339.476
1788287700000,2026-09-01T18:35:00Z,106.971,106.985,106.936,106.985,2122.60026,227029.290869106
1788287760000,2026-09-01T18:36:00Z,106.985,106.985,106.868,106.868,3086,330132.565
1788287820000,2026-09-01T18:37:00Z,106.83,106.867,106.8,106.83,1501.5,160385.27505
1788287880000,2026-09-01T18:38:00Z,106.775,106.805,106.775,106.775,3835.1144,409547.26463872
1788287940000,2026-09-01T18:39:00Z,106.775,106.775,106.754,106.754,1494,159519.4596
1788288000000,2026-09-01T18:40:00Z,106.752,106.773,106.726,106.726,3973.935612,424218.8187616836
1788288060000,2026-09-01T18:41:00Z,106.726,106.726,106.615,106.615,3334.046883,355647.1152705579
1788288120000,2026-09-01T18:42:00Z,106.615,106.615,106.541,106.541,1985,211535.6935
1788288180000,2026-09-01T18:43:00Z,106.541,106.541,106.425,106.425,1104.009388,117532.83944648
1788288240000,2026-09-01T18:44:00Z,106.45,106.464,106.425,106.45,4122.485,438792.7686665
1788288300000,2026-09-01T18:45:00Z,106.462,106.462,106.379,106.379,2940.85819,312942.013542642
1788288360000,2026-09-01T18:46:00Z,106.377,106.386,106.302,106.386,2676.94072,284666.679247016
1788288420000,2026-09-01T18:47:00Z,106.5,106.5,106.388,106.5,3720.4695,395873.20872495
1788288480000,2026-09-01T18:48:00Z,106.435,106.469,106.428,106.428,533,56739.5556
1788288540000,2026-09-01T18:49:00Z,106.46,106.532,106.419,106.46,2914.0108,310250.65026088
1788288600000,2026-09-01T18:50:00Z,106.533,106.543,106.455,106.458,3673.703,391312.5571916
1788288660000,2026-09-01T18:51:00Z,106.51,106.51,106.459,106.51,3072,327083.8272
1788288720000,2026-09-01T18:52:00Z,106.61,106.642,106.481,106.61,7928,844609.48
1788288780000,2026-09-01T18:53:00Z,106.643,106.645,106.59,106.644,1458,155474.1216
1788288840000,2026-09-01T18:54:00Z,106.645,106.648,106.571,106.608,820.542,87493.4088096
1788288900000,2026-09-01T18:55:00Z,106.609,106.639,106.596,106.639,3472.56935,370251.59472183
1788288960000,2026-09-01T18:56:00Z,106.639,106.737,106.639,106.737,1763,188080.7186
1788289020000,2026-09-01T18:57:00Z,106.685,106.734,106.68,106.685,4271,455725.9504
1788289080000,2026-09-01T18:58:00Z,106.84,106.84,106.687,106.84,4732.187,504994.8624863
1788289140000,2026-09-01T18:59:00Z,106.81,106.85,106.78,106.78,16042,1713413.936
1788289200000,2026-09-01T19:00:00Z,106.825,106.84,106.801,106.825,1427,152432.4254
1788289260000,2026-09-01T19:01:00Z,106.819,106.827,106.806,106.811,1055,112697.5265
1788289320000,2026-09-01T19:02:00Z,106.815,106.829,106.774,106.774,1001.171332,106944.72121571
1788289380000,2026-09-01T19:03:00Z,106.88,106.89,106.772,106.89,7912.712,845302.3626208
1788289440000,2026-09-01T19:04:00Z,106.852,106.965,106.852,106.965,4788.090471,511796.5963999545
1788289500000,2026-09-01T19:05:00Z,106.97,106.989,106.956,106.982,5465,584658.2695
1788289560000,2026-09-01T19:06:00Z,106.977,106.977,106.95,106.95,626.36742,66990.434026194
1788289620000,2026-09-01T19:07:00Z,106.9,106.977,106.85,106.9,7059.09183,754969.16530932
1788289680000,2026-09-01T19:08:00Z,106.848,106.848,106.835,106.845,1258,134403.8394
1788289740000,2026-09-01T19:09:00Z,106.92,106.92,106.845,106.92,2027.46672,216668.06948621
1788289800000,2026-09-01T19:10:00Z,106.85,106.88,106.85,106.85,1028.07,109867.065111
1788289860000,2026-09-01T19:11:00Z,106.83,106.879,106.808,106.83,2374.2,253677.09708
1788289920000,2026-09-01T19:12:00Z,106.879,106.879,106.817,106.875,2539.1647,271342.50341963
1788289980000,2026-09-01T19:13:00Z,106.877,106.982,106.877,106.982,3468.3667,370811.40797708
1788290040000,2026-09-01T19:14:00Z,107,107.118,106.943,107.095,3051,326438.694
1788290100000,2026-09-01T19:15:00Z,107.119,107.171,107.119,107.171,2178.163817,233397.0052993827
1788290160000,2026-09-01T19:16:00Z,107.172,107.22,107.127,107.169,7452.98474,799003.936737966
1788290220000,2026-09-01T19:17:00Z,107.17,107.216,107.17,107.215,3249,348264.8586
1788290280000,2026-09-01T19:18:00Z,107.214,107.23,107.182,107.214,3142.014888,336851.6457246144
1788290340000,2026-09-01T19:19:00Z,107.215,107.219,107.157,107.157,6309,676307.7657
1788290400000,2026-09-01T19:20:00Z,107.12,107.188,107.064,107.12,7583.508,812533.4479584
1788290460000,2026-09-01T19:21:00Z,107.057,107.064,107.014,107.055,6038.198754,646382.5345970706
1788290520000,2026-09-01T19:22:00Z,107.055,107.109,107.042,107.109,3412,365354.2304
1788290580000,2026-09-01T19:23:00Z,107.109,107.153,107.106,107.143,4173,447083.1183
1788290640000,2026-09-01T19:24:00Z,107.139,107.139,107.095,107.095,2217,237434.9358
1788290700000,2026-09-01T19:25:00Z,107.095,107.101,107.095,107.101,1985,212587.148
1788290760000,2026-09-01T19:26:00Z,107.102,107.105,107.029,107.104,1571.47,168270.650395
1788290820000,2026-09-01T19:27:00Z,107.105,107.105,107.068,107.105,2752.02773,294725.10731107
1788290880000,2026-09-01T19:28:00Z,107.069,107.069,107.02,107.026,7983.097615,854486.0211069935
1788290940000,2026-09-01T19:29:00Z,107.04,107.064,107.024,107.03,4644,497113.2648
1788291000000,2026-09-01T19:30:00Z,106.85,107.055,106.85,106.85,5941.6057,635657.33836937
1788291060000,2026-09-01T19:31:00Z,106.83,106.866,106.713,106.86,5906,630896.0474
1788291120000,2026-09-01T19:32:00Z,106.66,106.714,106.645,106.645,6431.000937,686066.89716028
1788291180000,2026-09-01T19:33:00Z,106.72,106.728,106.693,106.72,4244,452851.776
1788291240000,2026-09-01T19:34:00Z,106.8,106.88,106.708,106.87,23003.4088,2457056.20313176
1788291300000,2026-09-01T19:35:00Z,106.905,106.91,106.875,106.91,4386.3841,468860.15781059
1788291360000,2026-09-01T19:36:00Z,106.87,106.909,106.861,106.87,7255.681677,775590.28831757
1788291420000,2026-09-01T19:37:00Z,106.81,106.865,106.762,106.78,7102.6779,758730.78184728
1788291480000,2026-09-01T19:38:00Z,106.76,106.837,106.753,106.82,13829.6564,1476674.00880076
1788291540000,2026-09-01T19:39:00Z,106.839,106.844,106.79,106.83,3673.5672,392395.01932176
1788291600000,2026-09-01T19:40:00Z,106.85,106.85,106.736,106.84,10399.936,1110617.4853888
1788291660000,2026-09-01T19:41:00Z,106.9,106.91,106.839,106.91,8576,916480.2432
1788291720000,2026-09-01T19:42:00Z,106.843,106.843,106.784,106.784,4160,444342.912
1788291780000,2026-09-01T19:43:00Z,106.78,106.829,106.719,106.829,5822,621554.9734
1788291840000,2026-09-01T19:44:00Z,106.836,106.873,106.822,106.822,4063,434084.4192
1788291900000,2026-09-01T19:45:00Z,106.83,106.849,106.788,106.8,9876,1054847.6592
1788291960000,2026-09-01T19:46:00Z,106.814,106.814,106.746,106.746,8289.05619,885069.777026583
1788292020000,2026-09-01T19:47:00Z,106.775,106.82,106.744,106.82,6375,680658.1125
1788292080000,2026-09-01T19:48:00Z,106.79,106.884,106.79,106.79,7395.012356,789977.37143835
1788292140000,2026-09-01T19:49:00Z,106.905,106.905,106.87,106.905,7742.301,827521.1320131
1788292200000,2026-09-01T19:50:00Z,106.795,106.874,106.795,106.81,11176.31,1194013.255433
1788292260000,2026-09-01T19:51:00Z,106.81,106.81,106.664,106.664,16560,1767740.256
1788292320000,2026-09-01T19:52:00Z,106.7,106.732,106.63,106.73,12934,1379711.1688
1788292380000,2026-09-01T19:53:00Z,106.63,106.679,106.533,106.56,11871.251301,1265590.53982422
1788292440000,2026-09-01T19:54:00Z,106.59,106.682,106.43,106.43,19548.4177,2083773.35894035
1788292500000,2026-09-01T19:55:00Z,106.725,107.04,106.516,106.92,73682.323423,7862095.483275
1788292560000,2026-09-01T19:56:00Z,106.87,106.9,106.726,106.74,22264.0001,2377296.49707776
1788292620000,2026-09-01T19:57:00Z,106.72,106.908,106.72,106.82,28426.6,3036694.28628
1788292680000,2026-09-01T19:58:00Z,106.85,106.941,106.85,106.935,61327,6555972.8213
1788292740000,2026-09-01T19:59:00Z,106.955,106.955,106.83,106.83,92888,9928389.6128
1788292800000,2026-09-01T20:00:00Z,106.871,106.915,106.871,106.915,509579.156941,54464227.95717963
1788292980000,2026-09-01T20:03:00Z,106.915,106.915,106.37,106.37,71,7588.0824
1788293040000,2026-09-01T20:04:00Z,106.367,106.367,106.36,106.36,14.47728,1539.8035008
1788293100000,2026-09-01T20:05:00Z,106.421,106.724,106.421,106.724,2500,266810
1788293280000,2026-09-01T20:08:00Z,106.725,106.725,106.725,106.725,312,33298.2
1788293400000,2026-09-01T20:10:00Z,106.725,106.725,106.725,106.725,4.452325,475.174385625
1788293520000,2026-09-01T20:12:00Z,106.725,106.725,106.725,106.725,0,0
1788293640000,2026-09-01T20:14:00Z,106.725,106.725,106.725,106.725,400,42690
1788293700000,2026-09-01T20:15:00Z,106.725,106.725,106.725,106.725,1.9346,206.470185
1788293760000,2026-09-01T20:16:00Z,106.725,106.725,106.725,106.725,401,42796.725
1788293820000,2026-09-01T20:17:00Z,106.728,106.744,106.728,106.744,5,533.72
1788293880000,2026-09-01T20:18:00Z,106.745,106.745,106.745,106.745,0,0
1788294000000,2026-09-01T20:20:00Z,106.742,106.742,106.726,106.726,0,0
1788294120000,2026-09-01T20:22:00Z,106.725,106.725,106.725,106.725,0,0
1788294300000,2026-09-01T20:25:00Z,106.728,106.744,106.728,106.744,0,0
1788294720000,2026-09-01T20:32:00Z,106.745,106.745,106.745,106.745,0,0
1788295140000,2026-09-01T20:39:00Z,106.745,106.745,106.745,106.745,20,2134.9
1788295320000,2026-09-01T20:42:00Z,106.745,106.745,106.745,106.745,1,106.745
1788295440000,2026-09-01T20:44:00Z,106.745,106.745,106.745,106.745,493,52625.285
1788296100000,2026-09-01T20:55:00Z,106.745,106.745,106.745,106.745,1,106.745
1788296340000,2026-09-01T20:59:00Z,106.745,106.745,106.745,106.745,1,106.745
1788296520000,2026-09-01T21:02:00Z,106.742,106.742,106.727,106.727,8417,898355.6687
1788296700000,2026-09-01T21:05:00Z,106.726,106.726,106.726,106.726,22245,2374119.87
1788296880000,2026-09-01T21:08:00Z,106.671,106.671,106.376,106.376,0,0
1788297180000,2026-09-01T21:13:00Z,106.375,106.375,106.375,106.375,640.014888,68081.583711
1788297300000,2026-09-01T21:15:00Z,106.375,106.375,106.375,106.375,20,2127.5
1788297600000,2026-09-01T21:20:00Z,106.463,106.903,106.463,106.903,280,29809.64
1788297660000,2026-09-01T21:21:00Z,106.904,106.904,106.904,106.904,0,0
1788297960000,2026-09-01T21:26:00Z,106.905,106.905,106.905,106.905,0,0
1788298560000,2026-09-01T21:36:00Z,106.905,106.905,106.905,106.905,5,534.525
1788298920000,2026-09-01T21:42:00Z,106.905,106.905,106.905,106.905,7,748.335
1788299280000,2026-09-01T21:48:00Z,106.905,106.905,106.905,106.905,929,99314.745
1788299460000,2026-09-01T21:51:00Z,106.905,106.905,106.905,106.905,300,32071.5
1788300180000,2026-09-01T22:03:00Z,106.905,106.905,106.905,106.905,22,2351.91
1788300240000,2026-09-01T22:04:00Z,106.905,106.905,106.905,106.905,8,855.24
1788300360000,2026-09-01T22:06:00Z,106.905,106.905,106.905,106.905,24,2565.72
1788300600000,2026-09-01T22:10:00Z,106.875,106.875,106.725,106.725,33,3523.5849
1788300660000,2026-09-01T22:11:00Z,106.725,106.725,106.725,106.725,46,4909.35
1788300780000,2026-09-01T22:13:00Z,106.725,106.725,106.725,106.725,2,213.45
1788300960000,2026-09-01T22:16:00Z,106.725,106.725,106.725,106.725,55,5869.875
1788301080000,2026-09-01T22:18:00Z,106.725,106.725,106.725,106.725,2,213.45
1788301260000,2026-09-01T22:21:00Z,106.724,106.724,106.722,106.722,2,213.448
1788301320000,2026-09-01T22:22:00Z,106.721,106.721,106.721,106.721,0,0
1788301680000,2026-09-01T22:28:00Z,106.72,106.72,106.72,106.72,75,8004
1788301740000,2026-09-01T22:29:00Z,106.722,106.724,106.722,106.724,0,0
1788301800000,2026-09-01T22:30:00Z,106.725,106.725,106.725,106.725,0,0
1788301860000,2026-09-01T22:31:00Z,106.725,106.725,106.725,106.725,0,0
1788302160000,2026-09-01T22:36:00Z,106.725,106.725,106.725,106.725,0,0
1788303120000,2026-09-01T22:52:00Z,106.725,106.725,106.725,106.725,0,0
1788303300000,2026-09-01T22:55:00Z,106.725,106.725,106.725,106.725,0,0
1788303900000,2026-09-01T23:05:00Z,106.725,106.725,106.725,106.725,5,533.625
1788304200000,2026-09-01T23:10:00Z,106.725,106.725,106.725,106.725,20,2134.5
1788304620000,2026-09-01T23:17:00Z,106.725,106.725,106.725,106.725,5,533.625
1788305400000,2026-09-01T23:30:00Z,106.725,106.725,106.725,106.725,1.474742,157.39183995
1788306300000,2026-09-01T23:45:00Z,106.725,106.725,106.725,106.725,2,213.45
1788306720000,2026-09-01T23:52:00Z,106.683,106.683,106.596,106.596,7,746.781
1788306780000,2026-09-01T23:53:00Z,106.575,106.575,106.476,106.476,0,0
1788306900000,2026-09-01T23:55:00Z,106.454,106.454,106.352,106.352,0,0
1788306960000,2026-09-01T23:56:00Z,106.351,106.351,106.35,106.35,0,0
1788314160000,2026-09-02T01:56:00Z,106.17,106.17,106.17,106.17,6,637.02
1788314220000,2026-09-02T01:57:00Z,106.18,106.18,106.18,106.18,24,2548.32
1788323460000,2026-09-02T04:31:00Z,106.08,106.08,106.08,106.08,2,212.16
1788335100000,2026-09-02T07:45:00Z,106.78,106.78,106.78,106.78,51,5445.78
1788336000000,2026-09-02T08:00:00Z,106.35,106.93,106.35,106.93,125,13299.875
1788336060000,2026-09-02T08:01:00Z,106.954,107.07,106.651,106.651,50,5349.8
1788336120000,2026-09-02T08:02:00Z,106.649,106.649,106.641,106.641,0,0
1788338580000,2026-09-02T08:43:00Z,106.64,106.64,106.64,106.64,21,2239.44
1788339060000,2026-09-02T08:51:00Z,106.64,106.64,106.64,106.64,50,5332
1788339240000,2026-09-02T08:54:00Z,106.447,106.447,106.063,106.063,509,54181.523
1788339300000,2026-09-02T08:55:00Z,106.02,106.02,105.806,105.806,0,0
1788340380000,2026-09-02T09:13:00Z,105.805,105.805,105.805,105.805,36,3808.98
1788341100000,2026-09-02T09:25:00Z,105.805,105.805,105.805,105.805,1,105.805
1788341940000,2026-09-02T09:39:00Z,105.805,105.805,105.805,105.805,20,2116.1
1788342720000,2026-09-02T09:52:00Z,105.805,105.805,105.805,105.805,59,6242.495
1788343320000,2026-09-02T10:02:00Z,105.805,105.805,105.805,105.805,0,0
1788344040000,2026-09-02T10:14:00Z,105.805,105.805,105.805,105.805,0,0
1788346140000,2026-09-02T10:49:00Z,105.805,105.805,105.805,105.805,50,5290.25
1788346800000,2026-09-02T11:00:00Z,105.805,105.805,105.805,105.805,1,105.805
1788346860000,2026-09-02T11:01:00Z,105.805,105.805,105.805,105.805,4,423.22
1788347640000,2026-09-02T11:14:00Z,105.805,106.417,105.805,106.417,98,10373.937
1788347700000,2026-09-02T11:15:00Z,106.468,106.723,106.468,106.723,0,0
1788347760000,2026-09-02T11:16:00Z,106.724,106.724,106.724,106.724,0,0
1788347940000,2026-09-02T11:19:00Z,106.682,106.682,106.467,106.467,12,1279.5144
1788348000000,2026-09-02T11:20:00Z,106.466,106.466,106.466,106.466,0,0
1788348780000,2026-09-02T11:33:00Z,106.465,106.465,106.465,106.465,136,14479.24
1788348900000,2026-09-02T11:35:00Z,106.465,106.465,106.465,106.465,0.5,53.2325
1788348960000,2026-09-02T11:36:00Z,106.465,106.465,106.465,106.465,0.5,53.2325
1788349440000,2026-09-02T11:44:00Z,106.465,106.465,106.465,106.465,4,425.86
1788349500000,2026-09-02T11:45:00Z,106.465,106.465,106.465,106.465,0,0
1788350400000,2026-09-02T12:00:00Z,106.465,106.465,106.465,106.465,10,1064.65
1788350700000,2026-09-02T12:05:00Z,106.529,106.848,106.529,106.848,1,106.529
1788350760000,2026-09-02T12:06:00Z,106.87,106.969,106.87,106.969,0,0
1788350820000,2026-09-02T12:07:00Z,106.971,106.973,106.971,106.973,0,0
1788350880000,2026-09-02T12:08:00Z,106.974,106.974,106.974,106.974,0,0
1788350940000,2026-09-02T12:09:00Z,106.983,107.023,106.983,107.023,0,0
1788351000000,2026-09-02T12:10:00Z,107.024,107.024,107.024,107.024,0,0
1788351120000,2026-09-02T12:12:00Z,107.009,107.023,106.932,107.023,60,6418.404
1788351180000,2026-09-02T12:13:00Z,107.024,107.025,107.024,107.025,0,0
1788351780000,2026-09-02T12:23:00Z,107.025,107.025,107.025,107.025,40,4281
1788351840000,2026-09-02T12:24:00Z,107.025,107.025,107.025,107.025,40,4281
1788351900000,2026-09-02T12:25:00Z,107.025,107.025,107.025,107.025,184,19692.6
1788352020000,2026-09-02T12:27:00Z,107.025,107.025,107.025,107.025,190.014888,20336.3433882
1788352680000,2026-09-02T12:38:00Z,107.025,107.025,107.025,107.025,4,428.1
1788353460000,2026-09-02T12:51:00Z,107.025,107.025,107.025,107.025,0,0
1788354180000,2026-09-02T13:03:00Z,107.025,107.025,107.025,107.025,0,0
1788355140000,2026-09-02T13:19:00Z,107.025,107.025,107.025,107.025,2,214.05
1788355380000,2026-09-02T13:23:00Z,107.025,107.025,107.025,107.025,10,1070.25
1788355560000,2026-09-02T13:26:00Z,107.025,107.025,107.025,107.025,55,5886.375
1788355680000,2026-09-02T13:28:00Z,107.038,107.102,107.038,107.102,0,0
1788355740000,2026-09-02T13:29:00Z,107.104,107.221,107.104,107.221,0,0
1788355800000,2026-09-02T13:30:00Z,106.99,107.333,106.43,106.78,30975.855478,3320438.24245092
1788355860000,2026-09-02T13:31:00Z,106.855,107.332,106.732,106.885,6747.8538,721599.29052288
1788355920000,2026-09-02T13:32:00Z,106.55,106.948,106.55,106.715,1987.777175,212314.67883947
1788355980000,2026-09-02T13:33:00Z,106.728,106.735,106.728,106.735,743.147251,79317.1465053814
1788356040000,2026-09-02T13:34:00Z,106.735,106.735,106.43,106.672,1275.0933,136041.99934494
1788356100000,2026-09-02T13:35:00Z,106.663,106.663,105.412,105.412,5573.624714,591624.6572419008
1788356160000,2026-09-02T13:36:00Z,105.505,105.972,105.427,105.83,14323.348613,1513051.22773884
1788356220000,2026-09-02T13:37:00Z,106.1,106.108,105.935,106.1,1117.670378,118457.30091567
1788356280000,2026-09-02T13:38:00Z,106.113,106.294,106.113,106.294,1049.660056,111480.3008735416
1788356340000,2026-09-02T13:39:00Z,106.56,106.575,106.294,106.575,2864.15433,304797.00265907
1788356400000,2026-09-02T13:40:00Z,106.765,106.795,106.499,106.765,3225.10494,343830.05020587
1788356460000,2026-09-02T13:41:00Z,106.776,106.776,106.7,106.744,988,105438.7672
1788356520000,2026-09-02T13:42:00Z,106.895,107.001,106.49,106.895,11041.475,1177874.7410175
1788356580000,2026-09-02T13:43:00Z,106.66,107.013,106.66,106.66,2452.103931,261984.2552504
1788356640000,2026-09-02T13:44:00Z,106.785,106.814,106.663,106.733,8153.959576,870693.6652565592
1788356700000,2026-09-02T13:45:00Z,106.735,106.921,106.604,106.643,2586.04704,276069.055475232
1788356760000,2026-09-02T13:46:00Z,106.642,106.642,106.145,106.145,1053.2288,112042.37442112
1788356820000,2026-09-02T13:47:00Z,106.135,106.152,105.902,106.135,2764.00942,293099.15210905
1788356880000,2026-09-02T13:48:00Z,105.66,105.934,105.565,105.66,8869.989009,937922.39479957
1788356940000,2026-09-02T13:49:00Z,105.557,105.584,105.409,105.409,3878.1026,409311.23643492
1788357000000,2026-09-02T13:50:00Z,105.31,105.443,105.302,105.36,3155.31021,332502.48802653
1788357060000,2026-09-02T13:51:00Z,105.07,105.376,104.87,104.87,6742.722804,708559.02585834
1788357120000,2026-09-02T13:52:00Z,104.885,104.932,104.842,104.924,2549.955462,267474.5182399356
1788357180000,2026-09-02T13:53:00Z,104.917,104.917,104.851,104.851,2117.847566,222148.0200947078
1788357240000,2026-09-02T13:54:00Z,104.42,104.831,104.305,104.31,4758.61067,497917.70331652
1788357300000,2026-09-02T13:55:00Z,104.42,104.45,104.261,104.45,5776.071263,602389.3600539
1788357360000,2026-09-02T13:56:00Z,104.29,104.421,104.287,104.34,5980.301488,624182.60523717
1788357420000,2026-09-02T13:57:00Z,104.31,104.347,104.223,104.325,2730.01,284758.061066
1788357480000,2026-09-02T13:58:00Z,104.32,104.444,104.32,104.32,2852.288231,297761.77758701
1788357540000,2026-09-02T13:59:00Z,104.445,104.54,104.445,104.54,3795.057474,396418.0415271336
1788357600000,2026-09-02T14:00:00Z,104.38,104.516,104.38,104.38,3031.087415,316449.46653964
1788357660000,2026-09-02T14:01:00Z,104.443,104.689,104.443,104.674,3743.399493,391398.24644965
1788357720000,2026-09-02T14:02:00Z,104.46,104.681,104.39,104.39,5152.331735,538753.0526371
1788357780000,2026-09-02T14:03:00Z,104.69,104.735,104.69,104.735,1590.036772,166527.4131977496
1788357840000,2026-09-02T14:04:00Z,105.06,105.205,104.735,105.205,9824.508826,1030894.55317012
1788357900000,2026-09-02T14:05:00Z,105.485,105.569,105.2,105.49,4104.78152,432575.83283477
1788357960000,2026-09-02T14:06:00Z,105.508,105.6,105.462,105.6,2799.5987,295322.94782612
1788358020000,2026-09-02T14:07:00Z,106.06,106.06,105.531,106.06,4848.13194,512301.13247341
1788358080000,2026-09-02T14:08:00Z,106.014,106.119,105.92,105.937,4915.130673,521136.559866171
1788358140000,2026-09-02T14:09:00Z,106.23,106.335,105.941,106.23,5311,563711.1333
1788358200000,2026-09-02T14:10:00Z,106.51,106.54,106.192,106.51,4287.28933,455986.23237334
1788358260000,2026-09-02T14:11:00Z,106.427,106.472,106.22,106.242,2165.97307,230344.08828337
1788358320000,2026-09-02T14:12:00Z,106.243,106.244,105.944,105.958,9506.1242,1008644.45640374
1788358380000,2026-09-02T14:13:00Z,105.958,105.96,105.62,105.821,9976.201054,1056741.0680862148
1788358440000,2026-09-02T14:14:00Z,105.823,105.83,105.702,105.703,8583.13186,907847.298277246
1788358500000,2026-09-02T14:15:00Z,105.703,105.909,105.703,105.902,6200.953232,656001.3227945728
1788358560000,2026-09-02T14:16:00Z,105.907,105.962,105.907,105.921,3087.67019,327094.811713802
1788358620000,2026-09-02T14:17:00Z,105.92,106.466,105.915,106.466,10138.019206,1075862.8189714496
1788358680000,2026-09-02T14:18:00Z,106.47,106.702,106.47,106.702,5099.172242,543247.4536426088
1788358740000,2026-09-02T14:19:00Z,106.705,107.02,106.705,106.997,3133.996595,334890.727750553
1788358800000,2026-09-02T14:20:00Z,106.998,107.042,106.998,107.006,1098.14257,117515.091586382
1788358860000,2026-09-02T14:21:00Z,107.005,107.005,106.897,106.942,4109.3819,439486.0660593
1788358920000,2026-09-02T14:22:00Z,106.95,107.09,106.941,106.988,3503.23426,374870.938783246
1788358980000,2026-09-02T14:23:00Z,106.98,106.98,106.83,106.881,7744.21498,827827.153345076
1788359040000,2026-09-02T14:24:00Z,106.901,106.967,106.83,106.846,4590.69139,490670.540390482
1788359100000,2026-09-02T14:25:00Z,106.845,106.845,106.528,106.536,6980.50129,744647.767311266
1788359160000,2026-09-02T14:26:00Z,106.58,106.653,106.51,106.599,9590.38443,1022030.965051569
1788359220000,2026-09-02T14:27:00Z,106.595,106.595,106.395,106.494,4489.576939,477953.1776028376
1788359280000,2026-09-02T14:28:00Z,106.495,106.565,106.495,106.565,2126.91048,226549.99668768
1788359340000,2026-09-02T14:29:00Z,106.566,106.603,106.565,106.565,2075.514548,221215.604826758
1788359400000,2026-09-02T14:30:00Z,106.565,106.78,106.535,106.617,7013,747694.5015
1788359460000,2026-09-02T14:31:00Z,106.617,106.8,106.57,106.766,6476.40724,690464.023952328
1788359520000,2026-09-02T14:32:00Z,106.805,106.805,106.663,106.665,2591.092437,276524.7532968081
1788359580000,2026-09-02T14:33:00Z,106.665,106.78,106.57,106.698,26995.272632,2879531.741110176
1788359640000,2026-09-02T14:34:00Z,106.701,107.225,106.701,107.145,8241.681,880314.5518125
1788359700000,2026-09-02T14:35:00Z,107.163,107.255,107,107.02,13331.958,1428883.2621534
1788359760000,2026-09-02T14:36:00Z,107.013,107.3,106.96,107.211,16742.415531,1792856.5444124757
1788359820000,2026-09-02T14:37:00Z,107.206,107.233,106.92,107.043,19843.02535,2125269.371388935
1788359880000,2026-09-02T14:38:00Z,107.042,107.096,106.892,106.892,2514.41183,269080.033428633
1788359940000,2026-09-02T14:39:00Z,106.886,106.896,106.8,106.867,2852.30482,304816.118277012
1788360000000,2026-09-02T14:40:00Z,106.872,107.01,106.872,106.99,1833.7655,196090.59634115
1788360060000,2026-09-02T14:41:00Z,106.996,107.024,106.92,106.92,2997.176518,320597.482012647
1788360120000,2026-09-02T14:42:00Z,106.84,106.92,106.825,106.825,1466.19046,156690.60150783
1788360180000,2026-09-02T14:43:00Z,106.965,107.035,106.869,106.965,9869.1054,1055306.40115362
1788360240000,2026-09-02T14:44:00Z,106.932,107.046,106.88,107.046,814.93685,87134.759369385
1788360300000,2026-09-02T14:45:00Z,106.9,107.05,106.886,106.89,2553.45882,273108.25224368
1788360360000,2026-09-02T14:46:00Z,106.885,106.991,106.885,106.975,3183.01562,340261.823365504
1788360420000,2026-09-02T14:47:00Z,106.963,106.98,106.894,106.98,2493.81883,266687.240007019
1788360480000,2026-09-02T14:48:00Z,106.78,106.98,106.78,106.815,4505.56092,481514.7021935
1788360540000,2026-09-02T14:49:00Z,106.77,106.84,106.645,106.645,8138.95529,869187.52176262
1788360600000,2026-09-02T14:50:00Z,106.57,106.803,106.56,106.56,5616,598949.208
1788360660000,2026-09-02T14:51:00Z,106.58,106.633,106.574,106.58,3105.360509,330999.75558221
1788360720000,2026-09-02T14:52:00Z,106.634,106.773,106.634,106.688,4478.88474,477973.14279858
1788360780000,2026-09-02T14:53:00Z,106.655,106.741,106.655,106.655,2166.98323,231257.6332274
1788360840000,2026-09-02T14:54:00Z,106.585,106.665,106.559,106.565,2509.231793,267483.85821062
1788360900000,2026-09-02T14:55:00Z,106.75,106.822,106.557,106.75,4090.45174,436202.50119221
1788360960000,2026-09-02T14:56:00Z,106.79,106.8,106.721,106.79,1589.010384,169648.62793426
1788361020000,2026-09-02T14:57:00Z,106.8,106.808,106.699,106.724,1989.04956,212352.323360292
1788361080000,2026-09-02T14:58:00Z,106.745,106.777,106.623,106.623,2325.407,248115.3459232
1788361140000,2026-09-02T14:59:00Z,106.655,106.658,106.57,106.574,8743.7472,932226.84897408
1788361200000,2026-09-02T15:00:00Z,106.572,106.592,106.484,106.534,3225.30998,343689.353999798
1788361260000,2026-09-02T15:01:00Z,106.46,106.535,106.447,106.46,2827.51849,301050.98316358
1788361320000,2026-09-02T15:02:00Z,106.459,106.528,106.444,106.444,4575.301,487215.1104181
1788361380000,2026-09-02T15:03:00Z,106.45,106.473,106.371,106.445,4224.6848,449705.0229056
1788361440000,2026-09-02T15:04:00Z,106.485,106.508,106.445,106.485,2088.40347,222370.48656109
1788361500000,2026-09-02T15:05:00Z,106.34,106.482,106.311,106.34,3833.81187,408053.2999082
1788361560000,2026-09-02T15:06:00Z,106.3,106.387,106.141,106.29,7528.11217,800315.11041513
1788361620000,2026-09-02T15:07:00Z,106.29,106.29,106.14,106.29,1314,139563.882
1788361680000,2026-09-02T15:08:00Z,106.225,106.332,106.18,106.225,8406.75987,892815.55238973
1788361740000,2026-09-02T15:09:00Z,106.333,106.34,106.259,106.27,8444.22833,897452.5869124
1788361800000,2026-09-02T15:10:00Z,106.34,106.435,106.247,106.34,1081.38875,114958.86942963
1788361860000,2026-09-02T15:11:00Z,106.415,106.415,106.25,106.25,1351.476641,143767.78755929
1788361920000,2026-09-02T15:12:00Z,106.24,106.249,106.24,106.24,2827,300355.4631
1788361980000,2026-09-02T15:13:00Z,106.34,106.34,106.171,106.23,12069.951486,1282172.84143055
1788362040000,2026-09-02T15:14:00Z,106.171,106.295,106.121,106.121,1105.157836,117358.14731003
1788362100000,2026-09-02T15:15:00Z,106.12,106.169,106.114,106.15,939.84617,99759.59577618
1788362160000,2026-09-02T15:16:00Z,106.3,106.3,106.15,106.19,5754,611128.3122
1788362220000,2026-09-02T15:17:00Z,106.03,106.245,106.03,106.03,2602.612958,276455.53440856
1788362280000,2026-09-02T15:18:00Z,106.167,106.167,106.075,106.125,1383.02428,146737.07817644
1788362340000,2026-09-02T15:19:00Z,106.127,106.14,106.092,106.124,1779.604689,188863.03906669
1788362400000,2026-09-02T15:20:00Z,106.124,106.144,106.065,106.065,2150.887304,228253.88141032
1788362460000,2026-09-02T15:21:00Z,106.155,106.156,106.049,106.155,4081,432997.7729
1788362520000,2026-09-02T15:22:00Z,106.152,106.164,106.15,106.164,4098,435015.8136
1788362580000,2026-09-02T15:23:00Z,106.16,106.168,106.063,106.16,2408.51746,255612.34525361
1788362640000,2026-09-02T15:24:00Z,106.1,106.21,106.08,106.21,11878.04703,1260206.15086666
1788362700000,2026-09-02T15:25:00Z,106.098,106.194,106.096,106.194,10893.48767,1156321.92919516
1788362760000,2026-09-02T15:26:00Z,106.209,106.3,106.209,106.3,2761.66169,293485.93028884
1788362820000,2026-09-02T15:27:00Z,106.32,106.32,106.285,106.32,6609,702573.0495
1788362880000,2026-09-02T15:28:00Z,106.38,106.398,106.313,106.38,5071.1524,539256.2039112
1788362940000,2026-09-02T15:29:00Z,106.365,106.399,106.333,106.347,1639.03605,174332.13577173
1788363000000,2026-09-02T15:30:00Z,106.32,106.44,106.32,106.32,4063,432308.4819
1788363060000,2026-09-02T15:31:00Z,106.49,106.49,106.355,106.49,2995.87332,318706.09676624
1788363120000,2026-09-02T15:32:00Z,106.401,106.645,106.401,106.645,3223.14724,343020.86649921
1788363180000,2026-09-02T15:33:00Z,106.647,106.685,106.647,106.679,1343.870457,143339.64191044
1788363240000,2026-09-02T15:34:00Z,106.678,106.803,106.677,106.802,1905.60963,203465.94197532
1788363300000,2026-09-02T15:35:00Z,106.801,106.825,106.764,106.801,2429.01076,259416.16305832
1788363360000,2026-09-02T15:36:00Z,106.875,106.944,106.788,106.875,4832.62464,516434.56605389
1788363420000,2026-09-02T15:37:00Z,106.815,106.815,106.71,106.71,2906.53931,310396.59926318
1788363480000,2026-09-02T15:38:00Z,106.724,106.783,106.667,106.689,1172.29731,125063.60777408
1788363540000,2026-09-02T15:39:00Z,106.694,106.704,106.694,106.7,1538.0545,164110.41515
1788363600000,2026-09-02T15:40:00Z,106.7,106.953,106.696,106.953,14154.9109,1510783.36566989
1788363660000,2026-09-02T15:41:00Z,107,107,106.911,107,4223.76306,451753.00045861
1788363720000,2026-09-02T15:42:00Z,106.961,106.979,106.904,106.924,0,0
1788363780000,2026-09-02T15:43:00Z,106.925,106.931,106.915,106.931,0,0
1788363840000,2026-09-02T15:44:00Z,106.932,106.99,106.932,106.943,100,10699
1788363900000,2026-09-02T15:45:00Z,106.89,106.938,106.802,106.89,3825.036354,408890.64868807
1788363960000,2026-09-02T15:46:00Z,106.8,106.882,106.789,106.882,269.40493,28780.04374303
1788364020000,2026-09-02T15:47:00Z,106.883,106.905,106.873,106.885,404.35633,43223.30597465
1788364080000,2026-09-02T15:48:00Z,106.85,106.9,106.85,106.85,1868.94499,199758.82115517
1788364140000,2026-09-02T15:49:00Z,106.76,106.904,106.59,106.59,10518.4276,1122477.15686228
1788364200000,2026-09-02T15:50:00Z,106.625,106.75,106.625,106.655,6249.21,666600.106095
1788364260000,2026-09-02T15:51:00Z,106.655,106.74,106.655,106.74,1754.596,187211.3576292
1788364320000,2026-09-02T15:52:00Z,106.742,106.746,106.663,106.677,916.006,97734.3593772
1788364380000,2026-09-02T15:53:00Z,106.682,106.705,106.668,106.668,846,90265.4928
1788364440000,2026-09-02T15:54:00Z,106.635,106.686,106.586,106.67,4326,461229.0354
1788364500000,2026-09-02T15:55:00Z,106.69,106.692,106.629,106.64,1354.39897,144490.53267713
1788364560000,2026-09-02T15:56:00Z,106.65,106.695,106.596,106.606,2740.879,292272.2617255
1788364620000,2026-09-02T15:57:00Z,106.625,106.625,106.59,106.59,7564,806256.5932
1788364680000,2026-09-02T15:58:00Z,106.627,106.63,106.602,106.602,2324.59,247840.81203
1788364740000,2026-09-02T15:59:00Z,106.65,106.744,106.595,106.66,38211,4075260.4665
1788364800000,2026-09-02T16:00:00Z,106.74,106.74,106.662,106.74,5819,620848.8946
1788364860000,2026-09-02T16:01:00Z,106.659,106.659,106.544,106.547,3718.6096,396329.03930704
1788364920000,2026-09-02T16:02:00Z,106.485,106.545,106.453,106.485,3045,324218.5065
1788364980000,2026-09-02T16:03:00Z,106.547,106.573,106.547,106.573,910,96964.231
1788365040000,2026-09-02T16:04:00Z,106.575,106.578,106.566,106.575,5322.134671,567205.97034836
1788365100000,2026-09-02T16:05:00Z,106.581,106.717,106.581,106.694,1745.57179,186153.01240097
1788365160000,2026-09-02T16:06:00Z,106.694,106.723,106.677,106.723,1242.046,132532.1458162
1788365220000,2026-09-02T16:07:00Z,106.724,106.793,106.724,106.762,1091.4996,116541.70444116
1788365280000,2026-09-02T16:08:00Z,106.76,106.765,106.716,106.76,1627.7963,173755.20933238
1788365340000,2026-09-02T16:09:00Z,106.74,106.818,106.74,106.743,961,102616.541
1788365400000,2026-09-02T16:10:00Z,106.67,106.75,106.659,106.67,5314.1398,567162.72984858
1788365460000,2026-09-02T16:11:00Z,106.667,106.694,106.645,106.657,5136.046891,547776.86348458
1788365520000,2026-09-02T16:12:00Z,106.6,106.655,106.56,106.6,4315.28055,460063.27916493
1788365580000,2026-09-02T16:13:00Z,106.588,106.618,106.588,106.611,1335,142321.413
1788365640000,2026-09-02T16:14:00Z,106.625,106.642,106.612,106.625,2438.02812,259947.67801345
1788365700000,2026-09-02T16:15:00Z,106.62,106.641,106.611,106.641,1071.30576,114223.69143696
1788365760000,2026-09-02T16:16:00Z,106.643,106.664,106.631,106.631,1633.286,174172.6390684
1788365820000,2026-09-02T16:17:00Z,106.57,106.628,106.52,106.52,13024.0005,1388353.2436998
1788365880000,2026-09-02T16:18:00Z,106.48,106.556,106.48,106.48,2966.3,315878.91396
1788365940000,2026-09-02T16:19:00Z,106.55,106.597,106.538,106.55,2582,275167.613
1788366000000,2026-09-02T16:20:00Z,106.64,106.649,106.581,106.64,1448.83998,154457.35305185
1788366060000,2026-09-02T16:21:00Z,106.649,106.65,106.592,106.592,2961.0598,315770.67423778
1788366120000,2026-09-02T16:22:00Z,106.59,106.59,106.522,106.522,2192,233539.4064
1788366180000,2026-09-02T16:23:00Z,106.521,106.573,106.516,106.54,1094.029931,116549.3060122851
1788366240000,2026-09-02T16:24:00Z,106.54,106.575,106.54,106.556,934.1,99536.20144
1788366300000,2026-09-02T16:25:00Z,106.554,106.555,106.528,106.528,3621,385818.2742
1788366360000,2026-09-02T16:26:00Z,106.41,106.527,106.41,106.41,4630,492948.692
1788366420000,2026-09-02T16:27:00Z,106.33,106.416,106.266,106.29,6841,727478.781
1788366480000,2026-09-02T16:28:00Z,106.312,106.32,106.252,106.265,1352,143709.6232
1788366540000,2026-09-02T16:29:00Z,106.275,106.275,106.18,106.18,3338.929089,354692.43376702
1788366600000,2026-09-02T16:30:00Z,106.25,106.286,106.185,106.25,3495.325289,371251.78118079
1788366660000,2026-09-02T16:31:00Z,106.25,106.295,106.226,106.24,5895,626385.015
1788366720000,2026-09-02T16:32:00Z,106.245,106.314,106.192,106.192,4136,439459.0992
1788366780000,2026-09-02T16:33:00Z,106.06,106.186,105.979,106.02,3974,421702.997
1788366840000,2026-09-02T16:34:00Z,105.87,105.99,105.861,105.91,5934,628465.1928
1788366900000,2026-09-02T16:35:00Z,105.9,105.967,105.892,105.962,2190.26004,231984.02044865
1788366960000,2026-09-02T16:36:00Z,105.959,105.959,105.772,105.772,3891,411968.9634
1788367020000,2026-09-02T16:37:00Z,105.59,105.769,105.59,105.63,5354,565801.6182
1788367080000,2026-09-02T16:38:00Z,105.69,105.703,105.505,105.549,4235,447287.5715
1788367140000,2026-09-02T16:39:00Z,105.59,105.61,105.525,105.59,6144.018,648748.0894236
1788367200000,2026-09-02T16:40:00Z,105.588,105.662,105.588,105.65,1190.09465,125725.764157275
1788367260000,2026-09-02T16:41:00Z,105.6,105.661,105.524,105.6,4621,487988.2283
1788367320000,2026-09-02T16:42:00Z,105.523,105.54,105.431,105.431,1616.617546,170536.6616040308
1788367380000,2026-09-02T16:43:00Z,105.436,105.542,105.436,105.498,2398.022399,252953.2345383559
1788367440000,2026-09-02T16:44:00Z,105.499,105.5,105.418,105.418,2476.735814,261178.478773
1788367500000,2026-09-02T16:45:00Z,105.417,105.466,105.415,105.453,1688.73678,178050.949157232
1788367560000,2026-09-02T16:46:00Z,105.45,105.46,105.255,105.265,6967.088286,734335.2855973716
1788367620000,2026-09-02T16:47:00Z,105.259,105.259,105.186,105.188,2525.41055,265708.5456077
1788367680000,2026-09-02T16:48:00Z,105.184,105.19,105.11,105.11,6101.037711,641623.5622263393
1788367740000,2026-09-02T16:49:00Z,105.107,105.144,105.085,105.102,4933.434779,518505.4753033337
1788367800000,2026-09-02T16:50:00Z,105.101,105.129,105.101,105.125,2175,228635.13
1788367860000,2026-09-02T16:51:00Z,105.125,105.125,105.066,105.1,1499,157538.4543
1788367920000,2026-09-02T16:52:00Z,105.105,105.144,105.066,105.105,3941.009512,414161.47781798
1788367980000,2026-09-02T16:53:00Z,105.11,105.125,105.068,105.125,3363.025,353454.9364075
1788368040000,2026-09-02T16:54:00Z,105.16,105.274,105.111,105.16,3619,380728.2094
1788368100000,2026-09-02T16:55:00Z,105.149,105.199,105.149,105.157,2703.732164,284392.06767034
1788368160000,2026-09-02T16:56:00Z,105.155,105.249,105.14,105.249,3031,318840.8923
1788368220000,2026-09-02T16:57:00Z,105.3,105.3,105.249,105.3,2570.142531,270524.2073142
1788368280000,2026-09-02T16:58:00Z,105.251,105.286,105.24,105.254,2340.111858,246319.7061507084
1788368340000,2026-09-02T16:59:00Z,105.24,105.298,105.24,105.24,2774.028481,291998.95375848
1788368400000,2026-09-02T17:00:00Z,105.298,105.334,105.279,105.333,2868.4,302052.84624
1788368460000,2026-09-02T17:01:00Z,105.331,105.373,105.32,105.349,2626.1524,276640.2068922
1788368520000,2026-09-02T17:02:00Z,105.353,105.518,105.353,105.518,4575,482351.8575
1788368580000,2026-09-02T17:03:00Z,105.521,105.584,105.521,105.536,3031.783647,319992.93998463
1788368640000,2026-09-02T17:04:00Z,105.55,105.618,105.535,105.55,4825,509452.45
1788368700000,2026-09-02T17:05:00Z,105.585,105.6,105.585,105.585,4467,471687.0579
1788368760000,2026-09-02T17:06:00Z,105.43,105.592,105.42,105.42,6703.03917,707187.39003293
1788368820000,2026-09-02T17:07:00Z,105.36,105.463,105.36,105.36,3812,401945.2852
1788368880000,2026-09-02T17:08:00Z,105.382,105.39,105.292,105.292,3411.66008,359390.072649336
1788368940000,2026-09-02T17:09:00Z,105.283,105.314,105.246,105.248,1770,186348.078
1788369000000,2026-09-02T17:10:00Z,105.31,105.31,105.227,105.31,1358,142954.7588
1788369060000,2026-09-02T17:11:00Z,105.294,105.315,105.287,105.315,1581,166489.2603
1788369120000,2026-09-02T17:12:00Z,105.33,105.369,105.302,105.325,10291.638,1083929.7224532
1788369180000,2026-09-02T17:13:00Z,105.369,105.37,105.336,105.336,2277.90085,239977.76570784
1788369240000,2026-09-02T17:14:00Z,105.335,105.385,105.321,105.385,3529.018,371747.4619236
1788369300000,2026-09-02T17:15:00Z,105.42,105.5,105.38,105.39,11998.968309,1264595.26802213
1788369360000,2026-09-02T17:16:00Z,105.438,105.441,105.362,105.389,2713.085364,285967.8792387648
1788369420000,2026-09-02T17:17:00Z,105.39,105.406,105.339,105.35,7385.28938,778318.661592626
1788369480000,2026-09-02T17:18:00Z,105.353,105.364,105.279,105.279,2083,219413.2216
1788369540000,2026-09-02T17:19:00Z,105.27,105.309,105.247,105.27,2538,267177.0366
1788369600000,2026-09-02T17:20:00Z,105.27,105.344,105.02,105.02,75548.542639,7952949.75448195
1788369660000,2026-09-02T17:21:00Z,105.128,105.144,105.079,105.105,7888,829087.96
1788369720000,2026-09-02T17:22:00Z,104.97,105.11,104.676,104.705,16905.120628,1772077.57931804
1788369780000,2026-09-02T17:23:00Z,104.825,104.844,104.704,104.825,7694.2499,806102.70984831
1788369840000,2026-09-02T17:24:00Z,104.94,104.94,104.85,104.85,11260,1181196.52
1788369900000,2026-09-02T17:25:00Z,104.69,104.869,104.35,104.58,19560.285785,2046146.72716865
1788369960000,2026-09-02T17:26:00Z,104.57,104.67,104.548,104.67,5385.5,563356.6901
1788370020000,2026-09-02T17:27:00Z,104.56,104.636,104.56,104.56,3305.450758,345683.37918149
1788370080000,2026-09-02T17:28:00Z,104.68,104.68,104.576,104.67,3074.019,321608.4788085
1788370140000,2026-09-02T17:29:00Z,104.76,104.81,104.657,104.81,7668.028617,802538.17546381
1788370200000,2026-09-02T17:30:00Z,104.665,104.706,104.623,104.623,6250,654205
1788370260000,2026-09-02T17:31:00Z,104.59,104.622,104.54,104.595,6982.529,730165.1522887
1788370320000,2026-09-02T17:32:00Z,104.613,104.676,104.613,104.662,1646.075633,172247.1649203163
1788370380000,2026-09-02T17:33:00Z,104.71,104.77,104.632,104.77,3422,358106.8248
1788370440000,2026-09-02T17:34:00Z,104.74,104.74,104.663,104.74,4266,446695.4196
1788370500000,2026-09-02T17:35:00Z,104.704,104.704,104.626,104.626,4003.047551,418988.5792395374
1788370560000,2026-09-02T17:36:00Z,104.6,104.76,104.6,104.76,7721.595465,807966.1289903
1788370620000,2026-09-02T17:37:00Z,104.8,104.8,104.705,104.8,4203.019093,440177.56628889
1788370680000,2026-09-02T17:38:00Z,104.83,104.83,104.757,104.83,4893.8556,512779.16853912
1788370740000,2026-09-02T17:39:00Z,104.791,104.865,104.791,104.83,4600.0095,482241.0759306
1788370800000,2026-09-02T17:40:00Z,104.69,104.83,104.69,104.745,9926,1040317.2598
1788370860000,2026-09-02T17:41:00Z,104.787,104.787,104.69,104.729,11823.696158,1238197.5619492286
1788370920000,2026-09-02T17:42:00Z,104.735,104.8,104.735,104.783,8189.521809,857863.0558711017
1788370980000,2026-09-02T17:43:00Z,104.81,104.84,104.763,104.84,3710.019,388684.9635597
1788371040000,2026-09-02T17:44:00Z,104.79,104.845,104.79,104.809,6594.884395,691207.8549746315
1788371100000,2026-09-02T17:45:00Z,104.809,104.902,104.8,104.894,5373.090944,563358.9139147008
1788371160000,2026-09-02T17:46:00Z,104.893,104.99,104.873,104.99,10065.128542,1055827.9580043832
1788371220000,2026-09-02T17:47:00Z,104.98,104.98,104.869,104.915,3826.019055,401489.81376882
1788371280000,2026-09-02T17:48:00Z,104.93,104.93,104.863,104.93,1765.4,185183.22186
1788371340000,2026-09-02T17:49:00Z,104.93,104.95,104.9,104.95,5494,576321.1494
1788371400000,2026-09-02T17:50:00Z,105,105.029,104.902,105,7568,794351.6592
1788371460000,2026-09-02T17:51:00Z,105.04,105.04,104.957,105.04,3033.3,318494.68002
1788371520000,2026-09-02T17:52:00Z,104.989,105.002,104.904,104.904,1559,163630.1456
1788371580000,2026-09-02T17:53:00Z,104.903,104.921,104.9,104.911,1865,195660.6935
1788371640000,2026-09-02T17:54:00Z,104.87,104.964,104.87,104.915,5818.274,610390.4707208
1788371700000,2026-09-02T17:55:00Z,104.91,104.98,104.91,104.94,5398.209,566442.1676835
1788371760000,2026-09-02T17:56:00Z,104.895,104.946,104.895,104.895,3681,386236.6551
1788371820000,2026-09-02T17:57:00Z,104.91,104.927,104.909,104.92,3596.043126,377288.9334850428
1788371880000,2026-09-02T17:58:00Z,104.88,104.923,104.88,104.88,3266.010482,342657.73553266
1788371940000,2026-09-02T17:59:00Z,104.85,104.906,104.85,104.85,2684.117871,281541.41807778
1788372000000,2026-09-02T18:00:00Z,104.885,104.885,104.771,104.83,9819,1029547.6794
1788372060000,2026-09-02T18:01:00Z,104.755,104.78,104.741,104.75,10380.019,1087344.3583184
1788372120000,2026-09-02T18:02:00Z,104.81,104.81,104.761,104.81,2802.057606,293587.54710897
1788372180000,2026-09-02T18:03:00Z,104.81,104.853,104.81,104.826,5060.6,530558.3646
1788372240000,2026-09-02T18:04:00Z,104.88,104.88,104.826,104.88,4170,437201.148
1788372300000,2026-09-02T18:05:00Z,104.895,104.938,104.865,104.895,4452.453782,467025.44636541
1788372360000,2026-09-02T18:06:00Z,104.93,105.004,104.926,104.93,3838.16647,402783.7142448
1788372420000,2026-09-02T18:07:00Z,104.89,105.023,104.89,104.89,6255.019,656616.2410117
1788372480000,2026-09-02T18:08:00Z,104.87,104.931,104.83,104.89,14849.133215,1557396.39546238
1788372540000,2026-09-02T18:09:00Z,104.921,104.925,104.895,104.922,2501.79312,262479.37787448
1788372600000,2026-09-02T18:10:00Z,104.921,104.938,104.92,104.929,6438.02,675514.398916
1788372660000,2026-09-02T18:11:00Z,104.929,105.029,104.916,105.028,22940.210242,2407469.5399307868
1788372720000,2026-09-02T18:12:00Z,105.06,105.076,104.841,104.88,20391,2141485.2501
1788372780000,2026-09-02T18:13:00Z,105.03,105.173,104.905,105.04,8516,895051.1868
1788372840000,2026-09-02T18:14:00Z,105.129,105.13,105.101,105.13,1796,188799.8304
1788372900000,2026-09-02T18:15:00Z,105.13,105.13,105.066,105.072,3543,372367.1742
1788372960000,2026-09-02T18:16:00Z,105.074,105.085,105.032,105.044,3069.103961,322458.476766426
1788373020000,2026-09-02T18:17:00Z,105.047,105.059,104.943,104.97,2379.5202,249921.48251004
1788373080000,2026-09-02T18:18:00Z,104.995,105.174,104.941,105.035,13605.14274,1428813.45106907
1788373140000,2026-09-02T18:19:00Z,105.2,105.21,105.173,105.21,4957.27293,521490.24041721
1788373200000,2026-09-02T18:20:00Z,105.195,105.249,105.167,105.24,4341.03,456752.758128
1788373260000,2026-09-02T18:21:00Z,105.28,105.3,105.219,105.3,1980.149,208434.2460231
1788373320000,2026-09-02T18:22:00Z,105.31,105.31,105.276,105.31,2530,266375.351
1788373380000,2026-09-02T18:23:00Z,105.315,105.39,105.295,105.39,20236.5,2131269.73065
1788373440000,2026-09-02T18:24:00Z,105.367,105.395,105.367,105.37,6539,689156.9802
1788373500000,2026-09-02T18:25:00Z,105.368,105.399,105.348,105.399,1514.502,159595.4946564
1788373560000,2026-09-02T18:26:00Z,105.401,105.432,105.343,105.343,3727,392809.0285
1788373620000,2026-09-02T18:27:00Z,105.26,105.38,105.26,105.38,11167,1175911.9008
1788373680000,2026-09-02T18:28:00Z,105.349,105.385,105.349,105.369,1723,181536.8307
1788373740000,2026-09-02T18:29:00Z,105.36,105.389,105.332,105.389,4740,499394.076
1788373800000,2026-09-02T18:30:00Z,105.4,105.408,105.388,105.405,7909.0609,833629.25516962
1788373860000,2026-09-02T18:31:00Z,105.38,105.469,105.371,105.38,7654.018,806957.7599274
1788373920000,2026-09-02T18:32:00Z,105.369,105.375,105.32,105.32,5793.59722,610380.958954768
1788373980000,2026-09-02T18:33:00Z,105.32,105.32,105.302,105.308,4809.481298,506491.284973678
1788374040000,2026-09-02T18:34:00Z,105.308,105.311,105.26,105.26,4748,499955.8536
1788374100000,2026-09-02T18:35:00Z,105.257,105.257,105.214,105.232,1909,200905.8326
1788374160000,2026-09-02T18:36:00Z,105.232,105.232,105.132,105.169,2265.25,238212.104325
1788374220000,2026-09-02T18:37:00Z,105.15,105.177,105.11,105.11,1891,198849.996
1788374280000,2026-09-02T18:38:00Z,105.14,105.14,105.12,105.14,3061,321775.9932
1788374340000,2026-09-02T18:39:00Z,105.12,105.168,105.09,105.09,4433.0019,466102.22187303
1788374400000,2026-09-02T18:40:00Z,105.089,105.09,105.051,105.09,3385,355673.1205
1788374460000,2026-09-02T18:41:00Z,105.092,105.113,105.069,105.069,2030.196746,213370.632709481
1788374520000,2026-09-02T18:42:00Z,105.068,105.1,105.065,105.096,3693.39259,388085.81176906
1788374580000,2026-09-02T18:43:00Z,105.1,105.16,105.1,105.145,3158,331998.6452
1788374640000,2026-09-02T18:44:00Z,105.145,105.145,105.12,105.135,1268,133312.3212
1788374700000,2026-09-02T18:45:00Z,105.135,105.251,105.135,105.251,8455.555698,889201.4572019364
1788374760000,2026-09-02T18:46:00Z,105.252,105.26,105.232,105.245,3293.362697,346581.9634628405
1788374820000,2026-09-02T18:47:00Z,105.245,105.34,105.245,105.34,3051,321229.1115
1788374880000,2026-09-02T18:48:00Z,105.34,105.349,105.296,105.347,4161,438257.7411
1788374940000,2026-09-02T18:49:00Z,105.347,105.349,105.303,105.303,6719,707729.0675
1788375000000,2026-09-02T18:50:00Z,105.302,105.302,105.25,105.281,2844,299441.0628
1788375060000,2026-09-02T18:51:00Z,105.28,105.354,105.271,105.339,4207,443014.3487
1788375120000,2026-09-02T18:52:00Z,105.337,105.337,105.298,105.3,1794,188936.7246
1788375180000,2026-09-02T18:53:00Z,105.299,105.357,105.298,105.335,2580.056669,271756.5949287693
1788375240000,2026-09-02T18:54:00Z,105.335,105.401,105.333,105.4,6434.044,677860.6358332
1788375300000,2026-09-02T18:55:00Z,105.399,105.538,105.398,105.523,6914.10952,728946.961173128
1788375360000,2026-09-02T18:56:00Z,105.522,105.567,105.522,105.565,6265.984,661316.9641472
1788375420000,2026-09-02T18:57:00Z,105.565,105.64,105.559,105.618,3116.324889,329059.9125767547
1788375480000,2026-09-02T18:58:00Z,105.61,105.61,105.546,105.546,3574,377302.5338
1788375540000,2026-09-02T18:59:00Z,105.55,105.574,105.549,105.55,5607,591870.4344
1788375600000,2026-09-02T19:00:00Z,105.64,105.64,105.576,105.62,4974.435,525383.4090645
1788375660000,2026-09-02T19:01:00Z,105.606,105.62,105.601,105.62,3115,329001.939
1788375720000,2026-09-02T19:02:00Z,105.58,105.666,105.58,105.58,7521,794489.1081
1788375780000,2026-09-02T19:03:00Z,105.594,105.604,105.59,105.59,1602,169163.0298
1788375840000,2026-09-02T19:04:00Z,105.588,105.588,105.55,105.555,3673,387704.9842
1788375900000,2026-09-02T19:05:00Z,105.55,105.64,105.55,105.55,4603.29436,486058.62916635
1788375960000,2026-09-02T19:06:00Z,105.652,105.748,105.652,105.73,3490.037,368995.3299434
1788376020000,2026-09-02T19:07:00Z,105.71,105.73,105.68,105.68,5050.2369,533938.31634726
1788376080000,2026-09-02T19:08:00Z,105.705,105.709,105.685,105.697,5334.318764,563779.8827121488
1788376140000,2026-09-02T19:09:00Z,105.698,105.733,105.695,105.733,4481.357265,473722.483940244
1788376200000,2026-09-02T19:10:00Z,105.734,105.836,105.734,105.836,3503.40325,370639.74411115
1788376260000,2026-09-02T19:11:00Z,105.825,105.845,105.814,105.82,2830.668081,299587.43622114
1788376320000,2026-09-02T19:12:00Z,105.821,105.834,105.79,105.834,7123,753700.3006
1788376380000,2026-09-02T19:13:00Z,105.835,105.847,105.833,105.833,2129,225334.8503
1788376440000,2026-09-02T19:14:00Z,105.74,105.834,105.74,105.74,8188.87635,866483.84100911
1788376500000,2026-09-02T19:15:00Z,105.805,105.805,105.777,105.777,788.05,83370.9617
1788376560000,2026-09-02T19:16:00Z,105.776,105.786,105.715,105.715,3421.919674,361864.9257977934
1788376620000,2026-09-02T19:17:00Z,105.66,105.737,105.66,105.66,5717,604379.5154
1788376680000,2026-09-02T19:18:00Z,105.67,105.7,105.664,105.676,3316.852024,350513.6445994384
1788376740000,2026-09-02T19:19:00Z,105.677,105.679,105.67,105.675,4387.32,463620.827628
1788376800000,2026-09-02T19:20:00Z,105.695,105.697,105.676,105.695,2774.205,293185.752174
1788376860000,2026-09-02T19:21:00Z,105.81,105.81,105.68,105.81,5156.447896,545212.37748045
1788376920000,2026-09-02T19:22:00Z,105.801,105.84,105.801,105.84,4501.36689,476362.552774518
1788376980000,2026-09-02T19:23:00Z,105.86,105.879,105.837,105.86,5705.002,603881.8782026
1788377040000,2026-09-02T19:24:00Z,105.874,105.955,105.874,105.909,2989.4413,316615.61435669
1788377100000,2026-09-02T19:25:00Z,105.94,105.99,105.908,105.99,7568.75561,801812.77680769
1788377160000,2026-09-02T19:26:00Z,105.959,105.963,105.944,105.963,4076.08427,431871.726225602
1788377220000,2026-09-02T19:27:00Z,105.979,106.05,105.979,106.043,5512.1,584310.1605
1788377280000,2026-09-02T19:28:00Z,106.11,106.144,106.045,106.11,8751.954815,928349.60387342
1788377340000,2026-09-02T19:29:00Z,106.16,106.16,106.09,106.11,4659.4489,494572.5440416
1788377400000,2026-09-02T19:30:00Z,106.102,106.109,106.08,106.088,4459.188,473096.2131036
1788377460000,2026-09-02T19:31:00Z,106.085,106.107,106.021,106.107,11023.707,1169037.6704532
1788377520000,2026-09-02T19:32:00Z,106.106,106.12,106.095,106.12,4547,482454.4333
1788377580000,2026-09-02T19:33:00Z,106.15,106.264,106.12,106.255,8557.3,908746.75215
1788377640000,2026-09-02T19:34:00Z,106.21,106.264,106.21,106.21,5002.72438,531521.95583967
1788377700000,2026-09-02T19:35:00Z,106.275,106.276,106.155,106.155,10420,1107105.202
1788377760000,2026-09-02T19:36:00Z,106.151,106.23,106.126,106.23,2561.982,271980.5215164
1788377820000,2026-09-02T19:37:00Z,106.28,106.293,106.23,106.28,5910,628001.919
1788377880000,2026-09-02T19:38:00Z,106.278,106.3,106.278,106.294,2268.0172,241079.34187744
1788377940000,2026-09-02T19:39:00Z,106.27,106.293,106.218,106.27,11528.317432,1224960.96687679
1788378000000,2026-09-02T19:40:00Z,106.241,106.241,106.234,106.237,1514,160845.846
1788378060000,2026-09-02T19:41:00Z,106.15,106.237,106.15,106.15,10221.903,1085359.6161594
1788378120000,2026-09-02T19:42:00Z,106.115,106.156,106.011,106.085,8925,946932.6825
1788378180000,2026-09-02T19:43:00Z,106.06,106.06,105.81,105.81,47596,5046027.9684
1788378240000,2026-09-02T19:44:00Z,105.973,106.037,105.936,105.94,7134.8841,756026.5890042
1788378300000,2026-09-02T19:45:00Z,105.985,106.008,105.937,105.985,7866,833536.422
1788378360000,2026-09-02T19:46:00Z,105.935,106.009,105.901,105.935,7064.018,748439.771118
1788378420000,2026-09-02T19:47:00Z,105.97,106.019,105.941,105.97,5815.188712,616407.09587764
1788378480000,2026-09-02T19:48:00Z,105.99,106,105.87,105.87,12165,1288746.7185
1788378540000,2026-09-02T19:49:00Z,105.85,105.961,105.85,105.85,7260,768873.93
1788378600000,2026-09-02T19:50:00Z,105.9,105.965,105.868,105.89,23548.153103,2494432.310047687
1788378660000,2026-09-02T19:51:00Z,105.87,105.95,105.865,105.95,15258,1615652.8362
1788378720000,2026-09-02T19:52:00Z,105.98,105.98,105.865,105.88,19570,2072791.776
1788378780000,2026-09-02T19:53:00Z,105.8,105.9,105.8,105.85,18598.484427,1968893.21674394
1788378840000,2026-09-02T19:54:00Z,105.851,105.851,105.802,105.82,17135.206964,1813391.5366689776
1788378900000,2026-09-02T19:55:00Z,105.69,105.811,105.65,105.73,34740.278934,3673721.96476842
1788378960000,2026-09-02T19:56:00Z,105.83,105.845,105.795,105.845,34435,3643818.7255
1788379020000,2026-09-02T19:57:00Z,105.79,105.867,105.77,105.84,40268.835,4261171.6089135
1788379080000,2026-09-02T19:58:00Z,105.93,106.02,105.871,105.96,51000.5718,5403770.68512618
1788379140000,2026-09-02T19:59:00Z,105.966,106.007,105.96,105.979,60201.009435,6380548.467391119
1788379200000,2026-09-02T20:00:00Z,105.979,105.98,105.979,105.98,468381.549195,49638655.0402918245
1788379260000,2026-09-02T20:01:00Z,105.98,105.98,105.98,105.98,234,24799.32
1788379320000,2026-09-02T20:02:00Z,105.98,105.98,105.98,105.98,20,2119.6
1788379440000,2026-09-02T20:04:00Z,105.98,105.98,105.98,105.98,10.45471,1107.9901658
1788379500000,2026-09-02T20:05:00Z,105.98,105.98,105.98,105.98,5,529.9
1788379560000,2026-09-02T20:06:00Z,105.98,105.98,105.98,105.98,3876,410778.48
1788379680000,2026-09-02T20:08:00Z,105.98,105.98,105.98,105.98,2124,225101.52
1788379800000,2026-09-02T20:10:00Z,105.98,105.98,105.98,105.98,6.766512,717.11494176
1788379920000,2026-09-02T20:12:00Z,105.98,105.98,105.98,105.98,72,7630.56
1788380100000,2026-09-02T20:15:00Z,105.98,105.98,105.98,105.98,1.9346,205.028908
1788380160000,2026-09-02T20:16:00Z,105.98,105.98,105.98,105.98,6,635.88
1788380220000,2026-09-02T20:17:00Z,105.98,105.98,105.98,105.98,7,741.86
1788380280000,2026-09-02T20:18:00Z,105.98,105.98,105.98,105.98,11,1165.78
1788380400000,2026-09-02T20:20:00Z,105.98,105.98,105.98,105.98,262,27766.76
1788380460000,2026-09-02T20:21:00Z,105.98,105.98,105.98,105.98,29,3073.42
1788380880000,2026-09-02T20:28:00Z,105.98,105.98,105.98,105.98,0.97,102.8006
1788381060000,2026-09-02T20:31:00Z,105.98,105.98,105.98,105.98,50,5299
1788381180000,2026-09-02T20:33:00Z,105.98,105.98,105.98,105.98,1296,137350.08
1788381240000,2026-09-02T20:34:00Z,105.98,105.98,105.98,105.98,12,1271.76
1788381300000,2026-09-02T20:35:00Z,105.98,105.98,105.98,105.98,2,211.96
1788381720000,2026-09-02T20:42:00Z,105.98,105.98,105.98,105.98,3,317.94
1788381780000,2026-09-02T20:43:00Z,105.833,105.833,105.454,105.454,0,0
1788381840000,2026-09-02T20:44:00Z,105.395,105.395,105.101,105.101,0,0
1788381960000,2026-09-02T20:46:00Z,105.1,105.1,105.1,105.1,0,0
1788382020000,2026-09-02T20:47:00Z,105.1,105.1,105.1,105.1,70,7357
1788382800000,2026-09-02T21:00:00Z,105.173,105.538,105.173,105.538,0,0
1788382920000,2026-09-02T21:02:00Z,105.539,105.539,105.539,105.539,20,2110.78
1788384420000,2026-09-02T21:27:00Z,105.54,105.54,105.54,105.54,1,105.54
1788384480000,2026-09-02T21:28:00Z,105.469,105.469,105.116,105.116,8,843.752
1788384540000,2026-09-02T21:29:00Z,105.115,105.115,105.115,105.115,5,525.575
1788385200000,2026-09-02T21:40:00Z,105.115,105.115,105.115,105.115,1,105.115
1788385380000,2026-09-02T21:43:00Z,105.115,105.115,105.115,105.115,0,0
1788385800000,2026-09-02T21:50:00Z,105.115,105.115,105.115,105.115,1,105.115
1788385860000,2026-09-02T21:51:00Z,105.132,105.213,105.132,105.213,0,0
1788385980000,2026-09-02T21:53:00Z,105.214,105.214,105.214,105.214,0,0
1788386220000,2026-09-02T21:57:00Z,105.215,105.215,105.215,105.215,5,526.075
1788386400000,2026-09-02T22:00:00Z,105.215,105.215,105.215,105.215,10,1052.15
1788386520000,2026-09-02T22:02:00Z,105.295,105.693,105.295,105.693,0,0
1788386580000,2026-09-02T22:03:00Z,105.694,105.695,105.694,105.695,0,0
1788386700000,2026-09-02T22:05:00Z,105.695,105.695,105.695,105.695,5,528.475
1788386880000,2026-09-02T22:08:00Z,105.695,105.695,105.695,105.695,34,3593.63
1788386940000,2026-09-02T22:09:00Z,105.695,105.695,105.695,105.695,1,105.695
1788387840000,2026-09-02T22:24:00Z,105.695,105.695,105.695,105.695,3,317.085
1788387960000,2026-09-02T22:26:00Z,105.695,105.695,105.695,105.695,25,2642.375
1788388620000,2026-09-02T22:37:00Z,105.695,105.695,105.695,105.695,3,317.085
1788388740000,2026-09-02T22:39:00Z,105.695,105.695,105.695,105.695,1,105.695
1788389040000,2026-09-02T22:44:00Z,105.695,105.695,105.695,105.695,5,528.475
1788389340000,2026-09-02T22:49:00Z,105.695,105.695,105.695,105.695,5,528.475
1788389400000,2026-09-02T22:50:00Z,105.695,105.695,105.695,105.695,4,422.78
1788390240000,2026-09-02T23:04:00Z,105.695,105.695,105.695,105.695,2,211.39
1788390600000,2026-09-02T23:10:00Z,105.695,105.695,105.695,105.695,25,2642.375
1788390660000,2026-09-02T23:11:00Z,105.695,105.695,105.362,105.362,3,317.085
1788390720000,2026-09-02T23:12:00Z,105.353,105.353,105.312,105.312,0,0
1788390840000,2026-09-02T23:14:00Z,105.311,105.311,105.311,105.311,0,0
1788391680000,2026-09-02T23:28:00Z,105.377,105.706,105.377,105.706,2,210.754
1788391740000,2026-09-02T23:29:00Z,105.708,105.714,105.708,105.714,0,0
1788391800000,2026-09-02T23:30:00Z,105.714,105.714,105.714,105.714,1.785894,188.79399832
1788391980000,2026-09-02T23:33:00Z,105.715,105.715,105.715,105.715,151,15962.965
1788392220000,2026-09-02T23:37:00Z,105.715,105.715,105.715,105.715,150,15857.25
1788392580000,2026-09-02T23:43:00Z,105.715,105.715,105.715,105.715,1,105.715
1788392640000,2026-09-02T23:44:00Z,105.715,105.715,105.715,105.715,2,211.43
1788392760000,2026-09-02T23:46:00Z,105.719,105.738,105.719,105.738,0,0
1788393480000,2026-09-02T23:58:00Z,105.739,105.739,105.739,105.739,0,0
1788393540000,2026-09-02T23:59:00Z,105.74,105.74,105.74,105.74,1,105.74
1788401820000,2026-09-03T02:17:00Z,105.96,105.96,105.96,105.96,1,105.96
1788405480000,2026-09-03T03:18:00Z,105.94,105.96,105.94,105.96,50,5297.8
1788406560000,2026-09-03T03:36:00Z,106.09,106.09,106.09,106.09,4,424.36
1788408360000,2026-09-03T04:06:00Z,106.54,106.55,106.54,106.55,250,26636.8
1788411300000,2026-09-03T04:55:00Z,106.22,106.22,106.13,106.13,14,1486.27
1788412320000,2026-09-03T05:12:00Z,105.96,105.96,105.96,105.96,1,105.96
1788412740000,2026-09-03T05:19:00Z,105.51,105.51,105.5,105.5,6,633.05
1788414540000,2026-09-03T05:49:00Z,105.31,105.49,105.31,105.49,6,632.04
1788419100000,2026-09-03T07:05:00Z,105.74,105.95,105.74,105.95,65,6885.3
1788419160000,2026-09-03T07:06:00Z,105.94,105.94,105.94,105.94,8,847.52
1788422400000,2026-09-03T08:00:00Z,105.74,105.74,105.159,105.159,351.525353,37128.7053769601
1788422460000,2026-09-03T08:01:00Z,105.157,105.157,105.15,105.15,329,34595.3699
1788422520000,2026-09-03T08:02:00Z,105.214,105.531,105.214,105.531,0,0
1788422580000,2026-09-03T08:03:00Z,105.532,105.533,105.532,105.533,0,0
1788422940000,2026-09-03T08:09:00Z,105.534,105.534,105.534,105.534,0,0
1788425040000,2026-09-03T08:44:00Z,105.535,105.535,105.535,105.535,0,0
1788426840000,2026-09-03T09:14:00Z,105.535,107.888,105.535,107.888,0,0
1788427020000,2026-09-03T09:17:00Z,107.889,107.889,107.889,107.889,0,0
1788428160000,2026-09-03T09:36:00Z,107.89,107.89,107.89,107.89,0,0
1788429660000,2026-09-03T10:01:00Z,107.89,107.89,107.89,107.89,0,0
1788432000000,2026-09-03T10:40:00Z,107.89,107.89,107.89,107.89,0,0
1788433200000,2026-09-03T11:00:00Z,108.045,109.01,108.042,108.042,687.02181,74777.995781097
1788433260000,2026-09-03T11:01:00Z,107.988,107.988,107.726,107.726,0,0
1788433560000,2026-09-03T11:06:00Z,107.725,107.725,107.725,107.725,0,0
1788434460000,2026-09-03T11:21:00Z,107.725,107.725,107.725,107.725,0,0
1788435120000,2026-09-03T11:32:00Z,107.725,107.725,107.725,107.725,0,0
1788435240000,2026-09-03T11:34:00Z,107.725,107.725,107.725,107.725,203,21868.175
1788435300000,2026-09-03T11:35:00Z,107.725,107.725,107.725,107.725,0,0
1788436020000,2026-09-03T11:47:00Z,107.725,107.725,107.725,107.725,100,10772.5
1788436080000,2026-09-03T11:48:00Z,107.604,107.604,107.009,107.009,140,15064.56
1788436140000,2026-09-03T11:49:00Z,107.008,107.008,107.001,107.001,0,0
1788436200000,2026-09-03T11:50:00Z,107,107,107,107,0,0
1788436740000,2026-09-03T11:59:00Z,107,107,107,107,0,0
1788436920000,2026-09-03T12:02:00Z,107,107,107,107,200,21400
1788436980000,2026-09-03T12:03:00Z,107,107,107,107,1,107
1788437040000,2026-09-03T12:04:00Z,107,107,107,107,0,0
1788437160000,2026-09-03T12:06:00Z,106.65,106.65,105.183,105.183,0,0
1788437220000,2026-09-03T12:07:00Z,105.136,105.136,104.9,104.9,0,0
1788437760000,2026-09-03T12:16:00Z,104.9,104.9,104.9,104.9,200,20980
1788437820000,2026-09-03T12:17:00Z,104.9,104.9,104.9,104.9,0,0
1788438300000,2026-09-03T12:25:00Z,104.9,104.9,104.9,104.9,0,0
1788438660000,2026-09-03T12:31:00Z,105.071,105.829,105.071,105.829,45,4728.195
1788438720000,2026-09-03T12:32:00Z,105.845,105.925,105.845,105.925,5,529.55
1788438780000,2026-09-03T12:33:00Z,105.925,105.925,105.925,105.925,0,0
1788439200000,2026-09-03T12:40:00Z,105.925,105.925,105.925,105.925,0,0
1788439920000,2026-09-03T12:52:00Z,105.925,105.925,105.925,105.925,0,0
1788440100000,2026-09-03T12:55:00Z,105.925,105.925,105.925,105.925,0,0
1788440160000,2026-09-03T12:56:00Z,105.925,105.925,105.925,105.925,0.5,52.9625
1788440220000,2026-09-03T12:57:00Z,105.925,105.925,105.925,105.925,0,0
1788440400000,2026-09-03T13:00:00Z,105.925,105.925,105.925,105.925,18.456938,1955.05115765
1788440460000,2026-09-03T13:01:00Z,105.925,105.925,105.925,105.925,0,0
1788440880000,2026-09-03T13:08:00Z,105.925,105.925,105.925,105.925,0,0
1788441180000,2026-09-03T13:13:00Z,105.925,105.925,105.925,105.925,0,0
1788441480000,2026-09-03T13:18:00Z,105.925,105.925,105.925,105.925,0,0
1788441540000,2026-09-03T13:19:00Z,105.925,105.925,105.925,105.925,0,0
1788441600000,2026-09-03T13:20:00Z,105.925,105.925,105.925,105.925,4,423.7
1788441660000,2026-09-03T13:21:00Z,105.952,106.085,105.952,106.085,0,0
1788441780000,2026-09-03T13:23:00Z,106.085,106.085,106.085,106.085,0,0
1788441900000,2026-09-03T13:25:00Z,106.039,106.039,105.811,105.811,0,0
1788441960000,2026-09-03T13:26:00Z,105.81,105.81,105.81,105.81,1,105.81
1788442080000,2026-09-03T13:28:00Z,105.878,106.219,105.878,106.219,0,0
1788442140000,2026-09-03T13:29:00Z,106.22,106.22,105.887,105.887,138,14657.7114
1788442200000,2026-09-03T13:30:00Z,105.87,105.87,105.12,105.12,18888.813168,1999214.6522769216
1788442260000,2026-09-03T13:31:00Z,105.12,105.291,103.978,103.978,100,10435
1788442320000,2026-09-03T13:32:00Z,103.965,104.057,103.165,103.165,0,0
1788442380000,2026-09-03T13:33:00Z,103.098,103.098,102.25,102.494,9266.109628,950287.7261214656
1788442440000,2026-09-03T13:34:00Z,102.509,102.908,102.44,102.908,8510.836476,874707.1764064332
1788442500000,2026-09-03T13:35:00Z,102.8,103.304,102.771,103.304,8104.753239,834343.822188855
1788442560000,2026-09-03T13:36:00Z,103.309,103.335,102.83,102.975,6820.915517,703071.3236471886
1788442620000,2026-09-03T13:37:00Z,102.988,103.332,102.988,103.226,8965.018512,925489.3420567008
1788442680000,2026-09-03T13:38:00Z,103.225,104.14,102.967,104.041,3476.155394,359528.6715507774
1788442740000,2026-09-03T13:39:00Z,104.039,104.654,104.034,104.461,10044.955,1049427.5882105
1788442800000,2026-09-03T13:40:00Z,104.46,104.53,104.25,104.485,21786.502,2274062.0068588
1788442860000,2026-09-03T13:41:00Z,104.489,105.154,104.489,105.154,9530.2812,997381.09567668
1788442920000,2026-09-03T13:42:00Z,105.179,105.312,104.84,105.312,3066.209519,322346.0074181915
1788442980000,2026-09-03T13:43:00Z,105.313,105.314,104.637,104.78,6933,728530.0395
1788443040000,2026-09-03T13:44:00Z,104.762,104.762,104.625,104.625,548.571957,57401.0335790004
1788443100000,2026-09-03T13:45:00Z,104.623,104.637,104.23,104.366,10089.3,1054337.90358
1788443160000,2026-09-03T13:46:00Z,104.365,104.365,104.204,104.304,4727.81833,493052.826871708
1788443220000,2026-09-03T13:47:00Z,104.36,104.739,104.36,104.739,4855.637113,507772.9098911507
1788443280000,2026-09-03T13:48:00Z,104.755,105.18,104.755,105.049,2883.33096,302327.34281436
1788443340000,2026-09-03T13:49:00Z,105.059,105.65,105.004,105.446,4826.038053,508023.0303289563
1788443400000,2026-09-03T13:50:00Z,105.476,105.72,105.476,105.72,3316.76823,350050.060610085
1788443460000,2026-09-03T13:51:00Z,105.721,105.796,105.611,105.796,4456,471027.2728
1788443520000,2026-09-03T13:52:00Z,105.799,105.806,105.65,105.726,3560.945,376580.2604905
1788443580000,2026-09-03T13:53:00Z,105.722,105.722,105.433,105.433,2676.006912,282545.1194007552
1788443640000,2026-09-03T13:54:00Z,105.432,105.518,105.311,105.506,3129.99278,329761.95433329
1788443700000,2026-09-03T13:55:00Z,105.529,105.641,105.529,105.601,6429.2121,678967.87348107
1788443760000,2026-09-03T13:56:00Z,105.601,105.601,105.43,105.6,1996.142177,210792.6138912
1788443820000,2026-09-03T13:57:00Z,105.6,105.6,105.317,105.36,4226.99962,446049.485200918
1788443880000,2026-09-03T13:58:00Z,105.346,105.49,105.281,105.455,4527.40574,476831.805423688
1788443940000,2026-09-03T13:59:00Z,105.457,105.557,105.457,105.557,730.104,77037.288612
1788444000000,2026-09-03T14:00:00Z,105.559,105.563,104.89,105.174,5685.0246,598658.6729907
1788444060000,2026-09-03T14:01:00Z,104.92,105.142,104.65,104.732,434,45469.88
1788444120000,2026-09-03T14:02:00Z,104.695,104.755,104.277,104.392,3154.526889,329581.1839304532
1788444180000,2026-09-03T14:03:00Z,104.391,104.391,104.146,104.326,2229.794252,232539.4450760248
1788444240000,2026-09-03T14:04:00Z,104.331,104.359,104.17,104.31,2611.35421,272387.224020048
1788444300000,2026-09-03T14:05:00Z,104.325,104.406,104.29,104.29,1543.9228,161161.45512432
1788444360000,2026-09-03T14:06:00Z,104.285,104.428,104.21,104.384,4610.92584,480917.25964908
1788444420000,2026-09-03T14:07:00Z,104.378,104.378,103.99,104.051,3708.51608,386613.172191608
1788444480000,2026-09-03T14:08:00Z,104.009,104.009,103.78,103.981,6373.111508,662205.1616613988
1788444540000,2026-09-03T14:09:00Z,103.979,104.2,103.589,103.589,15875.0023,1650452.55162065
1788444600000,2026-09-03T14:10:00Z,103.585,103.702,103.243,103.243,9456.432705,978337.940934267
1788444660000,2026-09-03T14:11:00Z,103.228,103.346,103.14,103.346,14009.97218,1445561.538507362
1788444720000,2026-09-03T14:12:00Z,103.364,103.44,103.364,103.365,2331.160385,240979.042478605
1788444780000,2026-09-03T14:13:00Z,103.3,103.495,103.188,103.47,11854.95048,1225469.94101856
1788444840000,2026-09-03T14:14:00Z,103.468,103.633,103.36,103.633,52955,5476373.098
1788444900000,2026-09-03T14:15:00Z,103.639,103.67,103.52,103.587,52177.83221,5408712.344622832
1788444960000,2026-09-03T14:16:00Z,103.58,103.76,103.25,103.67,28736.72416,2975124.546974464
1788445020000,2026-09-03T14:17:00Z,103.682,104.141,103.682,104.14,19262.346,2000566.0669794
1788445080000,2026-09-03T14:18:00Z,104.143,104.337,104.035,104.337,10251.533256,1068234.3689550144
1788445140000,2026-09-03T14:19:00Z,104.343,104.646,104.343,104.596,8961,936144.0207
1788445200000,2026-09-03T14:20:00Z,104.592,105.096,104.589,105.096,4982.67,522240.618438
1788445260000,2026-09-03T14:21:00Z,105.1,105.117,104.863,104.863,3661.03591,384502.126965705
1788445320000,2026-09-03T14:22:00Z,104.847,104.915,104.78,104.915,15096.6401,1583106.14475848
1788445380000,2026-09-03T14:23:00Z,104.916,104.96,104.841,104.951,9298.634173,975598.7494799005
1788445440000,2026-09-03T14:24:00Z,104.952,105.031,104.861,104.861,6837.048701,717505.1877631337
1788445500000,2026-09-03T14:25:00Z,104.86,104.86,104.755,104.8,15114.92122,1584213.030973664
1788445560000,2026-09-03T14:26:00Z,104.802,105.015,104.802,105.015,4621.48084,485102.517184196
1788445620000,2026-09-03T14:27:00Z,105.015,105.037,104.846,104.846,5246,550767.048
1788445680000,2026-09-03T14:28:00Z,104.844,105.01,104.837,104.968,9051.58249,949742.723712744
1788445740000,2026-09-03T14:29:00Z,104.967,104.967,104.876,104.876,2964.76853,311102.649112196
1788445800000,2026-09-03T14:30:00Z,104.875,104.875,104.725,104.86,22475.724547,2354765.9277820071
1788445860000,2026-09-03T14:31:00Z,104.875,104.898,104.62,104.692,14716.384479,1542408.0692210631
1788445920000,2026-09-03T14:32:00Z,104.691,104.691,104.553,104.553,3302.13198,345567.451280604
1788445980000,2026-09-03T14:33:00Z,104.552,104.827,104.55,104.826,29362.815974,3073147.5552180088
1788446040000,2026-09-03T14:34:00Z,104.837,104.884,104.689,104.782,6923.039387,725287.3752514841
1788446100000,2026-09-03T14:35:00Z,104.781,105.028,104.78,105.006,5247.809,550186.0681499
1788446160000,2026-09-03T14:36:00Z,104.97,105.057,104.962,104.993,11401.76724,1197325.801937052
1788446220000,2026-09-03T14:37:00Z,104.991,105.29,104.849,105.14,12011.296,1261213.7059808
1788446280000,2026-09-03T14:38:00Z,105.133,105.185,105.09,105.185,3474.640076,365233.316948664
1788446340000,2026-09-03T14:39:00Z,105.199,105.51,105.199,105.425,5205.290683,548234.7484893358
1788446400000,2026-09-03T14:40:00Z,105.424,105.425,105.286,105.425,3676.08361,387359.590628169
1788446460000,2026-09-03T14:41:00Z,105.426,105.503,105.378,105.497,2326.009472,245289.5614707072
1788446520000,2026-09-03T14:42:00Z,105.503,105.532,105.396,105.396,2296.90705,242285.335427265
1788446580000,2026-09-03T14:43:00Z,105.396,105.519,105.396,105.446,2856.6,301280.17446
1788446640000,2026-09-03T14:44:00Z,105.438,105.57,105.37,105.442,33393.04289,3520615.154675544
1788446700000,2026-09-03T14:45:00Z,105.438,105.438,105.38,105.38,8784.35769,925770.280412565
1788446760000,2026-09-03T14:46:00Z,105.38,105.67,105.38,105.669,11310.24875,1193014.086349
1788446820000,2026-09-03T14:47:00Z,105.67,105.789,105.59,105.789,7010.19,740842.487352
1788446880000,2026-09-03T14:48:00Z,105.797,105.809,105.651,105.736,2231.80488,235925.20976724
1788446940000,2026-09-03T14:49:00Z,105.741,105.741,105.687,105.704,3087,326352.0834
1788447000000,2026-09-03T14:50:00Z,105.704,105.84,105.695,105.796,3051,322535.5497
1788447060000,2026-09-03T14:51:00Z,105.798,105.881,105.77,105.881,13099.79345,1386472.968892585
1788447120000,2026-09-03T14:52:00Z,105.883,105.919,105.883,105.919,1731.90728,183397.377173224
1788447180000,2026-09-03T14:53:00Z,105.919,106.05,105.919,105.986,6295.45843,666918.202423852
1788447240000,2026-09-03T14:54:00Z,105.986,106.2,105.985,106.2,36409.767189,3860513.0511427944
1788447300000,2026-09-03T14:55:00Z,106.209,106.365,106.209,106.36,1327.948344,141171.532553952
1788447360000,2026-09-03T14:56:00Z,106.368,106.377,105.785,106.082,21736.3063,2310491.10898732
1788447420000,2026-09-03T14:57:00Z,106.081,106.132,106.022,106.118,9862.58043,1046258.037303948
1788447480000,2026-09-03T14:58:00Z,106.124,106.423,106.124,106.423,7172.856496,762832.5710639504
1788447540000,2026-09-03T14:59:00Z,106.435,106.775,106.435,106.775,5343.935817,570168.5600269065
1788447600000,2026-09-03T15:00:00Z,106.776,106.9,106.705,106.882,6257.75,668458.486975
1788447660000,2026-09-03T15:01:00Z,106.881,106.994,106.86,106.912,6604.76303,706368.177961349
1788447720000,2026-09-03T15:02:00Z,106.893,107.136,106.858,107.136,3789,405185.0508
1788447780000,2026-09-03T15:03:00Z,107.153,107.413,107.153,107.371,2879.332789,309159.720220508
1788447840000,2026-09-03T15:04:00Z,107.1,107.358,106.825,106.944,12893.7499,1379736.96804918
1788447900000,2026-09-03T15:05:00Z,106.946,107.098,106.946,107.024,3005.408696,321641.2429728768
1788447960000,2026-09-03T15:06:00Z,107.03,107.035,106.7,106.753,7141.44694,763502.80452581
1788448020000,2026-09-03T15:07:00Z,106.745,106.895,106.721,106.88,2555.72084,273010.022863404
1788448080000,2026-09-03T15:08:00Z,106.881,106.934,106.843,106.934,2513.018,268575.5318266
1788448140000,2026-09-03T15:09:00Z,106.934,107,106.91,106.91,3263.19031,348929.024019928
1788448200000,2026-09-03T15:10:00Z,106.903,106.903,106.7,106.798,4198.006833,448412.6186709948
1788448260000,2026-09-03T15:11:00Z,106.798,106.88,106.796,106.88,13515.29651,1444062.128555715
1788448320000,2026-09-03T15:12:00Z,106.88,106.88,106.722,106.747,14222.84211,1519899.843253563
1788448380000,2026-09-03T15:13:00Z,106.751,107.07,106.723,107.028,12433.2906,1327895.32934496
1788448440000,2026-09-03T15:14:00Z,107.031,107.082,107.031,107.082,8902.231666,953134.3475604554
1788448500000,2026-09-03T15:15:00Z,107.084,107.15,107.084,107.15,2041.81361,218686.40488544
1788448560000,2026-09-03T15:16:00Z,107.15,107.226,107.051,107.222,4050.13392,433759.2174972
1788448620000,2026-09-03T15:17:00Z,107.219,107.293,106.836,106.939,9114.44718,977176.288172724
1788448680000,2026-09-03T15:18:00Z,106.942,106.942,106.822,106.824,3344.257,357310.1162253
1788448740000,2026-09-03T15:19:00Z,106.82,106.84,106.807,106.821,1259.04679,134493.392582664
1788448800000,2026-09-03T15:20:00Z,106.821,106.864,106.82,106.825,1839.146576,196466.8329812
1788448860000,2026-09-03T15:21:00Z,106.825,106.837,106.793,106.805,1789.12801,191091.574276871
1788448920000,2026-09-03T15:22:00Z,106.809,106.95,106.809,106.889,4250.65263,454212.413149173
1788448980000,2026-09-03T15:23:00Z,106.89,106.89,106.82,106.82,626.467,66957.7953072
1788449040000,2026-09-03T15:24:00Z,106.82,106.842,106.795,106.805,12630.87657,1349201.184191289
1788449100000,2026-09-03T15:25:00Z,106.808,107.01,106.808,106.997,63848.628378,6823509.2996196978
1788449160000,2026-09-03T15:26:00Z,107.003,107.097,107.003,107.057,8269.20193,885075.836333304
1788449220000,2026-09-03T15:27:00Z,107.058,107.18,107.058,107.159,16003.09308,1714500.978981648
1788449280000,2026-09-03T15:28:00Z,107.16,107.16,107.14,107.143,10448.443924,1119512.1072140812
1788449340000,2026-09-03T15:29:00Z,107.141,107.316,107.14,107.316,3193.030747,342385.493970063
1788449400000,2026-09-03T15:30:00Z,107.317,107.349,107.315,107.349,9887.25203,1061102.854035209
1788449460000,2026-09-03T15:31:00Z,107.349,107.378,107.201,107.241,11559,1240273.7646
1788449520000,2026-09-03T15:32:00Z,107.242,107.318,107.218,107.266,3805.0042,408159.37603022
1788449580000,2026-09-03T15:33:00Z,107.264,107.265,107.113,107.123,4289.617674,459906.2113767012
1788449640000,2026-09-03T15:34:00Z,107.12,107.17,107.105,107.11,2023.253209,216705.9977336093
1788449700000,2026-09-03T15:35:00Z,107.112,107.137,107.1,107.135,2827.95742,302954.270876986
1788449760000,2026-09-03T15:36:00Z,107.133,107.133,106.887,107.054,7918.962884,847472.3618162004
1788449820000,2026-09-03T15:37:00Z,107.069,107.181,107.069,107.08,2191.0413,234716.83299141
1788449880000,2026-09-03T15:38:00Z,107.077,107.094,106.999,107.024,1917,205242.0714
1788449940000,2026-09-03T15:39:00Z,107.03,107.073,106.997,107.044,1844.016,197386.9762704
1788450000000,2026-09-03T15:40:00Z,107.035,107.035,106.96,106.999,5450,583192.51
1788450060000,2026-09-03T15:41:00Z,107,107.144,107,107.144,3574.860129,382616.2071488313
1788450120000,2026-09-03T15:42:00Z,107.15,107.221,107.15,107.221,926,99244.2352
1788450180000,2026-09-03T15:43:00Z,107.226,107.28,107.21,107.28,2635,282591.3655
1788450240000,2026-09-03T15:44:00Z,107.281,107.294,107.245,107.25,1733.006,185900.7667242
1788450300000,2026-09-03T15:45:00Z,107.25,107.278,107.25,107.278,3038,325862.8674
1788450360000,2026-09-03T15:46:00Z,107.28,107.34,107.28,107.316,7119.902889,764108.6900377689
1788450420000,2026-09-03T15:47:00Z,107.312,107.312,107.167,107.18,1079.029218,115750.5933995922
1788450480000,2026-09-03T15:48:00Z,107.174,107.33,107.174,107.295,6016,645012.6592
1788450540000,2026-09-03T15:49:00Z,107.316,107.45,107.316,107.45,1757,188781.5678
1788450600000,2026-09-03T15:50:00Z,107.45,107.487,107.397,107.397,3860,414825.708
1788450660000,2026-09-03T15:51:00Z,107.396,107.428,107.394,107.428,918.011455,98607.0070239335
1788450720000,2026-09-03T15:52:00Z,107.427,107.62,107.424,107.619,5440,584883.776
1788450780000,2026-09-03T15:53:00Z,107.621,107.63,107.5,107.502,4783.579,514608.3400199
1788450840000,2026-09-03T15:54:00Z,107.5,107.505,107.429,107.476,3538.026,380236.2536538
1788450900000,2026-09-03T15:55:00Z,107.477,107.516,107.439,107.516,2610.282299,280517.9026854835
1788450960000,2026-09-03T15:56:00Z,107.517,107.584,107.517,107.584,6538,703200.4742
1788451020000,2026-09-03T15:57:00Z,107.585,107.585,107.502,107.502,2919.273159,313953.5238119709
1788451080000,2026-09-03T15:58:00Z,107.5,107.5,107.475,107.49,1635.0093,175747.64015979
1788451140000,2026-09-03T15:59:00Z,107.49,107.525,107.49,107.525,2071,222643.8905
1788451200000,2026-09-03T16:00:00Z,107.525,107.525,107.315,107.35,8032.27,862979.05653
1788451260000,2026-09-03T16:01:00Z,107.348,107.348,107.3,107.3,2937,315229.9722
1788451320000,2026-09-03T16:02:00Z,107.3,107.45,107.3,107.413,4715.4667,506161.96795136
1788451380000,2026-09-03T16:03:00Z,107.413,107.442,107.404,107.404,4287,460514.2557
1788451440000,2026-09-03T16:04:00Z,107.401,107.403,107.28,107.28,5551.60555,596161.38262897
1788451500000,2026-09-03T16:05:00Z,107.279,107.347,107.267,107.347,4694.3024,503665.7874032
1788451560000,2026-09-03T16:06:00Z,107.354,107.384,107.306,107.352,8711,934881.942
1788451620000,2026-09-03T16:07:00Z,107.349,107.409,107.335,107.335,1617.038995,173632.6344622155
1788451680000,2026-09-03T16:08:00Z,107.333,107.333,107.276,107.302,3687.0563,395625.56545756
1788451740000,2026-09-03T16:09:00Z,107.303,107.33,107.3,107.3,1278,137131.5726
1788451800000,2026-09-03T16:10:00Z,107.315,107.39,107.308,107.355,5399,579484.9281
1788451860000,2026-09-03T16:11:00Z,107.365,107.427,107.365,107.406,457,49086.8727
1788451920000,2026-09-03T16:12:00Z,107.405,107.449,107.395,107.431,2903,311886.4177
1788451980000,2026-09-03T16:13:00Z,107.429,107.429,107.42,107.42,1162,124826.107
1788452040000,2026-09-03T16:14:00Z,107.42,107.477,107.42,107.42,2514,270151.1718
1788452100000,2026-09-03T16:15:00Z,107.416,107.43,107.321,107.321,4403,472956.1704
1788452160000,2026-09-03T16:16:00Z,107.319,107.319,107.31,107.312,1846.389686,198137.3696774402
1788452220000,2026-09-03T16:17:00Z,107.313,107.406,107.313,107.406,5426.204597,582385.8574686548
1788452280000,2026-09-03T16:18:00Z,107.407,107.48,107.407,107.475,895.186103,96176.8254968934
1788452340000,2026-09-03T16:19:00Z,107.475,107.578,107.452,107.578,2911,312941.233
1788452400000,2026-09-03T16:20:00Z,107.585,107.61,107.573,107.597,2361.52,254106.164256
1788452460000,2026-09-03T16:21:00Z,107.59,107.67,107.586,107.664,3327.292143,358096.8223274463
1788452520000,2026-09-03T16:22:00Z,107.662,107.665,107.57,107.609,7340.008291,790107.1184755749
1788452580000,2026-09-03T16:23:00Z,107.606,107.606,107.529,107.583,3370,362490.006
1788452640000,2026-09-03T16:24:00Z,107.584,107.82,107.582,107.69,43193,4648607.7513
1788452700000,2026-09-03T16:25:00Z,107.69,107.794,107.69,107.771,2325.519829,250592.9006294162
1788452760000,2026-09-03T16:26:00Z,107.763,107.888,107.734,107.829,7632.55896,823052.415916224
1788452820000,2026-09-03T16:27:00Z,107.828,107.844,107.72,107.734,3190,343918.366
1788452880000,2026-09-03T16:28:00Z,107.73,107.76,107.7,107.704,1688.194708,181827.01102514
1788452940000,2026-09-03T16:29:00Z,107.708,107.799,107.708,107.78,1293.2551,139380.5684025
1788453000000,2026-09-03T16:30:00Z,107.78,107.81,107.776,107.8,1373,147995.3954
1788453060000,2026-09-03T16:31:00Z,107.8,107.84,107.8,107.811,3242.7468,349586.58869676
1788453120000,2026-09-03T16:32:00Z,107.812,107.862,107.812,107.824,2310,249077.598
1788453180000,2026-09-03T16:33:00Z,107.822,107.855,107.796,107.835,5778.009388,622952.6153615872
1788453240000,2026-09-03T16:34:00Z,107.831,107.831,107.72,107.724,5653.5,609405.4641
1788453300000,2026-09-03T16:35:00Z,107.719,107.719,107.68,107.693,1646.56152,177332.370517872
1788453360000,2026-09-03T16:36:00Z,107.694,107.704,107.689,107.69,860.0045,92615.9486158
1788453420000,2026-09-03T16:37:00Z,107.69,107.739,107.69,107.739,2137.5519,230215.62216114
1788453480000,2026-09-03T16:38:00Z,107.739,107.789,107.739,107.769,1179.852916,127154.6365219856
1788453540000,2026-09-03T16:39:00Z,107.769,108.009,107.769,107.992,3105,334814.013
1788453600000,2026-09-03T16:40:00Z,107.99,108.01,107.929,107.94,2077,224248.4975
1788453660000,2026-09-03T16:41:00Z,107.94,108.005,107.92,107.992,7558.26,816190.799316
1788453720000,2026-09-03T16:42:00Z,107.993,108.005,107.954,107.972,2130.0463,230004.5295203
1788453780000,2026-09-03T16:43:00Z,107.968,107.968,107.961,107.965,1977.537975,213504.096455685
1788453840000,2026-09-03T16:44:00Z,107.965,108.029,107.949,108.029,2258,243784.2926
1788453900000,2026-09-03T16:45:00Z,108.029,108.073,107.972,107.972,4387.577677,474078.6455153854
1788453960000,2026-09-03T16:46:00Z,107.969,108.01,107.956,107.984,1307.462913,141169.5163887273
1788454020000,2026-09-03T16:47:00Z,107.984,108.009,107.95,107.963,5478,591542.9256
1788454080000,2026-09-03T16:48:00Z,107.96,107.96,107.857,107.857,3287.98277,354735.200282868
1788454140000,2026-09-03T16:49:00Z,107.851,107.851,107.819,107.819,2028,218694.0444
1788454200000,2026-09-03T16:50:00Z,107.818,107.891,107.805,107.878,2551.502997,275145.4080862902
1788454260000,2026-09-03T16:51:00Z,107.874,107.874,107.793,107.793,1346,145139.18
1788454320000,2026-09-03T16:52:00Z,107.792,107.861,107.775,107.811,3877,418019.3031
1788454380000,2026-09-03T16:53:00Z,107.68,107.803,107.68,107.693,4863,524128.7907
1788454440000,2026-09-03T16:54:00Z,107.689,107.702,107.63,107.67,1930.046,207828.8973168
1788454500000,2026-09-03T16:55:00Z,107.67,107.731,107.645,107.731,2669.5103,287479.03030494
1788454560000,2026-09-03T16:56:00Z,107.732,107.747,107.716,107.716,1587.681,171044.5257963
1788454620000,2026-09-03T16:57:00Z,107.715,107.745,107.7,107.745,2289.108858,246591.0469756488
1788454680000,2026-09-03T16:58:00Z,107.745,107.754,107.68,107.754,5901.268697,635606.7672940396
1788454740000,2026-09-03T16:59:00Z,107.754,107.754,107.635,107.635,2708,291641.0388
1788454800000,2026-09-03T17:00:00Z,107.634,107.686,107.63,107.651,4591.035572,494231.4067756008
1788454860000,2026-09-03T17:01:00Z,107.645,107.704,107.57,107.704,3678.30819,395921.322985392
1788454920000,2026-09-03T17:02:00Z,107.706,107.707,107.558,107.562,4266.38639,459267.96211072
1788454980000,2026-09-03T17:03:00Z,107.563,107.64,107.563,107.58,3095.188,332976.9203332
1788455040000,2026-09-03T17:04:00Z,107.58,107.678,107.58,107.636,556,59838.1656
1788455100000,2026-09-03T17:05:00Z,107.633,107.633,107.59,107.59,2445.78269,263200.947558198
1788455160000,2026-09-03T17:06:00Z,107.59,107.68,107.578,107.64,6319,679922.5043
1788455220000,2026-09-03T17:07:00Z,107.639,107.677,107.611,107.677,3516,378499.158
1788455280000,2026-09-03T17:08:00Z,107.678,107.751,107.678,107.705,3941.91508,424543.071541476
1788455340000,2026-09-03T17:09:00Z,107.705,107.705,107.656,107.669,2090.37893,225088.240500326
1788455400000,2026-09-03T17:10:00Z,107.668,107.723,107.651,107.667,2871.32507,309183.709272586
1788455460000,2026-09-03T17:11:00Z,107.668,107.742,107.668,107.731,1750,188512.45
1788455520000,2026-09-03T17:12:00Z,107.731,107.731,107.625,107.646,3143.31,338494.566963
1788455580000,2026-09-03T17:13:00Z,107.625,107.68,107.625,107.645,1617.232113,174080.8053218556
1788455640000,2026-09-03T17:14:00Z,107.645,107.7,107.645,107.689,3743.12,402952.856992
1788455700000,2026-09-03T17:15:00Z,107.69,107.734,107.68,107.734,753,81096.8199
1788455760000,2026-09-03T17:16:00Z,107.729,107.804,107.697,107.781,5346,575837.4402
1788455820000,2026-09-03T17:17:00Z,107.779,107.809,107.749,107.809,1169,125991.313
1788455880000,2026-09-03T17:18:00Z,107.827,107.915,107.827,107.915,2657,286724.841
1788455940000,2026-09-03T17:19:00Z,107.915,107.915,107.915,107.915,2072,223599.88
1788456000000,2026-09-03T17:20:00Z,107.914,107.914,107.824,107.846,5458.2537,588811.30118898
1788456060000,2026-09-03T17:21:00Z,107.844,107.865,107.82,107.864,2255,243174.239
1788456120000,2026-09-03T17:22:00Z,107.864,107.873,107.864,107.865,561,60513.387
1788456180000,2026-09-03T17:23:00Z,107.865,107.869,107.853,107.853,2411,260063.2383
1788456240000,2026-09-03T17:24:00Z,107.853,107.91,107.851,107.875,2521.186175,271943.4607498775
1788456300000,2026-09-03T17:25:00Z,107.878,107.97,107.878,107.97,1779.37886,192059.748384504
1788456360000,2026-09-03T17:26:00Z,107.97,107.987,107.84,107.949,5729,618500.5484
1788456420000,2026-09-03T17:27:00Z,107.934,107.934,107.885,107.925,3386.13318,365450.11651809
1788456480000,2026-09-03T17:28:00Z,107.925,107.939,107.892,107.892,3608.04912,389375.609761632
1788456540000,2026-09-03T17:29:00Z,107.891,107.891,107.841,107.841,6715,724373.91
1788456600000,2026-09-03T17:30:00Z,107.84,107.87,107.61,107.68,22711.260799,2448516.9246227493
1788456660000,2026-09-03T17:31:00Z,107.642,107.65,107.54,107.595,11375,1224375.425
1788456720000,2026-09-03T17:32:00Z,107.595,107.595,107.535,107.535,1042.0066,112070.4148465
1788456780000,2026-09-03T17:33:00Z,107.535,107.616,107.52,107.616,4540,488387.322
1788456840000,2026-09-03T17:34:00Z,107.617,107.619,107.538,107.538,1775,190945.27
1788456900000,2026-09-03T17:35:00Z,107.537,107.58,107.53,107.58,834,89708.376
1788456960000,2026-09-03T17:36:00Z,107.58,107.67,107.462,107.462,4934.35117,530825.162990675
1788457020000,2026-09-03T17:37:00Z,107.46,107.479,107.343,107.343,8131,873571.8732
1788457080000,2026-09-03T17:38:00Z,107.327,107.338,107.181,107.311,15694,1683462.4226
1788457140000,2026-09-03T17:39:00Z,107.31,107.335,107.2,107.3,6928,743546.2144
1788457200000,2026-09-03T17:40:00Z,107.299,107.319,107.296,107.319,2993,321174.9391
1788457260000,2026-09-03T17:41:00Z,107.319,107.52,107.319,107.52,7172.651085,770422.3429560435
1788457320000,2026-09-03T17:42:00Z,107.523,107.542,107.469,107.476,7520.652351,808694.2431725598
1788457380000,2026-09-03T17:43:00Z,107.477,107.531,107.43,107.531,10365.120908,1114027.647510478
1788457440000,2026-09-03T17:44:00Z,107.533,107.545,107.501,107.542,2130.499813,229060.687394695
1788457500000,2026-09-03T17:45:00Z,107.544,107.576,107.511,107.529,4110.206,442053.4773412
1788457560000,2026-09-03T17:46:00Z,107.531,107.544,107.497,107.544,1135.317992,122072.1152630208
1788457620000,2026-09-03T17:47:00Z,107.549,107.574,107.44,107.485,2624.32768,282209.176530944
1788457680000,2026-09-03T17:48:00Z,107.485,107.495,107.477,107.495,4829,519026.2319
1788457740000,2026-09-03T17:49:00Z,107.49,107.549,107.49,107.549,4479,481565.9556
1788457800000,2026-09-03T17:50:00Z,107.55,107.585,107.55,107.556,1446,155534.652
1788457860000,2026-09-03T17:51:00Z,107.555,107.631,107.554,107.631,6113,657782.0294
1788457920000,2026-09-03T17:52:00Z,107.631,107.631,107.625,107.625,2102.00925,226236.102563625
1788457980000,2026-09-03T17:53:00Z,107.625,107.68,107.625,107.636,1821,196051.5915
1788458040000,2026-09-03T17:54:00Z,107.635,107.687,107.59,107.687,1099.298449,118333.1021038458
1788458100000,2026-09-03T17:55:00Z,107.688,107.69,107.538,107.538,12035.627,1294809.6025378
1788458160000,2026-09-03T17:56:00Z,107.539,107.54,107.525,107.533,1810,194639.617
1788458220000,2026-09-03T17:57:00Z,107.534,107.572,107.504,107.572,5570,598910.908
1788458280000,2026-09-03T17:58:00Z,107.572,107.721,107.542,107.721,23703.204887,2549981.3004615052
1788458340000,2026-09-03T17:59:00Z,107.721,107.721,107.643,107.7,2242.40656,241501.132014288
1788458400000,2026-09-03T18:00:00Z,107.686,107.724,107.64,107.64,7107.18644,765333.107479536
1788458460000,2026-09-03T18:01:00Z,107.64,107.74,107.64,107.686,6290,677478.288
1788458520000,2026-09-03T18:02:00Z,107.685,107.75,107.685,107.75,3105.055,334510.680205
1788458580000,2026-09-03T18:03:00Z,107.754,107.78,107.754,107.765,6703.736543,722481.798448739
1788458640000,2026-09-03T18:04:00Z,107.765,107.765,107.7,107.745,2264.872103,244055.823202971
1788458700000,2026-09-03T18:05:00Z,107.738,107.738,107.629,107.655,6233.782,671184.4507798
1788458760000,2026-09-03T18:06:00Z,107.655,107.674,107.61,107.63,3930.44,423111.866
1788458820000,2026-09-03T18:07:00Z,107.63,107.683,107.63,107.666,5167.938533,556299.6426216652
1788458880000,2026-09-03T18:08:00Z,107.661,107.676,107.63,107.676,7546,812199.3726
1788458940000,2026-09-03T18:09:00Z,107.677,107.7,107.606,107.624,4067,437885.3493
1788459000000,2026-09-03T18:10:00Z,107.629,107.669,107.629,107.665,2908,313013.0488
1788459060000,2026-09-03T18:11:00Z,107.663,107.663,107.579,107.579,2958,318382.851
1788459120000,2026-09-03T18:12:00Z,107.578,107.59,107.558,107.558,3023.084372,325206.1851588396
1788459180000,2026-09-03T18:13:00Z,107.567,107.64,107.567,107.613,6376.1109,685982.81773176
1788459240000,2026-09-03T18:14:00Z,107.614,107.64,107.57,107.598,7393,795600.6522
1788459300000,2026-09-03T18:15:00Z,107.596,107.634,107.589,107.633,5297,569972.5613
1788459360000,2026-09-03T18:16:00Z,107.632,107.635,107.595,107.616,1768,190280.116
1788459420000,2026-09-03T18:17:00Z,107.616,107.629,107.59,107.629,3153,339318.9234
1788459480000,2026-09-03T18:18:00Z,107.629,107.71,107.62,107.71,5509,592976.6402
1788459540000,2026-09-03T18:19:00Z,107.71,107.71,107.595,107.612,6837,735998.9478
1788459600000,2026-09-03T18:20:00Z,107.614,107.65,107.614,107.647,2678.88144,288312.739762992
1788459660000,2026-09-03T18:21:00Z,107.648,107.694,107.63,107.651,5367.42183,577781.49031218
1788459720000,2026-09-03T18:22:00Z,107.656,107.679,107.653,107.654,3665,394579.764
1788459780000,2026-09-03T18:23:00Z,107.654,107.667,107.631,107.665,1703,183320.1162
1788459840000,2026-09-03T18:24:00Z,107.662,107.7,107.645,107.684,9168,987188.2368
1788459900000,2026-09-03T18:25:00Z,107.689,107.749,107.689,107.749,3870.31149,416865.058089516
1788459960000,2026-09-03T18:26:00Z,107.755,107.784,107.72,107.756,2477,266913.0982
1788460020000,2026-09-03T18:27:00Z,107.756,107.756,107.66,107.66,4239,456657.7203
1788460080000,2026-09-03T18:28:00Z,107.66,107.725,107.66,107.711,4496,484096.9088
1788460140000,2026-09-03T18:29:00Z,107.713,107.725,107.705,107.725,2822.47669,304019.971938991
1788460200000,2026-09-03T18:30:00Z,107.725,107.97,107.705,107.92,13906,1498353.4222
1788460260000,2026-09-03T18:31:00Z,107.924,108.037,107.924,108.025,2785.87802,300817.71566059
1788460320000,2026-09-03T18:32:00Z,108.025,108.026,107.91,108.019,3993,431267.5587
1788460380000,2026-09-03T18:33:00Z,108.018,108.018,107.885,107.886,2098,226480.9882
1788460440000,2026-09-03T18:34:00Z,107.887,107.94,107.869,107.908,14118,1523222.0796
1788460500000,2026-09-03T18:35:00Z,107.921,107.974,107.9,107.914,3757.231618,405524.3958244906
1788460560000,2026-09-03T18:36:00Z,107.914,107.915,107.914,107.915,718.760894,77565.08187601
1788460620000,2026-09-03T18:37:00Z,107.915,107.915,107.915,107.915,2397,258672.255
1788460680000,2026-09-03T18:38:00Z,107.915,107.95,107.915,107.915,11063,1193873.6017
1788460740000,2026-09-03T18:39:00Z,107.915,108.01,107.915,107.949,3422,369335.4334
1788460800000,2026-09-03T18:40:00Z,107.95,107.95,107.895,107.937,2356,254257.164
1788460860000,2026-09-03T18:41:00Z,107.94,108,107.94,107.94,7497.02779,809295.903199931
1788460920000,2026-09-03T18:42:00Z,107.94,107.948,107.9,107.934,4179,451059.9471
1788460980000,2026-09-03T18:43:00Z,107.935,107.935,107.921,107.934,2914.0012,314500.864513
1788461040000,2026-09-03T18:44:00Z,107.937,107.975,107.937,107.965,1728,186552.9792
1788461100000,2026-09-03T18:45:00Z,107.965,108.015,107.95,107.987,2585.83675,279250.458057025
1788461160000,2026-09-03T18:46:00Z,107.984,107.984,107.954,107.958,3305,356817.3845
1788461220000,2026-09-03T18:47:00Z,107.958,107.958,107.932,107.95,2654,286485.2338
1788461280000,2026-09-03T18:48:00Z,107.952,107.952,107.89,107.89,10722,1157005.659
1788461340000,2026-09-03T18:49:00Z,107.89,107.894,107.888,107.889,4572.092626,493282.6162098774
1788461400000,2026-09-03T18:50:00Z,107.889,107.965,107.889,107.93,5258,567349.7676
1788461460000,2026-09-03T18:51:00Z,107.935,107.984,107.932,107.945,4349,469476.7245
1788461520000,2026-09-03T18:52:00Z,107.945,107.945,107.85,107.87,5962.3152,643383.29729616
1788461580000,2026-09-03T18:53:00Z,107.87,107.915,107.86,107.915,5125.046336,552934.0741261696
1788461640000,2026-09-03T18:54:00Z,107.915,107.919,107.903,107.905,1065,114924.6825
1788461700000,2026-09-03T18:55:00Z,107.905,107.933,107.905,107.933,3941.1828,425341.90661472
1788461760000,2026-09-03T18:56:00Z,107.943,108.07,107.943,108.061,12612.1,1362128.24057
1788461820000,2026-09-03T18:57:00Z,108.074,108.195,108.074,108.132,6669.87824,721416.031401872
1788461880000,2026-09-03T18:58:00Z,108.133,108.15,108.045,108.045,5498.027739,594474.249279375
1788461940000,2026-09-03T18:59:00Z,108.044,108.044,107.902,107.902,3184,343685.4176
1788462000000,2026-09-03T19:00:00Z,107.899,107.899,107.85,107.85,3761,405735.5517
1788462060000,2026-09-03T19:01:00Z,107.85,107.9,107.791,107.891,7621.0001,821834.93298382
1788462120000,2026-09-03T19:02:00Z,107.892,107.895,107.877,107.89,3167,341661.9773
1788462180000,2026-09-03T19:03:00Z,107.891,108.042,107.891,108.037,5605.645,605125.4537985
1788462240000,2026-09-03T19:04:00Z,108.036,108.065,108.035,108.055,2302.9409,248826.54630457
1788462300000,2026-09-03T19:05:00Z,108.055,108.081,107.78,107.78,6652.75501,718554.089497585
1788462360000,2026-09-03T19:06:00Z,107.813,107.813,107.76,107.774,2319.75254,250041.48678152
1788462420000,2026-09-03T19:07:00Z,107.775,107.843,107.775,107.832,3627,391002.5691
1788462480000,2026-09-03T19:08:00Z,107.831,107.878,107.826,107.878,2842,306504.8686
1788462540000,2026-09-03T19:09:00Z,107.877,107.877,107.86,107.865,18845.671829,2032778.9689991705
1788462600000,2026-09-03T19:10:00Z,107.865,107.87,107.81,107.839,6972,751948.3272
1788462660000,2026-09-03T19:11:00Z,107.842,107.85,107.817,107.817,2020,217830.942
1788462720000,2026-09-03T19:12:00Z,107.816,107.889,107.795,107.889,6421,692312.8621
1788462780000,2026-09-03T19:13:00Z,107.889,107.889,107.75,107.781,6035.496,650717.6047896
1788462840000,2026-09-03T19:14:00Z,107.781,107.79,107.71,107.769,10788.088,1162588.0125992
1788462900000,2026-09-03T19:15:00Z,107.771,107.883,107.763,107.861,4950,533798.1
1788462960000,2026-09-03T19:16:00Z,107.86,107.869,107.79,107.841,3421.90467,369032.913802881
1788463020000,2026-09-03T19:17:00Z,107.835,107.99,107.8,107.968,15933,1718981.0973
1788463080000,2026-09-03T19:18:00Z,107.967,107.975,107.871,107.871,9807.27114,1058864.585353722
1788463140000,2026-09-03T19:19:00Z,107.869,107.869,107.71,107.758,7781,838720.9929
1788463200000,2026-09-03T19:20:00Z,107.77,107.77,107.569,107.569,63365,6827604.096
1788463260000,2026-09-03T19:21:00Z,107.568,107.643,107.552,107.601,7642.25801,822286.327779373
1788463320000,2026-09-03T19:22:00Z,107.6,107.722,107.589,107.722,6707,721907.2743
1788463380000,2026-09-03T19:23:00Z,107.725,107.74,107.692,107.692,3837,413379.9624
1788463440000,2026-09-03T19:24:00Z,107.7,107.719,107.534,107.534,10112.885,1088967.592262
1788463500000,2026-09-03T19:25:00Z,107.55,107.59,107.535,107.59,8916,958881.9192
1788463560000,2026-09-03T19:26:00Z,107.59,107.634,107.565,107.579,2222.207,239114.1398347
1788463620000,2026-09-03T19:27:00Z,107.578,107.62,107.565,107.594,9892.029,1064098.4191677
1788463680000,2026-09-03T19:28:00Z,107.596,107.599,107.585,107.585,5659.944762,608946.6650098656
1788463740000,2026-09-03T19:29:00Z,107.585,107.585,107.48,107.504,12344.093,1327591.1548291
1788463800000,2026-09-03T19:30:00Z,107.504,107.571,107.497,107.559,9847,1058744.5165
1788463860000,2026-09-03T19:31:00Z,107.557,107.56,107.542,107.546,2599.32288,279553.016827392
1788463920000,2026-09-03T19:32:00Z,107.545,107.545,107.515,107.524,3919.805,421488.4000595
1788463980000,2026-09-03T19:33:00Z,107.524,107.532,107.401,107.401,13287,1428325.926
1788464040000,2026-09-03T19:34:00Z,107.401,107.54,107.375,107.433,5816.092753,624726.2973150902
1788464100000,2026-09-03T19:35:00Z,107.429,107.429,107.36,107.367,9302.011637,999133.7209359885
1788464160000,2026-09-03T19:36:00Z,107.365,107.429,107.35,107.41,7066.818,758938.7990646
1788464220000,2026-09-03T19:37:00Z,107.408,107.408,107.365,107.395,2980,319972.136
1788464280000,2026-09-03T19:38:00Z,107.399,107.455,107.399,107.454,10550,1133262.01
1788464340000,2026-09-03T19:39:00Z,107.455,107.47,107.451,107.453,3469,372755.1508
1788464400000,2026-09-03T19:40:00Z,107.451,107.47,107.38,107.416,7641.074486,820865.349882008
1788464460000,2026-09-03T19:41:00Z,107.415,107.415,107.36,107.381,6876,738458.334
1788464520000,2026-09-03T19:42:00Z,107.38,107.385,107.375,107.375,7553,811005.6409
1788464580000,2026-09-03T19:43:00Z,107.377,107.384,107.377,107.378,6263,672525.9504
1788464640000,2026-09-03T19:44:00Z,107.377,107.515,107.376,107.484,14991,1610387.1876
1788464700000,2026-09-03T19:45:00Z,107.484,107.56,107.484,107.536,11679,1255603.4505
1788464760000,2026-09-03T19:46:00Z,107.543,107.617,107.543,107.585,13674.187548,1471142.9370265992
1788464820000,2026-09-03T19:47:00Z,107.584,107.584,107.48,107.52,11581,1245370.9417
1788464880000,2026-09-03T19:48:00Z,107.521,107.522,107.481,107.508,5869,630950.9533
1788464940000,2026-09-03T19:49:00Z,107.509,107.515,107.48,107.501,7727,830617.7285
1788465000000,2026-09-03T19:50:00Z,107.58,107.73,107.502,107.601,18022.58,1939049.3822
1788465060000,2026-09-03T19:51:00Z,107.603,107.702,107.56,107.668,16772.483977,1805252.6409156686
1788465120000,2026-09-03T19:52:00Z,107.667,107.683,107.605,107.618,20280,2182961.508
1788465180000,2026-09-03T19:53:00Z,107.619,107.76,107.619,107.706,16758.844,1804221.9514676
1788465240000,2026-09-03T19:54:00Z,107.711,107.89,107.57,107.606,34353,3702483.8928
1788465300000,2026-09-03T19:55:00Z,107.56,107.63,107.46,107.56,38171.029,4106725.5825375
1788465360000,2026-09-03T19:56:00Z,107.564,107.66,107.564,107.63,26723,2875841.0741
1788465420000,2026-09-03T19:57:00Z,107.67,107.67,107.545,107.637,61894.52,6660450.728844
1788465480000,2026-09-03T19:58:00Z,107.636,107.81,107.605,107.774,87121.48,9382852.71378
1788465540000,2026-09-03T19:59:00Z,107.773,107.886,107.77,107.886,134316.81215,14481864.074157205
1788465600000,2026-09-03T20:00:00Z,107.891,107.915,107.891,107.915,482363.479221,52043498.1545475867
1788465720000,2026-09-03T20:02:00Z,107.915,107.915,107.915,107.915,147,15863.505
1788465840000,2026-09-03T20:04:00Z,107.915,107.915,107.915,107.915,12.0001,1294.9907915
1788465900000,2026-09-03T20:05:00Z,107.915,107.915,107.915,107.915,0,0
1788466020000,2026-09-03T20:07:00Z,107.915,107.915,107.915,107.915,0,0
1788466140000,2026-09-03T20:09:00Z,107.915,108.297,107.915,108.297,402,43384.1214
1788466200000,2026-09-03T20:10:00Z,108.322,108.322,107.956,107.956,344.273841,37266.5071845747
1788466260000,2026-09-03T20:11:00Z,107.996,108.389,107.868,107.868,1209,130922.7309
1788466320000,2026-09-03T20:12:00Z,107.863,107.863,107.835,107.835,1,107.835
1788466380000,2026-09-03T20:13:00Z,107.887,108.139,107.836,107.836,0,0
1788466500000,2026-09-03T20:15:00Z,107.835,107.835,107.835,107.835,0,0
1788466740000,2026-09-03T20:19:00Z,107.835,107.835,107.835,107.835,210,22645.35
1788466800000,2026-09-03T20:20:00Z,107.835,107.835,107.835,107.835,1367,147410.445
1788466920000,2026-09-03T20:22:00Z,107.835,107.835,107.835,107.835,200,21567
1788467040000,2026-09-03T20:24:00Z,107.835,108.562,107.835,107.868,340,36779.058
1788467100000,2026-09-03T20:25:00Z,107.862,107.862,107.835,107.835,0,0
1788467160000,2026-09-03T20:26:00Z,107.813,107.813,107.722,107.722,0,0
1788467220000,2026-09-03T20:27:00Z,107.72,107.72,107.706,107.706,0,0
1788467340000,2026-09-03T20:29:00Z,107.705,107.705,107.111,107.111,2296,247273.46
1788467400000,2026-09-03T20:30:00Z,107.106,107.106,106.956,106.956,0,0
1788467580000,2026-09-03T20:33:00Z,106.961,106.989,106.961,106.989,0,0
1788467640000,2026-09-03T20:34:00Z,106.748,106.748,105.618,105.618,1992.014888,212568.1078999688
1788467700000,2026-09-03T20:35:00Z,105.624,105.959,105.624,105.959,476,50280.1656
1788467760000,2026-09-03T20:36:00Z,105.96,105.96,105.96,105.96,0,0
1788468000000,2026-09-03T20:40:00Z,105.96,105.96,105.96,105.96,0,0
1788468180000,2026-09-03T20:43:00Z,105.96,105.96,105.96,105.96,0,0
1788468300000,2026-09-03T20:45:00Z,105.89,105.89,105.541,105.541,100,10589
1788468360000,2026-09-03T20:46:00Z,105.54,105.54,105.536,105.536,0,0
1788468420000,2026-09-03T20:47:00Z,105.533,105.533,105.52,105.52,0,0
1788468540000,2026-09-03T20:49:00Z,105.518,105.518,105.511,105.511,0,0
1788468600000,2026-09-03T20:50:00Z,105.51,105.51,105.51,105.51,1,105.51
1788468660000,2026-09-03T20:51:00Z,105.533,105.533,105.495,105.495,47,4959.769
1788468720000,2026-09-03T20:52:00Z,105.495,105.495,105.495,105.495,1,105.495
1788468780000,2026-09-03T20:53:00Z,105.521,105.893,105.521,105.893,0,0
1788468840000,2026-09-03T20:54:00Z,105.894,105.895,105.894,105.895,0,0
1788469140000,2026-09-03T20:59:00Z,105.895,106.099,105.895,106.099,140,14825.3
1788469200000,2026-09-03T21:00:00Z,106.1,106.1,106.1,106.1,0,0
1788469260000,2026-09-03T21:01:00Z,106.1,106.1,106.1,106.1,7,742.7
1788469320000,2026-09-03T21:02:00Z,106.1,106.1,106.1,106.1,71,7533.1
1788469380000,2026-09-03T21:03:00Z,105.867,105.867,104.701,104.701,0,0
1788469440000,2026-09-03T21:04:00Z,104.7,104.7,104.7,104.7,1,104.7
1788469500000,2026-09-03T21:05:00Z,104.7,104.7,104.7,104.7,0,0
1788469620000,2026-09-03T21:07:00Z,104.7,104.7,104.7,104.7,290092,30372632.4
1788469680000,2026-09-03T21:08:00Z,104.7,104.7,104.7,104.7,0,0
1788470040000,2026-09-03T21:14:00Z,104.779,105.042,104.779,105.042,0,0
1788470100000,2026-09-03T21:15:00Z,105.065,105.174,105.065,105.174,0,0
1788470520000,2026-09-03T21:22:00Z,105.175,105.175,105.175,105.175,0,0
1788470580000,2026-09-03T21:23:00Z,105.175,105.175,105.175,105.175,300,31552.5
1788470640000,2026-09-03T21:24:00Z,105.175,105.175,105.175,105.175,0,0
1788470940000,2026-09-03T21:29:00Z,105.175,105.175,105.175,105.175,0,0
1788471240000,2026-09-03T21:34:00Z,105.308,106.164,105.308,106.164,0,0
1788471420000,2026-09-03T21:37:00Z,106.165,106.165,106.165,106.165,0,0
1788472080000,2026-09-03T21:48:00Z,106.165,106.165,106.165,106.165,0,0
1788472440000,2026-09-03T21:54:00Z,106.165,106.165,106.165,106.165,0,0
1788472500000,2026-09-03T21:55:00Z,106.165,106.165,106.165,106.165,2,212.33
1788472560000,2026-09-03T21:56:00Z,106.202,106.383,106.202,106.383,0,0
1788472620000,2026-09-03T21:57:00Z,106.385,106.389,106.385,106.389,0,0
1788472740000,2026-09-03T21:59:00Z,106.39,106.39,106.39,106.39,0,0
1788472800000,2026-09-03T22:00:00Z,106.415,106.598,106.415,106.598,25,2663.075
1788472860000,2026-09-03T22:01:00Z,106.599,106.674,106.167,106.167,447,47683.278
1788472920000,2026-09-03T22:02:00Z,106.166,106.166,106.166,106.166,0,0
1788473040000,2026-09-03T22:04:00Z,106.165,106.165,106.165,106.165,6,636.99
1788473100000,2026-09-03T22:05:00Z,106.104,106.104,105.8,105.8,0,0
1788473340000,2026-09-03T22:09:00Z,105.8,105.8,105.8,105.8,0,0
1788473580000,2026-09-03T22:13:00Z,105.8,105.8,105.8,105.8,1,105.8
1788473640000,2026-09-03T22:14:00Z,105.861,106.163,105.861,106.163,0,0
1788473700000,2026-09-03T22:15:00Z,106.164,106.164,106.164,106.164,0,0
1788473760000,2026-09-03T22:16:00Z,106.165,106.165,106.165,106.165,0,0
1788473940000,2026-09-03T22:19:00Z,106.165,106.165,106.165,106.165,0,0
1788474060000,2026-09-03T22:21:00Z,106.165,106.165,106.165,106.165,0,0
1788474360000,2026-09-03T22:26:00Z,106.165,106.165,106.165,106.165,20,2123.3
1788474420000,2026-09-03T22:27:00Z,106.165,106.165,106.165,106.165,0,0
1788474780000,2026-09-03T22:33:00Z,106.165,106.165,106.165,106.165,0,0
1788475320000,2026-09-03T22:42:00Z,106.165,106.165,106.165,106.165,25,2654.125
1788475380000,2026-09-03T22:43:00Z,106.165,106.165,106.165,106.165,0,0
1788476040000,2026-09-03T22:54:00Z,106.165,106.165,106.165,106.165,0,0
1788476460000,2026-09-03T23:01:00Z,106.165,106.165,106.165,106.165,0,0
1788478080000,2026-09-03T23:28:00Z,106.165,106.165,106.165,106.165,0,0
1788478200000,2026-09-03T23:30:00Z,106.165,106.165,106.165,106.165,0,0
1788478740000,2026-09-03T23:39:00Z,106.364,107.347,106.364,107.347,1,106.364
1788478800000,2026-09-03T23:40:00Z,107.35,107.359,107.35,107.359,0,0
1788478980000,2026-09-03T23:43:00Z,107.36,107.36,107.36,107.36,0,0
1788479100000,2026-09-03T23:45:00Z,107.36,107.36,107.36,107.36,0,0
1788479400000,2026-09-03T23:50:00Z,107.36,107.36,107.36,107.36,0,0
1788479700000,2026-09-03T23:55:00Z,107.3,107.3,107.002,107.002,0,0
1788479760000,2026-09-03T23:56:00Z,107.001,107.001,107.001,107.001,0,0
1788479940000,2026-09-03T23:59:00Z,107,107,107,107,0,0
1788482340000,2026-09-04T00:39:00Z,107.48,107.5,107.48,107.5,320,34398.8
1788482760000,2026-09-04T00:46:00Z,107.5,107.5,107.5,107.5,2,215
1788491700000,2026-09-04T03:15:00Z,107.85,107.85,107.85,107.85,3,323.55
1788495300000,2026-09-04T04:15:00Z,108.02,108.03,108.02,108.02,240,25925.2
1788498900000,2026-09-04T05:15:00Z,108.55,108.55,108.55,108.55,1,108.55
1788498960000,2026-09-04T05:16:00Z,108.6,108.6,108.6,108.6,35,3801
1788499560000,2026-09-04T05:26:00Z,108.61,108.61,108.61,108.61,5,543.05
1788501780000,2026-09-04T06:03:00Z,108.54,108.61,108.54,108.61,99,10751.68
1788501840000,2026-09-04T06:04:00Z,108.61,108.61,108.6,108.6,4,434.41
1788506700000,2026-09-04T07:25:00Z,108.59,108.6,108.59,108.6,170,18460.8
1788507000000,2026-09-04T07:30:00Z,108.68,108.68,108.68,108.68,100,10868
1788507720000,2026-09-04T07:42:00Z,108.76,108.76,108.76,108.76,100,10876
1788508800000,2026-09-04T08:00:00Z,107.32,108.92,107.32,108.92,507.029482,55168.9652833524
1788508860000,2026-09-04T08:01:00Z,108.92,108.92,108.92,108.92,0,0
1788509340000,2026-09-04T08:09:00Z,108.92,108.92,108.92,108.92,0,0
1788510480000,2026-09-04T08:28:00Z,108.92,108.92,108.92,108.92,0,0
1788512400000,2026-09-04T09:00:00Z,108.92,109.423,108.92,109.423,10,1089.2
1788512460000,2026-09-04T09:01:00Z,109.432,109.474,109.432,109.446,0,0
1788512520000,2026-09-04T09:02:00Z,109.442,109.442,109.42,109.42,0,0
1788514140000,2026-09-04T09:29:00Z,109.41,109.41,109.357,109.357,0,0
1788514200000,2026-09-04T09:30:00Z,109.356,109.356,109.356,109.356,0,0
1788514920000,2026-09-04T09:42:00Z,109.355,109.355,109.355,109.355,0,0
1788515040000,2026-09-04T09:44:00Z,109.355,109.355,109.355,109.355,100,10935.5
1788515100000,2026-09-04T09:45:00Z,109.31,109.31,109.087,109.087,5,545.74
1788515160000,2026-09-04T09:46:00Z,109.077,109.077,108.936,108.936,0,0
1788515700000,2026-09-04T09:55:00Z,108.935,108.935,108.935,108.935,0,0
1788516000000,2026-09-04T10:00:00Z,109.252,110.83,109.252,110.83,7,771.1641
1788516060000,2026-09-04T10:01:00Z,110.832,110.839,110.832,110.839,0,0
1788516240000,2026-09-04T10:04:00Z,110.84,110.84,110.84,110.84,0,0
1788516660000,2026-09-04T10:11:00Z,110.84,110.84,110.84,110.84,4,443.36
1788516720000,2026-09-04T10:12:00Z,110.84,110.84,110.84,110.84,10,1108.4
1788516780000,2026-09-04T10:13:00Z,110.84,110.84,110.84,110.84,0,0
1788517560000,2026-09-04T10:26:00Z,110.84,110.84,110.84,110.84,0,0
1788517680000,2026-09-04T10:28:00Z,110.84,110.84,110.84,110.84,0,0
1788517740000,2026-09-04T10:29:00Z,110.84,110.84,110.84,110.84,0,0
1788517860000,2026-09-04T10:31:00Z,110.84,110.84,110.84,110.84,10,1108.4
1788517920000,2026-09-04T10:32:00Z,110.84,110.84,110.84,110.84,0,0
1788518100000,2026-09-04T10:35:00Z,110.84,110.84,110.84,110.84,0,0
1788518940000,2026-09-04T10:49:00Z,110.84,110.84,110.84,110.84,10,1108.4
1788519000000,2026-09-04T10:50:00Z,110.84,110.84,110.84,110.84,0,0
1788519420000,2026-09-04T10:57:00Z,110.84,110.84,110.84,110.84,0,0
1788519480000,2026-09-04T10:58:00Z,110.84,110.84,110.84,110.84,0,0
1788519600000,2026-09-04T11:00:00Z,110.657,110.657,109.332,109.332,3,331.971
1788519660000,2026-09-04T11:01:00Z,109.331,109.331,109.331,109.331,0,0
1788519840000,2026-09-04T11:04:00Z,109.319,109.319,109.265,109.265,0,0
1788520320000,2026-09-04T11:12:00Z,109.276,109.329,109.276,109.329,0,0
1788520440000,2026-09-04T11:14:00Z,109.33,109.33,109.33,109.33,0,0
1788520560000,2026-09-04T11:16:00Z,109.33,109.738,109.33,109.738,25,2733.25
1788520620000,2026-09-04T11:17:00Z,109.739,109.74,109.739,109.74,0,0
1788521160000,2026-09-04T11:26:00Z,109.74,109.74,109.74,109.74,1,109.74
1788521280000,2026-09-04T11:28:00Z,109.74,109.74,109.74,109.74,2,219.48
1788521340000,2026-09-04T11:29:00Z,109.74,109.74,109.74,109.74,0,0
1788521400000,2026-09-04T11:30:00Z,109.74,109.74,109.74,109.74,0,0
1788521760000,2026-09-04T11:36:00Z,109.74,109.74,109.74,109.74,101,11083.74
1788521820000,2026-09-04T11:37:00Z,109.608,109.608,108.993,108.993,1481,162329.448
1788521880000,2026-09-04T11:38:00Z,108.986,108.986,108.951,108.951,0,0
1788521940000,2026-09-04T11:39:00Z,108.95,108.95,108.95,108.95,0,0
1788522060000,2026-09-04T11:41:00Z,108.95,108.95,108.95,108.95,0,0
1788522240000,2026-09-04T11:44:00Z,108.95,108.95,108.95,108.95,0,0
1788522420000,2026-09-04T11:47:00Z,108.95,108.95,108.95,108.95,0,0
1788522720000,2026-09-04T11:52:00Z,108.95,108.95,108.95,108.95,0,0
1788522780000,2026-09-04T11:53:00Z,108.95,108.95,108.95,108.95,105,11439.75
1788522840000,2026-09-04T11:54:00Z,108.95,108.95,108.95,108.95,0,0
1788522900000,2026-09-04T11:55:00Z,108.95,108.95,108.95,108.95,0,0
1788523140000,2026-09-04T11:59:00Z,109,109.249,109,109.249,0,0
1788523260000,2026-09-04T12:01:00Z,109.25,109.25,109.25,109.25,20,2185
1788523320000,2026-09-04T12:02:00Z,109.25,109.25,109.25,109.25,5,546.25
1788523380000,2026-09-04T12:03:00Z,109.25,109.25,109.25,109.25,10,1092.5
1788523440000,2026-09-04T12:04:00Z,109.25,109.25,109.25,109.25,15,1638.75
1788523560000,2026-09-04T12:06:00Z,109.25,109.25,109.25,109.25,0,0
1788523800000,2026-09-04T12:10:00Z,109.25,109.25,109.25,109.25,0,0
1788523980000,2026-09-04T12:13:00Z,109.25,109.683,109.25,109.683,6,655.572
1788524040000,2026-09-04T12:14:00Z,109.684,110.197,109.068,109.068,903,99252.342
1788524100000,2026-09-04T12:15:00Z,108.974,108.974,108.501,108.501,0,0
1788524220000,2026-09-04T12:17:00Z,108.5,109.846,108.5,109.846,3122.014305,339437.258893959
1788524280000,2026-09-04T12:18:00Z,109.847,109.85,109.847,109.85,0,0
1788524520000,2026-09-04T12:22:00Z,109.85,109.85,109.85,109.85,0,0
1788524700000,2026-09-04T12:25:00Z,109.85,109.85,109.85,109.85,1,109.85
1788524820000,2026-09-04T12:27:00Z,109.85,109.85,109.85,109.85,1,109.85
1788524880000,2026-09-04T12:28:00Z,109.85,109.85,109.85,109.85,0,0
1788525000000,2026-09-04T12:30:00Z,109.85,109.85,109.468,109.468,125,13731.25
1788525060000,2026-09-04T12:31:00Z,109.462,109.462,109.09,109.09,0,0
1788525120000,2026-09-04T12:32:00Z,109.051,109.051,108.855,108.855,0,0
1788525180000,2026-09-04T12:33:00Z,108.855,108.855,108.855,108.855,0,0
1788525420000,2026-09-04T12:37:00Z,108.855,108.855,108.855,108.855,0,0
1788525660000,2026-09-04T12:41:00Z,108.855,108.855,108.855,108.855,0,0
1788525840000,2026-09-04T12:44:00Z,108.855,108.855,107.928,107.928,1806.014305,196520.9047942835
1788525900000,2026-09-04T12:45:00Z,107.926,107.926,107.915,107.915,48,5180.448
1788525960000,2026-09-04T12:46:00Z,107.888,107.888,107.765,107.765,0,0
1788526020000,2026-09-04T12:47:00Z,107.763,107.763,107.75,107.75,0,0
1788526140000,2026-09-04T12:49:00Z,107.75,107.75,107.75,107.75,0,0
1788526200000,2026-09-04T12:50:00Z,107.75,107.75,107.75,107.75,4,431
1788526320000,2026-09-04T12:52:00Z,107.75,107.75,107.75,107.75,1,107.75
1788526440000,2026-09-04T12:54:00Z,107.75,107.75,107.75,107.75,5,538.75
1788526500000,2026-09-04T12:55:00Z,107.75,107.75,107.75,107.75,0,0
1788526620000,2026-09-04T12:57:00Z,107.75,107.75,107.75,107.75,0,0
1788527040000,2026-09-04T13:04:00Z,107.75,107.75,107.75,107.75,0,0
1788527280000,2026-09-04T13:08:00Z,107.75,107.75,107.75,107.75,0,0
1788527520000,2026-09-04T13:12:00Z,107.75,107.75,107.75,107.75,0,0
1788527820000,2026-09-04T13:17:00Z,107.792,107.998,107.792,107.998,0,0
1788527880000,2026-09-04T13:18:00Z,107.999,107.999,107.999,107.999,0,0
1788528000000,2026-09-04T13:20:00Z,108.5,109,108.5,109,5,543
1788528060000,2026-09-04T13:21:00Z,108.44,108.44,108.44,108.44,2500,271100
1788528480000,2026-09-04T13:28:00Z,108.44,108.44,108.44,108.44,334,36218.96
1788528600000,2026-09-04T13:30:00Z,107.67,108.85,107.06,108.85,122147.379275,13244538.05269167
1788528660000,2026-09-04T13:31:00Z,108.195,109.17,107,107.535,91930.45166,9960094.468560708
1788528720000,2026-09-04T13:32:00Z,109.38,109.4,108.85,109.24,3661.323282,398996.7321115602
1788528780000,2026-09-04T13:33:00Z,109.1,109.5,108.695,109.48,7365.252141,803644.0203357189
1788528840000,2026-09-04T13:34:00Z,109.315,110.49,109.315,110.44,30523.946159,3338416.2009882936
1788528900000,2026-09-04T13:35:00Z,110.445,110.8,110.12,110.475,4022.845075,444357.4327168875
1788528960000,2026-09-04T13:36:00Z,110.48,110.48,109.96,109.96,3460.15,382058.69052
1788529020000,2026-09-04T13:37:00Z,109.99,109.99,109.99,109.99,2966,326271.2708
1788529080000,2026-09-04T13:38:00Z,110.27,110.3099,109.71,110,23211.072194,2554949.4873256724
1788529140000,2026-09-04T13:39:00Z,109.93,110.44,109.93,110.35,27352.58152,3013163.115501352
1788529200000,2026-09-04T13:40:00Z,110.145,110.29,109.76,110.08,2895.078359,318811.5295419621
1788529260000,2026-09-04T13:41:00Z,110.1,110.1,110.1,110.1,410.054,45077.7692902
1788529320000,2026-09-04T13:42:00Z,109.83,110.12,109.81,110.12,5322,585594.5616
1788529380000,2026-09-04T13:43:00Z,110.38,110.43,109.64,110.16,29212.440027,3216806.7071611779
1788529440000,2026-09-04T13:44:00Z,110.165,110.21,109.57,109.865,6299.2,692962.3936
1788529500000,2026-09-04T13:45:00Z,109.865,110.5,109.865,110.4606,17400.09105,1916240.70717261
1788529560000,2026-09-04T13:46:00Z,110.335,110.9,110.335,110.9,17791.05,1968545.879505
1788529620000,2026-09-04T13:47:00Z,110.71,110.99,110.62,110.62,4342,481090.9948
1788529680000,2026-09-04T13:48:00Z,110.87,110.95,110.83,110.89,4919.078568,545095.3938165
1788529740000,2026-09-04T13:49:00Z,110.89,110.89,110.435,110.6699,7867.615593,870561.8932657209
1788529800000,2026-09-04T13:50:00Z,110.25,110.485,110.23,110.23,2349.373651,259404.4471136093
1788529860000,2026-09-04T13:51:00Z,110.14,110.15,109.86,110.0205,4736.181677,521269.8387886324
1788529920000,2026-09-04T13:52:00Z,110.085,110.085,109.64,110.04,17868.054,1965259.0157142
1788529980000,2026-09-04T13:53:00Z,109.91,110.31,109.91,110.18,11869.145032,1306474.7749363424
1788530040000,2026-09-04T13:54:00Z,110.18,110.46,110.07,110.32,7083.9939,780452.81715507
1788530100000,2026-09-04T13:55:00Z,110.35,110.605,110.32,110.41,2881,318174.2319
1788530220000,2026-09-04T13:57:00Z,110.96,111.18,110.9,111.18,2021.325594,224123.9754650418
1788530280000,2026-09-04T13:58:00Z,111.26,111.46,111.05,111.42,38075,4235855.475
1788530340000,2026-09-04T13:59:00Z,111.59,111.59,111.5,111.5,3435.531802,383051.489327594
1788530400000,2026-09-04T14:00:00Z,111.445,111.63,111.31,111.63,18984.527843,2107305.3720064116
1788530460000,2026-09-04T14:01:00Z,111.395,111.495,111.35,111.4425,5999.659204,668282.8398241072
1788530520000,2026-09-04T14:02:00Z,111.58,111.63,111.285,111.38,35179.208341,3917799.3773913129
1788530580000,2026-09-04T14:03:00Z,111.33,111.43,110.93,110.93,33221.96564,3696604.794566236
1788530640000,2026-09-04T14:04:00Z,110.83,111.08,110.55,110.92,93377.509773,10343987.022613848
1788530700000,2026-09-04T14:05:00Z,110.925,111.0966,110.69,110.695,3059.15506,339009.44543908
1788530760000,2026-09-04T14:06:00Z,110.695,110.91,110.695,110.88,8824.999053,977099.4826486335
1788530820000,2026-09-04T14:07:00Z,110.815,111.1299,110.735,110.96,6968.206518,772409.6656453086
1788530880000,2026-09-04T14:08:00Z,110.83,110.97,110.77,110.97,5796.55897,642338.146733889
1788530940000,2026-09-04T14:09:00Z,110.935,110.945,110.66,110.775,6885.376979,763334.2365605749
1788531000000,2026-09-04T14:10:00Z,110.745,111,110.66,110.705,13124.744921,1454100.9895935268
1788531060000,2026-09-04T14:11:00Z,110.745,110.84,110.4,110.4,5159.30513,571429.674213923
1788531120000,2026-09-04T14:12:00Z,110.46,110.46,109.79,109.84,10741.096717,1184442.217177024
1788531180000,2026-09-04T14:13:00Z,110.13,110.235,110.035,110.235,12280.386114,1353183.1141333284
1788531240000,2026-09-04T14:14:00Z,110.235,110.37,110.1001,110.1001,11047.39045,1218491.81498556
1788531300000,2026-09-04T14:15:00Z,110.28,110.28,109.71,109.93,13891.56996,1528182.439002684
1788531360000,2026-09-04T14:16:00Z,109.93,109.985,109.79,109.985,4784.96849,525737.407411223
1788531420000,2026-09-04T14:17:00Z,109.99,110.01,109.835,109.965,11103,1220557.2312
1788531480000,2026-09-04T14:18:00Z,109.955,109.96,109.64,109.7858,9373.903143,1030084.1555295555
1788531540000,2026-09-04T14:19:00Z,109.7,109.76,109.54,109.65,11584.73319,1270360.989095658
1788531600000,2026-09-04T14:20:00Z,109.65,109.65,109.11,109.13,17323.708856,1895738.6572247368
1788531660000,2026-09-04T14:21:00Z,109.13,109.315,109,109.07,46723.40099,5103718.570980274
1788531720000,2026-09-04T14:22:00Z,109.14,109.25,108.99,109,24207.613997,2642478.936298523
1788531780000,2026-09-04T14:23:00Z,109.07,109.31,108.35,108.35,31985.00539,3485294.089829435
1788531840000,2026-09-04T14:24:00Z,108.6,108.63,108.31,108.48,16144.04551,1753043.156221676
1788531900000,2026-09-04T14:25:00Z,108.565,108.67,108.19,108.275,29687.808265,3223282.531632539
1788531960000,2026-09-04T14:26:00Z,108.2,108.2,107.33,107.54,16159.50568,1744371.775589528
1788532020000,2026-09-04T14:27:00Z,107.545,108,107.49,108,37416.272258,4029732.5221866
1788532080000,2026-09-04T14:28:00Z,108.025,108.29,107.88,108.22,25570.35849,2762176.607021874
1788532140000,2026-09-04T14:29:00Z,108.295,108.295,108.21,108.29,2625.1985,284266.73185415
1788532200000,2026-09-04T14:30:00Z,108.5575,108.59,108.2,108.59,13928.9509,1509635.02038799
1788532260000,2026-09-04T14:31:00Z,108.585,108.8,108.585,108.63,8810.503412,956961.638597792
1788532320000,2026-09-04T14:32:00Z,108.67,108.695,108.64,108.695,2338.75,254121.324875
1788532380000,2026-09-04T14:33:00Z,108.57,108.74,108.57,108.68,2282.401458,248035.6418853798
1788532440000,2026-09-04T14:34:00Z,108.685,108.74,108.4,108.74,7634.650236,829441.3805444412
1788532500000,2026-09-04T14:35:00Z,108.76,109.1,108.73,109.04,13098.07091,1425273.135107105
1788532560000,2026-09-04T14:36:00Z,109.03,109.2,108.93,109.2,7753.681096,845490.8506960048
1788532620000,2026-09-04T14:37:00Z,109.309,109.32,109.07,109.315,7379.719756,805657.2892580808
1788532680000,2026-09-04T14:38:00Z,109.2,109.27,109.15,109.27,4053.566808,442806.7738257504
1788532740000,2026-09-04T14:39:00Z,109.12,109.36,108.98,109.36,6373.05626,695538.790270124
1788532800000,2026-09-04T14:40:00Z,109.23,109.42,109.22,109.325,5707.523103,623745.5208067344
1788532860000,2026-09-04T14:41:00Z,109.315,109.315,109.04,109.24,5159.47,563639.592839
1788532920000,2026-09-04T14:42:00Z,109.24,109.41,109.07,109.4,4086.29193,446382.852770463
1788532980000,2026-09-04T14:43:00Z,109.4,109.42,109.07,109.26,6199.70125,677339.060516875
1788533040000,2026-09-04T14:44:00Z,109.41,109.41,109.15,109.32,7122.64396,778212.244161244
1788533100000,2026-09-04T14:45:00Z,109.245,109.245,108.79,108.8,25176.39082,2745681.794769396
1788533160000,2026-09-04T14:46:00Z,108.79,109.145,108.74,108.935,13597.526975,1481154.137838195
1788533220000,2026-09-04T14:47:00Z,109,109.17,109,109.135,2755.534803,300569.3274555552
1788533280000,2026-09-04T14:48:00Z,109.135,109.3,108.83,108.945,17378.07248,1894863.315845248
1788533340000,2026-09-04T14:49:00Z,108.84,108.925,108.7,108.82,18201.4381,1981173.75301451
1788533400000,2026-09-04T14:50:00Z,108.7,109.015,108.7,109.015,6462.697,703511.7461381
1788533460000,2026-09-04T14:51:00Z,108.945,108.98,108.88,108.94,4186.00588,456025.154969552
1788533520000,2026-09-04T14:52:00Z,109.04,109.04,108.87,108.87,2042.10633,222524.446778073
1788533580000,2026-09-04T14:53:00Z,109.03,109.14,108.945,109.005,11645.39677,1269138.63078814
1788533640000,2026-09-04T14:54:00Z,109.07,109.07,108.83,109.03,7878.46567,858759.848649103
1788533700000,2026-09-04T14:55:00Z,108.905,109.03,108.9,108.99,9607.64727,1046635.956769806
1788533760000,2026-09-04T14:56:00Z,108.98,109.04,108.73,108.73,9475,1032065.3225
1788533820000,2026-09-04T14:57:00Z,108.72,108.75,108.6,108.63,9280.167897,1008887.8848216168
1788533880000,2026-09-04T14:58:00Z,108.63,108.65,108.4,108.65,15891.307149,1725726.0346299444
1788533940000,2026-09-04T14:59:00Z,108.63,108.63,108.38,108.53,21850.96782,2371594.7923437
1788534000000,2026-09-04T15:00:00Z,108.53,108.54,108.2,108.3,11565.02681,1254732.549216097
1788534060000,2026-09-04T15:01:00Z,108.325,108.325,108.15,108.155,8108.434965,878428.923620268
1788534120000,2026-09-04T15:02:00Z,108.27,108.27,108,108.21,10339.44705,1118240.14890924
1788534180000,2026-09-04T15:03:00Z,108.24,108.375,108.07,108.305,26677.35559,2887239.508530079
1788534240000,2026-09-04T15:04:00Z,108.16,108.2825,108.13,108.18,4436.46728,480114.4890416
1788534300000,2026-09-04T15:05:00Z,108.14,108.3,108.14,108.26,8600.629801,930840.1429213693
1788534360000,2026-09-04T15:06:00Z,108.15,108.255,108.03,108.24,34956.86907,3782368.19024307
1788534420000,2026-09-04T15:07:00Z,108.3,108.47,107.82,107.82,94549.692927,10245905.8389422331
1788534480000,2026-09-04T15:08:00Z,107.83,107.92,107.61,107.62,22200.17432,2393824.816768712
1788534540000,2026-09-04T15:09:00Z,107.63,107.935,107.63,107.935,9657.077361,1040672.7305302347
1788534600000,2026-09-04T15:10:00Z,107.99,108.21,107.77,108,30540.672832,3297427.5805945088
1788534660000,2026-09-04T15:11:00Z,108.01,108.06,107.915,108.05,5760.31204,621760.017160744
1788534780000,2026-09-04T15:13:00Z,107.89,107.91,107.84,107.86,9437.037,1018025.0848935
1788534840000,2026-09-04T15:14:00Z,107.975,107.99,107.86,107.99,2592.029491,279780.5528231508
1788534900000,2026-09-04T15:15:00Z,107.9925,108.005,107.54,107.62,12038.15983,1297406.656598335
1788534960000,2026-09-04T15:16:00Z,107.7,107.88,107.67,107.74,7047.051,759011.0844162
1788535020000,2026-09-04T15:17:00Z,107.6,107.6,107.5,107.58,3430.357649,369192.241973625
1788535080000,2026-09-04T15:18:00Z,107.645,107.645,107.54,107.54,3083.67111,331668.871742715
1788535140000,2026-09-04T15:19:00Z,107.54,107.54,107.32,107.32,6665.02128,716171.199582816
1788535200000,2026-09-04T15:20:00Z,107.44,107.51,107.32,107.51,16718.517252,1796433.1002067284
1788535260000,2026-09-04T15:21:00Z,107.42,107.69,107.4,107.57,8660.33363,930732.117449641
1788535320000,2026-09-04T15:22:00Z,107.68,107.69,107.52,107.52,3701.5087,398223.85228254
1788535380000,2026-09-04T15:23:00Z,107.57,107.71,107.55,107.55,7286.4229,783940.41067268
1788535440000,2026-09-04T15:24:00Z,107.55,107.55,107.175,107.22,22839.214144,2453223.9410066432
1788535500000,2026-09-04T15:25:00Z,107.28,107.375,107.11,107.35,14657.18556,1571816.059394616
1788535560000,2026-09-04T15:26:00Z,107.3625,107.42,107.28,107.42,4896.771375,525591.038118525
1788535620000,2026-09-04T15:27:00Z,107.42,107.48,107.335,107.48,4641.06559,498484.788251366
1788535680000,2026-09-04T15:28:00Z,107.51,107.53,107.46,107.46,6855.92542,736978.388615442
1788535740000,2026-09-04T15:29:00Z,107.35,107.44,107.315,107.37,8912.92694,957144.072110802
1788535800000,2026-09-04T15:30:00Z,107.35,107.37,107.16,107.34,7332.794444,787589.786449486
1788535860000,2026-09-04T15:31:00Z,107.24,107.4,107.23,107.29,5888.345479,631762.9417801016
1788535920000,2026-09-04T15:32:00Z,107.24,107.445,107.16,107.27,10486.47846,1125163.484731236
1788535980000,2026-09-04T15:33:00Z,107.24,107.24,107.11,107.18,7021.78362,753375.590730144
1788536040000,2026-09-04T15:34:00Z,107.16,107.205,107.09,107.205,5235.037334,561102.8185402548
1788536100000,2026-09-04T15:35:00Z,107.14,107.46,107.14,107.17,38621,4145612.8989
1788536160000,2026-09-04T15:36:00Z,107.3,107.3,107.11,107.12,4445.283235,476569.036001233
1788536220000,2026-09-04T15:37:00Z,107.25,107.39,107.2,107.27,6443,691008.5285
1788536280000,2026-09-04T15:38:00Z,107.355,107.355,107.15,107.285,7921,849748.2459
1788536340000,2026-09-04T15:39:00Z,107.35,107.83,107.35,107.83,6891,740460.6903
1788536400000,2026-09-04T15:40:00Z,107.805,107.805,107.67,107.67,8930.0092,962412.98851068
1788536460000,2026-09-04T15:41:00Z,107.67,107.835,107.58,107.69,8535.0013,919568.72156317
1788536520000,2026-09-04T15:42:00Z,107.67,107.81,107.58,107.68,7169.046161,772679.0783279639
1788536580000,2026-09-04T15:43:00Z,107.6,107.74,107.59,107.74,1861.253729,200447.3480939092
1788536640000,2026-09-04T15:44:00Z,107.715,107.83,107.715,107.77,4685.516678,504814.2870260454
1788536700000,2026-09-04T15:45:00Z,107.64,107.73,107.61,107.61,4923.656848,530550.6131189792
1788536760000,2026-09-04T15:46:00Z,107.705,107.705,107.41,107.45,11050.93166,1188328.78326312
1788536820000,2026-09-04T15:47:00Z,107.505,107.66,107.505,107.65,3037.853711,326626.6893676379
1788536880000,2026-09-04T15:48:00Z,107.735,107.78,107.65,107.65,2010,216436.599
1788536940000,2026-09-04T15:49:00Z,107.76,107.76,107.62,107.68,3840.46,413748.501686
1788537000000,2026-09-04T15:50:00Z,107.66,107.66,107.46,107.57,5719,615644.0591
1788537060000,2026-09-04T15:51:00Z,107.49,107.585,107.4,107.4,7117.64506,765432.261516906
1788537120000,2026-09-04T15:52:00Z,107.43,107.5,107.42,107.46,5032,540777.4664
1788537180000,2026-09-04T15:53:00Z,107.495,107.57,107.42,107.49,4404,473370.9864
1788537240000,2026-09-04T15:54:00Z,107.43,107.59,107.43,107.53,6401,688206.7155
1788537300000,2026-09-04T15:55:00Z,107.53,107.6,107.46,107.6,6626.20547,712351.544293444
1788537360000,2026-09-04T15:56:00Z,107.6266,107.64,107.52,107.54,6619.0929,711817.250466
1788537420000,2026-09-04T15:57:00Z,107.53,107.58,107.4,107.55,7927.045293,852377.7408566454
1788537480000,2026-09-04T15:58:00Z,107.58,107.69,107.52,107.605,4919.858262,529126.3282056642
1788537540000,2026-09-04T15:59:00Z,107.52,107.615,107.52,107.54,2228.5386,239702.05752372
1788537600000,2026-09-04T16:00:00Z,107.62,107.735,107.49,107.49,9087.03,978283.297413
1788537660000,2026-09-04T16:01:00Z,107.62,107.87,107.54,107.87,15554.092923,1674732.5161587945
1788537720000,2026-09-04T16:02:00Z,107.81,107.92,107.77,107.85,4948,533312.2632
1788537780000,2026-09-04T16:03:00Z,107.88,108,107.88,107.89,10016,1080944.7488
1788537840000,2026-09-04T16:04:00Z,107.93,108.03,107.93,108.01,7024.027,758254.9530932
1788537900000,2026-09-04T16:05:00Z,108.045,108.15,108.03,108.105,6812.25338,735794.89370049
1788537960000,2026-09-04T16:06:00Z,108.105,108.23,108.1,108.18,11733,1268766.7278
1788538020000,2026-09-04T16:07:00Z,108.17,108.23,108.12,108.205,6432,695828.5536
1788538080000,2026-09-04T16:08:00Z,108.131,108.3,108.131,108.3,4078.129851,441294.8389896951
1788538140000,2026-09-04T16:09:00Z,108.36,108.36,108.32,108.35,2296.386546,248745.2795786838
1788538200000,2026-09-04T16:10:00Z,108.41,108.45,108.25,108.25,7426.0038,804681.771768
1788538260000,2026-09-04T16:11:00Z,108.22,108.245,108.13,108.2,7302,790814.6322
1788538320000,2026-09-04T16:12:00Z,108.16,108.25,108.11,108.185,14154,1531450.0614
1788538380000,2026-09-04T16:13:00Z,108.19,108.2351,108.16,108.19,6333,685385.7585
1788538440000,2026-09-04T16:14:00Z,108.31,108.58,108.28,108.44,14404.618097,1560795.1083587186
1788538500000,2026-09-04T16:15:00Z,108.425,108.55,108.42,108.55,3839,416363.7357
1788538560000,2026-09-04T16:16:00Z,108.59,108.79,108.545,108.58,10874.264226,1181322.4319122422
1788538620000,2026-09-04T16:17:00Z,108.72,108.73,108.65,108.73,5033.018205,546869.1359879415
1788538680000,2026-09-04T16:18:00Z,108.73,108.775,108.73,108.75,1163,126442.2904
1788538740000,2026-09-04T16:19:00Z,108.75,108.755,108.67,108.745,3251,353452.9463
1788538800000,2026-09-04T16:20:00Z,108.74,108.76,108.67,108.74,1822,198126.4664
1788538860000,2026-09-04T16:21:00Z,108.74,108.74,108.59,108.635,9020.556,980499.2570316
1788538920000,2026-09-04T16:22:00Z,108.63,108.635,108.56,108.61,2291,248785.115
1788538980000,2026-09-04T16:23:00Z,108.56,108.595,108.42,108.42,7579.604,822624.2756052
1788539040000,2026-09-04T16:24:00Z,108.43,108.43,108.36,108.37,6522,707282.8554
1788539100000,2026-09-04T16:25:00Z,108.465,108.465,108.33,108.33,6440.258199,698409.2922098157
1788539160000,2026-09-04T16:26:00Z,108.43,108.43,108.34,108.42,2534,274741.348
1788539220000,2026-09-04T16:27:00Z,108.405,108.53,108.4,108.43,3763,408007.4143
1788539280000,2026-09-04T16:28:00Z,108.44,108.65,108.44,108.6,5103.15,553902.02478
1788539340000,2026-09-04T16:29:00Z,108.52,108.7,108.48,108.57,9546.215218,1036636.8752239252
1788539400000,2026-09-04T16:30:00Z,108.575,108.7,108.575,108.7,3617.021,392740.8423073
1788539460000,2026-09-04T16:31:00Z,108.69,108.765,108.69,108.765,2457,267083.5167
1788539520000,2026-09-04T16:32:00Z,108.77,108.77,108.63,108.63,4545,494225.5725
1788539580000,2026-09-04T16:33:00Z,108.68,108.7,108.6,108.7,3221,350172.9476
1788539640000,2026-09-04T16:34:00Z,108.67,108.71,108.61,108.61,2908.459854,316164.7101210408
1788539700000,2026-09-04T16:35:00Z,108.67,108.7,108.62,108.7,6884,748149.678
1788539760000,2026-09-04T16:36:00Z,108.64,108.759,108.525,108.525,9379.4598,1019196.48846348
1788539820000,2026-09-04T16:37:00Z,108.585,108.585,108.58,108.58,3062.734006,332544.6140832662
1788539880000,2026-09-04T16:38:00Z,108.585,108.585,108.585,108.585,1563,169734.6102
1788539940000,2026-09-04T16:39:00Z,108.58,108.665,108.49,108.58,6166,669493.7978
1788540000000,2026-09-04T16:40:00Z,108.62,108.73,108.62,108.66,5357,582057.8709
1788540060000,2026-09-04T16:41:00Z,108.7,108.705,108.7,108.705,1535.036427,166827.2983754319
1788540120000,2026-09-04T16:42:00Z,108.65,108.73,108.63,108.69,1939.3796,210770.99917616
1788540180000,2026-09-04T16:43:00Z,108.74,108.75,108.68,108.68,4100,445719.61
1788540240000,2026-09-04T16:44:00Z,108.66,108.76,108.65,108.76,3317,360635.5178
1788540300000,2026-09-04T16:45:00Z,108.74,108.86,108.71,108.725,8306.14396,903547.323655176
1788540360000,2026-09-04T16:46:00Z,108.725,108.79,108.725,108.78,1914,208155.156
1788540420000,2026-09-04T16:47:00Z,108.765,108.82,108.71,108.76,3404.9408,370321.02091392
1788540480000,2026-09-04T16:48:00Z,108.74,108.785,108.74,108.785,6633.00919,721405.416203481
1788540540000,2026-09-04T16:49:00Z,108.785,108.95,108.785,108.86,5049.052553,549626.7333829422
1788540600000,2026-09-04T16:50:00Z,108.865,108.865,108.78,108.8,5668.1809,617098.25549154
1788540660000,2026-09-04T16:51:00Z,108.77,108.81,108.71,108.765,2393,260397.4059
1788540720000,2026-09-04T16:52:00Z,108.765,108.82,108.76,108.76,2207,240165.74
1788540780000,2026-09-04T16:53:00Z,108.8,108.86,108.72,108.8,5185.7817,564442.26051114
1788540840000,2026-09-04T16:54:00Z,108.86,108.86,108.83,108.86,2862,311376.7278
1788540900000,2026-09-04T16:55:00Z,108.845,108.885,108.78,108.78,3591.92638,390925.152411472
1788540960000,2026-09-04T16:56:00Z,108.845,108.845,108.78,108.78,1414,153885.62
1788541020000,2026-09-04T16:57:00Z,108.8,108.91,108.8,108.86,1791.009181,194976.423480384
1788541080000,2026-09-04T16:58:00Z,108.85,108.92,108.85,108.8601,7074.305,770434.26033
1788541140000,2026-09-04T16:59:00Z,108.935,108.96,108.91,108.91,4764,518947.7604
1788541200000,2026-09-04T17:00:00Z,108.85,108.855,108.74,108.79,5185.384938,564264.7737987654
1788541260000,2026-09-04T17:01:00Z,108.78,108.785,108.69,108.7,3624.8673,394304.36521248
1788541320000,2026-09-04T17:02:00Z,108.7,108.75,108.7,108.75,5683.13909,617671.97199665
1788541380000,2026-09-04T17:03:00Z,108.77,108.845,108.71,108.715,13235.996,1439720.3165076
1788541440000,2026-09-04T17:04:00Z,108.715,108.82,108.71,108.82,5402.92637,587636.859902399
1788541500000,2026-09-04T17:05:00Z,108.76,108.77,108.58,108.61,10406.426475,1131559.433041485
1788541560000,2026-09-04T17:06:00Z,108.61,108.6825,108.48,108.55,6685.036,726158.692982
1788541620000,2026-09-04T17:07:00Z,108.515,108.52,108.44,108.44,7038.076,763625.6155392
1788541680000,2026-09-04T17:08:00Z,108.495,108.495,108.48,108.48,4514,489633.58
1788541740000,2026-09-04T17:09:00Z,108.54,108.55,108.5,108.5,3979.123445,431706.6420060405
1788541800000,2026-09-04T17:10:00Z,108.53,108.53,108.53,108.53,1830,198563.784
1788541860000,2026-09-04T17:11:00Z,108.58,108.595,108.49,108.53,5732,622196.5628
1788541920000,2026-09-04T17:12:00Z,108.53,108.56,108.5,108.5,500,54265
1788541980000,2026-09-04T17:13:00Z,108.575,108.75,108.51,108.75,3173,344551.9451
1788542040000,2026-09-04T17:14:00Z,108.75,108.9,108.75,108.9,1323,143949.1473
1788542100000,2026-09-04T17:15:00Z,108.85,108.94,108.845,108.8678,3521.3698,383245.81722414
1788542160000,2026-09-04T17:16:00Z,108.86,108.88,108.74,108.74,3863.23137,420495.736406472
1788542220000,2026-09-04T17:17:00Z,108.765,108.85,108.765,108.8,4245.33559,461933.267413664
1788542280000,2026-09-04T17:18:00Z,108.845,108.845,108.745,108.755,3828.04595,416435.892693725
1788542340000,2026-09-04T17:19:00Z,108.755,108.77,108.755,108.77,1650.0918,179445.66814902
1788542400000,2026-09-04T17:20:00Z,108.75,108.765,108.65,108.705,5721,622163.3268
1788542460000,2026-09-04T17:21:00Z,108.78,108.7999,108.53,108.53,8002.036,869604.4580244
1788542520000,2026-09-04T17:22:00Z,108.585,108.585,108.585,108.585,2006.057,217776.1436801
1788542580000,2026-09-04T17:23:00Z,108.65,108.68,108.635,108.68,1274.067803,138429.6327112151
1788542640000,2026-09-04T17:24:00Z,108.67,108.7158,108.67,108.675,1669.5372,181454.98621176
1788542700000,2026-09-04T17:25:00Z,108.71,108.72,108.675,108.72,2899.3,315120.56805
1788542760000,2026-09-04T17:26:00Z,108.65,108.65,108.47,108.5,8343.19909,905977.143024283
1788542820000,2026-09-04T17:27:00Z,108.5,108.57,108.38,108.49,10444.5,1132970.27085
1788542880000,2026-09-04T17:28:00Z,108.455,108.455,108.42,108.44,2408,261185.6464
1788542940000,2026-09-04T17:29:00Z,108.41,108.4266,108.33,108.4266,9864.0844,1069062.56241292
1788543000000,2026-09-04T17:30:00Z,108.49,108.49,108.13,108.13,4260,461551.83
1788543060000,2026-09-04T17:31:00Z,108.13,108.21,108.13,108.21,2834.092,306510.7341196
1788543120000,2026-09-04T17:32:00Z,108.15,108.21,108.11,108.11,2386,258180.2318
1788543180000,2026-09-04T17:33:00Z,108.1498,108.1499,108.05,108.09,3874.73205,418921.30526421
1788543240000,2026-09-04T17:34:00Z,108.05,108.12,108.05,108.09,1903,205671.4825
1788543300000,2026-09-04T17:35:00Z,108.09,108.13,107.79,107.79,16733.374481,1808277.0532522321
1788543360000,2026-09-04T17:36:00Z,107.71,107.78,107.7,107.745,3452.009276,372061.3569774836
1788543420000,2026-09-04T17:37:00Z,107.7,107.98,107.64,107.98,29537.11118,3183905.640270212
1788543480000,2026-09-04T17:38:00Z,107.94,108,107.89,107.985,5440.101453,587174.6302788285
1788543540000,2026-09-04T17:39:00Z,107.985,107.995,107.88,107.94,4765.185,514193.4821655
1788543600000,2026-09-04T17:40:00Z,107.94,107.975,107.925,107.975,7941,856711.6086
1788543660000,2026-09-04T17:41:00Z,107.92,107.99,107.88,107.885,6367,687247.613
1788543720000,2026-09-04T17:42:00Z,107.83,107.84,107.72,107.8,4077,439610.679
1788543780000,2026-09-04T17:43:00Z,107.83,107.89,107.81,107.88,3722.369,401342.8476848
1788543840000,2026-09-04T17:44:00Z,107.83,107.895,107.83,107.885,2638.979109,284602.0214996595
1788543900000,2026-09-04T17:45:00Z,107.89,107.99,107.79,107.84,14868.046405,1604144.7495329005
1788543960000,2026-09-04T17:46:00Z,107.81,107.86,107.73,107.79,4473.35403,482252.167881165
1788544020000,2026-09-04T17:47:00Z,107.85,107.875,107.73,107.875,2537.692,273582.23029
1788544080000,2026-09-04T17:48:00Z,107.86,107.86,107.86,107.86,2208.9,238180.38564
1788544140000,2026-09-04T17:49:00Z,107.86,107.92,107.765,107.92,3273.628335,353009.747327724
1788544200000,2026-09-04T17:50:00Z,107.92,107.94,107.885,107.885,2200.2,237295.53036
1788544260000,2026-09-04T17:51:00Z,107.85,107.875,107.81,107.865,6701,722700.1696
1788544320000,2026-09-04T17:52:00Z,107.82,107.93,107.82,107.91,7397,797942.4986
1788544380000,2026-09-04T17:53:00Z,107.97,107.97,107.9,107.91,2569.067722,277264.3217359002
1788544440000,2026-09-04T17:54:00Z,107.91,107.94,107.88,107.91,2835.22967,305918.44616333
1788544500000,2026-09-04T17:55:00Z,107.94,107.94,107.86,107.86,1259,135860.5785
1788544560000,2026-09-04T17:56:00Z,107.88,107.94,107.88,107.9,3876.092046,418273.3563851106
1788544620000,2026-09-04T17:57:00Z,107.86,108.14,107.86,108.14,6858.331182,740236.1444680968
1788544680000,2026-09-04T17:58:00Z,108.245,108.245,108.22,108.225,1563,169163.86
1788544740000,2026-09-04T17:59:00Z,108.225,108.3,108.225,108.285,2281.3889,246939.58778601
1788544800000,2026-09-04T18:00:00Z,108.23,108.245,108.21,108.21,2953.0599,319653.37826352
1788544860000,2026-09-04T18:01:00Z,108.205,108.205,108.125,108.125,4127,446464.6378
1788544920000,2026-09-04T18:02:00Z,108.05,108.17,108.05,108.125,6604.5231,713957.53299003
1788544980000,2026-09-04T18:03:00Z,108.24,108.27,108.19,108.19,7312,791046.5264
1788545040000,2026-09-04T18:04:00Z,108.27,108.28,108.195,108.26,2717.45145,294097.81364712
1788545100000,2026-09-04T18:05:00Z,108.28,108.28,108.175,108.23,3522.64433,381089.879287957
1788545160000,2026-09-04T18:06:00Z,108.249,108.35,108.249,108.35,1848.8453,200092.39189968
1788545220000,2026-09-04T18:07:00Z,108.36,108.36,108.31,108.355,1406.0292,152330.04714552
1788545280000,2026-09-04T18:08:00Z,108.355,108.42,108.355,108.415,1732,187731.04
1788545400000,2026-09-04T18:10:00Z,108.545,108.545,108.51,108.51,2136.172915,231808.2991922655
1788545460000,2026-09-04T18:11:00Z,108.545,108.55,108,108,16546.75094,1793598.305542052
1788545520000,2026-09-04T18:12:00Z,108.04,108.23,108,108.18,8495,918447.9685
1788545580000,2026-09-04T18:13:00Z,108.11,108.18,108.07,108.07,6285.6207,679835.13517404
1788545640000,2026-09-04T18:14:00Z,108.07,108.105,107.83,107.88,13450.037,1452352.4803081
1788545700000,2026-09-04T18:15:00Z,107.94,107.94,107.77,107.83,9011.847,971965.5487074
1788545760000,2026-09-04T18:16:00Z,107.85,107.94,107.73,107.94,11759,1268128.1888
1788545820000,2026-09-04T18:17:00Z,107.82,107.92,107.76,107.92,4962,535148.2266
1788545880000,2026-09-04T18:18:00Z,107.85,107.85,107.85,107.85,730.028057,78718.195358253
1788545940000,2026-09-04T18:19:00Z,107.87,107.905,107.85,107.905,4899,528141.1041
1788546000000,2026-09-04T18:20:00Z,107.905,107.905,107.82,107.875,7554.7315,814688.6464433
1788546060000,2026-09-04T18:21:00Z,107.92,107.92,107.82,107.86,2982.027801,321692.213088477
1788546120000,2026-09-04T18:22:00Z,107.86,107.9,107.81,107.81,3121.16,336605.557708
1788546180000,2026-09-04T18:23:00Z,107.81,107.89,107.81,107.83,8402,906233.8386
1788546240000,2026-09-04T18:24:00Z,107.83,107.88,107.83,107.88,8192.368765,883493.7209082775
1788546300000,2026-09-04T18:25:00Z,107.98,107.98,107.88,107.89,3979.88038,429500.73084884
1788546360000,2026-09-04T18:26:00Z,107.91,107.91,107.74,107.74,6228,671650.5636
1788546420000,2026-09-04T18:27:00Z,107.74,107.75,107.635,107.69,12288.240098,1323417.6532503942
1788546480000,2026-09-04T18:28:00Z,107.7,107.71,107.57,107.58,3761.886071,405062.9636379605
1788546540000,2026-09-04T18:29:00Z,107.57,107.82,107.57,107.82,8808.979344,948634.581065688
1788546600000,2026-09-04T18:30:00Z,107.89,107.95,107.89,107.91,5746.119018,619676.4148105668
1788546660000,2026-09-04T18:31:00Z,107.9,107.9,107.82,107.82,6048.77001,652554.011095821
1788546720000,2026-09-04T18:32:00Z,107.89,107.91,107.82,107.855,5586,602461.8306
1788546780000,2026-09-04T18:33:00Z,107.85,107.95,107.8,107.95,5304.393199,572076.6847548704
1788546840000,2026-09-04T18:34:00Z,107.945,107.95,107.945,107.95,1214,130985.0156
1788546900000,2026-09-04T18:35:00Z,108,108.01,107.96,108.01,3199.521999,345392.2392184488
1788546960000,2026-09-04T18:36:00Z,108.035,108.06,107.96,108.06,9045.8454,977015.52870234
1788547020000,2026-09-04T18:37:00Z,108.06,108.07,107.82,107.82,8227.09255,888465.11491513
1788547080000,2026-09-04T18:38:00Z,107.88,108.02,107.84,107.86,5181,558852.7098
1788547140000,2026-09-04T18:39:00Z,107.87,108.02,107.86,107.9,2451,264525.8907
1788547200000,2026-09-04T18:40:00Z,107.925,107.96,107.915,107.915,3441.893,371353.4079346
1788547260000,2026-09-04T18:41:00Z,107.915,107.965,107.82,107.825,6781.05,731853.636615
1788547320000,2026-09-04T18:42:00Z,107.8,107.935,107.8,107.85,5490.03,592196.360028
1788547380000,2026-09-04T18:43:00Z,107.96,107.96,107.79,107.79,6367.625719,686841.4011296474
1788547440000,2026-09-04T18:44:00Z,107.74,107.78,107.67,107.705,5537,596679.3014
1788547500000,2026-09-04T18:45:00Z,107.685,107.9,107.63,107.88,17378.055,1872735.670242
1788547560000,2026-09-04T18:46:00Z,107.91,107.965,107.91,107.955,4611.92942,497546.47565315
1788547620000,2026-09-04T18:47:00Z,108,108.02,107.95,107.985,8741,943314.7344
1788547680000,2026-09-04T18:48:00Z,107.95,108.02,107.9,107.9,7340,792406.582
1788547740000,2026-09-04T18:49:00Z,107.92,107.975,107.89,107.975,2367,255477.6477
1788547800000,2026-09-04T18:50:00Z,107.97,107.97,107.97,107.97,3692.0184,398567.41594992
1788547860000,2026-09-04T18:51:00Z,107.93,107.97,107.9,107.9,5470,590431.253
1788547920000,2026-09-04T18:52:00Z,107.94,107.98,107.94,107.95,3067.37972,331092.353500856
1788547980000,2026-09-04T18:53:00Z,107.95,108.03,107.95,108.025,7183,775620.34
1788548040000,2026-09-04T18:54:00Z,108.065,108.13,108.065,108.075,1964.378,212202.3263256
1788548100000,2026-09-04T18:55:00Z,108.085,108.085,108.04,108.08,3976.369925,429676.195533695
1788548160000,2026-09-04T18:56:00Z,108.08,108.1234,108.08,108.095,4484,484637.8944
1788548220000,2026-09-04T18:57:00Z,108.16,108.16,107.85,107.89,15628.574,1688211.0663392
1788548280000,2026-09-04T18:58:00Z,107.89,107.95,107.85,107.95,12166,1311869.5128
1788548340000,2026-09-04T18:59:00Z,108,108.09,107.9,108.06,11415,1232436.456
1788548400000,2026-09-04T19:00:00Z,108.09,108.29,108.09,108.29,8442.8293,912597.23899802
1788548460000,2026-09-04T19:01:00Z,108.4,108.4,108.29,108.295,2872,311022.9528
1788548520000,2026-09-04T19:02:00Z,108.36,108.47,108.295,108.35,4930.055,534232.591932
1788548580000,2026-09-04T19:03:00Z,108.43,108.52,108.43,108.52,2285.9811,247579.52546574
1788548640000,2026-09-04T19:04:00Z,108.5,108.59,108.41,108.55,5566,603637.1528
1788548700000,2026-09-04T19:05:00Z,108.55,108.63,108.53,108.5675,4804,521340.6488
1788548760000,2026-09-04T19:06:00Z,108.565,108.565,108.39,108.41,7340.09221,796124.751327125
1788548820000,2026-09-04T19:07:00Z,108.335,108.425,108.335,108.425,3790.43729,410832.989420043
1788548880000,2026-09-04T19:08:00Z,108.43,108.43,108.3441,108.43,3192.36277,346025.308420732
1788548940000,2026-09-04T19:09:00Z,108.52,108.56,108.4101,108.56,10023.063638,1087014.2815238294
1788549000000,2026-09-04T19:10:00Z,108.57,108.58,108.515,108.58,3717.918586,403398.9998751618
1788549060000,2026-09-04T19:11:00Z,108.58,108.69,108.48,108.67,5558,603134.707
1788549120000,2026-09-04T19:12:00Z,108.625,108.7,108.62,108.62,5893,640298.022
1788549180000,2026-09-04T19:13:00Z,108.62,108.64,108.62,108.63,2969,322420.6333
1788549240000,2026-09-04T19:14:00Z,108.62,108.67,108.5544,108.67,3754.393905,407705.402598351
1788549300000,2026-09-04T19:15:00Z,108.65,108.775,108.65,108.775,5141.855,558786.978641
1788549360000,2026-09-04T19:16:00Z,108.92,108.92,108.855,108.9,3536.986731,384950.4267590967
1788549420000,2026-09-04T19:17:00Z,108.89,108.89,108.72,108.75,6348.01,690647.617975
1788549480000,2026-09-04T19:18:00Z,108.79,108.79,108.69,108.69,9014.067364,980196.8964152512
1788549540000,2026-09-04T19:19:00Z,108.705,108.75,108.59,108.659,7748,842175.8332
1788549600000,2026-09-04T19:20:00Z,108.659,108.82,108.659,108.79,6982.468051,759043.8526668621
1788549660000,2026-09-04T19:21:00Z,108.88,108.88,108.835,108.855,3692,401771.9316
1788549720000,2026-09-04T19:22:00Z,108.9,108.9,108.865,108.89,3181,346329.4664
1788549780000,2026-09-04T19:23:00Z,108.9,108.93,108.865,108.93,3628.101796,394982.0094658504
1788549840000,2026-09-04T19:24:00Z,108.95,108.97,108.87,108.97,4815.752,524445.5058792
1788549900000,2026-09-04T19:25:00Z,109.028,109.14,108.99,109.05,15339.055,1672231.5640845
1788549960000,2026-09-04T19:26:00Z,109.11,109.11,108.99,109.07,6785.0206,740019.12777196
1788550020000,2026-09-04T19:27:00Z,109.08,109.09,109.05,109.09,3440.6979,375138.25982763
1788550080000,2026-09-04T19:28:00Z,109.075,109.075,109.02,109.05,9464,1031973.488
1788550140000,2026-09-04T19:29:00Z,109.18,109.18,109.055,109.06,8134.0855,887423.8475987
1788550200000,2026-09-04T19:30:00Z,109.055,109.19,109.055,109.16,15046,1641211.6616
1788550260000,2026-09-04T19:31:00Z,109.12,109.21,109.12,109.16,9730.165,1062399.741723
1788550320000,2026-09-04T19:32:00Z,109.155,109.39,109.155,109.335,6484,708356.2512
1788550380000,2026-09-04T19:33:00Z,109.41,109.41,109.285,109.325,4823,527235.4087
1788550440000,2026-09-04T19:34:00Z,109.35,109.44,109.34,109.44,7474.014305,817337.277154746
1788550500000,2026-09-04T19:35:00Z,109.44,109.44,109.28,109.28,11771,1287315.4043
1788550560000,2026-09-04T19:36:00Z,109.31,109.375,109.31,109.335,4828.457737,528031.4468943934
1788550620000,2026-09-04T19:37:00Z,109.365,109.44,109.365,109.39,1935,211602.8925
1788550680000,2026-09-04T19:38:00Z,109.39,109.5,109.33,109.39,8931,977157.6789
1788550740000,2026-09-04T19:39:00Z,109.39,109.43,109.33,109.375,5394.09142,589875.182507236
1788550800000,2026-09-04T19:40:00Z,109.385,109.385,109.29,109.36,12034.054,1315780.5996574
1788550860000,2026-09-04T19:41:00Z,109.36,109.47,109.36,109.44,6692.415,731898.566196
1788550920000,2026-09-04T19:42:00Z,109.44,109.51,109.43,109.47,11110,1215903.953
1788550980000,2026-09-04T19:43:00Z,109.47,109.5185,109.42,109.49,14137,1547655.1435
1788551040000,2026-09-04T19:44:00Z,109.485,109.53,109.485,109.53,4471,489594.1724
1788551100000,2026-09-04T19:45:00Z,109.485,109.57,109.485,109.569,4672.567,511630.1997722
1788551160000,2026-09-04T19:46:00Z,109.57,109.65,109.56,109.6,7813.529251,856204.9726187298
1788551220000,2026-09-04T19:47:00Z,109.6,109.6,109.44,109.44,19297.007,2113859.7566038
1788551280000,2026-09-04T19:48:00Z,109.44,109.44,109.37,109.38,5530,605057.208
1788551340000,2026-09-04T19:49:00Z,109.38,109.42,109.32,109.3501,8207.971587,897754.2795025533
1788551400000,2026-09-04T19:50:00Z,109.44,109.44,109.2801,109.39,17201.281124,1881071.899236706
1788551460000,2026-09-04T19:51:00Z,109.385,109.44,109.37,109.42,16972.195751,1856731.0596461984
1788551520000,2026-09-04T19:52:00Z,109.39,109.44,109.15,109.219,17743.141781,1940083.0288173487
1788551580000,2026-09-04T19:53:00Z,109.215,109.22,109.165,109.19,9384.57513,1024632.312588738
1788551640000,2026-09-04T19:54:00Z,109.19,109.22,108.77,108.9,34469.082,3757526.332443
1788551700000,2026-09-04T19:55:00Z,108.87,109.33,108.705,109.3,57362.055,6252257.491602
1788551760000,2026-09-04T19:56:00Z,109.3,109.44,109.145,109.25,38223,4177731.8547
1788551820000,2026-09-04T19:57:00Z,109.255,109.41,109.24,109.4,67947.045706,7425450.2011842274
1788551880000,2026-09-04T19:58:00Z,109.39,109.54,109.39,109.47,87174,9541037.3868
1788551940000,2026-09-04T19:59:00Z,109.465,109.51,109.39,109.51,104989,11489030.2612
1788552000000,2026-09-04T20:00:00Z,109.51,109.52,109.51,109.51,16331,1788407.98
1788552240000,2026-09-04T20:04:00Z,109.51,109.51,109.51,109.51,13,1423.63
1788552360000,2026-09-04T20:06:00Z,109.56,109.56,109.56,109.56,99,10846.44
1788552480000,2026-09-04T20:08:00Z,109.51,109.51,109.51,109.51,1,109.51
1788552600000,2026-09-04T20:10:00Z,109.51,109.51,109.5,109.5,11,1204.58
1788552900000,2026-09-04T20:15:00Z,109.51,110,109.51,110,5,548.04
1788554040000,2026-09-04T20:34:00Z,109.51,109.51,109.51,109.51,4171,456766.21
1788554460000,2026-09-04T20:41:00Z,109.57,109.57,109.57,109.57,100,10957
1788555120000,2026-09-04T20:52:00Z,109.89,109.89,109.89,109.89,3,329.67
1788555720000,2026-09-04T21:02:00Z,109.89,109.89,109.89,109.89,1,109.89
1788556560000,2026-09-04T21:16:00Z,109.89,109.89,109.89,109.89,15,1648.35
1788557460000,2026-09-04T21:31:00Z,109,109,109,109,1,109
1788558360000,2026-09-04T21:46:00Z,110,110,110,110,5,550
1788560460000,2026-09-04T22:21:00Z,108.85,108.85,108.85,108.85,2,217.7
1788560700000,2026-09-04T22:25:00Z,109.36,109.36,109.36,109.36,4,437.44
1788561000000,2026-09-04T22:30:00Z,109.99,109.99,109.99,109.99,2,219.98
1788562620000,2026-09-04T22:57:00Z,109.74,109.74,109.74,109.74,3,329.22
1788562680000,2026-09-04T22:58:00Z,109.56,109.56,109.56,109.56,2,219.12
1788563820000,2026-09-04T23:17:00Z,109.98,109.98,109.98,109.98,1,109.98
1788564600000,2026-09-04T23:30:00Z,109.51,109.51,109.51,109.51,4,438.04
1788564780000,2026-09-04T23:33:00Z,109.98,109.98,109.98,109.98,10,1107.88
1788830040000,2026-09-08T01:14:00Z,110.5,110.5,110.5,110.5,33,3646.5
1788831060000,2026-09-08T01:31:00Z,110.49,110.5,110.49,110.5,78,8618.3
1788836100000,2026-09-08T02:55:00Z,110.61,110.61,110.61,110.61,2,221.22
1788838440000,2026-09-08T03:34:00Z,110.51,110.51,110.51,110.51,5,552.55
1788839280000,2026-09-08T03:48:00Z,111,111,111,111,1,111
1788840360000,2026-09-08T04:06:00Z,110.81,110.81,110.81,110.81,3,332.43
1788840780000,2026-09-08T04:13:00Z,110.81,110.81,110.81,110.81,1,110.81
1788842520000,2026-09-08T04:42:00Z,110.83,110.83,110.83,110.83,3,332.49
1788846960000,2026-09-08T05:56:00Z,110.81,110.81,110.79,110.79,78,8642.65
1788847020000,2026-09-08T05:57:00Z,110.7,110.7,110.69,110.69,54,5977.3
1788847260000,2026-09-08T06:01:00Z,110.6,110.6,110.5,110.5,3,331.68
1788847680000,2026-09-08T06:08:00Z,110.52,110.52,110.52,110.52,28,3094.56
1788847920000,2026-09-08T06:12:00Z,110,110,110,110,4,440
1788847980000,2026-09-08T06:13:00Z,110.43,110.43,110.43,110.43,40,4417.2
1788850080000,2026-09-08T06:48:00Z,110.5,110.5,110.5,110.5,181,20000.5
1788851940000,2026-09-08T07:19:00Z,110,110,110,110,3,330
1788854040000,2026-09-08T07:54:00Z,110.08,110.08,110.08,110.08,5,550.4
1788854460000,2026-09-08T08:01:00Z,109.74,110.92,109.74,110.74,560,62398
1788854700000,2026-09-08T08:05:00Z,110.51,110.51,110.51,110.51,40,4420.4
1788858900000,2026-09-08T09:15:00Z,110.78,110.78,110.78,110.78,67,7422.26
1788859560000,2026-09-08T09:26:00Z,110.78,110.78,110.78,110.78,5,553.9
1788859800000,2026-09-08T09:30:00Z,110.8,110.8,110.8,110.8,4,443.2
1788862260000,2026-09-08T10:11:00Z,110.1,110.1,110.1,110.1,5,550.5
1788863280000,2026-09-08T10:28:00Z,110.64,110.64,110.64,110.64,5,553.2
1788863400000,2026-09-08T10:30:00Z,110.64,110.64,110.64,110.64,10,1106.4
1788863460000,2026-09-08T10:31:00Z,110.64,110.64,110.64,110.64,5,553.2
1788863520000,2026-09-08T10:32:00Z,110.64,110.64,110.64,110.64,64,7008
1788863580000,2026-09-08T10:33:00Z,110.64,110.64,110.64,110.64,15,1659.6
1788864000000,2026-09-08T10:40:00Z,110.56,110.56,110.56,110.56,3,331.68
1788864180000,2026-09-08T10:43:00Z,110.56,110.56,110.56,110.56,1,110.56
1788864240000,2026-09-08T10:44:00Z,110.56,110.56,110.56,110.56,13,1437.28
1788864780000,2026-09-08T10:53:00Z,110.56,111,110.56,111,323,35816.48
1788865080000,2026-09-08T10:58:00Z,110.5,110.5,110.5,110.5,5,552.5
1788865140000,2026-09-08T10:59:00Z,110.5,110.5,110.5,110.5,20,2190
1788865200000,2026-09-08T11:00:00Z,110.5,110.5,110.5,110.5,19,2080.5
1788865260000,2026-09-08T11:01:00Z,110.5,110.5,110.5,110.5,7,772.373
1788865380000,2026-09-08T11:03:00Z,110.5,110.5,110.5,110.5,35,3867.5
1788865440000,2026-09-08T11:04:00Z,110.5,110.5,110.5,110.5,5,552.5
1788865560000,2026-09-08T11:06:00Z,110.5,110.5,110.5,110.5,5,552.5
1788865620000,2026-09-08T11:07:00Z,110.5,110.5,110.5,110.5,5,552.5
1788865680000,2026-09-08T11:08:00Z,110.5,110.5,110.5,110.5,10,1105
1788865860000,2026-09-08T11:11:00Z,110.5,110.5,110.16,110.16,10,1104.66
1788865920000,2026-09-08T11:12:00Z,110.14,110.14,110.14,110.14,2,220.28
1788866880000,2026-09-08T11:28:00Z,110.74,110.74,110.74,110.74,10,1107.4
1788868200000,2026-09-08T11:50:00Z,110.74,110.74,110.74,110.74,1,110.74
1788869220000,2026-09-08T12:07:00Z,110.19,110.19,110.19,110.19,5,550.95
1788870180000,2026-09-08T12:23:00Z,110.42,110.42,110.42,110.42,1,110.42
1788870360000,2026-09-08T12:26:00Z,110,110,110,110,11,1210
1788872460000,2026-09-08T13:01:00Z,111.2646,111.2646,111.2646,111.2646,2,222.5292
1788872880000,2026-09-08T13:08:00Z,111.2178,111.2178,111.2178,111.2178,1,111.2178
1788873060000,2026-09-08T13:11:00Z,111.1,111.1,111.1,111.1,4,444.4
1788873120000,2026-09-08T13:12:00Z,110.7,110.7,110.7,110.7,3,332.1
1788873540000,2026-09-08T13:19:00Z,111.4,111.4,111.4,111.4,5,557
1788874200000,2026-09-08T13:30:00Z,110.765,110.765,110.6,110.7,23908.284934,2649109.695542002
1788874260000,2026-09-08T13:31:00Z,110.82,110.82,110.82,110.82,1263.861911,140063.0727698865
1788874320000,2026-09-08T13:32:00Z,110.38,111.13,110.36,111.12,3901.166914,432056.5764256484
1788874380000,2026-09-08T13:33:00Z,111.095,111.42,111.095,111.24,1676.22929,186236.952396663
1788874440000,2026-09-08T13:34:00Z,111.48,111.7,111.24,111.325,4283.869864,476867.1132639016
1788874500000,2026-09-08T13:35:00Z,111.5199,111.87,111.5199,111.87,4368.118151,486796.191101893
1788874560000,2026-09-08T13:36:00Z,111.03,111.535,111,111.535,4385.20651,488197.585907233
1788874620000,2026-09-08T13:37:00Z,111.52,111.79,111.52,111.79,969.643521,108205.9142607135
1788874680000,2026-09-08T13:38:00Z,111.68,111.91,111.62,111.91,1303.0015,145614.5872298
1788874740000,2026-09-08T13:39:00Z,111.75,111.85,111.33,111.33,6056.908863,676155.1469394831
1788874800000,2026-09-08T13:40:00Z,111.2941,111.2941,110.855,110.93,2610,289590.11
1788874860000,2026-09-08T13:41:00Z,111.19,111.21,111.19,111.21,1943.045983,215367.9939741132
1788874920000,2026-09-08T13:42:00Z,111.21,111.21,110.89,110.89,2126.501847,236285.1894784815
1788874980000,2026-09-08T13:43:00Z,110.985,110.985,110.985,110.985,1296.02,143814.932932
1788875040000,2026-09-08T13:44:00Z,110.73,110.88,110.1,110.1,20524.0481,2273781.29761622
1788875100000,2026-09-08T13:45:00Z,110.27,110.86,110.27,110.86,3291.311571,363102.7586112336
1788875160000,2026-09-08T13:46:00Z,110.98,111.29,110.98,111.28,4052.484109,450241.9262169943
1788875220000,2026-09-08T13:47:00Z,111.095,111.49,110.96,111.38,3457.92322,384178.72766522
1788875280000,2026-09-08T13:48:00Z,111.355,111.355,111.11,111.11,5279.0089,586935.51862781
1788875340000,2026-09-08T13:49:00Z,111.24,111.515,111.24,111.515,3226.610086,359213.9836202596
1788875400000,2026-09-08T13:50:00Z,111.515,111.7295,111.35,111.35,16051.49464,1790378.896697208
1788875460000,2026-09-08T13:51:00Z,111.53,111.53,111.295,111.34,4089.32958,455513.693379864
1788875520000,2026-09-08T13:52:00Z,111.11,111.39,111.11,111.33,3741.7252,416723.04480188
1788875580000,2026-09-08T13:53:00Z,111.14,111.14,110.91,111.11,2180.418753,242466.926171106
1788875640000,2026-09-08T13:54:00Z,111.1,111.1,110.85,110.945,1361.9012,151229.73114172
1788875700000,2026-09-08T13:55:00Z,111,111,110.96,110.97,3390.189245,376079.795288491
1788875760000,2026-09-08T13:56:00Z,111.1,111.34,111.1,111.34,1722.328825,191357.6217728
1788875820000,2026-09-08T13:57:00Z,111.39,111.6,111.24,111.35,4298.3584,478559.8816432
1788875880000,2026-09-08T13:58:00Z,111.56,111.56,111.15,111.56,7959.139214,885747.1338805752
1788875940000,2026-09-08T13:59:00Z,111.39,111.725,111.39,111.56,4150.568,462683.3226296
1788876000000,2026-09-08T14:00:00Z,111.555,111.555,111.37,111.405,3784.66681,421933.200846169
1788876060000,2026-09-08T14:01:00Z,111.23,111.31,111.09,111.17,4770.38641,530522.305274356
1788876120000,2026-09-08T14:02:00Z,110.97,111.21,110.9,111.21,1894.031757,210396.8130977637
1788876180000,2026-09-08T14:03:00Z,111.22,111.22,110.84,110.94,4408.17564,489753.162597204
1788876240000,2026-09-08T14:04:00Z,110.975,110.975,110.975,110.975,915.58189,101571.358781796
1788876300000,2026-09-08T14:05:00Z,110.89,110.89,110.595,110.595,2252.034683,249623.6315885788
1788876360000,2026-09-08T14:06:00Z,110.59,110.59,110.51,110.53,3398.97911,375692.220109499
1788876420000,2026-09-08T14:07:00Z,110.45,110.45,110.21,110.21,1708.90698,188512.94677776
1788876480000,2026-09-08T14:08:00Z,110.25,110.25,110.25,110.25,1502.975739,165727.4234317218
1788876540000,2026-09-08T14:09:00Z,110.26,110.55,110.26,110.54,3435.87319,379432.753229313
1788876660000,2026-09-08T14:11:00Z,110.4221,110.915,110.4221,110.63,4836.149946,534837.5603680536
1788876720000,2026-09-08T14:12:00Z,110.63,110.94,110.63,110.9,1708.64268,189229.61384598
1788876780000,2026-09-08T14:13:00Z,110.775,110.985,110.76,110.78,2512,278231.8832
1788876840000,2026-09-08T14:14:00Z,111.11,111.335,110.99,111.1,3570.23532,396563.174121936
1788876900000,2026-09-08T14:15:00Z,111.095,111.1971,111.095,111.1971,701.789946,77967.6699576918
1788876960000,2026-09-08T14:16:00Z,111.2309,111.56,111.1349,111.465,10058.36296,1119822.6942442
1788877020000,2026-09-08T14:17:00Z,111.465,111.465,111.465,111.465,691.501282,77080.610652617
1788877080000,2026-09-08T14:18:00Z,111.57,111.57,111.05,111.05,5669.27469,631348.571157408
1788877140000,2026-09-08T14:19:00Z,111.27,111.57,111.14,111.47,3474.01637,386666.359620288
1788877200000,2026-09-08T14:20:00Z,111.0701,111.58,111.0701,111.58,2762.53809,307793.430119721
1788877260000,2026-09-08T14:21:00Z,111.7297,111.7297,111.69,111.69,1994.984077,222768.1014725357
1788877320000,2026-09-08T14:22:00Z,111.765,111.765,111.765,111.765,1685.541048,188357.3580188472
1788877380000,2026-09-08T14:23:00Z,111.66,111.66,111.66,111.66,1888.553031,211074.6960756243
1788877440000,2026-09-08T14:24:00Z,111.81,111.81,111.71,111.78,2773.117929,310059.8198353539
1788877500000,2026-09-08T14:25:00Z,111.785,111.785,111.78,111.78,1766.00698,197433.046138174
1788877560000,2026-09-08T14:26:00Z,111.71,111.71,111.57,111.57,3591.853546,401146.8244657904
1788877620000,2026-09-08T14:27:00Z,111.684,111.87,111.684,111.85,1869.313131,208914.9963144993
1788877680000,2026-09-08T14:28:00Z,111.905,111.905,111.79,111.87,6026.991146,674088.82472437
1788877740000,2026-09-08T14:29:00Z,111.86,112.02,111.7501,112.02,7829,875926.5267
1788877800000,2026-09-08T14:30:00Z,112.02,112.02,111.86,111.99,4805.5693,537941.67468209
1788877860000,2026-09-08T14:31:00Z,112.08,112.295,112,112.295,8832.685409,989803.0926921126
1788877920000,2026-09-08T14:32:00Z,112.21,112.43,112.21,112.43,7146.659238,802984.338663204
1788877980000,2026-09-08T14:33:00Z,112.37,112.56,112.11,112.22,18236.936376,2049454.1440794168
1788878040000,2026-09-08T14:34:00Z,112.355,112.41,112.34,112.41,5611.214009,630246.5073982719
1788878100000,2026-09-08T14:35:00Z,112.41,112.65,112.41,112.6,9444.513067,1061568.9354386402
1788878160000,2026-09-08T14:36:00Z,112.665,112.665,112.53,112.64,5817.545026,655273.1461115724
1788878220000,2026-09-08T14:37:00Z,112.6613,112.6613,112.635,112.635,1272.480543,143327.118441348
1788878280000,2026-09-08T14:38:00Z,112.78,112.96,112.77,112.95,3994.67444,450420.714884532
1788878340000,2026-09-08T14:39:00Z,112.97,113.02,112.9,112.995,6075.36708,686412.591262932
1788878400000,2026-09-08T14:40:00Z,112.91,113.29,112.91,113.175,20599.686098,2328413.419186087
1788878460000,2026-09-08T14:41:00Z,113.175,113.175,112.96,113,4989.35924,564488.62037474
1788878520000,2026-09-08T14:42:00Z,112.96,113.1,112.9497,113.1,6896.35472,779483.939834048
1788878580000,2026-09-08T14:43:00Z,113.2,113.2,112.835,112.88,7947.120672,898313.1164163936
1788878640000,2026-09-08T14:44:00Z,112.845,112.85,112.845,112.85,2467.11731,278511.886278976
1788878700000,2026-09-08T14:45:00Z,112.77,112.87,112.46,112.78,8954.39629,1009711.157254835
1788878760000,2026-09-08T14:46:00Z,112.78,112.78,112.467,112.53,3254.140301,366531.7198732855
1788878820000,2026-09-08T14:47:00Z,112.52,112.52,112.44,112.44,4836.3989,543998.63191189
1788878880000,2026-09-08T14:48:00Z,112.465,112.53,112.45,112.53,2844.91099,319967.708027498
1788878940000,2026-09-08T14:49:00Z,112.66,112.74,112.585,112.74,1273.731417,143421.5206884915
1788879000000,2026-09-08T14:50:00Z,112.715,112.87,112.715,112.87,1079.134625,121639.9470165375
1788879060000,2026-09-08T14:51:00Z,112.79,112.905,112.58,112.825,12427.72104,1402029.620811288
1788879120000,2026-09-08T14:52:00Z,112.7,112.75,112.56,112.74,5847.82713,658947.780576225
1788879180000,2026-09-08T14:53:00Z,112.7,112.8971,112.65,112.78,5030.61285,567232.285575885
1788879240000,2026-09-08T14:54:00Z,112.79,113.26,112.66,113.13,7346.73717,828977.904661554
1788879300000,2026-09-08T14:55:00Z,113.13,113.31,113.13,113.22,12238.624048,1385773.281643016
1788879360000,2026-09-08T14:56:00Z,113.32,113.7,113.28,113.65,6794.035,770735.0331015
1788879420000,2026-09-08T14:57:00Z,113.605,113.64,113.53,113.545,2417.60098,274557.514654778
1788879480000,2026-09-08T14:58:00Z,113.68,113.68,113.19,113.19,24334.254801,2762636.3130262887
1788879540000,2026-09-08T14:59:00Z,113.25,113.25,113.13,113.19,6436.990255,728561.730225818
1788879600000,2026-09-08T15:00:00Z,113.11,113.18,113.11,113.18,2964,335417.5032
1788879660000,2026-09-08T15:01:00Z,113.09,113.09,112.8,112.84,3986.46781,450790.577248362
1788879720000,2026-09-08T15:02:00Z,112.845,112.845,112.64,112.64,3185.757859,359407.0072272312
1788879780000,2026-09-08T15:03:00Z,112.6925,112.6925,112.43,112.43,4615.95774,519502.502252526
1788879840000,2026-09-08T15:04:00Z,112.44,112.56,112.41,112.53,6602.911129,742338.2262978411
1788879900000,2026-09-08T15:05:00Z,112.6,112.6,112.29,112.46,3710.68183,417411.259443053
1788879960000,2026-09-08T15:06:00Z,112.5,112.51,112.5,112.51,1194.815455,134359.5070272055
1788880020000,2026-09-08T15:07:00Z,112.485,112.66,112.485,112.66,1393.22626,156874.908391358
1788880080000,2026-09-08T15:08:00Z,112.6942,112.6942,112.6942,112.6942,971.97209,109530.271258383
1788880140000,2026-09-08T15:09:00Z,112.655,112.85,112.655,112.85,4419.35206,498099.425524922
1788880200000,2026-09-08T15:10:00Z,112.82,112.845,112.82,112.84,2854.78581,322037.539040022
1788880260000,2026-09-08T15:11:00Z,112.845,112.855,112.77,112.77,1072.099881,120985.7211009333
1788880320000,2026-09-08T15:12:00Z,112.96,113.1,112.81,113.04,15073.07566,1701682.41317353
1788880380000,2026-09-08T15:13:00Z,113.04,113.085,112.96,113.025,3202.1,361934.64384
1788880440000,2026-09-08T15:14:00Z,113.03,113.15,113.03,113.15,6178.514768,698628.7610253552
1788880500000,2026-09-08T15:15:00Z,113.19,113.395,113.12,113.395,3410.189611,386038.5792496165
1788880560000,2026-09-08T15:16:00Z,113.4,113.4,113.19,113.2275,6973.457663,790631.8014952499
1788880620000,2026-09-08T15:17:00Z,113.2,113.2,113.14,113.2,1358.00701,153750.83765818
1788880680000,2026-09-08T15:18:00Z,113.215,113.32,113.215,113.28,3204.1,362818.18596
1788880740000,2026-09-08T15:19:00Z,113.305,113.31,113.03,113.05,40722.48967,4613108.785801072
1788880800000,2026-09-08T15:20:00Z,113,113,112.9,112.93,4206.38637,475574.463630837
1788880860000,2026-09-08T15:21:00Z,112.85,112.87,112.815,112.87,8167.58666,922432.535724412
1788880920000,2026-09-08T15:22:00Z,112.91,112.92,112.845,112.92,2821.07781,318484.168821045
1788880980000,2026-09-08T15:23:00Z,113.04,113.09,113.04,113.09,1201.524608,135725.9018541312
1788881040000,2026-09-08T15:24:00Z,113.065,113.065,113.065,113.065,1124.165619,127126.269024615
1788881100000,2026-09-08T15:25:00Z,113.065,113.19,113.065,113.09,4638.4944,524594.69881296
1788881160000,2026-09-08T15:26:00Z,113.2,113.205,113.2,113.205,200,22640.5
1788881220000,2026-09-08T15:27:00Z,113.295,113.51,113.2575,113.51,10674.780051,1209154.7534148771
1788881340000,2026-09-08T15:29:00Z,113.455,113.53,113.22,113.22,10174.95455,1154512.410465755
1788881400000,2026-09-08T15:30:00Z,113.3,113.335,113.3,113.335,2780.87283,315032.290895682
1788881460000,2026-09-08T15:31:00Z,113.3525,113.37,113.3525,113.37,1793.54464,203243.940541408
1788881520000,2026-09-08T15:32:00Z,113.405,113.405,113.29,113.29,3869.36559,438670.750811418
1788881580000,2026-09-08T15:33:00Z,113.305,113.305,113.21,113.21,5942,673034.2966
1788881640000,2026-09-08T15:34:00Z,113.16,113.3399,113.16,113.3399,1511.813753,171159.0869576432
1788881700000,2026-09-08T15:35:00Z,113.32,113.32,113.315,113.32,955.84736,108288.234168608
1788881760000,2026-09-08T15:36:00Z,113.26,113.26,113,113.055,19287.00573,2183395.127167515
1788881820000,2026-09-08T15:37:00Z,113.09,113.2,113.09,113.2,1617.82938,182978.12070738
1788881880000,2026-09-08T15:38:00Z,113.145,113.145,113.12,113.14,1700.363247,192375.697039086
1788881940000,2026-09-08T15:39:00Z,113.06,113.15,113.03,113.12,8113.066036,917854.6885441844
1788882000000,2026-09-08T15:40:00Z,113.04,113.075,113.02,113.075,2674.69276,302469.503049532
1788882060000,2026-09-08T15:41:00Z,113.13,113.3,113.13,113.29,5453.099972,617245.1107906352
1788882120000,2026-09-08T15:42:00Z,113.3,113.36,113.295,113.295,1077.2145,122068.0081539
1788882180000,2026-09-08T15:43:00Z,113.37,113.45,113.37,113.45,1497.1,169775.33188
1788882240000,2026-09-08T15:44:00Z,113.38,113.41,113.38,113.41,2111.00296,239494.974614368
1788882300000,2026-09-08T15:45:00Z,113.51,113.51,113.51,113.51,1166.96272,132359.362324112
1788882360000,2026-09-08T15:46:00Z,113.34,113.345,113.26,113.345,4422.05953,501525.228359232
1788882420000,2026-09-08T15:47:00Z,113.32,113.35,113.32,113.35,1309.189981,148385.4253125134
1788882540000,2026-09-08T15:49:00Z,113.34,113.35,113.28,113.28,525,59492.75
1788882660000,2026-09-08T15:51:00Z,113.28,113.305,113.23,113.23,2386.08337,270371.162996429
1788882720000,2026-09-08T15:52:00Z,113.25,113.305,113.25,113.305,2781.23495,315003.78293098
1788882780000,2026-09-08T15:53:00Z,113.3583,113.38,113.33,113.38,1944.560278,220314.9848328718
1788882900000,2026-09-08T15:55:00Z,113.38,113.38,113.38,113.38,1752.136019,198621.4382594324
1788882960000,2026-09-08T15:56:00Z,113.385,113.385,113.385,113.385,1211.15957,137340.65059972
1788883020000,2026-09-08T15:57:00Z,113.385,113.45,113.385,113.45,1056.56051,119809.73559196
1788883080000,2026-09-08T15:58:00Z,113.445,113.445,113.39,113.41,1376.9598,156220.35788538
1788883140000,2026-09-08T15:59:00Z,113.395,113.395,113.395,113.395,960.924783,108958.9728669351
1788883200000,2026-09-08T16:00:00Z,113.39,113.39,113.35,113.35,2363.449,268038.2784002
1788883260000,2026-09-08T16:01:00Z,113.41,113.41,113.32,113.32,3342,378940.3566
1788883320000,2026-09-08T16:02:00Z,113.42,113.42,113.42,113.42,1029.08814,116712.899401146
1788883380000,2026-09-08T16:03:00Z,113.47,113.47,113.39,113.425,3397.963231,385381.3590291574
1788883440000,2026-09-08T16:04:00Z,113.49,113.59,113.49,113.56,3015.524797,342123.9534237974
1788883500000,2026-09-08T16:05:00Z,113.505,113.5874,113.505,113.51,3637,413051.5441
1788883560000,2026-09-08T16:06:00Z,113.505,113.51,113.5,113.51,2283.044994,259190.2169923302
1788883620000,2026-09-08T16:07:00Z,113.51,113.57,113.51,113.515,4243.1089,481696.39200716
1788883680000,2026-09-08T16:08:00Z,113.57,113.57,113.44,113.49,5000.487261,567620.8105066191
1788883740000,2026-09-08T16:09:00Z,113.49,113.56,113.485,113.485,3359,381192.4201
1788883800000,2026-09-08T16:10:00Z,113.42,113.42,113.2,113.2,5979.988833,678139.1056465662
1788883860000,2026-09-08T16:11:00Z,113.2,113.2,113.06,113.095,6965,788252.0345
1788883920000,2026-09-08T16:12:00Z,113.1,113.1,113.1,113.1,415.334909,46972.716868264
1788883980000,2026-09-08T16:13:00Z,113.0205,113.0205,113.0205,113.0205,1832.833942,207281.4221361828
1788884040000,2026-09-08T16:14:00Z,113.145,113.15,113.145,113.15,1303.0057,147423.88910598
1788884100000,2026-09-08T16:15:00Z,113.02,113.0899,113.01,113.015,2195.044263,248247.6529062798
1788884160000,2026-09-08T16:16:00Z,112.96,112.96,112.84,112.88,4698,530781.4494
1788884220000,2026-09-08T16:17:00Z,112.93,112.93,112.89,112.89,949,107165.4454
1788884280000,2026-09-08T16:18:00Z,112.93,113.02,112.91,113,3086.006,348548.6390694
1788884340000,2026-09-08T16:19:00Z,112.98,113.05,112.95,112.985,2032.05,229593.60771
1788884400000,2026-09-08T16:20:00Z,113.01,113.08,113.01,113.08,1095,123710.472
1788884460000,2026-09-08T16:21:00Z,113.095,113.095,113.075,113.075,765,86488.6815
1788884520000,2026-09-08T16:22:00Z,113.1,113.1,113.1,113.1,891,100739.6676
1788884580000,2026-09-08T16:23:00Z,113.1,113.1,113.1,113.1,2282.0014,258080.20993132
1788884640000,2026-09-08T16:24:00Z,113.24,113.24,113.24,113.24,1555,175957.7355
1788884700000,2026-09-08T16:25:00Z,113.28,113.315,113.28,113.315,982,111245.6736
1788884760000,2026-09-08T16:26:00Z,113.32,113.32,113.1,113.21,3069.21876,347576.440773084
1788884820000,2026-09-08T16:27:00Z,113.14,113.19,113.135,113.19,5278.216077,597290.8485974355
1788884880000,2026-09-08T16:28:00Z,113.164,113.164,113.145,113.145,1050.119128,118837.781239248
1788884940000,2026-09-08T16:29:00Z,113.135,113.135,113.02,113.03,4943.2299,559319.54266314
1788885000000,2026-09-08T16:30:00Z,112.88,112.9612,112.79,112.84,2415.094324,272687.092575678
1788885060000,2026-09-08T16:31:00Z,112.84,113.0199,112.84,112.9892,4110,464152.575
1788885120000,2026-09-08T16:32:00Z,113.005,113.11,112.93,113.11,2892.965324,326990.1347925256
1788885240000,2026-09-08T16:34:00Z,113.11,113.14,113.11,113.12,2847.130625,321866.6935909375
1788885300000,2026-09-08T16:35:00Z,113.12,113.16,113.07,113.16,5108,577564.6248
1788885360000,2026-09-08T16:36:00Z,113.1,113.1,113.1,113.1,1615,182738.542
1788885420000,2026-09-08T16:37:00Z,113.1,113.1,113.1,113.1,743.480477,84105.8572203865
1788885480000,2026-09-08T16:38:00Z,113.02,113.02,112.98,112.99,2116,239255.062
1788885540000,2026-09-08T16:39:00Z,112.995,113.0754,112.995,113.0754,1402,158471.9856
1788885600000,2026-09-08T16:40:00Z,113.02,113.02,113.005,113.005,1272.194552,143785.972656144
1788885660000,2026-09-08T16:41:00Z,112.93,112.995,112.93,112.93,1099.035,124182.2726235
1788885720000,2026-09-08T16:42:00Z,112.99,112.99,112.93,112.95,1989.85,224794.54841
1788885780000,2026-09-08T16:43:00Z,112.98,112.985,112.98,112.985,727.280348,82161.3700098036
1788885840000,2026-09-08T16:44:00Z,112.99,112.99,112.99,112.99,1278,144397.5138
1788885900000,2026-09-08T16:45:00Z,113,113,112.91,112.92,3098,349982.9188
1788885960000,2026-09-08T16:46:00Z,112.9,112.94,112.9,112.94,1823.45358,205969.11085569
1788886020000,2026-09-08T16:47:00Z,112.94,113.04,112.94,113.04,400,45204
1788886080000,2026-09-08T16:48:00Z,113.085,113.085,113.085,113.085,1024.83311,115878.187197633
1788886140000,2026-09-08T16:49:00Z,113.05,113.05,113.02,113.02,1820.66892,205864.127185752
1788886200000,2026-09-08T16:50:00Z,112.99,112.99,112.96,112.96,1073,121272.7133
1788886260000,2026-09-08T16:51:00Z,113.13,113.13,113.07,113.07,1399,158199.1998
1788886320000,2026-09-08T16:52:00Z,113.075,113.075,113.075,113.075,690.0029,78019.66290735
1788886380000,2026-09-08T16:53:00Z,113.16,113.24,113.16,113.24,2318.0208,262161.43021968
1788886440000,2026-09-08T16:54:00Z,113.24,113.29,113.24,113.245,2223,251641.8216
1788886500000,2026-09-08T16:55:00Z,113.18,113.18,113.16,113.16,2114.9248,239453.26630336
1788886560000,2026-09-08T16:56:00Z,113.16,113.16,113.03,113.085,6787,767947.0139
1788886620000,2026-09-08T16:57:00Z,113.08,113.2,113.08,113.2,1572.783845,177904.9727920215
1788886680000,2026-09-08T16:58:00Z,113.125,113.125,113.11,113.12,3099,350591.1096
1788886740000,2026-09-08T16:59:00Z,113.12,113.12,113.12,113.12,3036.65467,343489.674669715
1788886800000,2026-09-08T17:00:00Z,113.23,113.56,113.23,113.56,2925.310292,331451.4050419724
1788886860000,2026-09-08T17:01:00Z,113.505,113.516,113.505,113.505,1642,186415.2748
1788886920000,2026-09-08T17:02:00Z,113.6,113.81,113.6,113.73,8257.223649,938715.8647576458
1788886980000,2026-09-08T17:03:00Z,113.6805,113.755,113.6805,113.755,4426.70222,503518.785375676
1788887040000,2026-09-08T17:04:00Z,113.745,113.745,113.65,113.65,1414,160805.4532
1788887160000,2026-09-08T17:06:00Z,113.82,113.82,113.765,113.765,4278.244,486660.5227856
1788887220000,2026-09-08T17:07:00Z,113.8,113.8,113.76,113.76,1379.035,156976.5193745
1788887280000,2026-09-08T17:08:00Z,113.85,113.87,113.64,113.6825,6083.6144,692177.82903456
1788887340000,2026-09-08T17:09:00Z,113.705,113.705,113.57,113.57,4317.474046,490867.8719540918
1788887400000,2026-09-08T17:10:00Z,113.68,113.68,113.68,113.68,555.11795,63138.78256223
1788887460000,2026-09-08T17:11:00Z,113.6961,113.6961,113.6961,113.6961,1103.15294,125397.159734504
1788887520000,2026-09-08T17:12:00Z,113.685,113.69,113.63,113.69,2536.337877,288313.3891260087
1788887640000,2026-09-08T17:14:00Z,113.695,113.74,113.65,113.74,1575.69671,179148.83744345
1788887700000,2026-09-08T17:15:00Z,113.67,113.8,113.67,113.8,2129.3225,242166.5703315
1788887760000,2026-09-08T17:16:00Z,113.79,113.79,113.79,113.79,1448,164779.3592
1788887820000,2026-09-08T17:17:00Z,113.805,113.9,113.805,113.9,1578.025641,179621.4512304147
1788887880000,2026-09-08T17:18:00Z,113.855,113.855,113.855,113.855,1147.473587,130635.7369750368
1788887940000,2026-09-08T17:19:00Z,113.855,113.9,113.77,113.77,4619.2,526065.90656
1788888000000,2026-09-08T17:20:00Z,113.71,113.745,113.67,113.67,2929.999694,333457.1121747826
1788888060000,2026-09-08T17:21:00Z,113.75,113.75,113.75,113.75,1254,142638.9888
1788888120000,2026-09-08T17:22:00Z,113.8024,113.8024,113.8024,113.8024,1125,128008.125
1788888180000,2026-09-08T17:23:00Z,113.78,113.78,113.78,113.78,1084.483304,123415.0675818432
1788888240000,2026-09-08T17:24:00Z,113.81,113.83,113.81,113.83,955.128424,108697.0531135264
1788888300000,2026-09-08T17:25:00Z,113.77,113.805,113.76,113.805,2026.930943,230686.8348606787
1788888360000,2026-09-08T17:26:00Z,113.76,113.76,113.76,113.76,845,96156.268
1788888420000,2026-09-08T17:27:00Z,113.79,113.79,113.79,113.79,1321.088324,150326.7724967924
1788888480000,2026-09-08T17:28:00Z,113.71,113.73,113.641,113.695,3059.553404,348007.0662059376
1788888540000,2026-09-08T17:29:00Z,113.73,113.73,113.65,113.695,445,50591.25
1788888600000,2026-09-08T17:30:00Z,113.695,113.75,113.695,113.695,2819,320505.9231
1788888660000,2026-09-08T17:31:00Z,113.695,113.72,113.65,113.7,2084.07814,236946.13801009
1788888720000,2026-09-08T17:32:00Z,113.76,113.76,113.76,113.76,961,109255.8978
1788888780000,2026-09-08T17:33:00Z,113.79,113.84,113.78,113.78,17090.96733,1944815.35441536
1788888840000,2026-09-08T17:34:00Z,113.83,113.83,113.825,113.825,2024.147,230334.1644004
1788888900000,2026-09-08T17:35:00Z,113.82,113.825,113.78,113.825,2754.92202,313634.0973669
1788888960000,2026-09-08T17:36:00Z,113.77,113.77,113.71,113.74,5035,572988.035
1788889080000,2026-09-08T17:38:00Z,113.8,113.81,113.8,113.81,2069.38349,235455.695122294
1788889140000,2026-09-08T17:39:00Z,113.81,113.81,113.75,113.75,2488,283128.4288
1788889200000,2026-09-08T17:40:00Z,113.765,113.87,113.7,113.795,7568,861060.552
1788889320000,2026-09-08T17:42:00Z,113.795,113.795,113.73,113.73,1522.084129,173222.6108017998
1788889380000,2026-09-08T17:43:00Z,113.805,113.835,113.73,113.79,3385.1464,385242.86239096
1788889440000,2026-09-08T17:44:00Z,113.79,113.98,113.79,113.98,11401.213205,1297895.869316072
1788889500000,2026-09-08T17:45:00Z,113.97,114.03,113.8535,114,12304.7323,1401710.80657972
1788889560000,2026-09-08T17:46:00Z,113.95,113.95,113.84,113.94,5172.70828,589245.960091232
1788889620000,2026-09-08T17:47:00Z,113.9675,113.9675,113.9675,113.9675,1161.212265,132292.6168660695
1788889680000,2026-09-08T17:48:00Z,114,114.01,113.85,113.85,7647.318,871424.8865406
1788889740000,2026-09-08T17:49:00Z,113.87,113.87,113.865,113.865,1071.169631,121961.1247294349
1788889800000,2026-09-08T17:50:00Z,113.86,113.91,113.855,113.91,2820.759692,321264.5015249868
1788889860000,2026-09-08T17:51:00Z,113.86,114.1,113.84,114.1,7017,799343.6601
1788889920000,2026-09-08T17:52:00Z,114.1,114.16,114.085,114.16,1708.883237,194983.7482300237
1788889980000,2026-09-08T17:53:00Z,114.095,114.16,114.095,114.16,823.053007,93900.471462616
1788890040000,2026-09-08T17:54:00Z,114.1598,114.515,114.1598,114.42,10758.543808,1229646.6886809792
1788890100000,2026-09-08T17:55:00Z,114.42,114.52,114.37,114.425,6252.554012,715500.3890213996
1788890160000,2026-09-08T17:56:00Z,114.425,114.49,114.41,114.47,2485.482044,284419.4269036212
1788890220000,2026-09-08T17:57:00Z,114.465,114.4925,114.46,114.465,4069.63046,465826.18097344
1788890280000,2026-09-08T17:58:00Z,114.47,114.53,114.41,114.53,10007.39876,1145512.910901416
1788890340000,2026-09-08T17:59:00Z,114.53,114.5725,114.36,114.42,12159.210977,1392556.7396417813
1788890400000,2026-09-08T18:00:00Z,114.42,114.51,114.27,114.27,16594,1898577.619
1788890460000,2026-09-08T18:01:00Z,114.31,114.32,114.29,114.305,2466.768756,281956.1089945608
1788890520000,2026-09-08T18:02:00Z,114.32,114.32,114.31,114.31,2073,236929.389
1788890580000,2026-09-08T18:03:00Z,114.305,114.305,114.21,114.265,8562.30863,978601.665478234
1788890640000,2026-09-08T18:04:00Z,114.265,114.265,114.255,114.255,1368.162,156326.4637524
1788890700000,2026-09-08T18:05:00Z,114.26,114.39,114.26,114.39,3078,351704.2842
1788890760000,2026-09-08T18:06:00Z,114.4,114.47,114.34,114.34,1471.311229,168316.3861552481
1788890820000,2026-09-08T18:07:00Z,114.52,114.585,114.49,114.585,4370.166765,500462.3205775935
1788890880000,2026-09-08T18:08:00Z,114.615,114.685,114.59,114.62,4013,460116.5345
1788890940000,2026-09-08T18:09:00Z,114.62,114.62,114.53,114.565,2942.049306,337143.5518112088
1788891000000,2026-09-08T18:10:00Z,114.61,114.615,114.59,114.595,4170.01745,477793.09338959
1788891060000,2026-09-08T18:11:00Z,114.6125,114.615,114.56,114.615,6329,725394.5376
1788891120000,2026-09-08T18:12:00Z,114.63,114.8,114.63,114.8,7768.13902,890875.040858464
1788891180000,2026-09-08T18:13:00Z,114.8,114.84,114.77,114.84,4695.012198,538983.6443206416
1788891240000,2026-09-08T18:14:00Z,114.86,114.94,114.86,114.94,3182.642925,365544.36273663
1788891300000,2026-09-08T18:15:00Z,114.84,114.94,114.83,114.855,4832,555105.9584
1788891360000,2026-09-08T18:16:00Z,114.89,114.99,114.83,114.915,2782,319686.575
1788891420000,2026-09-08T18:17:00Z,114.915,114.915,114.64,114.715,11240.556115,1290927.2873052325
1788891480000,2026-09-08T18:18:00Z,114.7425,114.76,114.73,114.75,2658,304971.7434
1788891540000,2026-09-08T18:19:00Z,114.73,114.92,114.73,114.92,8335.980118,956548.7169524292
1788891600000,2026-09-08T18:20:00Z,114.94,114.9625,114.81,114.81,7165.591799,823384.5389986719
1788891660000,2026-09-08T18:21:00Z,114.8,114.8,114.75,114.79,4654.5,534276.0915
1788891720000,2026-09-08T18:22:00Z,114.79,114.79,114.69,114.745,1820,208855.01
1788891780000,2026-09-08T18:23:00Z,114.745,114.745,114.68,114.73,4624.3818,530689.4309862
1788891840000,2026-09-08T18:24:00Z,114.735,114.75,114.61,114.61,5467.068,627038.2570716
1788891900000,2026-09-08T18:25:00Z,114.61,114.68,114.61,114.68,2239.008719,256654.6587476353
1788891960000,2026-09-08T18:26:00Z,114.6875,114.6875,114.665,114.665,1457,167081.0379
1788892020000,2026-09-08T18:27:00Z,114.71,114.71,114.63,114.665,4113.483,471700.0885311
1788892080000,2026-09-08T18:28:00Z,114.66,114.68,114.66,114.67,2463.0367,282438.63512203
1788892140000,2026-09-08T18:29:00Z,114.66,114.71,114.59,114.71,6354,728495.631
1788892200000,2026-09-08T18:30:00Z,114.68,114.72,114.61,114.63,10727.781,1230184.6850568
1788892260000,2026-09-08T18:31:00Z,114.64,114.64,114.515,114.515,5785.456542,663178.7837703012
1788892320000,2026-09-08T18:32:00Z,114.54,114.575,114.54,114.56,4888,560047.488
1788892440000,2026-09-08T18:34:00Z,114.59,114.59,114.4,114.4,6333.4004,725550.54978376
1788892500000,2026-09-08T18:35:00Z,114.43,114.43,114.38,114.425,600,68651.5
1788892560000,2026-09-08T18:36:00Z,114.425,114.425,114.425,114.425,1849.034,211584.5908132
1788892620000,2026-09-08T18:37:00Z,114.5,114.52,114.5,114.52,1720.348,196955.761128
1788892680000,2026-09-08T18:38:00Z,114.52,114.52,114.52,114.52,1764,201978
1788892740000,2026-09-08T18:39:00Z,114.52,114.52,114.46,114.46,4528.66176,518676.235830144
1788892860000,2026-09-08T18:41:00Z,114.485,114.485,114.43,114.47,1730,197981.6
1788892980000,2026-09-08T18:43:00Z,114.53,114.55,114.53,114.55,3421.163,391687.5834048
1788893040000,2026-09-08T18:44:00Z,114.585,114.63,114.575,114.63,3672.9394,420749.9000276
1788893100000,2026-09-08T18:45:00Z,114.58,114.67,114.55,114.67,1889.055044,216476.4516726844
1788893160000,2026-09-08T18:46:00Z,114.73,114.8,114.71,114.71,2244.832925,257531.4983385575
1788893220000,2026-09-08T18:47:00Z,114.76,114.92,114.73,114.79,19231.033876,2208443.85273515
1788893280000,2026-09-08T18:48:00Z,114.805,114.98,114.71,114.73,47680.324356,5474158.9671826176
1788893340000,2026-09-08T18:49:00Z,114.66,114.93,114.65,114.93,15068.207641,1729559.009449262
1788893400000,2026-09-08T18:50:00Z,115,115.2,114.98,114.98,16343.483023,1879981.0460458762
1788893460000,2026-09-08T18:51:00Z,115.14,115.21,114.98,114.98,6239.734899,718267.7397201981
1788893520000,2026-09-08T18:52:00Z,114.97,114.99,114.84,114.84,8425,968485.765
1788893580000,2026-09-08T18:53:00Z,114.86,115.08,114.86,115.08,3581.022,411486.285465
1788893640000,2026-09-08T18:54:00Z,115.07,115.0853,114.97,115.035,20619.258,2371872.4243302
1788893700000,2026-09-08T18:55:00Z,115.035,115.18,115.03,115.175,10650.02389,1225288.443551667
1788893760000,2026-09-08T18:56:00Z,115.175,115.175,115.175,115.175,2321.053704,267348.4819469064
1788893820000,2026-09-08T18:57:00Z,115.22,115.28,115.12,115.12,10863.261109,1251600.8517384369
1788893880000,2026-09-08T18:58:00Z,115.09,115.09,115,115.035,4346.805,500166.4213665
1788893940000,2026-09-08T18:59:00Z,115.1085,115.11,115.04,115.06,5020.677,577727.2941192
1788894000000,2026-09-08T19:00:00Z,115.03,115.1,115.02,115.02,5681,653751.3008
1788894060000,2026-09-08T19:01:00Z,115.02,115.02,114.79,114.89,11188.162101,1286332.0859734326
1788894120000,2026-09-08T19:02:00Z,115,115.01,114.86,114.93,4170.76203,479308.14324963
1788894180000,2026-09-08T19:03:00Z,115,115,114.84,114.84,5091,584983.9005
1788894240000,2026-09-08T19:04:00Z,114.805,114.805,114.71,114.75,3820.922123,438589.8951795272
1788894300000,2026-09-08T19:05:00Z,114.75,114.945,114.75,114.91,4610.753911,529586.583463549
1788894360000,2026-09-08T19:06:00Z,114.91,114.945,114.83,114.855,7495.835075,861335.914299145
1788894420000,2026-09-08T19:07:00Z,114.86,114.88,114.77,114.88,6975.48909,801058.889155419
1788894480000,2026-09-08T19:08:00Z,114.92,114.93,114.8,114.8,4394.97719,504930.578902439
1788894540000,2026-09-08T19:09:00Z,114.79,114.81,114.7,114.71,6096.442407,699961.8156712236
1788894600000,2026-09-08T19:10:00Z,114.69,114.79,114.69,114.79,2695.11132,309250.5484134
1788894660000,2026-09-08T19:11:00Z,114.83,114.865,114.83,114.865,4360.71118,500834.22008977
1788894720000,2026-09-08T19:12:00Z,114.9,114.9,114.86,114.86,2027.16403,232843.912097457
1788894780000,2026-09-08T19:13:00Z,114.89,114.98,114.86,114.98,4910.967539,564286.8675207326
1788894840000,2026-09-08T19:14:00Z,114.98,114.98,114.93,114.975,3750,431102.625
1788894900000,2026-09-08T19:15:00Z,114.98,115.05,114.97,115.05,4631.672991,532522.4336345331
1788894960000,2026-09-08T19:16:00Z,115.05,115.14,115.05,115.13,6178.819682,711107.3816800478
1788895020000,2026-09-08T19:17:00Z,115.14,115.23,115.05,115.05,12497.843925,1439334.192172905
1788895080000,2026-09-08T19:18:00Z,115.12,115.2,115.12,115.18,4012,461918.4104
1788895140000,2026-09-08T19:19:00Z,115.18,115.18,115.06,115.06,5534,637283.2652
1788895200000,2026-09-08T19:20:00Z,115.01,115.1,115,115.07,5520,635111.88
1788895260000,2026-09-08T19:21:00Z,115.065,115.11,115.065,115.11,3054.608,351507.7937568
1788895320000,2026-09-08T19:22:00Z,115.11,115.14,114.99,115.01,7521.252,865526.1249048
1788895380000,2026-09-08T19:23:00Z,114.93,114.95,114.93,114.95,5327.12964,612489.39392382
1788895440000,2026-09-08T19:24:00Z,114.88,114.88,114.8,114.8,2956.71,339736.031814
1788895500000,2026-09-08T19:25:00Z,114.79,114.79,114.665,114.675,3540.50296,406217.128763528
1788895560000,2026-09-08T19:26:00Z,114.695,114.695,114.39,114.55,32808.013804,3760759.6567428572
1788895620000,2026-09-08T19:27:00Z,114.52,114.62,114.52,114.565,3179.2,364152.24432
1788895680000,2026-09-08T19:28:00Z,114.62,114.65,114.59,114.605,2966.17735,339868.16017582
1788895740000,2026-09-08T19:29:00Z,114.605,114.65,114.605,114.61,4289,491578.1593
1788895800000,2026-09-08T19:30:00Z,114.65,114.65,114.495,114.525,9480.043696,1086088.7900671968
1788895860000,2026-09-08T19:31:00Z,114.56,114.575,114.5275,114.57,4993,571922.1864
1788895920000,2026-09-08T19:32:00Z,114.63,114.63,114.48,114.48,10142.07348,1161882.023112888
1788895980000,2026-09-08T19:33:00Z,114.475,114.5,114.42,114.45,11126,1273604.346
1788896040000,2026-09-08T19:34:00Z,114.45,114.49,114.42,114.47,4192.043687,479843.9574499298
1788896100000,2026-09-08T19:35:00Z,114.455,114.455,114.215,114.27,6156.466886,704076.3320104382
1788896160000,2026-09-08T19:36:00Z,114.26,114.41,114.26,114.41,5831.97,666748.718205
1788896220000,2026-09-08T19:37:00Z,114.41,114.41,114.37,114.37,1904.842606,217857.6107852624
1788896280000,2026-09-08T19:38:00Z,114.42,114.43,114.34,114.34,9007.455,1030409.616216
1788896340000,2026-09-08T19:39:00Z,114.34,114.36,114.27,114.28,8170.218674,934083.1265173372
1788896400000,2026-09-08T19:40:00Z,114.28,114.28,114.13,114.23,8675.435,990693.9024555
1788896460000,2026-09-08T19:41:00Z,114.25,114.32,114.175,114.29,10735,1226523.131
1788896520000,2026-09-08T19:42:00Z,114.3,114.3,114.225,114.225,3264.362585,373053.967703868
1788896580000,2026-09-08T19:43:00Z,114.23,114.25,114.16,114.16,9691,1106983.548
1788896640000,2026-09-08T19:44:00Z,114.17,114.21,114.15,114.2,4801.008758,548130.2096991084
1788896700000,2026-09-08T19:45:00Z,114.22,114.22,114.03,114.03,9634,1099684.4908
1788896760000,2026-09-08T19:46:00Z,114.08,114.11,113.98,113.985,11690,1333658.326
1788896820000,2026-09-08T19:47:00Z,114,114.09,113.98,113.9803,20456,2331613.7464
1788896880000,2026-09-08T19:48:00Z,114.02,114.06,114.0025,114.03,5280.138,602102.5843608
1788896940000,2026-09-08T19:49:00Z,114.02,114.2,114.005,114.2,13945,1590357.525
1788897000000,2026-09-08T19:50:00Z,114.13,114.215,113.98,114.07,7671.106177,875252.5028090221
1788897060000,2026-09-08T19:51:00Z,114.08,114.115,113.92,113.98,22287.924711,2541964.5587992032
1788897120000,2026-09-08T19:52:00Z,113.96,114.05,113.9325,113.975,11814.008,1346939.8614968
1788897180000,2026-09-08T19:53:00Z,114.01,114.01,113.82,113.88,15972.655065,1819598.475942774
1788897240000,2026-09-08T19:54:00Z,113.9109,114.39,113.72,114.32,31945.7947,3637795.4256678
1788897300000,2026-09-08T19:55:00Z,114.28,114.5,114.145,114.35,34797,3978737.6958
1788897360000,2026-09-08T19:56:00Z,114.33,114.6,114.3,114.6,32326.148859,3697238.623450407
1788897420000,2026-09-08T19:57:00Z,114.605,114.605,114.3,114.36,48643.529451,5568001.0560204954
1788897480000,2026-09-08T19:58:00Z,114.36,114.36,114.19,114.22,58360.73,6670462.192883
1788897540000,2026-09-08T19:59:00Z,114.21,114.36,114.15,114.31,100074.908274,11432127.1991161818
1788897600000,2026-09-08T20:00:00Z,114.31,114.31,114.15,114.31,627014.244341,71664969.2655011996
1788897780000,2026-09-08T20:03:00Z,114.88,114.88,114.42,114.42,50,5731.12
1788897840000,2026-09-08T20:04:00Z,114.31,114.31,114.31,114.31,8.2976,948.581632
1788897960000,2026-09-08T20:06:00Z,114.36,114.36,114.36,114.36,100,11436
1788898200000,2026-09-08T20:10:00Z,114.31,114.31,114.31,114.31,8,914.48
1788898500000,2026-09-08T20:15:00Z,114.31,114.31,114.31,114.31,2,228.62
1788899280000,2026-09-08T20:28:00Z,114.31,114.31,114.31,114.31,24753,2829515.43
1788900420000,2026-09-08T20:47:00Z,114.849,114.849,114.849,114.849,2,229.698
1788900960000,2026-09-08T20:56:00Z,114.63,114.63,114.63,114.63,51,5846.13
1788901500000,2026-09-08T21:05:00Z,114.63,114.63,114.63,114.63,1,114.63
1788902640000,2026-09-08T21:24:00Z,114.63,114.63,114.63,114.63,1,114.63
1788903240000,2026-09-08T21:34:00Z,114.31,114.31,114.31,114.31,1,114.31
1788905640000,2026-09-08T22:14:00Z,114.63,114.63,114.63,114.63,1,114.63
1788906180000,2026-09-08T22:23:00Z,113.89,113.89,113.89,113.89,2,227.78
1788907500000,2026-09-08T22:45:00Z,114.56,114.66,114.56,114.56,265,30363.3
1788907860000,2026-09-08T22:51:00Z,114.67,114.67,114.67,114.67,5,573.35
1788908940000,2026-09-08T23:09:00Z,114.69,114.69,114.69,114.69,50,5734.5
1788909360000,2026-09-08T23:16:00Z,114.69,114.69,114.69,114.69,5,573.45
1788910200000,2026-09-08T23:30:00Z,114.6224,114.6224,114.6224,114.6224,3.774911,430.75509421
1788910260000,2026-09-08T23:31:00Z,114.65,114.65,114.65,114.65,75,8598.75
1788914340000,2026-09-09T00:39:00Z,114.31,114.31,114.31,114.31,14,1600.34
1788919860000,2026-09-09T02:11:00Z,114.76,114.76,114.76,114.76,9,1032.84
1788921900000,2026-09-09T02:45:00Z,114.76,114.76,114.76,114.76,9,1032.84
1788922860000,2026-09-09T03:01:00Z,114.77,114.77,114.77,114.77,7,803.39
1788931260000,2026-09-09T05:21:00Z,114.76,114.76,114.75,114.75,25,2868.76
1788940860000,2026-09-09T08:01:00Z,114.9,114.9,114.9,114.9,1,114.9
1788941940000,2026-09-09T08:19:00Z,114.26,114.26,114.26,114.26,28,3199.28
1788942000000,2026-09-09T08:20:00Z,114.26,114.26,114.26,114.26,13,1485.38
1788942180000,2026-09-09T08:23:00Z,114.38,114.38,114.38,114.38,5,571.9
1788948960000,2026-09-09T10:16:00Z,113.99,114.47,113.99,114.47,10,1143.74
1788951600000,2026-09-09T11:00:00Z,114.47,114.47,114.47,114.47,2,228.94
1788952380000,2026-09-09T11:13:00Z,113,113.13,112.96,112.96,1027,117755.82
1788952500000,2026-09-09T11:15:00Z,113.14,113.14,113.14,113.14,4,452.56
1788953220000,2026-09-09T11:27:00Z,112.75,112.75,112.6887,112.6887,117.013205,13416.7340853
1788953280000,2026-09-09T11:28:00Z,112.22,112.22,112.16,112.16,2535.026499,290666.13837534
1788953340000,2026-09-09T11:29:00Z,112.02,112.02,112.02,112.02,5,560.1
1788953460000,2026-09-09T11:31:00Z,113.4307,113.4307,113.4307,113.4307,20,2268.614
1788958800000,2026-09-09T13:00:00Z,112.49,112.49,112.49,112.49,10,1124.9
1788958920000,2026-09-09T13:02:00Z,113.1,113.1,113.1,113.1,44,4976.4
1788960420000,2026-09-09T13:27:00Z,112.62,112.62,112.53,112.53,670,75602.8
1788960600000,2026-09-09T13:30:00Z,113.05,113.6125,112.17,113.5425,24031.998178,2713390.4310827172
1788960660000,2026-09-09T13:31:00Z,113.3412,114.06,113.3412,114.02,5056.923075,574102.3628586
1788960720000,2026-09-09T13:32:00Z,114.42,114.42,114.41,114.41,936.09549,106705.056857355
1788960780000,2026-09-09T13:33:00Z,114.47,114.48,114.15,114.15,3149.4173,359619.99370126
1788960840000,2026-09-09T13:34:00Z,114.15,114.56,114.15,114.32,3846.108899,439680.6309485517
1788960900000,2026-09-09T13:35:00Z,114.11,114.33,113.89,114.33,5901.725881,672656.8795306203
1788960960000,2026-09-09T13:36:00Z,114.295,114.295,113.63,113.92,2497.76372,284509.275184832
1788961020000,2026-09-09T13:37:00Z,114,114,113.88,113.88,2883.343571,327636.3483132297
1788961140000,2026-09-09T13:39:00Z,114.17,114.17,113.76,113.76,3696,420695.352
1788961200000,2026-09-09T13:40:00Z,113.6085,113.79,113.45,113.45,4085,464185.086
1788961260000,2026-09-09T13:41:00Z,113.34,113.97,113.34,113.7,17377.8844,1972089.24199988
1788961320000,2026-09-09T13:42:00Z,113.65,113.65,113.17,113.17,5192.865534,589454.6296416216
1788961380000,2026-09-09T13:43:00Z,113.0101,113.28,113.0101,113.28,400.21924,45287.40843106
1788961440000,2026-09-09T13:44:00Z,113.265,113.29,113.26,113.29,2068,234131.722
1788961500000,2026-09-09T13:45:00Z,113.135,113.3,112.85,113.005,12441.281344,1407956.1712659264
1788961560000,2026-09-09T13:46:00Z,112.72,112.72,112.49,112.52,4109.531168,463208.6822729376
1788961620000,2026-09-09T13:47:00Z,112.505,112.51,112.285,112.285,3717,418112.6922
1788961680000,2026-09-09T13:48:00Z,112.285,112.62,112.28,112.465,5430.995933,610351.0728387457
1788961740000,2026-09-09T13:49:00Z,112.885,113.185,112.885,112.93,2469.246911,278535.990054622
1788961800000,2026-09-09T13:50:00Z,112.995,112.995,112.66,112.81,12687.961224,1432682.7111420408
1788961860000,2026-09-09T13:51:00Z,112.865,112.945,112.865,112.945,2036.94158,229718.327320238
1788961920000,2026-09-09T13:52:00Z,113,113,113,113,5430,613590
1788962040000,2026-09-09T13:54:00Z,113.18,113.18,113.18,113.18,983.19819,111208.269113253
1788962100000,2026-09-09T13:55:00Z,113.33,113.49,113.33,113.33,2055.450581,232786.5612851673
1788962160000,2026-09-09T13:56:00Z,113.27,113.55,113.27,113.55,2487.388118,281902.1626220468
1788962220000,2026-09-09T13:57:00Z,113.645,113.645,113.51,113.51,2233.746455,253508.5553018865
1788962280000,2026-09-09T13:58:00Z,113.61,113.61,113.48,113.605,4567.2463,518311.66273235
1788962340000,2026-09-09T13:59:00Z,113.68,114.0125,113.68,113.995,4781.354,544061.6652228
1788962400000,2026-09-09T14:00:00Z,114.15,114.3,113.11,113.11,6151,699657.797
1788962460000,2026-09-09T14:01:00Z,113.1,113.125,113.01,113.125,9083.250087,1027816.0719194937
1788962520000,2026-09-09T14:02:00Z,113.235,113.235,113.05,113.05,1398.32226,158281.130569536
1788962580000,2026-09-09T14:03:00Z,113.07,113.28,113.07,113.28,4027.93175,455467.646874275
1788962640000,2026-09-09T14:04:00Z,113.28,113.35,113.09,113.285,7737.10993,876606.81795907
1788962700000,2026-09-09T14:05:00Z,113.11,113.31,113.08,113.31,2255.143951,255242.8302340575
1788962760000,2026-09-09T14:06:00Z,113.22,113.22,113.16,113.16,1225.088543,138765.9017744643
1788962820000,2026-09-09T14:07:00Z,113.135,113.25,113.135,113.2286,2712.71235,306972.15715341
1788962880000,2026-09-09T14:08:00Z,113.33,113.33,113.12,113.12,1804.74222,204368.648044356
1788962940000,2026-09-09T14:09:00Z,113.175,113.175,113.06,113.06,1056.08698,119523.805657178
1788963000000,2026-09-09T14:10:00Z,113.21,113.22,113.21,113.21,2465.892329,279166.3830476519
1788963060000,2026-09-09T14:11:00Z,113.34,113.34,113.13,113.13,3058.68885,346555.258213815
1788963120000,2026-09-09T14:12:00Z,112.975,112.975,112.65,112.65,3190.135759,360440.0408392222
1788963180000,2026-09-09T14:13:00Z,112.79,112.93,112.79,112.865,3031.708923,342001.3233566763
1788963240000,2026-09-09T14:14:00Z,112.93,113.19,112.93,113.165,6937.439129,784302.4683143144
1788963300000,2026-09-09T14:15:00Z,113.05,113.07,112.96,113,3177.035627,359181.0336247358
1788963360000,2026-09-09T14:16:00Z,112.99,112.99,112.89,112.89,1062.9093,120077.9265303
1788963420000,2026-09-09T14:17:00Z,112.835,113.1,112.75,113.1,3707.845981,418511.991567432
1788963480000,2026-09-09T14:18:00Z,113,113,112.86,112.86,1318.69253,148979.816053762
1788963540000,2026-09-09T14:19:00Z,112.54,112.54,112.52,112.52,1515.374325,170861.3343549675
1788963600000,2026-09-09T14:20:00Z,112.605,112.71,112.54,112.71,4052.23768,456420.954520424
1788963660000,2026-09-09T14:21:00Z,112.95,112.95,112.62,112.62,3517.40631,396749.010402129
1788963720000,2026-09-09T14:22:00Z,112.55,112.55,112.39,112.39,3027,340357.6962
1788963780000,2026-09-09T14:23:00Z,112.425,112.59,112.425,112.59,3071.553985,345461.6697131305
1788963840000,2026-09-09T14:24:00Z,112.595,112.66,112.52,112.54,5453.52828,614217.801708528
1788963900000,2026-09-09T14:25:00Z,112.72,112.77,112.675,112.675,1925.12392,216850.386133816
1788963960000,2026-09-09T14:26:00Z,112.78,112.84,112.78,112.84,291,32830.44
1788964080000,2026-09-09T14:28:00Z,113.1,113.1,113.1,113.1,855.84341,96751.214644998
1788964140000,2026-09-09T14:29:00Z,112.98,112.98,112.98,112.98,1193.206781,134925.436381918
1788964200000,2026-09-09T14:30:00Z,113.03,113.1439,113.03,113.135,1298.16949,146831.277603736
1788964260000,2026-09-09T14:31:00Z,113.01,113.01,112.85,112.85,3849.327945,435348.982326843
1788964320000,2026-09-09T14:32:00Z,113.14,113.315,113.14,113.315,1686.56784,190746.774941184
1788964380000,2026-09-09T14:33:00Z,113.3,113.3,113.21,113.21,1338.894127,151661.4916735599
1788964440000,2026-09-09T14:34:00Z,113.18,113.26,113.09,113.1,12596.36176,1425733.061803536
1788964500000,2026-09-09T14:35:00Z,113,113.0025,113,113.0025,1520.82933,172011.728457387
1788964560000,2026-09-09T14:36:00Z,113.11,113.11,113.04,113.105,2646.636347,299296.9886095726
1788964620000,2026-09-09T14:37:00Z,113.115,113.115,113.1,113.105,3583.634719,405314.4621709785
1788964680000,2026-09-09T14:38:00Z,113.105,113.12,113.1,113.1,3645,412077.0915
1788964740000,2026-09-09T14:39:00Z,113.105,113.18,113.1,113.18,2972.145371,336086.6319782348
1788964800000,2026-09-09T14:40:00Z,113.29,113.33,113.24,113.245,3719.044,421200.7001244
1788964860000,2026-09-09T14:41:00Z,113.24,113.24,113.185,113.185,1220.99397,138243.37927134
1788964920000,2026-09-09T14:42:00Z,113.07,113.07,113.04,113.04,1090.168188,123246.8931747828
1788964980000,2026-09-09T14:43:00Z,112.925,113.05,112.925,113.05,2472.816465,279353.8287694035
1788965040000,2026-09-09T14:44:00Z,112.99,113.15,112.99,113.15,1022.03553,115488.481836705
1788965100000,2026-09-09T14:45:00Z,113.05,113.09,113,113.065,2353.350648,265977.8082525432
1788965160000,2026-09-09T14:46:00Z,113.07,113.2,113.07,113.1175,2587.797571,292650.4043877906
1788965220000,2026-09-09T14:47:00Z,113.11,113.11,113.05,113.055,1444.31411,163341.093485175
1788965280000,2026-09-09T14:48:00Z,113.09,113.095,113.09,113.095,1106.26117,125048.886377758
1788965340000,2026-09-09T14:49:00Z,113.11,113.11,113.03,113.03,637.09,72045.131523
1788965400000,2026-09-09T14:50:00Z,113.09,113.13,113.09,113.13,1595.05596,180392.375279412
1788965460000,2026-09-09T14:51:00Z,113.1487,113.17,113.125,113.145,2551.01,288521.271808
1788965520000,2026-09-09T14:52:00Z,113.135,113.26,113.135,113.26,3089.25779,349604.198801383
1788965580000,2026-09-09T14:53:00Z,113.205,113.205,113.16,113.17,2712.21,306907.445517
1788965640000,2026-09-09T14:54:00Z,113.17,113.18,113.02,113.02,9556.416314,1080918.6041434888
1788965700000,2026-09-09T14:55:00Z,113.085,113.085,113.0825,113.085,1753.18023,198148.637227152
1788965760000,2026-09-09T14:56:00Z,113.17,113.17,113.17,113.17,1152.70513,130362.304914525
1788965820000,2026-09-09T14:57:00Z,113.195,113.195,113.11,113.11,975.41474,110354.326941692
1788965880000,2026-09-09T14:58:00Z,113.1,113.16,113.1,113.16,1603.2,181317.912
1788965940000,2026-09-09T14:59:00Z,113.165,113.235,113.165,113.235,954.311388,107987.1091630548
1788966000000,2026-09-09T15:00:00Z,113.175,113.57,113.175,113.57,6405,726374.397
1788966060000,2026-09-09T15:01:00Z,113.65,113.65,113.4,113.4,3199.96769,363493.92981017
1788966120000,2026-09-09T15:02:00Z,113.495,113.495,113.2833,113.2833,750,85004.815
1788966180000,2026-09-09T15:03:00Z,113.4318,113.4318,113.4318,113.4318,1408.21662,159624.311131902
1788966240000,2026-09-09T15:04:00Z,113.42,113.5,113.42,113.5,3559.42337,403684.170777136
1788966300000,2026-09-09T15:05:00Z,113.42,113.42,113.415,113.415,1955.64541,221791.506028969
1788966360000,2026-09-09T15:06:00Z,113.195,113.195,113.19,113.19,1357.24523,153727.430904289
1788966420000,2026-09-09T15:07:00Z,113.19,113.19,113.08,113.13,2079,235292.0724
1788966480000,2026-09-09T15:08:00Z,113.22,113.22,113.22,113.22,721.73247,81682.721851473
1788966540000,2026-09-09T15:09:00Z,113.05,113.05,113.02,113.02,1532.829888,173344.9729401216
1788966600000,2026-09-09T15:10:00Z,113.05,113.075,112.95,112.95,3246.84407,367067.086067745
1788966660000,2026-09-09T15:11:00Z,112.755,112.755,112.755,112.755,826.82023,93350.649791736
1788966720000,2026-09-09T15:12:00Z,112.64,112.67,112.52,112.55,3628.915877,408603.9523278059
1788966780000,2026-09-09T15:13:00Z,112.575,112.7,112.575,112.7,4671.16545,525874.20096246
1788966840000,2026-09-09T15:14:00Z,112.53,112.77,112.53,112.77,2206.9,248670.84372
1788966960000,2026-09-09T15:16:00Z,112.86,112.86,112.825,112.85,1269.40398,143257.697580114
1788967020000,2026-09-09T15:17:00Z,112.99,112.99,112.79,112.91,1524.8849,172132.51474727
1788967080000,2026-09-09T15:18:00Z,112.86,112.94,112.855,112.87,1106.08791,124826.44499514
1788967140000,2026-09-09T15:19:00Z,112.95,112.95,112.875,112.875,739,83413.5165
1788967200000,2026-09-09T15:20:00Z,112.875,112.875,112.73,112.73,2531.829483,285751.6432204671
1788967260000,2026-09-09T15:21:00Z,112.76,112.76,112.595,112.605,1342.008647,151260.0760180699
1788967380000,2026-09-09T15:23:00Z,112.645,112.645,112.51,112.51,1395.456562,157105.1047566146
1788967440000,2026-09-09T15:24:00Z,112.35,112.57,112.3279,112.48,8592.26175,966116.488848525
1788967500000,2026-09-09T15:25:00Z,112.6,112.675,112.6,112.655,2459.50673,276858.556223891
1788967560000,2026-09-09T15:26:00Z,112.65,112.65,112.545,112.545,1255.564047,141366.0905106099
1788967620000,2026-09-09T15:27:00Z,112.49,112.5,112.49,112.5,1331.22742,149805.284659214
1788967680000,2026-09-09T15:28:00Z,112.53,112.67,112.53,112.65,1602.215599,180371.8243808235
1788967740000,2026-09-09T15:29:00Z,112.58,112.58,112.58,112.58,388.65766,43747.928061856
1788967800000,2026-09-09T15:30:00Z,112.555,112.71,112.555,112.71,3087.733127,347560.7986947486
1788967860000,2026-09-09T15:31:00Z,112.63,112.715,112.5801,112.5801,4986.05794,561831.50170817
1788967920000,2026-09-09T15:32:00Z,112.58,112.61,112.58,112.61,1552.3253,174755.81483304
1788967980000,2026-09-09T15:33:00Z,112.66,112.66,112.59,112.59,1028.669183,115820.1263861726
1788968040000,2026-09-09T15:34:00Z,112.57,112.5777,112.57,112.5777,1389.32733,156405.886031211
1788968100000,2026-09-09T15:35:00Z,112.62,112.62,112.49,112.5,7028.554868,790942.2563941836
1788968160000,2026-09-09T15:36:00Z,112.47,112.505,112.47,112.505,2362.847432,265772.1340123872
1788968220000,2026-09-09T15:37:00Z,112.46,112.46,112.44,112.44,1971.76,221771.73424
1788968280000,2026-09-09T15:38:00Z,112.33,112.33,112.33,112.33,850.3376,95550.99053808
1788968340000,2026-09-09T15:39:00Z,112.33,112.85,112.33,112.85,7888.06057,887439.155173337
1788968400000,2026-09-09T15:40:00Z,112.93,112.93,112.78,112.78,1611.442634,181838.2485615646
1788968460000,2026-09-09T15:41:00Z,112.78,112.78,112.7,112.7,1676.25836,188974.830098796
1788968520000,2026-09-09T15:42:00Z,112.815,112.9,112.815,112.9,1756.33171,198035.533227392
1788968580000,2026-09-09T15:43:00Z,112.975,112.975,112.975,112.975,641.03262,72393.288151626
1788968640000,2026-09-09T15:44:00Z,112.985,112.985,112.96,112.96,2201,248573.8968
1788968700000,2026-09-09T15:45:00Z,113.03,113.13,113.03,113.13,2534.75958,286507.67746677
1788968760000,2026-09-09T15:46:00Z,113.095,113.12,113.055,113.055,4659.4522,526743.61608648
1788968820000,2026-09-09T15:47:00Z,113.055,113.1,112.96,112.96,3345.25147,378162.614325562
1788968880000,2026-09-09T15:48:00Z,113,113,113,113,802.432743,90650.4257603385
1788968940000,2026-09-09T15:49:00Z,112.985,112.995,112.985,112.995,1954,220738.1042
1788969000000,2026-09-09T15:50:00Z,112.995,113.05,112.995,113,3176,358954.3784
1788969060000,2026-09-09T15:51:00Z,113.03,113.2,113.015,113.2,2050,231787.76
1788969120000,2026-09-09T15:52:00Z,113.175,113.175,113.175,113.175,1039,117560.1486
1788969180000,2026-09-09T15:53:00Z,113.25,113.25,113.15,113.15,1256.01748,142132.947664768
1788969240000,2026-09-09T15:54:00Z,113.13,113.13,113.1,113.1,1128,127628.4624
1788969300000,2026-09-09T15:55:00Z,113.16,113.16,113.07,113.07,1264,143000.744
1788969420000,2026-09-09T15:57:00Z,112.97,112.97,112.9064,112.9064,1442.461012,162989.2953438268
1788969480000,2026-09-09T15:58:00Z,112.925,113,112.925,112.985,3087.88865,348712.17735585
1788969540000,2026-09-09T15:59:00Z,112.975,113.05,112.975,112.975,1131.555282,127833.0449183502
1788969600000,2026-09-09T16:00:00Z,112.91,112.91,112.74,112.86,5928,668931.5256
1788969660000,2026-09-09T16:01:00Z,112.84,112.86,112.84,112.855,1260,142191.882
1788969720000,2026-09-09T16:02:00Z,112.91,112.91,112.865,112.865,1952,220269.7312
1788969780000,2026-09-09T16:03:00Z,112.87,112.87,112.82,112.86,5596.41,631482.11517
1788969840000,2026-09-09T16:04:00Z,112.91,112.93,112.91,112.93,2686.014661,303128.8415598245
1788969900000,2026-09-09T16:05:00Z,112.9,112.9,112.79,112.82,700,78982
1788970020000,2026-09-09T16:07:00Z,112.7933,112.7933,112.7933,112.7933,1869.22765,210802.335151515
1788970080000,2026-09-09T16:08:00Z,112.795,112.795,112.645,112.645,4485,505796.3235
1788970140000,2026-09-09T16:09:00Z,112.7,112.74,112.69,112.69,6319,712147.5086
1788970200000,2026-09-09T16:10:00Z,112.69,112.69,112.69,112.69,1461.04755,164654.653009065
1788970260000,2026-09-09T16:11:00Z,112.73,112.73,112.675,112.685,1481,166918.3265
1788970320000,2026-09-09T16:12:00Z,112.73,112.87,112.73,112.87,3744.088656,422166.588451608
1788970380000,2026-09-09T16:13:00Z,112.82,112.86,112.795,112.795,2302.352,259688.9589008
1788970440000,2026-09-09T16:14:00Z,112.85,112.85,112.72,112.72,769,86712.165
1788970560000,2026-09-09T16:16:00Z,112.685,112.74,112.685,112.685,1508.18645,169960.5474234
1788970620000,2026-09-09T16:17:00Z,112.685,112.685,112.55,112.55,2542.025334,286396.7758500432
1788970740000,2026-09-09T16:19:00Z,112.48,112.53,112.48,112.53,2326.1,261687.41305
1788970800000,2026-09-09T16:20:00Z,112.49,112.52,112.48,112.4801,1782.009773,200493.2067563208
1788970860000,2026-09-09T16:21:00Z,112.52,112.575,112.52,112.56,2400.08881,270052.712705818
1788970920000,2026-09-09T16:22:00Z,112.61,112.61,112.61,112.61,576.305172,64863.1471086
1788970980000,2026-09-09T16:23:00Z,112.62,112.63,112.62,112.63,2738.00887,308183.980986799
1788971040000,2026-09-09T16:24:00Z,112.675,112.77,112.67,112.77,1598,180055.1294
1788971100000,2026-09-09T16:25:00Z,112.79,112.865,112.75,112.75,2416.077795,272546.138880534
1788971220000,2026-09-09T16:27:00Z,112.75,112.75,112.74,112.74,1099,123892.6878
1788971280000,2026-09-09T16:28:00Z,112.73,112.73,112.73,112.73,640.5,72218.48865
1788971340000,2026-09-09T16:29:00Z,112.715,112.715,112.66,112.66,2925,329687.28
1788971400000,2026-09-09T16:30:00Z,112.855,112.855,112.855,112.855,899,101410.5263
1788971460000,2026-09-09T16:31:00Z,112.965,112.97,112.965,112.97,1113,125662.5972
1788971520000,2026-09-09T16:32:00Z,113.09,113.09,113.03,113.065,2913,329301.8328
1788971580000,2026-09-09T16:33:00Z,112.98,113.04,112.98,113.04,2105.173552,237946.0824437184
1788971640000,2026-09-09T16:34:00Z,113.13,113.13,113.11,113.11,1614,182476.419
1788971700000,2026-09-09T16:35:00Z,113.1,113.19,113.1,113.19,1305.479278,147662.5000387244
1788971760000,2026-09-09T16:36:00Z,113.1,113.15,113.1,113.15,812,91898.2624
1788971880000,2026-09-09T16:38:00Z,113.18,113.18,113.11,113.11,1693.3617,191597.27224437
1788971940000,2026-09-09T16:39:00Z,113.165,113.23,113.11,113.19,1577.48,178474.982964
1788972000000,2026-09-09T16:40:00Z,113.245,113.25,113.245,113.25,1209.84627,136948.54853265
1788972060000,2026-09-09T16:41:00Z,113.2,113.2,113.16,113.16,400,45268
1788972120000,2026-09-09T16:42:00Z,113.16,113.16,113.15,113.16,1209,136829.5422
1788972180000,2026-09-09T16:43:00Z,113.195,113.265,113.195,113.215,15101,1709348.6344
1788972240000,2026-09-09T16:44:00Z,113.155,113.19,113.155,113.155,500,56584.5
1788972300000,2026-09-09T16:45:00Z,113.12,113.14,113.09,113.09,1508,170608.1832
1788972360000,2026-09-09T16:46:00Z,113.07,113.22,113.07,113.21,5593,632588.9941
1788972420000,2026-09-09T16:47:00Z,113.215,113.215,113.215,113.215,876.4899,99206.99936433
1788972480000,2026-09-09T16:48:00Z,113.195,113.195,113.11,113.11,1004.492304,113695.2695143872
1788972540000,2026-09-09T16:49:00Z,113.145,113.145,113.145,113.145,2448.10487,277052.272948387
1788972600000,2026-09-09T16:50:00Z,113.21,113.3,113.145,113.3,774,87627.04
1788972660000,2026-09-09T16:51:00Z,113.24,113.24,113.24,113.24,1116,126479.628
1788972780000,2026-09-09T16:53:00Z,113.22,113.295,113.22,113.275,1054.18,119452.930848
1788972840000,2026-09-09T16:54:00Z,113.22,113.22,113.22,113.22,1134,128456.7984
1788972900000,2026-09-09T16:55:00Z,113.265,113.265,113.25,113.25,769.067737,87113.4561715955
1788972960000,2026-09-09T16:56:00Z,113.22,113.23,113.21,113.23,400,45288
1788973020000,2026-09-09T16:57:00Z,113.29,113.29,113.29,113.29,613.12899,69433.853785449
1788973080000,2026-09-09T16:58:00Z,113.25,113.28,113.23,113.23,3450,390744.24
1788973140000,2026-09-09T16:59:00Z,113.2401,113.2401,113.24,113.24,3010.052961,340937.2606912182
1788973200000,2026-09-09T17:00:00Z,113.19,113.19,113.16,113.16,1646,186371.4774
1788973260000,2026-09-09T17:01:00Z,113.14,113.2005,113.045,113.08,4869.573161,550991.2292525178
1788973320000,2026-09-09T17:02:00Z,113.14,113.2725,113.14,113.2725,3339.94244,377822.972663144
1788973380000,2026-09-09T17:03:00Z,113.19,113.19,113.17,113.17,1381,156394.107
1788973440000,2026-09-09T17:04:00Z,113.1,113.1,113.1,113.1,608,68791.9168
1788973500000,2026-09-09T17:05:00Z,112.99,113.045,112.94,113.04,7246.34371,819281.040099423
1788973560000,2026-09-09T17:06:00Z,113.045,113.045,113.005,113.005,2446,276298.2032
1788973620000,2026-09-09T17:07:00Z,113.07,113.08,113.06,113.06,2033,229738.5551
1788973680000,2026-09-09T17:08:00Z,113.125,113.125,113.125,113.125,1486.15119,168058.880864127
1788973740000,2026-09-09T17:09:00Z,113.02,113.07,113.005,113.07,2433,275042.1345
1788973800000,2026-09-09T17:10:00Z,113.1,113.1,113.1,113.1,884,99980.4
1788973980000,2026-09-09T17:13:00Z,113.11,113.11,113.11,113.11,529.035,59822.6958615
1788974040000,2026-09-09T17:14:00Z,113.12,113.12,113.12,113.12,675,76356
1788974100000,2026-09-09T17:15:00Z,113.105,113.105,113.105,113.105,720.098836,81416.534694668
1788974160000,2026-09-09T17:16:00Z,113.14,113.14,113.0601,113.0601,1634,184756.38
1788974220000,2026-09-09T17:17:00Z,113.13,113.13,113.13,113.13,1256,142051.2136
1788974280000,2026-09-09T17:18:00Z,113.135,113.135,113.135,113.135,525,59380.2825
1788974340000,2026-09-09T17:19:00Z,113.115,113.115,113.05,113.05,1427,161380.1435
1788974400000,2026-09-09T17:20:00Z,113.06,113.065,113.06,113.065,200,22612.5
1788974520000,2026-09-09T17:22:00Z,113.035,113.13,113.035,113.13,6009,679257.36
1788974640000,2026-09-09T17:24:00Z,113.06,113.11,113,113.045,4237,479086.4877
1788974700000,2026-09-09T17:25:00Z,113,113.045,112.98,113.045,766,86572.06
1788974880000,2026-09-09T17:28:00Z,113,113.02,112.93,112.93,6082,687257.4852
1788974940000,2026-09-09T17:29:00Z,112.93,113.04,112.93,113.01,2747,310415.3952
1788975000000,2026-09-09T17:30:00Z,113.01,113.01,113.01,113.01,1745,197202.2755
1788975060000,2026-09-09T17:31:00Z,113.01,113.01,113.01,113.01,2529.031076,285809.0896391588
1788975120000,2026-09-09T17:32:00Z,113.01,113.01,112.84,112.87,7712.752842,871272.6673470984
1788975180000,2026-09-09T17:33:00Z,112.9,112.93,112.9,112.93,1834,206995.6938
1788975240000,2026-09-09T17:34:00Z,112.945,112.945,112.945,112.945,1410.539427,159287.2806031155
1788975300000,2026-09-09T17:35:00Z,113.01,113.01,113.01,113.01,1020.1205,115224.75272805
1788975360000,2026-09-09T17:36:00Z,112.955,113,112.82,112.82,3750,423614.625
1788975420000,2026-09-09T17:37:00Z,112.885,112.96,112.885,112.96,1039,117325.0229
1788975540000,2026-09-09T17:39:00Z,112.885,112.9,112.885,112.9,2108,238006.902
1788975600000,2026-09-09T17:40:00Z,112.94,113.02,112.92,113.02,1386.138983,156580.3387281545
1788975660000,2026-09-09T17:41:00Z,113.02,113.02,113.01,113.01,1069.596975,120874.4054268675
1788975720000,2026-09-09T17:42:00Z,113.06,113.15,113.06,113.15,1666,188359.4594
1788975780000,2026-09-09T17:43:00Z,113.25,113.25,113.155,113.155,778.724,88113.7108136
1788975840000,2026-09-09T17:44:00Z,113.22,113.22,113.1957,113.1957,2148,243106.7736
1788975900000,2026-09-09T17:45:00Z,113.12,113.26,113.12,113.195,4208,476362.0112
1788975960000,2026-09-09T17:46:00Z,113.26,113.26,113.26,113.26,1093.722793,123845.4036474897
1788976020000,2026-09-09T17:47:00Z,113.32,113.4,113.31,113.4,3514,398139.0112
1788976080000,2026-09-09T17:48:00Z,113.335,113.41,113.335,113.4095,1383.03377,156697.449534246
1788976140000,2026-09-09T17:49:00Z,113.355,113.41,113.355,113.41,2531.008,286845.46416
1788976200000,2026-09-09T17:50:00Z,113.32,113.5,113.32,113.5,787,89261.54
1788976260000,2026-09-09T17:51:00Z,113.55,113.55,113.445,113.445,1194,135448.0764
1788976320000,2026-09-09T17:52:00Z,113.445,113.445,113.445,113.445,1466.35821,166354.086485691
1788976380000,2026-09-09T17:53:00Z,113.425,113.55,113.425,113.55,1033.330407,117248.5912919469
1788976440000,2026-09-09T17:54:00Z,113.48,113.48,113.43,113.43,2004,227387.868
1788976500000,2026-09-09T17:55:00Z,113.58,113.6,113.58,113.6,1181.386737,134069.4375710976
1788976560000,2026-09-09T17:56:00Z,113.525,113.59,113.46,113.5,1113,126357.8
1788976680000,2026-09-09T17:58:00Z,113.47,113.47,113.425,113.425,2125,241136.925
1788976740000,2026-09-09T17:59:00Z,113.38,113.47,113.38,113.47,1847.192,209521.0775456
1788976800000,2026-09-09T18:00:00Z,113.43,113.43,113.43,113.43,926,105042.9398
1788976860000,2026-09-09T18:01:00Z,113.48,113.59,113.47,113.54,2084,236432.0924
1788976920000,2026-09-09T18:02:00Z,113.41,113.44,113.41,113.44,1328,150686.832
1788976980000,2026-09-09T18:03:00Z,113.38,113.38,113.33,113.34,5440.5286,617165.4035911
1788977040000,2026-09-09T18:04:00Z,113.33,113.36,113.265,113.265,9073.35476,1028375.843169352
1788977100000,2026-09-09T18:05:00Z,113.21,113.21,113.05,113.05,3358.13489,380243.628475634
1788977160000,2026-09-09T18:06:00Z,113.02,113.055,113.02,113.055,4316,487971.276
1788977220000,2026-09-09T18:07:00Z,113.1,113.32,113.1,113.32,3495,395368.38
1788977280000,2026-09-09T18:08:00Z,113.265,113.36,113.265,113.36,1182.62109,133952.770835793
1788977340000,2026-09-09T18:09:00Z,113.42,113.5,113.42,113.5,4852.819159,549870.0272147946
1788977400000,2026-09-09T18:10:00Z,113.395,113.47,113.39,113.39,4852.53938,550384.236304422
1788977520000,2026-09-09T18:12:00Z,113.415,113.5,113.415,113.49,9053.5,1026504.84235
1788977580000,2026-09-09T18:13:00Z,113.45,113.5,113.45,113.5,2361,267844.8255
1788977640000,2026-09-09T18:14:00Z,113.47,113.62,113.47,113.54,10383,1179309.4464
1788977700000,2026-09-09T18:15:00Z,113.59,113.6,113.56,113.5606,3430,389539.612
1788977760000,2026-09-09T18:16:00Z,113.605,113.605,113.5,113.5,2477,281379.769
1788977820000,2026-09-09T18:17:00Z,113.5,113.52,113.42,113.52,4310.2007,489121.14441593
1788977880000,2026-09-09T18:18:00Z,113.51,113.51,113.4001,113.46,3327.13216,377500.074718976
1788977940000,2026-09-09T18:19:00Z,113.48,113.48,113.465,113.465,1460,165663.572
1788978000000,2026-09-09T18:20:00Z,113.46,113.54,113.46,113.485,3643,413395.43
1788978120000,2026-09-09T18:22:00Z,113.55,113.59,113.535,113.535,2000,227033.6
1788978180000,2026-09-09T18:23:00Z,113.59,113.59,113.52,113.52,1739,197414.0624
1788978240000,2026-09-09T18:24:00Z,113.5,113.5,113.5,113.5,1252.440451,142155.8737538981
1788978300000,2026-09-09T18:25:00Z,113.515,113.56,113.515,113.56,1610,182763.014
1788978360000,2026-09-09T18:26:00Z,113.49,113.49,113.46,113.465,5190,589110.153
1788978420000,2026-09-09T18:27:00Z,113.42,113.42,113.355,113.355,3628.6412,411529.6414538
1788978480000,2026-09-09T18:28:00Z,113.36,113.3955,113.3,113.3,3870,438635.475
1788978540000,2026-09-09T18:29:00Z,113.305,113.35,113.28,113.305,4762.7487,539686.58246667
1788978600000,2026-09-09T18:30:00Z,113.305,113.38,113.305,113.365,5899,668657.549
1788978660000,2026-09-09T18:31:00Z,113.29,113.33,113.28,113.33,4343.019,492288.5867823
1788978720000,2026-09-09T18:32:00Z,113.32,113.35,113.26,113.26,3140,355770.478
1788978780000,2026-09-09T18:33:00Z,113.27,113.31,113.23,113.31,4025.121648,455928.3466541136
1788978840000,2026-09-09T18:34:00Z,113.25,113.255,113.2,113.2,2833,320817.1357
1788978900000,2026-09-09T18:35:00Z,113.22,113.27,113.22,113.27,4329,490199.5098
1788978960000,2026-09-09T18:36:00Z,113.22,113.23,113.22,113.23,5087,576046.2843
1788979140000,2026-09-09T18:39:00Z,113.215,113.22,113.17,113.2,6446.119627,729761.3353008938
1788979200000,2026-09-09T18:40:00Z,113.22,113.24,113.22,113.2328,2987.0883,338146.75940724
1788979260000,2026-09-09T18:41:00Z,113.19,113.24,113.19,113.24,4521.149,511882.6813204
1788979320000,2026-09-09T18:42:00Z,113.205,113.205,113.205,113.205,2009,227449.9395
1788979380000,2026-09-09T18:43:00Z,113.215,113.24,113.215,113.24,1892.385614,214264.2257137816
1788979440000,2026-09-09T18:44:00Z,113.225,113.26,113.225,113.23,2584.19707,292599.331126648
1788979500000,2026-09-09T18:45:00Z,113.2,113.21,112.9625,112.9625,12158.50408,1376059.368710936
1788979560000,2026-09-09T18:46:00Z,112.95,112.98,112.74,112.8,6823.58109,770825.83783185
1788979620000,2026-09-09T18:47:00Z,112.84,112.85,112.75,112.75,1856.783264,209431.4119830464
1788979680000,2026-09-09T18:48:00Z,112.77,112.77,112.75,112.76,3590,404865.122
1788979740000,2026-09-09T18:49:00Z,112.79,112.79,112.75,112.75,1728.874,194941.4354062
1788979800000,2026-09-09T18:50:00Z,112.8,112.8,112.8,112.8,1311,147850.2537
1788979860000,2026-09-09T18:51:00Z,112.755,112.755,112.64,112.64,2985,336525.915
1788979920000,2026-09-09T18:52:00Z,112.59,112.61,112.545,112.56,3953.5175,445153.02389225
1788979980000,2026-09-09T18:53:00Z,112.64,112.67,112.64,112.67,2860.300177,322165.6199861295
1788980040000,2026-09-09T18:54:00Z,112.61,112.61,112.61,112.61,839.51089,94532.368208649
1788980100000,2026-09-09T18:55:00Z,112.585,112.65,112.57,112.57,1376,154907.1904
1788980160000,2026-09-09T18:56:00Z,112.54,112.57,112.54,112.57,911,102548.15
1788980220000,2026-09-09T18:57:00Z,112.54,112.55,112.4275,112.4275,5614.58,631782.860332
1788980280000,2026-09-09T18:58:00Z,112.39,112.49,112.39,112.49,2636.164064,296381.8167842688
1788980340000,2026-09-09T18:59:00Z,112.48,112.48,112.48,112.48,1062,119449.512
1788980400000,2026-09-09T19:00:00Z,112.44,112.6,112.44,112.585,7023.578875,790128.743269325
1788980460000,2026-09-09T19:01:00Z,112.64,112.725,112.64,112.725,4388.2799,494223.44131765
1788980520000,2026-09-09T19:02:00Z,112.65,112.65,112.595,112.63,1418,159719.4078
1788980580000,2026-09-09T19:03:00Z,112.62,112.685,112.62,112.685,3282,369698.5926
1788980640000,2026-09-09T19:04:00Z,112.6,112.635,112.6,112.635,1822.85765,205323.951409525
1788980700000,2026-09-09T19:05:00Z,112.58,112.59,112.58,112.59,2138,240831.803
1788980760000,2026-09-09T19:06:00Z,112.605,112.6075,112.605,112.605,4346.26661,489566.947963688
1788980820000,2026-09-09T19:07:00Z,112.655,112.655,112.61,112.61,2458,276858.5506
1788980880000,2026-09-09T19:08:00Z,112.69,112.79,112.66,112.66,1606.629,181058.5731663
1788980940000,2026-09-09T19:09:00Z,112.685,112.8,112.685,112.8,2139,241072.1448
1788981000000,2026-09-09T19:10:00Z,112.725,112.725,112.7075,112.7125,1922.147125,216661.3484946
1788981060000,2026-09-09T19:11:00Z,112.715,112.75,112.66,112.7,3320,374209.152
1788981120000,2026-09-09T19:12:00Z,112.75,112.7694,112.66,112.7525,2680.052151,302123.0829978753
1788981180000,2026-09-09T19:13:00Z,112.755,112.8253,112.755,112.765,3549.0443,400248.43959452
1788981240000,2026-09-09T19:14:00Z,112.765,112.93,112.765,112.865,4093.494427,461759.6798972091
1788981300000,2026-09-09T19:15:00Z,112.895,112.915,112.895,112.915,1701,192030.993
1788981360000,2026-09-09T19:16:00Z,113.01,113.08,112.96,112.995,3718,420107.974
1788981420000,2026-09-09T19:17:00Z,113.0768,113.17,113.07,113.17,2443.987373,276398.1083734263
1788981480000,2026-09-09T19:18:00Z,113.15,113.23,113.15,113.19,3129.325,354134.44468
1788981540000,2026-09-09T19:19:00Z,113.228,113.3,113.19,113.3,5601,634031.5197
1788981600000,2026-09-09T19:20:00Z,113.25,113.39,113.2001,113.33,25947,2938897.3338
1788981660000,2026-09-09T19:21:00Z,113.32,113.37,113.32,113.37,1626.631927,184380.0302309916
1788981720000,2026-09-09T19:22:00Z,113.37,113.42,113.16,113.17,17722.03529,2009320.816773142
1788981780000,2026-09-09T19:23:00Z,113.16,113.24,113.13,113.13,2712.22084,306981.630887064
1788981840000,2026-09-09T19:24:00Z,113.165,113.19,113.095,113.15,4880,552236.416
1788981900000,2026-09-09T19:25:00Z,113.15,113.15,113.01,113.01,8606.19558,973264.330707504
1788981960000,2026-09-09T19:26:00Z,112.9401,113.01,112.94,112.97,4672.354,527906.8511608
1788982020000,2026-09-09T19:27:00Z,112.95,112.98,112.93,112.965,6616,747371.1472
1788982080000,2026-09-09T19:28:00Z,112.965,113.01,112.965,112.965,5316.03325,600517.722036375
1788982140000,2026-09-09T19:29:00Z,113.01,113.04,112.99,113.04,2789.017,315226.6941131
1788982200000,2026-09-09T19:30:00Z,112.975,112.975,112.9,112.925,6907,780243.0387
1788982260000,2026-09-09T19:31:00Z,112.925,112.925,112.88,112.88,3328.63226,375885.7979605
1788982320000,2026-09-09T19:32:00Z,112.95,112.95,112.895,112.895,4898,552994.9756
1788982380000,2026-09-09T19:33:00Z,112.9,112.905,112.895,112.905,2310,260799.462
1788982440000,2026-09-09T19:34:00Z,112.96,112.96,112.91,112.93,3190,360261.693
1788982500000,2026-09-09T19:35:00Z,112.88,112.95,112.84,112.885,9825.213866,1109204.7466240442
1788982560000,2026-09-09T19:36:00Z,112.92,112.93,112.91,112.91,3639.587872,410877.4423755264
1788982620000,2026-09-09T19:37:00Z,112.95,112.95,112.91,112.91,1728.46515,195161.0000865
1788982680000,2026-09-09T19:38:00Z,112.9,112.97,112.88,112.97,5949,671733.7146
1788982740000,2026-09-09T19:39:00Z,113.03,113.045,113.03,113.045,3388,382814.1856
1788982800000,2026-09-09T19:40:00Z,112.98,113.025,112.92,112.95,8144,920192.1888
1788982860000,2026-09-09T19:41:00Z,112.9,112.9,112.7743,112.7743,1700,191881.43
1788982920000,2026-09-09T19:42:00Z,112.76,112.76,112.76,112.76,2493,281185.47
1788982980000,2026-09-09T19:43:00Z,112.79,112.8376,112.74,112.8376,5953,671366.2434
1788983040000,2026-09-09T19:44:00Z,112.83,112.88,112.83,112.88,4150,468332.065
1788983100000,2026-09-09T19:45:00Z,112.89,112.89,112.8,112.81,6016.72105,679132.57514191
1788983160000,2026-09-09T19:46:00Z,112.81,112.81,112.75,112.76,5628.17001,634883.466710046
1788983220000,2026-09-09T19:47:00Z,112.78,112.81,112.78,112.79,4600.51,518862.999738
1788983280000,2026-09-09T19:48:00Z,112.78,112.78,112.76,112.76,3692.6,416364.6519
1788983340000,2026-09-09T19:49:00Z,112.755,112.77,112.71,112.745,34393,3877903.6111
1788983400000,2026-09-09T19:50:00Z,112.755,113.015,112.745,113,25499.031699,2878986.0232977843
1788983460000,2026-09-09T19:51:00Z,112.95,113.01,112.84,112.99,16165,1825549.013
1788983520000,2026-09-09T19:52:00Z,113.02,113.05,113,113,11512.30559,1301192.154076458
1788983580000,2026-09-09T19:53:00Z,113,113,112.89,112.89,14410.85894,1627589.789315586
1788983640000,2026-09-09T19:54:00Z,112.89,112.89,112.23,112.23,47943,5402073.411
1788983700000,2026-09-09T19:55:00Z,112.37,112.46,112.2721,112.36,30641,3443493.7979
1788983760000,2026-09-09T19:56:00Z,112.3388,112.41,112.31,112.41,30829,3463653.5645
1788983820000,2026-09-09T19:57:00Z,112.395,112.46,112.35,112.45,42970.242127,4829300.8989513617
1788983880000,2026-09-09T19:58:00Z,112.45,112.65,112.45,112.645,33725.21869,3795001.056051499
1788983940000,2026-09-09T19:59:00Z,112.645,112.735,112.645,112.68,58279.008265,6567519.720391115
1788984000000,2026-09-09T20:00:00Z,112.71,112.71,112.68,112.68,26923,3033686.64
1788984240000,2026-09-09T20:04:00Z,112.68,112.68,112.68,112.68,11.85875,1336.481125
1788984300000,2026-09-09T20:05:00Z,112.77,112.77,112.77,112.77,34,3834.18
1788984600000,2026-09-09T20:10:00Z,112.68,112.68,112.68,112.68,5,563.4
1788984900000,2026-09-09T20:15:00Z,112.68,112.68,112.68,112.68,2,225.36
1788985620000,2026-09-09T20:27:00Z,112.68,112.68,112.68,112.68,49506,5578336.08
1788985980000,2026-09-09T20:33:00Z,112.77,112.77,112.77,112.77,6,676.62
1788986880000,2026-09-09T20:48:00Z,113.19,113.19,113.19,113.19,40,4527.6
1788987960000,2026-09-09T21:06:00Z,113.19,113.19,113.19,113.19,20,2263.8
1788988260000,2026-09-09T21:11:00Z,112.86,112.86,112.86,112.86,1,112.86
1788989340000,2026-09-09T21:29:00Z,112.77,112.77,112.77,112.77,33,3721.41
1788991020000,2026-09-09T21:57:00Z,112.9,112.9,112.9,112.9,1154,130228.9
1788991140000,2026-09-09T21:59:00Z,113.0762,113.0762,112.68,112.68,76,8572.7896
1788991380000,2026-09-09T22:03:00Z,112.55,112.55,112.55,112.55,1,112.55
1788991680000,2026-09-09T22:08:00Z,111.9779,111.9779,111.9779,111.9779,2,223.9558
1788991800000,2026-09-09T22:10:00Z,112.68,112.68,112.68,112.68,2,225.36
1788992700000,2026-09-09T22:25:00Z,112.6,112.6,112.6,112.6,30,3378
1788992760000,2026-09-09T22:26:00Z,112,112,112,112,2,224
1788994320000,2026-09-09T22:52:00Z,112.34,112.34,112.34,112.34,30,3370.2
1788994800000,2026-09-09T23:00:00Z,112.6799,112.6799,112.6799,112.6799,2,225.3598
1788995820000,2026-09-09T23:17:00Z,112.62,112.62,112.62,112.62,1,112.62
1788996420000,2026-09-09T23:27:00Z,112.544,112.544,112.544,112.544,101,11346.34
1788996600000,2026-09-09T23:30:00Z,112.5746,112.5746,112.5746,112.5746,6,675.4476
1788996900000,2026-09-09T23:35:00Z,112.62,112.62,112.62,112.62,40,4504.8
1788997020000,2026-09-09T23:37:00Z,112,112,112,112,10,1120
1789003440000,2026-09-10T01:24:00Z,112,112,112,112,5,560
1789017120000,2026-09-10T05:12:00Z,112.5,112.5,112.5,112.5,1,112.5
1789027260000,2026-09-10T08:01:00Z,112.68,112.68,112.05,112.05,302,33840.36
1789028220000,2026-09-10T08:17:00Z,112.55,112.55,112.55,112.55,40,4502
1789038000000,2026-09-10T11:00:00Z,112.72,112.72,112.72,112.72,9,1014.48
1789044060000,2026-09-10T12:41:00Z,112.68,112.68,112.68,112.68,500002,56340221.17
1789044900000,2026-09-10T12:55:00Z,109.49,109.49,109.4565,109.4565,677.246,74700.2338
1789044960000,2026-09-10T12:56:00Z,109.59,109.59,109.59,109.59,40,4383.6
1789045080000,2026-09-10T12:58:00Z,109.55,109.65,109.55,109.65,531,58190.94
1789045320000,2026-09-10T13:02:00Z,109.61,109.61,109.61,109.61,20,2192.2
1789046400000,2026-09-10T13:20:00Z,109.66,109.66,109.66,109.66,1,109.66
1789046700000,2026-09-10T13:25:00Z,110.26,110.26,110.26,110.26,40,4410.4
1789046820000,2026-09-10T13:27:00Z,110.27,110.28,110.26,110.26,149,16434.7
1789047000000,2026-09-10T13:30:00Z,110.36,110.495,109.61,109.92,20372.185194,2245564.857379038
1789047060000,2026-09-10T13:31:00Z,110.22,110.69,110.04,110.455,9288.481457,1022802.0644857007
1789047120000,2026-09-10T13:32:00Z,110.99,110.99,110.34,110.34,2222.217997,246079.3098939923
1789047180000,2026-09-10T13:33:00Z,110.03,110.4,110.03,110.4,1359.222349,150134.263781144
1789047240000,2026-09-10T13:34:00Z,110.36,110.36,109.965,109.965,3770.368602,415430.523674166
1789047300000,2026-09-10T13:35:00Z,110.25,110.37,110.25,110.37,1879.00658,207398.357678028
1789047360000,2026-09-10T13:36:00Z,110.52,111.435,110.52,111.3,5399.254331,599455.9915773067
1789047420000,2026-09-10T13:37:00Z,110.74,110.75,110.74,110.75,2443,270965.345
1789047480000,2026-09-10T13:38:00Z,110.72,110.92,110.72,110.92,1044.040201,115616.0722225591
1789047540000,2026-09-10T13:39:00Z,110.725,111.78,110.725,111.78,2310,256878.006
1789047660000,2026-09-10T13:41:00Z,112,112.235,112,112.235,2048.043954,229568.9332829772
1789047720000,2026-09-10T13:42:00Z,111.98,111.98,111.51,111.51,3587,401492.5513
1789047780000,2026-09-10T13:43:00Z,111.51,111.51,111.51,111.51,594,66367.7388
1789047840000,2026-09-10T13:44:00Z,111.84,111.84,111.36,111.36,2035.816,227207.0410984
1789047900000,2026-09-10T13:45:00Z,111.415,111.42,111.17,111.29,6916.5,770199.99885
1789047960000,2026-09-10T13:46:00Z,111.36,111.375,111.36,111.375,1564,174150.7744
1789048020000,2026-09-10T13:47:00Z,111.59,111.59,111.44,111.51,1501.893257,167438.7199459707
1789048080000,2026-09-10T13:48:00Z,111.31,111.31,111.13,111.13,1506,167637.5286
1789048140000,2026-09-10T13:49:00Z,111.05,111.48,110.95,111.48,8397,932795.8596
1789048200000,2026-09-10T13:50:00Z,111.13,111.19,110.99,111.04,1997.40002,222205.159504944
1789048260000,2026-09-10T13:51:00Z,111.04,111.04,110.51,110.51,3557,394460.629
1789048320000,2026-09-10T13:52:00Z,110.39,110.59,110.385,110.5,5862.39279,647381.104603305
1789048380000,2026-09-10T13:53:00Z,110.44,110.45,110.19,110.205,11879.2352,1311856.01707104
1789048440000,2026-09-10T13:54:00Z,110.32,110.475,110.275,110.47,3650.834768,402981.6972761776
1789048500000,2026-09-10T13:55:00Z,110.58,110.68,110.56,110.68,1579.622188,174440.837465216
1789048560000,2026-09-10T13:56:00Z,110.63,110.63,110.46,110.58,3744,413814.5856
1789048620000,2026-09-10T13:57:00Z,110.68,110.68,110.58,110.58,2270.0269,251046.8149248
1789048680000,2026-09-10T13:58:00Z,110.48,110.51,110.28,110.28,3988.00119,440662.16749143
1789048740000,2026-09-10T13:59:00Z,110.35,110.35,110.35,110.35,3296.415859,363677.4092857609
1789048800000,2026-09-10T14:00:00Z,110.35,110.63,110.2301,110.2301,4044,446635.1316
1789048860000,2026-09-10T14:01:00Z,110.53,110.67,110.53,110.63,1366.254937,150953.409224319
1789048920000,2026-09-10T14:02:00Z,110.77,110.84,110.715,110.8,1632.251,180757.4344412
1789048980000,2026-09-10T14:03:00Z,110.795,110.805,110.795,110.805,1599.0887,177158.39971577
1789049040000,2026-09-10T14:04:00Z,110.67,110.685,110.585,110.585,6762.77315,748666.715074915
1789049100000,2026-09-10T14:05:00Z,110.6099,110.6099,110.33,110.42,5435.87723,600649.213458756
1789049160000,2026-09-10T14:06:00Z,110.49,110.49,110.445,110.445,1410,155696.853
1789049220000,2026-09-10T14:07:00Z,110.395,110.4,110.22,110.225,2423.50728,267518.124050616
1789049280000,2026-09-10T14:08:00Z,110.15,110.15,110.015,110.015,1198,131983.1808
1789049340000,2026-09-10T14:09:00Z,110.08,110.25,110.08,110.24,5098.51351,561469.721477942
1789049400000,2026-09-10T14:10:00Z,110.235,110.37,109.815,109.815,31290.12517,3451144.35562515
1789049520000,2026-09-10T14:12:00Z,109.995,110.01,109.87,109.92,2669.453066,293573.9017692698
1789049580000,2026-09-10T14:13:00Z,109.96,110.23,109.96,110.05,3907.25917,430108.354352181
1789049640000,2026-09-10T14:14:00Z,110.06,110.06,109.88,109.88,1755.015226,193161.363311625
1789049700000,2026-09-10T14:15:00Z,109.94,110.08,109.94,110.07,1992.269056,219054.3656991232
1789049760000,2026-09-10T14:16:00Z,109.92,110,109.79,109.79,4014.21224,441304.42971052
1789049820000,2026-09-10T14:17:00Z,109.835,109.84,109.59,109.59,18842.52466,2068918.62893033
1789049880000,2026-09-10T14:18:00Z,109.6478,109.985,109.595,109.8,78792.02157,8647897.11943692
1789049940000,2026-09-10T14:19:00Z,109.79,109.8,109.6,109.68,38584.52105,4234527.71477014
1789050000000,2026-09-10T14:20:00Z,109.685,110.11,109.685,109.915,72030.00109,7915549.691782716
1789050060000,2026-09-10T14:21:00Z,109.87,110.13,109.8,110.09,203432.881556,22376864.2694982428
1789050120000,2026-09-10T14:22:00Z,110.0894,110.0894,110,110,4852.080678,534292.2011467158
1789050180000,2026-09-10T14:23:00Z,110.175,110.175,110.08,110.11,8007.11645,881756.47486032
1789050240000,2026-09-10T14:24:00Z,110.11,111.065,110.11,110.76,15626.81632,1725599.00554416
1789050300000,2026-09-10T14:25:00Z,110.89,111.28,110.89,111.14,9737.396604,1083508.3585772316
1789050360000,2026-09-10T14:26:00Z,111.13,111.13,110.74,110.792,8264.530655,917143.066189577
1789050420000,2026-09-10T14:27:00Z,110.97,111,110.97,111,1444.38568,160200.137855864
1789050480000,2026-09-10T14:28:00Z,111.14,111.14,111.09,111.09,903.31431,100377.279772941
1789050540000,2026-09-10T14:29:00Z,111.2,111.23,111.015,111.015,2244.787218,249435.5926535586
1789050600000,2026-09-10T14:30:00Z,111,111.025,110.96,110.98,3700.36,410977.153076
1789050660000,2026-09-10T14:31:00Z,111.075,111.2,111.075,111.2,2468.22626,274191.55288401
1789050720000,2026-09-10T14:32:00Z,111.04,111.04,110.87,110.87,5826.17153,646990.52223497
1789050780000,2026-09-10T14:33:00Z,110.875,110.875,110.66,110.73,2995,331942.7385
1789050840000,2026-09-10T14:34:00Z,110.96,110.98,110.96,110.97,1584.096621,175606.4566079139
1789050900000,2026-09-10T14:35:00Z,111.19,111.19,111.19,111.19,831.20654,92377.302512056
1789050960000,2026-09-10T14:36:00Z,111.27,111.27,111.14,111.25,2255.202407,251014.1763099315
1789051020000,2026-09-10T14:37:00Z,111.44,111.44,111.44,111.44,707.732229,78822.4738600857
1789051080000,2026-09-10T14:38:00Z,111.41,111.5,111.39,111.44,1586.26534,176789.430769534
1789051140000,2026-09-10T14:39:00Z,111.48,111.48,111.3,111.3,2612.33901,291027.888642951
1789051200000,2026-09-10T14:40:00Z,111.29,111.29,111.08,111.115,2522.66885,280691.30853426
1789051260000,2026-09-10T14:41:00Z,111.0575,111.0575,110.89,110.89,2920.84,324455.085552
1789051320000,2026-09-10T14:42:00Z,111,111,111,111,1026.57756,113971.872604272
1789051380000,2026-09-10T14:43:00Z,110.97,110.97,110.96,110.96,1095.00307,121602.28092964
1789051440000,2026-09-10T14:44:00Z,111.025,111.025,110.87,110.87,500,55454.5
1789051500000,2026-09-10T14:45:00Z,111,111,111,111,1040.86537,115494.213282126
1789051560000,2026-09-10T14:46:00Z,110.995,111.16,110.89,110.97,2621.65328,290959.208139568
1789051620000,2026-09-10T14:47:00Z,110.96,110.96,110.96,110.96,1156.506137,128370.2151465671
1789051680000,2026-09-10T14:48:00Z,110.93,110.98,110.9,110.98,1189.86611,132073.115437613
1789051740000,2026-09-10T14:49:00Z,110.9,110.975,110.9,110.975,1391.00631,154376.523195789
1789051800000,2026-09-10T14:50:00Z,110.975,111.06,110.92,110.9687,2527.97249,280527.084837308
1789051860000,2026-09-10T14:51:00Z,110.93,110.98,110.905,110.98,2554.29337,283404.468846914
1789051920000,2026-09-10T14:52:00Z,111.03,111.04,110.97,110.97,15312.176147,1700075.6995962719
1789051980000,2026-09-10T14:53:00Z,110.985,110.985,110.94,110.94,1177.08153,130678.061254611
1789052040000,2026-09-10T14:54:00Z,111.08,111.19,110.98,111.19,2408.02569,267391.747866411
1789052100000,2026-09-10T14:55:00Z,111.22,111.22,111.04,111.04,1641.848676,182424.0003568164
1789052160000,2026-09-10T14:56:00Z,111.03,111.05,111.02,111.05,2069,229805.4852
1789052220000,2026-09-10T14:57:00Z,110.9901,111.16,110.9901,111.16,4443.86445,493612.90905843
1789052280000,2026-09-10T14:58:00Z,111.16,111.17,111.005,111.005,18915.39428,2101895.636248452
1789052340000,2026-09-10T14:59:00Z,111.03,111.105,111,111.01,2003.05151,222469.516873603
1789052400000,2026-09-10T15:00:00Z,111.05,111.1,111.05,111.1,902.37637,100228.387218092
1789052460000,2026-09-10T15:01:00Z,111.15,111.1901,111.1,111.1901,1682.00749,186923.006170441
1789052520000,2026-09-10T15:02:00Z,111.15,111.15,111.02,111.02,3565.0744,396173.17078928
1789052580000,2026-09-10T15:03:00Z,111.01,111.11,111,111.11,1986,220536.5616
1789052640000,2026-09-10T15:04:00Z,111.16,111.18,111.13,111.13,2163,240339.1494
1789052700000,2026-09-10T15:05:00Z,111.14,111.2,111.135,111.2,2568.22093,285407.162417179
1789052760000,2026-09-10T15:06:00Z,111.25,111.34,111.25,111.34,2510.22463,279335.28660177
1789052820000,2026-09-10T15:07:00Z,111.3,111.38,111.3,111.38,1773,197377.8066
1789052880000,2026-09-10T15:08:00Z,111.33,111.33,111.22,111.25,3790.01792,421818.382445824
1789052940000,2026-09-10T15:09:00Z,111.25,111.25,111.07,111.07,5872.5855,653117.2473483
1789053000000,2026-09-10T15:10:00Z,111.125,111.22,111.125,111.22,5599,622230.3076
1789053060000,2026-09-10T15:11:00Z,111.16,111.16,111.13,111.16,2227.30603,247657.721165348
1789053120000,2026-09-10T15:12:00Z,111.12,111.12,111.12,111.12,795.11293,88376.086567863
1789053180000,2026-09-10T15:13:00Z,111.1,111.14,111,111.1,5596.68481,621716.127146065
1789053240000,2026-09-10T15:14:00Z,111.05,111.05,111.03,111.03,1692.41179,187953.668438493
1789053300000,2026-09-10T15:15:00Z,111,111.1,110.92,110.92,3763.333165,417880.5146416
1789053360000,2026-09-10T15:16:00Z,110.935,110.935,110.77,110.85,10559.60731,1171159.710987714
1789053420000,2026-09-10T15:17:00Z,110.85,110.875,110.82,110.87,1273.369579,141193.5109847622
1789053480000,2026-09-10T15:18:00Z,110.73,110.73,110.56,110.56,3169.19542,350756.724579798
1789053540000,2026-09-10T15:19:00Z,110.56,110.59,110.56,110.59,3948.904,436357.0511232
1789053600000,2026-09-10T15:20:00Z,110.61,110.61,110.51,110.565,1911.04358,211385.881305824
1789053660000,2026-09-10T15:21:00Z,110.47,110.55,110.44,110.44,9131.082743,1009033.0378400379
1789053720000,2026-09-10T15:22:00Z,110.45,110.45,110.45,110.45,404,44635.0108
1789053840000,2026-09-10T15:24:00Z,110.38,110.54,110.38,110.505,1681,185680.0661
1789053900000,2026-09-10T15:25:00Z,110.55,110.55,110.51,110.51,1911.76499,211312.354933674
1789053960000,2026-09-10T15:26:00Z,110.47,110.5,110.47,110.4907,1326.97531,146637.539329081
1789054020000,2026-09-10T15:27:00Z,110.47,110.47,110.42,110.421,3027.93891,334599.058516749
1789054080000,2026-09-10T15:28:00Z,110.485,110.5357,110.45,110.51,2721,300626.6919
1789054140000,2026-09-10T15:29:00Z,110.455,110.4566,110.38,110.39,3953.14756,436606.963523224
1789054200000,2026-09-10T15:30:00Z,110.4488,110.51,110.41,110.42,3901.047307,430848.8291932308
1789054260000,2026-09-10T15:31:00Z,110.42,110.42,110.42,110.42,1407.46566,155457.678571452
1789054320000,2026-09-10T15:32:00Z,110.42,110.42,110.32,110.3421,8862.22221,978450.481317249
1789054380000,2026-09-10T15:33:00Z,110.4,110.4,110.4,110.4,894,98690.895
1789054440000,2026-09-10T15:34:00Z,110.425,110.425,110.41,110.41,1866.018242,206045.3610779916
1789054500000,2026-09-10T15:35:00Z,110.415,110.415,110.415,110.415,2081,229772.7826
1789054560000,2026-09-10T15:36:00Z,110.41,110.41,110.41,110.41,1593.981275,176077.866357855
1789054620000,2026-09-10T15:37:00Z,110.41,110.41,110.41,110.41,2621.73318,289484.961229332
1789054680000,2026-09-10T15:38:00Z,110.43,110.47,110.4,110.425,4693.2698,518338.32719442
1789054740000,2026-09-10T15:39:00Z,110.44,110.44,110.295,110.37,2272,250699.296
1789054800000,2026-09-10T15:40:00Z,110.29,110.29,110.13,110.13,19551.843894,2156402.190835101
1789054860000,2026-09-10T15:41:00Z,110.11,110.34,110.1,110.34,14631.30072,1611882.117030024
1789054920000,2026-09-10T15:42:00Z,110.35,110.45,110.34,110.45,3591.5908,396212.80396544
1789054980000,2026-09-10T15:43:00Z,110.37,110.37,110.32,110.355,1786.04463,197136.46208088
1789055040000,2026-09-10T15:44:00Z,110.265,110.435,110.265,110.39,3746.39064,413555.820690192
1789055100000,2026-09-10T15:45:00Z,110.4,110.41,110.4,110.41,364.23617,40203.113618005
1789055160000,2026-09-10T15:46:00Z,110.4,110.4,110.4,110.4,847.78615,93595.08228831
1789055220000,2026-09-10T15:47:00Z,110.33,110.33,110.21,110.21,2127.57739,234792.845270491
1789055280000,2026-09-10T15:48:00Z,110.255,110.3551,110.255,110.3,4478.046546,493844.3467487352
1789055340000,2026-09-10T15:49:00Z,110.305,110.305,110.305,110.305,501,55263.7068
1789055400000,2026-09-10T15:50:00Z,110.315,110.315,110.31,110.31,2395.09445,264191.37232614
1789055460000,2026-09-10T15:51:00Z,110.32,110.32,110.315,110.315,1777,196015.0059
1789055520000,2026-09-10T15:52:00Z,110.37,110.39,110.25,110.37,5432.67257,599310.163964863
1789055580000,2026-09-10T15:53:00Z,110.365,110.365,110.32,110.32,300,33100.5
1789055640000,2026-09-10T15:54:00Z,110.406,110.406,110.406,110.406,2515.624893,277641.972565731
1789055700000,2026-09-10T15:55:00Z,110.35,110.35,110.19,110.19,2980.40457,328747.267244253
1789055760000,2026-09-10T15:56:00Z,110.22,110.22,110.16,110.175,2429.59115,267753.335644865
1789055820000,2026-09-10T15:57:00Z,110.16,110.175,110.09,110.09,4797,528501.7998
1789055940000,2026-09-10T15:59:00Z,110.205,110.205,110.205,110.205,985.317858,108585.5750958888
1789056000000,2026-09-10T16:00:00Z,110.19,110.19,110.19,110.19,3371.034,371546.2656882
1789056060000,2026-09-10T16:01:00Z,110.19,110.19,110.18,110.185,2070.61167,228236.898426756
1789056120000,2026-09-10T16:02:00Z,110.254,110.254,110.07,110.07,2906.27919,320228.663178069
1789056180000,2026-09-10T16:03:00Z,110.055,110.055,110.03,110.04,5758.27196,634171.159153112
1789056240000,2026-09-10T16:04:00Z,110.0476,110.0476,110.01,110.01,621,68362.9713
1789056300000,2026-09-10T16:05:00Z,110.06,110.125,110.06,110.085,2727.4814,300334.15962774
1789056360000,2026-09-10T16:06:00Z,110.135,110.14,110.08,110.125,3462.58784,381317.832138784
1789056420000,2026-09-10T16:07:00Z,110.125,110.125,110,110.01,7976.681146,878183.9364196094
1789056480000,2026-09-10T16:08:00Z,110.02,110.08,109.935,109.935,2436,268013.22
1789056600000,2026-09-10T16:10:00Z,109.935,109.99,109.88,109.88,2950.563929,324308.5787484989
1789056660000,2026-09-10T16:11:00Z,109.825,109.825,109.725,109.805,9541.84018,1047776.111589548
1789056720000,2026-09-10T16:12:00Z,109.78,109.78,109.78,109.78,539.28597,59202.328429227
1789056780000,2026-09-10T16:13:00Z,109.78,109.78,109.78,109.78,697.333365,76553.2568097
1789056840000,2026-09-10T16:14:00Z,109.82,109.85,109.805,109.81,2607,286222.0086
1789056900000,2026-09-10T16:15:00Z,109.805,109.805,109.805,109.805,1410.628711,154907.9097727228
1789056960000,2026-09-10T16:16:00Z,109.835,109.855,109.75,109.75,2315.144252,254279.4701443412
1789057020000,2026-09-10T16:17:00Z,109.69,109.735,109.65,109.68,2458,269791.5548
1789057080000,2026-09-10T16:18:00Z,109.645,109.645,109.52,109.52,1161.45724,127303.379121784
1789057140000,2026-09-10T16:19:00Z,109.6,109.61,109.5563,109.5563,1813.46072,198799.72469964
1789057200000,2026-09-10T16:20:00Z,109.67,109.74,109.67,109.74,2555.06333,280195.654451457
1789057260000,2026-09-10T16:21:00Z,109.66,109.73,109.64,109.645,4916,539074.3036
1789057320000,2026-09-10T16:22:00Z,109.645,109.65,109.63,109.63,6851.087949,751487.6158202712
1789057380000,2026-09-10T16:23:00Z,109.61,109.66,109.58,109.61,5216.78771,572042.161231111
1789057440000,2026-09-10T16:24:00Z,109.54,109.54,109.54,109.54,775.18821,84965.511501723
1789057500000,2026-09-10T16:25:00Z,109.63,109.65,109.49,109.525,8964.21554,982326.527941374
1789057560000,2026-09-10T16:26:00Z,109.51,109.51,109.32,109.32,4413.01418,483175.626951184
1789057620000,2026-09-10T16:27:00Z,109.31,109.31,109.26,109.26,1837.086679,200799.085274737
1789057680000,2026-09-10T16:28:00Z,109.22,109.34,109.22,109.315,3953.99995,432053.5745365
1789057740000,2026-09-10T16:29:00Z,109.365,109.365,109.365,109.365,1251.055424,136797.7812871616
1789057800000,2026-09-10T16:30:00Z,109.5,109.52,109.5,109.52,2457.95011,269016.986254247
1789057860000,2026-09-10T16:31:00Z,109.55,109.55,109.45,109.48,1675.49789,183508.068653305
1789057920000,2026-09-10T16:32:00Z,109.44,109.5105,109.44,109.5105,968.3029,106019.29086042
1789057980000,2026-09-10T16:33:00Z,109.44,109.44,109.37,109.37,1069.343191,117029.7742975928
1789058040000,2026-09-10T16:34:00Z,109.33,109.33,109.165,109.165,13013.18925,1422565.4118801
1789058100000,2026-09-10T16:35:00Z,109.11,109.11,108.94,109.065,7712.67385,841411.839863595
1789058160000,2026-09-10T16:36:00Z,109.15,109.16,109.08,109.16,1191,129883.7904
1789058220000,2026-09-10T16:37:00Z,109.16,109.16,109.1,109.115,3334.077474,363681.17086392
1789058280000,2026-09-10T16:38:00Z,109.12,109.24,109.07,109.17,8857.013456,966936.9873170864
1789058340000,2026-09-10T16:39:00Z,109.17,109.205,109.14,109.14,7036,767991.3612
1789058400000,2026-09-10T16:40:00Z,109.19,109.27,109.19,109.245,2513,274417.5896
1789058460000,2026-09-10T16:41:00Z,109.31,109.31,109.24,109.24,843,92098.5087
1789058520000,2026-09-10T16:42:00Z,109.32,109.32,109.19,109.285,8285,905409.655
1789058640000,2026-09-10T16:44:00Z,109.295,109.36,109.1,109.1,18197,1987867.5755
1789058700000,2026-09-10T16:45:00Z,109.3,109.48,109.295,109.4,2628.448,287363.4886336
1789058760000,2026-09-10T16:46:00Z,109.51,109.51,109.43,109.45,4311.564,471978.287952
1789058940000,2026-09-10T16:49:00Z,109.47,109.47,109.46,109.46,560,61312.552
1789059000000,2026-09-10T16:50:00Z,109.49,109.58,109.49,109.58,1001.4555,109653.368517
1789059060000,2026-09-10T16:51:00Z,109.5148,109.5625,109.45,109.45,4785.74062,524284.106383806
1789059120000,2026-09-10T16:52:00Z,109.545,109.545,109.545,109.545,822,90039.825
1789059180000,2026-09-10T16:53:00Z,109.675,109.675,109.5,109.65,7684,842710.4272
1789059240000,2026-09-10T16:54:00Z,109.53,109.65,109.275,109.65,16587.228,1818955.42248
1789059300000,2026-09-10T16:55:00Z,109.66,109.68,109.62,109.68,1424.44047,156186.193990278
1789059360000,2026-09-10T16:56:00Z,109.705,109.745,109.705,109.715,6166.6389,676509.27053283
1789059420000,2026-09-10T16:57:00Z,109.71,109.8,109.63,109.71,24453,2683252.143
1789059480000,2026-09-10T16:58:00Z,109.72,109.77,109.72,109.77,1611.063,176825.6027973
1789059540000,2026-09-10T16:59:00Z,109.79,109.79,109.72,109.72,4004.377,439624.1328843
1789059600000,2026-09-10T17:00:00Z,109.785,109.87,109.775,109.87,3740,410681.172
1789059660000,2026-09-10T17:01:00Z,109.88,109.88,109.88,109.88,2151,236298.5352
1789059720000,2026-09-10T17:02:00Z,109.9,110.1,109.81,109.81,15930.92263,1750411.717063513
1789059780000,2026-09-10T17:03:00Z,109.8,109.8,109.61,109.61,3188.300211,350054.6392164285
1789059840000,2026-09-10T17:04:00Z,109.61,109.61,109.565,109.575,2215.1,242811.28764
1789059900000,2026-09-10T17:05:00Z,109.57,109.61,109.57,109.61,652.107014,71518.1412822136
1789059960000,2026-09-10T17:06:00Z,109.615,109.69,109.615,109.68,3625.05525,397489.120690125
1789060020000,2026-09-10T17:07:00Z,109.75,109.755,109.6766,109.755,4911,539056.4061
1789060080000,2026-09-10T17:08:00Z,109.6501,109.725,109.6501,109.725,837.0496,91829.61453248
1789060140000,2026-09-10T17:09:00Z,109.725,109.725,109.72,109.72,898,98529.6376
1789060200000,2026-09-10T17:10:00Z,109.77,109.81,109.77,109.77,2457.682859,269715.2103732383
1789060260000,2026-09-10T17:11:00Z,109.86,109.875,109.86,109.875,1295.18211,142211.125196211
1789060320000,2026-09-10T17:12:00Z,109.845,109.845,109.845,109.845,756.01234,83044.477892236
1789060380000,2026-09-10T17:13:00Z,109.76,109.79,109.74,109.79,2430.514,266923.1793538
1789060440000,2026-09-10T17:14:00Z,109.8397,109.8397,109.685,109.685,1203,132057.2799
1789060500000,2026-09-10T17:15:00Z,109.685,109.69,109.685,109.69,1558.14019,170936.704428064
1789060560000,2026-09-10T17:16:00Z,109.7,109.745,109.7,109.745,471.178086,51688.6600944774
1789060620000,2026-09-10T17:17:00Z,109.7,109.7,109.6,109.6,1914.8179,210020.29098064
1789060680000,2026-09-10T17:18:00Z,109.605,109.62,109.605,109.605,966.66518,105934.323746732
1789060740000,2026-09-10T17:19:00Z,109.685,109.685,109.685,109.685,1513.6533,165910.0245597
1789060800000,2026-09-10T17:20:00Z,109.685,109.69,109.685,109.69,939,102942.7578
1789060860000,2026-09-10T17:21:00Z,109.69,109.69,109.68,109.68,4798,526233.6046
1789060920000,2026-09-10T17:22:00Z,109.685,109.75,109.685,109.685,2303,252598.5672
1789060980000,2026-09-10T17:23:00Z,109.61,109.61,109.38,109.48,16297.009126,1785643.7335248688
1789061040000,2026-09-10T17:24:00Z,109.5811,109.5811,109.485,109.485,3551.00906,388900.830636704
1789061100000,2026-09-10T17:25:00Z,109.47,109.5396,109.47,109.475,1594.955767,174599.80781349
1789061160000,2026-09-10T17:26:00Z,109.495,109.495,109.495,109.495,658.4,72083.80472
1789061220000,2026-09-10T17:27:00Z,109.5,109.5,109.5,109.5,536.91362,58784.309833872
1789061280000,2026-09-10T17:28:00Z,109.535,109.62,109.51,109.605,5125.10737,561471.912727084
1789061340000,2026-09-10T17:29:00Z,109.64,109.64,109.61,109.61,500,54812
1789061400000,2026-09-10T17:30:00Z,109.6,109.6,109.6,109.6,2264,248160.8888
1789061460000,2026-09-10T17:31:00Z,109.6,109.635,109.6,109.635,1552,170115.3408
1789061520000,2026-09-10T17:32:00Z,109.61,109.6369,109.53,109.57,3372.2813,369616.19406146
1789061580000,2026-09-10T17:33:00Z,109.5,109.51,109.5,109.51,4930,540183.551
1789061640000,2026-09-10T17:34:00Z,109.49,109.52,109.39,109.39,4824,528296.5008
1789061700000,2026-09-10T17:35:00Z,109.46,109.46,109.46,109.46,1459.41375,159737.067237375
1789061760000,2026-09-10T17:36:00Z,109.485,109.49,109.485,109.49,706.01085,77302.751791455
1789061820000,2026-09-10T17:37:00Z,109.485,109.485,109.485,109.485,642,70294.827
1789061880000,2026-09-10T17:38:00Z,109.485,109.485,109.3806,109.3806,11531.176727,1262164.5516542209
1789061940000,2026-09-10T17:39:00Z,109.38,109.4,109.38,109.4,3970.31168,434458.502145024
1789062000000,2026-09-10T17:40:00Z,109.36,109.39,109.3,109.375,10121.09229,1107428.664077991
1789062060000,2026-09-10T17:41:00Z,109.37,109.37,109.37,109.37,1382.897624,151248.896034504
1789062120000,2026-09-10T17:42:00Z,109.36,109.36,109.33,109.33,759,83006.2893
1789062180000,2026-09-10T17:43:00Z,109.375,109.41,109.32,109.33,4285.544475,468706.1422407225
1789062240000,2026-09-10T17:44:00Z,109.33,109.36,109.33,109.36,1255.95297,137367.846568998
1789062300000,2026-09-10T17:45:00Z,109.41,109.41,109.31,109.32,8124.82465,888512.94910977
1789062360000,2026-09-10T17:46:00Z,109.31,109.335,109.3,109.335,3736.238395,408512.4600086705
1789062420000,2026-09-10T17:47:00Z,109.31,109.33,109.31,109.33,1594,174299.5962
1789062480000,2026-09-10T17:48:00Z,109.33,109.4,109.31,109.395,7653.155379,836943.7150386747
1789062540000,2026-09-10T17:49:00Z,109.395,109.4299,109.345,109.345,4660.455537,509790.4535524968
1789062600000,2026-09-10T17:50:00Z,109.39,109.405,109.34,109.34,2942.0008,321833.41091416
1789062660000,2026-09-10T17:51:00Z,109.38,109.43,109.38,109.385,3066,335367.6648
1789062720000,2026-09-10T17:52:00Z,109.44,109.44,109.415,109.415,1725.35965,188749.687238945
1789062780000,2026-09-10T17:53:00Z,109.415,109.415,109.415,109.415,1313,143649.9467
1789062840000,2026-09-10T17:54:00Z,109.425,109.49,109.425,109.49,1457,159427.5626
1789062900000,2026-09-10T17:55:00Z,109.45,109.45,109.44,109.44,2596,284221.5024
1789062960000,2026-09-10T17:56:00Z,109.44,109.45,109.275,109.45,34196.910984,3742680.92264388
1789063020000,2026-09-10T17:57:00Z,109.45,109.505,109.4,109.495,6612.895305,723837.6007423425
1789063080000,2026-09-10T17:58:00Z,109.52,109.565,109.52,109.565,2600,284769.16
1789063140000,2026-09-10T17:59:00Z,109.565,109.57,109.5625,109.5625,1074.23102,117701.34439936
1789063200000,2026-09-10T18:00:00Z,109.565,109.565,109.49,109.565,4238.19205,464290.972343065
1789063260000,2026-09-10T18:01:00Z,109.5,109.505,109.47,109.5,3727.895305,408332.775495992
1789063320000,2026-09-10T18:02:00Z,109.5,109.5,109.46,109.5,3305,361934.1855
1789063380000,2026-09-10T18:03:00Z,109.5,109.5,109.46,109.46,2373,259857.738
1789063440000,2026-09-10T18:04:00Z,109.5,109.505,109.41,109.41,3139.0114,343612.51070328
1789063500000,2026-09-10T18:05:00Z,109.39,109.39,109.39,109.39,1690.73324,184924.455344972
1789063560000,2026-09-10T18:06:00Z,109.355,109.45,109.355,109.45,2024,221471.3424
1789063620000,2026-09-10T18:07:00Z,109.55,109.57,109.55,109.57,1789.009124,195962.3346137632
1789063680000,2026-09-10T18:08:00Z,109.6,109.6,109.575,109.575,809,88641.6446
1789063740000,2026-09-10T18:09:00Z,109.54,109.54,109.49,109.495,4412.0967,483294.45437295
1789063800000,2026-09-10T18:10:00Z,109.495,109.5,109.495,109.5,975,106761.8175
1789063860000,2026-09-10T18:11:00Z,109.57,109.57,109.57,109.57,1079.0251,118169.21802148
1789063920000,2026-09-10T18:12:00Z,109.6,109.6,109.6,109.6,559.4463,61279.84558458
1789063980000,2026-09-10T18:13:00Z,109.605,109.72,109.585,109.709,2997,328469.4018
1789064040000,2026-09-10T18:14:00Z,109.665,109.73,109.6,109.73,17167.881,1883309.6785476
1789064100000,2026-09-10T18:15:00Z,109.73,109.73,109.515,109.675,20693.07372,2269877.058338472
1789064160000,2026-09-10T18:16:00Z,109.675,109.71,109.64,109.64,5430.41936,595558.978588624
1789064220000,2026-09-10T18:17:00Z,109.625,109.625,109.47,109.5,26542.1,2908623.99113
1789064340000,2026-09-10T18:19:00Z,109.515,109.515,109.4,109.41,16075.0912,1760100.31570688
1789064400000,2026-09-10T18:20:00Z,109.45,109.54,109.45,109.54,9969.43488,1090975.19778816
1789064460000,2026-09-10T18:21:00Z,109.555,109.58,109.54,109.54,2854.623,312712.2456957
1789064520000,2026-09-10T18:22:00Z,109.545,109.545,109.54,109.54,813,89036.6706
1789064580000,2026-09-10T18:23:00Z,109.5225,109.58,109.5,109.5,2169,237582.4995
1789064640000,2026-09-10T18:24:00Z,109.51,109.51,109.51,109.51,1049,114870.9548
1789064700000,2026-09-10T18:25:00Z,109.59,109.605,109.51,109.51,5758,630684.6802
1789064760000,2026-09-10T18:26:00Z,109.565,109.565,109.5,109.5,1778,194779.1888
1789064820000,2026-09-10T18:27:00Z,109.58,109.58,109.5,109.5,1268.096508,138906.657438066
1789064880000,2026-09-10T18:28:00Z,109.57,109.6,109.57,109.6,9178.013456,1005404.5662361744
1789064940000,2026-09-10T18:29:00Z,109.605,109.61,109.5302,109.57,3698,405206.501
1789065000000,2026-09-10T18:30:00Z,109.53,109.565,109.52,109.52,2085,228431.349
1789065060000,2026-09-10T18:31:00Z,109.48,109.55,109.47,109.55,4192,459088.5568
1789065120000,2026-09-10T18:32:00Z,109.515,109.515,109.47,109.51,3759,411681.921
1789065180000,2026-09-10T18:33:00Z,109.51,109.51,109.45,109.51,4702,514886.3974
1789065240000,2026-09-10T18:34:00Z,109.49,109.57,109.49,109.57,2983,326676.0858
1789065300000,2026-09-10T18:35:00Z,109.55,109.55,109.55,109.55,1030,112835.264
1789065360000,2026-09-10T18:36:00Z,109.55,109.56,109.4,109.55,41647,4560850.4287
1789065420000,2026-09-10T18:37:00Z,109.57,109.57,109.35,109.53,24321,2663961.8214
1789065480000,2026-09-10T18:38:00Z,109.55,109.55,109.55,109.55,1267,138785.5329
1789065540000,2026-09-10T18:39:00Z,109.55,109.65,109.55,109.65,4415.79078,483927.836317434
1789065600000,2026-09-10T18:40:00Z,109.6,109.6,109.54,109.54,2635,288872.6785
1789065660000,2026-09-10T18:41:00Z,109.51,109.54,109.451,109.4518,6201.456704,679119.6632180288
1789065720000,2026-09-10T18:42:00Z,109.48,109.5,109.44,109.48,3475,380435.355
1789065780000,2026-09-10T18:43:00Z,109.5,109.535,109.5,109.535,1381,151224.3335
1789065840000,2026-09-10T18:44:00Z,109.51,109.51,109.45,109.45,4006,438708.2768
1789065900000,2026-09-10T18:45:00Z,109.49,109.51,109.42,109.42,20020.3828,2191349.01771852
1789065960000,2026-09-10T18:46:00Z,109.455,109.455,109.41,109.41,1839.72146,201350.522855452
1789066020000,2026-09-10T18:47:00Z,109.435,109.435,109.35,109.35,4043.45,442398.312295
1789066080000,2026-09-10T18:48:00Z,109.33,109.33,109.25,109.3,14532,1588835.8752
1789066140000,2026-09-10T18:49:00Z,109.34,109.405,109.28,109.28,9117,996802.6365
1789066200000,2026-09-10T18:50:00Z,109.25,109.27,109.18,109.27,11256.8071,1229680.09943548
1789066260000,2026-09-10T18:51:00Z,109.32,109.37,109.32,109.37,3919,428401.566
1789066320000,2026-09-10T18:52:00Z,109.425,109.48,109.425,109.48,2690,294367.776
1789066380000,2026-09-10T18:53:00Z,109.475,109.475,109.38,109.43,2800,306433.4
1789066440000,2026-09-10T18:54:00Z,109.38,109.42,109.29,109.29,8721.5749,953941.44215228
1789066500000,2026-09-10T18:55:00Z,109.315,109.375,109.29,109.29,2438.35553,266582.240232711
1789066560000,2026-09-10T18:56:00Z,109.295,109.425,109.295,109.37,3451,377482.1134
1789066620000,2026-09-10T18:57:00Z,109.36,109.36,109.21,109.28,22066.612,2412377.19037
1789066680000,2026-09-10T18:58:00Z,109.275,109.275,109.07,109.08,17440,1904979.92
1789066740000,2026-09-10T18:59:00Z,109.11,109.11,108.97,108.98,10335.076281,1127134.1176372071
1789066800000,2026-09-10T19:00:00Z,108.96,109.16,108.945,109.135,5450.93213,594265.526651517
1789066860000,2026-09-10T19:01:00Z,109.17,109.184,109.09,109.09,5160,563186.652
1789066920000,2026-09-10T19:02:00Z,109.0999,109.0999,108.965,108.965,3992.024643,435349.8482399007
1789066980000,2026-09-10T19:03:00Z,108.955,109,108.955,109,4466.01767,486654.353269861
1789067040000,2026-09-10T19:04:00Z,109.04,109.04,108.92,108.92,6404,697788.8056
1789067100000,2026-09-10T19:05:00Z,108.96,108.97,108.96,108.965,2517.26005,274208.15795856
1789067160000,2026-09-10T19:06:00Z,109.02,109.0662,108.92,108.92,6251,681298.9904
1789067220000,2026-09-10T19:07:00Z,108.88,108.91,108.7706,108.7706,12722.313575,1385278.0192333775
1789067280000,2026-09-10T19:08:00Z,108.79,108.79,108.79,108.79,1647.07695,179187.972005925
1789067340000,2026-09-10T19:09:00Z,108.82,108.89,108.77,108.83,15865.276108,1726229.299568994
1789067400000,2026-09-10T19:10:00Z,108.79,108.79,108.65,108.68,16322.433878,1775523.3446244718
1789067460000,2026-09-10T19:11:00Z,108.64,108.6644,108.58,108.58,11311.222427,1228643.0779766232
1789067520000,2026-09-10T19:12:00Z,108.61,108.61,108.44,108.47,15858.030501,1720972.1446813737
1789067580000,2026-09-10T19:13:00Z,108.43,108.57,108.43,108.565,5813.016,630642.479808
1789067640000,2026-09-10T19:14:00Z,108.52,108.52,108.44,108.495,3955.011,429212.8227618
1789067700000,2026-09-10T19:15:00Z,108.4901,108.4901,108.4901,108.4901,2740.46861,297382.499307872
1789067760000,2026-09-10T19:16:00Z,108.5,108.575,108.5,108.5,1643.579,178400.4746181
1789067820000,2026-09-10T19:17:00Z,108.59,108.6322,108.52,108.52,6614.885511,718201.2720285585
1789067880000,2026-09-10T19:18:00Z,108.56,108.57,108.45,108.45,15074.111409,1636291.7786246682
1789067940000,2026-09-10T19:19:00Z,108.44,108.52,108.44,108.52,5728,621446.1856
1789068000000,2026-09-10T19:20:00Z,108.61,108.65,108.55,108.62,20022.1196,2174232.0005434
1789068060000,2026-09-10T19:21:00Z,108.585,108.6741,108.585,108.6741,3179.991821,345431.6995430386
1789068120000,2026-09-10T19:22:00Z,108.665,108.7,108.63,108.63,4174.092296,453629.0806800808
1789068180000,2026-09-10T19:23:00Z,108.71,108.755,108.65,108.65,5507,598558.0328
1789068240000,2026-09-10T19:24:00Z,108.62,108.645,108.61,108.645,5249.012425,570165.0513445025
1789068300000,2026-09-10T19:25:00Z,108.62,108.66,108.62,108.66,4175.2033,453584.90106474
1789068360000,2026-09-10T19:26:00Z,108.635,108.75,108.635,108.705,5288.182442,574772.54962098
1789068420000,2026-09-10T19:27:00Z,108.74,108.76,108.67,108.705,6679.602907,726254.5211899704
1789068480000,2026-09-10T19:28:00Z,108.69,108.73,108.69,108.73,2306.0459,250725.99350045
1789068540000,2026-09-10T19:29:00Z,108.75,108.76,108.55,108.56,28693.036,3117816.8540996
1789068600000,2026-09-10T19:30:00Z,108.58,108.63,108.57,108.63,4800.399,521291.1687267
1789068660000,2026-09-10T19:31:00Z,108.65,108.655,108.5,108.65,33425,3630376.155
1789068720000,2026-09-10T19:32:00Z,108.66,108.71,108.64,108.675,3955.03,429756.328321
1789068780000,2026-09-10T19:33:00Z,108.65,108.7,108.65,108.68,5381.14158,584870.359074462
1789068840000,2026-09-10T19:34:00Z,108.695,108.74,108.65,108.7,3249,353160.1269
1789068900000,2026-09-10T19:35:00Z,108.67,108.74,108.58,108.58,10284.110306,1117892.0459614754
1789068960000,2026-09-10T19:36:00Z,108.595,108.63,108.45,108.53,21951.880533,2384329.8463484346
1789069020000,2026-09-10T19:37:00Z,108.58,108.58,108.48,108.54,6003.10858,651683.660295066
1789069080000,2026-09-10T19:38:00Z,108.545,108.6,108.53,108.53,5826.092,632433.3561748
1789069140000,2026-09-10T19:39:00Z,108.58,108.67,108.58,108.62,7224.0889,784549.78030891
1789069200000,2026-09-10T19:40:00Z,108.6225,108.68,108.5,108.57,31533,3424821.2031
1789069260000,2026-09-10T19:41:00Z,108.6,108.645,108.56,108.59,10561,1146729.2215
1789069320000,2026-09-10T19:42:00Z,108.6357,108.78,108.572,108.78,8235.073644,894766.2801488964
1789069380000,2026-09-10T19:43:00Z,108.785,108.88,108.75,108.88,8868,964820.664
1789069440000,2026-09-10T19:44:00Z,108.87,108.87,108.72,108.76,16753.1,1823407.404
1789069500000,2026-09-10T19:45:00Z,108.72,108.74,108.66,108.69,12279.664394,1335162.9976938624
1789069560000,2026-09-10T19:46:00Z,108.745,108.79,108.61,108.69,20799.502022,2261739.9298224822
1789069620000,2026-09-10T19:47:00Z,108.68,108.705,108.64,108.64,7201.03982,782828.63935211
1789069680000,2026-09-10T19:48:00Z,108.62,108.6699,108.502,108.62,17085.257308,1855556.3296154556
1789069740000,2026-09-10T19:49:00Z,108.575,108.6,108.53,108.53,6811.61282,739546.340125348
1789069800000,2026-09-10T19:50:00Z,108.56,108.58,108.37,108.38,33496.09733,3635917.624928175
1789069860000,2026-09-10T19:51:00Z,108.38,108.45,108.38,108.44,23788.631072,2579563.0298282496
1789069920000,2026-09-10T19:52:00Z,108.39,108.43,108.35,108.37,10553.92432,1144026.399224224
1789069980000,2026-09-10T19:53:00Z,108.33,108.44,108.3,108.39,11851,1284407.8247
1789070040000,2026-09-10T19:54:00Z,108.39,108.56,108.29,108.44,34307.867789,3719285.0699244799
1789070100000,2026-09-10T19:55:00Z,108.44,108.44,108.12,108.29,38859,4207326.1044
1789070160000,2026-09-10T19:56:00Z,108.28,108.31,108.05,108.12,55699.727905,6026287.241388922
1789070220000,2026-09-10T19:57:00Z,108.15,108.17,108.1,108.13,42480.092484,4593478.60052613
1789070280000,2026-09-10T19:58:00Z,108.12,108.13,108.07,108.105,40008.705379,4325097.0854208781
1789070340000,2026-09-10T19:59:00Z,108.11,108.12,107.92,108.01,84084.634659,9083225.8421115432
1789070400000,2026-09-10T20:00:00Z,108.01,108.01,108.01,108.01,40537,4378401.37
1789070640000,2026-09-10T20:04:00Z,108.01,108.01,107.31,108.01,51,5480.8
1789071000000,2026-09-10T20:10:00Z,108.01,108.01,108.01,108.01,2.821497,304.9138199457
1789071180000,2026-09-10T20:13:00Z,108.12,108.12,108.12,108.12,35,3784.2
1789071300000,2026-09-10T20:15:00Z,108.06,108.06,108.06,108.06,4,432.24
1789071780000,2026-09-10T20:23:00Z,108.12,108.12,108.12,108.12,2,216.24
1789072020000,2026-09-10T20:27:00Z,108.01,108.01,108.01,108.01,99012,10694286.12
1789072440000,2026-09-10T20:34:00Z,108.41,108.41,108.41,108.41,1.013744,110.494041024
1789072500000,2026-09-10T20:35:00Z,108.41,108.41,108.41,108.41,1,108.41
1789073580000,2026-09-10T20:53:00Z,108.16,108.16,108.16,108.16,1,108.16
1789073940000,2026-09-10T20:59:00Z,108.58,108.58,108.58,108.58,1,108.58
1789074000000,2026-09-10T21:00:00Z,108.21,108.21,108.21,108.21,4,432.84
1789075140000,2026-09-10T21:19:00Z,108.5,108.5,108.5,108.5,7,759.5
1789075740000,2026-09-10T21:29:00Z,108.38,108.776,108.38,108.776,20,2171.56
1789077360000,2026-09-10T21:56:00Z,108.26,108.26,108.26,108.26,20,2165.2
1789079760000,2026-09-10T22:36:00Z,108.4459,108.4459,108.4459,108.4459,20,2168.918
1789080000000,2026-09-10T22:40:00Z,108.21,108.21,108.11,108.13,200,21628.48
1789080360000,2026-09-10T22:46:00Z,108.98,108.98,108.98,108.98,2,217.96
1789083000000,2026-09-10T23:30:00Z,108.21,108.21,108.21,108.21,5.2449,570.8811405
1789083060000,2026-09-10T23:31:00Z,108.78,108.78,108.78,108.78,35,3807.3
1789083660000,2026-09-10T23:41:00Z,108.07,108.07,108.07,108.07,16,1729.12
1789083900000,2026-09-10T23:45:00Z,108.78,108.78,108.42,108.42,2,217.2
1789084440000,2026-09-10T23:54:00Z,108.07,108.07,108.01,108.01,36,3890.4
1789085100000,2026-09-11T00:05:00Z,108.01,108.01,108.01,108.01,4,432.04
1789093260000,2026-09-11T02:21:00Z,108.18,108.18,108.01,108.01,2,216.19
1789096980000,2026-09-11T03:23:00Z,108.21,108.21,108.1,108.1,2,216.31
1789097520000,2026-09-11T03:32:00Z,107.75,107.75,107.75,107.75,3,323.25
1789113600000,2026-09-11T08:00:00Z,108.52,108.52,107.85,108.4,20,2176.9
1789113660000,2026-09-11T08:01:00Z,108.66,108.66,107.62,107.63,125,13475.85
1789113900000,2026-09-11T08:05:00Z,108.35,108.35,107.61,107.61,120,12970
1789127940000,2026-09-11T11:59:00Z,108.9535,108.9535,108.9535,108.9535,1,108.9535
1789129860000,2026-09-11T12:31:00Z,109.16,109.16,108.6603,108.6603,395,43008.606
1789133400000,2026-09-11T13:30:00Z,110.2,111.52,110.2,111.52,22549.618535,2491155.577883004
1789133460000,2026-09-11T13:31:00Z,111.54,111.87,111.25,111.25,2564.558637,285288.6835440636
1789133520000,2026-09-11T13:32:00Z,111.57,111.57,110.89,110.89,3524.805706,391955.2221820646
1789133580000,2026-09-11T13:33:00Z,110.54,110.6425,110.53,110.53,1148.7938,127520.47721644
1789133640000,2026-09-11T13:34:00Z,110.85,111.5687,110.78,110.955,4193.795196,465705.8588530944
1789133700000,2026-09-11T13:35:00Z,111.23,111.28,110.98,111.22,4892.024846,542872.889185466
1789133760000,2026-09-11T13:36:00Z,111.23,111.23,110.485,110.485,7498.1294,831596.53699168
1789133820000,2026-09-11T13:37:00Z,110.51,111.27,110.5,111.09,6658.9539,738366.11708448
1789133880000,2026-09-11T13:38:00Z,111.09,111.933,111.09,111.933,2354.22993,262125.845981025
1789133940000,2026-09-11T13:39:00Z,111.98,112.2,111.98,112.2,4559.102605,510153.0955635085
1789134000000,2026-09-11T13:40:00Z,112.695,112.79,112.36,112.79,4089.212395,460667.3599100485
1789134060000,2026-09-11T13:41:00Z,112.955,113.2602,112.955,113.09,2419.133127,273153.997902078
1789134120000,2026-09-11T13:42:00Z,113.135,113.135,113.08,113.09,1825.334723,206653.0802627774
1789134240000,2026-09-11T13:44:00Z,113.33,113.73,113.2,113.6,9961.088752,1130951.1375269488
1789134300000,2026-09-11T13:45:00Z,113.51,113.6,113.29,113.44,4818.982385,547372.3064702795
1789134360000,2026-09-11T13:46:00Z,113.595,114.065,113.59,113.62,7885.621148,897599.7526618552
1789134420000,2026-09-11T13:47:00Z,113.72,113.9999,113.715,113.755,1688.885933,191726.5533289925
1789134480000,2026-09-11T13:48:00Z,113.52,113.74,113.14,113.14,4394.894103,499048.5756944457
1789134540000,2026-09-11T13:49:00Z,113.285,113.35,113.09,113.315,5808.15,657161.389305
1789134600000,2026-09-11T13:50:00Z,113.395,113.395,113.01,113.12,4413.96444,499872.203504676
1789134660000,2026-09-11T13:51:00Z,113,113.05,112.75,112.95,7335.006608,829075.0634015792
1789134720000,2026-09-11T13:52:00Z,112.975,113.19,112.59,112.81,16571.193714,1870874.5133556288
1789134780000,2026-09-11T13:53:00Z,112.775,112.96,112.775,112.96,1308.647246,147612.3994601342
1789134840000,2026-09-11T13:54:00Z,113.25,113.34,113.11,113.185,3578.91737,404867.890615146
1789134900000,2026-09-11T13:55:00Z,113.1288,113.23,113.085,113.085,3353.211833,379559.1010492191
1789134960000,2026-09-11T13:56:00Z,113.33,113.43,113.33,113.43,3696.837937,419033.6226886004
1789135020000,2026-09-11T13:57:00Z,113.24,113.35,113.185,113.31,5306,600969.7638
1789135080000,2026-09-11T13:58:00Z,113.195,113.195,113.195,113.195,846.0066,95777.50699458
1789135140000,2026-09-11T13:59:00Z,113.205,113.62,113.205,113.505,3759.0905,426177.1118022
1789135200000,2026-09-11T14:00:00Z,113.515,113.63,113.38,113.63,940,106714.8
1789135260000,2026-09-11T14:01:00Z,113.565,113.76,113.53,113.76,2194.223098,249200.9891521972
1789135320000,2026-09-11T14:02:00Z,113.61,113.76,113.43,113.7,7313.090227,830659.5473608631
1789135380000,2026-09-11T14:03:00Z,113.89,113.89,113.28,113.28,10829.036086,1230796.8373301106
1789135440000,2026-09-11T14:04:00Z,113.18,113.215,113.12,113.12,2873.756558,325417.8703634924
1789135500000,2026-09-11T14:05:00Z,113.3,113.36,113.3,113.36,1661.410369,188256.4026038328
1789135560000,2026-09-11T14:06:00Z,113.21,113.34,113.2,113.34,2611.02131,295782.238243682
1789135620000,2026-09-11T14:07:00Z,113.34,113.41,113.02,113.41,6061.36108,686149.711072648
1789135680000,2026-09-11T14:08:00Z,113.42,113.48,113.35,113.425,8975.797329,1018358.061759024
1789135740000,2026-09-11T14:09:00Z,113.21,113.63,113.17,113.63,3717.821098,421541.427375632
1789135800000,2026-09-11T14:10:00Z,113.82,114.35,113.795,114.22,8721.742864,994700.8188506176
1789135860000,2026-09-11T14:11:00Z,114.14,114.48,114.14,114.33,3553.020237,405856.5274441782
1789135920000,2026-09-11T14:12:00Z,114.42,114.675,114.31,114.675,5047.507084,577195.5585738184
1789135980000,2026-09-11T14:13:00Z,114.77,114.81,114.43,114.57,15161.836399,1737687.4564039107
1789136040000,2026-09-11T14:14:00Z,114.75,114.85,114.66,114.695,11764.099863,1349735.1752215242
1789136100000,2026-09-11T14:15:00Z,114.675,114.71,114.55,114.71,5428.972575,622213.461026235
1789136160000,2026-09-11T14:16:00Z,114.56,114.6775,114.3901,114.3901,4943.25443,566305.159406116
1789136220000,2026-09-11T14:17:00Z,114.47,114.63,114.44,114.52,2301.1872,263391.5857248
1789136280000,2026-09-11T14:18:00Z,114.7,114.9496,114.48,114.9,6862.54976,787122.104882432
1789136340000,2026-09-11T14:19:00Z,114.89,115.14,114.76,115.14,6740.410419,774289.1439386613
1789136400000,2026-09-11T14:20:00Z,115.23,115.445,115.23,115.445,2509.938357,289341.1759059174
1789136460000,2026-09-11T14:21:00Z,115.47,115.635,115.44,115.635,6416.664667,741036.8607325621
1789136520000,2026-09-11T14:22:00Z,115.63,115.82,115.62,115.82,12438.301675,1438606.508749495
1789136580000,2026-09-11T14:23:00Z,115.86,115.86,115.69,115.795,3271.992985,378894.4972679105
1789136640000,2026-09-11T14:24:00Z,115.815,115.87,115.615,115.615,5337.713795,617845.1757136655
1789136700000,2026-09-11T14:25:00Z,115.725,115.84,115.725,115.84,3589.786258,415471.4511207718
1789136760000,2026-09-11T14:26:00Z,115.8,116.025,115.8,116.025,2815.94937,326185.49527395
1789136820000,2026-09-11T14:27:00Z,116.005,116.005,115.75,115.89,6367.852365,738766.392125475
1789136880000,2026-09-11T14:28:00Z,115.9,115.9,115.8,115.845,2440.265452,282773.8121264916
1789136940000,2026-09-11T14:29:00Z,115.89,115.9599,115.77,115.9599,1966.423129,227819.951610295
1789137000000,2026-09-11T14:30:00Z,115.78,115.86,115.72,115.725,11838.69582,1371284.423917674
1789137060000,2026-09-11T14:31:00Z,115.83,115.85,115.67,115.69,4805.80862,556505.910063932
1789137120000,2026-09-11T14:32:00Z,115.69,116,115.66,115.915,4319.470122,500136.327280953
1789137180000,2026-09-11T14:33:00Z,115.79,116.03,115.76,116.01,14379.4954,1666619.4655985
1789137240000,2026-09-11T14:34:00Z,116.1,116.22,116.1,116.22,3752.367506,435799.96214684
1789137300000,2026-09-11T14:35:00Z,116.27,116.27,116.03,116.045,5023.733424,583397.1198089568
1789137360000,2026-09-11T14:36:00Z,116.04,116.205,116.04,116.205,2207.141734,256202.5846268126
1789137420000,2026-09-11T14:37:00Z,116.18,116.3099,116.08,116.09,3241.030288,376375.0134909216
1789137480000,2026-09-11T14:38:00Z,115.93,115.93,115.78,115.785,3604.01377,417906.299911366
1789137540000,2026-09-11T14:39:00Z,116.05,116.06,116.0025,116.0025,1421.27704,164731.409788752
1789137600000,2026-09-11T14:40:00Z,116.13,116.23,115.99,116.23,2103.60003,244225.018442958
1789137660000,2026-09-11T14:41:00Z,116.26,116.3,116.18,116.2,2977.093305,346150.806502977
1789137720000,2026-09-11T14:42:00Z,116.25,116.25,116.08,116.165,3591.829713,417341.5188299247
1789137780000,2026-09-11T14:43:00Z,116.06,116.085,116.02,116.05,2439.13469,283174.512710647
1789137840000,2026-09-11T14:44:00Z,116.09,116.185,116.07,116.155,2132.57685,247630.13215293
1789137900000,2026-09-11T14:45:00Z,116.19,116.19,116.15,116.15,1657.106,192525.060739
1789137960000,2026-09-11T14:46:00Z,116.16,116.18,115.98,115.98,6128.00132,711570.031675496
1789138020000,2026-09-11T14:47:00Z,116.09,116.09,115.8,115.8,4902.1274,568790.41073282
1789138080000,2026-09-11T14:48:00Z,115.9,116.17,115.865,116.015,6163.729182,714717.6827904828
1789138140000,2026-09-11T14:49:00Z,116.02,116.68,115.98,116.68,7750.866923,900398.0581909102
1789138200000,2026-09-11T14:50:00Z,116.58,116.58,116.4801,116.4801,3425.022691,399315.1754892316
1789138260000,2026-09-11T14:51:00Z,116.525,116.64,116.475,116.64,2014.17706,234737.834268168
1789138320000,2026-09-11T14:52:00Z,116.7,116.7,116.61,116.61,2551.15739,297550.925678043
1789138380000,2026-09-11T14:53:00Z,116.56,116.62,116.31,116.4125,26523.2575,3090813.5476415
1789138440000,2026-09-11T14:54:00Z,116.28,116.345,116.24,116.345,2770.13569,322272.599930358
1789138500000,2026-09-11T14:55:00Z,116.33,116.4353,116.33,116.35,1835.66609,213559.55724451
1789138560000,2026-09-11T14:56:00Z,116.39,116.39,116.39,116.39,1025.939337,119381.0712895299
1789138620000,2026-09-11T14:57:00Z,116.41,116.45,116.27,116.36,7219.79145,840241.494888435
1789138680000,2026-09-11T14:58:00Z,116.335,116.375,116.31,116.375,1037.335185,120688.347164751
1789138800000,2026-09-11T15:00:00Z,116.28,116.29,116.14,116.22,10368.40556,1205174.730788268
1789138860000,2026-09-11T15:01:00Z,116.31,116.31,116.31,116.31,752.89818,87557.239785648
1789138920000,2026-09-11T15:02:00Z,116.4,116.41,116.3,116.3,1919.009242,223219.3469303642
1789138980000,2026-09-11T15:03:00Z,116.35,116.47,116.21,116.47,4717.497038,548646.7925182152
1789139040000,2026-09-11T15:04:00Z,116.61,116.69,116.5,116.69,5844.04285,681067.09135614
1789139100000,2026-09-11T15:05:00Z,116.815,116.865,116.815,116.835,2470.736678,288624.5406612616
1789139160000,2026-09-11T15:06:00Z,116.835,116.835,116.685,116.71,6072.52178,708856.397918604
1789139220000,2026-09-11T15:07:00Z,116.63,116.68,116.5633,116.63,2564.83045,299328.02470116
1789139280000,2026-09-11T15:08:00Z,116.655,116.655,116.605,116.605,1547.06375,180452.91934025
1789139340000,2026-09-11T15:09:00Z,116.61,116.61,116.33,116.355,3940.357424,459182.0657267344
1789139400000,2026-09-11T15:10:00Z,116.43,116.52,116.2,116.325,21483.8836,2502148.43252268
1789139460000,2026-09-11T15:11:00Z,116.35,116.36,116,116,13062.390248,1517651.1984858304
1789139520000,2026-09-11T15:12:00Z,115.93,116.0379,115.83,115.9,4410.42987,511357.147288449
1789139640000,2026-09-11T15:14:00Z,115.535,115.535,115.535,115.535,1263.26467,145981.349347596
1789139700000,2026-09-11T15:15:00Z,115.595,115.875,115.595,115.875,3280.105,379515.6927415
1789139760000,2026-09-11T15:16:00Z,116.03,116.03,115.94,115.95,2335.466746,271052.1686206886
1789139820000,2026-09-11T15:17:00Z,116.18,116.18,116.13,116.17,2432.36562,282653.776581786
1789139880000,2026-09-11T15:18:00Z,116.17,116.24,116.17,116.17,1901.134133,220897.9079754291
1789139940000,2026-09-11T15:19:00Z,116.185,116.185,116.1,116.14,3307.72589,384368.663913437
1789140000000,2026-09-11T15:20:00Z,116.23,116.3,116.19,116.3,4088.692798,475087.704010009
1789140060000,2026-09-11T15:21:00Z,116.225,116.3,116.225,116.25,2668.8121,310260.34875461
1789140120000,2026-09-11T15:22:00Z,116.3,116.38,116.25,116.38,3480.71459,404868.367393784
1789140180000,2026-09-11T15:23:00Z,116.355,116.355,116.22,116.22,2733.01721,317897.456022454
1789140240000,2026-09-11T15:24:00Z,116.185,116.27,116.185,116.27,2481.208,288370.7080552
1789140300000,2026-09-11T15:25:00Z,116.295,116.41,116.295,116.41,1189.240236,138298.530904794
1789140360000,2026-09-11T15:26:00Z,116.49,116.49,116.4,116.4,2074.04871,241362.648314217
1789140420000,2026-09-11T15:27:00Z,116.48,116.49,116.455,116.455,3308,385213.9536
1789140480000,2026-09-11T15:28:00Z,116.52,116.52,116.325,116.35,7306.578925,851057.161341935
1789140540000,2026-09-11T15:29:00Z,116.44,116.44,116.37,116.375,1036.21912,120588.342139408
1789140600000,2026-09-11T15:30:00Z,116.44,116.44,116.4,116.4,1249.904526,145498.1361198924
1789140660000,2026-09-11T15:31:00Z,116.495,116.56,116.495,116.56,2968,345742.32
1789140720000,2026-09-11T15:32:00Z,116.545,116.79,116.545,116.79,4687.903418,546756.2699157834
1789140780000,2026-09-11T15:33:00Z,116.78,116.83,116.68,116.83,5027.6007,587030.19913305
1789140840000,2026-09-11T15:34:00Z,116.93,116.93,116.91,116.91,1215.106023,141984.0451921293
1789140900000,2026-09-11T15:35:00Z,116.99,116.99,116.75,116.75,4058.5171,474359.07279629
1789140960000,2026-09-11T15:36:00Z,116.75,116.8,116.65,116.65,11500.73459,1342829.220948777
1789141020000,2026-09-11T15:37:00Z,116.81,116.81,116.67,116.69,1241.43615,144866.66036472
1789141080000,2026-09-11T15:38:00Z,116.68,116.695,116.68,116.68,1951.41158,227711.19297599
1789141140000,2026-09-11T15:39:00Z,116.71,116.82,116.6,116.8,2296.04971,267969.66560439
1789141200000,2026-09-11T15:40:00Z,116.69,116.69,116.53,116.535,4406,513973.9992
1789141260000,2026-09-11T15:41:00Z,116.63,116.63,116.63,116.63,626.757385,73092.7596173925
1789141320000,2026-09-11T15:42:00Z,116.63,116.63,116.5,116.57,2588.019701,301665.7875958424
1789141380000,2026-09-11T15:43:00Z,116.58,116.66,116.55,116.66,1176.99052,137174.71413444
1789141440000,2026-09-11T15:44:00Z,116.66,116.66,116.66,116.66,1130.169721,131730.8874251785
1789141500000,2026-09-11T15:45:00Z,116.56,116.66,116.56,116.62,2155.07583,251169.77783484
1789141560000,2026-09-11T15:46:00Z,116.61,116.72,116.535,116.72,5327.58421,621172.344757055
1789141620000,2026-09-11T15:47:00Z,116.63,116.7,116.63,116.635,4394.405302,512477.3040813608
1789141680000,2026-09-11T15:48:00Z,116.62,116.69,116.615,116.69,1911.195228,222894.2901826368
1789141740000,2026-09-11T15:49:00Z,116.69,116.7,116.59,116.63,3154,367878.4598
1789141800000,2026-09-11T15:50:00Z,116.67,116.67,116.58,116.6,4454.6403,519578.55345528
1789141860000,2026-09-11T15:51:00Z,116.4876,116.61,116.4876,116.555,3202.62507,373335.128610012
1789141920000,2026-09-11T15:52:00Z,116.49,116.49,116.375,116.375,4529.405077,527583.2916069292
1789141980000,2026-09-11T15:53:00Z,116.22,116.22,116.14,116.17,1418.99488,164953.614016384
1789142040000,2026-09-11T15:54:00Z,116.185,116.185,116.175,116.18,3929.404,456507.9402696
1789142100000,2026-09-11T15:55:00Z,116.18,116.25,116.1,116.18,6926.17227,804711.091634907
1789142160000,2026-09-11T15:56:00Z,116.13,116.175,116.07,116.16,5434.94984,631212.900437664
1789142220000,2026-09-11T15:57:00Z,116.24,116.37,116.186,116.2812,4189.054451,486774.4107878765
1789142280000,2026-09-11T15:58:00Z,116.42,116.46,116.42,116.46,1730,201272.698
1789142340000,2026-09-11T15:59:00Z,116.46,116.465,116.44,116.445,1834,213572.7846
1789142400000,2026-09-11T16:00:00Z,116.52,116.54,116.52,116.54,3022,352141.2698
1789142460000,2026-09-11T16:01:00Z,116.6499,116.6499,116.57,116.57,1587.36509,185004.385245829
1789142520000,2026-09-11T16:02:00Z,116.51,116.57,116.51,116.56,500,58276.5
1789142640000,2026-09-11T16:04:00Z,116.425,116.55,116.425,116.55,3095.929841,360490.07068604
1789142700000,2026-09-11T16:05:00Z,116.575,116.61,116.56,116.61,2043,238176.6174
1789142760000,2026-09-11T16:06:00Z,116.64,116.64,116.64,116.64,852.523086,99371.0286795546
1789142820000,2026-09-11T16:07:00Z,116.52,116.52,116.33,116.33,3709.981398,432273.6765619272
1789142880000,2026-09-11T16:08:00Z,116.33,116.335,116.26,116.295,3266.7107,380038.66936376
1789142940000,2026-09-11T16:09:00Z,116.3,116.3,116.265,116.265,1576,183268.9424
1789143000000,2026-09-11T16:10:00Z,116.27,116.27,116.09,116.09,4256.155,494770.7832865
1789143060000,2026-09-11T16:11:00Z,116.2,116.2,116.105,116.105,1100.834,127809.029068
1789143120000,2026-09-11T16:12:00Z,116.105,116.18,116.105,116.105,2194.085,254786.1459485
1789143180000,2026-09-11T16:13:00Z,116.05,116.13,115.97,115.97,4727.24999,548812.451214045
1789143240000,2026-09-11T16:14:00Z,115.96,116.19,115.96,116.055,2489,288776.7668
1789143300000,2026-09-11T16:15:00Z,116.063,116.063,116.02,116.06,1940.5,225205.30965
1789143360000,2026-09-11T16:16:00Z,116.06,116.06,115.9,115.94,3867.221737,448680.8667593455
1789143420000,2026-09-11T16:17:00Z,116.02,116.02,116.01,116.01,1421.386,164886.1772668
1789143480000,2026-09-11T16:18:00Z,116.12,116.12,116.095,116.1,1242,144162.7902
1789143540000,2026-09-11T16:19:00Z,116.18,116.18,116.11,116.11,1046,121459.2188
1789143600000,2026-09-11T16:20:00Z,116.17,116.19,116.16,116.16,2597,301630.6426
1789143660000,2026-09-11T16:21:00Z,116.16,116.23,116.09,116.23,5408.02,628206.41924
1789143720000,2026-09-11T16:22:00Z,116.145,116.145,116.07,116.14,3596.324759,417659.175886465
1789143780000,2026-09-11T16:23:00Z,116.14,116.17,116.14,116.16,2433,282590.517
1789143840000,2026-09-11T16:24:00Z,116.17,116.18,116.17,116.18,1881.430328,218534.5294603152
1789143900000,2026-09-11T16:25:00Z,116.15,116.18,116.115,116.15,4452,517175.484
1789143960000,2026-09-11T16:26:00Z,116.065,116.075,116.065,116.075,1140.043062,132341.2148264328
1789144020000,2026-09-11T16:27:00Z,116.12,116.23,116.12,116.23,1488,172804.8624
1789144080000,2026-09-11T16:28:00Z,116.155,116.21,116.14,116.17,1980,230067.288
1789144140000,2026-09-11T16:29:00Z,116.17,116.17,115.95,115.95,7279.036901,845279.6159360052
1789144200000,2026-09-11T16:30:00Z,115.885,115.99,115.885,115.99,1903.051511,220645.1207295708
1789144260000,2026-09-11T16:31:00Z,115.94,115.94,115.813,115.813,3922.971837,454778.356147899
1789144320000,2026-09-11T16:32:00Z,115.955,116,115.955,116,1243.42373,144194.005876569
1789144380000,2026-09-11T16:33:00Z,116.1,116.14,116.07,116.09,6548,760021.1216
1789144440000,2026-09-11T16:34:00Z,116.17,116.17,116.09,116.09,1146.862956,133135.879973172
1789144500000,2026-09-11T16:35:00Z,116.09,116.105,115.88,115.89,4802.16824,557294.985769768
1789144560000,2026-09-11T16:36:00Z,115.8301,115.895,115.8301,115.84,1334,154631.5438
1789144620000,2026-09-11T16:37:00Z,115.83,115.88,115.83,115.88,1932,223883.2512
1789144680000,2026-09-11T16:38:00Z,115.91,115.92,115.84,115.84,2724,315723.5856
1789144740000,2026-09-11T16:39:00Z,115.88,115.88,115.79,115.79,2682.017,310774.6968495
1789144800000,2026-09-11T16:40:00Z,115.77,115.93,115.76,115.93,2074,240177.0812
1789144860000,2026-09-11T16:41:00Z,115.835,116.07,115.835,115.98,7995,927021.0495
1789144920000,2026-09-11T16:42:00Z,116.05,116.18,116.05,116.095,3521,408574.3753
1789144980000,2026-09-11T16:43:00Z,116.1,116.29,116.1,116.185,2244.062266,260671.8436621462
1789145040000,2026-09-11T16:44:00Z,116.29,116.29,116.18,116.18,1571.393255,182620.5671051035
1789145100000,2026-09-11T16:45:00Z,116.28,116.28,116.18,116.18,1242.761988,144373.524288942
1789145160000,2026-09-11T16:46:00Z,116.18,116.28,116.14,116.155,1712.87233,198956.97261882
1789145220000,2026-09-11T16:47:00Z,116.08,116.2,116.08,116.19,2717,315564.0631
1789145280000,2026-09-11T16:48:00Z,116.15,116.15,116.005,116.005,4757.69511,552554.903919312
1789145340000,2026-09-11T16:49:00Z,116.01,116.01,116.01,116.01,927.35642,107621.474518198
1789145400000,2026-09-11T16:50:00Z,116.015,116.015,115.98,115.98,2022.1205,234683.260989
1789145460000,2026-09-11T16:51:00Z,116.05,116.12,116.04,116.12,1499.690115,174096.02607012
1789145520000,2026-09-11T16:52:00Z,116.11,116.11,116.07,116.07,1794,208223.4804
1789145580000,2026-09-11T16:53:00Z,116.07,116.07,116.07,116.07,2043,237145.5153
1789145640000,2026-09-11T16:54:00Z,116.12,116.135,116.12,116.135,1567.04303,181999.354885957
1789145700000,2026-09-11T16:55:00Z,116.13,116.1999,116.13,116.19,4139,480758.5087
1789145760000,2026-09-11T16:56:00Z,116.25,116.25,116.14,116.14,4057,471460.3187
1789145820000,2026-09-11T16:57:00Z,116.145,116.145,116.145,116.145,1286.608,149466.0233248
1789145880000,2026-09-11T16:58:00Z,116.28,116.28,116.28,116.28,984.516657,114414.5203249323
1789145940000,2026-09-11T16:59:00Z,116.27,116.27,116.27,116.27,1036.01,120465.17078
1789146000000,2026-09-11T17:00:00Z,116.39,116.39,116.26,116.26,1935.564,225129.5135244
1789146060000,2026-09-11T17:01:00Z,116.49,116.49,116.49,116.49,1522.294902,177187.9718067606
1789146120000,2026-09-11T17:02:00Z,116.395,116.49,116.28,116.28,2538,295373.709
1789146180000,2026-09-11T17:03:00Z,116.28,116.34,116.275,116.29,3343.388831,388815.0576956647
1789146240000,2026-09-11T17:04:00Z,116.3,116.32,116.25,116.25,3386.881963,393824.2638402659
1789146300000,2026-09-11T17:05:00Z,116.28,116.37,116.28,116.35,1331.01014,154793.284857664
1789146360000,2026-09-11T17:06:00Z,116.31,116.47,116.31,116.47,6914,804425.9236
1789146420000,2026-09-11T17:07:00Z,116.46,116.55,116.435,116.435,6517,759112.5423
1789146480000,2026-09-11T17:08:00Z,116.44,116.44,116.39,116.39,1877.2799,218589.53291605
1789146540000,2026-09-11T17:09:00Z,116.425,116.43,116.37,116.43,4318,502640.6762
1789146600000,2026-09-11T17:10:00Z,116.44,116.44,116.33,116.33,3463.321796,403185.7238709564
1789146660000,2026-09-11T17:11:00Z,116.3,116.33,116.28,116.33,4635.599,539248.5697923
1789146720000,2026-09-11T17:12:00Z,116.42,116.42,116.35,116.35,3251.5183,378332.36270748
1789146780000,2026-09-11T17:13:00Z,116.35,116.35,116.25,116.3,3585.5,417147.1094
1789146840000,2026-09-11T17:14:00Z,116.23,116.27,116.2,116.215,1000,116226.5
1789146900000,2026-09-11T17:15:00Z,116.16,116.16,116.16,116.16,1179.1087,137069.0281576
1789146960000,2026-09-11T17:16:00Z,116.18,116.22,116.18,116.22,1571.87176,182608.586412952
1789147020000,2026-09-11T17:17:00Z,116.1601,116.1601,116.1601,116.1601,744,86488.7352
1789147140000,2026-09-11T17:19:00Z,116.27,116.32,116.27,116.32,1602.18876,186239.703213408
1789147200000,2026-09-11T17:20:00Z,116.275,116.33,116.275,116.32,2458,285855.0764
1789147260000,2026-09-11T17:21:00Z,116.34,116.4,116.31,116.335,3647.6783,424402.26345538
1789147320000,2026-09-11T17:22:00Z,116.4,116.41,116.4,116.41,1490.00859,173348.344364895
1789147380000,2026-09-11T17:23:00Z,116.53,116.55,116.5225,116.53,2744.098824,319631.8077898728
1789147440000,2026-09-11T17:24:00Z,116.53,116.57,116.38,116.38,5986.75934,697619.10561218
1789147500000,2026-09-11T17:25:00Z,116.34,116.37,116.34,116.37,1022.170873,119004.7106327155
1789147560000,2026-09-11T17:26:00Z,116.355,116.355,116.355,116.355,946,110084.128
1789147620000,2026-09-11T17:27:00Z,116.36,116.36,116.355,116.355,1527.833256,177816.5679329088
1789147680000,2026-09-11T17:28:00Z,116.3,116.365,116.29,116.365,2360.025695,274582.381541304
1789147740000,2026-09-11T17:29:00Z,116.42,116.42,116.42,116.42,1613,187758.3616
1789147800000,2026-09-11T17:30:00Z,116.43,116.44,116.35,116.395,5842.51794,680189.444085564
1789147860000,2026-09-11T17:31:00Z,116.395,116.45,116.34,116.395,5195.03436,604883.8257066
1789147920000,2026-09-11T17:32:00Z,116.395,116.395,116.2,116.24,7460.5,868186.59155
1789147980000,2026-09-11T17:33:00Z,116.245,116.38,116.245,116.38,37805.519268,4394887.8343530732
1789148040000,2026-09-11T17:34:00Z,116.46,116.59,116.46,116.535,2870.5056,334128.2870928
1789148100000,2026-09-11T17:35:00Z,116.535,116.58,116.442,116.56,3769.433962,439169.9659314884
1789148160000,2026-09-11T17:36:00Z,116.51,116.57,116.51,116.52,8170.70874,952401.505789746
1789148220000,2026-09-11T17:37:00Z,116.49,116.58,116.49,116.57,3717,433290.69
1789148280000,2026-09-11T17:38:00Z,116.48,116.7099,116.48,116.6675,10513.8696,1226114.85610848
1789148340000,2026-09-11T17:39:00Z,116.72,116.77,116.67,116.69,11283.556875,1316876.84234475
1789148400000,2026-09-11T17:40:00Z,116.7399,116.76,116.71,116.74,1877.01067,219100.076889894
1789148460000,2026-09-11T17:41:00Z,116.71,116.71,116.71,116.71,735.25691,85811.907491791
1789148520000,2026-09-11T17:42:00Z,116.725,116.805,116.725,116.805,2452,286235.446
1789148580000,2026-09-11T17:43:00Z,116.88,116.88,116.88,116.88,941.90872,110059.396587584
1789148640000,2026-09-11T17:44:00Z,116.82,116.89,116.82,116.89,1197,139832.9415
1789148700000,2026-09-11T17:45:00Z,116.87,116.88,116.83,116.83,1374.744,160618.21524
1789148760000,2026-09-11T17:46:00Z,116.88,116.95,116.755,116.799,8366.71747,977842.534199563
1789148820000,2026-09-11T17:47:00Z,116.8,116.82,116.8,116.81,2525.437678,294922.3798432146
1789148880000,2026-09-11T17:48:00Z,116.77,116.79,116.74,116.75,2633.150841,307518.0505829511
1789148940000,2026-09-11T17:49:00Z,116.78,116.84,116.78,116.84,1463.38949,170913.941383468
1789149000000,2026-09-11T17:50:00Z,116.84,116.84,116.73,116.76,4042,471910.1
1789149060000,2026-09-11T17:51:00Z,116.84,116.84,116.795,116.795,1889,220635.2
1789149120000,2026-09-11T17:52:00Z,116.8335,116.94,116.81,116.85,5925.712291,692568.2165818541
1789149180000,2026-09-11T17:53:00Z,116.88,116.88,116.88,116.88,957.12833,111855.950839446
1789149240000,2026-09-11T17:54:00Z,116.9,116.91,116.865,116.87,3281.54004,383577.57450558
1789149300000,2026-09-11T17:55:00Z,116.88,116.909,116.87,116.909,1388.171,162249.42648
1789149360000,2026-09-11T17:56:00Z,116.85,116.88,116.83,116.88,9243.008557,1080150.9201829998
1789149420000,2026-09-11T17:57:00Z,116.86,116.88,116.8,116.8,4253.3979,496901.50830834
1789149480000,2026-09-11T17:58:00Z,116.82,116.82,116.82,116.82,1351.074277,157837.7662288203
1789149540000,2026-09-11T17:59:00Z,116.8498,116.8498,116.79,116.84,3041.485737,355301.4974191608
1789149600000,2026-09-11T18:00:00Z,116.85,116.88,116.82,116.84,3219,376061.9283
1789149660000,2026-09-11T18:01:00Z,116.84,116.89,116.84,116.89,2015,235450.332
1789149720000,2026-09-11T18:02:00Z,116.95,117.05,116.915,117.05,4821.782995,564040.1202976125
1789149780000,2026-09-11T18:03:00Z,117.1,117.145,117.05,117.115,3872.254214,453463.8147592626
1789149840000,2026-09-11T18:04:00Z,117.11,117.27,117.11,117.2,10341.125774,1210880.6790430238
1789149900000,2026-09-11T18:05:00Z,117.2,117.2,117.2,117.2,1826.979633,214143.7540452327
1789149960000,2026-09-11T18:06:00Z,117.195,117.22,117.13,117.18,16833.77446,1972792.11340355
1789150020000,2026-09-11T18:07:00Z,117.18,117.18,117.13,117.175,4168,488303.2904
1789150080000,2026-09-11T18:08:00Z,117.2298,117.2299,117.09,117.105,9192,1077078.1152
1789150140000,2026-09-11T18:09:00Z,117.0801,117.16,117.01,117.085,16491.085427,1931350.1715660196
1789150200000,2026-09-11T18:10:00Z,117.13,117.28,117.13,117.28,16843.00853,1973303.299162858
1789150260000,2026-09-11T18:11:00Z,117.25,117.25,117.225,117.225,2090,245018.642
1789150320000,2026-09-11T18:12:00Z,117.22,117.29,117.21,117.29,7012.7372,822104.58450344
1789150380000,2026-09-11T18:13:00Z,117.36,117.5,117.36,117.49,5565.831108,653015.5874109864
1789150440000,2026-09-11T18:14:00Z,117.45,117.63,117.45,117.62,9795.750637,1150362.9964810313
1789150500000,2026-09-11T18:15:00Z,117.565,117.61,117.555,117.56,7130.927204,837876.815542796
1789150560000,2026-09-11T18:16:00Z,117.56,117.68,117.5,117.645,19803.408507,2328023.3528348469
1789150620000,2026-09-11T18:17:00Z,117.64,117.67,117.26,117.28,43468,5111471.6688
1789150680000,2026-09-11T18:18:00Z,117.27,117.3,117.2,117.3,4410.19644,517343.385629928
1789150740000,2026-09-11T18:19:00Z,117.25,117.36,117.21,117.29,3682,431627.973
1789150800000,2026-09-11T18:20:00Z,117.29,117.29,117.12,117.215,8541,1001548.4076
1789150860000,2026-09-11T18:21:00Z,117.235,117.26,117.235,117.26,2651.333614,310906.7803121802
1789150920000,2026-09-11T18:22:00Z,117.19,117.265,117.19,117.265,1640.76,192414.058188
1789150980000,2026-09-11T18:23:00Z,117.2,117.2,117.15,117.15,3352,392934.848
1789151040000,2026-09-11T18:24:00Z,117.115,117.18,116.99,117.18,12144.025435,1421668.2688067755
1789151100000,2026-09-11T18:25:00Z,117.125,117.1251,117.125,117.1251,3065.180291,358976.1376362322
1789151160000,2026-09-11T18:26:00Z,117.19,117.269,117.19,117.24,3984.03277,466629.83818625
1789151220000,2026-09-11T18:27:00Z,117.185,117.27,117.185,117.185,2397,280879.9806
1789151280000,2026-09-11T18:28:00Z,117.27,117.27,117.23,117.23,1119.488643,131213.6965619298
1789151340000,2026-09-11T18:29:00Z,117.27,117.355,117.21,117.28,14263,1672202.6778
1789151400000,2026-09-11T18:30:00Z,117.2885,117.32,117.23,117.24,7179.170578,841853.9511562452
1789151460000,2026-09-11T18:31:00Z,117.24,117.28,117.21,117.23,15992.07878,1875036.054381684
1789151520000,2026-09-11T18:32:00Z,117.19,117.19,117.12,117.16,2397.2808,280937.81640816
1789151580000,2026-09-11T18:33:00Z,117.18,117.23,117.13,117.23,2518.29927,295100.352376848
1789151640000,2026-09-11T18:34:00Z,117.23,117.27,117.23,117.27,1163.998532,136432.7335351328
1789151700000,2026-09-11T18:35:00Z,117.22,117.23,117.11,117.15,6637.6,778005.04368
1789151760000,2026-09-11T18:36:00Z,117.13,117.16,117.13,117.16,3102.54647,363366.519510636
1789151820000,2026-09-11T18:37:00Z,117.15,117.17,117.08,117.11,4888.68534,572555.982861324
1789151880000,2026-09-11T18:38:00Z,117.105,117.135,117.01,117.135,11446,1340625.3406
1789152000000,2026-09-11T18:40:00Z,117.15,117.15,117.15,117.15,1072.426657,125582.233961357
1789152060000,2026-09-11T18:41:00Z,117.12,117.12,117.08,117.09,3889.8324,455536.71643104
1789152120000,2026-09-11T18:42:00Z,117.12,117.12,117.035,117.035,5647.95552,661281.270534816
1789152180000,2026-09-11T18:43:00Z,117.09,117.09,117.015,117.015,1861.608594,217857.538125741
1789152240000,2026-09-11T18:44:00Z,117.09,117.14,117.0725,117.14,2102,246016.6086
1789152300000,2026-09-11T18:45:00Z,117.14,117.17,117.13,117.135,2767.42673,324130.704611155
1789152360000,2026-09-11T18:46:00Z,117.09,117.1,117.07,117.09,5241.5,613899.68035
1789152420000,2026-09-11T18:47:00Z,117.07,117.08,117.03,117.03,4672.034,547026.0352968
1789152480000,2026-09-11T18:48:00Z,117.0642,117.0642,116.93,116.93,4417.402564,516828.5904036412
1789152540000,2026-09-11T18:49:00Z,116.91,116.94,116.8,116.84,5736.08381,670675.538449582
1789152600000,2026-09-11T18:50:00Z,116.81,116.94,116.81,116.94,2721.611193,318025.9832855553
1789152660000,2026-09-11T18:51:00Z,116.9,116.905,116.89,116.9,3508,410055.0312
1789152720000,2026-09-11T18:52:00Z,116.94,116.94,116.9,116.9,1471,171973.2861
1789152780000,2026-09-11T18:53:00Z,116.87,116.89,116.82,116.82,6854.855562,801223.6229943642
1789152840000,2026-09-11T18:54:00Z,116.78,116.78,116.69,116.69,7341.555233,857393.0719077079
1789152900000,2026-09-11T18:55:00Z,116.69,116.77,116.69,116.77,3780.90856,441263.032402192
1789152960000,2026-09-11T18:56:00Z,116.82,116.86,116.7437,116.86,2996.200957,349968.8558216194
1789153020000,2026-09-11T18:57:00Z,116.81,116.81,116.6946,116.73,8309.04282,970592.586272712
1789153080000,2026-09-11T18:58:00Z,116.78,116.79,116.735,116.79,1548,180756.5544
1789153140000,2026-09-11T18:59:00Z,116.725,116.76,116.65,116.71,8458.304677,987351.4382336932
1789153200000,2026-09-11T19:00:00Z,116.715,116.715,116.54,116.63,38103.857,4443279.3336129
1789153260000,2026-09-11T19:01:00Z,116.635,116.68,116.55,116.58,17858.97942,2082462.368350578
1789153320000,2026-09-11T19:02:00Z,116.615,116.615,116.51,116.54,7006.87623,816815.385510282
1789153380000,2026-09-11T19:03:00Z,116.6,116.615,116.56,116.57,3428,399619.4428
1789153440000,2026-09-11T19:04:00Z,116.6,116.6,116.51,116.51,3968,462608.4864
1789153500000,2026-09-11T19:05:00Z,116.6,116.64,116.575,116.64,2233,260318.4507
1789153560000,2026-09-11T19:06:00Z,116.6399,116.64,116.62,116.64,1583.39734,184596.895409752
1789153620000,2026-09-11T19:07:00Z,116.62,116.82,116.59,116.82,16812.26846,1960651.791485738
1789153680000,2026-09-11T19:08:00Z,116.975,117.02,116.83,116.885,27985,3271989.409
1789153740000,2026-09-11T19:09:00Z,116.88,116.88,116.58,116.625,7545.314351,881414.1957578511
1789153800000,2026-09-11T19:10:00Z,116.64,116.64,116.51,116.545,6543.875986,762883.7536726828
1789153860000,2026-09-11T19:11:00Z,116.545,116.545,116.49,116.545,3366.300227,392377.9742392562
1789153920000,2026-09-11T19:12:00Z,116.6,116.6,116.49,116.5,6403,746330.4785
1789153980000,2026-09-11T19:13:00Z,116.5,116.5,116.4,116.42,3843.397693,447760.4433117316
1789154040000,2026-09-11T19:14:00Z,116.45,116.45,116.4,116.4,3011.293,350592.1965594
1789154100000,2026-09-11T19:15:00Z,116.46,116.58,116.44,116.58,4661.01,542865.504195
1789154160000,2026-09-11T19:16:00Z,116.585,116.7,116.585,116.61,4616.805736,538498.6808801568
1789154220000,2026-09-11T19:17:00Z,116.595,116.65,116.595,116.65,2137.128564,249281.5145163648
1789154280000,2026-09-11T19:18:00Z,116.64,116.64,116.56,116.63,6746.0771,786892.79029095
1789154340000,2026-09-11T19:19:00Z,116.58,116.73,116.58,116.67,3833.215783,447042.2742255439
1789154400000,2026-09-11T19:20:00Z,116.73,116.76,116.16,116.17,20114.572,2345093.5828496
1789154460000,2026-09-11T19:21:00Z,116.15,116.165,115.83,115.83,23482.89995,2724859.430308205
1789154520000,2026-09-11T19:22:00Z,115.84,116.045,115.84,115.99,9086.460495,1053237.078064836
1789154580000,2026-09-11T19:23:00Z,115.99,115.99,115.75,115.85,10704.27997,1240448.357475498
1789154640000,2026-09-11T19:24:00Z,115.805,115.9,115.805,115.9,4944,572901.8208
1789154700000,2026-09-11T19:25:00Z,115.9,115.98,115.895,115.98,7887.0133,914115.88328862
1789154760000,2026-09-11T19:26:00Z,116.02,116.17,116.02,116.125,9970.5173,1156946.92183664
1789154820000,2026-09-11T19:27:00Z,116.17,116.22,116.17,116.185,9473,1100837.4367
1789154880000,2026-09-11T19:28:00Z,116.2,116.34,116.2,116.29,9750,1133792.4
1789154940000,2026-09-11T19:29:00Z,116.28,116.34,116.28,116.34,6088.0257,707958.2445759
1789155000000,2026-09-11T19:30:00Z,116.31,116.61,116.27,116.465,23473,2732414.4691
1789155060000,2026-09-11T19:31:00Z,116.43,116.44,116.36,116.39,9081.436,1057209.0149348
1789155120000,2026-09-11T19:32:00Z,116.39,116.44,116.37,116.405,9764.0228,1136505.89105844
1789155180000,2026-09-11T19:33:00Z,116.44,116.44,116.405,116.415,9597,1117227.0774
1789155240000,2026-09-11T19:34:00Z,116.415,116.48,116.415,116.48,5243,610395.8273
1789155300000,2026-09-11T19:35:00Z,116.455,116.455,116.23,116.35,29850.297563,3474688.0674639394
1789155360000,2026-09-11T19:36:00Z,116.37,116.49,116.33,116.47,15581.419,1813357.7525105
1789155420000,2026-09-11T19:37:00Z,116.5,116.5,116.49,116.49,4654,542042.5374
1789155480000,2026-09-11T19:38:00Z,116.485,116.6,116.485,116.535,8677.308906,1011062.679109308
1789155540000,2026-09-11T19:39:00Z,116.59,116.69,116.59,116.69,7166.225599,835518.8420581288
1789155600000,2026-09-11T19:40:00Z,116.71,116.72,116.56,116.56,11313.08572,1319654.47960942
1789155660000,2026-09-11T19:41:00Z,116.575,116.61,116.57,116.6,6792.017,791778.7025733
1789155720000,2026-09-11T19:42:00Z,116.61,116.63,116.545,116.63,10827.082322,1262214.7608493668
1789155780000,2026-09-11T19:43:00Z,116.625,116.63,116.59,116.595,5304.00857,618507.864959698
1789155840000,2026-09-11T19:44:00Z,116.595,116.63,116.58,116.63,9204.402957,1073102.6822642106
1789155900000,2026-09-11T19:45:00Z,116.67,116.7,116.185,116.185,90254,10509202.8362
1789155960000,2026-09-11T19:46:00Z,116.14,116.16,115.74,115.845,30061.873445,3488406.8502439005
1789156020000,2026-09-11T19:47:00Z,115.835,115.84,115.76,115.805,17215,1993631.277
1789156080000,2026-09-11T19:48:00Z,115.805,115.975,115.805,115.94,20694,2398817.439
1789156140000,2026-09-11T19:49:00Z,115.955,116.0025,115.93,115.99,11087.06747,1285619.756498549
1789156200000,2026-09-11T19:50:00Z,115.985,116.03,115.86,115.91,26472,3069632.2344
1789156260000,2026-09-11T19:51:00Z,115.92,115.93,115.75,115.75,19131,2216427.7443
1789156320000,2026-09-11T19:52:00Z,115.76,115.8075,115.73,115.735,16859.155718,1951668.1292984058
1789156380000,2026-09-11T19:53:00Z,115.73,115.78,115.71,115.74,10361.30251,1199159.129213344
1789156440000,2026-09-11T19:54:00Z,115.745,115.93,115.6,115.93,38341.545129,4437194.1688434249
1789156500000,2026-09-11T19:55:00Z,115.905,115.95,115.75,115.84,28936,3352044.6224
1789156560000,2026-09-11T19:56:00Z,115.84,115.86,115.72,115.84,29574.05,3425023.96379
1789156620000,2026-09-11T19:57:00Z,115.81,115.94,115.81,115.94,33737.726471,3909311.8220100656
1789156680000,2026-09-11T19:58:00Z,115.94,116,115.76,115.76,75224.374,8718316.885665
1789156740000,2026-09-11T19:59:00Z,115.78,115.9,115.76,115.78,95383,11047468.9026
1789156800000,2026-09-11T20:00:00Z,115.78,115.84,115.78,115.78,537356.604333,62231429.5547860299
1789156860000,2026-09-11T20:01:00Z,115.79,115.79,115.79,115.79,47,5442.13
1789157040000,2026-09-11T20:04:00Z,115.78,115.78,115.78,115.78,226.16337,26187.4566123
1789157220000,2026-09-11T20:07:00Z,115.89,116.1465,115.89,116.1465,39,4515.81
1789157400000,2026-09-11T20:10:00Z,115.78,115.78,115.78,115.78,2094.782866,242554.90805414
1789157520000,2026-09-11T20:12:00Z,115.78,115.78,115.78,115.78,1,115.78
1789157580000,2026-09-11T20:13:00Z,115.83,115.83,115.83,115.83,18,2084.22
1789157700000,2026-09-11T20:15:00Z,115.83,115.83,115.83,115.83,2,231.66
1789157940000,2026-09-11T20:19:00Z,116.5,116.5,116.5,116.5,4,466
1789158540000,2026-09-11T20:29:00Z,116.3962,116.3962,116.3962,116.3962,1,116.3962
1789158780000,2026-09-11T20:33:00Z,115.78,115.78,115.78,115.78,11400,1320006
1789158960000,2026-09-11T20:36:00Z,116.01,116.01,116.01,116.01,30,3480.3
1789159020000,2026-09-11T20:37:00Z,116.4646,116.4646,116.4646,116.4646,50,5823.23
1789159500000,2026-09-11T20:45:00Z,116,116.05,116,116.05,146,16975.7558
1789159560000,2026-09-11T20:46:00Z,115.96,115.96,115.96,115.96,30,3478.8
1789159620000,2026-09-11T20:47:00Z,115.8,115.8,115.8,115.8,5,579
1789160520000,2026-09-11T21:02:00Z,115.75,115.75,115.75,115.75,1,115.75
1789161180000,2026-09-11T21:13:00Z,115.542,115.542,115.542,115.542,40,4621.68
1789162740000,2026-09-11T21:39:00Z,116.05,116.05,116.05,116.05,15,1740.75
1789163220000,2026-09-11T21:47:00Z,115.05,115.05,115.05,115.05,9,1035.45
1789163280000,2026-09-11T21:48:00Z,116.05,116.05,116.05,116.05,11,1279.025
1789163340000,2026-09-11T21:49:00Z,116.05,116.05,116.05,116.05,20,2321
1789164180000,2026-09-11T22:03:00Z,115,115,115,115,16,1840
1789165200000,2026-09-11T22:20:00Z,116.2,116.2,116.2,116.2,3,348.6
1789165320000,2026-09-11T22:22:00Z,115.6,115.6,115.6,115.6,15,1734
1789166100000,2026-09-11T22:35:00Z,115.6,115.6,115.6,115.6,50,5780
1789169400000,2026-09-11T23:30:00Z,115.542,115.542,115.542,115.542,4,462.168
1789169940000,2026-09-11T23:39:00Z,115.6,115.6,115.6,115.6,16,1849.6
1789170300000,2026-09-11T23:45:00Z,115.6,115.6,115.6,115.6,5,578
1789170360000,2026-09-11T23:46:00Z,115.9135,115.9135,115.9135,115.9135,15,1738.7025
1789170660000,2026-09-11T23:51:00Z,115.38,115.38,115.28,115.28,84,9748.2
