ts_ms,ts_utc,open,high,low,close,base_vol,quote_vol
1788134400000,2026-08-31T00:00:00Z,4.42,4.44,4.39,4.4,2229,9842.08
1788134460000,2026-08-31T00:01:00Z,4.4,4.4,4.39,4.39,1432,6286.88
1788134520000,2026-08-31T00:02:00Z,4.38,4.38,4.37,4.37,4682,20460.44
1788134580000,2026-08-31T00:03:00Z,4.37,4.37,4.37,4.37,10,43.7
1788134640000,2026-08-31T00:04:00Z,4.35,4.35,4.34,4.34,1500,6510.98
1788134820000,2026-08-31T00:07:00Z,4.36,4.36,4.36,4.36,20,87.2
1788135000000,2026-08-31T00:10:00Z,4.36,4.36,4.36,4.36,185,806.6
1788135060000,2026-08-31T00:11:00Z,4.36,4.37,4.36,4.37,545,2381.26
1788135120000,2026-08-31T00:12:00Z,4.38,4.38,4.38,4.38,233,1020.54
1788135180000,2026-08-31T00:13:00Z,4.38,4.39,4.38,4.39,2137,9360.93
1788135240000,2026-08-31T00:14:00Z,4.39,4.39,4.39,4.39,85,373.15
1788135420000,2026-08-31T00:17:00Z,4.4,4.4,4.4,4.4,900,3960
1788135480000,2026-08-31T00:18:00Z,4.39,4.39,4.38,4.38,1505,6597.97
1788135540000,2026-08-31T00:19:00Z,4.38,4.38,4.38,4.38,4945,21659.1
1788135600000,2026-08-31T00:20:00Z,4.39,4.39,4.39,4.39,1510,6628.9
1788135660000,2026-08-31T00:21:00Z,4.4,4.4,4.4,4.4,998,4391.2
1788135780000,2026-08-31T00:23:00Z,4.4,4.4,4.4,4.4,1851,8144.4
1788136020000,2026-08-31T00:27:00Z,4.4,4.4,4.4,4.4,176,774.4
1788136200000,2026-08-31T00:30:00Z,4.4,4.4,4.4,4.4,25,110
1788136260000,2026-08-31T00:31:00Z,4.4,4.4,4.4,4.4,25,110
1788136380000,2026-08-31T00:33:00Z,4.4,4.4,4.4,4.4,200,880
1788136620000,2026-08-31T00:37:00Z,4.4,4.4,4.4,4.4,250,1100
1788136680000,2026-08-31T00:38:00Z,4.4,4.4,4.4,4.4,498,2191.2
1788136740000,2026-08-31T00:39:00Z,4.4,4.4,4.4,4.4,1134,4989.6
1788136980000,2026-08-31T00:43:00Z,4.4,4.4,4.4,4.4,700,3080
1788137040000,2026-08-31T00:44:00Z,4.39,4.39,4.38,4.38,2364,10374.28
1788137160000,2026-08-31T00:46:00Z,4.38,4.38,4.38,4.38,200,876
1788137340000,2026-08-31T00:49:00Z,4.37,4.37,4.37,4.37,24,104.88
1788137460000,2026-08-31T00:51:00Z,4.38,4.38,4.38,4.38,500,2190
1788137580000,2026-08-31T00:53:00Z,4.37,4.37,4.37,4.37,193,843.41
1788137640000,2026-08-31T00:54:00Z,4.37,4.38,4.36,4.38,6936,30337.87
1788137760000,2026-08-31T00:56:00Z,4.37,4.37,4.37,4.37,290,1267.3
1788137820000,2026-08-31T00:57:00Z,4.37,4.37,4.37,4.37,25,109.25
1788137880000,2026-08-31T00:58:00Z,4.38,4.38,4.38,4.38,316,1384.08
1788137940000,2026-08-31T00:59:00Z,4.38,4.4,4.38,4.39,2210,9703.34
1788138360000,2026-08-31T01:06:00Z,4.39,4.39,4.39,4.39,28,122.92
1788138420000,2026-08-31T01:07:00Z,4.4,4.4,4.4,4.4,82,360.8
1788138600000,2026-08-31T01:10:00Z,4.39,4.39,4.39,4.39,50,219.5
1788138840000,2026-08-31T01:14:00Z,4.39,4.39,4.39,4.39,30,131.7
1788138960000,2026-08-31T01:16:00Z,4.4,4.4,4.4,4.4,700,3080
1788139200000,2026-08-31T01:20:00Z,4.4,4.4,4.37,4.37,1002,4378.8
1788139260000,2026-08-31T01:21:00Z,4.37,4.37,4.37,4.37,66,288.42
1788139320000,2026-08-31T01:22:00Z,4.38,4.38,4.38,4.38,2,8.76
1788139380000,2026-08-31T01:23:00Z,4.39,4.39,4.39,4.39,2934,12880.26
1788139440000,2026-08-31T01:24:00Z,4.4,4.4,4.4,4.4,66,290.4
1788139500000,2026-08-31T01:25:00Z,4.39,4.39,4.39,4.39,4,17.56
1788139740000,2026-08-31T01:29:00Z,4.38,4.38,4.38,4.38,1020,4467.6
1788139800000,2026-08-31T01:30:00Z,4.39,4.39,4.34,4.34,37232,162509.52
1788139860000,2026-08-31T01:31:00Z,4.33,4.34,4.33,4.34,18893,81850.59
1788139920000,2026-08-31T01:32:00Z,4.34,4.34,4.33,4.33,12926,55969.59
1788139980000,2026-08-31T01:33:00Z,4.31,4.32,4.31,4.31,37988,163857.57
1788140040000,2026-08-31T01:34:00Z,4.31,4.31,4.28,4.28,20397,87555.88
1788140100000,2026-08-31T01:35:00Z,4.28,4.31,4.28,4.3,21725,93630
1788140160000,2026-08-31T01:36:00Z,4.3,4.3,4.28,4.3,6005,25781.5
1788140220000,2026-08-31T01:37:00Z,4.29,4.3,4.29,4.3,7625,32719.8
1788140280000,2026-08-31T01:38:00Z,4.3,4.3,4.28,4.3,8140,34991.56
1788140340000,2026-08-31T01:39:00Z,4.3,4.31,4.3,4.31,16395,70508.5
1788140400000,2026-08-31T01:40:00Z,4.29,4.29,4.29,4.29,15922,68305.38
1788140460000,2026-08-31T01:41:00Z,4.29,4.29,4.27,4.27,11344,48530.16
1788140520000,2026-08-31T01:42:00Z,4.27,4.28,4.27,4.28,5347,22840.08
1788140580000,2026-08-31T01:43:00Z,4.26,4.27,4.25,4.27,4505,19186.3
1788140640000,2026-08-31T01:44:00Z,4.27,4.27,4.25,4.25,11550,49192.01
1788140700000,2026-08-31T01:45:00Z,4.25,4.26,4.24,4.26,4267,18106.33
1788140760000,2026-08-31T01:46:00Z,4.26,4.26,4.26,4.26,10,42.6
1788140880000,2026-08-31T01:48:00Z,4.24,4.24,4.24,4.24,285,1208.4
1788140940000,2026-08-31T01:49:00Z,4.23,4.24,4.23,4.24,18145,76754.8
1788141000000,2026-08-31T01:50:00Z,4.23,4.23,4.23,4.23,12444,52638.12
1788141060000,2026-08-31T01:51:00Z,4.23,4.25,4.23,4.25,29502,124958.81
1788141120000,2026-08-31T01:52:00Z,4.24,4.24,4.23,4.24,33024,139724.31
1788141300000,2026-08-31T01:55:00Z,4.26,4.26,4.23,4.25,12742,53985.57
1788141360000,2026-08-31T01:56:00Z,4.25,4.25,4.24,4.25,60911,258753.33
1788141480000,2026-08-31T01:58:00Z,4.25,4.25,4.25,4.25,5202,22108.5
1788141540000,2026-08-31T01:59:00Z,4.25,4.25,4.25,4.25,4701,19979.25
1788141600000,2026-08-31T02:00:00Z,4.25,4.25,4.24,4.24,12327,52306.15
1788141660000,2026-08-31T02:01:00Z,4.25,4.25,4.23,4.23,67871,287769.45
1788141720000,2026-08-31T02:02:00Z,4.23,4.23,4.23,4.23,1839,7778.97
1788141780000,2026-08-31T02:03:00Z,4.23,4.23,4.23,4.23,3351,14174.73
1788141840000,2026-08-31T02:04:00Z,4.23,4.23,4.23,4.23,799,3379.77
1788141900000,2026-08-31T02:05:00Z,4.23,4.23,4.23,4.23,220,930.6
1788141960000,2026-08-31T02:06:00Z,4.22,4.22,4.21,4.22,8587,36222.14
1788142020000,2026-08-31T02:07:00Z,4.21,4.22,4.21,4.21,626,2639.56
1788142080000,2026-08-31T02:08:00Z,4.23,4.23,4.23,4.23,2001,8464.23
1788142140000,2026-08-31T02:09:00Z,4.22,4.23,4.22,4.23,1500,6340
1788142200000,2026-08-31T02:10:00Z,4.23,4.23,4.23,4.23,145,613.35
1788142260000,2026-08-31T02:11:00Z,4.22,4.22,4.22,4.22,100,422
1788142380000,2026-08-31T02:13:00Z,4.22,4.22,4.22,4.22,5214,22003.08
1788142500000,2026-08-31T02:15:00Z,4.23,4.23,4.23,4.23,602,2546.46
1788142560000,2026-08-31T02:16:00Z,4.23,4.23,4.23,4.23,25,105.75
1788142620000,2026-08-31T02:17:00Z,4.24,4.24,4.24,4.24,5500,23320
1788142680000,2026-08-31T02:18:00Z,4.24,4.24,4.24,4.24,4692,19894.08
1788142740000,2026-08-31T02:19:00Z,4.24,4.24,4.24,4.24,200,848
1788142800000,2026-08-31T02:20:00Z,4.24,4.24,4.24,4.24,1,4.24
1788142860000,2026-08-31T02:21:00Z,4.24,4.24,4.24,4.24,150,636
1788142920000,2026-08-31T02:22:00Z,4.24,4.24,4.23,4.23,7313,30957.14
1788143100000,2026-08-31T02:25:00Z,4.24,4.24,4.24,4.24,16,67.84
1788143160000,2026-08-31T02:26:00Z,4.24,4.24,4.24,4.24,1000,4240
1788143280000,2026-08-31T02:28:00Z,4.24,4.24,4.24,4.24,124,525.76
1788143340000,2026-08-31T02:29:00Z,4.24,4.24,4.24,4.24,971,4117.04
1788143400000,2026-08-31T02:30:00Z,4.24,4.24,4.24,4.24,125,530
1788143520000,2026-08-31T02:32:00Z,4.24,4.25,4.24,4.25,18844,80043.88
1788143580000,2026-08-31T02:33:00Z,4.24,4.25,4.24,4.25,5930,25182.5
1788144000000,2026-08-31T02:40:00Z,4.24,4.24,4.23,4.23,2307,9763.77
1788144060000,2026-08-31T02:41:00Z,4.24,4.24,4.24,4.24,300,1272
1788144120000,2026-08-31T02:42:00Z,4.23,4.23,4.23,4.23,10246,43340.58
1788144180000,2026-08-31T02:43:00Z,4.23,4.23,4.23,4.23,329,1391.67
1788144240000,2026-08-31T02:44:00Z,4.23,4.23,4.23,4.23,299,1264.77
1788144300000,2026-08-31T02:45:00Z,4.23,4.23,4.23,4.23,1600,6768
1788144360000,2026-08-31T02:46:00Z,4.23,4.23,4.23,4.23,4037,17076.51
1788144420000,2026-08-31T02:47:00Z,4.23,4.23,4.23,4.23,49,207.27
1788144540000,2026-08-31T02:49:00Z,4.23,4.23,4.21,4.21,24091,101607.62
1788144600000,2026-08-31T02:50:00Z,4.22,4.22,4.22,4.22,100,422
1788144660000,2026-08-31T02:51:00Z,4.24,4.24,4.24,4.24,1000,4240
1788144780000,2026-08-31T02:53:00Z,4.22,4.22,4.22,4.22,1219,5144.18
1788144840000,2026-08-31T02:54:00Z,4.22,4.22,4.22,4.22,6300,26586
1788144960000,2026-08-31T02:56:00Z,4.22,4.22,4.21,4.21,550,2319.5
1788145020000,2026-08-31T02:57:00Z,4.21,4.21,4.21,4.21,1,4.21
1788145080000,2026-08-31T02:58:00Z,4.22,4.22,4.22,4.22,1,4.22
1788145200000,2026-08-31T03:00:00Z,4.22,4.22,4.22,4.22,1260,5317.2
1788145320000,2026-08-31T03:02:00Z,4.22,4.22,4.22,4.22,1000,4220
1788145380000,2026-08-31T03:03:00Z,4.22,4.22,4.22,4.22,1790,7553.8
1788145440000,2026-08-31T03:04:00Z,4.25,4.25,4.25,4.25,50,212.5
1788145500000,2026-08-31T03:05:00Z,4.24,4.24,4.24,4.24,2500,10600
1788145560000,2026-08-31T03:06:00Z,4.24,4.24,4.24,4.24,8,33.92
1788145680000,2026-08-31T03:08:00Z,4.24,4.24,4.24,4.24,425,1802
1788145740000,2026-08-31T03:09:00Z,4.24,4.24,4.24,4.24,2,8.48
1788145800000,2026-08-31T03:10:00Z,4.23,4.24,4.23,4.24,1746,7400.86
1788145860000,2026-08-31T03:11:00Z,4.24,4.24,4.23,4.23,9533,40339.59
1788145920000,2026-08-31T03:12:00Z,4.24,4.24,4.24,4.24,800,3392
1788145980000,2026-08-31T03:13:00Z,4.23,4.23,4.23,4.23,9496,40168.08
1788146040000,2026-08-31T03:14:00Z,4.23,4.23,4.23,4.23,9376,39660.48
1788146100000,2026-08-31T03:15:00Z,4.23,4.23,4.23,4.23,19584,82840.32
1788146280000,2026-08-31T03:18:00Z,4.23,4.23,4.23,4.23,10000,42300
1788146400000,2026-08-31T03:20:00Z,4.22,4.22,4.22,4.22,55,232.1
1788146640000,2026-08-31T03:24:00Z,4.23,4.23,4.23,4.23,262,1108.26
1788146700000,2026-08-31T03:25:00Z,4.22,4.23,4.22,4.23,138,582.56
1788146820000,2026-08-31T03:27:00Z,4.25,4.25,4.25,4.25,1,4.25
1788147000000,2026-08-31T03:30:00Z,4.24,4.24,4.24,4.24,1,4.24
1788147300000,2026-08-31T03:35:00Z,4.24,4.24,4.23,4.24,2100,8903.5
1788147420000,2026-08-31T03:37:00Z,4.24,4.24,4.24,4.24,500,2120
1788147480000,2026-08-31T03:38:00Z,4.24,4.24,4.24,4.24,30,127.2
1788147540000,2026-08-31T03:39:00Z,4.26,4.26,4.26,4.26,2500,10650
1788147600000,2026-08-31T03:40:00Z,4.25,4.25,4.25,4.25,100,425
1788147780000,2026-08-31T03:43:00Z,4.25,4.25,4.25,4.25,500,2125
1788147840000,2026-08-31T03:44:00Z,4.25,4.25,4.25,4.25,1,4.25
1788147900000,2026-08-31T03:45:00Z,4.24,4.25,4.24,4.25,229,973.24
1788147960000,2026-08-31T03:46:00Z,4.24,4.24,4.24,4.24,350,1484
1788148200000,2026-08-31T03:50:00Z,4.25,4.27,4.25,4.27,1272,5418.84
1788148260000,2026-08-31T03:51:00Z,4.26,4.26,4.26,4.26,5,21.3
1788148500000,2026-08-31T03:55:00Z,4.24,4.24,4.24,4.24,5,21.2
1788148740000,2026-08-31T03:59:00Z,4.24,4.24,4.24,4.24,500,2120
1788148800000,2026-08-31T04:00:00Z,4.25,4.25,4.25,4.25,2000,8500
1788148920000,2026-08-31T04:02:00Z,4.24,4.24,4.24,4.24,50,212
1788149160000,2026-08-31T04:06:00Z,4.25,4.25,4.25,4.25,11,46.75
1788149340000,2026-08-31T04:09:00Z,4.25,4.25,4.25,4.25,250,1062.5
1788149400000,2026-08-31T04:10:00Z,4.25,4.25,4.25,4.25,2,8.5
1788149580000,2026-08-31T04:13:00Z,4.24,4.24,4.24,4.24,285,1208.4
1788149640000,2026-08-31T04:14:00Z,4.25,4.25,4.25,4.25,202,858.5
1788149700000,2026-08-31T04:15:00Z,4.25,4.25,4.25,4.25,110,467.5
1788149820000,2026-08-31T04:17:00Z,4.25,4.25,4.25,4.25,1070,4547.5
1788150000000,2026-08-31T04:20:00Z,4.25,4.25,4.25,4.25,17,72.25
1788150060000,2026-08-31T04:21:00Z,4.25,4.25,4.25,4.25,15,63.75
1788150180000,2026-08-31T04:23:00Z,4.25,4.25,4.25,4.25,540,2295
1788150240000,2026-08-31T04:24:00Z,4.25,4.25,4.25,4.25,2000,8500
1788150300000,2026-08-31T04:25:00Z,4.25,4.25,4.25,4.25,26,110.5
1788150360000,2026-08-31T04:26:00Z,4.24,4.24,4.24,4.24,40,169.6
1788150540000,2026-08-31T04:29:00Z,4.24,4.24,4.24,4.24,499,2115.76
1788150840000,2026-08-31T04:34:00Z,4.25,4.25,4.25,4.25,10,42.5
1788151140000,2026-08-31T04:39:00Z,4.24,4.24,4.24,4.24,4996,21183.04
1788151200000,2026-08-31T04:40:00Z,4.24,4.25,4.24,4.25,100,424.96
1788151320000,2026-08-31T04:42:00Z,4.25,4.25,4.25,4.25,1004,4267
1788151680000,2026-08-31T04:48:00Z,4.25,4.26,4.25,4.26,4313,18347.38
1788151800000,2026-08-31T04:50:00Z,4.25,4.25,4.25,4.25,130,552.5
1788151860000,2026-08-31T04:51:00Z,4.25,4.26,4.25,4.26,4500,19151.3
1788152160000,2026-08-31T04:56:00Z,4.26,4.26,4.26,4.26,100,426
1788152280000,2026-08-31T04:58:00Z,4.26,4.26,4.26,4.26,10,42.6
1788152400000,2026-08-31T05:00:00Z,4.25,4.26,4.25,4.25,6526,27786.5
1788152460000,2026-08-31T05:01:00Z,4.25,4.25,4.24,4.24,190,807.26
1788152640000,2026-08-31T05:04:00Z,4.24,4.24,4.24,4.24,13801,58516.24
1788152700000,2026-08-31T05:05:00Z,4.24,4.24,4.24,4.24,6000,25440
1788152820000,2026-08-31T05:07:00Z,4.24,4.24,4.24,4.24,159,674.16
1788152940000,2026-08-31T05:09:00Z,4.23,4.23,4.23,4.23,2400,10152
1788153000000,2026-08-31T05:10:00Z,4.25,4.25,4.25,4.25,2100,8925
1788153120000,2026-08-31T05:12:00Z,4.26,4.26,4.26,4.26,5,21.3
1788153240000,2026-08-31T05:14:00Z,4.26,4.26,4.25,4.25,826,3518.7
1788153360000,2026-08-31T05:16:00Z,4.26,4.26,4.26,4.26,1,4.26
1788153540000,2026-08-31T05:19:00Z,4.26,4.26,4.26,4.26,1202,5120.52
1788153600000,2026-08-31T05:20:00Z,4.26,4.27,4.25,4.27,239,1018.12
1788153660000,2026-08-31T05:21:00Z,4.27,4.28,4.27,4.27,431,1840.82
1788153720000,2026-08-31T05:22:00Z,4.26,4.26,4.26,4.26,1,4.26
1788153780000,2026-08-31T05:23:00Z,4.26,4.26,4.26,4.26,473,2014.98
1788153840000,2026-08-31T05:24:00Z,4.26,4.26,4.26,4.26,216,920.16
1788154020000,2026-08-31T05:27:00Z,4.26,4.26,4.26,4.26,100,426
1788154200000,2026-08-31T05:30:00Z,4.26,4.26,4.24,4.24,2760,11716.56
1788154260000,2026-08-31T05:31:00Z,4.27,4.27,4.27,4.27,200,854
1788154320000,2026-08-31T05:32:00Z,4.25,4.25,4.24,4.24,2700,11458.39
1788154500000,2026-08-31T05:35:00Z,4.24,4.24,4.24,4.24,23,97.52
1788154740000,2026-08-31T05:39:00Z,4.26,4.26,4.24,4.24,1720,7304.98
1788154800000,2026-08-31T05:40:00Z,4.25,4.25,4.25,4.25,3000,12750
1788154980000,2026-08-31T05:43:00Z,4.27,4.27,4.26,4.26,7000,29852
1788155040000,2026-08-31T05:44:00Z,4.26,4.26,4.25,4.25,295,1253.85
1788155160000,2026-08-31T05:46:00Z,4.26,4.26,4.24,4.24,20084,85493.66
1788155400000,2026-08-31T05:50:00Z,4.24,4.24,4.24,4.24,3,12.72
1788155640000,2026-08-31T05:54:00Z,4.27,4.27,4.27,4.27,127,542.29
1788155820000,2026-08-31T05:57:00Z,4.26,4.26,4.24,4.24,1600,6790.55
1788156180000,2026-08-31T06:03:00Z,4.25,4.25,4.24,4.25,160,679.5
1788156240000,2026-08-31T06:04:00Z,4.25,4.25,4.25,4.25,1453,6175.25
1788156300000,2026-08-31T06:05:00Z,4.25,4.25,4.25,4.25,24,102
1788156360000,2026-08-31T06:06:00Z,4.25,4.27,4.25,4.25,3504,14942
1788156420000,2026-08-31T06:07:00Z,4.25,4.25,4.25,4.25,507,2154.75
1788156720000,2026-08-31T06:12:00Z,4.25,4.25,4.24,4.24,2700,11450
1788157020000,2026-08-31T06:17:00Z,4.26,4.26,4.26,4.26,151,643.26
1788157080000,2026-08-31T06:18:00Z,4.27,4.27,4.26,4.26,303,1293.78
1788157140000,2026-08-31T06:19:00Z,4.28,4.28,4.28,4.28,100,428
1788157200000,2026-08-31T06:20:00Z,4.28,4.28,4.28,4.28,190,813.2
1788157260000,2026-08-31T06:21:00Z,4.28,4.28,4.28,4.28,110,470.8
1788157380000,2026-08-31T06:23:00Z,4.27,4.28,4.27,4.28,25018,106958.58
1788157440000,2026-08-31T06:24:00Z,4.28,4.28,4.28,4.28,500,2140
1788157500000,2026-08-31T06:25:00Z,4.29,4.29,4.29,4.29,2,8.58
1788157560000,2026-08-31T06:26:00Z,4.29,4.29,4.28,4.28,15596,66815.85
1788157620000,2026-08-31T06:27:00Z,4.29,4.29,4.29,4.29,2927,12556.83
1788157680000,2026-08-31T06:28:00Z,4.29,4.29,4.28,4.28,12073,51672.48
1788157740000,2026-08-31T06:29:00Z,4.28,4.29,4.28,4.29,130,557.4
1788157860000,2026-08-31T06:31:00Z,4.27,4.27,4.27,4.27,20000,85400
1788157920000,2026-08-31T06:32:00Z,4.27,4.29,4.27,4.29,7870,33754.9
1788158100000,2026-08-31T06:35:00Z,4.27,4.27,4.27,4.27,2000,8540
1788158340000,2026-08-31T06:39:00Z,4.27,4.27,4.27,4.27,13100,55937
1788158460000,2026-08-31T06:41:00Z,4.28,4.28,4.27,4.27,535,2288.45
1788158520000,2026-08-31T06:42:00Z,4.28,4.28,4.28,4.28,28,119.84
1788158700000,2026-08-31T06:45:00Z,4.29,4.29,4.29,4.29,16,68.64
1788158820000,2026-08-31T06:47:00Z,4.3,4.3,4.3,4.3,1095,4708.5
1788159000000,2026-08-31T06:50:00Z,4.29,4.3,4.29,4.3,2350,10091.22
1788159060000,2026-08-31T06:51:00Z,4.3,4.3,4.3,4.3,813,3495.9
1788159120000,2026-08-31T06:52:00Z,4.29,4.3,4.29,4.3,135,579.16
1788159180000,2026-08-31T06:53:00Z,4.3,4.3,4.3,4.3,465,1999.5
1788159300000,2026-08-31T06:55:00Z,4.3,4.3,4.29,4.29,4600,19764
1788159360000,2026-08-31T06:56:00Z,4.29,4.29,4.29,4.29,10,42.9
1788159420000,2026-08-31T06:57:00Z,4.29,4.29,4.29,4.29,4,17.16
1788159540000,2026-08-31T06:59:00Z,4.28,4.28,4.28,4.28,976,4177.28
1788159600000,2026-08-31T07:00:00Z,4.28,4.28,4.28,4.28,12,51.36
1788159660000,2026-08-31T07:01:00Z,4.27,4.28,4.27,4.28,119,508.32
1788159840000,2026-08-31T07:04:00Z,4.27,4.27,4.27,4.27,192,819.84
1788159900000,2026-08-31T07:05:00Z,4.28,4.28,4.28,4.28,500,2140
1788159960000,2026-08-31T07:06:00Z,4.28,4.28,4.28,4.28,9,38.52
1788160020000,2026-08-31T07:07:00Z,4.28,4.28,4.28,4.28,5,21.4
1788160080000,2026-08-31T07:08:00Z,4.28,4.28,4.26,4.26,1000,4264.32
1788160440000,2026-08-31T07:14:00Z,4.27,4.27,4.27,4.27,13,55.51
1788160560000,2026-08-31T07:16:00Z,4.28,4.28,4.28,4.28,298,1275.44
1788160740000,2026-08-31T07:19:00Z,4.27,4.27,4.27,4.27,45,192.15
1788160920000,2026-08-31T07:22:00Z,4.28,4.28,4.28,4.28,1000,4280
1788160980000,2026-08-31T07:23:00Z,4.28,4.31,4.28,4.31,5535,23839.46
1788161160000,2026-08-31T07:26:00Z,4.29,4.29,4.29,4.29,200,858
1788161220000,2026-08-31T07:27:00Z,4.29,4.29,4.29,4.29,11,47.19
1788161280000,2026-08-31T07:28:00Z,4.29,4.29,4.29,4.29,285,1222.65
1788161340000,2026-08-31T07:29:00Z,4.29,4.29,4.29,4.29,500,2145
1788161460000,2026-08-31T07:31:00Z,4.28,4.3,4.28,4.3,1100,4728
1788161520000,2026-08-31T07:32:00Z,4.29,4.3,4.29,4.3,9110,39172
1788161580000,2026-08-31T07:33:00Z,4.3,4.3,4.29,4.29,74,317.6
1788161640000,2026-08-31T07:34:00Z,4.27,4.27,4.27,4.27,3,12.81
1788161700000,2026-08-31T07:35:00Z,4.27,4.27,4.27,4.27,3,12.81
1788161940000,2026-08-31T07:39:00Z,4.28,4.28,4.28,4.28,8934,38237.52
1788162000000,2026-08-31T07:40:00Z,4.28,4.28,4.28,4.28,17820,76269.6
1788162240000,2026-08-31T07:44:00Z,4.27,4.28,4.26,4.27,11256,48110.02
1788162600000,2026-08-31T07:50:00Z,4.28,4.28,4.28,4.28,831,3556.68
1788162900000,2026-08-31T07:55:00Z,4.27,4.27,4.27,4.27,620,2647.4
1788163020000,2026-08-31T07:57:00Z,4.27,4.27,4.27,4.27,280,1195.6
1788163080000,2026-08-31T07:58:00Z,4.27,4.27,4.27,4.27,30,128.1
1788163140000,2026-08-31T07:59:00Z,4.26,4.365,4.25,4.25,2609,11098.31
1788163200000,2026-08-31T08:00:00Z,4.26,4.365,4.26,4.27,178684.127284,770593.16732498
1788163260000,2026-08-31T08:01:00Z,4.28,4.28,4.275,4.28,288550,1233551.25
1788163320000,2026-08-31T08:02:00Z,4.27,4.275,4.266,4.27,83997,359011.5777
1788163380000,2026-08-31T08:03:00Z,4.26,4.283,4.26,4.26,22933,97875.7507
1788163440000,2026-08-31T08:04:00Z,4.284,4.285,4.284,4.285,144,616.9968
1788163500000,2026-08-31T08:05:00Z,4.285,4.285,4.285,4.285,3275,14033.375
1788163560000,2026-08-31T08:06:00Z,4.285,4.285,4.285,4.285,3282,14063.37
1788163620000,2026-08-31T08:07:00Z,4.285,4.293,4.285,4.293,9389,40245.0096
1788163680000,2026-08-31T08:08:00Z,4.294,4.295,4.273,4.273,38154.925233,163646.474324337
1788163740000,2026-08-31T08:09:00Z,4.27,4.272,4.266,4.27,11276,48148.52
1788163800000,2026-08-31T08:10:00Z,4.28,4.28,4.265,4.28,7667,32715.089
1788163860000,2026-08-31T08:11:00Z,4.26,4.274,4.26,4.27,35296,150851.5744
1788163920000,2026-08-31T08:12:00Z,4.265,4.265,4.265,4.265,1,4.265
1788163980000,2026-08-31T08:13:00Z,4.265,4.265,4.265,4.265,3417,14573.505
1788164040000,2026-08-31T08:14:00Z,4.265,4.265,4.265,4.265,32142,137085.63
1788164160000,2026-08-31T08:16:00Z,4.27,4.27,4.262,4.27,11822,50420.83
1788164220000,2026-08-31T08:17:00Z,4.261,4.261,4.26,4.26,650,2769.065
1788164340000,2026-08-31T08:19:00Z,4.27,4.27,4.256,4.27,14636.255868,62334.35011623
1788164400000,2026-08-31T08:20:00Z,4.256,4.256,4.255,4.255,4180,17785.9
1788164460000,2026-08-31T08:21:00Z,4.255,4.265,4.255,4.265,12285,52353.756
1788164520000,2026-08-31T08:22:00Z,4.263,4.263,4.255,4.255,124,528.5748
1788164580000,2026-08-31T08:23:00Z,4.25,4.255,4.25,4.25,4112,17496.56
1788164640000,2026-08-31T08:24:00Z,4.255,4.255,4.255,4.255,59,251.045
1788164700000,2026-08-31T08:25:00Z,4.255,4.255,4.255,4.255,1021,4344.355
1788164760000,2026-08-31T08:26:00Z,4.255,4.255,4.255,4.255,257,1093.535
1788164820000,2026-08-31T08:27:00Z,4.255,4.255,4.255,4.255,305,1297.775
1788164940000,2026-08-31T08:29:00Z,4.255,4.255,4.255,4.255,59,251.045
1788165000000,2026-08-31T08:30:00Z,4.255,4.255,4.255,4.255,51,217.005
1788165060000,2026-08-31T08:31:00Z,4.255,4.255,4.255,4.255,200,851
1788165120000,2026-08-31T08:32:00Z,4.255,4.255,4.255,4.255,105.5,448.9025
1788165180000,2026-08-31T08:33:00Z,4.255,4.255,4.255,4.255,3035,12913.925
1788165240000,2026-08-31T08:34:00Z,4.255,4.255,4.255,4.255,1,4.255
1788165300000,2026-08-31T08:35:00Z,4.25,4.255,4.25,4.25,17371,73913.605
1788165360000,2026-08-31T08:36:00Z,4.255,4.255,4.255,4.255,88,374.44
1788165420000,2026-08-31T08:37:00Z,4.25,4.255,4.25,4.25,10959,46630.545
1788165480000,2026-08-31T08:38:00Z,4.255,4.264,4.255,4.264,801,3412.26
1788165540000,2026-08-31T08:39:00Z,4.265,4.265,4.265,4.265,220,938.3
1788165600000,2026-08-31T08:40:00Z,4.265,4.265,4.265,4.265,3146.265604,13418.82280106
1788165660000,2026-08-31T08:41:00Z,4.265,4.265,4.265,4.265,0,0
1788165780000,2026-08-31T08:43:00Z,4.26,4.265,4.26,4.26,1090,4648.85
1788165840000,2026-08-31T08:44:00Z,4.265,4.265,4.265,4.265,100,426.5
1788165900000,2026-08-31T08:45:00Z,4.265,4.265,4.265,4.265,127,541.655
1788165960000,2026-08-31T08:46:00Z,4.265,4.265,4.265,4.265,563,2401.195
1788166020000,2026-08-31T08:47:00Z,4.265,4.265,4.265,4.265,55,234.575
1788166080000,2026-08-31T08:48:00Z,4.265,4.265,4.265,4.265,3581,15272.965
1788166140000,2026-08-31T08:49:00Z,4.265,4.265,4.265,4.265,2967,12654.255
1788166200000,2026-08-31T08:50:00Z,4.265,4.265,4.265,4.265,3425,14607.625
1788166320000,2026-08-31T08:52:00Z,4.265,4.265,4.265,4.265,922.65,3935.10225
1788166380000,2026-08-31T08:53:00Z,4.265,4.265,4.265,4.265,704,3002.56
1788166440000,2026-08-31T08:54:00Z,4.28,4.28,4.265,4.28,18349,78258.485
1788166500000,2026-08-31T08:55:00Z,4.29,4.29,4.268,4.29,40903,174639.4488
1788166560000,2026-08-31T08:56:00Z,4.285,4.285,4.285,4.285,5680,24338.8
1788166620000,2026-08-31T08:57:00Z,4.285,4.285,4.285,4.285,1106,4739.21
1788166680000,2026-08-31T08:58:00Z,4.28,4.285,4.28,4.28,29569,126703.165
1788166740000,2026-08-31T08:59:00Z,4.285,4.285,4.285,4.285,75,321.375
1788166800000,2026-08-31T09:00:00Z,4.285,4.285,4.281,4.281,8116,34771.3788
1788166860000,2026-08-31T09:01:00Z,4.28,4.28,4.28,4.28,645,2760.6
1788166920000,2026-08-31T09:02:00Z,4.29,4.29,4.281,4.29,600,2568.9
1788166980000,2026-08-31T09:03:00Z,4.284,4.284,4.282,4.282,5100,21848.4
1788167040000,2026-08-31T09:04:00Z,4.281,4.281,4.28,4.28,1320,5649.732
1788167100000,2026-08-31T09:05:00Z,4.28,4.28,4.28,4.28,50,214
1788167160000,2026-08-31T09:06:00Z,4.28,4.28,4.28,4.28,1526,6531.28
1788167220000,2026-08-31T09:07:00Z,4.281,4.283,4.281,4.283,5000,21405
1788167280000,2026-08-31T09:08:00Z,4.284,4.284,4.284,4.284,4,17.136
1788167340000,2026-08-31T09:09:00Z,4.285,4.285,4.285,4.285,12,51.42
1788167460000,2026-08-31T09:11:00Z,4.285,4.285,4.285,4.285,10,42.85
1788167520000,2026-08-31T09:12:00Z,4.285,4.285,4.285,4.285,8,34.28
1788167580000,2026-08-31T09:13:00Z,4.285,4.285,4.285,4.285,6092.678151,26107.125877035
1788167640000,2026-08-31T09:14:00Z,4.285,4.285,4.285,4.285,44.5,190.6825
1788167700000,2026-08-31T09:15:00Z,4.28,4.285,4.28,4.28,21563,92397.455
1788167820000,2026-08-31T09:17:00Z,4.287,4.294,4.287,4.294,279,1196.91
1788167880000,2026-08-31T09:18:00Z,4.295,4.295,4.295,4.295,1641,7048.095
1788167940000,2026-08-31T09:19:00Z,4.295,4.295,4.295,4.295,1138,4887.71
1788168000000,2026-08-31T09:20:00Z,4.295,4.295,4.295,4.295,16,68.72
1788168060000,2026-08-31T09:21:00Z,4.295,4.295,4.295,4.295,2000,8590
1788168120000,2026-08-31T09:22:00Z,4.31,4.31,4.295,4.31,341,1464.595
1788168180000,2026-08-31T09:23:00Z,4.295,4.295,4.295,4.295,20,85.9
1788168240000,2026-08-31T09:24:00Z,4.3,4.3,4.29,4.29,10357,44483.315
1788168300000,2026-08-31T09:25:00Z,4.295,4.295,4.295,4.295,68,292.06
1788168360000,2026-08-31T09:26:00Z,4.295,4.295,4.295,4.295,275,1181.125
1788168420000,2026-08-31T09:27:00Z,4.295,4.295,4.295,4.295,6068,26062.06
1788168540000,2026-08-31T09:29:00Z,4.295,4.295,4.295,4.295,341,1464.595
1788168600000,2026-08-31T09:30:00Z,4.295,4.295,4.295,4.295,1434,6159.03
1788168660000,2026-08-31T09:31:00Z,4.295,4.295,4.295,4.295,353,1516.135
1788168720000,2026-08-31T09:32:00Z,4.29,4.295,4.29,4.29,9721,41751.695
1788168780000,2026-08-31T09:33:00Z,4.32,4.32,4.298,4.32,23456,100985.1168
1788168840000,2026-08-31T09:34:00Z,4.32,4.32,4.305,4.32,585,2518.425
1788168900000,2026-08-31T09:35:00Z,4.305,4.305,4.305,4.305,1804,7766.22
1788168960000,2026-08-31T09:36:00Z,4.305,4.314,4.305,4.314,1702,7332.5564
1788169020000,2026-08-31T09:37:00Z,4.314,4.315,4.314,4.315,3375,14559.75
1788169080000,2026-08-31T09:38:00Z,4.315,4.315,4.315,4.315,480,2071.2
1788169140000,2026-08-31T09:39:00Z,4.315,4.315,4.307,4.307,392,1691.48
1788169200000,2026-08-31T09:40:00Z,4.306,4.306,4.306,4.306,0,0
1788169320000,2026-08-31T09:42:00Z,4.305,4.305,4.305,4.305,2,8.61
1788169380000,2026-08-31T09:43:00Z,4.305,4.305,4.305,4.305,1168,5028.24
1788169440000,2026-08-31T09:44:00Z,4.305,4.305,4.305,4.305,0,0
1788169500000,2026-08-31T09:45:00Z,4.305,4.305,4.305,4.305,0,0
1788169680000,2026-08-31T09:48:00Z,4.305,4.305,4.305,4.305,0,0
1788169740000,2026-08-31T09:49:00Z,4.305,4.305,4.305,4.305,0,0
1788169800000,2026-08-31T09:50:00Z,4.305,4.305,4.305,4.305,100,430.5
1788169860000,2026-08-31T09:51:00Z,4.305,4.305,4.3,4.305,300,1290
1788169980000,2026-08-31T09:53:00Z,4.305,4.305,4.305,4.305,0,0
1788170040000,2026-08-31T09:54:00Z,4.305,4.305,4.305,4.305,104,447.72
1788170100000,2026-08-31T09:55:00Z,4.305,4.305,4.305,4.305,50,215.25
1788170160000,2026-08-31T09:56:00Z,4.305,4.305,4.305,4.305,25,107.625
1788170280000,2026-08-31T09:58:00Z,4.305,4.305,4.305,4.305,500,2152.5
1788170340000,2026-08-31T09:59:00Z,4.32,4.32,4.305,4.314,22742,97927.052
1788170400000,2026-08-31T10:00:00Z,4.314,4.315,4.314,4.315,1312,5661.0176
1788170520000,2026-08-31T10:02:00Z,4.315,4.315,4.315,4.315,7,30.205
1788170700000,2026-08-31T10:05:00Z,4.315,4.315,4.315,4.315,700,3020.5
1788170820000,2026-08-31T10:07:00Z,4.315,4.315,4.315,4.315,3500,15102.5
1788170880000,2026-08-31T10:08:00Z,4.31,4.315,4.31,4.31,2604,11236.26
1788171000000,2026-08-31T10:10:00Z,4.315,4.315,4.315,4.315,1,4.315
1788171060000,2026-08-31T10:11:00Z,4.315,4.315,4.315,4.315,5,21.575
1788171120000,2026-08-31T10:12:00Z,4.315,4.315,4.315,4.315,150,647.25
1788171180000,2026-08-31T10:13:00Z,4.315,4.315,4.315,4.315,1,4.315
1788171300000,2026-08-31T10:15:00Z,4.32,4.32,4.315,4.32,226,975.19
1788171360000,2026-08-31T10:16:00Z,4.315,4.315,4.315,4.315,3868.87,16694.17405
1788171420000,2026-08-31T10:17:00Z,4.315,4.315,4.315,4.315,401,1730.315
1788171540000,2026-08-31T10:19:00Z,4.315,4.315,4.315,4.315,3,12.945
1788171660000,2026-08-31T10:21:00Z,4.315,4.315,4.315,4.315,700,3020.5
1788171780000,2026-08-31T10:23:00Z,4.315,4.315,4.307,4.307,290,1251.263
1788171840000,2026-08-31T10:24:00Z,4.306,4.306,4.306,4.306,700,3014.2
1788171900000,2026-08-31T10:25:00Z,4.305,4.305,4.305,4.305,22,94.71
1788172200000,2026-08-31T10:30:00Z,4.305,4.305,4.305,4.305,2,8.61
1788172260000,2026-08-31T10:31:00Z,4.305,4.305,4.305,4.305,34,146.37
1788172440000,2026-08-31T10:34:00Z,4.305,4.305,4.305,4.305,17395,74885.475
1788172500000,2026-08-31T10:35:00Z,4.3,4.305,4.3,4.3,19277,82987.485
1788172560000,2026-08-31T10:36:00Z,4.305,4.305,4.305,4.305,12988,55913.34
1788172620000,2026-08-31T10:37:00Z,4.305,4.305,4.305,4.305,1,4.305
1788172740000,2026-08-31T10:39:00Z,4.31,4.31,4.305,4.31,566,2436.63
1788172800000,2026-08-31T10:40:00Z,4.305,4.305,4.305,4.305,1500,6457.5
1788172980000,2026-08-31T10:43:00Z,4.305,4.305,4.305,4.305,5,21.525
1788173160000,2026-08-31T10:46:00Z,4.305,4.305,4.305,4.305,90,387.45
1788173280000,2026-08-31T10:48:00Z,4.305,4.305,4.305,4.305,1,4.305
1788173340000,2026-08-31T10:49:00Z,4.305,4.305,4.305,4.305,9,38.745
1788173400000,2026-08-31T10:50:00Z,4.305,4.305,4.305,4.305,5,21.525
1788173460000,2026-08-31T10:51:00Z,4.305,4.305,4.305,4.305,200,861
1788173580000,2026-08-31T10:53:00Z,4.305,4.305,4.305,4.305,18,77.49
1788173700000,2026-08-31T10:55:00Z,4.305,4.305,4.305,4.305,4.271461,18.388639605
1788173760000,2026-08-31T10:56:00Z,4.31,4.31,4.305,4.31,350,1506.75
1788173820000,2026-08-31T10:57:00Z,4.305,4.305,4.305,4.305,14,60.27
1788173880000,2026-08-31T10:58:00Z,4.31,4.31,4.305,4.31,339,1459.395
1788173940000,2026-08-31T10:59:00Z,4.305,4.305,4.305,4.305,70,301.35
1788174000000,2026-08-31T11:00:00Z,4.31,4.315,4.3,4.315,54221.821446,233620.1398822356
1788174060000,2026-08-31T11:01:00Z,4.315,4.315,4.3,4.309,26598,114754.4112
1788174120000,2026-08-31T11:02:00Z,4.308,4.32,4.3,4.308,29443.193832,126811.835834424
1788174180000,2026-08-31T11:03:00Z,4.307,4.31,4.305,4.305,70417,303145.185
1788174240000,2026-08-31T11:04:00Z,4.305,4.31,4.3,4.305,26687.412139,114990.7214245232
1788174300000,2026-08-31T11:05:00Z,4.305,4.305,4.305,4.305,7940,34181.7
1788174360000,2026-08-31T11:06:00Z,4.305,4.305,4.305,4.305,7165,30845.325
1788174420000,2026-08-31T11:07:00Z,4.305,4.305,4.305,4.305,700,3013.5
1788174480000,2026-08-31T11:08:00Z,4.305,4.305,4.305,4.305,2625,11300.625
1788174540000,2026-08-31T11:09:00Z,4.305,4.305,4.305,4.305,710.399146,3058.26832353
1788174600000,2026-08-31T11:10:00Z,4.305,4.305,4.305,4.305,1453,6255.165
1788174660000,2026-08-31T11:11:00Z,4.305,4.305,4.305,4.305,26,111.93
1788174720000,2026-08-31T11:12:00Z,4.305,4.305,4.305,4.305,7636,32872.98
1788174780000,2026-08-31T11:13:00Z,4.305,4.305,4.305,4.305,6800,29274
1788174840000,2026-08-31T11:14:00Z,4.305,4.305,4.305,4.305,3383,14563.815
1788174900000,2026-08-31T11:15:00Z,4.305,4.305,4.305,4.305,1072,4614.96
1788174960000,2026-08-31T11:16:00Z,4.31,4.31,4.305,4.31,78497,337929.585
1788175020000,2026-08-31T11:17:00Z,4.305,4.305,4.305,4.305,4783.072723,20591.12807252
1788175080000,2026-08-31T11:18:00Z,4.305,4.305,4.305,4.305,853.603081,3674.761263705
1788175140000,2026-08-31T11:19:00Z,4.305,4.305,4.305,4.305,1781,7667.205
1788175200000,2026-08-31T11:20:00Z,4.305,4.305,4.305,4.305,1892,8145.06
1788175260000,2026-08-31T11:21:00Z,4.305,4.305,4.305,4.305,1948,8386.14
1788175320000,2026-08-31T11:22:00Z,4.305,4.305,4.305,4.305,10405,44793.525
1788175380000,2026-08-31T11:23:00Z,4.305,4.305,4.305,4.305,411,1769.355
1788175440000,2026-08-31T11:24:00Z,4.305,4.305,4.305,4.305,10139,43648.395
1788175500000,2026-08-31T11:25:00Z,4.305,4.305,4.305,4.305,5130,22084.65
1788175560000,2026-08-31T11:26:00Z,4.305,4.305,4.305,4.305,6225,26798.625
1788175620000,2026-08-31T11:27:00Z,4.305,4.305,4.305,4.305,4347,18713.835
1788175680000,2026-08-31T11:28:00Z,4.305,4.305,4.305,4.305,1750,7533.75
1788175740000,2026-08-31T11:29:00Z,4.31,4.314,4.305,4.31,8867,38172.435
1788175800000,2026-08-31T11:30:00Z,4.32,4.32,4.315,4.32,818,3529.67
1788175860000,2026-08-31T11:31:00Z,4.315,4.315,4.315,4.315,6374,27503.81
1788175920000,2026-08-31T11:32:00Z,4.315,4.315,4.315,4.315,171,737.865
1788175980000,2026-08-31T11:33:00Z,4.315,4.315,4.315,4.315,791.656217,3415.996576355
1788176040000,2026-08-31T11:34:00Z,4.315,4.315,4.315,4.315,3676,15861.94
1788176100000,2026-08-31T11:35:00Z,4.315,4.315,4.315,4.315,23634.232852,101981.71475638
1788176160000,2026-08-31T11:36:00Z,4.315,4.315,4.315,4.315,410,1769.15
1788176220000,2026-08-31T11:37:00Z,4.32,4.32,4.315,4.32,1519,6554.485
1788176280000,2026-08-31T11:38:00Z,4.315,4.315,4.315,4.315,5660.586852,24425.43226638
1788176340000,2026-08-31T11:39:00Z,4.315,4.315,4.315,4.315,4493,19387.295
1788176400000,2026-08-31T11:40:00Z,4.315,4.315,4.315,4.315,117,504.855
1788176460000,2026-08-31T11:41:00Z,4.315,4.315,4.315,4.315,4659,20103.585
1788176520000,2026-08-31T11:42:00Z,4.315,4.315,4.315,4.315,40.193197,173.433645055
1788176580000,2026-08-31T11:43:00Z,4.315,4.315,4.315,4.315,1050,4530.75
1788176640000,2026-08-31T11:44:00Z,4.315,4.315,4.315,4.315,3040,13117.6
1788176700000,2026-08-31T11:45:00Z,4.315,4.315,4.315,4.315,8518,36755.17
1788176760000,2026-08-31T11:46:00Z,4.315,4.315,4.315,4.315,158,681.77
1788176820000,2026-08-31T11:47:00Z,4.315,4.315,4.315,4.315,1678.152249,7241.226954435
1788176880000,2026-08-31T11:48:00Z,4.315,4.315,4.315,4.315,134,578.21
1788176940000,2026-08-31T11:49:00Z,4.315,4.315,4.315,4.315,2442,10537.23
1788177000000,2026-08-31T11:50:00Z,4.315,4.315,4.315,4.315,32.627314,140.78685991
1788177060000,2026-08-31T11:51:00Z,4.315,4.315,4.315,4.315,6.703703,28.926478445
1788177120000,2026-08-31T11:52:00Z,4.315,4.315,4.315,4.315,520,2243.8
1788177180000,2026-08-31T11:53:00Z,4.32,4.33,4.315,4.33,16314,70427.538
1788177240000,2026-08-31T11:54:00Z,4.34,4.34,4.325,4.34,3308,14307.1
1788177300000,2026-08-31T11:55:00Z,4.325,4.325,4.325,4.325,1226884.646205,5306276.094836625
1788177360000,2026-08-31T11:56:00Z,4.325,4.325,4.325,4.325,5676,24548.7
1788177420000,2026-08-31T11:57:00Z,4.325,4.325,4.325,4.325,9274,40110.05
1788177480000,2026-08-31T11:58:00Z,4.325,4.325,4.325,4.325,8820.326893,38147.913812225
1788177540000,2026-08-31T11:59:00Z,4.325,4.325,4.325,4.325,1769,7650.925
1788177600000,2026-08-31T12:00:00Z,4.325,4.325,4.325,4.325,1545,6682.125
1788177660000,2026-08-31T12:01:00Z,4.325,4.325,4.325,4.325,4042.326893,17483.063812225
1788177720000,2026-08-31T12:02:00Z,4.325,4.325,4.325,4.325,745,3222.125
1788177780000,2026-08-31T12:03:00Z,4.325,4.325,4.325,4.325,31190.06022,134897.0104515
1788177840000,2026-08-31T12:04:00Z,4.325,4.325,4.325,4.325,660,2854.5
1788177900000,2026-08-31T12:05:00Z,4.325,4.325,4.325,4.325,2281,9865.325
1788177960000,2026-08-31T12:06:00Z,4.325,4.325,4.325,4.325,783,3386.475
1788178020000,2026-08-31T12:07:00Z,4.325,4.325,4.325,4.325,1101.001288,4761.8305706
1788178080000,2026-08-31T12:08:00Z,4.325,4.325,4.325,4.325,2027,8766.775
1788178140000,2026-08-31T12:09:00Z,4.325,4.325,4.325,4.325,3500.615036,15140.1600307
1788178200000,2026-08-31T12:10:00Z,4.325,4.325,4.325,4.325,2563.633462,11087.71472315
1788178260000,2026-08-31T12:11:00Z,4.325,4.325,4.325,4.325,150,648.75
1788178320000,2026-08-31T12:12:00Z,4.325,4.325,4.325,4.325,1390,6011.75
1788178380000,2026-08-31T12:13:00Z,4.325,4.325,4.325,4.325,1653,7149.225
1788178440000,2026-08-31T12:14:00Z,4.325,4.325,4.325,4.325,210.5,910.4125
1788178500000,2026-08-31T12:15:00Z,4.325,4.325,4.325,4.325,52.422439,226.727048675
1788178560000,2026-08-31T12:16:00Z,4.325,4.325,4.325,4.325,322,1392.65
1788178620000,2026-08-31T12:17:00Z,4.325,4.325,4.325,4.325,45.778205,197.99073663
1788178680000,2026-08-31T12:18:00Z,4.325,4.325,4.325,4.325,2242,9696.65
1788178740000,2026-08-31T12:19:00Z,4.34,4.34,4.325,4.34,34773.672055,150396.13163788
1788178800000,2026-08-31T12:20:00Z,4.325,4.325,4.325,4.325,423,1829.475
1788178860000,2026-08-31T12:21:00Z,4.325,4.325,4.325,4.325,1267.619791,5482.455596075
1788178920000,2026-08-31T12:22:00Z,4.325,4.325,4.325,4.325,100,432.5
1788178980000,2026-08-31T12:23:00Z,4.33,4.33,4.31,4.31,20832,90098.4
1788179040000,2026-08-31T12:24:00Z,4.325,4.325,4.316,4.316,542,2343.879
1788179100000,2026-08-31T12:25:00Z,4.316,4.316,4.315,4.315,700,3020.99
1788179160000,2026-08-31T12:26:00Z,4.315,4.315,4.315,4.315,11066,47749.79
1788179220000,2026-08-31T12:27:00Z,4.315,4.315,4.315,4.315,4119,17773.485
1788179280000,2026-08-31T12:28:00Z,4.315,4.315,4.315,4.315,105,453.075
1788179340000,2026-08-31T12:29:00Z,4.315,4.315,4.315,4.315,1025,4422.875
1788179400000,2026-08-31T12:30:00Z,4.315,4.315,4.315,4.315,1109.260974,4786.46110281
1788179460000,2026-08-31T12:31:00Z,4.315,4.315,4.315,4.315,8896.220887,38387.193127405
1788179520000,2026-08-31T12:32:00Z,4.315,4.315,4.315,4.315,2532.567238,10928.02763197
1788179580000,2026-08-31T12:33:00Z,4.315,4.315,4.315,4.315,546.984719,2360.239062485
1788179640000,2026-08-31T12:34:00Z,4.315,4.315,4.315,4.315,194,837.11
1788179700000,2026-08-31T12:35:00Z,4.315,4.315,4.315,4.315,436,1881.34
1788179760000,2026-08-31T12:36:00Z,4.315,4.315,4.315,4.315,4402.630487,18997.350551405
1788179820000,2026-08-31T12:37:00Z,4.315,4.315,4.315,4.315,110,474.65
1788179880000,2026-08-31T12:38:00Z,4.315,4.315,4.315,4.315,87,375.405
1788179940000,2026-08-31T12:39:00Z,4.32,4.32,4.31,4.32,15140,65329.1
1788180000000,2026-08-31T12:40:00Z,4.31,4.323,4.31,4.31,8560,36953.52
1788180060000,2026-08-31T12:41:00Z,4.324,4.325,4.324,4.325,11601.929686,50178.34589195
1788180120000,2026-08-31T12:42:00Z,4.325,4.325,4.325,4.325,4355,18835.375
1788180180000,2026-08-31T12:43:00Z,4.325,4.325,4.325,4.325,96.314386,416.55971945
1788180240000,2026-08-31T12:44:00Z,4.31,4.325,4.31,4.31,41614,179980.55
1788180300000,2026-08-31T12:45:00Z,4.325,4.325,4.315,4.315,1616.630487,6980.2871167686
1788180360000,2026-08-31T12:46:00Z,4.315,4.315,4.315,4.315,193.233281,833.801607515
1788180420000,2026-08-31T12:47:00Z,4.315,4.315,4.315,4.315,1002.231524,4324.62902606
1788180480000,2026-08-31T12:48:00Z,4.315,4.315,4.315,4.315,2840,12254.6
1788180540000,2026-08-31T12:49:00Z,4.315,4.315,4.315,4.315,1101,4750.815
1788180600000,2026-08-31T12:50:00Z,4.315,4.315,4.315,4.315,10106.883316,43611.20150854
1788180660000,2026-08-31T12:51:00Z,4.315,4.315,4.315,4.315,1120.231524,4833.79902606
1788180720000,2026-08-31T12:52:00Z,4.315,4.315,4.313,4.314,31519.5696,135984.87912528
1788180780000,2026-08-31T12:53:00Z,4.315,4.315,4.315,4.315,11891.202784,51310.54001296
1788180840000,2026-08-31T12:54:00Z,4.315,4.315,4.315,4.315,701,3024.815
1788180900000,2026-08-31T12:55:00Z,4.315,4.315,4.315,4.315,1984.940357,8565.017640455
1788180960000,2026-08-31T12:56:00Z,4.315,4.315,4.315,4.315,2979.576217,12856.871376355
1788181020000,2026-08-31T12:57:00Z,4.315,4.315,4.315,4.315,1255.515871,5417.550983365
1788181080000,2026-08-31T12:58:00Z,4.31,4.325,4.31,4.32,18922,81690.0584
1788181140000,2026-08-31T12:59:00Z,4.325,4.325,4.325,4.325,7307,31602.775
1788181200000,2026-08-31T13:00:00Z,4.325,4.325,4.325,4.325,5924.348505,25622.807284125
1788181260000,2026-08-31T13:01:00Z,4.325,4.325,4.325,4.325,1535,6638.875
1788181320000,2026-08-31T13:02:00Z,4.325,4.325,4.325,4.325,446,1928.95
1788181380000,2026-08-31T13:03:00Z,4.325,4.325,4.325,4.325,51,220.575
1788181440000,2026-08-31T13:04:00Z,4.325,4.325,4.325,4.325,325,1405.625
1788181500000,2026-08-31T13:05:00Z,4.325,4.325,4.325,4.325,4923,21291.975
1788181560000,2026-08-31T13:06:00Z,4.325,4.325,4.325,4.325,4885,21127.625
1788181620000,2026-08-31T13:07:00Z,4.325,4.325,4.325,4.325,30,129.75
1788181680000,2026-08-31T13:08:00Z,4.325,4.325,4.325,4.325,30.5,131.9125
1788181740000,2026-08-31T13:09:00Z,4.33,4.33,4.32,4.32,805,3481.625
1788181800000,2026-08-31T13:10:00Z,4.325,4.325,4.325,4.325,674.735285,2918.230107625
1788181860000,2026-08-31T13:11:00Z,4.33,4.33,4.325,4.33,1125,4865.625
1788181920000,2026-08-31T13:12:00Z,4.325,4.325,4.325,4.325,48.903555,211.507875375
1788181980000,2026-08-31T13:13:00Z,4.33,4.33,4.325,4.33,2787,12053.775
1788182040000,2026-08-31T13:14:00Z,4.325,4.325,4.325,4.325,213.971423,925.426404475
1788182100000,2026-08-31T13:15:00Z,4.325,4.325,4.325,4.325,2.017243,8.724575975
1788182160000,2026-08-31T13:16:00Z,4.325,4.325,4.325,4.325,758.929686,3282.37089195
1788182220000,2026-08-31T13:17:00Z,4.325,4.325,4.325,4.325,3722,16097.65
1788182280000,2026-08-31T13:18:00Z,4.325,4.325,4.325,4.325,210,908.25
1788182340000,2026-08-31T13:19:00Z,4.32,4.325,4.32,4.32,11611,50217.575
1788182400000,2026-08-31T13:20:00Z,4.323,4.323,4.317,4.317,28,121.044
1788182460000,2026-08-31T13:21:00Z,4.316,4.316,4.315,4.315,3531.555093,15240.0728483322
1788182520000,2026-08-31T13:22:00Z,4.315,4.315,4.315,4.315,1102.315243,4756.490273545
1788182580000,2026-08-31T13:23:00Z,4.315,4.315,4.315,4.315,2280.788108,9841.60068602
1788182640000,2026-08-31T13:24:00Z,4.315,4.315,4.315,4.315,974.651041,4205.619241915
1788182700000,2026-08-31T13:25:00Z,4.31,4.315,4.31,4.31,19834,85583.71
1788182760000,2026-08-31T13:26:00Z,4.315,4.315,4.315,4.315,1302,5618.13
1788182820000,2026-08-31T13:27:00Z,4.32,4.325,4.315,4.32,19730.159877,85190.88431691
1788182880000,2026-08-31T13:28:00Z,4.325,4.325,4.325,4.325,11238,48604.35
1788182940000,2026-08-31T13:29:00Z,4.325,4.325,4.325,4.325,2748,11885.1
1788183000000,2026-08-31T13:30:00Z,4.31,4.37,4.31,4.345,680927.85264,2949166.6225691
1788183060000,2026-08-31T13:31:00Z,4.35,4.365,4.35,4.35,181910.797649,792803.63831387
1788183120000,2026-08-31T13:32:00Z,4.355,4.365,4.35,4.355,258314.927784,1126175.5906599
1788183180000,2026-08-31T13:33:00Z,4.355,4.365,4.355,4.355,57378.395922,250456.69819953
1788183240000,2026-08-31T13:34:00Z,4.35,4.38,4.35,4.37,339306.488636,1481174.61484273
1788183300000,2026-08-31T13:35:00Z,4.375,4.375,4.36,4.36,120209.284624,525122.23895148
1788183360000,2026-08-31T13:36:00Z,4.37,4.395,4.365,4.395,238951.488452,1044074.63364217
1788183420000,2026-08-31T13:37:00Z,4.385,4.4,4.384,4.4,274542.472191,1203978.55754641
1788183480000,2026-08-31T13:38:00Z,4.38,4.395,4.38,4.39,132863.102974,583880.19232954
1788183540000,2026-08-31T13:39:00Z,4.39,4.415,4.39,4.39,503612.828972,2215090.66695044
1788183600000,2026-08-31T13:40:00Z,4.39,4.393,4.384,4.385,347889.28319,1526190.28535453
1788183660000,2026-08-31T13:41:00Z,4.38,4.39,4.36,4.36,282773.272015,1237217.89704723
1788183720000,2026-08-31T13:42:00Z,4.365,4.384,4.365,4.365,180311.668158,788394.73785404
1788183780000,2026-08-31T13:43:00Z,4.39,4.39,4.384,4.39,50418.110647,221083.4151871
1788183840000,2026-08-31T13:44:00Z,4.39,4.395,4.365,4.375,205946.398032,901674.5198637
1788183900000,2026-08-31T13:45:00Z,4.375,4.375,4.365,4.375,53113.434377,231840.14105561
1788183960000,2026-08-31T13:46:00Z,4.37,4.37,4.365,4.37,43000.519094,187697.26584531
1788184020000,2026-08-31T13:47:00Z,4.37,4.375,4.365,4.375,62370.914014,272249.03967111
1788184080000,2026-08-31T13:48:00Z,4.375,4.38,4.365,4.38,31315.741832,136693.21309668
1788184140000,2026-08-31T13:49:00Z,4.38,4.38,4.365,4.375,122914.064453,536950.09056293
1788184200000,2026-08-31T13:50:00Z,4.37,4.375,4.37,4.37,56159.415464,245697.442655
1788184260000,2026-08-31T13:51:00Z,4.37,4.375,4.355,4.355,153150.492753,669788.36500597
1788184320000,2026-08-31T13:52:00Z,4.35,4.365,4.35,4.35,18805.955556,82087.99600194
1788184380000,2026-08-31T13:53:00Z,4.35,4.365,4.35,4.35,29884.690164,130446.67256586
1788184440000,2026-08-31T13:54:00Z,4.35,4.37,4.35,4.355,110651.224663,482727.0327148
1788184500000,2026-08-31T13:55:00Z,4.35,4.356,4.35,4.35,93834.556217,408658.87578066
1788184560000,2026-08-31T13:56:00Z,4.35,4.355,4.35,4.35,101481.974687,441953.99976189
1788184620000,2026-08-31T13:57:00Z,4.355,4.365,4.35,4.365,131601.249143,573320.84189148
1788184680000,2026-08-31T13:58:00Z,4.365,4.375,4.362,4.375,124289.503741,542685.26018433
1788184740000,2026-08-31T13:59:00Z,4.37,4.375,4.35,4.35,148786.824639,650302.57444968
1788184800000,2026-08-31T14:00:00Z,4.35,4.375,4.35,4.37,123014.165882,537498.09640481
1788184860000,2026-08-31T14:01:00Z,4.375,4.375,4.375,4.375,17691.367712,77399.73374
1788184920000,2026-08-31T14:02:00Z,4.36,4.375,4.36,4.36,81650.479994,357220.84997375
1788184980000,2026-08-31T14:03:00Z,4.36,4.38,4.36,4.375,262577.32221,1147252.83619993
1788185040000,2026-08-31T14:04:00Z,4.365,4.365,4.365,4.365,41523.743197,181251.139054905
1788185100000,2026-08-31T14:05:00Z,4.365,4.365,4.365,4.365,35509.381627,154998.450801855
1788185160000,2026-08-31T14:06:00Z,4.38,4.38,4.345,4.345,110439.8636,481882.25684588
1788185220000,2026-08-31T14:07:00Z,4.35,4.356,4.35,4.35,29271.635816,127477.97397868
1788185280000,2026-08-31T14:08:00Z,4.35,4.364,4.35,4.355,146319.608807,637485.27165034
1788185340000,2026-08-31T14:09:00Z,4.364,4.365,4.35,4.355,42683.603312,186100.51044032
1788185400000,2026-08-31T14:10:00Z,4.355,4.37,4.355,4.355,30436.065086,132549.06344953
1788185460000,2026-08-31T14:11:00Z,4.355,4.37,4.355,4.365,45170.824032,196994.4806859552
1788185520000,2026-08-31T14:12:00Z,4.365,4.375,4.36,4.375,43776.365949,191390.271929028
1788185580000,2026-08-31T14:13:00Z,4.375,4.375,4.355,4.367,41877.448402,183167.7715655078
1788185640000,2026-08-31T14:14:00Z,4.366,4.366,4.35,4.355,67377.301473,293933.4776759625
1788185700000,2026-08-31T14:15:00Z,4.355,4.355,4.355,4.355,11762.712907,51226.614709985
1788185760000,2026-08-31T14:16:00Z,4.355,4.355,4.345,4.355,29560.81889,128737.36626595
1788185820000,2026-08-31T14:17:00Z,4.355,4.36,4.35,4.357,72440.76547,315566.462540414
1788185880000,2026-08-31T14:18:00Z,4.358,4.365,4.358,4.365,23270.030581,101562.0484707745
1788185940000,2026-08-31T14:19:00Z,4.365,4.365,4.365,4.365,66227.429389,289082.729282985
1788186000000,2026-08-31T14:20:00Z,4.365,4.365,4.365,4.365,40901.564025,178535.326969125
1788186060000,2026-08-31T14:21:00Z,4.365,4.365,4.365,4.365,14620.72695,63819.47313675
1788186120000,2026-08-31T14:22:00Z,4.365,4.37,4.365,4.365,13534.178013,59076.687026745
1788186180000,2026-08-31T14:23:00Z,4.365,4.375,4.36,4.375,184829.367113,808055.5100813247
1788186240000,2026-08-31T14:24:00Z,4.375,4.375,4.37,4.375,29053.819327,127110.459555625
1788186300000,2026-08-31T14:25:00Z,4.375,4.375,4.375,4.375,13152.080932,57540.3540775
1788186360000,2026-08-31T14:26:00Z,4.37,4.375,4.37,4.37,37388.408929,163574.28906438
1788186420000,2026-08-31T14:27:00Z,4.37,4.375,4.365,4.37,80006.514,350028.49875
1788186480000,2026-08-31T14:28:00Z,4.37,4.375,4.37,4.37,33752.66,147667.8875
1788186540000,2026-08-31T14:29:00Z,4.375,4.375,4.375,4.375,21343.008702,93375.66307125
1788186600000,2026-08-31T14:30:00Z,4.365,4.375,4.36,4.36,176824.160333,773605.70145688
1788186660000,2026-08-31T14:31:00Z,4.36,4.375,4.36,4.36,11323.081578,49538.48190375
1788186720000,2026-08-31T14:32:00Z,4.375,4.375,4.375,4.375,15309.843152,66980.56379
1788186780000,2026-08-31T14:33:00Z,4.36,4.38,4.36,4.365,140903.892352,616172.7212553
1788186840000,2026-08-31T14:34:00Z,4.375,4.375,4.375,4.375,32584.825922,142558.61340875
1788186900000,2026-08-31T14:35:00Z,4.37,4.39,4.37,4.39,99003.836636,433161.58604983
1788186960000,2026-08-31T14:36:00Z,4.378,4.385,4.378,4.385,17395.394366,76263.1484399806
1788187020000,2026-08-31T14:37:00Z,4.4,4.4,4.385,4.4,103479.9484,453759.573734
1788187080000,2026-08-31T14:38:00Z,4.4,4.4,4.385,4.4,23176.528569,101629.07777507
1788187140000,2026-08-31T14:39:00Z,4.4,4.4,4.385,4.4,18777.788755,82340.60369068
1788187200000,2026-08-31T14:40:00Z,4.4,4.4,4.385,4.4,50988.474473,223584.46056411
1788187260000,2026-08-31T14:41:00Z,4.4,4.405,4.376,4.38,867758.298293,3803384.62141822
1788187320000,2026-08-31T14:42:00Z,4.36,4.38,4.36,4.38,160358.918796,700976.94173295
1788187380000,2026-08-31T14:43:00Z,4.36,4.375,4.36,4.37,102190.159455,447081.94761563
1788187440000,2026-08-31T14:44:00Z,4.375,4.375,4.375,4.375,19699.296762,86184.42333375
1788187500000,2026-08-31T14:45:00Z,4.36,4.375,4.36,4.36,50365.49831,220349.05510625
1788187560000,2026-08-31T14:46:00Z,4.365,4.375,4.365,4.365,21115.239889,92379.17451438
1788187620000,2026-08-31T14:47:00Z,4.365,4.375,4.365,4.365,18086.448942,79128.21412125
1788187680000,2026-08-31T14:48:00Z,4.375,4.375,4.375,4.375,72172.760882,315755.82885875
1788187740000,2026-08-31T14:49:00Z,4.36,4.375,4.36,4.37,101445.611501,443581.08084927
1788187800000,2026-08-31T14:50:00Z,4.365,4.365,4.365,4.365,12888.22895,56257.11936675
1788187860000,2026-08-31T14:51:00Z,4.365,4.365,4.365,4.365,28070.438571,122527.464362415
1788187920000,2026-08-31T14:52:00Z,4.36,4.365,4.355,4.36,148946.931687,649766.09479137
1788187980000,2026-08-31T14:53:00Z,4.355,4.355,4.355,4.355,12541.958015,54620.227155325
1788188040000,2026-08-31T14:54:00Z,4.355,4.355,4.355,4.355,14471.235066,63022.22871243
1788188100000,2026-08-31T14:55:00Z,4.345,4.355,4.345,4.345,15344.419076,66824.94507598
1788188160000,2026-08-31T14:56:00Z,4.345,4.355,4.345,4.345,33122.586549,144248.8644209
1788188220000,2026-08-31T14:57:00Z,4.35,4.355,4.35,4.35,14151.509892,61629.82557966
1788188280000,2026-08-31T14:58:00Z,4.35,4.355,4.35,4.35,67341.1445,293270.6842975
1788188340000,2026-08-31T14:59:00Z,4.35,4.355,4.345,4.345,15470.864342,67375.61420941
1788188400000,2026-08-31T15:00:00Z,4.35,4.355,4.35,4.35,15894.448883,69220.32488547
1788188460000,2026-08-31T15:01:00Z,4.35,4.355,4.345,4.345,31843.765371,138679.59819071
1788188520000,2026-08-31T15:02:00Z,4.355,4.355,4.355,4.355,28431.951346,123821.14811183
1788188580000,2026-08-31T15:03:00Z,4.345,4.355,4.345,4.345,27186.665495,118397.92823073
1788188640000,2026-08-31T15:04:00Z,4.35,4.355,4.35,4.35,16402,71430.71
1788188700000,2026-08-31T15:05:00Z,4.35,4.355,4.35,4.35,33540.000654,146066.70284817
1788188760000,2026-08-31T15:06:00Z,4.35,4.375,4.35,4.375,143948.439127,627010.61114939
1788188820000,2026-08-31T15:07:00Z,4.363,4.365,4.363,4.365,41966.230758,183153.2208971394
1788188880000,2026-08-31T15:08:00Z,4.37,4.37,4.365,4.37,25257.545823,110249.1875174
1788188940000,2026-08-31T15:09:00Z,4.37,4.37,4.365,4.37,70603.117744,308182.60895256
1788189000000,2026-08-31T15:10:00Z,4.37,4.37,4.365,4.37,4754.666705,20754.12016733
1788189060000,2026-08-31T15:11:00Z,4.37,4.37,4.345,4.345,55792.748191,243513.02875444
1788189120000,2026-08-31T15:12:00Z,4.345,4.355,4.345,4.345,4757.900779,20720.65789255
1788189180000,2026-08-31T15:13:00Z,4.355,4.355,4.355,4.355,20413.444341,88900.550105055
1788189240000,2026-08-31T15:14:00Z,4.355,4.355,4.355,4.355,14965.73697,65175.78450435
1788189300000,2026-08-31T15:15:00Z,4.355,4.355,4.355,4.355,39023,169945.165
1788189360000,2026-08-31T15:16:00Z,4.34,4.355,4.34,4.34,31658.282379,137871.81976055
1788189420000,2026-08-31T15:17:00Z,4.34,4.355,4.34,4.34,188143.959416,818858.95456626
1788189480000,2026-08-31T15:18:00Z,4.34,4.345,4.34,4.34,18924,82224.78
1788189540000,2026-08-31T15:19:00Z,4.34,4.345,4.34,4.34,36817.171078,159970.60833391
1788189600000,2026-08-31T15:20:00Z,4.34,4.345,4.34,4.34,38829.251429,168713.09745901
1788189660000,2026-08-31T15:21:00Z,4.34,4.345,4.34,4.34,11962.411713,51976.67889299
1788189720000,2026-08-31T15:22:00Z,4.34,4.345,4.34,4.345,28767.682508,124995.58049726
1788189780000,2026-08-31T15:23:00Z,4.34,4.345,4.34,4.34,24418.69474,106099.2286453
1788189840000,2026-08-31T15:24:00Z,4.34,4.345,4.34,4.345,35426.534677,153928.29317157
1788189900000,2026-08-31T15:25:00Z,4.345,4.345,4.34,4.34,65938.894977,286504.49867507
1788189960000,2026-08-31T15:26:00Z,4.345,4.345,4.34,4.345,18129.22629,78771.48823005
1788190020000,2026-08-31T15:27:00Z,4.345,4.345,4.34,4.345,30933.804009,134407.378419105
1788190080000,2026-08-31T15:28:00Z,4.345,4.345,4.345,4.345,14827.90331,64427.23988195
1788190140000,2026-08-31T15:29:00Z,4.345,4.345,4.34,4.345,117679.056854,511315.50203063
1788190200000,2026-08-31T15:30:00Z,4.345,4.345,4.345,4.345,9841.006896,42759.17496312
1788190260000,2026-08-31T15:31:00Z,4.345,4.345,4.325,4.335,202991.243109,881408.2767035889
1788190320000,2026-08-31T15:32:00Z,4.335,4.335,4.335,4.335,13188,57169.98
1788190380000,2026-08-31T15:33:00Z,4.335,4.335,4.325,4.335,18765.000431,81346.276868385
1788190440000,2026-08-31T15:34:00Z,4.335,4.335,4.325,4.335,19175.076777,83123.957828295
1788190500000,2026-08-31T15:35:00Z,4.325,4.335,4.325,4.325,26652.08286,115536.7791981
1788190560000,2026-08-31T15:36:00Z,4.325,4.335,4.325,4.325,22931.877756,99409.69007226
1788190620000,2026-08-31T15:37:00Z,4.33,4.335,4.325,4.33,67416.899627,292252.25988305
1788190680000,2026-08-31T15:38:00Z,4.33,4.35,4.325,4.335,99431.025903,431441.16449571
1788190740000,2026-08-31T15:39:00Z,4.34,4.345,4.335,4.335,13980.806608,60746.60471176
1788190800000,2026-08-31T15:40:00Z,4.34,4.345,4.335,4.34,39822.005213,173026.61265049
1788190860000,2026-08-31T15:41:00Z,4.345,4.345,4.345,4.345,19400.295516,84294.28401702
1788190920000,2026-08-31T15:42:00Z,4.335,4.345,4.335,4.335,29345.372026,127505.64145297
1788190980000,2026-08-31T15:43:00Z,4.335,4.345,4.335,4.335,19139.968509,83163.16317161
1788191040000,2026-08-31T15:44:00Z,4.335,4.345,4.335,4.335,23254.9784,101042.881148
1788191100000,2026-08-31T15:45:00Z,4.345,4.345,4.345,4.345,56282.366727,244546.883428815
1788191160000,2026-08-31T15:46:00Z,4.335,4.345,4.335,4.335,19933.43023,86610.75434935
1788191220000,2026-08-31T15:47:00Z,4.345,4.345,4.345,4.345,10513.039192,45679.15528924
1788191280000,2026-08-31T15:48:00Z,4.345,4.345,4.345,4.345,7402.916306,32165.67134957
1788191340000,2026-08-31T15:49:00Z,4.335,4.345,4.335,4.335,26862.906083,116719.32693064
1788191400000,2026-08-31T15:50:00Z,4.335,4.345,4.335,4.335,12081.123789,52492.48286321
1788191460000,2026-08-31T15:51:00Z,4.335,4.345,4.335,4.335,25771,111974.995
1788191520000,2026-08-31T15:52:00Z,4.335,4.345,4.335,4.335,62380.19124,271041.9309378
1788191580000,2026-08-31T15:53:00Z,4.335,4.345,4.33,4.33,93724.001288,407230.78559636
1788191640000,2026-08-31T15:54:00Z,4.33,4.345,4.33,4.335,65518.09411,284676.11890795
1788191700000,2026-08-31T15:55:00Z,4.335,4.345,4.335,4.335,7380.262925,32067.24240913
1788191760000,2026-08-31T15:56:00Z,4.345,4.345,4.345,4.345,14434.149939,62716.381484955
1788191820000,2026-08-31T15:57:00Z,4.33,4.345,4.33,4.335,23147.184691,100574.5174824
1788191880000,2026-08-31T15:58:00Z,4.33,4.345,4.33,4.33,26677.878262,115915.38104839
1788191940000,2026-08-31T15:59:00Z,4.33,4.345,4.33,4.33,19452.34915,84520.45705675
1788192000000,2026-08-31T16:00:00Z,4.33,4.345,4.325,4.325,136445.455167,592582.61179028
1788192060000,2026-08-31T16:01:00Z,4.325,4.337,4.325,4.325,11601.82889,50296.24860393
1788192120000,2026-08-31T16:02:00Z,4.325,4.335,4.325,4.325,7952.839287,34475.55830915
1788192180000,2026-08-31T16:03:00Z,4.335,4.335,4.335,4.335,25355.194477,109914.768057795
1788192240000,2026-08-31T16:04:00Z,4.32,4.335,4.32,4.32,19263.169228,83505.83860338
1788192300000,2026-08-31T16:05:00Z,4.32,4.335,4.32,4.32,36716.29762,159165.1501827
1788192360000,2026-08-31T16:06:00Z,4.32,4.335,4.32,4.32,17334.694768,75145.90181928
1788192420000,2026-08-31T16:07:00Z,4.335,4.335,4.335,4.335,16241.18128,70405.5208488
1788192480000,2026-08-31T16:08:00Z,4.325,4.335,4.325,4.325,50791.15318,220179.6490353
1788192540000,2026-08-31T16:09:00Z,4.325,4.335,4.325,4.325,28869.890787,125150.97656165
1788192600000,2026-08-31T16:10:00Z,4.325,4.335,4.325,4.325,86405.183613,374566.47096236
1788192660000,2026-08-31T16:11:00Z,4.325,4.34,4.325,4.34,578015.749085,2505698.27228348
1788192720000,2026-08-31T16:12:00Z,4.335,4.335,4.335,4.335,4634.75737,20091.67319895
1788192780000,2026-08-31T16:13:00Z,4.335,4.335,4.335,4.335,19145,82993.575
1788192840000,2026-08-31T16:14:00Z,4.335,4.34,4.335,4.335,14006.099343,60716.440651905
1788192900000,2026-08-31T16:15:00Z,4.34,4.34,4.335,4.34,17819.28164,77246.5859094
1788192960000,2026-08-31T16:16:00Z,4.335,4.335,4.335,4.335,11553.851836,50085.94770906
1788193020000,2026-08-31T16:17:00Z,4.335,4.335,4.335,4.335,19883.697045,86195.826690075
1788193080000,2026-08-31T16:18:00Z,4.335,4.335,4.335,4.335,14449.697593,62639.439065655
1788193140000,2026-08-31T16:19:00Z,4.335,4.335,4.335,4.335,8682.974815,37640.695823025
1788193200000,2026-08-31T16:20:00Z,4.335,4.335,4.335,4.335,13134,56935.89
1788193260000,2026-08-31T16:21:00Z,4.335,4.335,4.335,4.335,11241.374855,48731.359996425
1788193320000,2026-08-31T16:22:00Z,4.335,4.335,4.335,4.335,25793.244239,111813.713776065
1788193380000,2026-08-31T16:23:00Z,4.335,4.335,4.335,4.335,41105.929169,178194.202947615
1788193440000,2026-08-31T16:24:00Z,4.335,4.335,4.335,4.335,13224.117068,57326.54748978
1788193500000,2026-08-31T16:25:00Z,4.335,4.335,4.335,4.335,28398.086329,123105.704236215
1788193560000,2026-08-31T16:26:00Z,4.335,4.335,4.335,4.335,16517,71601.195
1788193620000,2026-08-31T16:27:00Z,4.335,4.335,4.335,4.335,23526.895346,101989.09132491
1788193680000,2026-08-31T16:28:00Z,4.335,4.335,4.335,4.335,15594.184331,67600.789074885
1788193740000,2026-08-31T16:29:00Z,4.335,4.335,4.335,4.335,9902.719624,42928.28957004
1788193800000,2026-08-31T16:30:00Z,4.335,4.335,4.335,4.335,23560.573532,102135.08626122
1788193860000,2026-08-31T16:31:00Z,4.335,4.335,4.335,4.335,18593.021825,80600.749611375
1788193920000,2026-08-31T16:32:00Z,4.335,4.335,4.335,4.335,11403.364211,49433.583854685
1788193980000,2026-08-31T16:33:00Z,4.335,4.335,4.335,4.335,11047.30536,47890.0687356
1788194040000,2026-08-31T16:34:00Z,4.335,4.335,4.335,4.335,9062.855898,39287.48031783
1788194100000,2026-08-31T16:35:00Z,4.335,4.335,4.335,4.335,40570.13824,175871.5492704
1788194160000,2026-08-31T16:36:00Z,4.335,4.335,4.335,4.335,20484.07365,88798.45927275
1788194220000,2026-08-31T16:37:00Z,4.335,4.335,4.315,4.325,479591.770179,2077879.3034775354
1788194280000,2026-08-31T16:38:00Z,4.325,4.325,4.325,4.325,30575.175545,132237.634232125
1788194340000,2026-08-31T16:39:00Z,4.325,4.325,4.325,4.325,42962.160713,185811.345083725
1788194400000,2026-08-31T16:40:00Z,4.325,4.325,4.325,4.325,8099.894454,35032.04351355
1788194460000,2026-08-31T16:41:00Z,4.325,4.325,4.315,4.325,81568.899127,352785.488724275
1788194520000,2026-08-31T16:42:00Z,4.325,4.325,4.325,4.325,21557.969262,93238.21705815
1788194580000,2026-08-31T16:43:00Z,4.325,4.325,4.315,4.325,19097.93161,82598.55421325
1788194640000,2026-08-31T16:44:00Z,4.325,4.325,4.315,4.325,103528.531883,447760.900393975
1788194700000,2026-08-31T16:45:00Z,4.325,4.325,4.315,4.325,46410.610683,200725.891203975
1788194760000,2026-08-31T16:46:00Z,4.325,4.325,4.315,4.325,124074.246946,536621.11804145
1788194820000,2026-08-31T16:47:00Z,4.325,4.325,4.315,4.315,14841.342538,64188.80647685
1788194880000,2026-08-31T16:48:00Z,4.325,4.325,4.315,4.325,22196.40241,95999.44042325
1788194940000,2026-08-31T16:49:00Z,4.325,4.325,4.315,4.325,14445.3847,62476.2888275
1788195000000,2026-08-31T16:50:00Z,4.325,4.325,4.315,4.325,10271.391818,44423.76961285
1788195060000,2026-08-31T16:51:00Z,4.325,4.325,4.32,4.325,24634.476119,106544.109214675
1788195120000,2026-08-31T16:52:00Z,4.325,4.325,4.315,4.325,11391.829957,49269.664564025
1788195180000,2026-08-31T16:53:00Z,4.32,4.325,4.32,4.32,28282.792854,122323.07909355
1788195240000,2026-08-31T16:54:00Z,4.32,4.325,4.315,4.32,26515.035514,114677.52859805
1788195300000,2026-08-31T16:55:00Z,4.315,4.325,4.315,4.32,15277.312138,66074.37499685
1788195360000,2026-08-31T16:56:00Z,4.32,4.325,4.315,4.315,24201.908404,104673.2538473
1788195420000,2026-08-31T16:57:00Z,4.32,4.35,4.315,4.35,294784.581552,1275739.23358259
1788195480000,2026-08-31T16:58:00Z,4.345,4.345,4.335,4.345,23858.290547,103425.68952125
1788195540000,2026-08-31T16:59:00Z,4.335,4.335,4.335,4.335,14836.836419,64317.685876365
1788195600000,2026-08-31T17:00:00Z,4.345,4.345,4.335,4.345,13100,56788.5
1788195660000,2026-08-31T17:01:00Z,4.345,4.345,4.32,4.32,172946.161314,749289.24389291
1788195720000,2026-08-31T17:02:00Z,4.325,4.325,4.325,4.325,30588.217089,132294.038909925
1788195780000,2026-08-31T17:03:00Z,4.32,4.335,4.32,4.32,137540.340694,595150.80821701
1788195840000,2026-08-31T17:04:00Z,4.33,4.335,4.31,4.31,8461.87251,36682.21733085
1788195900000,2026-08-31T17:05:00Z,4.31,4.333,4.31,4.315,768536.826885,3328225.58250818
1788195960000,2026-08-31T17:06:00Z,4.315,4.315,4.315,4.315,88338.878035,381182.258721025
1788196020000,2026-08-31T17:07:00Z,4.315,4.315,4.315,4.315,20632.31632,89028.4449208
1788196080000,2026-08-31T17:08:00Z,4.315,4.315,4.315,4.315,7441.380699,32109.557716185
1788196140000,2026-08-31T17:09:00Z,4.315,4.315,4.315,4.315,9220.52739,39786.57568785
1788196200000,2026-08-31T17:10:00Z,4.315,4.32,4.315,4.32,10341.716813,44624.5080481
1788196260000,2026-08-31T17:11:00Z,4.315,4.315,4.315,4.315,19143.409722,82603.81295043
1788196320000,2026-08-31T17:12:00Z,4.32,4.32,4.315,4.32,20641.236701,89066.93636482
1788196380000,2026-08-31T17:13:00Z,4.32,4.32,4.315,4.32,105443.739529,454989.73606764
1788196440000,2026-08-31T17:14:00Z,4.32,4.32,4.315,4.32,10903.612472,47049.08781668
1788196500000,2026-08-31T17:15:00Z,4.315,4.32,4.315,4.315,40089.7952,172987.466288
1788196560000,2026-08-31T17:16:00Z,4.32,4.325,4.31,4.31,141288.578314,609942.79258154
1788196620000,2026-08-31T17:17:00Z,4.325,4.325,4.325,4.325,10389.318556,44933.8027547
1788196680000,2026-08-31T17:18:00Z,4.31,4.325,4.31,4.32,214705.42159,927892.4204855
1788196740000,2026-08-31T17:19:00Z,4.315,4.315,4.315,4.315,20574.887947,88780.641491305
1788196800000,2026-08-31T17:20:00Z,4.315,4.315,4.315,4.315,20102.350211,86741.641160465
1788196860000,2026-08-31T17:21:00Z,4.315,4.315,4.315,4.315,10871.009952,46908.40794288
1788196920000,2026-08-31T17:22:00Z,4.315,4.315,4.315,4.315,7848.234971,33865.133899865
1788196980000,2026-08-31T17:23:00Z,4.315,4.315,4.315,4.315,17204.32094,74236.6448561
1788197040000,2026-08-31T17:24:00Z,4.315,4.315,4.315,4.315,22883.954212,98744.26242478
1788197100000,2026-08-31T17:25:00Z,4.315,4.315,4.315,4.315,15383.53758,66379.9646577
1788197160000,2026-08-31T17:26:00Z,4.315,4.315,4.315,4.315,52278.367647,225581.156396805
1788197220000,2026-08-31T17:27:00Z,4.31,4.315,4.3,4.3,432169.06269,1863901.9504757
1788197280000,2026-08-31T17:28:00Z,4.3,4.32,4.3,4.32,233211.423355,1004021.81982795
1788197340000,2026-08-31T17:29:00Z,4.32,4.32,4.305,4.31,70544.415128,304138.13694135
1788197400000,2026-08-31T17:30:00Z,4.31,4.31,4.305,4.31,85121.956389,366450.02225465
1788197460000,2026-08-31T17:31:00Z,4.31,4.325,4.305,4.325,159055.17954,685066.56379673
1788197520000,2026-08-31T17:32:00Z,4.325,4.325,4.314,4.325,13474.168433,58139.68937155
1788197580000,2026-08-31T17:33:00Z,4.315,4.315,4.315,4.315,13654.262287,58918.141768405
1788197640000,2026-08-31T17:34:00Z,4.315,4.315,4.315,4.315,19086.823696,82359.64424824
1788197700000,2026-08-31T17:35:00Z,4.315,4.315,4.315,4.315,38829.502185,167549.301928275
1788197760000,2026-08-31T17:36:00Z,4.315,4.315,4.315,4.315,23146.56923,99877.44622745
1788197820000,2026-08-31T17:37:00Z,4.315,4.315,4.315,4.315,10158.2513,43832.8543595
1788197880000,2026-08-31T17:38:00Z,4.33,4.33,4.315,4.33,16729.061217,72185.89915136
1788197940000,2026-08-31T17:39:00Z,4.33,4.33,4.315,4.33,12038.636742,51946.71754173
1788198000000,2026-08-31T17:40:00Z,4.33,4.33,4.315,4.33,6972.035388,30084.33269922
1788198060000,2026-08-31T17:41:00Z,4.33,4.33,4.315,4.325,160294.879065,691672.40316548
1788198120000,2026-08-31T17:42:00Z,4.325,4.33,4.315,4.33,77880.307843,336053.52834255
1788198180000,2026-08-31T17:43:00Z,4.33,4.33,4.315,4.33,30682.050401,132393.04748032
1788198240000,2026-08-31T17:44:00Z,4.325,4.325,4.315,4.325,11725.053747,50593.60691831
1788198300000,2026-08-31T17:45:00Z,4.325,4.33,4.315,4.33,20342.473316,87777.77235854
1788198360000,2026-08-31T17:46:00Z,4.33,4.33,4.315,4.33,167576.537013,723092.7572111
1788198420000,2026-08-31T17:47:00Z,4.33,4.33,4.315,4.33,60578.569357,261396.52677546
1788198480000,2026-08-31T17:48:00Z,4.315,4.315,4.315,4.315,19963.209046,86141.24703349
1788198540000,2026-08-31T17:49:00Z,4.33,4.33,4.315,4.33,58819.679451,253806.91683107
1788198600000,2026-08-31T17:50:00Z,4.33,4.33,4.315,4.33,17144.444424,73978.27768956
1788198660000,2026-08-31T17:51:00Z,4.33,4.33,4.315,4.33,30147.40829,130086.06677135
1788198720000,2026-08-31T17:52:00Z,4.325,4.33,4.315,4.33,37604.425951,162263.09797857
1788198780000,2026-08-31T17:53:00Z,4.315,4.33,4.315,4.315,15813.08162,68233.4471903
1788198840000,2026-08-31T17:54:00Z,4.315,4.325,4.315,4.315,50378.782614,217384.44697941
1788198900000,2026-08-31T17:55:00Z,4.315,4.33,4.315,4.315,23494.384889,101378.270796035
1788198960000,2026-08-31T17:56:00Z,4.315,4.33,4.315,4.315,20372.0416,87905.359504
1788199020000,2026-08-31T17:57:00Z,4.315,4.33,4.315,4.315,24477.556026,105620.65425219
1788199080000,2026-08-31T17:58:00Z,4.315,4.33,4.315,4.315,26089.852357,112577.712920455
1788199140000,2026-08-31T17:59:00Z,4.315,4.33,4.315,4.315,15890.286353,68566.585613195
1788199200000,2026-08-31T18:00:00Z,4.315,4.325,4.315,4.315,24259.009823,104677.627386245
1788199260000,2026-08-31T18:01:00Z,4.33,4.33,4.315,4.325,19158.78968,82670.1774692
1788199320000,2026-08-31T18:02:00Z,4.325,4.325,4.315,4.325,16350.267814,70551.40561741
1788199380000,2026-08-31T18:03:00Z,4.33,4.33,4.315,4.325,34406.161722,148462.58783043
1788199440000,2026-08-31T18:04:00Z,4.33,4.33,4.315,4.325,13259.810599,57216.082734685
1788199500000,2026-08-31T18:05:00Z,4.325,4.33,4.315,4.325,34997.1939,151012.8916785
1788199560000,2026-08-31T18:06:00Z,4.315,4.315,4.315,4.315,19861.6743,85703.1246045
1788199620000,2026-08-31T18:07:00Z,4.325,4.325,4.315,4.325,24146.234764,104191.00300666
1788199680000,2026-08-31T18:08:00Z,4.325,4.325,4.315,4.325,33051.881095,142618.86692493
1788199740000,2026-08-31T18:09:00Z,4.315,4.315,4.315,4.315,13964.096613,60255.076885095
1788199800000,2026-08-31T18:10:00Z,4.315,4.315,4.315,4.315,37555.211925,162050.739456375
1788199860000,2026-08-31T18:11:00Z,4.315,4.315,4.315,4.315,23907.236544,103159.72568736
1788199920000,2026-08-31T18:12:00Z,4.325,4.33,4.315,4.33,22842.12924,98563.7876706
1788199980000,2026-08-31T18:13:00Z,4.325,4.325,4.315,4.325,87195.633791,376249.15980817
1788200040000,2026-08-31T18:14:00Z,4.33,4.33,4.315,4.315,244074.989986,1053671.73176956
1788200100000,2026-08-31T18:15:00Z,4.31,4.33,4.31,4.325,289658.458023,1252135.58234182
1788200160000,2026-08-31T18:16:00Z,4.315,4.315,4.315,4.315,54487.532907,235113.704493705
1788200220000,2026-08-31T18:17:00Z,4.315,4.315,4.315,4.315,118215.5031,510099.8958765
1788200280000,2026-08-31T18:18:00Z,4.325,4.325,4.315,4.325,16642.633276,71812.96258594
1788200340000,2026-08-31T18:19:00Z,4.315,4.315,4.315,4.315,21535.15802,92924.2068563
1788200400000,2026-08-31T18:20:00Z,4.315,4.315,4.315,4.315,15992.175661,69006.237977215
1788200460000,2026-08-31T18:21:00Z,4.315,4.315,4.315,4.315,16983.960767,73285.790709605
1788200520000,2026-08-31T18:22:00Z,4.315,4.315,4.315,4.315,13314.22538,57450.8825147
1788200580000,2026-08-31T18:23:00Z,4.325,4.325,4.315,4.325,40472.38988,174638.3623322
1788200640000,2026-08-31T18:24:00Z,4.315,4.315,4.315,4.315,15296.976082,66006.45179383
1788200700000,2026-08-31T18:25:00Z,4.315,4.315,4.315,4.315,29570.15837,127595.23336655
1788200760000,2026-08-31T18:26:00Z,4.32,4.32,4.305,4.305,416598.308,1796121.9451112
1788200820000,2026-08-31T18:27:00Z,4.31,4.31,4.305,4.305,28561.21444,122956.0281642
1788200880000,2026-08-31T18:28:00Z,4.31,4.31,4.305,4.31,22630.03561,97422.30330105
1788200940000,2026-08-31T18:29:00Z,4.305,4.305,4.305,4.305,39473.939581,169935.309896205
1788201000000,2026-08-31T18:30:00Z,4.31,4.31,4.305,4.305,59498.05782,256139.1389151
1788201060000,2026-08-31T18:31:00Z,4.305,4.305,4.305,4.305,29650.551326,127645.62345843
1788201120000,2026-08-31T18:32:00Z,4.305,4.305,4.305,4.305,10179.25,43821.67125
1788201180000,2026-08-31T18:33:00Z,4.305,4.305,4.305,4.305,19636.803116,84536.43741438
1788201240000,2026-08-31T18:34:00Z,4.305,4.31,4.305,4.31,67053.275761,288664.35215111
1788201300000,2026-08-31T18:35:00Z,4.31,4.31,4.305,4.305,23075.063798,99338.14965039
1788201360000,2026-08-31T18:36:00Z,4.305,4.305,4.305,4.305,42388.992459,182484.612535995
1788201420000,2026-08-31T18:37:00Z,4.305,4.305,4.305,4.305,20319.999414,87477.59747727
1788201480000,2026-08-31T18:38:00Z,4.305,4.305,4.305,4.305,82307.533687,354333.932522535
1788201540000,2026-08-31T18:39:00Z,4.305,4.305,4.305,4.305,54048.265174,232677.78157407
1788201600000,2026-08-31T18:40:00Z,4.305,4.31,4.305,4.31,35343.210547,152152.521404835
1788201660000,2026-08-31T18:41:00Z,4.31,4.325,4.305,4.32,485459.268561,2092280.90157105
1788201720000,2026-08-31T18:42:00Z,4.315,4.315,4.315,4.315,48065.029469,207400.602158735
1788201780000,2026-08-31T18:43:00Z,4.315,4.315,4.315,4.315,32738.635843,141267.213662545
1788201840000,2026-08-31T18:44:00Z,4.315,4.315,4.315,4.315,22690.083333,97907.709581895
1788201900000,2026-08-31T18:45:00Z,4.315,4.315,4.3,4.3,401825.148827,1733714.78712897
1788201960000,2026-08-31T18:46:00Z,4.3,4.32,4.3,4.3,213276.834261,918817.92967981
1788202020000,2026-08-31T18:47:00Z,4.325,4.325,4.315,4.325,25045.099,108069.602185
1788202080000,2026-08-31T18:48:00Z,4.315,4.315,4.315,4.315,22959.000779,99068.088361385
1788202140000,2026-08-31T18:49:00Z,4.325,4.325,4.315,4.325,54511.183258,235215.75575827
1788202200000,2026-08-31T18:50:00Z,4.315,4.315,4.315,4.315,27354.390906,118034.19675939
1788202260000,2026-08-31T18:51:00Z,4.32,4.32,4.315,4.32,53521.448619,230945.05079099
1788202320000,2026-08-31T18:52:00Z,4.32,4.325,4.315,4.325,21374.49771,92230.95761865
1788202380000,2026-08-31T18:53:00Z,4.32,4.32,4.315,4.32,33451.312742,144342.41448173
1788202440000,2026-08-31T18:54:00Z,4.32,4.32,4.315,4.32,29787.78105,128534.27523075
1788202500000,2026-08-31T18:55:00Z,4.32,4.32,4.315,4.32,38056,164211.64
1788202560000,2026-08-31T18:56:00Z,4.315,4.315,4.315,4.315,25005.643677,107899.352466255
1788202620000,2026-08-31T18:57:00Z,4.315,4.315,4.315,4.315,41840.831731,180543.188919265
1788202680000,2026-08-31T18:58:00Z,4.32,4.32,4.315,4.32,60493.122782,261027.82480433
1788202740000,2026-08-31T18:59:00Z,4.32,4.32,4.315,4.32,29302.652502,126440.94554613
1788202800000,2026-08-31T19:00:00Z,4.315,4.315,4.315,4.315,32365.523147,139657.23237931
1788202860000,2026-08-31T19:01:00Z,4.315,4.32,4.315,4.315,34305.060371,148026.335500865
1788202920000,2026-08-31T19:02:00Z,4.315,4.315,4.315,4.315,44128.88888,190416.1555172
1788202980000,2026-08-31T19:03:00Z,4.315,4.315,4.315,4.315,27985.333395,120756.713599425
1788203040000,2026-08-31T19:04:00Z,4.315,4.315,4.315,4.315,37095.823395,160068.477949425
1788203100000,2026-08-31T19:05:00Z,4.325,4.325,4.315,4.315,17235.234654,74370.03753201
1788203160000,2026-08-31T19:06:00Z,4.315,4.315,4.315,4.315,20822.432193,89848.794912795
1788203220000,2026-08-31T19:07:00Z,4.315,4.315,4.315,4.315,31599.135403,136350.269263945
1788203280000,2026-08-31T19:08:00Z,4.315,4.315,4.315,4.315,15664.865704,67593.89551276
1788203340000,2026-08-31T19:09:00Z,4.315,4.315,4.315,4.315,17315.10031,74714.65783765
1788203400000,2026-08-31T19:10:00Z,4.315,4.315,4.315,4.315,30800.932673,132906.024483995
1788203460000,2026-08-31T19:11:00Z,4.315,4.315,4.315,4.315,19647.208066,84777.70280479
1788203520000,2026-08-31T19:12:00Z,4.315,4.325,4.315,4.315,22917.715699,98889.943241185
1788203580000,2026-08-31T19:13:00Z,4.315,4.325,4.285,4.285,1352911.487104,5834024.9146898688
1788203640000,2026-08-31T19:14:00Z,4.309,4.309,4.26,4.276,824621.572261,3538203.7801002727
1788203700000,2026-08-31T19:15:00Z,4.276,4.29,4.26,4.29,338202.320239,1443920.9860283866
1788203760000,2026-08-31T19:16:00Z,4.275,4.29,4.275,4.276,365616.712611,1564473.913262469
1788203820000,2026-08-31T19:17:00Z,4.276,4.29,4.275,4.285,186879.842298,799116.8936504778
1788203880000,2026-08-31T19:18:00Z,4.285,4.285,4.275,4.285,80016.842791,342872.171359435
1788203940000,2026-08-31T19:19:00Z,4.285,4.285,4.27,4.275,272987.444189,1168795.7422952035
1788204000000,2026-08-31T19:20:00Z,4.29,4.29,4.275,4.29,79460.990208,339695.7331392
1788204060000,2026-08-31T19:21:00Z,4.29,4.295,4.275,4.295,156680.49997,669809.13737175
1788204120000,2026-08-31T19:22:00Z,4.3,4.3,4.283,4.3,19015.127792,81477.92107594
1788204180000,2026-08-31T19:23:00Z,4.285,4.285,4.285,4.285,101441.736541,434677.841078185
1788204240000,2026-08-31T19:24:00Z,4.29,4.29,4.275,4.275,245145.740479,1049787.60445322
1788204300000,2026-08-31T19:25:00Z,4.275,4.275,4.275,4.275,83554.823404,357196.8700521
1788204360000,2026-08-31T19:26:00Z,4.275,4.275,4.275,4.275,84676.657716,361992.7117359
1788204420000,2026-08-31T19:27:00Z,4.275,4.275,4.275,4.275,102269.788662,437203.34653005
1788204480000,2026-08-31T19:28:00Z,4.275,4.275,4.275,4.275,53401.019248,228289.3572852
1788204540000,2026-08-31T19:29:00Z,4.275,4.275,4.275,4.275,148412.158348,634461.9769377
1788204600000,2026-08-31T19:30:00Z,4.275,4.275,4.275,4.275,75685.43771,323555.24621025
1788204660000,2026-08-31T19:31:00Z,4.275,4.28,4.265,4.275,646403.063721,2761304.6076033678
1788204720000,2026-08-31T19:32:00Z,4.275,4.275,4.265,4.275,79876.394895,340672.82422718
1788204780000,2026-08-31T19:33:00Z,4.275,4.275,4.265,4.275,50022.176344,213344.58210716
1788204840000,2026-08-31T19:34:00Z,4.275,4.275,4.265,4.275,110878.83801,472898.24411265
1788204900000,2026-08-31T19:35:00Z,4.275,4.275,4.265,4.275,36893.587416,157351.15032924
1788204960000,2026-08-31T19:36:00Z,4.275,4.275,4.265,4.275,85869.978793,366235.45955215
1788205020000,2026-08-31T19:37:00Z,4.275,4.275,4.265,4.275,95978.692607,409349.12396886
1788205080000,2026-08-31T19:38:00Z,4.265,4.265,4.265,4.265,52089.38592,222161.2309488
1788205140000,2026-08-31T19:39:00Z,4.275,4.275,4.255,4.255,527446.948412,2248400.85169067
1788205200000,2026-08-31T19:40:00Z,4.255,4.255,4.255,4.255,155960.841679,663613.381344145
1788205260000,2026-08-31T19:41:00Z,4.26,4.265,4.255,4.255,366108.707787,1558488.15817848
1788205320000,2026-08-31T19:42:00Z,4.26,4.275,4.26,4.265,368284.441116,1572427.24978887
1788205380000,2026-08-31T19:43:00Z,4.26,4.275,4.26,4.26,170094.327887,727153.25171693
1788205440000,2026-08-31T19:44:00Z,4.275,4.275,4.275,4.275,84412.329452,360862.7084073
1788205500000,2026-08-31T19:45:00Z,4.26,4.275,4.25,4.255,429166.514712,1832841.43438054
1788205560000,2026-08-31T19:46:00Z,4.255,4.265,4.25,4.255,165214.73374,704640.8394011
1788205620000,2026-08-31T19:47:00Z,4.255,4.265,4.25,4.26,226419.724874,965680.12658761
1788205680000,2026-08-31T19:48:00Z,4.26,4.265,4.255,4.26,168286.843085,717743.38575753
1788205740000,2026-08-31T19:49:00Z,4.26,4.282,4.26,4.275,541119.459615,2310147.19698836
1788205800000,2026-08-31T19:50:00Z,4.28,4.305,4.28,4.305,277360.487268,1189266.29730773
1788205860000,2026-08-31T19:51:00Z,4.31,4.31,4.295,4.295,734323.513171,3154506.94787998
1788205920000,2026-08-31T19:52:00Z,4.29,4.295,4.29,4.295,200805.485631,862459.56078515
1788205980000,2026-08-31T19:53:00Z,4.295,4.295,4.295,4.295,197190.181131,846931.827957645
1788206040000,2026-08-31T19:54:00Z,4.295,4.295,4.295,4.295,236280.989193,1014826.848583935
1788206100000,2026-08-31T19:55:00Z,4.3,4.3,4.285,4.29,745804.60976,3201067.9655509
1788206160000,2026-08-31T19:56:00Z,4.275,4.283,4.25,4.25,426036.386994,1821007.32892845
1788206220000,2026-08-31T19:57:00Z,4.255,4.266,4.25,4.25,507822.751572,2165914.81772974
1788206280000,2026-08-31T19:58:00Z,4.25,4.27,4.25,4.27,923879.417001,3939883.77380076
1788206340000,2026-08-31T19:59:00Z,4.255,4.27,4.23,4.235,1754578.210937,7467660.32356897
1788206400000,2026-08-31T20:00:00Z,4.25,4.255,4.238,4.25,99223.119279,421410.50988984
1788206460000,2026-08-31T20:01:00Z,4.255,4.267,4.255,4.267,12542,53421.3948
1788206520000,2026-08-31T20:02:00Z,4.267,4.27,4.265,4.265,61951.772833,264397.7760966774
1788206580000,2026-08-31T20:03:00Z,4.265,4.268,4.265,4.265,14747.193177,62910.0513737643
1788206640000,2026-08-31T20:04:00Z,4.25,4.265,4.25,4.25,2560744.765029,10921576.42284869
1788206700000,2026-08-31T20:05:00Z,4.26,4.26,4.25,4.26,93279.299648,396856.78035242
1788206760000,2026-08-31T20:06:00Z,4.255,4.255,4.255,4.255,11021.738742,46897.49834721
1788206820000,2026-08-31T20:07:00Z,4.255,4.255,4.255,4.255,23526,100103.13
1788206880000,2026-08-31T20:08:00Z,4.27,4.27,4.255,4.27,5030.994421,21406.88126136
1788206940000,2026-08-31T20:09:00Z,4.27,4.27,4.255,4.27,9790.472181,41658.45913016
1788207000000,2026-08-31T20:10:00Z,4.27,4.27,4.255,4.27,21086.318011,89768.67303643
1788207060000,2026-08-31T20:11:00Z,4.265,4.265,4.265,4.265,1925.219491,8211.061129115
1788207120000,2026-08-31T20:12:00Z,4.265,4.265,4.265,4.265,4071.994428,17367.05623542
1788207180000,2026-08-31T20:13:00Z,4.265,4.265,4.265,4.265,987.069956,4209.85336234
1788207240000,2026-08-31T20:14:00Z,4.265,4.265,4.265,4.265,3540,15098.1
1788207300000,2026-08-31T20:15:00Z,4.27,4.27,4.265,4.27,15069.860743,64272.9560689
1788207360000,2026-08-31T20:16:00Z,4.27,4.27,4.265,4.27,8217.093788,35045.90500582
1788207420000,2026-08-31T20:17:00Z,4.265,4.265,4.265,4.265,19888,84822.32
1788207480000,2026-08-31T20:18:00Z,4.27,4.28,4.265,4.28,13417.960187,57227.60019756
1788207540000,2026-08-31T20:19:00Z,4.267,4.275,4.267,4.275,7771,33177.5074
1788207600000,2026-08-31T20:20:00Z,4.275,4.28,4.266,4.266,43068,184072.632
1788207660000,2026-08-31T20:21:00Z,4.266,4.266,4.265,4.265,2389.693144,10192.5191977888
1788207720000,2026-08-31T20:22:00Z,4.265,4.28,4.265,4.274,13805,58919.74
1788207780000,2026-08-31T20:23:00Z,4.274,4.275,4.274,4.275,4600,19663.62
1788207840000,2026-08-31T20:24:00Z,4.275,4.28,4.27,4.275,11048.375208,47231.8040142
1788207900000,2026-08-31T20:25:00Z,4.275,4.278,4.27,4.27,15074.346076,64442.8294749
1788207960000,2026-08-31T20:26:00Z,4.279,4.28,4.27,4.28,9864.205605,42218.7999894
1788208020000,2026-08-31T20:27:00Z,4.281,4.3,4.275,4.294,25741.44067,110327.81471162
1788208080000,2026-08-31T20:28:00Z,4.294,4.295,4.294,4.295,6816.448676,29276.64706342
1788208140000,2026-08-31T20:29:00Z,4.295,4.295,4.295,4.295,11754,50483.43
1788208200000,2026-08-31T20:30:00Z,4.295,4.295,4.295,4.295,3083.046657,13241.685391815
1788208260000,2026-08-31T20:31:00Z,4.295,4.295,4.295,4.295,691,2967.845
1788208320000,2026-08-31T20:32:00Z,4.28,4.3,4.27,4.27,40645.643139,174243.80757258
1788208380000,2026-08-31T20:33:00Z,4.28,4.285,4.28,4.285,2344,10033.492
1788208440000,2026-08-31T20:34:00Z,4.285,4.285,4.285,4.285,1153,4940.605
1788208500000,2026-08-31T20:35:00Z,4.27,4.29,4.27,4.29,8156,34948.46
1788208560000,2026-08-31T20:36:00Z,4.276,4.276,4.275,4.275,1969,8417.6719
1788208620000,2026-08-31T20:37:00Z,4.275,4.275,4.275,4.275,1339,5724.225
1788208680000,2026-08-31T20:38:00Z,4.275,4.282,4.275,4.282,1482,6337.3284
1788208740000,2026-08-31T20:39:00Z,4.283,4.285,4.283,4.285,6042,25888.1574
1788208800000,2026-08-31T20:40:00Z,4.285,4.285,4.285,4.285,2926.265911,12539.049428635
1788208860000,2026-08-31T20:41:00Z,4.285,4.285,4.285,4.285,4235,18146.975
1788208920000,2026-08-31T20:42:00Z,4.285,4.285,4.285,4.285,12105.631929,51872.632815765
1788208980000,2026-08-31T20:43:00Z,4.3,4.3,4.28,4.28,35237.909429,151241.10726927
1788209040000,2026-08-31T20:44:00Z,4.286,4.286,4.285,4.285,3260,13969.426
1788209100000,2026-08-31T20:45:00Z,4.285,4.285,4.285,4.285,294,1259.79
1788209160000,2026-08-31T20:46:00Z,4.3,4.3,4.285,4.3,2905,12447.925
1788209220000,2026-08-31T20:47:00Z,4.29,4.3,4.28,4.29,14107,60506.3337
1788209280000,2026-08-31T20:48:00Z,4.295,4.295,4.285,4.285,2705,11607.9665
1788209340000,2026-08-31T20:49:00Z,4.285,4.285,4.285,4.285,504.767603,2162.929178855
1788209400000,2026-08-31T20:50:00Z,4.285,4.285,4.285,4.285,5256.066906,22522.24669221
1788209460000,2026-08-31T20:51:00Z,4.285,4.285,4.285,4.285,915.993985,3925.034225725
1788209520000,2026-08-31T20:52:00Z,4.285,4.285,4.285,4.285,245,1049.825
1788209580000,2026-08-31T20:53:00Z,4.3,4.3,4.285,4.3,8851,37926.535
1788209640000,2026-08-31T20:54:00Z,4.28,4.285,4.28,4.28,2550.966836,10930.89289226
1788209700000,2026-08-31T20:55:00Z,4.29,4.29,4.285,4.29,2644,11329.54
1788209760000,2026-08-31T20:56:00Z,4.285,4.294,4.285,4.294,22833,98006.0859
1788209820000,2026-08-31T20:57:00Z,4.294,4.295,4.294,4.295,12699.9642,54545.07624258
1788209880000,2026-08-31T20:58:00Z,4.295,4.295,4.291,4.294,20230,86843.344
1788209940000,2026-08-31T20:59:00Z,4.295,4.295,4.295,4.295,18.791087,80.707718665
1788210000000,2026-08-31T21:00:00Z,4.295,4.295,4.295,4.295,3712.233986,15944.04496987
1788210060000,2026-08-31T21:01:00Z,4.295,4.295,4.295,4.295,25296,108646.32
1788210120000,2026-08-31T21:02:00Z,4.295,4.295,4.287,4.287,29306,125869.27
1788210180000,2026-08-31T21:03:00Z,4.286,4.286,4.285,4.285,621.965663,2665.1850625213
1788210240000,2026-08-31T21:04:00Z,4.285,4.285,4.285,4.285,75516.699397,323589.056916145
1788210300000,2026-08-31T21:05:00Z,4.285,4.285,4.285,4.285,1400.24506,6000.0500821
1788210360000,2026-08-31T21:06:00Z,4.285,4.285,4.285,4.285,450,1928.25
1788210420000,2026-08-31T21:07:00Z,4.285,4.285,4.285,4.285,818.516201,3507.341921285
1788210480000,2026-08-31T21:08:00Z,4.27,4.285,4.27,4.28,15397.516201,65978.35692129
1788210540000,2026-08-31T21:09:00Z,4.285,4.285,4.285,4.285,3100.515208,13285.70766628
1788210600000,2026-08-31T21:10:00Z,4.285,4.285,4.285,4.285,2695,11548.075
1788210660000,2026-08-31T21:11:00Z,4.285,4.285,4.285,4.285,180.301308,772.59110478
1788210720000,2026-08-31T21:12:00Z,4.28,4.285,4.28,4.28,7775,33315.875
1788210780000,2026-08-31T21:13:00Z,4.287,4.295,4.287,4.295,2090.778213,8977.801646622
1788210840000,2026-08-31T21:14:00Z,4.29,4.295,4.29,4.29,52456,225214.5904
1788210900000,2026-08-31T21:15:00Z,4.29,4.29,4.29,4.29,1542,6615.18
1788210960000,2026-08-31T21:16:00Z,4.3,4.305,4.29,4.3,83579,358854.7944
1788211020000,2026-08-31T21:17:00Z,4.32,4.32,4.305,4.32,25258,108773.577
1788211080000,2026-08-31T21:18:00Z,4.315,4.315,4.315,4.315,14409,62174.835
1788211140000,2026-08-31T21:19:00Z,4.315,4.315,4.315,4.315,6016,25959.04
1788211200000,2026-08-31T21:20:00Z,4.315,4.315,4.315,4.315,22936,98968.84
1788211260000,2026-08-31T21:21:00Z,4.315,4.315,4.315,4.315,11232,48466.08
1788211320000,2026-08-31T21:22:00Z,4.315,4.315,4.315,4.315,2740.463972,11825.10203918
1788211380000,2026-08-31T21:23:00Z,4.315,4.315,4.315,4.315,11168,48189.92
1788211440000,2026-08-31T21:24:00Z,4.315,4.315,4.315,4.315,4627.084914,19965.87140391
1788211500000,2026-08-31T21:25:00Z,4.315,4.315,4.315,4.315,8126,35063.69
1788211560000,2026-08-31T21:26:00Z,4.315,4.315,4.315,4.315,10424,44979.56
1788211620000,2026-08-31T21:27:00Z,4.315,4.315,4.315,4.315,11532.029859,49760.70884159
1788211680000,2026-08-31T21:28:00Z,4.315,4.315,4.315,4.315,1292,5574.98
1788211740000,2026-08-31T21:29:00Z,4.315,4.324,4.31,4.324,20650,89137.79
1788211800000,2026-08-31T21:30:00Z,4.325,4.325,4.325,4.325,11256.027116,48682.3172767
1788211860000,2026-08-31T21:31:00Z,4.325,4.325,4.325,4.325,6540,28285.5
1788211920000,2026-08-31T21:32:00Z,4.325,4.325,4.325,4.325,3726.391805,16116.644556625
1788211980000,2026-08-31T21:33:00Z,4.325,4.325,4.32,4.325,13617,58893.525
1788212040000,2026-08-31T21:34:00Z,4.325,4.325,4.325,4.325,5050,21841.25
1788212100000,2026-08-31T21:35:00Z,4.325,4.325,4.325,4.325,6766,29262.95
1788212160000,2026-08-31T21:36:00Z,4.325,4.325,4.325,4.325,3203.150612,13853.6263969
1788212220000,2026-08-31T21:37:00Z,4.325,4.325,4.325,4.325,1078,4662.35
1788212280000,2026-08-31T21:38:00Z,4.325,4.325,4.325,4.325,4887,21136.275
1788212340000,2026-08-31T21:39:00Z,4.325,4.325,4.325,4.325,1680,7266
1788212400000,2026-08-31T21:40:00Z,4.325,4.325,4.325,4.325,6589,28497.425
1788212460000,2026-08-31T21:41:00Z,4.325,4.325,4.325,4.325,2551,11033.075
1788212520000,2026-08-31T21:42:00Z,4.325,4.325,4.325,4.325,1245,5384.625
1788212580000,2026-08-31T21:43:00Z,4.325,4.325,4.325,4.325,8024,34703.8
1788212640000,2026-08-31T21:44:00Z,4.325,4.325,4.325,4.325,30429.418762,131607.23614565
1788212700000,2026-08-31T21:45:00Z,4.325,4.325,4.325,4.325,302,1306.15
1788212760000,2026-08-31T21:46:00Z,4.325,4.325,4.325,4.325,1002.51171,4335.86314575
1788212820000,2026-08-31T21:47:00Z,4.325,4.325,4.325,4.325,1300,5622.5
1788212880000,2026-08-31T21:48:00Z,4.325,4.325,4.325,4.325,600,2595
1788212940000,2026-08-31T21:49:00Z,4.325,4.325,4.325,4.325,1548,6695.1
1788213000000,2026-08-31T21:50:00Z,4.325,4.325,4.325,4.325,2082,9004.65
1788213060000,2026-08-31T21:51:00Z,4.325,4.325,4.325,4.325,323,1396.975
1788213120000,2026-08-31T21:52:00Z,4.325,4.325,4.325,4.325,13712,59304.4
1788213180000,2026-08-31T21:53:00Z,4.325,4.325,4.325,4.325,1758.331223,7604.782539475
1788213240000,2026-08-31T21:54:00Z,4.325,4.325,4.325,4.325,5383.076952,23281.8078174
1788213300000,2026-08-31T21:55:00Z,4.325,4.325,4.325,4.325,2691,11638.575
1788213360000,2026-08-31T21:56:00Z,4.325,4.325,4.325,4.325,3945,17062.125
1788213420000,2026-08-31T21:57:00Z,4.325,4.325,4.325,4.325,319,1379.675
1788213480000,2026-08-31T21:58:00Z,4.325,4.325,4.325,4.325,3008,13009.6
1788213540000,2026-08-31T21:59:00Z,4.325,4.325,4.325,4.325,1600,6920
1788213600000,2026-08-31T22:00:00Z,4.325,4.325,4.325,4.325,52,224.9
1788213660000,2026-08-31T22:01:00Z,4.325,4.325,4.325,4.325,1480.544572,6403.3552739
1788213720000,2026-08-31T22:02:00Z,4.325,4.325,4.325,4.325,15508,67072.1
1788213780000,2026-08-31T22:03:00Z,4.325,4.325,4.325,4.325,1848.469936,7994.6324732
1788213840000,2026-08-31T22:04:00Z,4.325,4.325,4.325,4.325,1040.469936,4500.0324732
1788213900000,2026-08-31T22:05:00Z,4.325,4.325,4.325,4.325,100,432.5
1788213960000,2026-08-31T22:06:00Z,4.325,4.325,4.321,4.324,10010,43293.25
1788214020000,2026-08-31T22:07:00Z,4.325,4.325,4.325,4.325,8547,36965.775
1788214080000,2026-08-31T22:08:00Z,4.325,4.325,4.325,4.325,1000,4325
1788214140000,2026-08-31T22:09:00Z,4.325,4.325,4.325,4.325,16252,70289.9
1788214200000,2026-08-31T22:10:00Z,4.325,4.325,4.325,4.325,440,1903
1788214260000,2026-08-31T22:11:00Z,4.325,4.325,4.325,4.325,2462,10648.15
1788214320000,2026-08-31T22:12:00Z,4.325,4.325,4.325,4.325,5287.8482,22869.943465
1788214380000,2026-08-31T22:13:00Z,4.325,4.325,4.325,4.325,9351,40443.075
1788214440000,2026-08-31T22:14:00Z,4.325,4.325,4.325,4.325,5854,25318.55
1788214500000,2026-08-31T22:15:00Z,4.325,4.325,4.325,4.325,7519,32519.675
1788214560000,2026-08-31T22:16:00Z,4.325,4.325,4.325,4.325,705.774472,3052.4745914
1788214620000,2026-08-31T22:17:00Z,4.325,4.325,4.325,4.325,1927.30254,8335.5834855
1788214680000,2026-08-31T22:18:00Z,4.325,4.325,4.325,4.325,1528,6608.6
1788214740000,2026-08-31T22:19:00Z,4.325,4.325,4.325,4.325,13427,58071.775
1788214800000,2026-08-31T22:20:00Z,4.325,4.325,4.325,4.325,100,432.5
1788214860000,2026-08-31T22:21:00Z,4.32,4.334,4.32,4.32,46839.014178,202606.83972836
1788214920000,2026-08-31T22:22:00Z,4.335,4.335,4.335,4.335,7351,31866.585
1788214980000,2026-08-31T22:23:00Z,4.335,4.335,4.335,4.335,7469,32378.115
1788215040000,2026-08-31T22:24:00Z,4.335,4.335,4.335,4.335,55.005781,238.450060635
1788215100000,2026-08-31T22:25:00Z,4.335,4.335,4.335,4.335,260,1127.1
1788215160000,2026-08-31T22:26:00Z,4.335,4.335,4.335,4.335,13916,60325.86
1788215220000,2026-08-31T22:27:00Z,4.335,4.335,4.335,4.335,443.877616,1924.20946536
1788215280000,2026-08-31T22:28:00Z,4.335,4.335,4.335,4.335,308,1335.18
1788215340000,2026-08-31T22:29:00Z,4.335,4.335,4.335,4.335,6866.423772,29765.94705162
1788215400000,2026-08-31T22:30:00Z,4.335,4.335,4.335,4.335,20202,87575.67
1788215460000,2026-08-31T22:31:00Z,4.33,4.335,4.33,4.33,2095,9081.825
1788215520000,2026-08-31T22:32:00Z,4.335,4.335,4.331,4.331,2160,9355.392
1788215580000,2026-08-31T22:33:00Z,4.33,4.33,4.33,4.33,172,744.76
1788215640000,2026-08-31T22:34:00Z,4.33,4.33,4.33,4.33,103,445.99
1788215700000,2026-08-31T22:35:00Z,4.33,4.33,4.326,4.326,20366,88115.5356
1788215760000,2026-08-31T22:36:00Z,4.325,4.334,4.325,4.325,5801,25133.9927
1788215820000,2026-08-31T22:37:00Z,4.325,4.325,4.325,4.325,5539,23956.175
1788215880000,2026-08-31T22:38:00Z,4.325,4.325,4.325,4.325,150,648.75
1788215940000,2026-08-31T22:39:00Z,4.325,4.325,4.325,4.325,11015,47639.875
1788216000000,2026-08-31T22:40:00Z,4.325,4.325,4.325,4.325,808,3494.6
1788216060000,2026-08-31T22:41:00Z,4.325,4.325,4.325,4.325,8626,37307.45
1788216120000,2026-08-31T22:42:00Z,4.325,4.325,4.325,4.325,1,4.325
1788216180000,2026-08-31T22:43:00Z,4.325,4.325,4.325,4.325,300,1297.5
1788216240000,2026-08-31T22:44:00Z,4.325,4.325,4.325,4.325,0,0
1788216300000,2026-08-31T22:45:00Z,4.325,4.325,4.325,4.325,0,0
1788216360000,2026-08-31T22:46:00Z,4.325,4.325,4.325,4.325,125,540.625
1788216420000,2026-08-31T22:47:00Z,4.325,4.34,4.325,4.325,16953,73321.725
1788216480000,2026-08-31T22:48:00Z,4.325,4.335,4.325,4.335,2210,9575.93
1788216540000,2026-08-31T22:49:00Z,4.335,4.335,4.335,4.335,9360,40575.6
1788216600000,2026-08-31T22:50:00Z,4.335,4.34,4.327,4.327,13463,58340.5642
1788216660000,2026-08-31T22:51:00Z,4.326,4.326,4.325,4.325,1183,5117.658
1788216720000,2026-08-31T22:52:00Z,4.325,4.325,4.325,4.325,2094,9056.55
1788216780000,2026-08-31T22:53:00Z,4.325,4.325,4.325,4.325,133,575.225
1788216840000,2026-08-31T22:54:00Z,4.325,4.325,4.325,4.325,537,2322.525
1788216900000,2026-08-31T22:55:00Z,4.31,4.325,4.31,4.31,4065,17581.125
1788216960000,2026-08-31T22:56:00Z,4.323,4.323,4.315,4.315,1031,4456.8068
1788217020000,2026-08-31T22:57:00Z,4.315,4.315,4.315,4.315,1070,4617.05
1788217080000,2026-08-31T22:58:00Z,4.315,4.315,4.315,4.315,542.070698,2339.03506187
1788217140000,2026-08-31T22:59:00Z,4.315,4.315,4.315,4.315,100,431.5
1788217200000,2026-08-31T23:00:00Z,4.315,4.315,4.315,4.315,302.174367,1303.882393605
1788217260000,2026-08-31T23:01:00Z,4.315,4.315,4.315,4.315,3174.453951,13697.768798565
1788217320000,2026-08-31T23:02:00Z,4.315,4.315,4.315,4.315,947.222222,4087.26388793
1788217380000,2026-08-31T23:03:00Z,4.315,4.315,4.315,4.315,10053,43378.695
1788217440000,2026-08-31T23:04:00Z,4.315,4.315,4.315,4.315,352,1518.88
1788217500000,2026-08-31T23:05:00Z,4.315,4.318,4.315,4.318,2918.874855,12594.944999325
1788217560000,2026-08-31T23:06:00Z,4.319,4.32,4.319,4.32,124,535.556
1788217620000,2026-08-31T23:07:00Z,4.32,4.33,4.32,4.33,12080,52185.6
1788217680000,2026-08-31T23:08:00Z,4.321,4.325,4.321,4.325,547,2363.9152
1788217740000,2026-08-31T23:09:00Z,4.325,4.325,4.325,4.325,2228.156069,9636.774998425
1788217800000,2026-08-31T23:10:00Z,4.325,4.325,4.325,4.325,5050,21841.25
1788217860000,2026-08-31T23:11:00Z,4.325,4.325,4.325,4.325,20.230978,87.49897985
1788217920000,2026-08-31T23:12:00Z,4.325,4.325,4.325,4.325,2469,10678.425
1788217980000,2026-08-31T23:13:00Z,4.325,4.325,4.325,4.325,1220,5276.5
1788218040000,2026-08-31T23:14:00Z,4.325,4.325,4.325,4.325,13620,58906.5
1788218100000,2026-08-31T23:15:00Z,4.325,4.325,4.325,4.325,2286.392609,9888.648033925
1788218160000,2026-08-31T23:16:00Z,4.325,4.325,4.325,4.325,5573.787528,24106.6310586
1788218220000,2026-08-31T23:17:00Z,4.325,4.325,4.325,4.325,7341,31749.825
1788218280000,2026-08-31T23:18:00Z,4.325,4.325,4.325,4.325,31.617262,136.74465815
1788218340000,2026-08-31T23:19:00Z,4.325,4.325,4.325,4.325,221,955.825
1788218400000,2026-08-31T23:20:00Z,4.325,4.325,4.325,4.325,117.31746,507.3980145
1788218460000,2026-08-31T23:21:00Z,4.325,4.325,4.325,4.325,1000,4325
1788218520000,2026-08-31T23:22:00Z,4.325,4.325,4.325,4.325,709,3066.425
1788218580000,2026-08-31T23:23:00Z,4.325,4.325,4.325,4.325,2726,11789.95
1788218640000,2026-08-31T23:24:00Z,4.325,4.325,4.325,4.325,35514,153598.05
1788218700000,2026-08-31T23:25:00Z,4.325,4.325,4.325,4.325,3040,13148
1788218760000,2026-08-31T23:26:00Z,4.325,4.325,4.325,4.325,2722.912442,11776.59631165
1788218820000,2026-08-31T23:27:00Z,4.325,4.325,4.325,4.325,2106,9108.45
1788218880000,2026-08-31T23:28:00Z,4.325,4.325,4.325,4.325,3258,14090.85
1788218940000,2026-08-31T23:29:00Z,4.325,4.325,4.325,4.325,543.860788,2352.1979081
1788219000000,2026-08-31T23:30:00Z,4.31,4.325,4.31,4.31,9546,41286.45
1788219060000,2026-08-31T23:31:00Z,4.317,4.32,4.315,4.32,4332,18697.3452
1788219120000,2026-08-31T23:32:00Z,4.32,4.32,4.32,4.32,2123,9171.36
1788219180000,2026-08-31T23:33:00Z,4.32,4.32,4.32,4.32,4101,17716.32
1788219240000,2026-08-31T23:34:00Z,4.32,4.32,4.316,4.316,6426.578943,27753.1811653455
1788219300000,2026-08-31T23:35:00Z,4.316,4.316,4.315,4.315,1133,4889.2349
1788219360000,2026-08-31T23:36:00Z,4.315,4.315,4.315,4.315,1182,5100.33
1788219420000,2026-08-31T23:37:00Z,4.315,4.315,4.315,4.315,18956,81795.14
1788219480000,2026-08-31T23:38:00Z,4.315,4.315,4.315,4.315,6002,25898.63
1788219540000,2026-08-31T23:39:00Z,4.315,4.319,4.315,4.319,7844,33856.2728
1788219600000,2026-08-31T23:40:00Z,4.32,4.325,4.32,4.325,1692,7317.3924
1788219660000,2026-08-31T23:41:00Z,4.325,4.325,4.325,4.325,6010,25993.25
1788219720000,2026-08-31T23:42:00Z,4.325,4.325,4.325,4.325,440,1903
1788219780000,2026-08-31T23:43:00Z,4.325,4.325,4.325,4.325,10948,47350.1
1788219840000,2026-08-31T23:44:00Z,4.33,4.34,4.325,4.34,17085,73892.625
1788219900000,2026-08-31T23:45:00Z,4.325,4.325,4.325,4.325,94903,410455.475
1788219960000,2026-08-31T23:46:00Z,4.325,4.325,4.325,4.325,31511,136285.075
1788220020000,2026-08-31T23:47:00Z,4.325,4.325,4.325,4.325,66550,287828.75
1788220080000,2026-08-31T23:48:00Z,4.325,4.325,4.325,4.325,20382,88152.15
1788220140000,2026-08-31T23:49:00Z,4.325,4.325,4.325,4.325,710,3070.75
1788220200000,2026-08-31T23:50:00Z,4.325,4.325,4.325,4.325,3813,16491.225
1788220260000,2026-08-31T23:51:00Z,4.325,4.325,4.325,4.325,1580,6833.5
1788220320000,2026-08-31T23:52:00Z,4.325,4.325,4.325,4.325,38976,168571.2
1788220380000,2026-08-31T23:53:00Z,4.325,4.325,4.325,4.325,5620,24306.5
1788220440000,2026-08-31T23:54:00Z,4.325,4.325,4.325,4.325,10600,45845
1788220500000,2026-08-31T23:55:00Z,4.325,4.325,4.325,4.325,13516,58456.7
1788220560000,2026-08-31T23:56:00Z,4.325,4.325,4.325,4.325,5186,22429.45
1788220620000,2026-08-31T23:57:00Z,4.325,4.325,4.325,4.325,10681,46195.325
1788220680000,2026-08-31T23:58:00Z,4.325,4.333,4.325,4.333,25908,112137.5964
1788220740000,2026-08-31T23:59:00Z,4.333,4.333,4.325,4.325,9622.152524,41661.9959984152
1788220800000,2026-09-01T00:00:00Z,4.325,4.33,4.31,4.31,559,2416.13
1788220860000,2026-09-01T00:01:00Z,4.32,4.32,4.32,4.32,99,427.68
1788220980000,2026-09-01T00:03:00Z,4.32,4.32,4.32,4.32,724,3127.68
1788221040000,2026-09-01T00:04:00Z,4.31,4.31,4.31,4.31,3,12.93
1788221100000,2026-09-01T00:05:00Z,4.31,4.31,4.3,4.3,97,417.75
1788221160000,2026-09-01T00:06:00Z,4.31,4.31,4.3,4.3,506,2180.61
1788221220000,2026-09-01T00:07:00Z,4.31,4.31,4.31,4.31,1,4.31
1788221520000,2026-09-01T00:12:00Z,4.32,4.32,4.32,4.32,5,21.6
1788221580000,2026-09-01T00:13:00Z,4.31,4.31,4.31,4.31,2604,11223.24
1788221640000,2026-09-01T00:14:00Z,4.32,4.32,4.31,4.31,1107,4771.22
1788221700000,2026-09-01T00:15:00Z,4.32,4.32,4.32,4.32,2,8.64
1788221880000,2026-09-01T00:18:00Z,4.31,4.31,4.3,4.3,703,3029.68
1788221940000,2026-09-01T00:19:00Z,4.32,4.32,4.31,4.31,1091,4712.37
1788222000000,2026-09-01T00:20:00Z,4.32,4.32,4.31,4.32,527,2276.39
1788222060000,2026-09-01T00:21:00Z,4.33,4.33,4.3,4.31,2127,9169.12
1788222180000,2026-09-01T00:23:00Z,4.32,4.32,4.32,4.32,8,34.56
1788222240000,2026-09-01T00:24:00Z,4.31,4.31,4.31,4.31,323,1392.13
1788222300000,2026-09-01T00:25:00Z,4.32,4.32,4.32,4.32,99,427.68
1788222360000,2026-09-01T00:26:00Z,4.31,4.31,4.31,4.31,2037,8779.47
1788222540000,2026-09-01T00:29:00Z,4.32,4.32,4.32,4.32,5,21.6
1788222600000,2026-09-01T00:30:00Z,4.32,4.32,4.32,4.32,100,432
1788222960000,2026-09-01T00:36:00Z,4.31,4.32,4.31,4.32,48,206.92
1788223140000,2026-09-01T00:39:00Z,4.3,4.3,4.3,4.3,50,215
1788223200000,2026-09-01T00:40:00Z,4.31,4.31,4.31,4.31,100,431
1788223260000,2026-09-01T00:41:00Z,4.31,4.31,4.31,4.31,75,323.25
1788223320000,2026-09-01T00:42:00Z,4.32,4.32,4.32,4.32,66,285.12
1788223500000,2026-09-01T00:45:00Z,4.32,4.32,4.32,4.32,46,198.72
1788223920000,2026-09-01T00:52:00Z,4.32,4.32,4.31,4.31,219,945.89
1788224040000,2026-09-01T00:54:00Z,4.32,4.32,4.32,4.32,39,168.48
1788224100000,2026-09-01T00:55:00Z,4.32,4.32,4.32,4.32,162,699.84
1788224160000,2026-09-01T00:56:00Z,4.31,4.32,4.31,4.31,30025,129699.75
1788224280000,2026-09-01T00:58:00Z,4.33,4.33,4.33,4.33,10,43.3
1788224400000,2026-09-01T01:00:00Z,4.33,4.33,4.33,4.33,4,17.32
1788224520000,2026-09-01T01:02:00Z,4.33,4.33,4.33,4.33,8,34.64
1788224820000,2026-09-01T01:07:00Z,4.31,4.31,4.31,4.31,1050,4525.5
1788224880000,2026-09-01T01:08:00Z,4.31,4.32,4.31,4.31,823,3548.88
1788225000000,2026-09-01T01:10:00Z,4.31,4.32,4.31,4.32,326,1405.07
1788225240000,2026-09-01T01:14:00Z,4.33,4.33,4.33,4.33,2,8.66
1788225360000,2026-09-01T01:16:00Z,4.32,4.32,4.32,4.32,1048,4527.36
1788225420000,2026-09-01T01:17:00Z,4.32,4.32,4.32,4.32,1525,6588
1788225540000,2026-09-01T01:19:00Z,4.32,4.32,4.32,4.32,1671,7218.72
1788225660000,2026-09-01T01:21:00Z,4.33,4.33,4.33,4.33,238,1030.54
1788225780000,2026-09-01T01:23:00Z,4.32,4.32,4.32,4.32,844,3646.08
1788225960000,2026-09-01T01:26:00Z,4.32,4.32,4.32,4.32,2294,9910.08
1788226020000,2026-09-01T01:27:00Z,4.32,4.33,4.32,4.33,26,112.33
1788226080000,2026-09-01T01:28:00Z,4.32,4.32,4.32,4.32,1136,4907.52
1788226200000,2026-09-01T01:30:00Z,4.32,4.34,4.31,4.32,15378,66545.05
1788226260000,2026-09-01T01:31:00Z,4.33,4.33,4.32,4.33,10091,43693.78
1788226320000,2026-09-01T01:32:00Z,4.32,4.34,4.32,4.33,4241,18362.81
1788226380000,2026-09-01T01:33:00Z,4.3,4.32,4.3,4.32,1026,4412.3
1788226440000,2026-09-01T01:34:00Z,4.32,4.32,4.29,4.31,22784,97955.04
1788226500000,2026-09-01T01:35:00Z,4.32,4.32,4.31,4.31,2093,9021.51
1788226560000,2026-09-01T01:36:00Z,4.31,4.31,4.3,4.3,2042,8783.7
1788226620000,2026-09-01T01:37:00Z,4.32,4.32,4.29,4.29,68415,295052.35
1788226680000,2026-09-01T01:38:00Z,4.31,4.31,4.29,4.29,19027,81806.03
1788226740000,2026-09-01T01:39:00Z,4.27,4.27,4.27,4.27,500,2135
1788226920000,2026-09-01T01:42:00Z,4.26,4.26,4.26,4.26,1908,8128.08
1788227040000,2026-09-01T01:44:00Z,4.27,4.27,4.27,4.27,849,3625.23
1788227100000,2026-09-01T01:45:00Z,4.25,4.27,4.25,4.26,54851,233856.82
1788227160000,2026-09-01T01:46:00Z,4.26,4.26,4.26,4.26,4,17.04
1788227220000,2026-09-01T01:47:00Z,4.25,4.27,4.25,4.27,12000,51200
1788227340000,2026-09-01T01:49:00Z,4.27,4.27,4.27,4.27,555,2369.85
1788227460000,2026-09-01T01:51:00Z,4.27,4.27,4.27,4.27,3682,15722.14
1788227520000,2026-09-01T01:52:00Z,4.26,4.26,4.26,4.26,10400,44304
1788227580000,2026-09-01T01:53:00Z,4.26,4.26,4.24,4.24,25909,110328.78
1788227820000,2026-09-01T01:57:00Z,4.25,4.25,4.25,4.25,12209,51888.25
1788227880000,2026-09-01T01:58:00Z,4.24,4.24,4.23,4.24,11105,47079.66
1788228000000,2026-09-01T02:00:00Z,4.22,4.22,4.22,4.22,2698,11385.56
1788228060000,2026-09-01T02:01:00Z,4.23,4.23,4.23,4.23,1041,4403.43
1788228120000,2026-09-01T02:02:00Z,4.23,4.23,4.23,4.23,24,101.52
1788228180000,2026-09-01T02:03:00Z,4.22,4.23,4.22,4.23,17559,74102.34
1788228240000,2026-09-01T02:04:00Z,4.23,4.23,4.23,4.23,100,423
1788228300000,2026-09-01T02:05:00Z,4.24,4.24,4.22,4.22,227,957.98
1788228360000,2026-09-01T02:06:00Z,4.22,4.22,4.22,4.22,280,1181.6
1788228420000,2026-09-01T02:07:00Z,4.24,4.24,4.24,4.24,434,1840.16
1788228540000,2026-09-01T02:09:00Z,4.24,4.24,4.24,4.24,568,2408.32
1788228600000,2026-09-01T02:10:00Z,4.24,4.24,4.24,4.24,20,84.8
1788228660000,2026-09-01T02:11:00Z,4.24,4.24,4.24,4.24,1000,4240
1788228720000,2026-09-01T02:12:00Z,4.24,4.24,4.24,4.24,1055,4473.2
1788228780000,2026-09-01T02:13:00Z,4.23,4.23,4.23,4.23,500,2115
1788229020000,2026-09-01T02:17:00Z,4.23,4.23,4.23,4.23,1855,7846.65
1788229080000,2026-09-01T02:18:00Z,4.23,4.23,4.23,4.23,1951,8252.73
1788229140000,2026-09-01T02:19:00Z,4.23,4.23,4.23,4.23,1555,6577.65
1788229200000,2026-09-01T02:20:00Z,4.23,4.23,4.22,4.22,1004,4246.88
1788229320000,2026-09-01T02:22:00Z,4.23,4.23,4.23,4.23,2534,10718.82
1788229380000,2026-09-01T02:23:00Z,4.23,4.23,4.22,4.22,652,2757.81
1788229440000,2026-09-01T02:24:00Z,4.24,4.24,4.24,4.24,329,1394.96
1788229500000,2026-09-01T02:25:00Z,4.24,4.24,4.24,4.24,100,424
1788229620000,2026-09-01T02:27:00Z,4.24,4.24,4.24,4.24,1004,4256.96
1788229680000,2026-09-01T02:28:00Z,4.24,4.24,4.24,4.24,8090,34301.6
1788229740000,2026-09-01T02:29:00Z,4.24,4.24,4.24,4.24,100,424
1788229800000,2026-09-01T02:30:00Z,4.24,4.24,4.22,4.22,6309,26660.43
1788229860000,2026-09-01T02:31:00Z,4.22,4.22,4.22,4.22,197,831.34
1788229980000,2026-09-01T02:33:00Z,4.22,4.22,4.22,4.22,2756,11630.32
1788230040000,2026-09-01T02:34:00Z,4.22,4.22,4.21,4.21,4743,19969.36
1788230100000,2026-09-01T02:35:00Z,4.22,4.22,4.22,4.22,1000,4220
1788230160000,2026-09-01T02:36:00Z,4.22,4.22,4.22,4.22,30,126.6
1788230220000,2026-09-01T02:37:00Z,4.22,4.22,4.22,4.22,675,2848.5
1788230340000,2026-09-01T02:39:00Z,4.21,4.21,4.21,4.21,2505,10546.05
1788230400000,2026-09-01T02:40:00Z,4.23,4.23,4.23,4.23,905,3828.15
1788230460000,2026-09-01T02:41:00Z,4.22,4.23,4.22,4.23,15101,63728.68
1788230520000,2026-09-01T02:42:00Z,4.23,4.23,4.23,4.23,3250,13747.5
1788230580000,2026-09-01T02:43:00Z,4.23,4.23,4.23,4.23,1005,4251.15
1788230640000,2026-09-01T02:44:00Z,4.23,4.23,4.23,4.23,34,143.82
1788230700000,2026-09-01T02:45:00Z,4.23,4.23,4.23,4.23,755,3193.65
1788230820000,2026-09-01T02:47:00Z,4.21,4.21,4.21,4.21,5250,22102.5
1788230880000,2026-09-01T02:48:00Z,4.22,4.22,4.22,4.22,100,422
1788230940000,2026-09-01T02:49:00Z,4.22,4.22,4.22,4.22,207,873.54
1788231000000,2026-09-01T02:50:00Z,4.22,4.22,4.22,4.22,405,1709.1
1788231060000,2026-09-01T02:51:00Z,4.22,4.22,4.22,4.22,106,447.32
1788231240000,2026-09-01T02:54:00Z,4.24,4.24,4.24,4.24,1,4.24
1788231300000,2026-09-01T02:55:00Z,4.24,4.24,4.24,4.24,1014,4299.36
1788231480000,2026-09-01T02:58:00Z,4.24,4.24,4.24,4.24,6,25.44
1788231600000,2026-09-01T03:00:00Z,4.24,4.24,4.24,4.24,1500,6360
1788231780000,2026-09-01T03:03:00Z,4.24,4.25,4.24,4.25,1070,4538.2
1788231900000,2026-09-01T03:05:00Z,4.22,4.22,4.22,4.22,7,29.54
1788231960000,2026-09-01T03:06:00Z,4.22,4.22,4.22,4.22,2900,12238
1788232140000,2026-09-01T03:09:00Z,4.23,4.23,4.23,4.23,40,169.2
1788232200000,2026-09-01T03:10:00Z,4.23,4.24,4.23,4.24,3000,12708.32
1788232380000,2026-09-01T03:13:00Z,4.25,4.25,4.24,4.24,1560,6615.1
1788232440000,2026-09-01T03:14:00Z,4.23,4.23,4.23,4.23,725,3066.75
1788232500000,2026-09-01T03:15:00Z,4.23,4.23,4.23,4.23,100,423
1788232620000,2026-09-01T03:17:00Z,4.23,4.23,4.23,4.23,2475,10469.25
1788232680000,2026-09-01T03:18:00Z,4.24,4.24,4.24,4.24,1000,4240
1788232860000,2026-09-01T03:21:00Z,4.25,4.25,4.23,4.23,47,199.15
1788232980000,2026-09-01T03:23:00Z,4.23,4.23,4.21,4.21,10800,45490
1788233040000,2026-09-01T03:24:00Z,4.22,4.22,4.22,4.22,41,173.02
1788233100000,2026-09-01T03:25:00Z,4.21,4.22,4.21,4.22,3092,13044.24
1788233160000,2026-09-01T03:26:00Z,4.22,4.22,4.22,4.22,5,21.1
1788233220000,2026-09-01T03:27:00Z,4.21,4.21,4.21,4.21,2,8.42
1788233340000,2026-09-01T03:29:00Z,4.22,4.22,4.22,4.22,525,2215.5
1788233460000,2026-09-01T03:31:00Z,4.22,4.22,4.22,4.22,2555,10782.1
1788233580000,2026-09-01T03:33:00Z,4.22,4.22,4.22,4.22,797,3363.34
1788233760000,2026-09-01T03:36:00Z,4.23,4.24,4.23,4.24,12319,52181.56
1788233880000,2026-09-01T03:38:00Z,4.23,4.23,4.23,4.23,55,232.65
1788234180000,2026-09-01T03:43:00Z,4.23,4.23,4.23,4.23,1,4.23
1788234300000,2026-09-01T03:45:00Z,4.23,4.23,4.23,4.23,50,211.5
1788234420000,2026-09-01T03:47:00Z,4.23,4.23,4.23,4.23,2500,10575
1788234480000,2026-09-01T03:48:00Z,4.23,4.23,4.23,4.23,1050,4441.5
1788234540000,2026-09-01T03:49:00Z,4.23,4.23,4.23,4.23,4500,19035
1788234600000,2026-09-01T03:50:00Z,4.22,4.22,4.22,4.22,2172,9165.84
1788234660000,2026-09-01T03:51:00Z,4.23,4.23,4.23,4.23,3428,14500.44
1788234780000,2026-09-01T03:53:00Z,4.24,4.24,4.24,4.24,2329,9874.96
1788234900000,2026-09-01T03:55:00Z,4.23,4.23,4.23,4.23,2,8.46
1788235140000,2026-09-01T03:59:00Z,4.24,4.24,4.24,4.24,26,110.24
1788235200000,2026-09-01T04:00:00Z,4.24,4.25,4.24,4.25,511,2171.68
1788235260000,2026-09-01T04:01:00Z,4.23,4.23,4.23,4.23,1531,6476.13
1788235380000,2026-09-01T04:03:00Z,4.25,4.25,4.25,4.25,240,1020
1788235440000,2026-09-01T04:04:00Z,4.25,4.25,4.25,4.25,61,259.25
1788235500000,2026-09-01T04:05:00Z,4.25,4.25,4.25,4.25,1248,5304
1788235620000,2026-09-01T04:07:00Z,4.25,4.25,4.25,4.25,820,3485
1788235680000,2026-09-01T04:08:00Z,4.23,4.23,4.23,4.23,99,418.77
1788235860000,2026-09-01T04:11:00Z,4.26,4.26,4.26,4.26,592,2521.92
1788235920000,2026-09-01T04:12:00Z,4.26,4.26,4.25,4.25,109,464.25
1788236100000,2026-09-01T04:15:00Z,4.23,4.23,4.04,4.05,113039,467568.91
1788236160000,2026-09-01T04:16:00Z,4.09,4.13,4.09,4.13,34717,142554
1788236220000,2026-09-01T04:17:00Z,4.16,4.18,3.97,4.04,75887,305790.1
1788236280000,2026-09-01T04:18:00Z,4.03,4.11,3.97,4.11,78486,314160.06
1788236340000,2026-09-01T04:19:00Z,4.11,4.11,3.97,3.98,31478,126751.11
1788236400000,2026-09-01T04:20:00Z,3.98,4.05,3.98,4.02,16433,65743.24
1788236460000,2026-09-01T04:21:00Z,4.07,4.08,4.05,4.06,11452,46542.13
1788236520000,2026-09-01T04:22:00Z,4.06,4.08,4.04,4.04,41893,169839.62
1788236580000,2026-09-01T04:23:00Z,4.09,4.09,4.05,4.06,22389,90902.17
1788236640000,2026-09-01T04:24:00Z,4.07,4.11,4.07,4.09,15585,63686.5
1788236700000,2026-09-01T04:25:00Z,4.09,4.1,4.08,4.1,3787,15497.94
1788236760000,2026-09-01T04:26:00Z,4.11,4.11,4.09,4.1,15337,62981.2
1788236820000,2026-09-01T04:27:00Z,4.1,4.11,4.1,4.1,14323,58745.4
1788236880000,2026-09-01T04:28:00Z,4.11,4.12,4.11,4.12,1755,7218.87
1788236940000,2026-09-01T04:29:00Z,4.13,4.13,4.13,4.13,2298,9490.74
1788237000000,2026-09-01T04:30:00Z,4.11,4.11,4.11,4.11,450,1849.5
1788237060000,2026-09-01T04:31:00Z,4.11,4.11,4.08,4.09,19886,81320.14
1788237120000,2026-09-01T04:32:00Z,4.09,4.09,4.08,4.08,7989,32669.11
1788237180000,2026-09-01T04:33:00Z,4.1,4.11,4.09,4.11,479,1961.09
1788237240000,2026-09-01T04:34:00Z,4.08,4.1,4.08,4.1,2563,10472.31
1788237300000,2026-09-01T04:35:00Z,4.1,4.11,4.1,4.11,20833,85581.09
1788237360000,2026-09-01T04:36:00Z,4.12,4.13,4.12,4.13,1200,4947.5
1788237420000,2026-09-01T04:37:00Z,4.12,4.12,4.11,4.11,3360,13809.65
1788237480000,2026-09-01T04:38:00Z,4.11,4.11,4.11,4.11,8723,35851.53
1788237540000,2026-09-01T04:39:00Z,4.11,4.11,4.1,4.11,9189,37749.74
1788237600000,2026-09-01T04:40:00Z,4.09,4.12,4.09,4.1,8108,33266.46
1788237660000,2026-09-01T04:41:00Z,4.1,4.1,4.1,4.1,504,2066.4
1788237720000,2026-09-01T04:42:00Z,4.1,4.1,4.09,4.1,1435,5883.16
1788237780000,2026-09-01T04:43:00Z,4.1,4.1,4.09,4.09,173,708.37
1788237840000,2026-09-01T04:44:00Z,4.09,4.11,4.09,4.09,13800,56566
1788237900000,2026-09-01T04:45:00Z,4.11,4.11,4.11,4.11,4553,18712.83
1788237960000,2026-09-01T04:46:00Z,4.11,4.11,4.09,4.09,5830,23858.7
1788238020000,2026-09-01T04:47:00Z,4.08,4.08,4.08,4.08,723,2949.84
1788238080000,2026-09-01T04:48:00Z,4.09,4.11,4.09,4.11,9782,40128.38
1788238140000,2026-09-01T04:49:00Z,4.11,4.11,4.11,4.11,109,447.99
1788238200000,2026-09-01T04:50:00Z,4.11,4.11,4.09,4.11,3028,12400.52
1788238260000,2026-09-01T04:51:00Z,4.1,4.1,4.1,4.1,14000,57400
1788238320000,2026-09-01T04:52:00Z,4.09,4.1,4.09,4.1,2300,9410
1788238380000,2026-09-01T04:53:00Z,4.11,4.11,4.11,4.11,1299,5338.89
1788238440000,2026-09-01T04:54:00Z,4.09,4.12,4.09,4.1,26303,108053.54
1788238500000,2026-09-01T04:55:00Z,4.09,4.09,4.09,4.09,500,2045
1788238560000,2026-09-01T04:56:00Z,4.09,4.09,4.09,4.09,10001,40904.09
1788238620000,2026-09-01T04:57:00Z,4.09,4.09,4.09,4.09,2101,8593.09
1788238680000,2026-09-01T04:58:00Z,4.09,4.11,4.09,4.09,29465,120990.29
1788238740000,2026-09-01T04:59:00Z,4.12,4.14,4.1,4.13,32870,134947.81
1788238800000,2026-09-01T05:00:00Z,4.13,4.19,4.04,4.08,162026,665170.79
1788238860000,2026-09-01T05:01:00Z,4.06,4.08,4.05,4.06,25282,102765.9
1788238920000,2026-09-01T05:02:00Z,4.07,4.1,4.07,4.1,25795,105527.19
1788238980000,2026-09-01T05:03:00Z,4.09,4.1,4.09,4.1,4453,18253.3
1788239040000,2026-09-01T05:04:00Z,4.11,4.11,4.03,4.03,35772,145180.72
1788239100000,2026-09-01T05:05:00Z,4.02,4.05,4.01,4.02,42915,172739.95
1788239160000,2026-09-01T05:06:00Z,4.03,4.03,4.01,4.01,29022,116716.34
1788239220000,2026-09-01T05:07:00Z,4.01,4.03,4.01,4.02,12017,48319.97
1788239280000,2026-09-01T05:08:00Z,4.02,4.02,4.02,4.02,1555,6251.1
1788239340000,2026-09-01T05:09:00Z,4.02,4.02,4,4,31995,128281.53
1788239400000,2026-09-01T05:10:00Z,4,4.01,4,4,6431,25724.02
1788239460000,2026-09-01T05:11:00Z,3.99,3.99,3.96,3.98,32559,129343.1
1788239520000,2026-09-01T05:12:00Z,3.99,4,3.95,3.96,13743,54711.56
1788239580000,2026-09-01T05:13:00Z,3.96,3.96,3.93,3.95,23037,90817.35
1788239640000,2026-09-01T05:14:00Z,3.95,3.96,3.93,3.95,38571,151955.14
1788239700000,2026-09-01T05:15:00Z,3.95,3.96,3.92,3.92,17231,67777.23
1788239760000,2026-09-01T05:16:00Z,3.91,3.96,3.88,3.96,76216,298403.42
1788239820000,2026-09-01T05:17:00Z,3.96,3.97,3.95,3.96,45212,178690.29
1788239880000,2026-09-01T05:18:00Z,3.96,3.96,3.92,3.96,27492,108603.71
1788239940000,2026-09-01T05:19:00Z,3.95,3.98,3.95,3.97,24853,98515.72
1788240000000,2026-09-01T05:20:00Z,3.97,3.97,3.94,3.96,12193,48209.36
1788240060000,2026-09-01T05:21:00Z,3.96,3.96,3.95,3.95,2595,10250.34
1788240120000,2026-09-01T05:22:00Z,3.95,3.97,3.95,3.97,1812,7174.01
1788240180000,2026-09-01T05:23:00Z,3.96,3.99,3.96,3.99,11924,47281.54
1788240240000,2026-09-01T05:24:00Z,3.99,3.99,3.97,3.99,10837,43216.26
1788240300000,2026-09-01T05:25:00Z,3.99,4,3.98,4,5947,23772.29
1788240360000,2026-09-01T05:26:00Z,4,4,3.98,3.98,7056,28124.98
1788240420000,2026-09-01T05:27:00Z,3.99,3.99,3.99,3.99,280,1117.2
1788240480000,2026-09-01T05:28:00Z,4,4,3.99,3.99,6416,25654
1788240540000,2026-09-01T05:29:00Z,4,4,3.99,3.99,12400,49585
1788240600000,2026-09-01T05:30:00Z,3.99,3.99,3.97,3.98,17345,69052.97
1788240660000,2026-09-01T05:31:00Z,3.98,3.98,3.97,3.98,2893,11511.48
1788240720000,2026-09-01T05:32:00Z,3.97,3.97,3.96,3.97,2838,11259.91
1788240780000,2026-09-01T05:33:00Z,3.97,3.98,3.96,3.98,10003,39642.91
1788240840000,2026-09-01T05:34:00Z,3.98,3.98,3.94,3.94,42009,165934.49
1788240900000,2026-09-01T05:35:00Z,3.94,3.95,3.93,3.94,21872,86199.98
1788240960000,2026-09-01T05:36:00Z,3.95,3.95,3.93,3.93,15618,61506.75
1788241020000,2026-09-01T05:37:00Z,3.93,3.93,3.91,3.92,40995,160515.45
1788241080000,2026-09-01T05:38:00Z,3.92,3.93,3.91,3.92,16378,64185.51
1788241140000,2026-09-01T05:39:00Z,3.92,3.95,3.92,3.95,24030,94454.66
1788241200000,2026-09-01T05:40:00Z,3.94,3.94,3.9,3.91,61672,241060.44
1788241260000,2026-09-01T05:41:00Z,3.91,3.91,3.91,3.91,12298,48085.18
1788241320000,2026-09-01T05:42:00Z,3.91,3.91,3.89,3.89,16678,65035.16
1788241380000,2026-09-01T05:43:00Z,3.89,3.89,3.8,3.85,135222,518771.47
1788241440000,2026-09-01T05:44:00Z,3.85,3.85,3.84,3.84,21846,83912.28
1788241500000,2026-09-01T05:45:00Z,3.84,3.85,3.83,3.84,16968,65070.12
1788241560000,2026-09-01T05:46:00Z,3.84,3.85,3.84,3.84,22154,85172.19
1788241620000,2026-09-01T05:47:00Z,3.84,3.85,3.83,3.84,11134,42751.96
1788241680000,2026-09-01T05:48:00Z,3.84,3.86,3.83,3.83,23017,88323.66
1788241740000,2026-09-01T05:49:00Z,3.85,3.86,3.84,3.84,18934,72836.81
1788241800000,2026-09-01T05:50:00Z,3.84,3.85,3.83,3.83,75024,288448.79
1788241860000,2026-09-01T05:51:00Z,3.82,3.83,3.82,3.83,25342,96916.52
1788241920000,2026-09-01T05:52:00Z,3.83,3.83,3.81,3.81,23727,90507.45
1788241980000,2026-09-01T05:53:00Z,3.81,3.82,3.8,3.81,65903,251339.57
1788242040000,2026-09-01T05:54:00Z,3.83,3.83,3.81,3.81,69778,266008.03
1788242100000,2026-09-01T05:55:00Z,3.81,3.81,3.8,3.81,5142,19580.82
1788242160000,2026-09-01T05:56:00Z,3.81,3.82,3.81,3.82,19500,74439
1788242220000,2026-09-01T05:57:00Z,3.83,3.87,3.82,3.85,9668,37125.04
1788242280000,2026-09-01T05:58:00Z,3.85,3.89,3.85,3.87,9254,35697.28
1788242340000,2026-09-01T05:59:00Z,3.87,3.89,3.86,3.88,34988,135490.07
1788242400000,2026-09-01T06:00:00Z,3.87,3.88,3.87,3.88,27432,106417.66
1788242460000,2026-09-01T06:01:00Z,3.88,3.88,3.86,3.87,15684,60763.06
1788242520000,2026-09-01T06:02:00Z,3.87,3.87,3.85,3.86,16386,63195.36
1788242580000,2026-09-01T06:03:00Z,3.86,3.86,3.84,3.84,7351,28297.88
1788242640000,2026-09-01T06:04:00Z,3.84,3.87,3.84,3.87,13149,50758.64
1788242700000,2026-09-01T06:05:00Z,3.89,3.89,3.88,3.89,3066,11906.71
1788242760000,2026-09-01T06:06:00Z,3.89,3.9,3.88,3.89,13979,54280.47
1788242820000,2026-09-01T06:07:00Z,3.89,3.9,3.88,3.88,14370,55996.36
1788242880000,2026-09-01T06:08:00Z,3.88,3.9,3.88,3.9,16737,65121.14
1788242940000,2026-09-01T06:09:00Z,3.91,3.91,3.9,3.91,845,3303.75
1788243000000,2026-09-01T06:10:00Z,3.91,3.91,3.89,3.91,26467,103416.27
1788243060000,2026-09-01T06:11:00Z,3.91,3.92,3.91,3.92,20599,80606.58
1788243120000,2026-09-01T06:12:00Z,3.92,3.93,3.89,3.89,59902,234016.94
1788243180000,2026-09-01T06:13:00Z,3.89,3.91,3.89,3.91,4660,18132.3
1788243240000,2026-09-01T06:14:00Z,3.9,3.91,3.88,3.91,5950,23162.5
1788243300000,2026-09-01T06:15:00Z,3.91,3.91,3.88,3.88,8828,34329.79
1788243360000,2026-09-01T06:16:00Z,3.87,3.88,3.86,3.87,6651,25726.5
1788243420000,2026-09-01T06:17:00Z,3.86,3.89,3.86,3.89,6405,24751.34
1788243480000,2026-09-01T06:18:00Z,3.89,3.89,3.87,3.87,4105,15966.45
1788243540000,2026-09-01T06:19:00Z,3.88,3.88,3.88,3.88,5692,22084.96
1788243600000,2026-09-01T06:20:00Z,3.88,3.9,3.86,3.88,34120,132172.44
1788243660000,2026-09-01T06:21:00Z,3.88,3.9,3.87,3.88,16121,62490.22
1788243720000,2026-09-01T06:22:00Z,3.87,3.89,3.87,3.87,23222,90090.6
1788243780000,2026-09-01T06:23:00Z,3.87,3.89,3.87,3.89,1380,5359.36
1788243840000,2026-09-01T06:24:00Z,3.87,3.88,3.86,3.86,15276,59171.82
1788243900000,2026-09-01T06:25:00Z,3.86,3.87,3.86,3.87,3690,14247.48
1788243960000,2026-09-01T06:26:00Z,3.87,3.88,3.87,3.87,12777,49570.04
1788244020000,2026-09-01T06:27:00Z,3.87,3.88,3.87,3.88,10580,41045.4
1788244080000,2026-09-01T06:28:00Z,3.88,3.88,3.88,3.88,6234,24187.92
1788244140000,2026-09-01T06:29:00Z,3.88,3.9,3.87,3.88,395,1533
1788244200000,2026-09-01T06:30:00Z,3.88,3.89,3.88,3.89,3189,12403.91
1788244260000,2026-09-01T06:31:00Z,3.87,3.87,3.87,3.87,6604,25557.48
1788244320000,2026-09-01T06:32:00Z,3.88,3.88,3.88,3.88,2210,8574.8
1788244380000,2026-09-01T06:33:00Z,3.89,3.9,3.89,3.89,10833,42244.07
1788244440000,2026-09-01T06:34:00Z,3.9,3.9,3.86,3.86,45692,176469.98
1788244500000,2026-09-01T06:35:00Z,3.9,3.9,3.89,3.89,539,2099.71
1788244560000,2026-09-01T06:36:00Z,3.9,3.92,3.9,3.92,6214,24311.87
1788244620000,2026-09-01T06:37:00Z,3.92,3.92,3.91,3.91,11294,44178.12
1788244680000,2026-09-01T06:38:00Z,3.91,3.93,3.91,3.91,12608,49498.94
1788244740000,2026-09-01T06:39:00Z,3.91,3.92,3.91,3.92,25034,98078.22
1788244800000,2026-09-01T06:40:00Z,3.93,3.93,3.92,3.93,1958,7687.36
1788244860000,2026-09-01T06:41:00Z,3.92,3.92,3.92,3.92,5094,19968.48
1788244920000,2026-09-01T06:42:00Z,3.92,3.92,3.92,3.92,6231,24425.52
1788244980000,2026-09-01T06:43:00Z,3.94,3.94,3.93,3.93,2892,11375.85
1788245040000,2026-09-01T06:44:00Z,3.93,3.95,3.93,3.94,10250,40283.67
1788245100000,2026-09-01T06:45:00Z,3.94,3.96,3.93,3.96,3121,12355.41
1788245160000,2026-09-01T06:46:00Z,3.96,3.99,3.95,3.97,24148,95807.27
1788245220000,2026-09-01T06:47:00Z,3.98,3.98,3.95,3.96,17962,71355.43
1788245280000,2026-09-01T06:48:00Z,3.96,3.98,3.95,3.95,22503,89154.18
1788245340000,2026-09-01T06:49:00Z,3.95,3.98,3.95,3.97,7519,29781.85
1788245400000,2026-09-01T06:50:00Z,3.97,3.97,3.96,3.96,5763,22837.29
1788245460000,2026-09-01T06:51:00Z,3.96,3.96,3.94,3.94,1626,6436.89
1788245520000,2026-09-01T06:52:00Z,3.94,3.96,3.94,3.95,421,1661.8
1788245580000,2026-09-01T06:53:00Z,3.95,3.96,3.95,3.95,3759,14885.17
1788245640000,2026-09-01T06:54:00Z,3.96,3.96,3.95,3.96,1910,7563.52
1788245700000,2026-09-01T06:55:00Z,3.95,3.97,3.95,3.97,5960,23583.1
1788245760000,2026-09-01T06:56:00Z,3.96,3.96,3.94,3.94,194,764.52
1788245820000,2026-09-01T06:57:00Z,3.94,3.96,3.94,3.95,3752,14857.48
1788245880000,2026-09-01T06:58:00Z,3.94,3.94,3.94,3.94,4917,19372.98
1788246000000,2026-09-01T07:00:00Z,3.96,3.97,3.96,3.96,7237,28658.55
1788246060000,2026-09-01T07:01:00Z,3.96,3.97,3.95,3.95,14979,59312.67
1788246120000,2026-09-01T07:02:00Z,3.97,3.97,3.96,3.96,1111,4405.57
1788246180000,2026-09-01T07:03:00Z,3.97,3.97,3.97,3.97,737,2925.89
1788246240000,2026-09-01T07:04:00Z,3.98,3.98,3.98,3.98,4285,17054.3
1788246300000,2026-09-01T07:05:00Z,3.98,3.98,3.95,3.95,13901,54922.03
1788246360000,2026-09-01T07:06:00Z,3.95,3.95,3.94,3.94,5817,22976.65
1788246420000,2026-09-01T07:07:00Z,3.96,3.96,3.96,3.96,2000,7920
1788246540000,2026-09-01T07:09:00Z,3.96,3.96,3.95,3.95,172,681.01
1788246600000,2026-09-01T07:10:00Z,3.94,3.95,3.94,3.95,8435,33237.75
1788246660000,2026-09-01T07:11:00Z,3.95,3.96,3.95,3.95,5582,22076.22
1788246720000,2026-09-01T07:12:00Z,3.96,3.96,3.94,3.94,1194,4722.6
1788246780000,2026-09-01T07:13:00Z,3.94,3.95,3.93,3.95,11792,46493.77
1788246840000,2026-09-01T07:14:00Z,3.95,3.95,3.95,3.95,7978,31513.1
1788246900000,2026-09-01T07:15:00Z,3.95,3.96,3.95,3.96,8262,32717.51
1788246960000,2026-09-01T07:16:00Z,3.98,3.99,3.97,3.97,10428,41599.83
1788247020000,2026-09-01T07:17:00Z,3.97,3.97,3.97,3.97,5237,20790.89
1788247080000,2026-09-01T07:18:00Z,3.97,4,3.96,4,35152,140461.25
1788247140000,2026-09-01T07:19:00Z,4,4,3.98,3.98,1678,6709.2
1788247200000,2026-09-01T07:20:00Z,3.98,3.98,3.98,3.98,1431,5695.38
1788247260000,2026-09-01T07:21:00Z,3.98,3.98,3.98,3.98,3,11.94
1788247320000,2026-09-01T07:22:00Z,3.96,3.98,3.96,3.98,2078,8249.9
1788247380000,2026-09-01T07:23:00Z,3.98,3.98,3.96,3.96,4766,18925.58
1788247440000,2026-09-01T07:24:00Z,3.98,3.98,3.98,3.98,728,2897.44
1788247500000,2026-09-01T07:25:00Z,3.98,4.01,3.98,4.01,8332,33380.76
1788247560000,2026-09-01T07:26:00Z,4.01,4.01,3.97,3.97,1267,5051.17
1788247620000,2026-09-01T07:27:00Z,3.97,3.97,3.97,3.97,3215,12763.55
1788247680000,2026-09-01T07:28:00Z,3.97,4,3.97,4,8427,33679.44
1788247740000,2026-09-01T07:29:00Z,3.99,3.99,3.99,3.99,2500,9975
1788247800000,2026-09-01T07:30:00Z,4,4,3.99,4,12659,50516.18
1788247860000,2026-09-01T07:31:00Z,4,4.01,4,4.01,4220,16920
1788247920000,2026-09-01T07:32:00Z,3.99,3.99,3.99,3.99,1468,5857.32
1788247980000,2026-09-01T07:33:00Z,3.99,4.01,3.98,4,8775,35046.17
1788248040000,2026-09-01T07:34:00Z,4.01,4.01,4.01,4.01,2386,9567.86
1788248100000,2026-09-01T07:35:00Z,4,4.01,4,4.01,1114,4466
1788248160000,2026-09-01T07:36:00Z,4.01,4.01,3.99,4,9093,36449.25
1788248220000,2026-09-01T07:37:00Z,4,4,4,4,2530,10120
1788248280000,2026-09-01T07:38:00Z,4.01,4.02,4.01,4.02,679,2723.62
1788248340000,2026-09-01T07:39:00Z,4.01,4.02,4,4.01,1380,5535.52
1788248400000,2026-09-01T07:40:00Z,4.01,4.01,4,4,350,1401
1788248460000,2026-09-01T07:41:00Z,4,4.01,3.99,4.01,7230,28907.84
1788248520000,2026-09-01T07:42:00Z,4.01,4.01,4,4.01,8055,32296.55
1788248580000,2026-09-01T07:43:00Z,4.01,4.01,4,4,707,2834
1788248640000,2026-09-01T07:44:00Z,4.01,4.01,4,4.01,4677,18751.77
1788248700000,2026-09-01T07:45:00Z,4.01,4.01,4,4,9650,38676.5
1788248760000,2026-09-01T07:46:00Z,3.99,3.99,3.99,3.99,535,2134.65
1788248820000,2026-09-01T07:47:00Z,3.99,3.99,3.99,3.99,37,147.63
1788248880000,2026-09-01T07:48:00Z,4,4,3.99,3.99,1011,4034
1788248940000,2026-09-01T07:49:00Z,4,4.01,3.99,4,8251,32997.62
1788249000000,2026-09-01T07:50:00Z,4,4,4,4,699,2796
1788249060000,2026-09-01T07:51:00Z,4,4.03,4,4.03,1655,6658.65
1788249120000,2026-09-01T07:52:00Z,4.03,4.03,4.03,4.03,25,100.75
1788249180000,2026-09-01T07:53:00Z,4.03,4.03,4.03,4.03,36,145.08
1788249240000,2026-09-01T07:54:00Z,4,4,4,4,100,400
1788249300000,2026-09-01T07:55:00Z,4.01,4.01,4.01,4.01,1736,6961.36
1788249360000,2026-09-01T07:56:00Z,4.01,4.01,4.01,4.01,27,108.27
1788249420000,2026-09-01T07:57:00Z,4.01,4.01,4.01,4.01,895,3588.95
1788249480000,2026-09-01T07:58:00Z,4.01,4.01,4.01,4.01,500,2005
1788249540000,2026-09-01T07:59:00Z,4,4,3.98,4,11320,45132.99
1788249600000,2026-09-01T08:00:00Z,4.03,4.325,4.02,4.05,4214298.19507,17094457.76866244
1788249660000,2026-09-01T08:01:00Z,4.02,4.05,4.02,4.03,814466.917466,3280835.63693654
1788249720000,2026-09-01T08:02:00Z,4.04,4.04,4.02,4.04,81042,327166.554
1788249780000,2026-09-01T08:03:00Z,4.02,4.04,4.02,4.02,70568,284572.5168
1788249840000,2026-09-01T08:04:00Z,4.04,4.05,4.035,4.05,4070,16422.45
1788249900000,2026-09-01T08:05:00Z,4.04,4.05,4.03,4.03,161439.355095,652182.70671278
1788249960000,2026-09-01T08:06:00Z,4.04,4.07,4.04,4.07,202078,819284.8354
1788250020000,2026-09-01T08:07:00Z,4.07,4.08,4.04,4.04,312259,1270300.8379
1788250080000,2026-09-01T08:08:00Z,4.04,4.06,4.02,4.04,561601.49,2271397.226305
1788250140000,2026-09-01T08:09:00Z,4.04,4.04,4.02,4.04,66447,267881.0805
1788250200000,2026-09-01T08:10:00Z,4.04,4.04,4.02,4.03,109287,440973.045
1788250260000,2026-09-01T08:11:00Z,4.03,4.05,4.03,4.04,18404.0373,74429.60764866
1788250320000,2026-09-01T08:12:00Z,4.04,4.045,4.04,4.04,31075,125698.375
1788250380000,2026-09-01T08:13:00Z,4.05,4.05,4.045,4.05,14710,59501.95
1788250440000,2026-09-01T08:14:00Z,4.06,4.06,4.047,4.06,19296,78237.5616
1788250500000,2026-09-01T08:15:00Z,4.06,4.06,4.055,4.06,7048.408866,28581.29795163
1788250560000,2026-09-01T08:16:00Z,4.05,4.07,4.05,4.06,28573.403051,115930.86819882
1788250620000,2026-09-01T08:17:00Z,4.06,4.065,4.06,4.06,5907,24011.955
1788250680000,2026-09-01T08:18:00Z,4.065,4.065,4.065,4.065,47792,194274.48
1788250740000,2026-09-01T08:19:00Z,4.08,4.08,4.065,4.08,27223.454109,110663.34095309
1788250800000,2026-09-01T08:20:00Z,4.065,4.065,4.065,4.065,1564.927877,6361.431820005
1788250860000,2026-09-01T08:21:00Z,4.065,4.065,4.065,4.065,5344,21723.36
1788250920000,2026-09-01T08:22:00Z,4.06,4.065,4.06,4.06,18183.281579,73915.03961864
1788250980000,2026-09-01T08:23:00Z,4.07,4.072,4.065,4.07,25443,103507.2126
1788251040000,2026-09-01T08:24:00Z,4.08,4.085,4.073,4.08,38578.288657,157465.00081128
1788251100000,2026-09-01T08:25:00Z,4.09,4.09,4.085,4.09,8509,34759.265
1788251160000,2026-09-01T08:26:00Z,4.07,4.085,4.07,4.07,22937.89,93689.811705
1788251220000,2026-09-01T08:27:00Z,4.07,4.08,4.05,4.08,61620.269035,250985.51780646
1788251280000,2026-09-01T08:28:00Z,4.07,4.07,4.055,4.06,67184,272652.8272
1788251340000,2026-09-01T08:29:00Z,4.064,4.065,4.064,4.065,4262,17325.03
1788251400000,2026-09-01T08:30:00Z,4.067,4.085,4.067,4.078,24153.327312,98511.7607747232
1788251460000,2026-09-01T08:31:00Z,4.09,4.09,4.077,4.09,4647,18949.0719
1788251520000,2026-09-01T08:32:00Z,4.085,4.085,4.085,4.085,24,98.04
1788251580000,2026-09-01T08:33:00Z,4.07,4.085,4.07,4.07,6372,26019.4248
1788251640000,2026-09-01T08:34:00Z,4.09,4.09,4.075,4.09,7679,31299.604
1788251700000,2026-09-01T08:35:00Z,4.09,4.13,4.084,4.13,69445.9883,284277.15310605
1788251760000,2026-09-01T08:36:00Z,4.13,4.134,4.125,4.13,24610.150664,101568.55280539
1788251820000,2026-09-01T08:37:00Z,4.133,4.145,4.133,4.145,5665.5903,23471.97405387
1788251880000,2026-09-01T08:38:00Z,4.16,4.16,4.145,4.16,6145.3425,25472.4446625
1788251940000,2026-09-01T08:39:00Z,4.145,4.152,4.145,4.152,8598.3662,35653.1254483
1788252000000,2026-09-01T08:40:00Z,4.15,4.155,4.15,4.15,58017,241020.0231
1788252060000,2026-09-01T08:41:00Z,4.15,4.165,4.15,4.15,30350.521,126273.3426205
1788252120000,2026-09-01T08:42:00Z,4.15,4.155,4.15,4.15,28457,118238.835
1788252180000,2026-09-01T08:43:00Z,4.16,4.16,4.1,4.11,84603.08,350578.242904
1788252240000,2026-09-01T08:44:00Z,4.1,4.117,4.1,4.1,57507,236480.2854
1788252300000,2026-09-01T08:45:00Z,4.102,4.104,4.1,4.104,1052.039229,4315.3597134351
1788252360000,2026-09-01T08:46:00Z,4.11,4.125,4.104,4.12,24757,101919.6176
1788252420000,2026-09-01T08:47:00Z,4.14,4.144,4.127,4.14,11183.6,46231.88404
1788252480000,2026-09-01T08:48:00Z,4.16,4.17,4.14,4.14,40147,166602.0206
1788252540000,2026-09-01T08:49:00Z,4.14,4.155,4.14,4.14,4455,18510.525
1788252600000,2026-09-01T08:50:00Z,4.155,4.155,4.141,4.143,41829,173540.1552
1788252660000,2026-09-01T08:51:00Z,4.13,4.145,4.13,4.13,2932.833422,12156.59453419
1788252720000,2026-09-01T08:52:00Z,4.14,4.145,4.14,4.14,30564,126626.652
1788252780000,2026-09-01T08:53:00Z,4.14,4.14,4.11,4.11,14128,58361.3552
1788252840000,2026-09-01T08:54:00Z,4.115,4.115,4.115,4.115,4369,17978.435
1788252900000,2026-09-01T08:55:00Z,4.12,4.12,4.115,4.12,6451,26545.865
1788252960000,2026-09-01T08:56:00Z,4.12,4.12,4.096,4.11,21285.602868,87417.84241859
1788253020000,2026-09-01T08:57:00Z,4.11,4.11,4.11,4.11,100,411
1788253080000,2026-09-01T08:58:00Z,4.095,4.095,4.09,4.095,11023,45139.185
1788253140000,2026-09-01T08:59:00Z,4.11,4.11,4.08,4.1,2300,9434
1788253200000,2026-09-01T09:00:00Z,4.104,4.115,4.104,4.115,4475,18385.5375
1788253260000,2026-09-01T09:01:00Z,4.115,4.115,4.115,4.115,2177,8958.355
1788253320000,2026-09-01T09:02:00Z,4.115,4.115,4.115,4.115,802,3300.23
1788253380000,2026-09-01T09:03:00Z,4.115,4.115,4.11,4.115,1466,6032.59
1788253440000,2026-09-01T09:04:00Z,4.115,4.115,4.115,4.115,944,3884.56
1788253500000,2026-09-01T09:05:00Z,4.115,4.115,4.115,4.115,3246,13357.29
1788253560000,2026-09-01T09:06:00Z,4.115,4.115,4.082,4.082,73451.223535,301598.0689570635
1788253620000,2026-09-01T09:07:00Z,4.081,4.081,4.06,4.075,3633,14805.5649
1788253680000,2026-09-01T09:08:00Z,4.073,4.08,4.065,4.065,7929,32236.9353
1788253740000,2026-09-01T09:09:00Z,4.065,4.065,4.065,4.065,4871,19800.615
1788253800000,2026-09-01T09:10:00Z,4.065,4.065,4.065,4.065,535.219211,2175.666092715
1788253860000,2026-09-01T09:11:00Z,4.065,4.065,4.065,4.065,8104,32942.76
1788253920000,2026-09-01T09:12:00Z,4.065,4.065,4.065,4.065,1201,4882.065
1788253980000,2026-09-01T09:13:00Z,4.065,4.065,4.065,4.065,1135,4613.775
1788254040000,2026-09-01T09:14:00Z,4.065,4.08,4.065,4.065,14410,58576.65
1788254100000,2026-09-01T09:15:00Z,4.06,4.07,4.057,4.06,50021.940886,203309.17653706
1788254160000,2026-09-01T09:16:00Z,4.056,4.056,4.055,4.055,1116,4525.38
1788254220000,2026-09-01T09:17:00Z,4.05,4.064,4.05,4.05,4452,18055.086
1788254280000,2026-09-01T09:18:00Z,4.064,4.065,4.064,4.065,914,3715.41
1788254340000,2026-09-01T09:19:00Z,4.065,4.065,4.065,4.065,480,1951.2
1788254400000,2026-09-01T09:20:00Z,4.06,4.065,4.06,4.06,1191,4841.415
1788254460000,2026-09-01T09:21:00Z,4.065,4.065,4.065,4.065,717,2914.605
1788254520000,2026-09-01T09:22:00Z,4.065,4.065,4.065,4.065,2081,8459.265
1788254580000,2026-09-01T09:23:00Z,4.065,4.065,4.065,4.065,1005,4085.325
1788254640000,2026-09-01T09:24:00Z,4.065,4.065,4.065,4.065,202,821.13
1788254700000,2026-09-01T09:25:00Z,4.06,4.08,4.06,4.08,61585,250669.4255
1788254760000,2026-09-01T09:26:00Z,4.075,4.075,4.075,4.075,572,2330.9
1788254820000,2026-09-01T09:27:00Z,4.09,4.09,4.075,4.09,2481,10110.075
1788254880000,2026-09-01T09:28:00Z,4.075,4.075,4.075,4.075,2110,8598.25
1788254940000,2026-09-01T09:29:00Z,4.075,4.075,4.075,4.075,105,427.875
1788255000000,2026-09-01T09:30:00Z,4.075,4.075,4.075,4.075,607,2473.525
1788255060000,2026-09-01T09:31:00Z,4.075,4.075,4.075,4.075,8377,34136.275
1788255120000,2026-09-01T09:32:00Z,4.09,4.09,4.075,4.08,1777,7247.1391
1788255180000,2026-09-01T09:33:00Z,4.085,4.085,4.085,4.085,21,85.785
1788255240000,2026-09-01T09:34:00Z,4.085,4.085,4.085,4.085,83,339.055
1788255300000,2026-09-01T09:35:00Z,4.08,4.085,4.08,4.08,20577,84057.045
1788255360000,2026-09-01T09:36:00Z,4.085,4.085,4.085,4.085,8252,33709.42
1788255420000,2026-09-01T09:37:00Z,4.085,4.085,4.085,4.085,2349,9595.665
1788255480000,2026-09-01T09:38:00Z,4.085,4.085,4.085,4.085,21,85.785
1788255540000,2026-09-01T09:39:00Z,4.085,4.085,4.085,4.085,507,2071.095
1788255600000,2026-09-01T09:40:00Z,4.085,4.085,4.085,4.085,413,1687.105
1788255660000,2026-09-01T09:41:00Z,4.1,4.1,4.087,4.1,34963,142893.781
1788255720000,2026-09-01T09:42:00Z,4.095,4.099,4.095,4.099,1639,6713.344
1788255780000,2026-09-01T09:43:00Z,4.1,4.105,4.1,4.105,4074,16714.8072
1788255840000,2026-09-01T09:44:00Z,4.105,4.114,4.105,4.114,21628,88878.1032
1788255900000,2026-09-01T09:45:00Z,4.115,4.115,4.107,4.107,3295,13548.0515
1788255960000,2026-09-01T09:46:00Z,4.106,4.114,4.105,4.114,2562,10535.7126
1788256020000,2026-09-01T09:47:00Z,4.1,4.115,4.1,4.1,4097,16859.155
1788256080000,2026-09-01T09:48:00Z,4.106,4.106,4.106,4.106,5000,20530
1788256140000,2026-09-01T09:49:00Z,4.105,4.105,4.105,4.105,875,3591.875
1788256200000,2026-09-01T09:50:00Z,4.105,4.105,4.105,4.105,3012,12364.26
1788256260000,2026-09-01T09:51:00Z,4.11,4.11,4.105,4.11,2202,9039.21
1788256380000,2026-09-01T09:53:00Z,4.12,4.12,4.105,4.12,3793.458084,15572.14543482
1788256440000,2026-09-01T09:54:00Z,4.105,4.114,4.105,4.114,12370.6972,50784.18614544
1788256500000,2026-09-01T09:55:00Z,4.12,4.12,4.096,4.12,13464.3822,55341.30371844
1788256560000,2026-09-01T09:56:00Z,4.096,4.096,4.095,4.095,561,2297.295
1788256620000,2026-09-01T09:57:00Z,4.095,4.095,4.095,4.095,491,2010.645
1788256680000,2026-09-01T09:58:00Z,4.095,4.095,4.095,4.095,423,1732.185
1788256740000,2026-09-01T09:59:00Z,4.095,4.095,4.095,4.095,186.7,764.5365
1788256800000,2026-09-01T10:00:00Z,4.1,4.1,3.97,4.03,722651.499631,2947334.14124503
1788256860000,2026-09-01T10:01:00Z,4.05,4.063,4.036,4.05,21573.4624,87368.20802752
1788256920000,2026-09-01T10:02:00Z,4.064,4.065,4.046,4.046,13029.866348,52884.31854663
1788256980000,2026-09-01T10:03:00Z,4.03,4.046,3.997,4.01,149060.904395,598032.34843274
1788257040000,2026-09-01T10:04:00Z,4.01,4.01,3.99,4,131319.6157,524805.71218348
1788257100000,2026-09-01T10:05:00Z,4.01,4.02,3.996,4.01,114457.847607,458117.53504702
1788257160000,2026-09-01T10:06:00Z,4.015,4.053,4.015,4.053,45204.036295,181688.5830804935
1788257220000,2026-09-01T10:07:00Z,4.054,4.055,4.054,4.055,6784.083748,27509.45959814
1788257280000,2026-09-01T10:08:00Z,4.08,4.093,4.057,4.08,16515.442315,67264.09346053
1788257340000,2026-09-01T10:09:00Z,4.1,4.11,4.094,4.11,80412.9534,329564.44821456
1788257400000,2026-09-01T10:10:00Z,4.08,4.096,4.08,4.08,20416.042998,83581.23842951
1788257460000,2026-09-01T10:11:00Z,4.095,4.095,4.086,4.094,30729.986464,125676.4256418208
1788257520000,2026-09-01T10:12:00Z,4.093,4.093,4.085,4.093,62117.8337,253962.55129908
1788257580000,2026-09-01T10:13:00Z,4.08,4.095,4.08,4.08,15380,62901.124
1788257640000,2026-09-01T10:14:00Z,4.085,4.085,4.085,4.085,19111.845359,78071.88829152
1788257700000,2026-09-01T10:15:00Z,4.087,4.094,4.076,4.076,12625,51645.0875
1788257760000,2026-09-01T10:16:00Z,4.076,4.095,4.075,4.095,36572,149586.7944
1788257820000,2026-09-01T10:17:00Z,4.095,4.095,4.095,4.095,12382.591687,50706.712958265
1788257880000,2026-09-01T10:18:00Z,4.07,4.093,4.07,4.07,3566,14577.4514
1788257940000,2026-09-01T10:19:00Z,4.076,4.076,4.076,4.076,600,2445.6
1788258000000,2026-09-01T10:20:00Z,4.075,4.075,4.075,4.075,27080,110351
1788258060000,2026-09-01T10:21:00Z,4.075,4.075,4.075,4.075,4401,17934.075
1788258120000,2026-09-01T10:22:00Z,4.075,4.075,4.075,4.075,2552,10399.4
1788258180000,2026-09-01T10:23:00Z,4.075,4.075,4.075,4.075,10006,40774.45
1788258240000,2026-09-01T10:24:00Z,4.09,4.09,4.075,4.09,4477,18243.775
1788258300000,2026-09-01T10:25:00Z,4.075,4.075,4.075,4.075,1030,4197.25
1788258360000,2026-09-01T10:26:00Z,4.075,4.075,4.075,4.075,30179,122979.425
1788258420000,2026-09-01T10:27:00Z,4.08,4.088,4.075,4.08,21909.545454,89390.94545232
1788258480000,2026-09-01T10:28:00Z,4.1,4.113,4.089,4.1,22970.6106,94213.9593759
1788258540000,2026-09-01T10:29:00Z,4.114,4.115,4.107,4.107,13887,57131.118
1788258600000,2026-09-01T10:30:00Z,4.106,4.106,4.105,4.105,4232.4906,17375.22041112
1788258660000,2026-09-01T10:31:00Z,4.105,4.115,4.105,4.115,1684.985822,6918.551785132
1788258720000,2026-09-01T10:32:00Z,4.12,4.15,4.115,4.15,40184.019935,165698.80620197
1788258780000,2026-09-01T10:33:00Z,4.135,4.135,4.119,4.119,10881,44937.4419
1788258840000,2026-09-01T10:34:00Z,4.118,4.118,4.115,4.115,7239.910668,29799.472309488
1788258900000,2026-09-01T10:35:00Z,4.115,4.115,4.115,4.115,2400,9876
1788258960000,2026-09-01T10:36:00Z,4.115,4.115,4.115,4.115,1750,7201.25
1788259020000,2026-09-01T10:37:00Z,4.115,4.115,4.115,4.115,656,2699.44
1788259080000,2026-09-01T10:38:00Z,4.115,4.115,4.115,4.115,4021,16546.415
1788259140000,2026-09-01T10:39:00Z,4.12,4.12,4.11,4.11,4747,19536.7532
1788259200000,2026-09-01T10:40:00Z,4.11,4.125,4.11,4.11,4145,17093.151
1788259260000,2026-09-01T10:41:00Z,4.13,4.13,4.121,4.13,5301,21860.2638
1788259320000,2026-09-01T10:42:00Z,4.14,4.14,4.126,4.14,8894.1476,36761.29086032
1788259380000,2026-09-01T10:43:00Z,4.131,4.131,4.13,4.13,477,1970.01
1788259440000,2026-09-01T10:44:00Z,4.13,4.13,4.126,4.126,3130,12924.709
1788259500000,2026-09-01T10:45:00Z,4.125,4.125,4.125,4.125,4403,18162.375
1788259560000,2026-09-01T10:46:00Z,4.11,4.125,4.11,4.11,50324,207586.5
1788259620000,2026-09-01T10:47:00Z,4.125,4.125,4.125,4.125,2337,9640.125
1788259680000,2026-09-01T10:48:00Z,4.13,4.13,4.125,4.13,4780.370646,19719.02891475
1788259740000,2026-09-01T10:49:00Z,4.125,4.125,4.125,4.125,258,1064.25
1788259800000,2026-09-01T10:50:00Z,4.125,4.125,4.125,4.125,15611,64395.375
1788259860000,2026-09-01T10:51:00Z,4.125,4.125,4.125,4.125,751,3097.875
1788259920000,2026-09-01T10:52:00Z,4.125,4.135,4.11,4.121,74213.153658,305980.832531934
1788259980000,2026-09-01T10:53:00Z,4.122,4.125,4.11,4.125,300,1233
1788260040000,2026-09-01T10:54:00Z,4.125,4.125,4.11,4.116,6549,26987.1192
1788260100000,2026-09-01T10:55:00Z,4.117,4.124,4.117,4.121,719,2964.1494
1788260160000,2026-09-01T10:56:00Z,4.121,4.125,4.121,4.125,11097,45754.0407
1788260220000,2026-09-01T10:57:00Z,4.125,4.125,4.12,4.125,11061,45590.1237
1788260280000,2026-09-01T10:58:00Z,4.125,4.125,4.125,4.125,4380,18067.5
1788260340000,2026-09-01T10:59:00Z,4.125,4.125,4.125,4.125,696,2871
1788260400000,2026-09-01T11:00:00Z,4.125,4.19,4.12,4.19,216469.150332,895814.28481892
1788260460000,2026-09-01T11:01:00Z,4.18,4.19,4.167,4.19,119891.576898,500859.05164908
1788260520000,2026-09-01T11:02:00Z,4.18,4.185,4.17,4.18,110752.512094,463499.26311339
1788260580000,2026-09-01T11:03:00Z,4.17,4.184,4.155,4.17,119646.956883,499155.13942019
1788260640000,2026-09-01T11:04:00Z,4.17,4.18,4.155,4.16,99770.94971,415286.6010729
1788260700000,2026-09-01T11:05:00Z,4.16,4.164,4.14,4.14,39734.654161,165165.03695103
1788260760000,2026-09-01T11:06:00Z,4.15,4.15,4.145,4.15,13606.550857,56407.31723278
1788260820000,2026-09-01T11:07:00Z,4.16,4.16,4.145,4.15,81729.752667,339039.53298852
1788260880000,2026-09-01T11:08:00Z,4.15,4.174,4.15,4.15,69130,288030.145
1788260940000,2026-09-01T11:09:00Z,4.14,4.18,4.14,4.18,103470,429700.563
1788261000000,2026-09-01T11:10:00Z,4.19,4.19,4.174,4.19,16828,70287.1904
1788261060000,2026-09-01T11:11:00Z,4.189,4.19,4.185,4.188,29299,122677.8429
1788261120000,2026-09-01T11:12:00Z,4.19,4.195,4.186,4.19,37651.4329,157759.503851
1788261180000,2026-09-01T11:13:00Z,4.21,4.22,4.195,4.22,61687.888483,258848.54886352
1788261240000,2026-09-01T11:14:00Z,4.211,4.215,4.211,4.215,41040.182033,172963.8471780785
1788261300000,2026-09-01T11:15:00Z,4.2,4.215,4.2,4.2,65575.256683,276255.44135414
1788261360000,2026-09-01T11:16:00Z,4.2,4.21,4.186,4.2,49149.0026,206420.89601974
1788261420000,2026-09-01T11:17:00Z,4.185,4.185,4.185,4.185,18040,75497.4
1788261480000,2026-09-01T11:18:00Z,4.2,4.2,4.185,4.2,6498,27194.13
1788261540000,2026-09-01T11:19:00Z,4.2,4.2,4.185,4.2,14371,60142.635
1788261600000,2026-09-01T11:20:00Z,4.185,4.185,4.185,4.185,5217.5,21835.2375
1788261660000,2026-09-01T11:21:00Z,4.2,4.2,4.17,4.18,98808,413452.1952
1788261720000,2026-09-01T11:22:00Z,4.19,4.19,4.175,4.19,11333.018012,47367.48208296
1788261780000,2026-09-01T11:23:00Z,4.175,4.175,4.175,4.175,11182,46684.85
1788261840000,2026-09-01T11:24:00Z,4.175,4.175,4.175,4.175,22318,93177.65
1788261900000,2026-09-01T11:25:00Z,4.175,4.175,4.175,4.175,32348,135052.9
1788261960000,2026-09-01T11:26:00Z,4.175,4.175,4.175,4.175,53846,224807.05
1788262020000,2026-09-01T11:27:00Z,4.175,4.175,4.175,4.175,6535,27283.625
1788262080000,2026-09-01T11:28:00Z,4.18,4.2,4.175,4.2,33604.5,140413.0428
1788262140000,2026-09-01T11:29:00Z,4.186,4.195,4.186,4.195,17306.623925,72571.8661047025
1788262200000,2026-09-01T11:30:00Z,4.2,4.2,4.195,4.2,25466.428571,106831.66785535
1788262260000,2026-09-01T11:31:00Z,4.19,4.195,4.185,4.19,13821.58713,57901.392805
1788262320000,2026-09-01T11:32:00Z,4.2,4.2,4.185,4.2,4442.78984,18593.0754804
1788262380000,2026-09-01T11:33:00Z,4.18,4.185,4.18,4.18,12299,51471.315
1788262440000,2026-09-01T11:34:00Z,4.185,4.185,4.185,4.185,4588,19200.78
1788262500000,2026-09-01T11:35:00Z,4.185,4.185,4.176,4.176,16699,69793.4705
1788262560000,2026-09-01T11:36:00Z,4.17,4.185,4.17,4.17,92516,387040.686
1788262620000,2026-09-01T11:37:00Z,4.185,4.185,4.185,4.185,10819,45277.515
1788262680000,2026-09-01T11:38:00Z,4.185,4.185,4.185,4.185,29891,125093.835
1788262740000,2026-09-01T11:39:00Z,4.18,4.185,4.177,4.18,45734,191383.0698
1788262800000,2026-09-01T11:40:00Z,4.177,4.177,4.175,4.175,4269.286979,17829.3962816998
1788262860000,2026-09-01T11:41:00Z,4.175,4.175,4.175,4.175,7927,33095.225
1788262920000,2026-09-01T11:42:00Z,4.175,4.175,4.175,4.175,1294.268075,5403.569213125
1788262980000,2026-09-01T11:43:00Z,4.175,4.175,4.175,4.175,3074.967234,12837.98820195
1788263040000,2026-09-01T11:44:00Z,4.175,4.175,4.175,4.175,2546.787652,10632.8384471
1788263100000,2026-09-01T11:45:00Z,4.175,4.175,4.175,4.175,2393,9990.775
1788263160000,2026-09-01T11:46:00Z,4.175,4.175,4.175,4.175,6086,25409.05
1788263220000,2026-09-01T11:47:00Z,4.175,4.175,4.175,4.175,8518,35562.65
1788263280000,2026-09-01T11:48:00Z,4.175,4.175,4.175,4.175,1523,6358.525
1788263340000,2026-09-01T11:49:00Z,4.18,4.2,4.175,4.2,105137,439924.7491
1788263400000,2026-09-01T11:50:00Z,4.19,4.205,4.19,4.19,43050,180637.8
1788263460000,2026-09-01T11:51:00Z,4.205,4.205,4.205,4.205,22741,95625.905
1788263520000,2026-09-01T11:52:00Z,4.205,4.205,4.205,4.205,2204.890237,9271.563446585
1788263580000,2026-09-01T11:53:00Z,4.205,4.205,4.205,4.205,7742.945721,32559.086756805
1788263640000,2026-09-01T11:54:00Z,4.205,4.205,4.205,4.205,14851,62448.455
1788263700000,2026-09-01T11:55:00Z,4.195,4.205,4.195,4.195,7150.14758,30066.3705739
1788263760000,2026-09-01T11:56:00Z,4.19,4.21,4.19,4.21,63570.254489,267312.92012625
1788263820000,2026-09-01T11:57:00Z,4.21,4.21,4.185,4.21,109774.9,461285.10729
1788263880000,2026-09-01T11:58:00Z,4.185,4.185,4.185,4.185,9620,40259.7
1788263940000,2026-09-01T11:59:00Z,4.185,4.185,4.185,4.185,9232,38635.92
1788264000000,2026-09-01T12:00:00Z,4.185,4.185,4.185,4.185,1908,7984.98
1788264060000,2026-09-01T12:01:00Z,4.18,4.185,4.175,4.18,15415.46726,64432.02850662
1788264120000,2026-09-01T12:02:00Z,4.175,4.175,4.175,4.175,8969,37445.575
1788264180000,2026-09-01T12:03:00Z,4.16,4.175,4.16,4.17,41122.092924,171495.57633025
1788264240000,2026-09-01T12:04:00Z,4.165,4.165,4.155,4.155,81723,339959.5077
1788264300000,2026-09-01T12:05:00Z,4.155,4.155,4.155,4.155,48081.792901,199779.849503655
1788264360000,2026-09-01T12:06:00Z,4.155,4.155,4.151,4.155,8458,35137.9152
1788264420000,2026-09-01T12:07:00Z,4.155,4.155,4.155,4.155,18430,76576.65
1788264480000,2026-09-01T12:08:00Z,4.16,4.165,4.155,4.16,29283.188408,121844.41864685
1788264540000,2026-09-01T12:09:00Z,4.165,4.165,4.165,4.165,13451.985416,56027.51925764
1788264600000,2026-09-01T12:10:00Z,4.165,4.165,4.165,4.165,16050,66848.25
1788264660000,2026-09-01T12:11:00Z,4.15,4.165,4.15,4.15,29239,121777.5111
1788264720000,2026-09-01T12:12:00Z,4.165,4.17,4.155,4.17,46040,191328.428
1788264780000,2026-09-01T12:13:00Z,4.17,4.17,4.155,4.17,49480,205589.4
1788264840000,2026-09-01T12:14:00Z,4.155,4.155,4.155,4.155,13678.580492,56834.50194426
1788264900000,2026-09-01T12:15:00Z,4.16,4.175,4.155,4.16,30084.752999,125179.64875354
1788264960000,2026-09-01T12:16:00Z,4.175,4.175,4.175,4.175,26456.785604,110457.0798967
1788265020000,2026-09-01T12:17:00Z,4.175,4.175,4.175,4.175,7002.026215,29233.459447625
1788265080000,2026-09-01T12:18:00Z,4.175,4.175,4.175,4.175,2696.670194,11258.59805995
1788265140000,2026-09-01T12:19:00Z,4.18,4.18,4.16,4.18,21998,91722.8608
1788265200000,2026-09-01T12:20:00Z,4.17,4.17,4.165,4.17,14760.884615,61479.08442148
1788265260000,2026-09-01T12:21:00Z,4.165,4.165,4.165,4.165,9104.516645,37920.311826425
1788265320000,2026-09-01T12:22:00Z,4.16,4.174,4.16,4.16,21439,89304.1545
1788265380000,2026-09-01T12:23:00Z,4.175,4.175,4.166,4.166,3175,13254.99
1788265440000,2026-09-01T12:24:00Z,4.165,4.165,4.165,4.165,3434,14302.61
1788265500000,2026-09-01T12:25:00Z,4.165,4.165,4.165,4.165,23632.978125,98431.353890625
1788265560000,2026-09-01T12:26:00Z,4.165,4.165,4.165,4.165,5639,23486.435
1788265620000,2026-09-01T12:27:00Z,4.15,4.17,4.15,4.17,14554.164288,60618.09425952
1788265680000,2026-09-01T12:28:00Z,4.156,4.156,4.155,4.155,5004,20792.6208
1788265740000,2026-09-01T12:29:00Z,4.155,4.155,4.155,4.155,16142.93882,67073.9107971
1788265800000,2026-09-01T12:30:00Z,4.15,4.155,4.13,4.14,103450.983389,429704.34970289
1788265860000,2026-09-01T12:31:00Z,4.145,4.145,4.145,4.145,7419.701927,30754.664487415
1788265920000,2026-09-01T12:32:00Z,4.15,4.152,4.14,4.14,22727,94214.7785
1788265980000,2026-09-01T12:33:00Z,4.17,4.17,4.153,4.17,8318,34552.1402
1788266040000,2026-09-01T12:34:00Z,4.155,4.155,4.155,4.155,1451,6028.905
1788266100000,2026-09-01T12:35:00Z,4.17,4.17,4.155,4.17,71303,296285.3559
1788266160000,2026-09-01T12:36:00Z,4.164,4.165,4.164,4.165,15523,64653.295
1788266220000,2026-09-01T12:37:00Z,4.165,4.165,4.165,4.165,12285.119341,51167.522055265
1788266280000,2026-09-01T12:38:00Z,4.165,4.165,4.165,4.165,8584.398541,35754.019923265
1788266340000,2026-09-01T12:39:00Z,4.165,4.165,4.165,4.165,6060,25239.9
1788266400000,2026-09-01T12:40:00Z,4.165,4.165,4.165,4.165,10871.695318,45280.61099947
1788266460000,2026-09-01T12:41:00Z,4.165,4.169,4.165,4.165,10376,43253.3936
1788266520000,2026-09-01T12:42:00Z,4.165,4.165,4.165,4.165,22593,94099.845
1788266580000,2026-09-01T12:43:00Z,4.165,4.165,4.165,4.165,18728.703348,78005.04944442
1788266640000,2026-09-01T12:44:00Z,4.165,4.165,4.165,4.165,8196,34136.34
1788266700000,2026-09-01T12:45:00Z,4.16,4.18,4.16,4.18,24251.388378,101033.70912159
1788266760000,2026-09-01T12:46:00Z,4.174,4.175,4.174,4.175,8097.448826,33806.0391036674
1788266820000,2026-09-01T12:47:00Z,4.18,4.192,4.17,4.18,71088,297204.7104
1788266880000,2026-09-01T12:48:00Z,4.193,4.195,4.193,4.195,6261,26261.7645
1788266940000,2026-09-01T12:49:00Z,4.185,4.22,4.185,4.2,204413.835523,857904.42630648
1788267000000,2026-09-01T12:50:00Z,4.213,4.215,4.213,4.215,14246.69101,60048.377938049
1788267060000,2026-09-01T12:51:00Z,4.21,4.215,4.21,4.21,17202.901417,72510.22947266
1788267120000,2026-09-01T12:52:00Z,4.2,4.22,4.2,4.2,31494,132580.2918
1788267180000,2026-09-01T12:53:00Z,4.206,4.206,4.195,4.195,13445.72249,56411.528706795
1788267240000,2026-09-01T12:54:00Z,4.195,4.195,4.195,4.195,18956.381405,79522.019993975
1788267300000,2026-09-01T12:55:00Z,4.19,4.2,4.185,4.2,11974.592314,50193.89860259
1788267360000,2026-09-01T12:56:00Z,4.185,4.185,4.185,4.185,2843,11897.955
1788267420000,2026-09-01T12:57:00Z,4.18,4.185,4.16,4.16,41018.779936,171462.60201047
1788267480000,2026-09-01T12:58:00Z,4.16,4.175,4.16,4.16,9809,40899.6064
1788267540000,2026-09-01T12:59:00Z,4.175,4.175,4.175,4.175,579,2417.325
1788267600000,2026-09-01T13:00:00Z,4.17,4.18,4.16,4.18,113663.786977,474523.57787158
1788267660000,2026-09-01T13:01:00Z,4.175,4.175,4.175,4.175,5578.566805,23290.516410875
1788267720000,2026-09-01T13:02:00Z,4.175,4.175,4.175,4.175,7319.529596,30559.0360633
1788267780000,2026-09-01T13:03:00Z,4.175,4.175,4.175,4.175,3333,13915.275
1788267840000,2026-09-01T13:04:00Z,4.175,4.175,4.175,4.175,3555.709027,14845.085187725
1788267900000,2026-09-01T13:05:00Z,4.17,4.19,4.17,4.19,23299.351178,97330.70961098
1788267960000,2026-09-01T13:06:00Z,4.185,4.185,4.185,4.185,11714.351346,49024.56038301
1788268020000,2026-09-01T13:07:00Z,4.17,4.183,4.155,4.16,29745,124134.8085
1788268080000,2026-09-01T13:08:00Z,4.155,4.155,4.155,4.155,17064.064791,70901.189206605
1788268140000,2026-09-01T13:09:00Z,4.155,4.155,4.155,4.155,26239,109023.045
1788268200000,2026-09-01T13:10:00Z,4.14,4.155,4.14,4.14,11311.240963,46948.43674103
1788268260000,2026-09-01T13:11:00Z,4.15,4.154,4.15,4.15,9366,38873.583
1788268320000,2026-09-01T13:12:00Z,4.155,4.155,4.155,4.155,2443.202154,10151.50494987
1788268380000,2026-09-01T13:13:00Z,4.155,4.155,4.155,4.155,2425,10075.875
1788268440000,2026-09-01T13:14:00Z,4.155,4.155,4.155,4.155,3436.013175,14276.634742125
1788268500000,2026-09-01T13:15:00Z,4.155,4.155,4.155,4.155,21624.43875,89849.54300625
1788268560000,2026-09-01T13:16:00Z,4.155,4.155,4.155,4.155,2158.91,8970.27105
1788268620000,2026-09-01T13:17:00Z,4.15,4.155,4.15,4.15,8225.090304,34175.25021312
1788268680000,2026-09-01T13:18:00Z,4.155,4.155,4.155,4.155,10274,42688.47
1788268740000,2026-09-01T13:19:00Z,4.15,4.155,4.136,4.14,76771.906531,318173.48942708
1788268800000,2026-09-01T13:20:00Z,4.13,4.136,4.12,4.12,36065,149096.3165
1788268860000,2026-09-01T13:21:00Z,4.115,4.127,4.115,4.115,56810.603052,234355.09971011
1788268920000,2026-09-01T13:22:00Z,4.11,4.125,4.11,4.12,34644.433287,142776.63846238
1788268980000,2026-09-01T13:23:00Z,4.12,4.13,4.115,4.12,24667,101576.2393
1788269040000,2026-09-01T13:24:00Z,4.13,4.14,4.12,4.12,60338,249298.5146
1788269100000,2026-09-01T13:25:00Z,4.128,4.128,4.125,4.125,27933.435919,115231.0098530588
1788269160000,2026-09-01T13:26:00Z,4.11,4.125,4.11,4.11,45400,187038.92
1788269220000,2026-09-01T13:27:00Z,4.1,4.115,4.1,4.11,38124.874527,156883.85867861
1788269280000,2026-09-01T13:28:00Z,4.1,4.106,4.09,4.09,65600,269163.36
1788269340000,2026-09-01T13:29:00Z,4.1,4.105,4.08,4.08,84880.3079,347966.82223605
1788269400000,2026-09-01T13:30:00Z,4.08,4.094,3.99,3.995,3271895.178375,13266226.19023928
1788269460000,2026-09-01T13:31:00Z,3.995,4.04,3.995,4.04,723199.979982,2905383.59957969
1788269520000,2026-09-01T13:32:00Z,4.03,4.044,4,4,710217.93387,2863669.73115723
1788269580000,2026-09-01T13:33:00Z,4.005,4.025,4.005,4.025,570860.363722,2292118.53241657
1788269640000,2026-09-01T13:34:00Z,4.03,4.055,4.01,4.05,620873.162981,2502739.71997641
1788269700000,2026-09-01T13:35:00Z,4.055,4.055,4.01,4.015,986965.558576,3973819.42849455
1788269760000,2026-09-01T13:36:00Z,4.02,4.04,4.016,4.03,649719.726316,2613887.4309419
1788269820000,2026-09-01T13:37:00Z,4.02,4.025,4,4.005,528432.110386,2118431.48732644
1788269880000,2026-09-01T13:38:00Z,4.01,4.034,3.98,4.03,948594.427837,3799405.26181554
1788269940000,2026-09-01T13:39:00Z,4.02,4.035,4.01,4.035,394225.920406,1589637.17885311
1788270000000,2026-09-01T13:40:00Z,4.04,4.05,4.01,4.025,534809.097463,2154745.85367843
1788270060000,2026-09-01T13:41:00Z,4.02,4.045,4.01,4.025,339653.094764,1367783.01261463
1788270120000,2026-09-01T13:42:00Z,4.03,4.06,4.02,4.06,365441.986438,1476641.43460003
1788270180000,2026-09-01T13:43:00Z,4.065,4.065,4.045,4.06,236920.779758,959931.92334549
1788270240000,2026-09-01T13:44:00Z,4.055,4.055,4.045,4.05,136888.66573,553714.65287785
1788270300000,2026-09-01T13:45:00Z,4.055,4.055,4.025,4.03,361844.714089,1462612.51881915
1788270360000,2026-09-01T13:46:00Z,4.02,4.035,4.02,4.02,150755.709015,608299.28587553
1788270420000,2026-09-01T13:47:00Z,4.02,4.065,4.02,4.065,304195.99291,1228434.67816845
1788270480000,2026-09-01T13:48:00Z,4.035,4.075,4.035,4.075,165411.414414,670528.25061003
1788270540000,2026-09-01T13:49:00Z,4.075,4.085,4.065,4.08,330308.559963,1345842.22756924
1788270600000,2026-09-01T13:50:00Z,4.09,4.095,4.065,4.09,555333.046551,2269646.16125394
1788270660000,2026-09-01T13:51:00Z,4.09,4.105,4.07,4.07,489735.185449,2005171.74330239
1788270720000,2026-09-01T13:52:00Z,4.06,4.077,4.06,4.065,190702.557569,775987.77700402
1788270780000,2026-09-01T13:53:00Z,4.065,4.084,4.06,4.075,328902.763841,1338864.48076756
1788270840000,2026-09-01T13:54:00Z,4.075,4.085,4.07,4.07,187955.347141,767534.45558499
1788270900000,2026-09-01T13:55:00Z,4.075,4.12,4.075,4.12,263799.205835,1080099.46837082
1788270960000,2026-09-01T13:56:00Z,4.12,4.135,4.105,4.115,280210.898494,1152815.65749417
1788271020000,2026-09-01T13:57:00Z,4.115,4.115,4.11,4.115,139734.467237,575007.332680255
1788271080000,2026-09-01T13:58:00Z,4.115,4.13,4.11,4.122,374117.024197,1539267.0843561368
1788271140000,2026-09-01T13:59:00Z,4.123,4.13,4.11,4.125,192545.564214,794173.4341570644
1788271200000,2026-09-01T14:00:00Z,4.125,4.125,4.1,4.1,127622.360509,525446.7826876548
1788271260000,2026-09-01T14:01:00Z,4.115,4.115,4.1,4.105,82928.104895,341249.151642925
1788271320000,2026-09-01T14:02:00Z,4.115,4.125,4.11,4.116,277059.653132,1140848.5337016364
1788271380000,2026-09-01T14:03:00Z,4.115,4.135,4.115,4.135,458764.499777,1893963.3608793668
1788271440000,2026-09-01T14:04:00Z,4.135,4.14,4.13,4.135,301451.788393,1246503.145005055
1788271500000,2026-09-01T14:05:00Z,4.135,4.15,4.135,4.135,335098.883237,1385633.882184995
1788271560000,2026-09-01T14:06:00Z,4.135,4.155,4.135,4.143,205582.441495,850494.560464815
1788271620000,2026-09-01T14:07:00Z,4.143,4.17,4.143,4.17,273710.229466,1134583.6431824632
1788271680000,2026-09-01T14:08:00Z,4.155,4.18,4.155,4.172,234270.466917,975595.9324291548
1788271740000,2026-09-01T14:09:00Z,4.173,4.185,4.165,4.165,373379.697152,1557852.1104272896
1788271800000,2026-09-01T14:10:00Z,4.165,4.17,4.15,4.155,165392.112163,688130.4218653778
1788271860000,2026-09-01T14:11:00Z,4.155,4.17,4.155,4.155,153483.415214,637723.59021417
1788271920000,2026-09-01T14:12:00Z,4.155,4.165,4.145,4.16,184500.18855,766598.28342525
1788271980000,2026-09-01T14:13:00Z,4.155,4.165,4.14,4.15,144104.942983,597934.6399193619
1788272040000,2026-09-01T14:14:00Z,4.145,4.145,4.14,4.145,72881.62664,302094.3424228
1788272100000,2026-09-01T14:15:00Z,4.145,4.15,4.13,4.14,184566.021378,764011.045494231
1788272160000,2026-09-01T14:16:00Z,4.145,4.145,4.13,4.14,31164,128874.12
1788272220000,2026-09-01T14:17:00Z,4.141,4.145,4.14,4.145,87077.783526,360919.9971585648
1788272280000,2026-09-01T14:18:00Z,4.145,4.145,4.13,4.135,229091.112455,948047.7506725265
1788272340000,2026-09-01T14:19:00Z,4.135,4.14,4.125,4.125,137081.355554,566433.8692846834
1788272400000,2026-09-01T14:20:00Z,4.125,4.14,4.125,4.135,102126.861988,421273.3057005
1788272460000,2026-09-01T14:21:00Z,4.125,4.135,4.105,4.115,132424.123807,545878.7231572154
1788272520000,2026-09-01T14:22:00Z,4.115,4.115,4.105,4.115,71490.022275,294181.441661625
1788272580000,2026-09-01T14:23:00Z,4.105,4.125,4.1,4.115,81422.762608,335054.66813192
1788272640000,2026-09-01T14:24:00Z,4.115,4.12,4.1,4.119,408004.268867,1678692.7638263848
1788272700000,2026-09-01T14:25:00Z,4.121,4.125,4.115,4.125,58711.634533,242167.8789582651
1788272760000,2026-09-01T14:26:00Z,4.125,4.125,4.11,4.125,60561.500387,249816.189096375
1788272820000,2026-09-01T14:27:00Z,4.11,4.125,4.11,4.115,150587.163423,621172.04911988
1788272880000,2026-09-01T14:28:00Z,4.11,4.125,4.11,4.11,92623.221071,382070.78691788
1788272940000,2026-09-01T14:29:00Z,4.11,4.125,4.11,4.11,33279.85911,137279.41882875
1788273000000,2026-09-01T14:30:00Z,4.115,4.14,4.11,4.14,149448.80189,616521.14243682
1788273060000,2026-09-01T14:31:00Z,4.15,4.15,4.135,4.145,86722.08427,358595.81845645
1788273120000,2026-09-01T14:32:00Z,4.145,4.145,4.11,4.11,159888.932424,661044.80221379
1788273180000,2026-09-01T14:33:00Z,4.11,4.128,4.11,4.11,63310.041278,261160.25127588
1788273240000,2026-09-01T14:34:00Z,4.11,4.125,4.11,4.115,42416.034652,174966.1429395
1788273300000,2026-09-01T14:35:00Z,4.115,4.125,4.11,4.11,60390.062841,249109.00921913
1788273360000,2026-09-01T14:36:00Z,4.115,4.125,4.11,4.11,23142.728809,95463.75633713
1788273420000,2026-09-01T14:37:00Z,4.11,4.125,4.11,4.11,90138.579315,371821.63967438
1788273480000,2026-09-01T14:38:00Z,4.11,4.125,4.11,4.11,17414.6251,71835.3285375
1788273540000,2026-09-01T14:39:00Z,4.11,4.125,4.11,4.11,32447.274974,133845.00926775
1788273600000,2026-09-01T14:40:00Z,4.11,4.145,4.11,4.13,235909.697265,974920.41491734
1788273660000,2026-09-01T14:41:00Z,4.138,4.138,4.135,4.135,67748.435037,280173.6530955135
1788273720000,2026-09-01T14:42:00Z,4.14,4.14,4.125,4.13,167006.415855,690204.11544554
1788273780000,2026-09-01T14:43:00Z,4.13,4.13,4.125,4.13,63716.093381,262828.88519663
1788273840000,2026-09-01T14:44:00Z,4.13,4.135,4.125,4.13,54916.303343,226529.75128988
1788273900000,2026-09-01T14:45:00Z,4.13,4.135,4.107,4.11,242345.853449,998755.73123402
1788273960000,2026-09-01T14:46:00Z,4.105,4.106,4.105,4.105,96310.453482,395364.04258896
1788274020000,2026-09-01T14:47:00Z,4.11,4.125,4.1,4.1,199607.863891,820268.55587368
1788274080000,2026-09-01T14:48:00Z,4.095,4.105,4.095,4.095,273367.537984,1122173.74342432
1788274140000,2026-09-01T14:49:00Z,4.09,4.105,4.08,4.085,505631.841955,2074304.06843619
1788274200000,2026-09-01T14:50:00Z,4.085,4.095,4.08,4.095,184448.562186,754339.28477208
1788274260000,2026-09-01T14:51:00Z,4.095,4.1,4.085,4.095,70363.5994,287435.303549
1788274320000,2026-09-01T14:52:00Z,4.095,4.095,4.085,4.09,62399.458502,254901.78798067
1788274380000,2026-09-01T14:53:00Z,4.09,4.1,4.085,4.1,197384.877442,806633.04015448
1788274440000,2026-09-01T14:54:00Z,4.1,4.1,4.085,4.085,144958.623742,592518.37454543
1788274500000,2026-09-01T14:55:00Z,4.08,4.085,4.05,4.085,404256.732521,1647507.88771608
1788274560000,2026-09-01T14:56:00Z,4.072,4.075,4.072,4.075,33529.060041,136617.5080430586
1788274620000,2026-09-01T14:57:00Z,4.085,4.085,4.075,4.085,35245.182579,143624.11900943
1788274680000,2026-09-01T14:58:00Z,4.085,4.085,4.075,4.085,53552.038394,218224.55645555
1788274740000,2026-09-01T14:59:00Z,4.085,4.085,4.05,4.055,380611.091304,1549429.69158945
1788274800000,2026-09-01T15:00:00Z,4.055,4.07,4.055,4.065,241279.216638,980800.01563347
1788274860000,2026-09-01T15:01:00Z,4.065,4.065,4.05,4.055,239222.562459,972439.716395835
1788274920000,2026-09-01T15:02:00Z,4.055,4.065,4.05,4.05,55421.046257,225286.55303471
1788274980000,2026-09-01T15:03:00Z,4.05,4.065,4.05,4.055,114809.447152,466700.40267288
1788275040000,2026-09-01T15:04:00Z,4.055,4.065,4.05,4.05,158643.808136,644887.08007284
1788275100000,2026-09-01T15:05:00Z,4.05,4.065,4.05,4.055,191777.350338,779574.92912397
1788275160000,2026-09-01T15:06:00Z,4.065,4.065,4.055,4.055,40898.246032,166251.37012008
1788275220000,2026-09-01T15:07:00Z,4.05,4.08,4.05,4.08,558734.680062,2271256.47445203
1788275280000,2026-09-01T15:08:00Z,4.08,4.08,4.065,4.08,175225.138635,712745.77391173
1788275340000,2026-09-01T15:09:00Z,4.09,4.09,4.07,4.075,142162.727203,579426.84353399
1788275400000,2026-09-01T15:10:00Z,4.08,4.085,4.08,4.085,74110.584374,302660.2155249786
1788275460000,2026-09-01T15:11:00Z,4.085,4.085,4.085,4.085,54314.420407,221874.407362595
1788275520000,2026-09-01T15:12:00Z,4.085,4.085,4.085,4.085,32837.767425,134142.279931125
1788275580000,2026-09-01T15:13:00Z,4.08,4.105,4.08,4.105,161778.701119,661496.93100548
1788275640000,2026-09-01T15:14:00Z,4.095,4.095,4.095,4.095,56014.571545,229379.670476775
1788275700000,2026-09-01T15:15:00Z,4.1,4.105,4.095,4.1,67363.815445,275854.82424728
1788275760000,2026-09-01T15:16:00Z,4.105,4.105,4.095,4.105,65010.011,266215.995045
1788275820000,2026-09-01T15:17:00Z,4.105,4.12,4.095,4.115,117877.529824,482826.3621591
1788275880000,2026-09-01T15:18:00Z,4.115,4.12,4.098,4.12,110951.0628,455398.6372626
1788275940000,2026-09-01T15:19:00Z,4.12,4.12,4.105,4.12,150096.345847,616145.49970194
1788276000000,2026-09-01T15:20:00Z,4.12,4.12,4.105,4.12,82463.828175,338514.01465838
1788276060000,2026-09-01T15:21:00Z,4.115,4.115,4.105,4.11,30848.931151,126634.86237486
1788276120000,2026-09-01T15:22:00Z,4.11,4.115,4.105,4.11,42886.292243,176048.22965752
1788276180000,2026-09-01T15:23:00Z,4.11,4.12,4.105,4.12,155229.064597,637665.47445802
1788276240000,2026-09-01T15:24:00Z,4.12,4.125,4.11,4.11,132817.867015,547156.48495499
1788276300000,2026-09-01T15:25:00Z,4.12,4.135,4.12,4.13,464126.274639,1915170.65967037
1788276360000,2026-09-01T15:26:00Z,4.126,4.126,4.125,4.125,28431.033733,117278.01414863
1788276420000,2026-09-01T15:27:00Z,4.125,4.145,4.125,4.135,123667.870366,510661.7371023238
1788276480000,2026-09-01T15:28:00Z,4.135,4.15,4.135,4.143,110352.609798,456495.6409513866
1788276540000,2026-09-01T15:29:00Z,4.143,4.145,4.135,4.145,76806.707036,318348.4393228128
1788276600000,2026-09-01T15:30:00Z,4.145,4.17,4.14,4.165,486146.950115,2018141.8340123995
1788276660000,2026-09-01T15:31:00Z,4.165,4.173,4.155,4.166,288379.050054,1202050.3943400882
1788276720000,2026-09-01T15:32:00Z,4.166,4.166,4.165,4.165,82428.026498,343312.73036417
1788276780000,2026-09-01T15:33:00Z,4.165,4.17,4.15,4.155,126346.550098,525879.6108178956
1788276840000,2026-09-01T15:34:00Z,4.155,4.16,4.155,4.155,121104.192941,503187.921669855
1788276900000,2026-09-01T15:35:00Z,4.155,4.155,4.155,4.155,44561.579779,185153.363981745
1788276960000,2026-09-01T15:36:00Z,4.155,4.165,4.15,4.155,67282.522957,279558.882886335
1788277020000,2026-09-01T15:37:00Z,4.155,4.16,4.15,4.155,76441.046583,317612.548552365
1788277080000,2026-09-01T15:38:00Z,4.155,4.155,4.127,4.127,289126.003588,1199063.3620801536
1788277140000,2026-09-01T15:39:00Z,4.126,4.13,4.115,4.115,118188.180255,487218.954283212
1788277200000,2026-09-01T15:40:00Z,4.115,4.125,4.115,4.115,121185.430765,498678.047597975
1788277260000,2026-09-01T15:41:00Z,4.115,4.125,4.115,4.12,26298.401499,108217.922168385
1788277320000,2026-09-01T15:42:00Z,4.12,4.12,4.1,4.105,128586.457156,528233.165996848
1788277380000,2026-09-01T15:43:00Z,4.105,4.105,4.1,4.105,25366.585208,104129.83227884
1788277440000,2026-09-01T15:44:00Z,4.105,4.105,4.1,4.105,15398.921959,63212.574641695
1788277500000,2026-09-01T15:45:00Z,4.105,4.105,4.08,4.095,3586.13672,14721.0912356
1788277560000,2026-09-01T15:46:00Z,4.08,4.095,4.075,4.087,132606.96545,542853.134462665
1788277620000,2026-09-01T15:47:00Z,4.087,4.087,4.07,4.085,165195.924568,674891.4302301072
1788277680000,2026-09-01T15:48:00Z,4.085,4.085,4.07,4.085,151015.718314,616899.20931269
1788277740000,2026-09-01T15:49:00Z,4.085,4.085,4.07,4.075,66139.975128,270181.79839788
1788277800000,2026-09-01T15:50:00Z,4.085,4.085,4.075,4.085,97764.103401,399366.362393085
1788277860000,2026-09-01T15:51:00Z,4.085,4.085,4.07,4.075,334448.709546,1365353.4118505904
1788277920000,2026-09-01T15:52:00Z,4.075,4.095,4.075,4.084,388482.817908,1583145.1795386816
1788277980000,2026-09-01T15:53:00Z,4.085,4.1,4.085,4.085,60498.034641,247134.471508485
1788278040000,2026-09-01T15:54:00Z,4.085,4.1,4.085,4.085,41617.473747,170007.380256495
1788278100000,2026-09-01T15:55:00Z,4.085,4.1,4.085,4.093,120949.280602,494307.6148923138
1788278160000,2026-09-01T15:56:00Z,4.094,4.095,4.085,4.095,31616.765601,129467.4934595349
1788278220000,2026-09-01T15:57:00Z,4.08,4.095,4.08,4.085,23982.220726,98207.19387297
1788278280000,2026-09-01T15:58:00Z,4.08,4.095,4.08,4.08,69789.742032,285788.99362104
1788278340000,2026-09-01T15:59:00Z,4.08,4.095,4.08,4.08,57242.131905,234406.53015098
1788278400000,2026-09-01T16:00:00Z,4.08,4.095,4.08,4.085,132341.7,541939.2615
1788278460000,2026-09-01T16:01:00Z,4.085,4.095,4.08,4.08,49000.327474,200656.34100603
1788278520000,2026-09-01T16:02:00Z,4.085,4.095,4.08,4.08,69419.087101,284271.1616786
1788278580000,2026-09-01T16:03:00Z,4.08,4.095,4.08,4.08,105239.808133,430957.01430464
1788278640000,2026-09-01T16:04:00Z,4.08,4.095,4.08,4.08,27980.557215,114580.38179543
1788278700000,2026-09-01T16:05:00Z,4.085,4.095,4.085,4.085,138008.739113,565145.78666774
1788278760000,2026-09-01T16:06:00Z,4.08,4.095,4.08,4.08,27279.871584,111711.07413648
1788278820000,2026-09-01T16:07:00Z,4.08,4.095,4.08,4.085,44346.964591,181600.82000015
1788278880000,2026-09-01T16:08:00Z,4.08,4.095,4.08,4.085,95978.006166,393029.93524977
1788278940000,2026-09-01T16:09:00Z,4.09,4.105,4.09,4.1,385453.2192,1578469.47794592
1788279000000,2026-09-01T16:10:00Z,4.105,4.105,4.105,4.105,37841.112132,155337.76530186
1788279060000,2026-09-01T16:11:00Z,4.105,4.105,4.105,4.105,36534.04176,149972.2414248
1788279120000,2026-09-01T16:12:00Z,4.105,4.105,4.105,4.105,73519.03829,301795.65218045
1788279180000,2026-09-01T16:13:00Z,4.105,4.105,4.105,4.105,17105.300594,70217.25893837
1788279240000,2026-09-01T16:14:00Z,4.105,4.105,4.105,4.105,28711.07599,117858.96693895
1788279300000,2026-09-01T16:15:00Z,4.105,4.105,4.105,4.105,30096.26316,123545.1602718
1788279360000,2026-09-01T16:16:00Z,4.1,4.105,4.1,4.1,12779.421,52459.523205
1788279420000,2026-09-01T16:17:00Z,4.1,4.105,4.1,4.1,26474.68461,108678.58032405
1788279480000,2026-09-01T16:18:00Z,4.1,4.11,4.095,4.1,176984.882428,725956.59074317
1788279540000,2026-09-01T16:19:00Z,4.1,4.1,4.095,4.1,12995.64594,53217.1701243
1788279600000,2026-09-01T16:20:00Z,4.1,4.105,4.095,4.1,52507,215016.165
1788279660000,2026-09-01T16:21:00Z,4.1,4.1,4.095,4.1,32550.957253,133296.16995104
1788279720000,2026-09-01T16:22:00Z,4.1,4.105,4.095,4.1,25879.098,105974.90631
1788279780000,2026-09-01T16:23:00Z,4.1,4.1,4.095,4.1,54290.909412,222321.27404214
1788279840000,2026-09-01T16:24:00Z,4.1,4.1,4.095,4.1,44845.28015,183641.42221425
1788279900000,2026-09-01T16:25:00Z,4.1,4.105,4.095,4.1,48386.101063,198141.08385299
1788279960000,2026-09-01T16:26:00Z,4.1,4.1,4.095,4.1,60493.288119,247720.01484731
1788280020000,2026-09-01T16:27:00Z,4.1,4.1,4.095,4.1,28133.513266,115206.73682427
1788280080000,2026-09-01T16:28:00Z,4.1,4.1,4.095,4.1,73397.558035,300563.00015333
1788280140000,2026-09-01T16:29:00Z,4.1,4.105,4.065,4.065,1029933.930372,4214283.65629615
1788280200000,2026-09-01T16:30:00Z,4.065,4.075,4.06,4.06,49181.388112,200414.1565564
1788280260000,2026-09-01T16:31:00Z,4.06,4.075,4.06,4.065,56287.904845,229373.21224338
1788280320000,2026-09-01T16:32:00Z,4.07,4.075,4.06,4.06,158187.608889,644614.50622268
1788280380000,2026-09-01T16:33:00Z,4.05,4.075,4.05,4.055,565376.246026,2303286.28868532
1788280440000,2026-09-01T16:34:00Z,4.055,4.065,4.055,4.055,81986.915182,333276.81021483
1788280500000,2026-09-01T16:35:00Z,4.055,4.065,4.055,4.055,34056.303783,138438.8748779
1788280560000,2026-09-01T16:36:00Z,4.065,4.065,4.065,4.065,43021.809595,174883.656003675
1788280620000,2026-09-01T16:37:00Z,4.05,4.065,4.05,4.055,101959.990347,414467.36076056
1788280680000,2026-09-01T16:38:00Z,4.05,4.065,4.05,4.05,15896.290698,64618.42168737
1788280740000,2026-09-01T16:39:00Z,4.05,4.065,4.05,4.05,53139.672166,216012.76735479
1788280800000,2026-09-01T16:40:00Z,4.05,4.065,4.05,4.05,11260.511761,45773.98030847
1788280860000,2026-09-01T16:41:00Z,4.05,4.065,4.05,4.05,49982.491871,203178.82945562
1788280920000,2026-09-01T16:42:00Z,4.05,4.07,4.05,4.065,275267.990369,1118193.63047695
1788280980000,2026-09-01T16:43:00Z,4.065,4.07,4.055,4.07,293618.954755,1190918.48048628
1788281040000,2026-09-01T16:44:00Z,4.064,4.065,4.064,4.065,30189.869271,122721.818586615
1788281100000,2026-09-01T16:45:00Z,4.065,4.065,4.065,4.065,27895.198537,113393.982052905
1788281160000,2026-09-01T16:46:00Z,4.065,4.065,4.065,4.065,56313.786558,228915.54235827
1788281220000,2026-09-01T16:47:00Z,4.065,4.065,4.065,4.065,131774.365652,535662.79637538
1788281280000,2026-09-01T16:48:00Z,4.065,4.065,4.06,4.06,91495.008354,371927.20895901
1788281340000,2026-09-01T16:49:00Z,4.06,4.065,4.05,4.05,67473.041224,274257.67066319
1788281400000,2026-09-01T16:50:00Z,4.045,4.056,4.045,4.045,39658.301174,160814.41126057
1788281460000,2026-09-01T16:51:00Z,4.04,4.055,4.04,4.04,23530.019412,95414.22871566
1788281520000,2026-09-01T16:52:00Z,4.04,4.055,4.04,4.045,18029.979742,73111.56785381
1788281580000,2026-09-01T16:53:00Z,4.04,4.055,4.04,4.04,91953.895755,372873.04728653
1788281640000,2026-09-01T16:54:00Z,4.045,4.055,4.045,4.045,84276.643828,341741.79072254
1788281700000,2026-09-01T16:55:00Z,4.045,4.055,4.04,4.04,18339.537416,74366.82422188
1788281760000,2026-09-01T16:56:00Z,4.04,4.055,4.04,4.04,117100.398234,474842.11483887
1788281820000,2026-09-01T16:57:00Z,4.055,4.055,4.04,4.055,20880.364603,84669.878465165
1788281880000,2026-09-01T16:58:00Z,4.04,4.055,4.04,4.04,40187.637868,162960.87155474
1788281940000,2026-09-01T16:59:00Z,4.04,4.055,4.04,4.04,86760.924861,351815.55031136
1788282000000,2026-09-01T17:00:00Z,4.04,4.055,4.04,4.045,32050.244177,129963.74013774
1788282060000,2026-09-01T17:01:00Z,4.045,4.055,4.045,4.045,28273.724276,114649.95193918
1788282120000,2026-09-01T17:02:00Z,4.045,4.055,4.045,4.045,19792.149339,80257.16556965
1788282180000,2026-09-01T17:03:00Z,4.04,4.055,4.04,4.045,47718.894785,193500.11835318
1788282240000,2026-09-01T17:04:00Z,4.045,4.055,4.04,4.04,31820.308348,129031.35035114
1788282300000,2026-09-01T17:05:00Z,4.04,4.06,4.04,4.055,606172.197755,2457058.38638012
1788282360000,2026-09-01T17:06:00Z,4.05,4.055,4.045,4.055,66544.038471,269170.6356152
1788282420000,2026-09-01T17:07:00Z,4.05,4.05,4.045,4.05,63594.399398,257239.34556491
1788282480000,2026-09-01T17:08:00Z,4.05,4.055,4.045,4.055,73665.468876,297976.82160342
1788282540000,2026-09-01T17:09:00Z,4.06,4.065,4.045,4.065,296381.812582,1199546.11006313
1788282600000,2026-09-01T17:10:00Z,4.065,4.065,4.055,4.065,37515.227024,152124.24558232
1788282660000,2026-09-01T17:11:00Z,4.07,4.075,4.055,4.075,190768.038055,774327.46646525
1788282720000,2026-09-01T17:12:00Z,4.075,4.075,4.065,4.075,32577.987303,132429.5183867
1788282780000,2026-09-01T17:13:00Z,4.065,4.065,4.065,4.065,41054.934972,166888.31066118
1788282840000,2026-09-01T17:14:00Z,4.065,4.065,4.065,4.065,40261.722557,163663.902194205
1788282900000,2026-09-01T17:15:00Z,4.07,4.07,4.065,4.07,25125.346436,102134.53326234
1788282960000,2026-09-01T17:16:00Z,4.07,4.075,4.065,4.075,56348.963814,229058.53790391
1788283020000,2026-09-01T17:17:00Z,4.07,4.07,4.065,4.07,16880.42685,68618.93514525
1788283080000,2026-09-01T17:18:00Z,4.07,4.075,4.065,4.075,20683.909853,84080.09355245
1788283140000,2026-09-01T17:19:00Z,4.07,4.07,4.065,4.07,16319.467838,66338.63676147
1788283200000,2026-09-01T17:20:00Z,4.065,4.065,4.065,4.065,11721.070741,47646.152562165
1788283260000,2026-09-01T17:21:00Z,4.07,4.07,4.055,4.055,82357.84228,334578.7342625
1788283320000,2026-09-01T17:22:00Z,4.055,4.055,4.055,4.055,45522.43712,184593.4825216
1788283380000,2026-09-01T17:23:00Z,4.055,4.055,4.055,4.055,78612.9598,318775.551989
1788283440000,2026-09-01T17:24:00Z,4.055,4.055,4.055,4.055,72834.826639,295345.222021145
1788283500000,2026-09-01T17:25:00Z,4.06,4.06,4.055,4.06,43460.881906,176233.87612883
1788283560000,2026-09-01T17:26:00Z,4.06,4.06,4.055,4.06,49024.732595,198795.29067273
1788283620000,2026-09-01T17:27:00Z,4.07,4.075,4.055,4.075,135581.856507,550340.31374756
1788283680000,2026-09-01T17:28:00Z,4.075,4.075,4.065,4.075,26640.730072,108294.56774268
1788283740000,2026-09-01T17:29:00Z,4.065,4.065,4.065,4.065,17256.675918,70148.38760667
1788283800000,2026-09-01T17:30:00Z,4.075,4.075,4.065,4.075,30072.702266,122245.53471129
1788283860000,2026-09-01T17:31:00Z,4.075,4.075,4.065,4.075,10091.915471,41023.63638962
1788283920000,2026-09-01T17:32:00Z,4.065,4.065,4.065,4.065,27636.714099,112343.242812435
1788283980000,2026-09-01T17:33:00Z,4.075,4.075,4.065,4.075,46924.312954,190747.33215801
1788284040000,2026-09-01T17:34:00Z,4.075,4.075,4.065,4.075,28247.100107,114824.46193496
1788284100000,2026-09-01T17:35:00Z,4.075,4.075,4.056,4.065,201577.134023,819390.89209009
1788284160000,2026-09-01T17:36:00Z,4.06,4.065,4.055,4.065,124698.508722,505652.45286771
1788284220000,2026-09-01T17:37:00Z,4.06,4.06,4.055,4.06,200209.996146,811851.53437203
1788284280000,2026-09-01T17:38:00Z,4.06,4.06,4.055,4.06,19952.384508,80906.91917994
1788284340000,2026-09-01T17:39:00Z,4.06,4.06,4.055,4.06,46396.291325,188136.96132288
1788284400000,2026-09-01T17:40:00Z,4.06,4.06,4.055,4.06,37088.07205,150392.13216275
1788284460000,2026-09-01T17:41:00Z,4.06,4.06,4.055,4.06,66941.499978,271447.78241079
1788284520000,2026-09-01T17:42:00Z,4.06,4.065,4.055,4.06,17782.966234,72109.92807887
1788284580000,2026-09-01T17:43:00Z,4.06,4.06,4.055,4.06,51093.829116,207185.47706538
1788284640000,2026-09-01T17:44:00Z,4.06,4.06,4.055,4.06,22429.759171,90952.67343841
1788284700000,2026-09-01T17:45:00Z,4.06,4.06,4.045,4.045,167547.879451,678853.74317162
1788284760000,2026-09-01T17:46:00Z,4.045,4.045,4.045,4.045,61494.857392,248746.69815064
1788284820000,2026-09-01T17:47:00Z,4.045,4.05,4.045,4.05,213311,862842.995
1788284880000,2026-09-01T17:48:00Z,4.045,4.045,4.045,4.045,31081.7116,125725.523422
1788284940000,2026-09-01T17:49:00Z,4.05,4.05,4.045,4.05,54166.730931,219104.4266159
1788285000000,2026-09-01T17:50:00Z,4.045,4.045,4.045,4.045,48825.737375,197500.107681875
1788285060000,2026-09-01T17:51:00Z,4.045,4.045,4.045,4.045,60479.457989,244639.407565505
1788285120000,2026-09-01T17:52:00Z,4.045,4.045,4.045,4.045,22669.69925,91698.93346625
1788285180000,2026-09-01T17:53:00Z,4.045,4.045,4.045,4.045,113019.653104,457164.49680568
1788285240000,2026-09-01T17:54:00Z,4.045,4.045,4.045,4.045,64133.742083,259420.986725735
1788285300000,2026-09-01T17:55:00Z,4.045,4.045,4.045,4.045,41998.180248,169882.63910316
1788285360000,2026-09-01T17:56:00Z,4.045,4.045,4.045,4.045,57188.023041,231325.553200845
1788285420000,2026-09-01T17:57:00Z,4.045,4.045,4.045,4.045,18316.083491,74088.5577211
1788285480000,2026-09-01T17:58:00Z,4.045,4.045,4.04,4.045,25389.121557,102698.996698065
1788285540000,2026-09-01T17:59:00Z,4.045,4.045,4.04,4.045,17151.398477,69377.406839465
1788285600000,2026-09-01T18:00:00Z,4.045,4.045,4.04,4.045,37885.512335,153246.897395075
1788285660000,2026-09-01T18:01:00Z,4.045,4.045,4.04,4.045,23230.065703,93965.615768635
1788285720000,2026-09-01T18:02:00Z,4.045,4.045,4.04,4.045,20525.653867,83026.269892015
1788285780000,2026-09-01T18:03:00Z,4.045,4.045,4.04,4.045,12871.549205,52065.416534225
1788285840000,2026-09-01T18:04:00Z,4.04,4.045,4.04,4.045,27951.84254,113065.2030743
1788285900000,2026-09-01T18:05:00Z,4.045,4.045,4.04,4.045,21372.247147,86450.739709615
1788285960000,2026-09-01T18:06:00Z,4.045,4.045,4.04,4.045,111548.249037,451212.667354665
1788286020000,2026-09-01T18:07:00Z,4.045,4.045,4.04,4.045,23124.056138,93536.80707821
1788286080000,2026-09-01T18:08:00Z,4.045,4.045,4.04,4.045,51531.011933,208442.943268985
1788286140000,2026-09-01T18:09:00Z,4.045,4.045,4.04,4.045,29663.772957,119989.961611065
1788286200000,2026-09-01T18:10:00Z,4.045,4.045,4.04,4.045,63355.491725,256272.964027625
1788286260000,2026-09-01T18:11:00Z,4.045,4.045,4.04,4.045,45291.16303,183202.75445635
1788286320000,2026-09-01T18:12:00Z,4.04,4.045,4.04,4.045,134614.14881,544514.23193645
1788286380000,2026-09-01T18:13:00Z,4.045,4.045,4.04,4.04,40217.358668,162679.21581206
1788286440000,2026-09-01T18:14:00Z,4.045,4.045,4.04,4.045,94253.47,381255.28615
1788286500000,2026-09-01T18:15:00Z,4.045,4.05,4.035,4.035,358568.096379,1448866.1070386253
1788286560000,2026-09-01T18:16:00Z,4.035,4.04,4.035,4.035,62449.762375,251984.791183125
1788286620000,2026-09-01T18:17:00Z,4.035,4.035,4.035,4.035,66314.429736,267578.72398476
1788286680000,2026-09-01T18:18:00Z,4.035,4.045,4.035,4.035,49259.067447,198760.337148645
1788286740000,2026-09-01T18:19:00Z,4.035,4.045,4.025,4.025,571730.03364,2305215.49563648
1788286800000,2026-09-01T18:20:00Z,4.025,4.025,4.025,4.025,47340.338873,190544.863963825
1788286860000,2026-09-01T18:21:00Z,4.025,4.025,4.025,4.025,145645.958334,586224.98229435
1788286920000,2026-09-01T18:22:00Z,4.025,4.025,4.02,4.025,149809.756973,602984.271816325
1788286980000,2026-09-01T18:23:00Z,4.025,4.025,4.02,4.025,59814.541652,240753.5301493
1788287040000,2026-09-01T18:24:00Z,4.025,4.025,4.02,4.025,29973.893167,120644.919997175
1788287100000,2026-09-01T18:25:00Z,4.025,4.025,4.02,4.025,49751.823239,200251.088536975
1788287160000,2026-09-01T18:26:00Z,4.02,4.025,4.02,4.02,62221.365546,250440.99632265
1788287220000,2026-09-01T18:27:00Z,4.025,4.025,4.02,4.02,72028.01831,289912.77369775
1788287280000,2026-09-01T18:28:00Z,4.02,4.025,4.02,4.02,34819.351579,140147.89010548
1788287340000,2026-09-01T18:29:00Z,4.02,4.025,4.02,4.025,103697.953864,417384.2643026
1788287400000,2026-09-01T18:30:00Z,4.025,4.025,4.025,4.025,20540.446042,82675.29531905
1788287460000,2026-09-01T18:31:00Z,4.025,4.025,4.02,4.02,93070.680773,374609.49011133
1788287520000,2026-09-01T18:32:00Z,4.02,4.025,4.02,4.025,110306.722525,443984.55816313
1788287580000,2026-09-01T18:33:00Z,4.02,4.025,4.02,4.02,19909.797627,80136.93544868
1788287640000,2026-09-01T18:34:00Z,4.02,4.035,4.02,4.03,1033696.951596,4163007.73316257
1788287700000,2026-09-01T18:35:00Z,4.03,4.035,4.025,4.025,816528.260324,3293058.47388669
1788287760000,2026-09-01T18:36:00Z,4.025,4.026,4.025,4.025,30163.226681,121406.98739103
1788287820000,2026-09-01T18:37:00Z,4.025,4.025,4.025,4.025,18088.381,72805.733525
1788287880000,2026-09-01T18:38:00Z,4.025,4.03,4.025,4.03,282039.776605,1135548.54856705
1788287940000,2026-09-01T18:39:00Z,4.025,4.035,4.025,4.025,63497.176053,256198.40593864
1788288000000,2026-09-01T18:40:00Z,4.025,4.035,4.025,4.025,19965.234452,80559.72101382
1788288060000,2026-09-01T18:41:00Z,4.025,4.035,4.025,4.025,11880,47935.8
1788288120000,2026-09-01T18:42:00Z,4.025,4.035,4.025,4.025,25964.092965,104765.11511378
1788288180000,2026-09-01T18:43:00Z,4.035,4.035,4.035,4.035,26216.991091,105785.559052185
1788288240000,2026-09-01T18:44:00Z,4.025,4.035,4.025,4.025,35901.884515,144864.10401803
1788288300000,2026-09-01T18:45:00Z,4.025,4.035,4.02,4.02,47630.741943,192190.04374001
1788288360000,2026-09-01T18:46:00Z,4.02,4.035,4.02,4.025,190948.23605,770476.13246175
1788288420000,2026-09-01T18:47:00Z,4.03,4.045,4.03,4.045,419519.676821,1693433.12745565
1788288480000,2026-09-01T18:48:00Z,4.045,4.045,4.045,4.045,17173.413674,69466.45831133
1788288540000,2026-09-01T18:49:00Z,4.045,4.054,4.04,4.045,326619.321085,1321240.47765304
1788288600000,2026-09-01T18:50:00Z,4.045,4.055,4.045,4.045,103448.431604,419483.39015422
1788288660000,2026-09-01T18:51:00Z,4.05,4.055,4.05,4.05,26286.011114,106589.77506727
1788288720000,2026-09-01T18:52:00Z,4.045,4.055,4.045,4.045,28232.327382,114482.08753401
1788288780000,2026-09-01T18:53:00Z,4.055,4.055,4.055,4.055,42183.606297,171054.523534335
1788288840000,2026-09-01T18:54:00Z,4.045,4.055,4.045,4.045,41080.986436,166583.39999798
1788288900000,2026-09-01T18:55:00Z,4.045,4.055,4.045,4.045,50695.309778,205569.48114979
1788288960000,2026-09-01T18:56:00Z,4.05,4.075,4.05,4.075,194244.655615,788069.99229562
1788289020000,2026-09-01T18:57:00Z,4.075,4.075,4.065,4.075,39424.030678,160258.68470607
1788289080000,2026-09-01T18:58:00Z,4.065,4.065,4.065,4.065,27889.723121,113371.724486865
1788289140000,2026-09-01T18:59:00Z,4.075,4.075,4.055,4.065,98033.906043,398262.74329969
1788289200000,2026-09-01T19:00:00Z,4.065,4.065,4.055,4.065,27118.001971,109963.49799241
1788289260000,2026-09-01T19:01:00Z,4.055,4.055,4.055,4.055,15250.74412,61841.7674066
1788289320000,2026-09-01T19:02:00Z,4.065,4.07,4.055,4.065,57340.016465,232513.76676558
1788289380000,2026-09-01T19:03:00Z,4.07,4.07,4.055,4.07,143805.375548,583130.79784714
1788289440000,2026-09-01T19:04:00Z,4.065,4.065,4.055,4.065,97000.958858,393338.88816919
1788289500000,2026-09-01T19:05:00Z,4.065,4.065,4.055,4.065,36355.339743,147420.90265787
1788289560000,2026-09-01T19:06:00Z,4.065,4.065,4.055,4.065,36883.051269,149560.7728958
1788289620000,2026-09-01T19:07:00Z,4.065,4.07,4.055,4.065,48672.443103,197366.75678267
1788289680000,2026-09-01T19:08:00Z,4.065,4.065,4.055,4.065,50353.611362,204183.89407291
1788289740000,2026-09-01T19:09:00Z,4.065,4.065,4.055,4.065,134851.693283,546823.61626257
1788289800000,2026-09-01T19:10:00Z,4.055,4.055,4.055,4.055,28079,113860.345
1788289860000,2026-09-01T19:11:00Z,4.065,4.07,4.055,4.065,77649.912049,314870.3933587
1788289920000,2026-09-01T19:12:00Z,4.055,4.055,4.055,4.055,43843.977996,177787.33077378
1788289980000,2026-09-01T19:13:00Z,4.06,4.06,4.055,4.06,54382.551397,220521.24591484
1788290040000,2026-09-01T19:14:00Z,4.06,4.06,4.045,4.055,352109.155949,1426992.77631451
1788290100000,2026-09-01T19:15:00Z,4.055,4.055,4.045,4.055,41715.386483,168738.73832374
1788290160000,2026-09-01T19:16:00Z,4.055,4.055,4.045,4.055,65148.906172,263527.32546574
1788290220000,2026-09-01T19:17:00Z,4.055,4.055,4.045,4.055,46155.083259,186697.31178266
1788290280000,2026-09-01T19:18:00Z,4.055,4.06,4.045,4.055,143267.598385,579517.43546733
1788290340000,2026-09-01T19:19:00Z,4.055,4.055,4.045,4.055,48786.19634,197340.1641953
1788290400000,2026-09-01T19:20:00Z,4.055,4.055,4.045,4.055,68138.080386,275618.53516137
1788290460000,2026-09-01T19:21:00Z,4.055,4.055,4.045,4.055,41004.620429,165863.68963531
1788290520000,2026-09-01T19:22:00Z,4.055,4.055,4.045,4.055,54239,219396.755
1788290580000,2026-09-01T19:23:00Z,4.055,4.055,4.045,4.055,46165.472017,186739.33430877
1788290640000,2026-09-01T19:24:00Z,4.055,4.055,4.045,4.055,30735.529498,124325.21681941
1788290700000,2026-09-01T19:25:00Z,4.055,4.055,4.045,4.055,35310.622864,142831.46948488
1788290760000,2026-09-01T19:26:00Z,4.045,4.06,4.045,4.045,117338.574558,474634.53408711
1788290820000,2026-09-01T19:27:00Z,4.045,4.055,4.045,4.045,21385.557106,86504.57849377
1788290880000,2026-09-01T19:28:00Z,4.045,4.065,4.045,4.055,283400.748379,1147631.3305607605
1788290940000,2026-09-01T19:29:00Z,4.065,4.065,4.055,4.065,22981.0741,93188.2554755
1788291000000,2026-09-01T19:30:00Z,4.065,4.07,4.05,4.05,347223.204372,1409101.20798245
1788291060000,2026-09-01T19:31:00Z,4.045,4.055,4.045,4.045,142697.154849,578636.9629127
1788291120000,2026-09-01T19:32:00Z,4.055,4.055,4.055,4.055,109983.785,445984.248175
1788291180000,2026-09-01T19:33:00Z,4.045,4.055,4.045,4.045,31099.929302,126110.21331961
1788291240000,2026-09-01T19:34:00Z,4.045,4.055,4.045,4.045,121046.614106,490844.02019983
1788291300000,2026-09-01T19:35:00Z,4.045,4.055,4.045,4.045,338976.83518,1374551.0666549
1788291360000,2026-09-01T19:36:00Z,4.05,4.065,4.05,4.055,221451.381046,898494.68831794
1788291420000,2026-09-01T19:37:00Z,4.065,4.065,4.065,4.065,65870.321875,267762.858421875
1788291480000,2026-09-01T19:38:00Z,4.05,4.075,4.05,4.07,440803.665565,1791866.90052173
1788291540000,2026-09-01T19:39:00Z,4.07,4.075,4.065,4.07,64642.396921,262771.34348387
1788291600000,2026-09-01T19:40:00Z,4.07,4.075,4.065,4.07,248445.982499,1009932.91885844
1788291660000,2026-09-01T19:41:00Z,4.07,4.075,4.065,4.07,111272.681674,452323.45100481
1788291720000,2026-09-01T19:42:00Z,4.07,4.075,4.055,4.075,423096.04708,1719885.4313802
1788291780000,2026-09-01T19:43:00Z,4.075,4.075,4.045,4.05,598309.214652,2431468.81742426
1788291840000,2026-09-01T19:44:00Z,4.055,4.055,4.055,4.055,65886.190521,267168.502562655
1788291900000,2026-09-01T19:45:00Z,4.055,4.055,4.055,4.055,138723.885635,562525.356249925
1788291960000,2026-09-01T19:46:00Z,4.055,4.055,4.03,4.03,572896.770262,2321205.84407055
1788292020000,2026-09-01T19:47:00Z,4.03,4.045,4.03,4.03,154409.192124,624585.18214158
1788292080000,2026-09-01T19:48:00Z,4.03,4.045,4.03,4.035,346973.788563,1401982.29006766
1788292140000,2026-09-01T19:49:00Z,4.035,4.035,4.035,4.035,191061.140633,770931.702454155
1788292200000,2026-09-01T19:50:00Z,4.035,4.05,4.035,4.05,757607.954397,3057932.9863326111
1788292260000,2026-09-01T19:51:00Z,4.045,4.06,4.045,4.055,347367.84222,1405102.9217799
1788292320000,2026-09-01T19:52:00Z,4.045,4.055,4.045,4.045,109607.673928,443363.04103876
1788292380000,2026-09-01T19:53:00Z,4.055,4.055,4.04,4.055,475692.937182,1924177.93090119
1788292440000,2026-09-01T19:54:00Z,4.045,4.05,4.04,4.045,330198.043704,1335651.08678268
1788292500000,2026-09-01T19:55:00Z,4.055,4.055,4.04,4.045,346338.195459,1400938.00063166
1788292560000,2026-09-01T19:56:00Z,4.045,4.045,4.04,4.04,749536.05265,3031873.33296925
1788292620000,2026-09-01T19:57:00Z,4.03,4.055,4.025,4.055,1240856.031928,5010948.9137348424
1788292680000,2026-09-01T19:58:00Z,4.06,4.075,4.045,4.07,894831.0136,3622902.32476232
1788292740000,2026-09-01T19:59:00Z,4.075,4.075,4.055,4.055,847877.514781,3444587.19154929
1788292800000,2026-09-01T20:00:00Z,4.056,4.056,4.055,4.055,6504.492683,26381.5718729797
1788292860000,2026-09-01T20:01:00Z,4.055,4.055,4.055,4.055,17736.054187,71919.699728285
1788292920000,2026-09-01T20:02:00Z,4.04,4.055,4.031,4.04,89165.004481,360208.78510234
1788292980000,2026-09-01T20:03:00Z,4.04,4.04,4.02,4.02,2306280.054586,9291771.71192154
1788293040000,2026-09-01T20:04:00Z,4.03,4.03,4.01,4.01,87446.152477,351804.61603022
1788293100000,2026-09-01T20:05:00Z,4.025,4.025,4.025,4.025,55577.4102,223699.076055
1788293160000,2026-09-01T20:06:00Z,4.025,4.025,4.025,4.025,30915.096279,124433.262522975
1788293220000,2026-09-01T20:07:00Z,4.02,4.024,4.02,4.02,22296.92545,89667.085697175
1788293280000,2026-09-01T20:08:00Z,4.02,4.02,4.015,4.015,26259,105519.1656
1788293340000,2026-09-01T20:09:00Z,4.03,4.03,4.01,4.01,33475.445277,134624.85072598
1788293400000,2026-09-01T20:10:00Z,4.024,4.025,4.024,4.025,12460.214541,50152.363527525
1788293460000,2026-09-01T20:11:00Z,4.025,4.025,4.025,4.025,12236,49249.9
1788293520000,2026-09-01T20:12:00Z,4.025,4.031,4.025,4.031,141798.785966,570740.11351315
1788293580000,2026-09-01T20:13:00Z,4.032,4.035,4.032,4.035,11677.562684,47117.7976736716
1788293640000,2026-09-01T20:14:00Z,4.02,4.035,4.02,4.02,5128.08951,20678.50814012
1788293700000,2026-09-01T20:15:00Z,4.03,4.03,4.026,4.026,780.2475,3142.91495475
1788293760000,2026-09-01T20:16:00Z,4.026,4.03,4.025,4.03,11020,44400.682
1788293820000,2026-09-01T20:17:00Z,4.03,4.03,4.03,4.03,717,2889.51
1788293880000,2026-09-01T20:18:00Z,4.03,4.03,4.03,4.03,1405,5662.15
1788293940000,2026-09-01T20:19:00Z,4.03,4.03,4.03,4.03,6776.503736,27309.31005608
1788294000000,2026-09-01T20:20:00Z,4.03,4.03,4.03,4.03,2953.316381,11901.86501543
1788294060000,2026-09-01T20:21:00Z,4.03,4.034,4.03,4.034,17838,71890.7076
1788294120000,2026-09-01T20:22:00Z,4.04,4.04,4.02,4.02,4378,17664.7922
1788294180000,2026-09-01T20:23:00Z,4.027,4.027,4.025,4.025,1293.090511,5204.8186158261
1788294240000,2026-09-01T20:24:00Z,4.03,4.03,4.025,4.03,8454.417358,34029.02986595
1788294300000,2026-09-01T20:25:00Z,4.025,4.025,4.025,4.025,1479,5952.975
1788294360000,2026-09-01T20:26:00Z,4.025,4.025,4.025,4.025,1260,5071.5
1788294420000,2026-09-01T20:27:00Z,4.025,4.025,4.025,4.025,1685.132716,6782.6591819
1788294480000,2026-09-01T20:28:00Z,4.025,4.025,4.025,4.025,476,1915.9
1788294540000,2026-09-01T20:29:00Z,4.025,4.025,4.025,4.025,4250.806451,17109.495965275
1788294600000,2026-09-01T20:30:00Z,4.025,4.025,4.025,4.025,25290,101792.25
1788294660000,2026-09-01T20:31:00Z,4.025,4.025,4.025,4.025,1982.00004,7977.550161
1788294720000,2026-09-01T20:32:00Z,4.025,4.025,4.025,4.025,3879,15612.975
1788294780000,2026-09-01T20:33:00Z,4.025,4.025,4.025,4.025,9372.866587,37725.788012675
1788294840000,2026-09-01T20:34:00Z,4.025,4.025,4.025,4.025,688.553542,2771.42800655
1788294900000,2026-09-01T20:35:00Z,4.025,4.025,4.025,4.025,192.301696,774.0143264
1788294960000,2026-09-01T20:36:00Z,4.025,4.025,4.025,4.025,221,889.525
1788295020000,2026-09-01T20:37:00Z,4.025,4.025,4.025,4.025,505,2032.625
1788295080000,2026-09-01T20:38:00Z,4.025,4.025,4.025,4.025,6232,25083.8
1788295140000,2026-09-01T20:39:00Z,4.025,4.025,4.025,4.025,2557.329115,10293.249687875
1788295200000,2026-09-01T20:40:00Z,4.025,4.025,4.025,4.025,620,2495.5
1788295260000,2026-09-01T20:41:00Z,4.025,4.025,4.025,4.025,1144,4604.6
1788295320000,2026-09-01T20:42:00Z,4.025,4.025,4.025,4.025,545,2193.625
1788295380000,2026-09-01T20:43:00Z,4.025,4.025,4.025,4.025,3110,12517.75
1788295440000,2026-09-01T20:44:00Z,4.025,4.025,4.025,4.025,4998.441687,20118.727790175
1788295500000,2026-09-01T20:45:00Z,4.025,4.025,4.025,4.025,215.406947,867.012961675
1788295560000,2026-09-01T20:46:00Z,4.025,4.025,4.025,4.025,3201.36523,12885.49505075
1788295620000,2026-09-01T20:47:00Z,4.025,4.025,4.025,4.025,3108,12509.7
1788295680000,2026-09-01T20:48:00Z,4.025,4.025,4.025,4.025,3313,13334.825
1788295740000,2026-09-01T20:49:00Z,4.025,4.025,4.025,4.025,481,1936.025
1788295800000,2026-09-01T20:50:00Z,4.025,4.025,4.025,4.025,7578,30501.45
1788295860000,2026-09-01T20:51:00Z,4.025,4.025,4.025,4.025,301,1211.525
1788295920000,2026-09-01T20:52:00Z,4.025,4.025,4.02,4.025,3435,13825.875
1788295980000,2026-09-01T20:53:00Z,4.027,4.034,4.027,4.034,1230.524752,4957.6611733328
1788296040000,2026-09-01T20:54:00Z,4.035,4.035,4.03,4.035,15178,61243.23
1788296100000,2026-09-01T20:55:00Z,4.033,4.033,4.025,4.025,5027,20233.675
1788296160000,2026-09-01T20:56:00Z,4.025,4.025,4.025,4.025,2055,8271.375
1788296220000,2026-09-01T20:57:00Z,4.025,4.025,4.025,4.025,1959,7884.975
1788296280000,2026-09-01T20:58:00Z,4.025,4.025,4.025,4.025,3207.744527,12911.171721175
1788296340000,2026-09-01T20:59:00Z,4.025,4.025,4.025,4.025,4393.24823,17682.82412575
1788296400000,2026-09-01T21:00:00Z,4.025,4.025,4.025,4.025,5240.2457,21091.9889425
1788296460000,2026-09-01T21:01:00Z,4.025,4.025,4.025,4.025,201,809.025
1788296520000,2026-09-01T21:02:00Z,4.025,4.025,4.025,4.025,155,623.875
1788296580000,2026-09-01T21:03:00Z,4.025,4.025,4.025,4.025,30,120.75
1788296640000,2026-09-01T21:04:00Z,4.025,4.025,4.025,4.025,2228,8967.7
1788296700000,2026-09-01T21:05:00Z,4.025,4.025,4.025,4.025,1285,5172.125
1788296760000,2026-09-01T21:06:00Z,4.025,4.025,4.025,4.025,1351,5437.775
1788296820000,2026-09-01T21:07:00Z,4.025,4.025,4.025,4.025,106,426.65
1788296880000,2026-09-01T21:08:00Z,4.025,4.025,4.025,4.025,100,402.5
1788296940000,2026-09-01T21:09:00Z,4.025,4.025,4.025,4.025,15.827288,63.7048342
1788297000000,2026-09-01T21:10:00Z,4.025,4.025,4.025,4.025,464.3,1868.8075
1788297060000,2026-09-01T21:11:00Z,4.025,4.025,4.025,4.025,181,728.525
1788297120000,2026-09-01T21:12:00Z,4.025,4.025,4.025,4.025,164,660.1
1788297180000,2026-09-01T21:13:00Z,4.025,4.025,4.025,4.025,289,1163.225
1788297240000,2026-09-01T21:14:00Z,4.025,4.025,4.025,4.025,7535,30328.375
1788297300000,2026-09-01T21:15:00Z,4.025,4.025,4.025,4.025,4197.939434,16896.70622185
1788297360000,2026-09-01T21:16:00Z,4.025,4.025,4.025,4.025,332,1336.3
1788297420000,2026-09-01T21:17:00Z,4.025,4.025,4.025,4.025,1401.240694,5639.99379335
1788297480000,2026-09-01T21:18:00Z,4.025,4.025,4.025,4.025,11085,44617.125
1788297540000,2026-09-01T21:19:00Z,4.025,4.025,4.025,4.025,150,603.75
1788297600000,2026-09-01T21:20:00Z,4.025,4.025,4.025,4.025,12,48.3
1788297660000,2026-09-01T21:21:00Z,4.025,4.025,4.025,4.025,490,1972.25
1788297720000,2026-09-01T21:22:00Z,4.025,4.025,4.025,4.025,1856,7470.4
1788297780000,2026-09-01T21:23:00Z,4.025,4.025,4.025,4.025,1363.825163,5489.396281075
1788297840000,2026-09-01T21:24:00Z,4.025,4.025,4.025,4.025,111,446.775
1788297900000,2026-09-01T21:25:00Z,4.025,4.025,4.025,4.025,429,1726.725
1788297960000,2026-09-01T21:26:00Z,4.025,4.031,4.025,4.031,11137.503736,44844.0450426304
1788298020000,2026-09-01T21:27:00Z,4.032,4.035,4.032,4.035,1670,6738.45
1788298080000,2026-09-01T21:28:00Z,4.035,4.035,4.035,4.035,5000,20175
1788298200000,2026-09-01T21:30:00Z,4.035,4.035,4.035,4.035,150,605.25
1788298260000,2026-09-01T21:31:00Z,4.02,4.035,4.02,4.02,92891,374657.2703
1788298320000,2026-09-01T21:32:00Z,4.021,4.024,4.02,4.024,505,2030.1
1788298380000,2026-09-01T21:33:00Z,4.025,4.025,4.025,4.025,25096,101011.4
1788298440000,2026-09-01T21:34:00Z,4.025,4.025,4.025,4.025,10050,40451.25
1788298500000,2026-09-01T21:35:00Z,4.025,4.025,4.025,4.025,52,209.3
1788298560000,2026-09-01T21:36:00Z,4.025,4.025,4.025,4.025,8409,33846.225
1788298620000,2026-09-01T21:37:00Z,4.025,4.025,4.025,4.025,236,949.9
1788298680000,2026-09-01T21:38:00Z,4.025,4.025,4.025,4.025,437.442795,1760.70724988
1788298740000,2026-09-01T21:39:00Z,4.025,4.025,4.025,4.025,300,1207.5
1788298800000,2026-09-01T21:40:00Z,4.025,4.025,4.025,4.025,121,487.025
1788298860000,2026-09-01T21:41:00Z,4.01,4.025,4.01,4.01,22298,89731.6116
1788298920000,2026-09-01T21:42:00Z,4.02,4.02,4.02,4.02,504,2026.08
1788298980000,2026-09-01T21:43:00Z,4.02,4.02,4.017,4.017,651.745993,2619.6930188635
1788299040000,2026-09-01T21:44:00Z,4.016,4.024,4.016,4.024,12274.0268,49313.35747436
1788299100000,2026-09-01T21:45:00Z,4.023,4.025,4.021,4.025,2006,8069.135
1788299160000,2026-09-01T21:46:00Z,4.025,4.025,4.025,4.025,6910,27812.75
1788299220000,2026-09-01T21:47:00Z,4.025,4.025,4.025,4.025,1540,6198.5
1788299280000,2026-09-01T21:48:00Z,4.025,4.025,4.025,4.025,3050,12276.25
1788299340000,2026-09-01T21:49:00Z,4.025,4.025,4.025,4.025,118.201915,475.762707875
1788299400000,2026-09-01T21:50:00Z,4.025,4.025,4.025,4.025,320,1288
1788299460000,2026-09-01T21:51:00Z,4.025,4.025,4.025,4.025,308,1239.7
1788299520000,2026-09-01T21:52:00Z,4.025,4.025,4.025,4.025,53,213.325
1788299580000,2026-09-01T21:53:00Z,4.025,4.025,4.025,4.025,473.340625,1905.196015625
1788299640000,2026-09-01T21:54:00Z,4.025,4.025,4.025,4.025,436,1754.9
1788299700000,2026-09-01T21:55:00Z,4.025,4.025,4.025,4.025,2059.218817,8288.355738425
1788299760000,2026-09-01T21:56:00Z,4.025,4.025,4.025,4.025,5,20.125
1788299820000,2026-09-01T21:57:00Z,4.025,4.025,4.023,4.023,35798,144058.3116
1788299880000,2026-09-01T21:58:00Z,4.022,4.022,4.016,4.016,1,4.016
1788299940000,2026-09-01T21:59:00Z,4.015,4.015,4.015,4.015,147,590.205
1788300000000,2026-09-01T22:00:00Z,4.015,4.015,4.015,4.015,306,1228.59
1788300060000,2026-09-01T22:01:00Z,4.015,4.015,4.015,4.015,985,3954.775
1788300120000,2026-09-01T22:02:00Z,4.015,4.015,4.015,4.015,371,1489.565
1788300180000,2026-09-01T22:03:00Z,4.015,4.015,4.015,4.015,1005,4035.075
1788300240000,2026-09-01T22:04:00Z,4.015,4.015,4.015,4.015,251,1007.765
1788300300000,2026-09-01T22:05:00Z,4.015,4.015,4.015,4.015,1052,4223.78
1788300360000,2026-09-01T22:06:00Z,4.015,4.015,4.015,4.015,1032,4143.48
1788300420000,2026-09-01T22:07:00Z,4.015,4.015,4.015,4.015,1082,4344.23
1788300480000,2026-09-01T22:08:00Z,4.03,4.03,4.015,4.03,19865,79757.975
1788300540000,2026-09-01T22:09:00Z,4.017,4.025,4.017,4.025,1308.327543,5265.7566950664
1788300600000,2026-09-01T22:10:00Z,4.025,4.025,4.021,4.021,1170,4708.899
1788300660000,2026-09-01T22:11:00Z,4.02,4.023,4.02,4.023,132.069478,530.91930156
1788300720000,2026-09-01T22:12:00Z,4.024,4.025,4.024,4.025,124,498.9884
1788300780000,2026-09-01T22:13:00Z,4.025,4.025,4.025,4.025,113,454.825
1788300900000,2026-09-01T22:15:00Z,4.025,4.025,4.025,4.025,208.453416,839.0249994
1788300960000,2026-09-01T22:16:00Z,4.025,4.025,4.025,4.025,2690,10827.25
1788301020000,2026-09-01T22:17:00Z,4.025,4.025,4.025,4.025,1000,4025
1788301080000,2026-09-01T22:18:00Z,4.025,4.025,4.025,4.025,6255,25176.375
1788301140000,2026-09-01T22:19:00Z,4.025,4.029,4.025,4.029,191,769.0806
1788301200000,2026-09-01T22:20:00Z,4.03,4.03,4.026,4.026,6,24.1782
1788301260000,2026-09-01T22:21:00Z,4.026,4.026,4.025,4.025,4000,16103.2
1788301320000,2026-09-01T22:22:00Z,4.025,4.025,4.025,4.025,600,2415
1788301380000,2026-09-01T22:23:00Z,4.025,4.025,4.025,4.025,185,744.625
1788301440000,2026-09-01T22:24:00Z,4.025,4.025,4.025,4.025,4720,18998
1788301560000,2026-09-01T22:26:00Z,4.025,4.025,4.025,4.025,3781,15218.525
1788301620000,2026-09-01T22:27:00Z,4.025,4.025,4.025,4.025,353,1420.825
1788301680000,2026-09-01T22:28:00Z,4.025,4.025,4.025,4.025,1049,4222.225
1788301740000,2026-09-01T22:29:00Z,4.025,4.025,4.025,4.025,10,40.25
1788301800000,2026-09-01T22:30:00Z,4.025,4.025,4.025,4.025,10,40.25
1788301860000,2026-09-01T22:31:00Z,4.025,4.025,4.025,4.025,4320.166253,17388.669168325
1788301920000,2026-09-01T22:32:00Z,4.025,4.025,4.025,4.025,489,1968.225
1788301980000,2026-09-01T22:33:00Z,4.025,4.029,4.025,4.027,1450,5840.31
1788302040000,2026-09-01T22:34:00Z,4.027,4.029,4.027,4.029,610,2456.714
1788302100000,2026-09-01T22:35:00Z,4.029,4.03,4.027,4.027,234,942.786
1788302160000,2026-09-01T22:36:00Z,4.026,4.026,4.025,4.025,200,805
1788302220000,2026-09-01T22:37:00Z,4.025,4.025,4.025,4.025,100,402.5
1788302280000,2026-09-01T22:38:00Z,4.025,4.025,4.025,4.025,424,1706.6
1788302340000,2026-09-01T22:39:00Z,4.025,4.025,4.025,4.025,64,257.6
1788302400000,2026-09-01T22:40:00Z,4.025,4.025,4.025,4.025,83,334.075
1788302460000,2026-09-01T22:41:00Z,4.025,4.025,4.025,4.025,800,3220
1788302520000,2026-09-01T22:42:00Z,4.025,4.025,4.025,4.025,1241,4995.025
1788302580000,2026-09-01T22:43:00Z,4.025,4.025,4.025,4.025,500,2012.5
1788302640000,2026-09-01T22:44:00Z,4.025,4.025,4.025,4.025,347,1396.675
1788302700000,2026-09-01T22:45:00Z,4.025,4.025,4.025,4.025,470,1891.75
1788302760000,2026-09-01T22:46:00Z,4.025,4.025,4.025,4.025,399.630922,1608.51446105
1788302820000,2026-09-01T22:47:00Z,4.025,4.025,4.025,4.025,1,4.025
1788302880000,2026-09-01T22:48:00Z,4.025,4.025,4.025,4.025,45,181.125
1788302940000,2026-09-01T22:49:00Z,4.025,4.025,4.025,4.025,215,865.375
1788303000000,2026-09-01T22:50:00Z,4.025,4.025,4.025,4.025,4355.352682,17530.29454505
1788303060000,2026-09-01T22:51:00Z,4.025,4.025,4.025,4.025,177.441687,714.202790175
1788303120000,2026-09-01T22:52:00Z,4.025,4.025,4.025,4.025,1167.55574,4699.4118535
1788303180000,2026-09-01T22:53:00Z,4.025,4.025,4.025,4.025,1311,5276.775
1788303240000,2026-09-01T22:54:00Z,4.025,4.025,4.025,4.025,510,2052.75
1788303300000,2026-09-01T22:55:00Z,4.025,4.025,4.025,4.025,633,2547.825
1788303360000,2026-09-01T22:56:00Z,4.025,4.025,4.025,4.025,300,1207.5
1788303420000,2026-09-01T22:57:00Z,4.025,4.025,4.025,4.025,1670,6721.75
1788303480000,2026-09-01T22:58:00Z,4.025,4.025,4.025,4.025,111,446.775
1788303540000,2026-09-01T22:59:00Z,4.025,4.025,4.025,4.025,186,748.65
1788303600000,2026-09-01T23:00:00Z,4.025,4.025,4.025,4.025,39,156.975
1788303660000,2026-09-01T23:01:00Z,4.025,4.027,4.025,4.027,7947,31989.0591
1788303720000,2026-09-01T23:02:00Z,4.028,4.03,4.028,4.03,582,2344.9362
1788303780000,2026-09-01T23:03:00Z,4.029,4.029,4.026,4.026,212,853.5544
1788303840000,2026-09-01T23:04:00Z,4.025,4.025,4.025,4.025,500,2012.5
1788303900000,2026-09-01T23:05:00Z,4.025,4.025,4.025,4.025,2890,11632.25
1788303960000,2026-09-01T23:06:00Z,4.025,4.025,4.025,4.025,2180,8774.5
1788304020000,2026-09-01T23:07:00Z,4.026,4.029,4.02,4.029,11682,47035.2366
1788304080000,2026-09-01T23:08:00Z,4.031,4.034,4.031,4.034,101.111838,407.581818978
1788304140000,2026-09-01T23:09:00Z,4.035,4.035,4.035,4.035,124.25,501.34875
1788304200000,2026-09-01T23:10:00Z,4.035,4.035,4.035,4.035,1,4.035
1788304260000,2026-09-01T23:11:00Z,4.035,4.035,4.035,4.035,2610,10531.35
1788304320000,2026-09-01T23:12:00Z,4.035,4.035,4.035,4.035,0,0
1788304380000,2026-09-01T23:13:00Z,4.035,4.035,4.035,4.035,555.568773,2241.719999055
1788304440000,2026-09-01T23:14:00Z,4.035,4.035,4.035,4.035,0,0
1788304500000,2026-09-01T23:15:00Z,4.035,4.035,4.035,4.035,1000,4035
1788304560000,2026-09-01T23:16:00Z,4.035,4.035,4.035,4.035,1375,5548.125
1788304620000,2026-09-01T23:17:00Z,4.035,4.035,4.035,4.035,10,40.35
1788304680000,2026-09-01T23:18:00Z,4.035,4.035,4.035,4.035,0,0
1788304800000,2026-09-01T23:20:00Z,4.035,4.035,4.035,4.035,80,322.8
1788304860000,2026-09-01T23:21:00Z,4.035,4.035,4.035,4.035,42,169.47
1788304920000,2026-09-01T23:22:00Z,4.036,4.039,4.036,4.036,5207,21015.452
1788304980000,2026-09-01T23:23:00Z,4.035,4.035,4.035,4.035,9998.832204,40345.28794314
1788305040000,2026-09-01T23:24:00Z,4.035,4.035,4.035,4.035,117,472.095
1788305100000,2026-09-01T23:25:00Z,4.035,4.035,4.035,4.035,264,1065.24
1788305160000,2026-09-01T23:26:00Z,4.035,4.035,4.035,4.035,300,1210.5
1788305280000,2026-09-01T23:28:00Z,4.03,4.035,4.015,4.02,29336,118221.1464
1788305340000,2026-09-01T23:29:00Z,4.015,4.015,4.015,4.015,2361,9479.415
1788305400000,2026-09-01T23:30:00Z,4.015,4.015,4.015,4.015,1177,4725.655
1788305460000,2026-09-01T23:31:00Z,4.015,4.015,4.015,4.015,4200,16863
1788305520000,2026-09-01T23:32:00Z,4.01,4.015,4.006,4.015,76030,305222.435
1788305580000,2026-09-01T23:33:00Z,4.006,4.015,4.005,4.015,13419.245695,53772.2594244345
1788305640000,2026-09-01T23:34:00Z,4.015,4.015,4.015,4.015,1000,4015
1788305700000,2026-09-01T23:35:00Z,4.015,4.015,4.015,4.015,77,309.155
1788305760000,2026-09-01T23:36:00Z,4.015,4.015,4.015,4.015,5171,20761.565
1788305820000,2026-09-01T23:37:00Z,4.015,4.015,4.015,4.015,1188,4769.82
1788305880000,2026-09-01T23:38:00Z,4.015,4.015,4.015,4.015,1229,4934.435
1788305940000,2026-09-01T23:39:00Z,4.015,4.015,4.015,4.015,2604,10455.06
1788306000000,2026-09-01T23:40:00Z,4.015,4.015,4.015,4.015,6310,25334.65
1788306060000,2026-09-01T23:41:00Z,4.015,4.015,4.015,4.015,130,521.95
1788306120000,2026-09-01T23:42:00Z,4.015,4.015,4.015,4.015,150,602.25
1788306180000,2026-09-01T23:43:00Z,4.015,4.015,4.015,4.015,89,357.335
1788306240000,2026-09-01T23:44:00Z,4.015,4.015,4.015,4.015,570,2288.55
1788306300000,2026-09-01T23:45:00Z,4.01,4.018,4.01,4.01,6119,24572.6802
1788306360000,2026-09-01T23:46:00Z,4.019,4.02,4.019,4.02,90,361.764
1788306420000,2026-09-01T23:47:00Z,4.02,4.02,4.017,4.017,425,1708.5
1788306480000,2026-09-01T23:48:00Z,4.016,4.016,4.016,4.016,176,706.816
1788306540000,2026-09-01T23:49:00Z,4.015,4.015,4.015,4.015,1275,5119.125
1788306600000,2026-09-01T23:50:00Z,4.02,4.02,3.99,3.99,345616.355095,1383951.57070691
1788306660000,2026-09-01T23:51:00Z,3.995,3.995,3.995,3.995,2012,8037.94
1788306720000,2026-09-01T23:52:00Z,3.995,3.995,3.995,3.995,18877,75413.615
1788306780000,2026-09-01T23:53:00Z,3.995,3.995,3.995,3.995,5008,20006.96
1788306840000,2026-09-01T23:54:00Z,3.995,3.995,3.995,3.995,20900,83495.5
1788306900000,2026-09-01T23:55:00Z,3.995,3.995,3.995,3.995,5363,21425.185
1788306960000,2026-09-01T23:56:00Z,3.995,3.995,3.995,3.995,7604.92,30381.6554
1788307020000,2026-09-01T23:57:00Z,3.995,3.995,3.995,3.995,6386,25512.07
1788307080000,2026-09-01T23:58:00Z,3.985,3.995,3.985,3.985,10080,40269.6
1788307140000,2026-09-01T23:59:00Z,3.995,3.995,3.995,3.995,23218,92755.91
1788307200000,2026-09-02T00:00:00Z,3.995,3.995,3.995,3.995,1,3.995
1788307260000,2026-09-02T00:01:00Z,4.03,4.04,4.02,4.03,4124,16618.32
1788307380000,2026-09-02T00:03:00Z,4.02,4.03,4.02,4.03,2303,9265.9
1788307620000,2026-09-02T00:07:00Z,4.02,4.02,4.02,4.02,410,1648.2
1788307680000,2026-09-02T00:08:00Z,4.02,4.02,4.02,4.02,72,289.44
1788307740000,2026-09-02T00:09:00Z,4.01,4.01,4,4,998,3997.18
1788308400000,2026-09-02T00:20:00Z,4.01,4.01,4.01,4.01,9888,39650.88
1788308460000,2026-09-02T00:21:00Z,4.02,4.02,4.02,4.02,3340,13426.8
1788308520000,2026-09-02T00:22:00Z,4.02,4.02,4.02,4.02,100,402
1788308580000,2026-09-02T00:23:00Z,4.02,4.02,4.02,4.02,111,446.22
1788308640000,2026-09-02T00:24:00Z,4.02,4.02,3.99,4,5008,19986.02
1788308760000,2026-09-02T00:26:00Z,4,4,4,4,10,40
1788308820000,2026-09-02T00:27:00Z,4,4,4,4,68,272
1788308880000,2026-09-02T00:28:00Z,4,4,4,4,7,28
1788308940000,2026-09-02T00:29:00Z,3.99,4,3.99,4,848,3383.76
1788309000000,2026-09-02T00:30:00Z,3.99,3.99,3.99,3.99,354,1412.46
1788309300000,2026-09-02T00:35:00Z,4,4,4,4,100,400
1788309360000,2026-09-02T00:36:00Z,3.99,3.99,3.99,3.99,100,399
1788309420000,2026-09-02T00:37:00Z,4.01,4.02,4.01,4.02,13175,52832.8
1788309480000,2026-09-02T00:38:00Z,4.02,4.02,4.01,4.02,700,2811
1788309540000,2026-09-02T00:39:00Z,4.01,4.01,3.99,3.99,225,901.25
1788309660000,2026-09-02T00:41:00Z,4.01,4.01,4.01,4.01,1,4.01
1788309720000,2026-09-02T00:42:00Z,4.01,4.01,4.01,4.01,39,156.39
1788309960000,2026-09-02T00:46:00Z,4.02,4.02,4.02,4.02,161,647.22
1788310140000,2026-09-02T00:49:00Z,4.02,4.02,4.01,4.01,2600,10426.5
1788310200000,2026-09-02T00:50:00Z,4.01,4.01,4.01,4.01,14137,56689.37
1788310260000,2026-09-02T00:51:00Z,4.01,4.01,4.01,4.01,150,601.5
1788310440000,2026-09-02T00:54:00Z,4,4,4,4,50,200
1788310560000,2026-09-02T00:56:00Z,4.02,4.02,4.01,4.01,2351,9427.52
1788310620000,2026-09-02T00:57:00Z,4.02,4.02,4.02,4.02,1390,5587.8
1788310860000,2026-09-02T01:01:00Z,4,4,4,4,3825,15300
1788311040000,2026-09-02T01:04:00Z,4.01,4.01,4.01,4.01,10,40.1
1788311100000,2026-09-02T01:05:00Z,4.01,4.01,4,4,400,1601
1788311340000,2026-09-02T01:09:00Z,4,4,4,4,900,3600
1788311520000,2026-09-02T01:12:00Z,4,4,4,4,8,32
1788311580000,2026-09-02T01:13:00Z,3.99,3.99,3.99,3.99,132,526.68
1788311640000,2026-09-02T01:14:00Z,3.99,3.99,3.99,3.99,465,1855.35
1788311700000,2026-09-02T01:15:00Z,3.99,3.99,3.99,3.99,3700,14763
1788311760000,2026-09-02T01:16:00Z,3.99,3.99,3.99,3.99,2310,9216.9
1788311820000,2026-09-02T01:17:00Z,4,4.01,4,4,19513,78055
1788311880000,2026-09-02T01:18:00Z,4,4,3.99,3.99,3901,15565
1788311940000,2026-09-02T01:19:00Z,4,4,4,4,63,252
1788312000000,2026-09-02T01:20:00Z,4,4,3.99,3.99,238,949.67
1788312120000,2026-09-02T01:22:00Z,4,4,3.99,3.99,5298,21144.57
1788312360000,2026-09-02T01:26:00Z,3.99,3.99,3.99,3.99,998,3982.02
1788312540000,2026-09-02T01:29:00Z,3.99,4,3.99,4,3001,11993.99
1788312600000,2026-09-02T01:30:00Z,3.99,3.99,3.91,3.95,190255,754172.74
1788312660000,2026-09-02T01:31:00Z,3.94,3.96,3.86,3.88,133949,525283.1
1788312720000,2026-09-02T01:32:00Z,3.88,3.89,3.81,3.83,87819,337325.66
1788312780000,2026-09-02T01:33:00Z,3.84,3.84,3.81,3.82,30725,117365.42
1788312840000,2026-09-02T01:34:00Z,3.82,3.84,3.8,3.83,33646,128433.39
1788312900000,2026-09-02T01:35:00Z,3.83,3.84,3.82,3.82,19450,74394.07
1788312960000,2026-09-02T01:36:00Z,3.82,3.83,3.79,3.8,19331,73545.44
1788313020000,2026-09-02T01:37:00Z,3.8,3.82,3.79,3.81,28108,106994.5
1788313080000,2026-09-02T01:38:00Z,3.8,3.82,3.8,3.81,28092,106946.35
1788313140000,2026-09-02T01:39:00Z,3.82,3.84,3.81,3.84,21432,82267.74
1788313200000,2026-09-02T01:40:00Z,3.82,3.85,3.82,3.83,46556,178655.43
1788313260000,2026-09-02T01:41:00Z,3.82,3.83,3.81,3.82,48064,183943.31
1788313320000,2026-09-02T01:42:00Z,3.82,3.84,3.81,3.84,38571,147385.39
1788313380000,2026-09-02T01:43:00Z,3.84,3.86,3.83,3.83,30822,118347.96
1788313440000,2026-09-02T01:44:00Z,3.85,3.88,3.85,3.86,38412,148380.56
1788313500000,2026-09-02T01:45:00Z,3.86,3.87,3.83,3.85,28203,109052.72
1788313560000,2026-09-02T01:46:00Z,3.85,3.85,3.82,3.83,14525,55707.31
1788313620000,2026-09-02T01:47:00Z,3.83,3.84,3.83,3.84,11581,44440.5
1788313680000,2026-09-02T01:48:00Z,3.84,3.85,3.82,3.83,32861,125967.09
1788313740000,2026-09-02T01:49:00Z,3.83,3.84,3.82,3.84,25717,98384.77
1788313800000,2026-09-02T01:50:00Z,3.84,3.84,3.82,3.82,12307,47098.51
1788313860000,2026-09-02T01:51:00Z,3.84,3.84,3.84,3.84,456,1751.04
1788313920000,2026-09-02T01:52:00Z,3.83,3.84,3.81,3.82,4847,18525.83
1788313980000,2026-09-02T01:53:00Z,3.82,3.83,3.82,3.83,11598,44344.53
1788314040000,2026-09-02T01:54:00Z,3.84,3.84,3.83,3.83,501,1923.69
1788314100000,2026-09-02T01:55:00Z,3.83,3.84,3.82,3.83,32763,125555.18
1788314160000,2026-09-02T01:56:00Z,3.83,3.83,3.83,3.83,183,700.89
1788314220000,2026-09-02T01:57:00Z,3.83,3.83,3.82,3.82,1840,7044.13
1788314280000,2026-09-02T01:58:00Z,3.82,3.82,3.82,3.82,2287,8736.34
1788314340000,2026-09-02T01:59:00Z,3.82,3.82,3.81,3.82,6495,24790.9
1788314400000,2026-09-02T02:00:00Z,3.81,3.82,3.81,3.82,1416,5409.07
1788314460000,2026-09-02T02:01:00Z,3.82,3.82,3.81,3.82,24168,92281.76
1788314520000,2026-09-02T02:02:00Z,3.81,3.82,3.81,3.82,1046,3995.23
1788314580000,2026-09-02T02:03:00Z,3.82,3.82,3.81,3.82,6464,24692.47
1788314640000,2026-09-02T02:04:00Z,3.81,3.82,3.81,3.82,2485,9492.66
1788314700000,2026-09-02T02:05:00Z,3.82,3.82,3.82,3.82,3146,12017.72
1788314760000,2026-09-02T02:06:00Z,3.81,3.82,3.81,3.82,3115,11899.23
1788314820000,2026-09-02T02:07:00Z,3.82,3.83,3.82,3.83,20282,77670.66
1788314880000,2026-09-02T02:08:00Z,3.83,3.83,3.82,3.83,2090,8004.68
1788314940000,2026-09-02T02:09:00Z,3.82,3.82,3.8,3.82,7496,28550.06
1788315000000,2026-09-02T02:10:00Z,3.81,3.81,3.81,3.81,971,3699.51
1788315060000,2026-09-02T02:11:00Z,3.81,3.83,3.81,3.83,2697,10294.33
1788315120000,2026-09-02T02:12:00Z,3.82,3.82,3.82,3.82,247,943.54
1788315180000,2026-09-02T02:13:00Z,3.83,3.83,3.83,3.83,3049,11677.67
1788315240000,2026-09-02T02:14:00Z,3.83,3.83,3.83,3.83,5077,19444.91
1788315300000,2026-09-02T02:15:00Z,3.83,3.83,3.83,3.83,2546,9751.18
1788315360000,2026-09-02T02:16:00Z,3.82,3.82,3.82,3.82,1019,3892.58
1788315420000,2026-09-02T02:17:00Z,3.82,3.82,3.82,3.82,5017,19164.94
1788315480000,2026-09-02T02:18:00Z,3.82,3.82,3.81,3.82,3208,12231.65
1788315540000,2026-09-02T02:19:00Z,3.83,3.83,3.83,3.83,2816,10785.28
1788315600000,2026-09-02T02:20:00Z,3.84,3.84,3.84,3.84,2624,10076.16
1788315660000,2026-09-02T02:21:00Z,3.84,3.84,3.81,3.81,5547,21255.04
1788315720000,2026-09-02T02:22:00Z,3.81,3.81,3.81,3.81,850,3238.5
1788315780000,2026-09-02T02:23:00Z,3.81,3.83,3.81,3.83,11787,45128.31
1788315840000,2026-09-02T02:24:00Z,3.83,3.83,3.82,3.82,12258,46840.56
1788315900000,2026-09-02T02:25:00Z,3.82,3.82,3.81,3.81,8000,30548.17
1788315960000,2026-09-02T02:26:00Z,3.81,3.82,3.8,3.82,7555,28784.5
1788316020000,2026-09-02T02:27:00Z,3.82,3.82,3.82,3.82,3631,13870.42
1788316080000,2026-09-02T02:28:00Z,3.81,3.82,3.8,3.82,38815,147740.29
1788316140000,2026-09-02T02:29:00Z,3.82,3.82,3.81,3.81,6460,24613.76
1788316200000,2026-09-02T02:30:00Z,3.82,3.82,3.82,3.82,76,290.32
1788316260000,2026-09-02T02:31:00Z,3.82,3.82,3.82,3.82,401,1531.82
1788316320000,2026-09-02T02:32:00Z,3.81,3.82,3.81,3.81,20332,77467.92
1788316380000,2026-09-02T02:33:00Z,3.82,3.82,3.82,3.82,1,3.82
1788316440000,2026-09-02T02:34:00Z,3.82,3.82,3.82,3.82,10610,40530.2
1788316500000,2026-09-02T02:35:00Z,3.82,3.82,3.81,3.82,35877,136894.68
1788316560000,2026-09-02T02:36:00Z,3.82,3.82,3.82,3.82,263,1004.66
1788316620000,2026-09-02T02:37:00Z,3.82,3.82,3.8,3.8,33932,129094.61
1788316680000,2026-09-02T02:38:00Z,3.79,3.79,3.79,3.79,7600,28804
1788316740000,2026-09-02T02:39:00Z,3.8,3.8,3.79,3.79,1005,3814
1788316800000,2026-09-02T02:40:00Z,3.8,3.8,3.8,3.8,1506,5722.8
1788316860000,2026-09-02T02:41:00Z,3.81,3.81,3.8,3.8,17048,64908.72
1788316920000,2026-09-02T02:42:00Z,3.79,3.8,3.79,3.8,5834,22140.84
1788316980000,2026-09-02T02:43:00Z,3.8,3.82,3.8,3.82,935,3567.05
1788317040000,2026-09-02T02:44:00Z,3.82,3.82,3.82,3.82,5400,20628
1788317100000,2026-09-02T02:45:00Z,3.83,3.83,3.83,3.83,21875,83781.25
1788317160000,2026-09-02T02:46:00Z,3.82,3.83,3.82,3.83,5005,19169.1
1788317220000,2026-09-02T02:47:00Z,3.83,3.83,3.83,3.83,805,3083.15
1788317280000,2026-09-02T02:48:00Z,3.83,3.83,3.82,3.83,626,2396.52
1788317340000,2026-09-02T02:49:00Z,3.83,3.83,3.83,3.83,45,172.35
1788317400000,2026-09-02T02:50:00Z,3.83,3.84,3.82,3.84,3629,13920.89
1788317460000,2026-09-02T02:51:00Z,3.84,3.84,3.84,3.84,412,1582.08
1788317520000,2026-09-02T02:52:00Z,3.83,3.84,3.83,3.84,666,2557.35
1788317580000,2026-09-02T02:53:00Z,3.84,3.84,3.84,3.84,517,1985.28
1788317640000,2026-09-02T02:54:00Z,3.84,3.84,3.82,3.82,3164,12116.91
1788317700000,2026-09-02T02:55:00Z,3.82,3.82,3.82,3.82,1017,3884.94
1788317760000,2026-09-02T02:56:00Z,3.82,3.82,3.82,3.82,3330,12720.6
1788317820000,2026-09-02T02:57:00Z,3.81,3.82,3.81,3.81,139,529.69
1788317880000,2026-09-02T02:58:00Z,3.82,3.82,3.82,3.82,2400,9168
1788317940000,2026-09-02T02:59:00Z,3.82,3.82,3.82,3.82,100,382
1788318000000,2026-09-02T03:00:00Z,3.82,3.82,3.82,3.82,1000,3820
1788318060000,2026-09-02T03:01:00Z,3.82,3.82,3.82,3.82,2005,7659.1
1788318120000,2026-09-02T03:02:00Z,3.82,3.82,3.82,3.82,509,1944.38
1788318180000,2026-09-02T03:03:00Z,3.81,3.81,3.8,3.81,23047,87767.18
1788318240000,2026-09-02T03:04:00Z,3.81,3.81,3.8,3.81,18405,69983.05
1788318300000,2026-09-02T03:05:00Z,3.81,3.81,3.81,3.81,2698,10279.38
1788318360000,2026-09-02T03:06:00Z,3.81,3.81,3.81,3.81,1300,4953
1788318420000,2026-09-02T03:07:00Z,3.81,3.81,3.81,3.81,961,3661.41
1788318480000,2026-09-02T03:08:00Z,3.81,3.81,3.81,3.81,1009,3844.29
1788318540000,2026-09-02T03:09:00Z,3.81,3.81,3.81,3.81,11,41.91
1788318600000,2026-09-02T03:10:00Z,3.81,3.81,3.81,3.81,1415,5391.15
1788318660000,2026-09-02T03:11:00Z,3.82,3.82,3.82,3.82,1101,4205.82
1788318720000,2026-09-02T03:12:00Z,3.82,3.82,3.81,3.81,10559,40233.29
1788318780000,2026-09-02T03:13:00Z,3.81,3.81,3.8,3.8,8910,33872.1
1788318840000,2026-09-02T03:14:00Z,3.81,3.81,3.81,3.81,310,1181.1
1788318900000,2026-09-02T03:15:00Z,3.81,3.81,3.8,3.8,200,761
1788318960000,2026-09-02T03:16:00Z,3.81,3.81,3.8,3.8,5196,19747.8
1788319020000,2026-09-02T03:17:00Z,3.8,3.82,3.8,3.82,2250,8593
1788319080000,2026-09-02T03:18:00Z,3.82,3.82,3.8,3.8,3460,13154.4
1788319200000,2026-09-02T03:20:00Z,3.81,3.81,3.81,3.81,5009,19084.29
1788319260000,2026-09-02T03:21:00Z,3.83,3.83,3.82,3.82,50000,191495.82
1788319320000,2026-09-02T03:22:00Z,3.82,3.82,3.81,3.82,7948,30295.88
1788319440000,2026-09-02T03:24:00Z,3.82,3.82,3.82,3.82,850,3247
1788319500000,2026-09-02T03:25:00Z,3.82,3.82,3.82,3.82,350,1337
1788319560000,2026-09-02T03:26:00Z,3.82,3.82,3.82,3.82,3770,14401.4
1788319620000,2026-09-02T03:27:00Z,3.82,3.82,3.82,3.82,5863,22396.66
1788319680000,2026-09-02T03:28:00Z,3.82,3.82,3.82,3.82,939,3586.98
1788319740000,2026-09-02T03:29:00Z,3.82,3.82,3.82,3.82,1150,4393
1788319800000,2026-09-02T03:30:00Z,3.82,3.82,3.82,3.82,500,1910
1788319860000,2026-09-02T03:31:00Z,3.82,3.82,3.82,3.82,498,1902.36
1788319920000,2026-09-02T03:32:00Z,3.83,3.83,3.83,3.83,3501,13408.83
1788319980000,2026-09-02T03:33:00Z,3.83,3.83,3.81,3.82,7400,28232
1788320040000,2026-09-02T03:34:00Z,3.82,3.82,3.82,3.82,191,729.62
1788320100000,2026-09-02T03:35:00Z,3.82,3.82,3.81,3.82,10737,40935.27
1788320160000,2026-09-02T03:36:00Z,3.83,3.83,3.83,3.83,7035,26944.05
1788320220000,2026-09-02T03:37:00Z,3.83,3.83,3.83,3.83,1811,6936.13
1788320280000,2026-09-02T03:38:00Z,3.83,3.83,3.83,3.83,90,344.7
1788320340000,2026-09-02T03:39:00Z,3.82,3.82,3.82,3.82,4730,18068.6
1788320400000,2026-09-02T03:40:00Z,3.81,3.81,3.81,3.81,20002,76207.62
1788320460000,2026-09-02T03:41:00Z,3.82,3.82,3.82,3.82,50,191
1788320520000,2026-09-02T03:42:00Z,3.81,3.81,3.81,3.81,15380,58597.8
1788320580000,2026-09-02T03:43:00Z,3.81,3.82,3.81,3.82,20251,77196.31
1788320640000,2026-09-02T03:44:00Z,3.81,3.81,3.81,3.81,3415,13011.15
1788320700000,2026-09-02T03:45:00Z,3.81,3.83,3.81,3.82,105539,404010.23
1788320760000,2026-09-02T03:46:00Z,3.82,3.82,3.81,3.81,1589,6066.09
1788320820000,2026-09-02T03:47:00Z,3.82,3.82,3.82,3.82,1338,5111.16
1788320880000,2026-09-02T03:48:00Z,3.82,3.82,3.82,3.82,55,210.1
1788320940000,2026-09-02T03:49:00Z,3.82,3.82,3.82,3.82,222,848.04
1788321060000,2026-09-02T03:51:00Z,3.82,3.82,3.82,3.82,1200,4584
1788321120000,2026-09-02T03:52:00Z,3.82,3.82,3.82,3.82,301,1149.82
1788321180000,2026-09-02T03:53:00Z,3.82,3.82,3.82,3.82,501,1913.82
1788321240000,2026-09-02T03:54:00Z,3.82,3.82,3.82,3.82,1725,6589.5
1788321300000,2026-09-02T03:55:00Z,3.82,3.82,3.82,3.82,700,2674
1788321360000,2026-09-02T03:56:00Z,3.82,3.82,3.82,3.82,24958,95339.56
1788321480000,2026-09-02T03:58:00Z,3.81,3.82,3.8,3.8,5320,20246.4
1788321600000,2026-09-02T04:00:00Z,3.81,3.81,3.8,3.8,502,1907.62
1788321660000,2026-09-02T04:01:00Z,3.81,3.81,3.81,3.81,31,118.11
1788321720000,2026-09-02T04:02:00Z,3.81,3.81,3.81,3.81,100,381
1788321780000,2026-09-02T04:03:00Z,3.81,3.81,3.81,3.81,100,381
1788321900000,2026-09-02T04:05:00Z,3.81,3.81,3.81,3.81,20,76.2
1788321960000,2026-09-02T04:06:00Z,3.81,3.81,3.81,3.81,5,19.05
1788322020000,2026-09-02T04:07:00Z,3.81,3.81,3.81,3.81,21543,82078.83
1788322200000,2026-09-02T04:10:00Z,3.84,3.84,3.84,3.84,7350,28224
1788322260000,2026-09-02T04:11:00Z,3.84,3.84,3.84,3.84,1295,4972.8
1788322320000,2026-09-02T04:12:00Z,3.84,3.84,3.84,3.84,1508,5790.72
1788322380000,2026-09-02T04:13:00Z,3.85,3.86,3.85,3.85,1367,5266.61
1788322440000,2026-09-02T04:14:00Z,3.86,3.86,3.86,3.86,438,1690.68
1788322500000,2026-09-02T04:15:00Z,3.86,3.86,3.86,3.86,99,382.14
1788322560000,2026-09-02T04:16:00Z,3.86,3.86,3.86,3.86,507,1957.02
1788322680000,2026-09-02T04:18:00Z,3.85,3.86,3.85,3.86,290,1117.7
1788322740000,2026-09-02T04:19:00Z,3.86,3.86,3.83,3.83,1134,4343.25
1788322800000,2026-09-02T04:20:00Z,3.84,3.86,3.84,3.86,1127,4347.68
1788322980000,2026-09-02T04:23:00Z,3.84,3.84,3.84,3.84,1450,5568
1788323040000,2026-09-02T04:24:00Z,3.84,3.84,3.84,3.84,42,161.28
1788323100000,2026-09-02T04:25:00Z,3.85,3.86,3.85,3.86,9944,38342.01
1788323160000,2026-09-02T04:26:00Z,3.85,3.85,3.85,3.85,4028,15507.8
1788323220000,2026-09-02T04:27:00Z,3.85,3.85,3.85,3.85,7002,26957.7
1788323280000,2026-09-02T04:28:00Z,3.85,3.86,3.84,3.86,5498,21146.32
1788323340000,2026-09-02T04:29:00Z,3.85,3.85,3.85,3.85,133,512.05
1788323400000,2026-09-02T04:30:00Z,3.85,3.85,3.84,3.84,604,2323.4
1788323460000,2026-09-02T04:31:00Z,3.85,3.85,3.85,3.85,10,38.5
1788323520000,2026-09-02T04:32:00Z,3.85,3.85,3.85,3.85,20,77
1788323580000,2026-09-02T04:33:00Z,3.85,3.85,3.85,3.85,224,862.4
1788323640000,2026-09-02T04:34:00Z,3.85,3.85,3.85,3.85,500,1925
1788323760000,2026-09-02T04:36:00Z,3.85,3.85,3.85,3.85,150,577.5
1788323880000,2026-09-02T04:38:00Z,3.84,3.85,3.84,3.84,1694,6509.47
1788324060000,2026-09-02T04:41:00Z,3.85,3.85,3.85,3.85,7,26.95
1788324240000,2026-09-02T04:44:00Z,3.85,3.85,3.85,3.85,8,30.8
1788324300000,2026-09-02T04:45:00Z,3.85,3.85,3.85,3.85,500,1925
1788324360000,2026-09-02T04:46:00Z,3.85,3.86,3.85,3.86,5626,21706.36
1788324420000,2026-09-02T04:47:00Z,3.86,3.86,3.86,3.86,100,386
1788324540000,2026-09-02T04:49:00Z,3.87,3.87,3.85,3.85,3221,12401.33
1788324600000,2026-09-02T04:50:00Z,3.87,3.87,3.87,3.87,1800,6966
1788324660000,2026-09-02T04:51:00Z,3.86,3.86,3.86,3.86,110,424.6
1788324720000,2026-09-02T04:52:00Z,3.86,3.86,3.86,3.86,3549,13699.14
1788324840000,2026-09-02T04:54:00Z,3.86,3.86,3.86,3.86,110,424.6
1788324900000,2026-09-02T04:55:00Z,3.84,3.86,3.84,3.86,2129,8198.18
1788325020000,2026-09-02T04:57:00Z,3.84,3.86,3.84,3.84,14345,55189.97
1788325140000,2026-09-02T04:59:00Z,3.84,3.84,3.84,3.84,1019,3912.96
1788325200000,2026-09-02T05:00:00Z,3.83,3.83,3.81,3.82,37036,141562.76
1788325260000,2026-09-02T05:01:00Z,3.82,3.84,3.82,3.83,4813,18396.61
1788325380000,2026-09-02T05:03:00Z,3.84,3.84,3.84,3.84,45,172.8
1788325440000,2026-09-02T05:04:00Z,3.84,3.84,3.84,3.84,6073,23320.32
1788325500000,2026-09-02T05:05:00Z,3.84,3.84,3.84,3.84,111,426.24
1788325560000,2026-09-02T05:06:00Z,3.84,3.84,3.84,3.84,100,384
1788325620000,2026-09-02T05:07:00Z,3.84,3.84,3.84,3.84,215,825.6
1788325680000,2026-09-02T05:08:00Z,3.84,3.84,3.84,3.84,88,337.92
1788325740000,2026-09-02T05:09:00Z,3.84,3.84,3.84,3.84,1,3.84
1788325800000,2026-09-02T05:10:00Z,3.84,3.84,3.84,3.84,510,1958.4
1788325920000,2026-09-02T05:12:00Z,3.84,3.84,3.84,3.84,110,422.4
1788326040000,2026-09-02T05:14:00Z,3.84,3.84,3.83,3.83,213,817.79
1788326100000,2026-09-02T05:15:00Z,3.84,3.84,3.84,3.84,1946,7472.64
1788326160000,2026-09-02T05:16:00Z,3.84,3.84,3.83,3.84,3702,14183.68
1788326220000,2026-09-02T05:17:00Z,3.81,3.81,3.81,3.81,6897,26277.57
1788326280000,2026-09-02T05:18:00Z,3.81,3.81,3.81,3.81,124,472.44
1788326340000,2026-09-02T05:19:00Z,3.83,3.83,3.82,3.83,1580,6039.4
1788326400000,2026-09-02T05:20:00Z,3.83,3.83,3.83,3.83,1,3.83
1788326460000,2026-09-02T05:21:00Z,3.83,3.83,3.83,3.83,14756,56515.48
1788326520000,2026-09-02T05:22:00Z,3.83,3.83,3.83,3.83,3000,11490
1788326580000,2026-09-02T05:23:00Z,3.8,3.81,3.8,3.81,6900,26240
1788326700000,2026-09-02T05:25:00Z,3.8,3.81,3.8,3.81,1345,5115.9
1788326760000,2026-09-02T05:26:00Z,3.81,3.81,3.81,3.81,554,2110.74
1788326880000,2026-09-02T05:28:00Z,3.81,3.82,3.81,3.82,5695,21699.95
1788326940000,2026-09-02T05:29:00Z,3.82,3.82,3.81,3.81,1255,4781.65
1788327000000,2026-09-02T05:30:00Z,3.83,3.83,3.83,3.83,500,1915
1788327060000,2026-09-02T05:31:00Z,3.83,3.83,3.83,3.83,237,907.71
1788327120000,2026-09-02T05:32:00Z,3.83,3.83,3.82,3.82,76,290.82
1788327180000,2026-09-02T05:33:00Z,3.83,3.83,3.82,3.82,5782,22113.46
1788327240000,2026-09-02T05:34:00Z,3.83,3.83,3.83,3.83,583,2232.89
1788327360000,2026-09-02T05:36:00Z,3.83,3.83,3.83,3.83,1201,4599.83
1788327420000,2026-09-02T05:37:00Z,3.82,3.83,3.82,3.83,12294,47051.36
1788327480000,2026-09-02T05:38:00Z,3.83,3.83,3.82,3.82,1500,5735
1788327540000,2026-09-02T05:39:00Z,3.83,3.83,3.82,3.83,6800,25984
1788327600000,2026-09-02T05:40:00Z,3.83,3.83,3.83,3.83,334,1279.22
1788327720000,2026-09-02T05:42:00Z,3.83,3.83,3.83,3.83,3650,13979.5
1788327780000,2026-09-02T05:43:00Z,3.82,3.83,3.82,3.82,2527,9661.14
1788327840000,2026-09-02T05:44:00Z,3.83,3.83,3.83,3.83,3000,11490
1788327900000,2026-09-02T05:45:00Z,3.82,3.82,3.82,3.82,50,191
1788327960000,2026-09-02T05:46:00Z,3.83,3.83,3.83,3.83,1510,5783.3
1788328140000,2026-09-02T05:49:00Z,3.84,3.84,3.83,3.83,591,2264.83
1788328260000,2026-09-02T05:51:00Z,3.84,3.85,3.84,3.85,882,3389.88
1788328320000,2026-09-02T05:52:00Z,3.83,3.85,3.83,3.85,141,542.03
1788328440000,2026-09-02T05:54:00Z,3.84,3.84,3.83,3.84,371,1423.64
1788328500000,2026-09-02T05:55:00Z,3.83,3.83,3.83,3.83,2000,7660
1788328560000,2026-09-02T05:56:00Z,3.83,3.83,3.83,3.83,9000,34470
1788328680000,2026-09-02T05:58:00Z,3.85,3.85,3.83,3.84,409,1569.97
1788328740000,2026-09-02T05:59:00Z,3.83,3.83,3.83,3.83,1462,5599.46
1788328800000,2026-09-02T06:00:00Z,3.84,3.84,3.84,3.84,1194,4584.96
1788328860000,2026-09-02T06:01:00Z,3.83,3.83,3.83,3.83,1123,4301.09
1788329100000,2026-09-02T06:05:00Z,3.83,3.84,3.83,3.84,1876,7198.09
1788329160000,2026-09-02T06:06:00Z,3.84,3.84,3.84,3.84,5,19.2
1788329220000,2026-09-02T06:07:00Z,3.84,3.84,3.83,3.83,658,2521.14
1788329580000,2026-09-02T06:13:00Z,3.84,3.84,3.84,3.84,169,648.96
1788329640000,2026-09-02T06:14:00Z,3.84,3.84,3.84,3.84,4300,16512
1788329700000,2026-09-02T06:15:00Z,3.84,3.84,3.84,3.84,25,96
1788329760000,2026-09-02T06:16:00Z,3.84,3.84,3.84,3.84,456,1751.04
1788329820000,2026-09-02T06:17:00Z,3.84,3.84,3.84,3.84,12937,49678.08
1788329940000,2026-09-02T06:19:00Z,3.85,3.85,3.85,3.85,330,1270.5
1788330000000,2026-09-02T06:20:00Z,3.85,3.85,3.85,3.85,2169,8350.65
1788330060000,2026-09-02T06:21:00Z,3.85,3.85,3.85,3.85,80,308
1788330120000,2026-09-02T06:22:00Z,3.85,3.86,3.85,3.86,5446,21017.1
1788330240000,2026-09-02T06:24:00Z,3.86,3.86,3.86,3.86,13249,51141.14
1788330360000,2026-09-02T06:26:00Z,3.87,3.87,3.86,3.86,119,460.08
1788330420000,2026-09-02T06:27:00Z,3.86,3.86,3.86,3.86,4,15.44
1788330540000,2026-09-02T06:29:00Z,3.86,3.89,3.86,3.89,14073,54719.82
1788330600000,2026-09-02T06:30:00Z,3.86,3.86,3.86,3.86,650,2509
1788330660000,2026-09-02T06:31:00Z,3.86,3.86,3.86,3.86,1000,3860
1788330720000,2026-09-02T06:32:00Z,3.86,3.86,3.86,3.86,200,772
1788330780000,2026-09-02T06:33:00Z,3.86,3.86,3.86,3.86,660,2547.6
1788330840000,2026-09-02T06:34:00Z,3.85,3.87,3.85,3.87,7583,29228.55
1788330900000,2026-09-02T06:35:00Z,3.86,3.87,3.86,3.87,3400,13141
1788331020000,2026-09-02T06:37:00Z,3.87,3.87,3.86,3.86,1619,6265.34
1788331320000,2026-09-02T06:42:00Z,3.87,3.87,3.87,3.87,600,2322
1788331440000,2026-09-02T06:44:00Z,3.85,3.85,3.85,3.85,500,1925
1788331500000,2026-09-02T06:45:00Z,3.86,3.87,3.86,3.87,1550,5988.5
1788331560000,2026-09-02T06:46:00Z,3.88,3.88,3.88,3.88,444,1722.72
1788331740000,2026-09-02T06:49:00Z,3.87,3.87,3.87,3.87,485,1876.95
1788331800000,2026-09-02T06:50:00Z,3.88,3.88,3.88,3.88,200,776
1788331980000,2026-09-02T06:53:00Z,3.88,3.88,3.88,3.88,803,3115.64
1788332040000,2026-09-02T06:54:00Z,3.87,3.87,3.85,3.87,28365,109404.14
1788332400000,2026-09-02T07:00:00Z,3.88,3.88,3.88,3.88,6,23.28
1788332460000,2026-09-02T07:01:00Z,3.87,3.87,3.87,3.87,500,1935
1788332520000,2026-09-02T07:02:00Z,3.87,3.87,3.87,3.87,2038,7887.06
1788332580000,2026-09-02T07:03:00Z,3.88,3.88,3.88,3.88,167,647.96
1788332640000,2026-09-02T07:04:00Z,3.88,3.88,3.86,3.87,12980,50234.27
1788332700000,2026-09-02T07:05:00Z,3.87,3.87,3.87,3.87,400,1548
1788332760000,2026-09-02T07:06:00Z,3.87,3.87,3.87,3.87,400,1548
1788332880000,2026-09-02T07:08:00Z,3.89,3.89,3.88,3.88,1500,5825
1788333000000,2026-09-02T07:10:00Z,3.9,3.9,3.9,3.9,2500,9750
1788333060000,2026-09-02T07:11:00Z,3.9,3.9,3.9,3.9,1,3.9
1788333180000,2026-09-02T07:13:00Z,3.9,3.9,3.9,3.9,110,429
1788333240000,2026-09-02T07:14:00Z,3.9,3.9,3.88,3.88,2055,8006.54
1788333300000,2026-09-02T07:15:00Z,3.89,3.89,3.88,3.88,6781,26375.09
1788333360000,2026-09-02T07:16:00Z,3.89,3.89,3.89,3.89,200,778
1788333480000,2026-09-02T07:18:00Z,3.89,3.89,3.89,3.89,1000,3890
1788333540000,2026-09-02T07:19:00Z,3.88,3.88,3.88,3.88,1389,5389.32
1788333600000,2026-09-02T07:20:00Z,3.88,3.88,3.88,3.88,1535,5955.8
1788333660000,2026-09-02T07:21:00Z,3.88,3.89,3.87,3.89,10937,42406.14
1788333720000,2026-09-02T07:22:00Z,3.88,3.88,3.88,3.88,420,1629.6
1788333840000,2026-09-02T07:24:00Z,3.88,3.88,3.88,3.88,281,1090.28
1788333900000,2026-09-02T07:25:00Z,3.87,3.88,3.87,3.88,7576,29391.86
1788333960000,2026-09-02T07:26:00Z,3.88,3.88,3.88,3.88,5455,21165.4
1788334080000,2026-09-02T07:28:00Z,3.87,3.87,3.87,3.87,3888,15046.56
1788334140000,2026-09-02T07:29:00Z,3.87,3.89,3.87,3.89,3200,12440
1788334200000,2026-09-02T07:30:00Z,3.88,3.88,3.88,3.88,262,1016.56
1788334260000,2026-09-02T07:31:00Z,3.88,3.88,3.88,3.88,145,562.6
1788334320000,2026-09-02T07:32:00Z,3.88,3.88,3.87,3.88,7765,30107.55
1788334500000,2026-09-02T07:35:00Z,3.89,3.89,3.89,3.89,7374,28684.86
1788334560000,2026-09-02T07:36:00Z,3.88,3.88,3.88,3.88,8510,33018.8
1788334620000,2026-09-02T07:37:00Z,3.88,3.88,3.88,3.88,1,3.88
1788334740000,2026-09-02T07:39:00Z,3.87,3.88,3.87,3.88,2010,7778.8
1788334860000,2026-09-02T07:41:00Z,3.88,3.88,3.88,3.88,40,155.2
1788335040000,2026-09-02T07:44:00Z,3.88,3.88,3.86,3.86,2889,11155.6
1788335100000,2026-09-02T07:45:00Z,3.86,3.87,3.86,3.87,9296,35923.54
1788335160000,2026-09-02T07:46:00Z,3.88,3.88,3.88,3.88,102,395.76
1788335340000,2026-09-02T07:49:00Z,3.86,3.86,3.86,3.86,421,1625.06
1788335400000,2026-09-02T07:50:00Z,3.85,3.85,3.85,3.85,390,1501.5
1788335760000,2026-09-02T07:56:00Z,3.86,3.87,3.86,3.87,2001,7741.59
1788335820000,2026-09-02T07:57:00Z,3.89,3.89,3.89,3.89,965,3753.85
1788335940000,2026-09-02T07:59:00Z,3.89,3.89,3.88,3.88,118,458.19
1788336000000,2026-09-02T08:00:00Z,3.9,3.977,3.885,3.91,660358.913386,2574343.18794398
1788336060000,2026-09-02T08:01:00Z,3.88,3.895,3.88,3.88,102617,399641.9065
1788336120000,2026-09-02T08:02:00Z,3.88,3.9,3.88,3.89,151509,589779.0843
1788336180000,2026-09-02T08:03:00Z,3.89,3.89,3.875,3.875,38527,149677.395
1788336240000,2026-09-02T08:04:00Z,3.87,3.883,3.87,3.88,47451,183967.527
1788336300000,2026-09-02T08:05:00Z,3.874,3.875,3.874,3.875,13166,51018.25
1788336360000,2026-09-02T08:06:00Z,3.87,3.875,3.87,3.87,20858,80824.75
1788336420000,2026-09-02T08:07:00Z,3.86,3.875,3.86,3.86,2762,10702.75
1788336480000,2026-09-02T08:08:00Z,3.875,3.875,3.875,3.875,4427,17154.625
1788336540000,2026-09-02T08:09:00Z,3.86,3.875,3.86,3.87,96985,375748.9855
1788336600000,2026-09-02T08:10:00Z,3.87,3.87,3.865,3.865,15981,61785.7422
1788336660000,2026-09-02T08:11:00Z,3.87,3.87,3.865,3.87,2743,10601.695
1788336720000,2026-09-02T08:12:00Z,3.865,3.865,3.865,3.865,1440,5565.6
1788336780000,2026-09-02T08:13:00Z,3.87,3.87,3.865,3.87,3067.233333,11854.85683205
1788336840000,2026-09-02T08:14:00Z,3.87,3.873,3.865,3.87,67296,260099.04
1788336900000,2026-09-02T08:15:00Z,3.87,3.875,3.87,3.87,32517,126003.375
1788336960000,2026-09-02T08:16:00Z,3.875,3.884,3.875,3.884,30765,119242.0635
1788337020000,2026-09-02T08:17:00Z,3.884,3.885,3.884,3.885,1115,4331.775
1788337080000,2026-09-02T08:18:00Z,3.87,3.89,3.86,3.86,140618,545977.5086
1788337140000,2026-09-02T08:19:00Z,3.86,3.875,3.86,3.86,42165,163317.6945
1788337200000,2026-09-02T08:20:00Z,3.86,3.868,3.86,3.86,11080,42835.28
1788337260000,2026-09-02T08:21:00Z,3.87,3.87,3.865,3.87,12113,46816.745
1788337320000,2026-09-02T08:22:00Z,3.865,3.865,3.865,3.865,5425,20967.625
1788337380000,2026-09-02T08:23:00Z,3.865,3.865,3.865,3.865,2.875968,11.11561632
1788337440000,2026-09-02T08:24:00Z,3.87,3.87,3.865,3.87,29607,114431.055
1788337500000,2026-09-02T08:25:00Z,3.865,3.869,3.865,3.869,852,3294.684
1788337560000,2026-09-02T08:26:00Z,3.871,3.875,3.871,3.875,229.0914,887.31681048
1788337620000,2026-09-02T08:27:00Z,3.87,3.875,3.866,3.87,18262,70761.5976
1788337680000,2026-09-02T08:28:00Z,3.866,3.866,3.866,3.866,40,154.64
1788337740000,2026-09-02T08:29:00Z,3.865,3.865,3.865,3.865,1220,4715.3
1788337800000,2026-09-02T08:30:00Z,3.865,3.865,3.865,3.865,4207,16260.055
1788337860000,2026-09-02T08:31:00Z,3.865,3.865,3.865,3.865,17496,67622.04
1788337920000,2026-09-02T08:32:00Z,3.865,3.869,3.865,3.869,5117,19782.322
1788337980000,2026-09-02T08:33:00Z,3.871,3.875,3.871,3.875,1396,5409.5
1788338040000,2026-09-02T08:34:00Z,3.875,3.875,3.875,3.875,53,205.375
1788338100000,2026-09-02T08:35:00Z,3.87,3.875,3.87,3.87,9735,37723.125
1788338160000,2026-09-02T08:36:00Z,3.875,3.875,3.875,3.875,10,38.75
1788338220000,2026-09-02T08:37:00Z,3.875,3.875,3.875,3.875,12339,47813.625
1788338280000,2026-09-02T08:38:00Z,3.873,3.873,3.866,3.866,1324,5118.584
1788338340000,2026-09-02T08:39:00Z,3.865,3.865,3.865,3.865,127,490.855
1788338400000,2026-09-02T08:40:00Z,3.865,3.865,3.865,3.865,3206,12391.19
1788338460000,2026-09-02T08:41:00Z,3.865,3.865,3.865,3.865,753,2910.345
1788338520000,2026-09-02T08:42:00Z,3.865,3.87,3.865,3.87,8938,34573.9716
1788338580000,2026-09-02T08:43:00Z,3.88,3.88,3.865,3.88,11490,44414.595
1788338640000,2026-09-02T08:44:00Z,3.865,3.865,3.865,3.865,1140,4406.1
1788338700000,2026-09-02T08:45:00Z,3.865,3.865,3.865,3.865,1570,6068.05
1788338760000,2026-09-02T08:46:00Z,3.865,3.865,3.865,3.865,1633,6311.545
1788338820000,2026-09-02T08:47:00Z,3.865,3.865,3.865,3.865,3007.731266,11624.88134309
1788338880000,2026-09-02T08:48:00Z,3.865,3.865,3.865,3.865,5896.749354,22790.93625321
1788338940000,2026-09-02T08:49:00Z,3.87,3.87,3.865,3.87,809,3126.785
1788339000000,2026-09-02T08:50:00Z,3.865,3.865,3.865,3.865,300,1159.5
1788339060000,2026-09-02T08:51:00Z,3.865,3.865,3.865,3.865,2011,7772.515
1788339120000,2026-09-02T08:52:00Z,3.865,3.865,3.865,3.865,515,1990.475
1788339180000,2026-09-02T08:53:00Z,3.865,3.865,3.865,3.865,981,3791.565
1788339240000,2026-09-02T08:54:00Z,3.865,3.865,3.865,3.865,3248,12553.52
1788339300000,2026-09-02T08:55:00Z,3.865,3.865,3.865,3.865,1,3.865
1788339360000,2026-09-02T08:56:00Z,3.88,3.88,3.865,3.88,12369,47806.185
1788339420000,2026-09-02T08:57:00Z,3.865,3.865,3.865,3.865,1647,6365.655
1788339480000,2026-09-02T08:58:00Z,3.865,3.865,3.865,3.865,770,2976.05
1788339540000,2026-09-02T08:59:00Z,3.88,3.88,3.865,3.88,2860.795865,11056.97601823
1788339600000,2026-09-02T09:00:00Z,3.865,3.865,3.865,3.865,6588,25462.62
1788339660000,2026-09-02T09:01:00Z,3.87,3.874,3.865,3.87,24741.167958,95681.51884397
1788339720000,2026-09-02T09:02:00Z,3.87,3.875,3.87,3.87,1909,7397.375
1788339780000,2026-09-02T09:03:00Z,3.875,3.875,3.875,3.875,13,50.375
1788339840000,2026-09-02T09:04:00Z,3.875,3.875,3.875,3.875,10000,38750
1788339900000,2026-09-02T09:05:00Z,3.875,3.875,3.875,3.875,54,209.25
1788339960000,2026-09-02T09:06:00Z,3.875,3.875,3.875,3.875,540,2092.5
1788340020000,2026-09-02T09:07:00Z,3.875,3.875,3.875,3.875,47,182.125
1788340080000,2026-09-02T09:08:00Z,3.875,3.875,3.875,3.875,19,73.625
1788340140000,2026-09-02T09:09:00Z,3.87,3.875,3.87,3.87,2030,7866.25
1788340200000,2026-09-02T09:10:00Z,3.87,3.875,3.87,3.87,4011,15542.625
1788340260000,2026-09-02T09:11:00Z,3.875,3.875,3.875,3.875,2064,7998
1788340320000,2026-09-02T09:12:00Z,3.875,3.875,3.875,3.875,45,174.375
1788340380000,2026-09-02T09:13:00Z,3.875,3.875,3.875,3.875,716,2774.5
1788340440000,2026-09-02T09:14:00Z,3.875,3.875,3.875,3.875,108,418.5
1788340500000,2026-09-02T09:15:00Z,3.875,3.875,3.875,3.875,17,65.875
1788340560000,2026-09-02T09:16:00Z,3.875,3.875,3.875,3.875,310,1201.25
1788340620000,2026-09-02T09:17:00Z,3.875,3.875,3.875,3.875,21,81.375
1788340680000,2026-09-02T09:18:00Z,3.875,3.875,3.875,3.875,2000,7750
1788340740000,2026-09-02T09:19:00Z,3.875,3.875,3.875,3.875,1503.898827,5827.607954625
1788340800000,2026-09-02T09:20:00Z,3.875,3.875,3.875,3.875,1,3.875
1788340860000,2026-09-02T09:21:00Z,3.875,3.875,3.86,3.875,73430,284541.25
1788340920000,2026-09-02T09:22:00Z,3.875,3.875,3.875,3.875,30,116.25
1788340980000,2026-09-02T09:23:00Z,3.875,3.875,3.875,3.875,2880,11160
1788341040000,2026-09-02T09:24:00Z,3.875,3.875,3.875,3.875,700,2712.5
1788341100000,2026-09-02T09:25:00Z,3.875,3.875,3.875,3.875,5284,20475.5
1788341160000,2026-09-02T09:26:00Z,3.875,3.875,3.875,3.875,10,38.75
1788341220000,2026-09-02T09:27:00Z,3.875,3.875,3.875,3.875,1002,3882.75
1788341280000,2026-09-02T09:28:00Z,3.875,3.875,3.875,3.875,3800,14725
1788341340000,2026-09-02T09:29:00Z,3.875,3.875,3.875,3.875,0,0
1788341460000,2026-09-02T09:31:00Z,3.875,3.875,3.875,3.875,70,271.25
1788341520000,2026-09-02T09:32:00Z,3.875,3.875,3.875,3.875,10453.471763,40507.20308163
1788341580000,2026-09-02T09:33:00Z,3.875,3.875,3.875,3.875,356,1379.5
1788341640000,2026-09-02T09:34:00Z,3.875,3.875,3.875,3.875,5100,19762.5
1788341700000,2026-09-02T09:35:00Z,3.875,3.875,3.875,3.875,370,1433.75
1788341760000,2026-09-02T09:36:00Z,3.875,3.875,3.875,3.875,1093.636808,4237.842631
1788341820000,2026-09-02T09:37:00Z,3.875,3.875,3.875,3.875,14251.329999,55223.90374613
1788341880000,2026-09-02T09:38:00Z,3.875,3.875,3.875,3.875,60,232.5
1788341940000,2026-09-02T09:39:00Z,3.875,3.875,3.875,3.875,200,775
1788342000000,2026-09-02T09:40:00Z,3.875,3.875,3.875,3.875,3644,14120.5
1788342060000,2026-09-02T09:41:00Z,3.87,3.875,3.87,3.87,700,2712.5
1788342120000,2026-09-02T09:42:00Z,3.875,3.875,3.875,3.875,3347,12969.625
1788342180000,2026-09-02T09:43:00Z,3.875,3.875,3.875,3.875,3625,14046.875
1788342300000,2026-09-02T09:45:00Z,3.875,3.875,3.875,3.875,10145,39311.875
1788342360000,2026-09-02T09:46:00Z,3.875,3.875,3.875,3.875,20198,78267.25
1788342420000,2026-09-02T09:47:00Z,3.875,3.875,3.875,3.875,50000,193750
1788342480000,2026-09-02T09:48:00Z,3.875,3.875,3.875,3.875,2445,9474.375
1788342540000,2026-09-02T09:49:00Z,3.875,3.875,3.875,3.875,38500,149187.5
1788342600000,2026-09-02T09:50:00Z,3.875,3.875,3.875,3.875,6702,25970.25
1788342660000,2026-09-02T09:51:00Z,3.875,3.875,3.875,3.875,491,1902.625
1788342720000,2026-09-02T09:52:00Z,3.875,3.875,3.875,3.875,2211,8567.625
1788342780000,2026-09-02T09:53:00Z,3.875,3.875,3.875,3.875,1021,3956.375
1788342840000,2026-09-02T09:54:00Z,3.875,3.875,3.875,3.875,68,263.5
1788342900000,2026-09-02T09:55:00Z,3.875,3.875,3.875,3.875,10,38.75
1788342960000,2026-09-02T09:56:00Z,3.875,3.875,3.875,3.875,305,1181.875
1788343020000,2026-09-02T09:57:00Z,3.875,3.875,3.875,3.875,1345,5211.875
1788343080000,2026-09-02T09:58:00Z,3.875,3.875,3.875,3.875,5000,19375
1788343140000,2026-09-02T09:59:00Z,3.875,3.875,3.875,3.875,777,3010.875
1788343200000,2026-09-02T10:00:00Z,3.875,3.875,3.875,3.875,5040,19530
1788343260000,2026-09-02T10:01:00Z,3.875,3.875,3.875,3.875,171,662.625
1788343320000,2026-09-02T10:02:00Z,3.89,3.89,3.875,3.88,85018.63454,329447.2088425
1788343380000,2026-09-02T10:03:00Z,3.885,3.885,3.885,3.885,1698,6596.73
1788343440000,2026-09-02T10:04:00Z,3.885,3.885,3.885,3.885,2843,11045.055
1788343500000,2026-09-02T10:05:00Z,3.885,3.885,3.885,3.885,400,1554
1788343560000,2026-09-02T10:06:00Z,3.885,3.885,3.885,3.885,488,1895.88
1788343620000,2026-09-02T10:07:00Z,3.885,3.885,3.885,3.885,109,423.465
1788343680000,2026-09-02T10:08:00Z,3.885,3.885,3.885,3.885,11,42.735
1788343740000,2026-09-02T10:09:00Z,3.89,3.894,3.885,3.89,37546,145956.3204
1788343800000,2026-09-02T10:10:00Z,3.895,3.9,3.895,3.9,1719,6695.505
1788343860000,2026-09-02T10:11:00Z,3.895,3.895,3.895,3.895,9500,37002.5
1788343980000,2026-09-02T10:13:00Z,3.895,3.895,3.895,3.895,856,3334.12
1788344040000,2026-09-02T10:14:00Z,3.9,3.9,3.895,3.9,711,2769.345
1788344100000,2026-09-02T10:15:00Z,3.895,3.895,3.895,3.895,1505,5861.975
1788344160000,2026-09-02T10:16:00Z,3.9,3.91,3.895,3.91,38815,151184.425
1788344220000,2026-09-02T10:17:00Z,3.897,3.903,3.897,3.903,100,389.7
1788344280000,2026-09-02T10:18:00Z,3.904,3.905,3.904,3.905,101,394.304
1788344340000,2026-09-02T10:19:00Z,3.905,3.905,3.905,3.905,3309,12921.645
1788344400000,2026-09-02T10:20:00Z,3.905,3.905,3.905,3.905,1011,3947.955
1788344460000,2026-09-02T10:21:00Z,3.905,3.905,3.905,3.905,9866,38526.73
1788344520000,2026-09-02T10:22:00Z,3.905,3.905,3.905,3.905,8788,34317.14
1788344580000,2026-09-02T10:23:00Z,3.905,3.905,3.905,3.905,365,1425.325
1788344640000,2026-09-02T10:24:00Z,3.905,3.905,3.905,3.905,3425,13374.625
1788344700000,2026-09-02T10:25:00Z,3.905,3.905,3.905,3.905,1070,4178.35
1788344760000,2026-09-02T10:26:00Z,3.905,3.905,3.905,3.905,802.368286,3133.24815683
1788344820000,2026-09-02T10:27:00Z,3.92,3.92,3.905,3.92,9985,38991.425
1788344880000,2026-09-02T10:28:00Z,3.907,3.914,3.907,3.914,2743,10729.2445
1788344940000,2026-09-02T10:29:00Z,3.915,3.915,3.915,3.915,4244,16615.26
1788345000000,2026-09-02T10:30:00Z,3.915,3.915,3.915,3.915,9150,35822.25
1788345060000,2026-09-02T10:31:00Z,3.915,3.915,3.915,3.915,10,39.15
1788345180000,2026-09-02T10:33:00Z,3.915,3.915,3.915,3.915,0,0
1788345240000,2026-09-02T10:34:00Z,3.915,3.915,3.915,3.915,500,1957.5
1788345300000,2026-09-02T10:35:00Z,3.915,3.915,3.915,3.915,4351,17034.165
1788345360000,2026-09-02T10:36:00Z,3.915,3.915,3.915,3.915,1724,6749.46
1788345420000,2026-09-02T10:37:00Z,3.915,3.93,3.915,3.915,2112,8268.48
1788345480000,2026-09-02T10:38:00Z,3.915,3.915,3.915,3.915,218,853.47
1788345540000,2026-09-02T10:39:00Z,3.915,3.915,3.915,3.915,0,0
1788345600000,2026-09-02T10:40:00Z,3.915,3.915,3.915,3.915,300,1174.5
1788345660000,2026-09-02T10:41:00Z,3.915,3.915,3.915,3.915,140,548.1
1788345720000,2026-09-02T10:42:00Z,3.915,3.92,3.915,3.915,250,978.75
1788345780000,2026-09-02T10:43:00Z,3.915,3.915,3.915,3.915,0,0
1788345840000,2026-09-02T10:44:00Z,3.915,3.915,3.915,3.915,7592,29722.68
1788345900000,2026-09-02T10:45:00Z,3.915,3.915,3.915,3.915,6000,23490
1788345960000,2026-09-02T10:46:00Z,3.915,3.915,3.915,3.915,18716,73273.14
1788346020000,2026-09-02T10:47:00Z,3.915,3.915,3.915,3.915,323,1264.545
1788346080000,2026-09-02T10:48:00Z,3.915,3.915,3.91,3.915,1180,4613.8
1788346140000,2026-09-02T10:49:00Z,3.915,3.915,3.91,3.915,16848,65959.92
1788346200000,2026-09-02T10:50:00Z,3.915,3.915,3.915,3.915,1001,3918.915
1788346260000,2026-09-02T10:51:00Z,3.915,3.915,3.915,3.915,1053,4122.495
1788346320000,2026-09-02T10:52:00Z,3.915,3.915,3.915,3.915,9369,36679.635
1788346380000,2026-09-02T10:53:00Z,3.915,3.915,3.915,3.915,0,0
1788346440000,2026-09-02T10:54:00Z,3.915,3.915,3.915,3.915,27,105.705
1788346500000,2026-09-02T10:55:00Z,3.915,3.915,3.915,3.915,795,3112.425
1788346560000,2026-09-02T10:56:00Z,3.915,3.915,3.915,3.915,2000,7830
1788346620000,2026-09-02T10:57:00Z,3.915,3.915,3.91,3.915,400,1564
1788346680000,2026-09-02T10:58:00Z,3.92,3.92,3.915,3.915,1896,7432.32
1788346800000,2026-09-02T11:00:00Z,3.93,3.93,3.915,3.92,89116.101385,348889.53692228
1788346860000,2026-09-02T11:01:00Z,3.92,3.925,3.916,3.92,40624,159396.3888
1788346920000,2026-09-02T11:02:00Z,3.921,3.925,3.921,3.925,2011,7891.9684
1788346980000,2026-09-02T11:03:00Z,3.925,3.925,3.925,3.925,1241,4870.925
1788347040000,2026-09-02T11:04:00Z,3.925,3.925,3.925,3.925,11606.097139,45553.931270575
1788347100000,2026-09-02T11:05:00Z,3.925,3.925,3.925,3.925,45088,176970.4
1788347160000,2026-09-02T11:06:00Z,3.925,3.925,3.925,3.925,8089,31749.325
1788347220000,2026-09-02T11:07:00Z,3.925,3.925,3.925,3.925,1600,6280
1788347280000,2026-09-02T11:08:00Z,3.925,3.925,3.925,3.925,17282,67831.85
1788347340000,2026-09-02T11:09:00Z,3.925,3.925,3.925,3.925,10417,40886.725
1788347400000,2026-09-02T11:10:00Z,3.925,3.925,3.925,3.925,5392.606965,21165.982337625
1788347460000,2026-09-02T11:11:00Z,3.925,3.925,3.925,3.925,29871,117243.675
1788347520000,2026-09-02T11:12:00Z,3.925,3.925,3.925,3.925,5124.562569,20113.908083325
1788347580000,2026-09-02T11:13:00Z,3.925,3.925,3.925,3.925,6819,26764.575
1788347640000,2026-09-02T11:14:00Z,3.93,3.932,3.925,3.93,15383,60402.8878
1788347700000,2026-09-02T11:15:00Z,3.933,3.935,3.933,3.935,10339,40683.965
1788347760000,2026-09-02T11:16:00Z,3.935,3.935,3.935,3.935,4329,17034.615
1788347820000,2026-09-02T11:17:00Z,3.935,3.935,3.935,3.935,3796,14937.26
1788347880000,2026-09-02T11:18:00Z,3.935,3.935,3.935,3.935,4391.364229,17280.018241115
1788347940000,2026-09-02T11:19:00Z,3.95,3.95,3.935,3.95,57834,227576.79
1788348000000,2026-09-02T11:20:00Z,3.935,3.935,3.935,3.935,1566.807879,6165.389003865
1788348060000,2026-09-02T11:21:00Z,3.935,3.935,3.935,3.935,3092,12167.02
1788348120000,2026-09-02T11:22:00Z,3.935,3.935,3.935,3.935,5309,20890.915
1788348180000,2026-09-02T11:23:00Z,3.935,3.935,3.935,3.935,2093,8235.955
1788348240000,2026-09-02T11:24:00Z,3.935,3.935,3.935,3.935,27979,110097.365
1788348300000,2026-09-02T11:25:00Z,3.935,3.935,3.935,3.935,7656,30126.36
1788348360000,2026-09-02T11:26:00Z,3.935,3.935,3.935,3.935,2407,9471.545
1788348420000,2026-09-02T11:27:00Z,3.935,3.935,3.935,3.935,1800,7083
1788348480000,2026-09-02T11:28:00Z,3.935,3.935,3.935,3.935,48,188.88
1788348540000,2026-09-02T11:29:00Z,3.935,3.935,3.935,3.935,4171,16412.885
1788348600000,2026-09-02T11:30:00Z,3.935,3.935,3.935,3.935,12905,50781.175
1788348660000,2026-09-02T11:31:00Z,3.935,3.935,3.935,3.935,1774.154346,6981.29735151
1788348720000,2026-09-02T11:32:00Z,3.94,3.94,3.91,3.92,93895,368885.2865
1788348780000,2026-09-02T11:33:00Z,3.916,3.916,3.915,3.915,5222,20444.13
1788348840000,2026-09-02T11:34:00Z,3.91,3.915,3.91,3.91,49302,193017.33
1788348900000,2026-09-02T11:35:00Z,3.915,3.915,3.905,3.905,7674,30000.7356
1788348960000,2026-09-02T11:36:00Z,3.905,3.905,3.905,3.905,33158,129481.99
1788349020000,2026-09-02T11:37:00Z,3.9,3.905,3.9,3.9,35387.255806,138187.23392243
1788349080000,2026-09-02T11:38:00Z,3.905,3.905,3.905,3.905,3978.674204,15536.72276662
1788349140000,2026-09-02T11:39:00Z,3.905,3.905,3.905,3.905,7131,27846.555
1788349200000,2026-09-02T11:40:00Z,3.905,3.905,3.905,3.905,2986,11660.33
1788349260000,2026-09-02T11:41:00Z,3.905,3.905,3.905,3.905,5001.212925,19529.736472125
1788349320000,2026-09-02T11:42:00Z,3.905,3.905,3.905,3.905,4470,17455.35
1788349380000,2026-09-02T11:43:00Z,3.905,3.905,3.905,3.905,2514,9817.17
1788349440000,2026-09-02T11:44:00Z,3.905,3.905,3.905,3.905,4279,16709.495
1788349500000,2026-09-02T11:45:00Z,3.905,3.905,3.905,3.905,908,3545.74
1788349560000,2026-09-02T11:46:00Z,3.905,3.905,3.905,3.905,9909,38694.645
1788349620000,2026-09-02T11:47:00Z,3.905,3.905,3.905,3.905,34552.302564,134926.74151242
1788349680000,2026-09-02T11:48:00Z,3.905,3.905,3.905,3.905,3387.899774,13229.74861747
1788349740000,2026-09-02T11:49:00Z,3.905,3.905,3.905,3.905,7212.899774,28166.37361747
1788349800000,2026-09-02T11:50:00Z,3.905,3.905,3.905,3.905,6440,25148.2
1788349860000,2026-09-02T11:51:00Z,3.905,3.905,3.905,3.905,3132,12230.46
1788349920000,2026-09-02T11:52:00Z,3.89,3.905,3.89,3.89,159478.837102,622748.9109996
1788349980000,2026-09-02T11:53:00Z,3.901,3.905,3.901,3.905,378,1475.4474
1788350040000,2026-09-02T11:54:00Z,3.905,3.905,3.905,3.905,5520,21555.6
1788350100000,2026-09-02T11:55:00Z,3.905,3.905,3.905,3.905,9853.219527,38476.822252935
1788350160000,2026-09-02T11:56:00Z,3.905,3.905,3.905,3.905,3718,14518.79
1788350220000,2026-09-02T11:57:00Z,3.905,3.905,3.905,3.905,11617.235897,45365.306177785
1788350280000,2026-09-02T11:58:00Z,3.905,3.905,3.905,3.905,3096.255806,12090.87892243
1788350340000,2026-09-02T11:59:00Z,3.89,3.905,3.89,3.89,8058.255806,31467.48892243
1788350400000,2026-09-02T12:00:00Z,3.905,3.905,3.905,3.905,757,2956.085
1788350460000,2026-09-02T12:01:00Z,3.905,3.905,3.905,3.905,5598.333759,21861.493328895
1788350520000,2026-09-02T12:02:00Z,3.905,3.92,3.905,3.905,1919.165636,7494.34180858
1788350580000,2026-09-02T12:03:00Z,3.905,3.905,3.905,3.905,35640,139174.2
1788350640000,2026-09-02T12:04:00Z,3.905,3.905,3.905,3.905,2008,7841.24
1788350700000,2026-09-02T12:05:00Z,3.905,3.905,3.9,3.905,22066,86167.73
1788350760000,2026-09-02T12:06:00Z,3.907,3.93,3.907,3.917,60895,238519.6255
1788350820000,2026-09-02T12:07:00Z,3.916,3.916,3.915,3.915,42246.456172,165394.87591338
1788350880000,2026-09-02T12:08:00Z,3.915,3.915,3.91,3.915,22506.294873,88112.144427795
1788350940000,2026-09-02T12:09:00Z,3.915,3.915,3.915,3.915,2512.27577,9835.55963955
1788351000000,2026-09-02T12:10:00Z,3.915,3.915,3.915,3.915,9828,38476.62
1788351060000,2026-09-02T12:11:00Z,3.915,3.915,3.915,3.915,11565.9,45280.4985
1788351120000,2026-09-02T12:12:00Z,3.915,3.915,3.915,3.915,5236,20498.94
1788351180000,2026-09-02T12:13:00Z,3.915,3.915,3.915,3.915,1440,5637.6
1788351240000,2026-09-02T12:14:00Z,3.915,3.915,3.915,3.915,11277,44149.455
1788351300000,2026-09-02T12:15:00Z,3.915,3.915,3.915,3.915,7699.221001,30142.450218915
1788351360000,2026-09-02T12:16:00Z,3.915,3.915,3.91,3.915,16296.941232,63802.52492328
1788351420000,2026-09-02T12:17:00Z,3.915,3.92,3.915,3.919,22283.124462,87240.6605811762
1788351480000,2026-09-02T12:18:00Z,3.93,3.93,3.92,3.925,4817,18889.8655
1788351540000,2026-09-02T12:19:00Z,3.925,3.925,3.925,3.925,22578,88618.65
1788351600000,2026-09-02T12:20:00Z,3.925,3.925,3.925,3.925,454.516644,1783.9778277
1788351660000,2026-09-02T12:21:00Z,3.925,3.925,3.925,3.925,13476.342857,52894.645713725
1788351720000,2026-09-02T12:22:00Z,3.93,3.93,3.925,3.93,4759,18679.075
1788351780000,2026-09-02T12:23:00Z,3.925,3.925,3.925,3.925,2583.180189,10138.982241825
1788351840000,2026-09-02T12:24:00Z,3.925,3.925,3.925,3.925,7413,29096.025
1788351900000,2026-09-02T12:25:00Z,3.925,3.925,3.925,3.925,23747,93206.975
1788351960000,2026-09-02T12:26:00Z,3.925,3.925,3.925,3.925,12998.871627,51020.571135975
1788352020000,2026-09-02T12:27:00Z,3.925,3.925,3.925,3.925,5331,20924.175
1788352080000,2026-09-02T12:28:00Z,3.93,3.93,3.916,3.92,30736.031147,120620.48063329
1788352140000,2026-09-02T12:29:00Z,3.92,3.92,3.91,3.91,22638,88627.77
1788352200000,2026-09-02T12:30:00Z,3.914,3.914,3.905,3.905,40655,158859.4125
1788352260000,2026-09-02T12:31:00Z,3.905,3.905,3.905,3.905,1503,5869.215
1788352320000,2026-09-02T12:32:00Z,3.92,3.92,3.9,3.9,37209.411848,145302.75326644
1788352380000,2026-09-02T12:33:00Z,3.905,3.905,3.905,3.905,9072,35426.16
1788352440000,2026-09-02T12:34:00Z,3.905,3.905,3.905,3.905,1911,7462.455
1788352500000,2026-09-02T12:35:00Z,3.905,3.905,3.905,3.905,1819.1623,7103.8287815
1788352560000,2026-09-02T12:36:00Z,3.91,3.912,3.9,3.9,66482,259718.5812
1788352620000,2026-09-02T12:37:00Z,3.91,3.915,3.91,3.91,2490,9747.852
1788352680000,2026-09-02T12:38:00Z,3.9,3.915,3.9,3.9,13894.255806,54394.62205491
1788352740000,2026-09-02T12:39:00Z,3.905,3.905,3.905,3.905,4522,17658.41
1788352800000,2026-09-02T12:40:00Z,3.905,3.905,3.905,3.905,5416.137007,21150.015012335
1788352860000,2026-09-02T12:41:00Z,3.905,3.905,3.905,3.905,10342,40385.51
1788352920000,2026-09-02T12:42:00Z,3.905,3.905,3.905,3.905,3569.558068,13939.12425554
1788352980000,2026-09-02T12:43:00Z,3.9,3.905,3.9,3.9,4746,18533.13
1788353040000,2026-09-02T12:44:00Z,3.9,3.905,3.9,3.9,14040,54826.2
1788353100000,2026-09-02T12:45:00Z,3.905,3.905,3.905,3.905,6272.16259,24492.79491395
1788353160000,2026-09-02T12:46:00Z,3.905,3.905,3.905,3.905,6777,26464.185
1788353220000,2026-09-02T12:47:00Z,3.905,3.905,3.905,3.905,2734.48,10678.1444
1788353280000,2026-09-02T12:48:00Z,3.905,3.905,3.905,3.905,642,2507.01
1788353340000,2026-09-02T12:49:00Z,3.91,3.91,3.905,3.91,4970,19407.85
1788353400000,2026-09-02T12:50:00Z,3.92,3.92,3.905,3.92,62381,243597.805
1788353460000,2026-09-02T12:51:00Z,3.905,3.905,3.905,3.905,67115,262084.075
1788353520000,2026-09-02T12:52:00Z,3.9,3.914,3.9,3.9,9971.27851,38942.82822081
1788353580000,2026-09-02T12:53:00Z,3.915,3.915,3.915,3.915,10449,40907.835
1788353640000,2026-09-02T12:54:00Z,3.92,3.92,3.915,3.92,6219,24347.385
1788353700000,2026-09-02T12:55:00Z,3.915,3.915,3.915,3.915,2322,9090.63
1788353760000,2026-09-02T12:56:00Z,3.915,3.915,3.915,3.915,6216.255154,24336.63892791
1788353820000,2026-09-02T12:57:00Z,3.915,3.915,3.915,3.915,1248,4885.92
1788353880000,2026-09-02T12:58:00Z,3.915,3.915,3.915,3.915,2054,8041.41
1788353940000,2026-09-02T12:59:00Z,3.915,3.915,3.915,3.915,242,947.43
1788354000000,2026-09-02T13:00:00Z,3.915,3.915,3.915,3.915,22437,87840.855
1788354060000,2026-09-02T13:01:00Z,3.92,3.92,3.915,3.92,27553.904807,107873.53731941
1788354120000,2026-09-02T13:02:00Z,3.915,3.915,3.905,3.905,12429,48570.0462
1788354180000,2026-09-02T13:03:00Z,3.905,3.905,3.905,3.905,2323.1624,9071.949172
1788354240000,2026-09-02T13:04:00Z,3.905,3.905,3.905,3.905,2001,7813.905
1788354300000,2026-09-02T13:05:00Z,3.905,3.905,3.905,3.905,36425.926409,142243.242627145
1788354360000,2026-09-02T13:06:00Z,3.91,3.91,3.905,3.91,36772,143594.66
1788354420000,2026-09-02T13:07:00Z,3.905,3.905,3.905,3.905,5057.892548,19751.07039994
1788354480000,2026-09-02T13:08:00Z,3.91,3.92,3.905,3.92,26139.037762,102072.94246061
1788354540000,2026-09-02T13:09:00Z,3.905,3.915,3.905,3.915,1344,5258.9376
1788354600000,2026-09-02T13:10:00Z,3.915,3.915,3.915,3.915,529.871129,2074.445470035
1788354660000,2026-09-02T13:11:00Z,3.915,3.915,3.915,3.915,5560,21767.4
1788354720000,2026-09-02T13:12:00Z,3.92,3.92,3.905,3.92,34481,134879.3277
1788354780000,2026-09-02T13:13:00Z,3.905,3.905,3.905,3.905,17416.371942,68010.93243351
1788354840000,2026-09-02T13:14:00Z,3.905,3.905,3.905,3.905,2061.231557,8049.109230085
1788354900000,2026-09-02T13:15:00Z,3.9,3.905,3.9,3.9,38398.89517,149947.68563885
1788354960000,2026-09-02T13:16:00Z,3.905,3.905,3.905,3.905,2345.72496,9160.0559688
1788355020000,2026-09-02T13:17:00Z,3.905,3.905,3.905,3.905,1636,6388.58
1788355080000,2026-09-02T13:18:00Z,3.91,3.91,3.905,3.91,23556,91986.18
1788355140000,2026-09-02T13:19:00Z,3.905,3.905,3.905,3.905,1000,3905
1788355200000,2026-09-02T13:20:00Z,3.9,3.905,3.9,3.9,36996.837102,144472.64888331
1788355260000,2026-09-02T13:21:00Z,3.905,3.905,3.905,3.905,699.744102,2732.50071831
1788355320000,2026-09-02T13:22:00Z,3.905,3.93,3.905,3.914,58546.150307,228739.809249449
1788355380000,2026-09-02T13:23:00Z,3.915,3.93,3.915,3.915,33869,132597.135
1788355440000,2026-09-02T13:24:00Z,3.915,3.93,3.915,3.92,33182.103082,129907.93356603
1788355500000,2026-09-02T13:25:00Z,3.915,3.925,3.915,3.925,10648,41712.4752
1788355560000,2026-09-02T13:26:00Z,3.925,3.925,3.925,3.925,3428,13454.9
1788355620000,2026-09-02T13:27:00Z,3.925,3.925,3.91,3.925,29622.105575,116266.764381875
1788355680000,2026-09-02T13:28:00Z,3.93,3.944,3.927,3.935,68809.136596,270846.5234691752
1788355740000,2026-09-02T13:29:00Z,3.935,3.95,3.93,3.939,33755.879921,132839.5142531113
1788355800000,2026-09-02T13:30:00Z,3.94,3.94,3.89,3.91,2085143.16758,8180850.703683372
1788355860000,2026-09-02T13:31:00Z,3.905,3.933,3.905,3.92,365719.848855,1433329.23163252
1788355920000,2026-09-02T13:32:00Z,3.935,3.97,3.933,3.97,515385.158483,2034379.83607995
1788355980000,2026-09-02T13:33:00Z,3.965,3.97,3.94,3.94,498249.497814,1969281.31516005
1788356040000,2026-09-02T13:34:00Z,3.935,3.945,3.935,3.935,101299.806789,399627.73778261
1788356100000,2026-09-02T13:35:00Z,3.93,3.945,3.92,3.925,235711.678596,927831.88045743
1788356160000,2026-09-02T13:36:00Z,3.92,3.926,3.91,3.915,193984.76678,761409.60808818
1788356220000,2026-09-02T13:37:00Z,3.91,3.925,3.91,3.92,172933.101233,678572.19592817
1788356280000,2026-09-02T13:38:00Z,3.91,3.92,3.905,3.92,365722.961883,1431293.38362531
1788356340000,2026-09-02T13:39:00Z,3.925,3.93,3.905,3.93,263905.084454,1032449.47140094
1788356400000,2026-09-02T13:40:00Z,3.925,3.925,3.907,3.91,732606.727677,2867276.21078224
1788356460000,2026-09-02T13:41:00Z,3.91,3.91,3.89,3.9,258533.311787,1008900.39591759
1788356520000,2026-09-02T13:42:00Z,3.905,3.93,3.895,3.925,280955.458335,1096541.05833567
1788356580000,2026-09-02T13:43:00Z,3.93,3.93,3.913,3.93,156416.625436,612339.80525685
1788356640000,2026-09-02T13:44:00Z,3.925,3.93,3.915,3.93,117504.482866,460030.05042039
1788356700000,2026-09-02T13:45:00Z,3.92,3.92,3.915,3.92,93362.891953,365515.721996
1788356760000,2026-09-02T13:46:00Z,3.92,3.92,3.915,3.92,74842.544158,293008.56037857
1788356820000,2026-09-02T13:47:00Z,3.92,3.92,3.91,3.91,107772.704367,421930.13759681
1788356880000,2026-09-02T13:48:00Z,3.91,3.92,3.908,3.915,108176.345003,423402.21434174
1788356940000,2026-09-02T13:49:00Z,3.91,3.91,3.89,3.89,463496.104004,1808144.65133
1788357000000,2026-09-02T13:50:00Z,3.9,3.915,3.895,3.9,273400.047899,1066451.56683963
1788357060000,2026-09-02T13:51:00Z,3.905,3.905,3.895,3.895,175002.232117,683383.71641689
1788357120000,2026-09-02T13:52:00Z,3.895,3.905,3.89,3.89,60136.47887,234832.94998735
1788357180000,2026-09-02T13:53:00Z,3.89,3.905,3.89,3.895,252166.364033,984709.65154887
1788357240000,2026-09-02T13:54:00Z,3.89,3.905,3.89,3.89,157656.36414,615648.1019667
1788357300000,2026-09-02T13:55:00Z,3.89,3.905,3.89,3.89,82316.931544,321447.61767932
1788357360000,2026-09-02T13:56:00Z,3.89,3.905,3.89,3.89,163901.003749,640033.41963985
1788357420000,2026-09-02T13:57:00Z,3.905,3.905,3.905,3.905,137322.489288,536244.32066964
1788357480000,2026-09-02T13:58:00Z,3.89,3.905,3.89,3.89,196886.370348,768841.27620894
1788357540000,2026-09-02T13:59:00Z,3.89,3.905,3.89,3.9,681418.733686,2657805.62886887
1788357600000,2026-09-02T14:00:00Z,3.905,3.905,3.903,3.905,50293.993796,196393.016374
1788357660000,2026-09-02T14:01:00Z,3.905,3.905,3.89,3.89,133137.568301,519902.20421541
1788357720000,2026-09-02T14:02:00Z,3.89,3.91,3.89,3.9,250556.903732,977146.86886443
1788357780000,2026-09-02T14:03:00Z,3.905,3.905,3.895,3.905,151608.736125,590516.027206875
1788357840000,2026-09-02T14:04:00Z,3.91,3.91,3.895,3.905,121835.706859,474550.07821581
1788357900000,2026-09-02T14:05:00Z,3.905,3.905,3.895,3.905,48112.849017,187399.54692122
1788357960000,2026-09-02T14:06:00Z,3.895,3.895,3.895,3.895,100871.728747,392895.383469565
1788358020000,2026-09-02T14:07:00Z,3.9,3.905,3.895,3.905,87256.879981,339865.547526
1788358080000,2026-09-02T14:08:00Z,3.905,3.91,3.895,3.91,169701.622937,660987.82133962
1788358140000,2026-09-02T14:09:00Z,3.905,3.91,3.895,3.91,99168.369168,386260.79790936
1788358200000,2026-09-02T14:10:00Z,3.905,3.905,3.895,3.905,157300.293885,612684.64468208
1788358260000,2026-09-02T14:11:00Z,3.895,3.895,3.895,3.895,79194.216206,308461.47212237
1788358320000,2026-09-02T14:12:00Z,3.9,3.9,3.895,3.9,67996.894728,264847.90496556
1788358380000,2026-09-02T14:13:00Z,3.9,3.9,3.895,3.9,153971.553836,599719.20219122
1788358440000,2026-09-02T14:14:00Z,3.9,3.9,3.895,3.9,61891.886717,241068.89876272
1788358500000,2026-09-02T14:15:00Z,3.9,3.9,3.895,3.9,59828.102917,233030.46086172
1788358560000,2026-09-02T14:16:00Z,3.9,3.9,3.875,3.875,1439105.092993,5597543.1697055728
1788358620000,2026-09-02T14:17:00Z,3.875,3.885,3.875,3.885,380313.873933,1475541.7680852534
1788358680000,2026-09-02T14:18:00Z,3.885,3.885,3.885,3.885,109277.648193,424543.663229805
1788358740000,2026-09-02T14:19:00Z,3.89,3.895,3.885,3.89,306950.05371,1192992.07874929
1788358800000,2026-09-02T14:20:00Z,3.895,3.895,3.895,3.895,227024.81067,884261.63755965
1788358860000,2026-09-02T14:21:00Z,3.895,3.9,3.895,3.9,262622.396055,1022914.23263423
1788358920000,2026-09-02T14:22:00Z,3.895,3.895,3.895,3.895,279560.101958,1088886.59712641
1788358980000,2026-09-02T14:23:00Z,3.89,3.895,3.89,3.89,137633.922652,536084.12872954
1788359040000,2026-09-02T14:24:00Z,3.89,3.895,3.88,3.88,240079.526061,934461.53928723
1788359100000,2026-09-02T14:25:00Z,3.88,3.885,3.88,3.88,87888.313644,341446.09850694
1788359160000,2026-09-02T14:26:00Z,3.885,3.885,3.88,3.88,298189.436443,1158465.96058106
1788359220000,2026-09-02T14:27:00Z,3.88,3.885,3.87,3.87,508059.516001,1972947.51848668
1788359280000,2026-09-02T14:28:00Z,3.87,3.881,3.86,3.86,272233.048809,1054957.51074464
1788359340000,2026-09-02T14:29:00Z,3.86,3.875,3.85,3.85,280187.862926,1084130.89801957
1788359400000,2026-09-02T14:30:00Z,3.85,3.865,3.85,3.85,184845.284856,714427.02596844
1788359460000,2026-09-02T14:31:00Z,3.865,3.865,3.85,3.865,150691.490976,582422.61262224
1788359520000,2026-09-02T14:32:00Z,3.865,3.865,3.85,3.865,162537.601808,628207.83098792
1788359580000,2026-09-02T14:33:00Z,3.865,3.865,3.85,3.85,203297.868531,785746.261872315
1788359640000,2026-09-02T14:34:00Z,3.865,3.865,3.85,3.865,183335.800026,708592.86710049
1788359700000,2026-09-02T14:35:00Z,3.865,3.865,3.85,3.865,115316.609326,445698.69504499
1788359760000,2026-09-02T14:36:00Z,3.865,3.865,3.85,3.865,135154.320441,522371.448504465
1788359820000,2026-09-02T14:37:00Z,3.865,3.88,3.855,3.878,975207.505139,3774540.6486404995
1788359880000,2026-09-02T14:38:00Z,3.879,3.885,3.879,3.885,121034.266185,470169.710422251
1788359940000,2026-09-02T14:39:00Z,3.885,3.885,3.885,3.885,24786.464395,96295.414174575
1788360000000,2026-09-02T14:40:00Z,3.885,3.885,3.885,3.885,51521.3803,200160.5624655
1788360060000,2026-09-02T14:41:00Z,3.885,3.885,3.885,3.885,54958.350296,213513.19089996
1788360120000,2026-09-02T14:42:00Z,3.885,3.885,3.885,3.885,53123.721442,206385.65780217
1788360180000,2026-09-02T14:43:00Z,3.885,3.885,3.875,3.885,70042.24194,272114.1099369
1788360240000,2026-09-02T14:44:00Z,3.885,3.885,3.875,3.885,77885.164749,302583.865049865
1788360300000,2026-09-02T14:45:00Z,3.885,3.885,3.87,3.876,490238.179198,1904036.0641871122
1788360360000,2026-09-02T14:46:00Z,3.876,3.876,3.87,3.875,90677.064864,351382.6940544864
1788360420000,2026-09-02T14:47:00Z,3.87,3.875,3.87,3.87,86675.490867,335867.527109625
1788360480000,2026-09-02T14:48:00Z,3.875,3.88,3.87,3.875,88206.526172,341800.2889165
1788360540000,2026-09-02T14:49:00Z,3.875,3.875,3.87,3.875,63471.984482,245953.93986775
1788360600000,2026-09-02T14:50:00Z,3.875,3.875,3.87,3.875,150001.242243,581254.813691625
1788360660000,2026-09-02T14:51:00Z,3.875,3.875,3.87,3.875,110333.519012,427542.3861715
1788360720000,2026-09-02T14:52:00Z,3.875,3.875,3.87,3.875,37700.431771,146089.173112625
1788360780000,2026-09-02T14:53:00Z,3.875,3.875,3.87,3.875,46197.9321,179016.9868875
1788360840000,2026-09-02T14:54:00Z,3.875,3.875,3.87,3.875,171222.035738,663485.38848475
1788360900000,2026-09-02T14:55:00Z,3.875,3.875,3.875,3.875,123046.315615,476804.473008125
1788360960000,2026-09-02T14:56:00Z,3.875,3.875,3.875,3.875,58233.44255,225654.58988125
1788361020000,2026-09-02T14:57:00Z,3.875,3.875,3.875,3.875,135974.250495,526900.220668125
1788361080000,2026-09-02T14:58:00Z,3.875,3.875,3.875,3.875,156493.816811,606413.540142625
1788361140000,2026-09-02T14:59:00Z,3.875,3.88,3.865,3.865,525789.023445,2035960.256583729
1788361200000,2026-09-02T15:00:00Z,3.875,3.875,3.865,3.875,205981.801212,796119.66168438
1788361260000,2026-09-02T15:01:00Z,3.875,3.875,3.865,3.87,172766.265459,667741.61599904
1788361320000,2026-09-02T15:02:00Z,3.87,3.87,3.865,3.87,53260.840636,205853.14905814
1788361380000,2026-09-02T15:03:00Z,3.865,3.865,3.865,3.865,72627.558211,280705.512485515
1788361440000,2026-09-02T15:04:00Z,3.875,3.875,3.865,3.875,61419.565827,237386.62192136
1788361500000,2026-09-02T15:05:00Z,3.875,3.875,3.865,3.87,119377.522998,461394.12638727
1788361560000,2026-09-02T15:06:00Z,3.87,3.88,3.865,3.88,251064.301057,970363.52358531
1788361620000,2026-09-02T15:07:00Z,3.88,3.885,3.865,3.88,412960.552465,1597001.04849265
1788361680000,2026-09-02T15:08:00Z,3.875,3.875,3.875,3.875,29418.702642,113997.47273775
1788361740000,2026-09-02T15:09:00Z,3.875,3.875,3.875,3.875,37457.588689,145148.15616988
1788361800000,2026-09-02T15:10:00Z,3.875,3.875,3.875,3.875,40280.273194,156086.05862675
1788361860000,2026-09-02T15:11:00Z,3.875,3.875,3.875,3.875,84658.740297,328052.61865088
1788361920000,2026-09-02T15:12:00Z,3.875,3.875,3.875,3.875,34032.412483,131875.59837163
1788361980000,2026-09-02T15:13:00Z,3.88,3.88,3.86,3.86,432900.367856,1676926.15496379
1788362040000,2026-09-02T15:14:00Z,3.865,3.866,3.86,3.865,47641.919296,184136.01807904
1788362100000,2026-09-02T15:15:00Z,3.86,3.865,3.86,3.865,58852.200119,227463.75345994
1788362160000,2026-09-02T15:16:00Z,3.865,3.87,3.865,3.87,395823.354715,1529896.84830895
1788362220000,2026-09-02T15:17:00Z,3.871,3.875,3.871,3.875,32391.136134,125499.45695118
1788362280000,2026-09-02T15:18:00Z,3.875,3.875,3.875,3.875,105304.186723,408053.72355163
1788362340000,2026-09-02T15:19:00Z,3.875,3.875,3.875,3.875,47485.341441,184005.69808388
1788362400000,2026-09-02T15:20:00Z,3.875,3.875,3.875,3.875,52476.59054,203346.7883425
1788362460000,2026-09-02T15:21:00Z,3.875,3.875,3.875,3.875,92382.387822,357981.75281025
1788362520000,2026-09-02T15:22:00Z,3.88,3.88,3.875,3.88,63010.538776,244165.837757
1788362580000,2026-09-02T15:23:00Z,3.885,3.89,3.875,3.88,72463.889906,280797.57338575
1788362640000,2026-09-02T15:24:00Z,3.88,3.89,3.875,3.885,39002.25376,151133.73332
1788362700000,2026-09-02T15:25:00Z,3.885,3.89,3.875,3.875,392958.918045,1523737.50061129
1788362760000,2026-09-02T15:26:00Z,3.88,3.885,3.88,3.88,93829.195764,364526.42554314
1788362820000,2026-09-02T15:27:00Z,3.885,3.885,3.885,3.885,50117.218044,194705.39210094
1788362880000,2026-09-02T15:28:00Z,3.87,3.885,3.87,3.87,128868.872756,500655.57065706
1788362940000,2026-09-02T15:29:00Z,3.875,3.885,3.875,3.875,33924.869897,131798.11954985
1788363000000,2026-09-02T15:30:00Z,3.885,3.885,3.885,3.885,56229.810114,218452.81229289
1788363060000,2026-09-02T15:31:00Z,3.875,3.895,3.875,3.885,594082.632398,2309080.37560455
1788363120000,2026-09-02T15:32:00Z,3.885,3.895,3.885,3.885,36846.888458,143518.63054391
1788363180000,2026-09-02T15:33:00Z,3.885,3.895,3.885,3.885,63269.415753,246434.37435794
1788363240000,2026-09-02T15:34:00Z,3.885,3.895,3.885,3.885,69315.425112,269983.58081124
1788363300000,2026-09-02T15:35:00Z,3.89,3.895,3.89,3.89,61359.732627,238996.15858217
1788363360000,2026-09-02T15:36:00Z,3.895,3.895,3.895,3.895,63075.925151,245680.72846315
1788363420000,2026-09-02T15:37:00Z,3.885,3.895,3.885,3.885,31253.262616,121731.45788932
1788363480000,2026-09-02T15:38:00Z,3.885,3.895,3.885,3.885,77668.859699,302520.20852761
1788363540000,2026-09-02T15:39:00Z,3.885,3.895,3.88,3.88,38043.060065,148177.71895318
1788363600000,2026-09-02T15:40:00Z,3.885,3.895,3.88,3.88,253842.319204,988309.68558885
1788363660000,2026-09-02T15:41:00Z,3.891,3.891,3.885,3.885,158648.852163,616953.65629147
1788363720000,2026-09-02T15:42:00Z,3.89,3.89,3.87,3.87,318750.63105,1237836.20061957
1788363780000,2026-09-02T15:43:00Z,3.875,3.875,3.875,3.875,102321.952716,396497.5667745
1788363840000,2026-09-02T15:44:00Z,3.875,3.875,3.875,3.875,68331.87307,264786.00814625
1788363900000,2026-09-02T15:45:00Z,3.875,3.875,3.875,3.875,75637.66654,293095.9578425
1788363960000,2026-09-02T15:46:00Z,3.875,3.875,3.875,3.875,41209.980813,159688.67565038
1788364020000,2026-09-02T15:47:00Z,3.875,3.875,3.875,3.875,34587.323283,134025.87772163
1788364080000,2026-09-02T15:48:00Z,3.875,3.875,3.875,3.875,101939.954809,395017.32488488
1788364140000,2026-09-02T15:49:00Z,3.875,3.875,3.875,3.875,40763.475028,157958.4657335
1788364200000,2026-09-02T15:50:00Z,3.875,3.875,3.875,3.875,28987.280034,112325.71013175
1788364260000,2026-09-02T15:51:00Z,3.875,3.875,3.875,3.875,55221.608591,213983.73329013
1788364320000,2026-09-02T15:52:00Z,3.87,3.875,3.87,3.87,18347.512891,71096.61245263
1788364380000,2026-09-02T15:53:00Z,3.87,3.875,3.87,3.87,151440.035225,586830.13649688
1788364440000,2026-09-02T15:54:00Z,3.87,3.875,3.87,3.87,32695.202854,126693.91105925
1788364500000,2026-09-02T15:55:00Z,3.87,3.875,3.87,3.87,57470.309923,222697.45095163
1788364560000,2026-09-02T15:56:00Z,3.87,3.875,3.87,3.87,87886.025905,340558.35038188
1788364620000,2026-09-02T15:57:00Z,3.87,3.875,3.87,3.87,33543.978708,129982.9174935
1788364680000,2026-09-02T15:58:00Z,3.875,3.875,3.875,3.875,65715.437783,254647.32140913
1788364740000,2026-09-02T15:59:00Z,3.87,3.875,3.87,3.87,166932.245571,646862.45158763
1788364800000,2026-09-02T16:00:00Z,3.875,3.875,3.87,3.875,1800,6966
1788364860000,2026-09-02T16:01:00Z,3.875,3.875,3.87,3.875,11569,44786.53
1788364920000,2026-09-02T16:02:00Z,3.875,3.875,3.87,3.87,2681,10375.47
1788364980000,2026-09-02T16:03:00Z,3.87,3.875,3.87,3.87,74258.45158,287751.4998725
1788365040000,2026-09-02T16:04:00Z,3.87,3.875,3.87,3.87,38338.256018,148560.74206975
1788365100000,2026-09-02T16:05:00Z,3.87,3.875,3.87,3.87,61912.886463,239912.43504413
1788365160000,2026-09-02T16:06:00Z,3.87,3.875,3.865,3.865,372889.183283,1444013.36226342
1788365220000,2026-09-02T16:07:00Z,3.865,3.865,3.865,3.865,110366.494,426566.49931
1788365280000,2026-09-02T16:08:00Z,3.865,3.865,3.865,3.865,68780.917349,265838.24555389
1788365340000,2026-09-02T16:09:00Z,3.865,3.865,3.865,3.865,212673.187894,821981.87121031
1788365400000,2026-09-02T16:10:00Z,3.865,3.87,3.865,3.87,167714.97633,648218.38351545
1788365460000,2026-09-02T16:11:00Z,3.87,3.875,3.867,3.87,527264.909509,2039777.02892652
1788365520000,2026-09-02T16:12:00Z,3.875,3.875,3.875,3.875,33107.878345,128293.02858688
1788365580000,2026-09-02T16:13:00Z,3.87,3.875,3.87,3.87,20683.491132,80148.5281365
1788365640000,2026-09-02T16:14:00Z,3.875,3.875,3.875,3.875,25085.545755,97206.48980063
1788365700000,2026-09-02T16:15:00Z,3.875,3.875,3.875,3.875,10486.632254,40635.69998425
1788365760000,2026-09-02T16:16:00Z,3.875,3.875,3.875,3.875,80046.453968,310180.009126
1788365820000,2026-09-02T16:17:00Z,3.87,3.875,3.87,3.87,57329.637056,222152.343592
1788365880000,2026-09-02T16:18:00Z,3.87,3.875,3.87,3.87,37846.608868,146655.6093635
1788365940000,2026-09-02T16:19:00Z,3.87,3.875,3.87,3.87,135627.545102,525556.73727025
1788366000000,2026-09-02T16:20:00Z,3.87,3.875,3.87,3.87,221528.104515,858421.40499563
1788366060000,2026-09-02T16:21:00Z,3.87,3.875,3.87,3.875,17798.866085,68970.60607938
1788366120000,2026-09-02T16:22:00Z,3.87,3.875,3.87,3.87,187216,725462
1788366180000,2026-09-02T16:23:00Z,3.87,3.875,3.865,3.865,386219.444317,1495712.04200645
1788366240000,2026-09-02T16:24:00Z,3.865,3.865,3.865,3.865,19767.747306,76402.34333769
1788366300000,2026-09-02T16:25:00Z,3.865,3.865,3.865,3.865,69048.82071,266873.69204415
1788366360000,2026-09-02T16:26:00Z,3.865,3.865,3.865,3.865,38475.82098,148709.0480877
1788366420000,2026-09-02T16:27:00Z,3.865,3.865,3.865,3.865,121086.140807,467997.934219055
1788366480000,2026-09-02T16:28:00Z,3.865,3.87,3.865,3.865,195798.581227,756761.516442355
1788366540000,2026-09-02T16:29:00Z,3.87,3.87,3.865,3.87,476876.19896,1843794.13565894
1788366600000,2026-09-02T16:30:00Z,3.868,3.875,3.868,3.875,25492.446693,98737.3445313276
1788366660000,2026-09-02T16:31:00Z,3.875,3.875,3.875,3.875,53822.92443,208563.83216625
1788366720000,2026-09-02T16:32:00Z,3.875,3.875,3.875,3.875,95952.442041,371815.712908875
1788366780000,2026-09-02T16:33:00Z,3.875,3.875,3.875,3.875,30035.079527,116385.933167125
1788366840000,2026-09-02T16:34:00Z,3.875,3.875,3.875,3.875,22043.11252,85417.061015
1788366900000,2026-09-02T16:35:00Z,3.875,3.875,3.875,3.875,69131.452602,267884.37883275
1788366960000,2026-09-02T16:36:00Z,3.875,3.875,3.866,3.87,458388.442399,1775796.82585373
1788367020000,2026-09-02T16:37:00Z,3.87,3.87,3.865,3.87,42054.321168,162539.95131432
1788367080000,2026-09-02T16:38:00Z,3.87,3.87,3.865,3.87,118353.224103,457435.2111581
1788367140000,2026-09-02T16:39:00Z,3.87,3.875,3.865,3.87,34350.819028,132765.91554322
1788367200000,2026-09-02T16:40:00Z,3.865,3.865,3.865,3.865,24453.40059,94512.39328035
1788367260000,2026-09-02T16:41:00Z,3.87,3.87,3.865,3.87,23934.149977,92505.48966111
1788367320000,2026-09-02T16:42:00Z,3.865,3.865,3.865,3.865,58312.36,225377.2714
1788367380000,2026-09-02T16:43:00Z,3.875,3.875,3.865,3.875,38905.082551,150368.14405962
1788367440000,2026-09-02T16:44:00Z,3.87,3.87,3.865,3.87,71793.249286,277480.90849039
1788367500000,2026-09-02T16:45:00Z,3.865,3.865,3.865,3.865,23448.506451,90628.477433115
1788367560000,2026-09-02T16:46:00Z,3.87,3.875,3.865,3.875,361380.981337,1396737.49286751
1788367620000,2026-09-02T16:47:00Z,3.875,3.875,3.865,3.875,28864.514211,111561.34742552
1788367680000,2026-09-02T16:48:00Z,3.865,3.865,3.865,3.865,20329.404524,78573.14848526
1788367740000,2026-09-02T16:49:00Z,3.875,3.875,3.865,3.875,10852,41942.98
1788367800000,2026-09-02T16:50:00Z,3.875,3.875,3.865,3.875,81797.911165,316148.92665273
1788367860000,2026-09-02T16:51:00Z,3.865,3.865,3.865,3.865,42265.128035,163354.719855275
1788367920000,2026-09-02T16:52:00Z,3.865,3.865,3.865,3.865,23067.719968,89156.73767632
1788367980000,2026-09-02T16:53:00Z,3.865,3.865,3.865,3.865,81877.252798,316455.58206427
1788368040000,2026-09-02T16:54:00Z,3.865,3.865,3.865,3.865,56372.125116,217878.26357334
1788368100000,2026-09-02T16:55:00Z,3.865,3.865,3.865,3.865,24637.537975,95224.084273375
1788368160000,2026-09-02T16:56:00Z,3.875,3.875,3.865,3.875,37237.32216,143922.2501484
1788368220000,2026-09-02T16:57:00Z,3.875,3.875,3.865,3.875,49784.148819,192415.73518544
1788368280000,2026-09-02T16:58:00Z,3.865,3.865,3.865,3.865,86536.102933,334462.037836045
1788368340000,2026-09-02T16:59:00Z,3.865,3.865,3.865,3.865,38836.725966,150103.94585859
1788368400000,2026-09-02T17:00:00Z,3.87,3.87,3.845,3.845,862037.706859,3330051.66159632
1788368460000,2026-09-02T17:01:00Z,3.845,3.858,3.845,3.845,106060.823837,408885.6880564
1788368520000,2026-09-02T17:02:00Z,3.845,3.855,3.845,3.85,223266.651264,860692.94062272
1788368580000,2026-09-02T17:03:00Z,3.85,3.855,3.85,3.85,208893.346605,805283.85116228
1788368640000,2026-09-02T17:04:00Z,3.85,3.855,3.85,3.85,122411.53496,471896.4672708
1788368700000,2026-09-02T17:05:00Z,3.85,3.865,3.85,3.85,504977.186479,1948050.49228004
1788368760000,2026-09-02T17:06:00Z,3.865,3.865,3.865,3.865,21309.737887,82362.136933255
1788368820000,2026-09-02T17:07:00Z,3.855,3.865,3.855,3.855,51215.81438,197949.1225787
1788368880000,2026-09-02T17:08:00Z,3.865,3.865,3.865,3.865,39439.94306,152435.3799269
1788368940000,2026-09-02T17:09:00Z,3.865,3.865,3.865,3.865,39883.544021,154149.897641165
1788369000000,2026-09-02T17:10:00Z,3.865,3.865,3.865,3.865,11766.357507,45476.971764555
1788369060000,2026-09-02T17:11:00Z,3.865,3.865,3.865,3.865,69189.891144,267418.92927156
1788369120000,2026-09-02T17:12:00Z,3.85,3.865,3.85,3.85,33538.506988,129626.32950862
1788369180000,2026-09-02T17:13:00Z,3.85,3.875,3.85,3.875,777728.188504,3003275.17272705
1788369240000,2026-09-02T17:14:00Z,3.87,3.87,3.865,3.87,7659.238731,29602.95769532
1788369300000,2026-09-02T17:15:00Z,3.87,3.87,3.865,3.87,15250.156975,58941.85670838
1788369360000,2026-09-02T17:16:00Z,3.87,3.87,3.865,3.87,57287.554335,221416.39750478
1788369420000,2026-09-02T17:17:00Z,3.87,3.87,3.865,3.87,30685.670234,118600.11545441
1788369480000,2026-09-02T17:18:00Z,3.87,3.87,3.865,3.87,24629.552091,95193.21883172
1788369540000,2026-09-02T17:19:00Z,3.87,3.87,3.865,3.87,10668.613407,41234.19081806
1788369600000,2026-09-02T17:20:00Z,3.875,3.875,3.865,3.875,36243.274288,140080.25512312
1788369660000,2026-09-02T17:21:00Z,3.87,3.87,3.865,3.87,33611.914462,129910.04939563
1788369720000,2026-09-02T17:22:00Z,3.87,3.87,3.865,3.87,29574.177032,114304.19422868
1788369780000,2026-09-02T17:23:00Z,3.865,3.865,3.865,3.865,23031.32153,89016.05771345
1788369840000,2026-09-02T17:24:00Z,3.87,3.87,3.865,3.87,8931.557846,34520.47107479
1788369900000,2026-09-02T17:25:00Z,3.87,3.875,3.865,3.87,13813.592593,53389.53537195
1788369960000,2026-09-02T17:26:00Z,3.875,3.875,3.865,3.87,16861.699742,65170.46950283
1788370020000,2026-09-02T17:27:00Z,3.87,3.87,3.865,3.87,18507.296874,71530.70241801
1788370080000,2026-09-02T17:28:00Z,3.87,3.87,3.865,3.87,10697.517464,41345.90499836
1788370140000,2026-09-02T17:29:00Z,3.87,3.88,3.865,3.87,1337681.695921,5170541.05924344
1788370200000,2026-09-02T17:30:00Z,3.875,3.875,3.875,3.875,20549.717059,79630.153603625
1788370260000,2026-09-02T17:31:00Z,3.875,3.875,3.875,3.875,17291.064451,67002.874747625
1788370320000,2026-09-02T17:32:00Z,3.875,3.875,3.875,3.875,68704.330454,266229.28050925
1788370380000,2026-09-02T17:33:00Z,3.875,3.875,3.875,3.875,35259.597075,136630.938665625
1788370440000,2026-09-02T17:34:00Z,3.875,3.875,3.875,3.875,34033.068002,131878.13850775
1788370500000,2026-09-02T17:35:00Z,3.875,3.875,3.875,3.875,27172.242853,105292.441055375
1788370560000,2026-09-02T17:36:00Z,3.875,3.875,3.875,3.875,34784.244092,134788.9458565
1788370620000,2026-09-02T17:37:00Z,3.875,3.875,3.875,3.875,35065.549933,135879.005990375
1788370680000,2026-09-02T17:38:00Z,3.875,3.875,3.875,3.875,70714.89608,274020.22231
1788370740000,2026-09-02T17:39:00Z,3.875,3.875,3.875,3.875,49058.954404,190103.4483155
1788370800000,2026-09-02T17:40:00Z,3.875,3.875,3.875,3.875,39136.731958,151654.83633725
1788370860000,2026-09-02T17:41:00Z,3.875,3.875,3.875,3.875,33973.414016,131646.979312
1788370920000,2026-09-02T17:42:00Z,3.875,3.89,3.875,3.89,379544.185227,1471416.8972880336
1788370980000,2026-09-02T17:43:00Z,3.89,3.89,3.875,3.885,338220.519555,1312194.14971753
1788371040000,2026-09-02T17:44:00Z,3.885,3.885,3.875,3.885,15175.254656,58804.111792
1788371100000,2026-09-02T17:45:00Z,3.89,3.89,3.875,3.885,120168.299068,465652.1588885
1788371160000,2026-09-02T17:46:00Z,3.875,3.875,3.875,3.875,127813.53351,495277.44235125
1788371220000,2026-09-02T17:47:00Z,3.89,3.89,3.875,3.89,152322.981264,590251.552398
1788371280000,2026-09-02T17:48:00Z,3.875,3.875,3.875,3.875,128424.686044,497645.6584205
1788371340000,2026-09-02T17:49:00Z,3.89,3.89,3.875,3.885,333848.344786,1293962.79955606
1788371400000,2026-09-02T17:50:00Z,3.885,3.885,3.885,3.885,69226.58134,268945.2685059
1788371460000,2026-09-02T17:51:00Z,3.885,3.885,3.885,3.885,22405.416356,87045.04254306
1788371520000,2026-09-02T17:52:00Z,3.885,3.885,3.885,3.885,103350.902734,401518.25712159
1788371580000,2026-09-02T17:53:00Z,3.88,3.885,3.88,3.88,93095.873748,361677.46951098
1788371640000,2026-09-02T17:54:00Z,3.88,3.885,3.865,3.865,291440.205112,1131808.03655245
1788371700000,2026-09-02T17:55:00Z,3.875,3.875,3.875,3.875,23382.378494,90606.71666425
1788371760000,2026-09-02T17:56:00Z,3.875,3.875,3.875,3.875,70775.900475,274256.614340625
1788371820000,2026-09-02T17:57:00Z,3.875,3.875,3.875,3.875,68771.470958,266489.44996225
1788371880000,2026-09-02T17:58:00Z,3.875,3.875,3.875,3.875,16232.032218,62899.12484475
1788371940000,2026-09-02T17:59:00Z,3.875,3.875,3.875,3.875,27497.237021,106551.793456375
1788372000000,2026-09-02T18:00:00Z,3.875,3.875,3.875,3.875,50463.114306,195544.56793575
1788372060000,2026-09-02T18:01:00Z,3.875,3.875,3.875,3.875,32874.99467,127390.60434625
1788372120000,2026-09-02T18:02:00Z,3.875,3.875,3.875,3.875,60443.235654,234217.53815925
1788372180000,2026-09-02T18:03:00Z,3.875,3.875,3.875,3.875,57928.709417,224473.748990875
1788372240000,2026-09-02T18:04:00Z,3.865,3.875,3.865,3.865,30891.87399,119706.01171125
1788372300000,2026-09-02T18:05:00Z,3.875,3.875,3.875,3.875,72040.440075,279156.705290625
1788372360000,2026-09-02T18:06:00Z,3.87,3.875,3.87,3.87,29873.384738,115759.36585975
1788372420000,2026-09-02T18:07:00Z,3.87,3.875,3.865,3.87,270024.443402,1046344.71818275
1788372480000,2026-09-02T18:08:00Z,3.865,3.875,3.865,3.865,455415.39487,1764734.65512125
1788372540000,2026-09-02T18:09:00Z,3.865,3.875,3.865,3.865,25623.736514,99291.97899175
1788372600000,2026-09-02T18:10:00Z,3.875,3.875,3.875,3.875,60895.551617,235970.262515875
1788372660000,2026-09-02T18:11:00Z,3.875,3.875,3.875,3.875,46051.589225,178449.908246875
1788372720000,2026-09-02T18:12:00Z,3.865,3.875,3.86,3.86,29605.915508,114722.9225935
1788372780000,2026-09-02T18:13:00Z,3.865,3.875,3.865,3.865,104090.737237,403351.60679338
1788372840000,2026-09-02T18:14:00Z,3.875,3.875,3.875,3.875,45664.621508,176950.4083435
1788372900000,2026-09-02T18:15:00Z,3.875,3.875,3.875,3.875,18377.386988,71212.3745785
1788372960000,2026-09-02T18:16:00Z,3.875,3.875,3.875,3.875,10367.496651,40174.049522625
1788373020000,2026-09-02T18:17:00Z,3.865,3.875,3.865,3.865,18609.77141,72112.86421375
1788373080000,2026-09-02T18:18:00Z,3.87,3.875,3.87,3.87,48461.359731,187787.76895763
1788373140000,2026-09-02T18:19:00Z,3.865,3.875,3.865,3.865,35922.590177,139200.03693588
1788373200000,2026-09-02T18:20:00Z,3.865,3.89,3.865,3.885,411733.320188,1595466.6157285
1788373260000,2026-09-02T18:21:00Z,3.885,3.885,3.875,3.885,41447.298146,160608.28031575
1788373320000,2026-09-02T18:22:00Z,3.875,3.875,3.875,3.875,15807.180411,61252.824092625
1788373380000,2026-09-02T18:23:00Z,3.875,3.875,3.875,3.875,28802.488755,111609.643925625
1788373440000,2026-09-02T18:24:00Z,3.885,3.885,3.875,3.885,60676.239222,235120.42698525
1788373500000,2026-09-02T18:25:00Z,3.875,3.875,3.875,3.875,17867.529809,69236.678009875
1788373560000,2026-09-02T18:26:00Z,3.875,3.875,3.875,3.875,35180.608471,136324.857825125
1788373620000,2026-09-02T18:27:00Z,3.88,3.88,3.875,3.88,42550.809635,164884.38733563
1788373680000,2026-09-02T18:28:00Z,3.88,3.885,3.875,3.885,32100.0612,124387.73715
1788373740000,2026-09-02T18:29:00Z,3.875,3.875,3.875,3.875,49656.203115,192417.787070625
1788373800000,2026-09-02T18:30:00Z,3.88,3.88,3.875,3.88,32123.290321,124477.74999388
1788373860000,2026-09-02T18:31:00Z,3.88,3.88,3.875,3.88,17615.592507,68260.42096463
1788373920000,2026-09-02T18:32:00Z,3.875,3.875,3.875,3.875,11140.35108,43168.860435
1788373980000,2026-09-02T18:33:00Z,3.885,3.885,3.875,3.88,24068.917409,93267.05495988
1788374040000,2026-09-02T18:34:00Z,3.88,3.88,3.875,3.88,69915.424382,270922.26948025
1788374100000,2026-09-02T18:35:00Z,3.88,3.88,3.875,3.88,44942.457102,174152.02127025
1788374160000,2026-09-02T18:36:00Z,3.88,3.88,3.875,3.88,27770.652467,107611.27830963
1788374220000,2026-09-02T18:37:00Z,3.88,3.88,3.865,3.87,577868.774833,2239241.50247788
1788374280000,2026-09-02T18:38:00Z,3.875,3.875,3.875,3.875,15650.049478,60643.94172725
1788374340000,2026-09-02T18:39:00Z,3.87,3.875,3.87,3.87,423725.720974,1641937.16877425
1788374400000,2026-09-02T18:40:00Z,3.87,3.875,3.87,3.87,411733.126671,1595465.86585013
1788374460000,2026-09-02T18:41:00Z,3.87,3.875,3.87,3.87,124014.188334,480554.97979425
1788374520000,2026-09-02T18:42:00Z,3.87,3.875,3.87,3.87,45592.873594,176672.38517675
1788374580000,2026-09-02T18:43:00Z,3.87,3.875,3.87,3.87,16368,63426
1788374640000,2026-09-02T18:44:00Z,3.875,3.875,3.875,3.875,26979.903225,104547.124996875
1788374700000,2026-09-02T18:45:00Z,3.87,3.875,3.87,3.87,73058.121186,283100.21959575
1788374760000,2026-09-02T18:46:00Z,3.87,3.875,3.87,3.87,42621.378577,165157.84198588
1788374820000,2026-09-02T18:47:00Z,3.87,3.875,3.87,3.87,13132.511268,50888.4811635
1788374880000,2026-09-02T18:48:00Z,3.87,3.875,3.87,3.87,16891.285911,65453.73290513
1788374940000,2026-09-02T18:49:00Z,3.875,3.875,3.875,3.875,118828.001243,460458.504816625
1788375000000,2026-09-02T18:50:00Z,3.875,3.875,3.875,3.875,85225.061151,330247.111960125
1788375060000,2026-09-02T18:51:00Z,3.875,3.875,3.875,3.875,35149.472389,136204.205507375
1788375120000,2026-09-02T18:52:00Z,3.875,3.875,3.875,3.875,26875.961296,104144.350022
1788375180000,2026-09-02T18:53:00Z,3.875,3.875,3.875,3.875,57061.161,221111.998875
1788375240000,2026-09-02T18:54:00Z,3.87,3.875,3.87,3.87,60980.420725,236299.13030938
1788375300000,2026-09-02T18:55:00Z,3.875,3.875,3.875,3.875,22317.258064,86479.374998
1788375360000,2026-09-02T18:56:00Z,3.875,3.875,3.875,3.875,28116.297561,108950.653048875
1788375420000,2026-09-02T18:57:00Z,3.875,3.875,3.875,3.875,41422.650401,160512.770303875
1788375480000,2026-09-02T18:58:00Z,3.875,3.875,3.875,3.875,15071.201258,58400.90487475
1788375540000,2026-09-02T18:59:00Z,3.875,3.875,3.875,3.875,14794.63291,57329.20252625
1788375600000,2026-09-02T19:00:00Z,3.875,3.875,3.875,3.875,64227.392652,248881.1465265
1788375660000,2026-09-02T19:01:00Z,3.875,3.875,3.875,3.875,16558.25788,64163.249285
1788375720000,2026-09-02T19:02:00Z,3.875,3.875,3.875,3.875,23118.408712,89583.833759
1788375780000,2026-09-02T19:03:00Z,3.875,3.88,3.875,3.875,509335.566986,1973675.32207075
1788375840000,2026-09-02T19:04:00Z,3.875,3.875,3.875,3.875,124017.694905,480568.567756875
1788375900000,2026-09-02T19:05:00Z,3.875,3.89,3.875,3.885,712660.728715,2763056.9113009265
1788375960000,2026-09-02T19:06:00Z,3.885,3.885,3.885,3.885,70865.208437,275311.334777745
1788376020000,2026-09-02T19:07:00Z,3.885,3.885,3.885,3.885,46859.73012,182050.0515162
1788376080000,2026-09-02T19:08:00Z,3.885,3.885,3.885,3.885,68302.00621,265353.29412585
1788376140000,2026-09-02T19:09:00Z,3.885,3.89,3.88,3.885,651245.026479,2530086.927870915
1788376200000,2026-09-02T19:10:00Z,3.885,3.885,3.885,3.885,52640.903091,204509.908508535
1788376260000,2026-09-02T19:11:00Z,3.885,3.885,3.885,3.885,25632.109217,99580.744308045
1788376320000,2026-09-02T19:12:00Z,3.885,3.885,3.885,3.885,40987.68019,159237.13753815
1788376380000,2026-09-02T19:13:00Z,3.885,3.885,3.875,3.885,50011.521175,194294.759764875
1788376440000,2026-09-02T19:14:00Z,3.885,3.885,3.875,3.885,40922.78909,158985.03561465
1788376500000,2026-09-02T19:15:00Z,3.885,3.885,3.875,3.875,79213.409084,307744.09429134
1788376560000,2026-09-02T19:16:00Z,3.885,3.885,3.875,3.885,61187.137349,237712.028600865
1788376620000,2026-09-02T19:17:00Z,3.875,3.885,3.875,3.875,118420.886299,460065.14327162
1788376680000,2026-09-02T19:18:00Z,3.875,3.885,3.865,3.865,407005.4961,1580931.44850123
1788376740000,2026-09-02T19:19:00Z,3.86,3.875,3.86,3.86,76135.6129,295025.4999875
1788376800000,2026-09-02T19:20:00Z,3.875,3.875,3.875,3.875,30112.44712,116685.73259
1788376860000,2026-09-02T19:21:00Z,3.86,3.875,3.86,3.86,27472.658011,106456.54979263
1788376920000,2026-09-02T19:22:00Z,3.86,3.875,3.86,3.875,336258.334452,1302294.90349915
1788376980000,2026-09-02T19:23:00Z,3.875,3.875,3.865,3.875,59161.1253,228657.7492845
1788377040000,2026-09-02T19:24:00Z,3.875,3.875,3.865,3.875,69222.044291,267543.20118472
1788377100000,2026-09-02T19:25:00Z,3.875,3.875,3.865,3.875,49227.213629,190263.18067609
1788377160000,2026-09-02T19:26:00Z,3.865,3.865,3.865,3.865,34500.277433,133343.572278545
1788377220000,2026-09-02T19:27:00Z,3.865,3.865,3.865,3.865,17829.511719,68911.062793935
1788377280000,2026-09-02T19:28:00Z,3.865,3.865,3.865,3.865,37424.085941,144644.092161965
1788377340000,2026-09-02T19:29:00Z,3.875,3.875,3.865,3.875,37465.097562,144802.60207713
1788377400000,2026-09-02T19:30:00Z,3.87,3.87,3.865,3.87,28621.13968,110620.7048632
1788377460000,2026-09-02T19:31:00Z,3.87,3.87,3.865,3.87,101480.956752,392223.89784648
1788377520000,2026-09-02T19:32:00Z,3.87,3.87,3.865,3.87,130519.853333,504459.23313205
1788377580000,2026-09-02T19:33:00Z,3.87,3.87,3.865,3.87,50236.959879,194165.84993234
1788377640000,2026-09-02T19:34:00Z,3.87,3.87,3.865,3.87,170901.703581,660535.08434057
1788377700000,2026-09-02T19:35:00Z,3.87,3.87,3.865,3.87,105964.060289,409551.09301699
1788377760000,2026-09-02T19:36:00Z,3.87,3.87,3.865,3.87,121809.282319,470792.87616294
1788377820000,2026-09-02T19:37:00Z,3.87,3.87,3.865,3.87,57508.263518,222269.43849707
1788377880000,2026-09-02T19:38:00Z,3.87,3.87,3.865,3.87,78512.477469,303450.72541769
1788377940000,2026-09-02T19:39:00Z,3.87,3.87,3.865,3.87,70023.604531,270641.23151232
1788378000000,2026-09-02T19:40:00Z,3.87,3.87,3.855,3.865,1666297.939617,6434576.12362501
1788378060000,2026-09-02T19:41:00Z,3.87,3.87,3.85,3.85,695333.91915,2683154.52721602
1788378120000,2026-09-02T19:42:00Z,3.85,3.865,3.85,3.85,120625.959831,466219.33474682
1788378180000,2026-09-02T19:43:00Z,3.85,3.865,3.85,3.85,54231.019384,209602.88991916
1788378240000,2026-09-02T19:44:00Z,3.85,3.865,3.85,3.85,82521.661996,318946.22361454
1788378300000,2026-09-02T19:45:00Z,3.85,3.865,3.85,3.85,192536.882417,744155.05054171
1788378360000,2026-09-02T19:46:00Z,3.85,3.865,3.845,3.845,1238476.761243,4782378.01353984
1788378420000,2026-09-02T19:47:00Z,3.845,3.855,3.845,3.845,185222.276461,714031.87575716
1788378480000,2026-09-02T19:48:00Z,3.845,3.855,3.845,3.845,172903.626133,666543.47874272
1788378540000,2026-09-02T19:49:00Z,3.845,3.855,3.845,3.845,205327.948507,791539.24149449
1788378600000,2026-09-02T19:50:00Z,3.845,3.87,3.845,3.87,1644847.7142,6348618.72249774
1788378660000,2026-09-02T19:51:00Z,3.87,3.874,3.86,3.86,632135.443308,2443835.62382873
1788378720000,2026-09-02T19:52:00Z,3.865,3.875,3.86,3.865,198049.176546,767420.7541981
1788378780000,2026-09-02T19:53:00Z,3.865,3.875,3.865,3.865,212466.413207,823307.35117713
1788378840000,2026-09-02T19:54:00Z,3.865,3.875,3.865,3.865,321892.345423,1247332.83851413
1788378900000,2026-09-02T19:55:00Z,3.865,3.875,3.85,3.86,1260211.505008,4880673.13774548
1788378960000,2026-09-02T19:56:00Z,3.855,3.865,3.85,3.855,958343.680934,3703710.82370563
1788379020000,2026-09-02T19:57:00Z,3.855,3.86,3.855,3.855,766461.334167,2955168.32001429
1788379080000,2026-09-02T19:58:00Z,3.855,3.855,3.85,3.85,1333202.87862,5139497.0970801
1788379140000,2026-09-02T19:59:00Z,3.85,3.865,3.84,3.85,1229405.537636,4739358.34758678
1788379200000,2026-09-02T20:00:00Z,3.865,3.865,3.855,3.865,7561.451603,29149.39592957
1788379260000,2026-09-02T20:01:00Z,3.857,3.865,3.857,3.865,2312.961382,8930.8064881784
1788379320000,2026-09-02T20:02:00Z,3.865,3.865,3.865,3.865,25241,97556.465
1788379380000,2026-09-02T20:03:00Z,3.87,3.87,3.85,3.85,16530.600229,63832.91278428
1788379440000,2026-09-02T20:04:00Z,3.855,3.855,3.855,3.855,1084.76239,4181.75901345
1788379500000,2026-09-02T20:05:00Z,3.855,3.855,3.855,3.855,2727381.107645,10514054.169971475
1788379560000,2026-09-02T20:06:00Z,3.855,3.855,3.855,3.855,1702,6561.21
1788379620000,2026-09-02T20:07:00Z,3.86,3.865,3.855,3.86,18980,73315.944
1788379680000,2026-09-02T20:08:00Z,3.865,3.865,3.865,3.865,674.8438,2608.271287
1788379740000,2026-09-02T20:09:00Z,3.865,3.865,3.865,3.865,11409.7657,44098.7444305
1788379800000,2026-09-02T20:10:00Z,3.865,3.865,3.865,3.865,1091.606097,4219.057564905
1788379860000,2026-09-02T20:11:00Z,3.865,3.865,3.865,3.865,1232.427769,4763.333327185
1788379920000,2026-09-02T20:12:00Z,3.865,3.865,3.865,3.865,15050,58168.25
1788379980000,2026-09-02T20:13:00Z,3.865,3.865,3.865,3.865,300.271309,1160.548609285
1788380040000,2026-09-02T20:14:00Z,3.865,3.865,3.865,3.865,2741,10593.965
1788380100000,2026-09-02T20:15:00Z,3.86,3.865,3.86,3.86,34590.2501,133653.26736139
1788380160000,2026-09-02T20:16:00Z,3.865,3.865,3.865,3.865,2597,10037.405
1788380220000,2026-09-02T20:17:00Z,3.865,3.865,3.865,3.865,46617,180174.705
1788380280000,2026-09-02T20:18:00Z,3.865,3.865,3.865,3.865,1227,4742.355
1788380340000,2026-09-02T20:19:00Z,3.865,3.865,3.865,3.865,11036.46095,42655.92157175
1788380400000,2026-09-02T20:20:00Z,3.865,3.865,3.865,3.865,3764,14547.86
1788380460000,2026-09-02T20:21:00Z,3.865,3.865,3.865,3.865,6050,23383.25
1788380520000,2026-09-02T20:22:00Z,3.865,3.865,3.865,3.865,425,1642.625
1788380580000,2026-09-02T20:23:00Z,3.865,3.865,3.865,3.865,1433.314072,5539.75888828
1788380640000,2026-09-02T20:24:00Z,3.865,3.865,3.865,3.865,6440.455586,24892.36083989
1788380700000,2026-09-02T20:25:00Z,3.865,3.865,3.865,3.865,374.142265,1446.059854225
1788380760000,2026-09-02T20:26:00Z,3.88,3.88,3.865,3.88,17215,66535.975
1788380820000,2026-09-02T20:27:00Z,3.865,3.865,3.865,3.865,1182,4568.43
1788380880000,2026-09-02T20:28:00Z,3.865,3.865,3.865,3.865,1257,4858.305
1788380940000,2026-09-02T20:29:00Z,3.865,3.865,3.865,3.865,1474,5697.01
1788381000000,2026-09-02T20:30:00Z,3.865,3.865,3.865,3.865,3503.11312,13539.5322088
1788381060000,2026-09-02T20:31:00Z,3.865,3.865,3.865,3.865,803.816537,3106.750915505
1788381120000,2026-09-02T20:32:00Z,3.865,3.865,3.865,3.865,50.917312,196.79541088
1788381180000,2026-09-02T20:33:00Z,3.865,3.865,3.865,3.865,904,3493.96
1788381240000,2026-09-02T20:34:00Z,3.87,3.87,3.865,3.87,6240,24117.6
1788381300000,2026-09-02T20:35:00Z,3.865,3.865,3.865,3.865,6203.087855,23974.934559575
1788381360000,2026-09-02T20:36:00Z,3.87,3.87,3.865,3.87,2383.919896,9213.85039804
1788381420000,2026-09-02T20:37:00Z,3.865,3.865,3.865,3.865,10318,39879.07
1788381480000,2026-09-02T20:38:00Z,3.865,3.865,3.865,3.865,4339,16770.235
1788381540000,2026-09-02T20:39:00Z,3.865,3.865,3.865,3.865,536,2071.64
1788381600000,2026-09-02T20:40:00Z,3.865,3.865,3.865,3.865,1,3.865
1788381660000,2026-09-02T20:41:00Z,3.865,3.865,3.865,3.865,2662.167958,10289.27915767
1788381720000,2026-09-02T20:42:00Z,3.865,3.875,3.865,3.875,8157,31540.6719
1788381780000,2026-09-02T20:43:00Z,3.875,3.875,3.875,3.875,1209.261142,4685.88692525
1788381840000,2026-09-02T20:44:00Z,3.875,3.875,3.875,3.875,32,124
1788381900000,2026-09-02T20:45:00Z,3.86,3.875,3.86,3.86,15615,60506.5635
1788381960000,2026-09-02T20:46:00Z,3.871,3.871,3.865,3.865,479,1851.6224
1788382020000,2026-09-02T20:47:00Z,3.865,3.865,3.865,3.865,11657.600775,45056.626995375
1788382080000,2026-09-02T20:48:00Z,3.865,3.865,3.865,3.865,221.276212,855.23255938
1788382140000,2026-09-02T20:49:00Z,3.865,3.865,3.865,3.865,50,193.25
1788382200000,2026-09-02T20:50:00Z,3.865,3.87,3.865,3.87,440794,1703668.81
1788382260000,2026-09-02T20:51:00Z,3.87,3.873,3.87,3.873,2740.808538,10608.0253654752
1788382320000,2026-09-02T20:52:00Z,3.874,3.875,3.874,3.875,724,2804.9932
1788382380000,2026-09-02T20:53:00Z,3.875,3.875,3.875,3.875,2483.004482,9621.64236775
1788382440000,2026-09-02T20:54:00Z,3.875,3.875,3.875,3.875,292,1131.5
1788382500000,2026-09-02T20:55:00Z,3.875,3.875,3.875,3.875,215,833.125
1788382560000,2026-09-02T20:56:00Z,3.875,3.875,3.875,3.875,7178,27814.75
1788382620000,2026-09-02T20:57:00Z,3.875,3.875,3.875,3.875,295,1143.125
1788382680000,2026-09-02T20:58:00Z,3.875,3.875,3.875,3.875,248.5,962.9375
1788382740000,2026-09-02T20:59:00Z,3.875,3.875,3.875,3.875,112.885164,437.4300105
1788382800000,2026-09-02T21:00:00Z,3.875,3.875,3.875,3.875,1328.865567,5149.354072125
1788382860000,2026-09-02T21:01:00Z,3.875,3.875,3.875,3.875,1400.515543,5426.997729125
1788382920000,2026-09-02T21:02:00Z,3.875,3.875,3.875,3.875,135,523.125
1788382980000,2026-09-02T21:03:00Z,3.875,3.875,3.875,3.875,4967,19247.125
1788383040000,2026-09-02T21:04:00Z,3.875,3.875,3.875,3.875,1,3.875
1788383100000,2026-09-02T21:05:00Z,3.875,3.875,3.875,3.875,12,46.5
1788383160000,2026-09-02T21:06:00Z,3.875,3.875,3.875,3.875,35,135.625
1788383220000,2026-09-02T21:07:00Z,3.875,3.875,3.875,3.875,299,1158.625
1788383280000,2026-09-02T21:08:00Z,3.875,3.875,3.875,3.875,385,1491.875
1788383340000,2026-09-02T21:09:00Z,3.875,3.875,3.875,3.875,1586,6145.75
1788383400000,2026-09-02T21:10:00Z,3.875,3.875,3.875,3.875,1257,4870.875
1788383460000,2026-09-02T21:11:00Z,3.875,3.875,3.875,3.875,1240,4805
1788383520000,2026-09-02T21:12:00Z,3.875,3.875,3.875,3.875,800,3100
1788383580000,2026-09-02T21:13:00Z,3.875,3.875,3.875,3.875,1708,6618.5
1788383640000,2026-09-02T21:14:00Z,3.875,3.875,3.875,3.875,1450,5618.75
1788383700000,2026-09-02T21:15:00Z,3.875,3.875,3.875,3.875,1040,4030
1788383760000,2026-09-02T21:16:00Z,3.875,3.875,3.869,3.869,7489,29004.897
1788383820000,2026-09-02T21:17:00Z,3.868,3.868,3.865,3.865,296,1144.2176
1788383880000,2026-09-02T21:18:00Z,3.865,3.865,3.865,3.865,1457,5631.305
1788383940000,2026-09-02T21:19:00Z,3.865,3.874,3.865,3.874,4111,15891.0705
1788384000000,2026-09-02T21:20:00Z,3.875,3.875,3.875,3.875,1270,4921.25
1788384060000,2026-09-02T21:21:00Z,3.875,3.875,3.875,3.875,5101,19766.375
1788384120000,2026-09-02T21:22:00Z,3.875,3.875,3.875,3.875,52085,201829.375
1788384180000,2026-09-02T21:23:00Z,3.875,3.875,3.875,3.875,4078.114038,15802.69189725
1788384240000,2026-09-02T21:24:00Z,3.875,3.875,3.875,3.875,365,1414.375
1788384300000,2026-09-02T21:25:00Z,3.875,3.875,3.875,3.875,3256,12617
1788384360000,2026-09-02T21:26:00Z,3.875,3.875,3.875,3.875,2277,8823.375
1788384420000,2026-09-02T21:27:00Z,3.875,3.875,3.875,3.875,1461,5661.375
1788384480000,2026-09-02T21:28:00Z,3.875,3.875,3.875,3.875,5519,21386.125
1788384540000,2026-09-02T21:29:00Z,3.875,3.875,3.875,3.875,465,1801.875
1788384600000,2026-09-02T21:30:00Z,3.875,3.875,3.875,3.875,871.366598,3376.54556725
1788384660000,2026-09-02T21:31:00Z,3.875,3.875,3.875,3.875,792,3069
1788384720000,2026-09-02T21:32:00Z,3.875,3.875,3.875,3.875,496.597938,1924.31700975
1788384780000,2026-09-02T21:33:00Z,3.875,3.875,3.875,3.875,11,42.625
1788384840000,2026-09-02T21:34:00Z,3.875,3.875,3.875,3.875,1386.123709,5371.229372375
1788384900000,2026-09-02T21:35:00Z,3.875,3.875,3.875,3.875,2676.793814,10372.57602925
1788384960000,2026-09-02T21:36:00Z,3.875,3.875,3.875,3.875,86.546391,335.367265125
1788385020000,2026-09-02T21:37:00Z,3.875,3.875,3.875,3.875,9406.257771,36449.248862625
1788385080000,2026-09-02T21:38:00Z,3.875,3.875,3.875,3.875,400,1550
1788385140000,2026-09-02T21:39:00Z,3.875,3.875,3.875,3.875,220,852.5
1788385200000,2026-09-02T21:40:00Z,3.88,3.88,3.875,3.88,1589,6157.375
1788385260000,2026-09-02T21:41:00Z,3.875,3.875,3.875,3.875,381,1476.375
1788385320000,2026-09-02T21:42:00Z,3.875,3.875,3.875,3.875,27,104.625
1788385380000,2026-09-02T21:43:00Z,3.875,3.875,3.875,3.875,2774,10749.25
1788385440000,2026-09-02T21:44:00Z,3.875,3.875,3.875,3.875,819,3173.625
1788385500000,2026-09-02T21:45:00Z,3.885,3.89,3.875,3.89,27103.70694,105100.04440124
1788385560000,2026-09-02T21:46:00Z,3.884,3.885,3.884,3.885,3200,12430.72
1788385620000,2026-09-02T21:47:00Z,3.88,3.893,3.88,3.88,14019,54496.0587
1788385680000,2026-09-02T21:48:00Z,3.885,3.889,3.885,3.889,5030,19543.562
1788385740000,2026-09-02T21:49:00Z,3.889,3.89,3.889,3.89,4052,15762.28
1788385800000,2026-09-02T21:50:00Z,3.89,3.89,3.89,3.89,3305,12856.45
1788385860000,2026-09-02T21:51:00Z,3.89,3.89,3.89,3.89,350,1361.5
1788385920000,2026-09-02T21:52:00Z,3.89,3.89,3.886,3.886,383,1489.4104
1788385980000,2026-09-02T21:53:00Z,3.885,3.885,3.885,3.885,617.912325,2400.589382625
1788386040000,2026-09-02T21:54:00Z,3.885,3.885,3.885,3.885,5015.726987,19486.099344495
1788386100000,2026-09-02T21:55:00Z,3.885,3.885,3.885,3.885,44.850899,174.245742615
1788386160000,2026-09-02T21:56:00Z,3.885,3.885,3.885,3.885,5459,21208.215
1788386220000,2026-09-02T21:57:00Z,3.885,3.885,3.885,3.885,4666,18127.41
1788386280000,2026-09-02T21:58:00Z,3.885,3.885,3.885,3.885,14327.568725,55662.604496625
1788386340000,2026-09-02T21:59:00Z,3.885,3.885,3.885,3.885,1628.15379,6325.37747415
1788386400000,2026-09-02T22:00:00Z,3.885,3.885,3.885,3.885,438.037773,1701.776748105
1788386460000,2026-09-02T22:01:00Z,3.885,3.885,3.885,3.885,579,2249.415
1788386520000,2026-09-02T22:02:00Z,3.885,3.885,3.885,3.885,192,745.92
1788386580000,2026-09-02T22:03:00Z,3.885,3.885,3.885,3.885,1100,4273.5
1788386640000,2026-09-02T22:04:00Z,3.885,3.885,3.885,3.885,504,1958.04
1788386700000,2026-09-02T22:05:00Z,3.885,3.885,3.885,3.885,901.740482,3503.26177257
1788386760000,2026-09-02T22:06:00Z,3.885,3.885,3.885,3.885,1562.910165,6071.905991025
1788386820000,2026-09-02T22:07:00Z,3.885,3.885,3.885,3.885,2001,7773.885
1788386880000,2026-09-02T22:08:00Z,3.885,3.885,3.885,3.885,2043,7937.055
1788386940000,2026-09-02T22:09:00Z,3.885,3.885,3.885,3.885,2012.077551,7816.921285635
1788387000000,2026-09-02T22:10:00Z,3.885,3.885,3.885,3.885,903.4,3509.709
1788387060000,2026-09-02T22:11:00Z,3.885,3.885,3.879,3.879,7882,30606.5942
1788387120000,2026-09-02T22:12:00Z,3.878,3.878,3.875,3.875,160,620.144
1788387180000,2026-09-02T22:13:00Z,3.876,3.88,3.876,3.88,706.041315,2738.5224484905
1788387240000,2026-09-02T22:14:00Z,3.88,3.88,3.876,3.879,2770.809403,10750.1863217594
1788387300000,2026-09-02T22:15:00Z,3.879,3.88,3.879,3.879,23602,91554.5182
1788387360000,2026-09-02T22:16:00Z,3.88,3.88,3.88,3.88,321,1245.48
1788387420000,2026-09-02T22:17:00Z,3.88,3.88,3.88,3.88,27,104.76
1788387480000,2026-09-02T22:18:00Z,3.88,3.88,3.876,3.876,133.395232,517.4667839744
1788387540000,2026-09-02T22:19:00Z,3.875,3.875,3.875,3.875,211.031087,817.745462125
1788387600000,2026-09-02T22:20:00Z,3.875,3.875,3.875,3.875,1110,4301.25
1788387660000,2026-09-02T22:21:00Z,3.875,3.875,3.875,3.875,884.081773,3425.816870375
1788387720000,2026-09-02T22:22:00Z,3.875,3.875,3.875,3.875,19,73.625
1788387780000,2026-09-02T22:23:00Z,3.875,3.875,3.875,3.875,200,775
1788387840000,2026-09-02T22:24:00Z,3.875,3.875,3.875,3.875,6768.349194,26227.35312675
1788387900000,2026-09-02T22:25:00Z,3.875,3.875,3.875,3.875,100,387.5
1788387960000,2026-09-02T22:26:00Z,3.875,3.875,3.875,3.875,1230.777182,4769.26158025
1788388020000,2026-09-02T22:27:00Z,3.875,3.875,3.875,3.875,320,1240
1788388080000,2026-09-02T22:28:00Z,3.875,3.875,3.875,3.875,1070,4146.25
1788388140000,2026-09-02T22:29:00Z,3.875,3.875,3.875,3.875,16272.595665,63056.308201875
1788388200000,2026-09-02T22:30:00Z,3.876,3.879,3.876,3.879,107,414.7534
1788388260000,2026-09-02T22:31:00Z,3.879,3.88,3.879,3.88,823,3192.8285
1788388320000,2026-09-02T22:32:00Z,3.88,3.884,3.88,3.88,8503,33007.7957
1788388380000,2026-09-02T22:33:00Z,3.879,3.879,3.875,3.875,505,1957.38
1788388440000,2026-09-02T22:34:00Z,3.875,3.875,3.875,3.875,12,46.5
1788388500000,2026-09-02T22:35:00Z,3.875,3.875,3.875,3.875,117,453.375
1788388560000,2026-09-02T22:36:00Z,3.875,3.875,3.875,3.875,235,910.625
1788388620000,2026-09-02T22:37:00Z,3.875,3.875,3.875,3.875,144,558
1788388680000,2026-09-02T22:38:00Z,3.875,3.875,3.875,3.875,1254.555713,4861.403387875
1788388740000,2026-09-02T22:39:00Z,3.875,3.875,3.875,3.875,510,1976.25
1788388800000,2026-09-02T22:40:00Z,3.875,3.875,3.875,3.875,1025,3971.875
1788388920000,2026-09-02T22:42:00Z,3.875,3.875,3.875,3.875,1378,5339.75
1788388980000,2026-09-02T22:43:00Z,3.875,3.875,3.875,3.875,1003,3886.625
1788389040000,2026-09-02T22:44:00Z,3.875,3.875,3.875,3.875,710,2751.25
1788389100000,2026-09-02T22:45:00Z,3.875,3.875,3.875,3.875,1917,7428.375
1788389160000,2026-09-02T22:46:00Z,3.89,3.89,3.875,3.89,22007.5,85279.0625
1788389220000,2026-09-02T22:47:00Z,3.875,3.88,3.875,3.88,90,349.056
1788389280000,2026-09-02T22:48:00Z,3.88,3.88,3.88,3.88,2.577319,9.99999772
1788389340000,2026-09-02T22:49:00Z,3.88,3.88,3.88,3.88,116.752577,452.99999876
1788389400000,2026-09-02T22:50:00Z,3.88,3.88,3.88,3.88,14707,57063.16
1788389460000,2026-09-02T22:51:00Z,3.88,3.88,3.88,3.88,1,3.88
1788389580000,2026-09-02T22:53:00Z,3.879,3.879,3.877,3.877,150,581.85
1788389640000,2026-09-02T22:54:00Z,3.876,3.876,3.875,3.875,7607,29477.8857
1788389700000,2026-09-02T22:55:00Z,3.875,3.875,3.875,3.875,1870,7246.25
1788389760000,2026-09-02T22:56:00Z,3.89,3.89,3.875,3.89,12568,48738.704
1788389820000,2026-09-02T22:57:00Z,3.885,3.885,3.885,3.885,3203.514218,12445.65273693
1788389880000,2026-09-02T22:58:00Z,3.885,3.885,3.885,3.885,84.168096,326.99305296
1788389940000,2026-09-02T22:59:00Z,3.885,3.885,3.885,3.885,1940,7536.9
1788390000000,2026-09-02T23:00:00Z,3.885,3.885,3.885,3.885,2374,9222.99
1788390060000,2026-09-02T23:01:00Z,3.885,3.885,3.885,3.885,1031,4005.435
1788390120000,2026-09-02T23:02:00Z,3.885,3.885,3.885,3.885,2350,9129.75
1788390180000,2026-09-02T23:03:00Z,3.885,3.885,3.885,3.885,260.2,1010.877
1788390240000,2026-09-02T23:04:00Z,3.885,3.885,3.885,3.885,1215,4720.275
1788390300000,2026-09-02T23:05:00Z,3.885,3.885,3.885,3.885,1928,7490.28
1788390360000,2026-09-02T23:06:00Z,3.885,3.885,3.885,3.885,54064,210038.64
1788390420000,2026-09-02T23:07:00Z,3.885,3.885,3.885,3.885,409,1588.965
1788390480000,2026-09-02T23:08:00Z,3.885,3.885,3.885,3.885,6,23.31
1788390540000,2026-09-02T23:09:00Z,3.885,3.885,3.885,3.885,5021,19506.585
1788390600000,2026-09-02T23:10:00Z,3.885,3.885,3.885,3.885,150,582.75
1788390720000,2026-09-02T23:12:00Z,3.885,3.885,3.885,3.885,3700,14374.5
1788390780000,2026-09-02T23:13:00Z,3.885,3.885,3.885,3.885,300,1165.5
1788390840000,2026-09-02T23:14:00Z,3.885,3.885,3.885,3.885,2285,8877.225
1788390900000,2026-09-02T23:15:00Z,3.885,3.885,3.885,3.885,1400,5439
1788390960000,2026-09-02T23:16:00Z,3.885,3.885,3.885,3.885,3512,13644.12
1788391020000,2026-09-02T23:17:00Z,3.885,3.885,3.885,3.885,293,1138.305
1788391080000,2026-09-02T23:18:00Z,3.885,3.885,3.885,3.885,137,532.245
1788391140000,2026-09-02T23:19:00Z,3.885,3.885,3.885,3.885,1210,4700.85
1788391200000,2026-09-02T23:20:00Z,3.885,3.885,3.885,3.885,7200,27972
1788391320000,2026-09-02T23:22:00Z,3.885,3.885,3.885,3.885,20416.121544,79316.63219844
1788391380000,2026-09-02T23:23:00Z,3.885,3.885,3.885,3.885,2006,7793.31
1788391440000,2026-09-02T23:24:00Z,3.883,3.883,3.876,3.876,621,2407.6791
1788391500000,2026-09-02T23:25:00Z,3.876,3.876,3.875,3.875,2742,10625.25
1788391560000,2026-09-02T23:26:00Z,3.875,3.875,3.875,3.875,1925.516645,7461.376999375
1788391620000,2026-09-02T23:27:00Z,3.875,3.875,3.875,3.875,619,2398.625
1788391680000,2026-09-02T23:28:00Z,3.875,3.875,3.875,3.875,1256,4867
1788391740000,2026-09-02T23:29:00Z,3.875,3.875,3.875,3.875,205,794.375
1788391800000,2026-09-02T23:30:00Z,3.875,3.875,3.875,3.875,425,1646.875
1788391860000,2026-09-02T23:31:00Z,3.875,3.875,3.875,3.875,1,3.875
1788391920000,2026-09-02T23:32:00Z,3.875,3.875,3.875,3.875,228,883.5
1788391980000,2026-09-02T23:33:00Z,3.875,3.875,3.875,3.875,103,399.125
1788392040000,2026-09-02T23:34:00Z,3.875,3.875,3.875,3.875,209,809.875
1788392100000,2026-09-02T23:35:00Z,3.875,3.875,3.875,3.875,2403.516429,9313.626162375
1788392160000,2026-09-02T23:36:00Z,3.875,3.875,3.875,3.875,1200,4650
1788392220000,2026-09-02T23:37:00Z,3.875,3.875,3.875,3.875,2410,9338.75
1788392280000,2026-09-02T23:38:00Z,3.875,3.875,3.875,3.875,435,1685.625
1788392340000,2026-09-02T23:39:00Z,3.875,3.875,3.875,3.875,422,1635.25
1788392400000,2026-09-02T23:40:00Z,3.875,3.875,3.875,3.875,501,1941.375
1788392460000,2026-09-02T23:41:00Z,3.875,3.875,3.875,3.875,504,1953
1788392520000,2026-09-02T23:42:00Z,3.875,3.875,3.875,3.875,4677,18123.375
1788392580000,2026-09-02T23:43:00Z,3.875,3.875,3.875,3.875,27,104.625
1788392640000,2026-09-02T23:44:00Z,3.875,3.875,3.875,3.875,107,414.625
1788392700000,2026-09-02T23:45:00Z,3.89,3.89,3.875,3.89,961,3723.875
1788392760000,2026-09-02T23:46:00Z,3.875,3.875,3.875,3.875,3778,14639.75
1788392820000,2026-09-02T23:47:00Z,3.875,3.875,3.875,3.875,3025,11721.875
1788392880000,2026-09-02T23:48:00Z,3.875,3.875,3.875,3.875,10292,39881.5
1788392940000,2026-09-02T23:49:00Z,3.875,3.875,3.875,3.875,27411,106217.625
1788393000000,2026-09-02T23:50:00Z,3.875,3.875,3.875,3.875,3904,15128
1788393060000,2026-09-02T23:51:00Z,3.875,3.875,3.875,3.875,1240,4805
1788393120000,2026-09-02T23:52:00Z,3.875,3.875,3.875,3.875,2176,8432
1788393180000,2026-09-02T23:53:00Z,3.875,3.875,3.875,3.875,227,879.625
1788393240000,2026-09-02T23:54:00Z,3.88,3.88,3.875,3.88,3318,12857.25
1788393300000,2026-09-02T23:55:00Z,3.875,3.875,3.875,3.875,2097,8125.875
1788393360000,2026-09-02T23:56:00Z,3.875,3.875,3.875,3.875,1237.69317,4796.06103375
1788393420000,2026-09-02T23:57:00Z,3.875,3.875,3.875,3.875,128.853335,499.306673125
1788393480000,2026-09-02T23:58:00Z,3.875,3.875,3.875,3.875,4101,15891.375
1788393540000,2026-09-02T23:59:00Z,3.875,3.875,3.875,3.875,7673,29721.3655
1788393600000,2026-09-03T00:00:00Z,3.875,3.875,3.875,3.875,1,3.875
1788393660000,2026-09-03T00:01:00Z,3.87,3.87,3.87,3.87,1,3.87
1788393840000,2026-09-03T00:04:00Z,3.88,3.9,3.87,3.9,5346,20701.05
1788393900000,2026-09-03T00:05:00Z,3.9,3.9,3.9,3.9,20,78
1788394020000,2026-09-03T00:07:00Z,3.9,3.9,3.9,3.9,10,39
1788394080000,2026-09-03T00:08:00Z,3.89,3.89,3.89,3.89,500,1945
1788394200000,2026-09-03T00:10:00Z,3.89,3.89,3.89,3.89,1507,5862.23
1788394260000,2026-09-03T00:11:00Z,3.9,3.9,3.9,3.9,1,3.9
1788394320000,2026-09-03T00:12:00Z,3.89,3.89,3.89,3.89,1,3.89
1788394380000,2026-09-03T00:13:00Z,3.9,3.9,3.9,3.9,100,390
1788394560000,2026-09-03T00:16:00Z,3.88,3.88,3.88,3.88,230,892.4
1788394680000,2026-09-03T00:18:00Z,3.88,3.88,3.87,3.87,43,166.83
1788395040000,2026-09-03T00:24:00Z,3.88,3.88,3.88,3.88,1,3.88
1788395280000,2026-09-03T00:28:00Z,3.89,3.89,3.89,3.89,1157,4500.73
1788395400000,2026-09-03T00:30:00Z,3.88,3.88,3.88,3.88,4500,17460
1788395460000,2026-09-03T00:31:00Z,3.89,3.89,3.89,3.89,1,3.89
1788395580000,2026-09-03T00:33:00Z,3.86,3.86,3.86,3.86,500,1930
1788395640000,2026-09-03T00:34:00Z,3.88,3.88,3.88,3.88,101,391.88
1788395700000,2026-09-03T00:35:00Z,3.88,3.88,3.88,3.88,200,776
1788395760000,2026-09-03T00:36:00Z,3.88,3.9,3.88,3.9,276,1070.9
1788396240000,2026-09-03T00:44:00Z,3.87,3.87,3.87,3.87,250,967.5
1788396300000,2026-09-03T00:45:00Z,3.87,3.87,3.86,3.86,3000,11583
1788396600000,2026-09-03T00:50:00Z,3.88,3.88,3.88,3.88,107,415.16
1788396660000,2026-09-03T00:51:00Z,3.88,3.88,3.88,3.88,155,601.4
1788396720000,2026-09-03T00:52:00Z,3.88,3.88,3.88,3.88,11,42.68
1788396840000,2026-09-03T00:54:00Z,3.86,3.87,3.86,3.87,2393,9246.98
1788396960000,2026-09-03T00:56:00Z,3.87,3.87,3.87,3.87,10,38.7
1788397140000,2026-09-03T00:59:00Z,3.87,3.87,3.87,3.87,200,774
1788397320000,2026-09-03T01:02:00Z,3.87,3.87,3.86,3.86,215,831.6
1788397380000,2026-09-03T01:03:00Z,3.86,3.86,3.85,3.86,871,3361.86
1788397500000,2026-09-03T01:05:00Z,3.87,3.87,3.87,3.87,1200,4644
1788397980000,2026-09-03T01:13:00Z,3.87,3.87,3.87,3.87,400,1548
1788398100000,2026-09-03T01:15:00Z,3.87,3.87,3.87,3.87,1299,5027.13
1788398220000,2026-09-03T01:17:00Z,3.87,3.87,3.87,3.87,431,1667.97
1788398280000,2026-09-03T01:18:00Z,3.86,3.86,3.86,3.86,2,7.72
1788398340000,2026-09-03T01:19:00Z,3.87,3.87,3.87,3.87,1300,5031
1788398460000,2026-09-03T01:21:00Z,3.86,3.86,3.86,3.86,19,73.34
1788398940000,2026-09-03T01:29:00Z,3.87,3.87,3.87,3.87,3629,14044.23
1788399000000,2026-09-03T01:30:00Z,3.87,3.9,3.87,3.89,10279,39915.25
1788399060000,2026-09-03T01:31:00Z,3.9,3.91,3.89,3.91,8683,33864.19
1788399120000,2026-09-03T01:32:00Z,3.92,3.93,3.92,3.93,1625,6376
1788399180000,2026-09-03T01:33:00Z,3.91,3.92,3.9,3.9,25003,97841.92
1788399240000,2026-09-03T01:34:00Z,3.89,3.89,3.89,3.89,4,15.56
1788399300000,2026-09-03T01:35:00Z,3.9,3.9,3.88,3.88,530,2066.4
1788399420000,2026-09-03T01:37:00Z,3.88,3.88,3.88,3.88,186,721.68
1788399480000,2026-09-03T01:38:00Z,3.88,3.88,3.88,3.88,2314,8978.32
1788399540000,2026-09-03T01:39:00Z,3.9,3.92,3.9,3.92,3639,14224.49
1788399600000,2026-09-03T01:40:00Z,3.92,3.92,3.92,3.92,2000,7840
1788399780000,2026-09-03T01:43:00Z,3.91,3.91,3.91,3.91,1,3.91
1788399900000,2026-09-03T01:45:00Z,3.89,3.89,3.89,3.89,300,1167
1788400080000,2026-09-03T01:48:00Z,3.9,3.9,3.9,3.9,2000,7800
1788400140000,2026-09-03T01:49:00Z,3.9,3.9,3.9,3.9,5000,19500
1788400200000,2026-09-03T01:50:00Z,3.89,3.89,3.89,3.89,570,2217.3
1788400260000,2026-09-03T01:51:00Z,3.9,3.9,3.9,3.9,8164,31839.6
1788400440000,2026-09-03T01:54:00Z,3.89,3.89,3.89,3.89,595,2314.55
1788400500000,2026-09-03T01:55:00Z,3.89,3.89,3.89,3.89,3000,11670
1788400680000,2026-09-03T01:58:00Z,3.88,3.89,3.88,3.89,145,563.05
1788400800000,2026-09-03T02:00:00Z,3.88,3.88,3.88,3.88,1400,5432
1788400920000,2026-09-03T02:02:00Z,3.9,3.9,3.9,3.9,50,195
1788401220000,2026-09-03T02:07:00Z,3.89,3.89,3.89,3.89,6246,24296.94
1788401280000,2026-09-03T02:08:00Z,3.87,3.87,3.87,3.87,1,3.87
1788401340000,2026-09-03T02:09:00Z,3.88,3.88,3.88,3.88,100,388
1788401580000,2026-09-03T02:13:00Z,3.88,3.88,3.88,3.88,1033,4008.04
1788401640000,2026-09-03T02:14:00Z,3.89,3.89,3.89,3.89,330,1283.7
1788401760000,2026-09-03T02:16:00Z,3.89,3.89,3.89,3.89,50,194.5
1788401880000,2026-09-03T02:18:00Z,3.89,3.89,3.89,3.89,603,2345.67
1788402000000,2026-09-03T02:20:00Z,3.89,3.89,3.89,3.89,285,1108.65
1788402180000,2026-09-03T02:23:00Z,3.89,3.89,3.89,3.89,430,1672.7
1788402240000,2026-09-03T02:24:00Z,3.89,3.89,3.89,3.89,1,3.89
1788402300000,2026-09-03T02:25:00Z,3.88,3.88,3.88,3.88,250,970
1788402480000,2026-09-03T02:28:00Z,3.9,3.9,3.9,3.9,114,444.6
1788402540000,2026-09-03T02:29:00Z,3.89,3.89,3.89,3.89,1507,5862.23
1788402780000,2026-09-03T02:33:00Z,3.89,3.89,3.89,3.89,1500,5835
1788403320000,2026-09-03T02:42:00Z,3.89,3.89,3.89,3.89,50,194.5
1788403860000,2026-09-03T02:51:00Z,3.89,3.89,3.88,3.88,5000,19404.51
1788405120000,2026-09-03T03:12:00Z,3.89,3.89,3.88,3.88,4906,19084.27
1788405240000,2026-09-03T03:14:00Z,3.88,3.88,3.88,3.88,2500,9700
1788405300000,2026-09-03T03:15:00Z,3.88,3.88,3.88,3.88,275,1067
1788405360000,2026-09-03T03:16:00Z,3.88,3.88,3.88,3.88,2500,9700
1788405600000,2026-09-03T03:20:00Z,3.87,3.87,3.87,3.87,3560,13777.2
1788405660000,2026-09-03T03:21:00Z,3.87,3.87,3.87,3.87,30,116.1
1788405720000,2026-09-03T03:22:00Z,3.86,3.86,3.86,3.86,13410,51762.6
1788405780000,2026-09-03T03:23:00Z,3.86,3.86,3.86,3.86,5000,19300
1788405960000,2026-09-03T03:26:00Z,3.86,3.86,3.86,3.86,739,2852.54
1788406260000,2026-09-03T03:31:00Z,3.87,3.87,3.87,3.87,2553,9880.11
1788406980000,2026-09-03T03:43:00Z,3.87,3.87,3.87,3.87,1,3.87
1788407100000,2026-09-03T03:45:00Z,3.87,3.87,3.87,3.87,25,96.75
1788407340000,2026-09-03T03:49:00Z,3.87,3.87,3.87,3.87,11,42.57
1788407520000,2026-09-03T03:52:00Z,3.86,3.86,3.86,3.86,20,77.2
1788407700000,2026-09-03T03:55:00Z,3.87,3.87,3.87,3.87,2256,8730.72
1788407820000,2026-09-03T03:57:00Z,3.87,3.87,3.87,3.87,337,1304.19
1788407940000,2026-09-03T03:59:00Z,3.87,3.87,3.87,3.87,18,69.66
1788408060000,2026-09-03T04:01:00Z,3.87,3.87,3.87,3.87,35,135.45
1788408240000,2026-09-03T04:04:00Z,3.87,3.87,3.87,3.87,5,19.35
1788408840000,2026-09-03T04:14:00Z,3.87,3.87,3.87,3.87,10,38.7
1788409020000,2026-09-03T04:17:00Z,3.87,3.87,3.87,3.87,250,967.5
1788409500000,2026-09-03T04:25:00Z,3.86,3.86,3.86,3.86,12,46.32
1788409740000,2026-09-03T04:29:00Z,3.86,3.87,3.86,3.87,1443,5574.98
1788410160000,2026-09-03T04:36:00Z,3.87,3.87,3.87,3.87,125,483.75
1788410280000,2026-09-03T04:38:00Z,3.87,3.87,3.87,3.87,1,3.87
1788410400000,2026-09-03T04:40:00Z,3.87,3.87,3.87,3.87,1,3.87
1788410520000,2026-09-03T04:42:00Z,3.87,3.87,3.87,3.87,1,3.87
1788410580000,2026-09-03T04:43:00Z,3.87,3.87,3.87,3.87,100,387
1788410640000,2026-09-03T04:44:00Z,3.87,3.87,3.87,3.87,1,3.87
1788410820000,2026-09-03T04:47:00Z,3.87,3.87,3.87,3.87,100,387
1788410880000,2026-09-03T04:48:00Z,3.86,3.86,3.86,3.86,37,142.82
1788411540000,2026-09-03T04:59:00Z,3.87,3.87,3.87,3.87,12,46.44
1788411600000,2026-09-03T05:00:00Z,3.87,3.87,3.87,3.87,155,599.85
1788411660000,2026-09-03T05:01:00Z,3.87,3.87,3.87,3.87,246,952.02
1788411840000,2026-09-03T05:04:00Z,3.86,3.86,3.86,3.86,200,772
1788412020000,2026-09-03T05:07:00Z,3.87,3.87,3.87,3.87,100,387
1788412080000,2026-09-03T05:08:00Z,3.86,3.86,3.85,3.85,12046,46495.85
1788412140000,2026-09-03T05:09:00Z,3.84,3.84,3.84,3.84,200,768
1788412200000,2026-09-03T05:10:00Z,3.84,3.84,3.84,3.84,20,76.8
1788412560000,2026-09-03T05:16:00Z,3.85,3.85,3.85,3.85,17037,65592.45
1788412620000,2026-09-03T05:17:00Z,3.84,3.84,3.84,3.84,1008,3870.72
1788412680000,2026-09-03T05:18:00Z,3.84,3.84,3.84,3.84,13474,51740.16
1788412740000,2026-09-03T05:19:00Z,3.85,3.85,3.83,3.84,8456,32389.61
1788412860000,2026-09-03T05:21:00Z,3.84,3.84,3.84,3.84,6,23.04
1788412980000,2026-09-03T05:23:00Z,3.83,3.83,3.83,3.83,866,3316.78
1788413040000,2026-09-03T05:24:00Z,3.83,3.83,3.83,3.83,2304,8824.32
1788413100000,2026-09-03T05:25:00Z,3.84,3.84,3.83,3.83,8510,32658.4
1788413160000,2026-09-03T05:26:00Z,3.84,3.84,3.82,3.83,3730,14261.9
1788413220000,2026-09-03T05:27:00Z,3.83,3.83,3.83,3.83,3663,14029.29
1788413340000,2026-09-03T05:29:00Z,3.83,3.83,3.83,3.83,710,2719.3
1788413400000,2026-09-03T05:30:00Z,3.82,3.84,3.82,3.84,11757,45071.08
1788413460000,2026-09-03T05:31:00Z,3.83,3.83,3.83,3.83,100,383
1788413520000,2026-09-03T05:32:00Z,3.83,3.83,3.83,3.83,746,2857.18
1788413580000,2026-09-03T05:33:00Z,3.83,3.83,3.83,3.83,3144,12041.52
1788414000000,2026-09-03T05:40:00Z,3.84,3.84,3.84,3.84,1239,4757.76
1788414060000,2026-09-03T05:41:00Z,3.84,3.84,3.84,3.84,200,768
1788414120000,2026-09-03T05:42:00Z,3.83,3.83,3.83,3.83,10061,38533.63
1788414300000,2026-09-03T05:45:00Z,3.83,3.84,3.83,3.83,15845,60708.35
1788414360000,2026-09-03T05:46:00Z,3.83,3.83,3.83,3.83,10,38.3
1788414420000,2026-09-03T05:47:00Z,3.83,3.83,3.83,3.83,10,38.3
1788414480000,2026-09-03T05:48:00Z,3.83,3.83,3.83,3.83,2980,11413.4
1788414540000,2026-09-03T05:49:00Z,3.83,3.83,3.83,3.83,436,1669.88
1788414600000,2026-09-03T05:50:00Z,3.82,3.82,3.81,3.82,15564,59424.48
1788414660000,2026-09-03T05:51:00Z,3.82,3.82,3.82,3.82,20,76.4
1788414780000,2026-09-03T05:53:00Z,3.82,3.82,3.82,3.82,560,2139.2
1788415440000,2026-09-03T06:04:00Z,3.83,3.83,3.83,3.83,3071,11761.93
1788415500000,2026-09-03T06:05:00Z,3.83,3.83,3.83,3.83,10,38.3
1788415680000,2026-09-03T06:08:00Z,3.82,3.82,3.81,3.82,11267,42956.27
1788415860000,2026-09-03T06:11:00Z,3.81,3.81,3.81,3.81,47,179.07
1788415920000,2026-09-03T06:12:00Z,3.81,3.83,3.81,3.83,191,728.73
1788415980000,2026-09-03T06:13:00Z,3.83,3.83,3.83,3.83,770,2949.1
1788416040000,2026-09-03T06:14:00Z,3.83,3.83,3.83,3.83,240,919.2
1788416100000,2026-09-03T06:15:00Z,3.81,3.81,3.81,3.81,8866,33779.46
1788416160000,2026-09-03T06:16:00Z,3.81,3.81,3.81,3.81,95,361.95
1788416280000,2026-09-03T06:18:00Z,3.81,3.81,3.81,3.81,50,190.5
1788416340000,2026-09-03T06:19:00Z,3.81,3.81,3.81,3.81,62,236.22
1788416700000,2026-09-03T06:25:00Z,3.81,3.81,3.81,3.81,280,1066.8
1788417120000,2026-09-03T06:32:00Z,3.83,3.83,3.83,3.83,93,356.19
1788417180000,2026-09-03T06:33:00Z,3.83,3.83,3.83,3.83,88,337.04
1788417240000,2026-09-03T06:34:00Z,3.81,3.81,3.81,3.81,50,190.5
1788417360000,2026-09-03T06:36:00Z,3.85,3.86,3.85,3.85,51,196.36
1788417480000,2026-09-03T06:38:00Z,3.85,3.85,3.85,3.85,15,57.75
1788417540000,2026-09-03T06:39:00Z,3.84,3.84,3.84,3.84,1000,3840
1788417660000,2026-09-03T06:41:00Z,3.84,3.84,3.84,3.84,1,3.84
1788417840000,2026-09-03T06:44:00Z,3.84,3.84,3.84,3.84,500,1920
1788418020000,2026-09-03T06:47:00Z,3.85,3.85,3.85,3.85,27,103.95
1788418140000,2026-09-03T06:49:00Z,3.83,3.83,3.83,3.83,70,268.1
1788418500000,2026-09-03T06:55:00Z,3.86,3.86,3.86,3.86,285,1100.1
1788418680000,2026-09-03T06:58:00Z,3.83,3.83,3.83,3.83,520,1991.6
1788418740000,2026-09-03T06:59:00Z,3.84,3.84,3.84,3.84,100,384
1788418800000,2026-09-03T07:00:00Z,3.84,3.84,3.84,3.84,570,2188.8
1788419040000,2026-09-03T07:04:00Z,3.84,3.84,3.84,3.84,285,1094.4
1788419100000,2026-09-03T07:05:00Z,3.84,3.84,3.84,3.84,10,38.4
1788419280000,2026-09-03T07:08:00Z,3.84,3.84,3.84,3.84,211,810.24
1788419340000,2026-09-03T07:09:00Z,3.85,3.85,3.85,3.85,5000,19250
1788419460000,2026-09-03T07:11:00Z,3.85,3.85,3.85,3.85,600,2310
1788419520000,2026-09-03T07:12:00Z,3.85,3.85,3.85,3.85,135,519.75
1788419580000,2026-09-03T07:13:00Z,3.84,3.84,3.83,3.84,5492,21084.57
1788419640000,2026-09-03T07:14:00Z,3.84,3.84,3.84,3.84,25,96
1788419760000,2026-09-03T07:16:00Z,3.83,3.83,3.83,3.83,303,1160.49
1788420000000,2026-09-03T07:20:00Z,3.84,3.84,3.84,3.84,1000,3840
1788420060000,2026-09-03T07:21:00Z,3.84,3.85,3.84,3.85,3376,12987.6
1788420660000,2026-09-03T07:31:00Z,3.82,3.82,3.82,3.82,8,30.56
1788420780000,2026-09-03T07:33:00Z,3.84,3.84,3.84,3.84,35,134.4
1788420840000,2026-09-03T07:34:00Z,3.84,3.84,3.84,3.84,100,384
1788421140000,2026-09-03T07:39:00Z,3.84,3.84,3.84,3.84,20,76.8
1788421440000,2026-09-03T07:44:00Z,3.84,3.84,3.84,3.84,200,768
1788421620000,2026-09-03T07:47:00Z,3.82,3.82,3.82,3.82,5,19.1
1788422040000,2026-09-03T07:54:00Z,3.85,3.85,3.84,3.84,1050,4032.03
1788422340000,2026-09-03T07:59:00Z,3.84,3.84,3.83,3.83,857,3284.31
1788422400000,2026-09-03T08:00:00Z,3.869,3.869,3.841,3.841,214005.699223,823065.919211658
1788422460000,2026-09-03T08:01:00Z,3.839,3.839,3.835,3.835,90648,347734.7928
1788422520000,2026-09-03T08:02:00Z,3.835,3.84,3.83,3.837,20332,78011.8508
1788422580000,2026-09-03T08:03:00Z,3.838,3.844,3.837,3.837,33224,127669.8648
1788422640000,2026-09-03T08:04:00Z,3.836,3.836,3.835,3.835,1195.51,4584.78085
1788422700000,2026-09-03T08:05:00Z,3.835,3.835,3.835,3.835,279,1069.965
1788422760000,2026-09-03T08:06:00Z,3.835,3.835,3.835,3.835,5231,20060.885
1788422820000,2026-09-03T08:07:00Z,3.835,3.835,3.835,3.835,3945,15129.075
1788422880000,2026-09-03T08:08:00Z,3.835,3.835,3.834,3.834,2220,8512.812
1788422940000,2026-09-03T08:09:00Z,3.833,3.833,3.825,3.825,11266,43094.7032
1788423000000,2026-09-03T08:10:00Z,3.825,3.825,3.825,3.825,0,0
1788423060000,2026-09-03T08:11:00Z,3.825,3.825,3.825,3.825,9900,37867.5
1788423120000,2026-09-03T08:12:00Z,3.825,3.84,3.825,3.825,5672,21695.4
1788423180000,2026-09-03T08:13:00Z,3.827,3.84,3.827,3.835,360,1382.4
1788423240000,2026-09-03T08:14:00Z,3.835,3.835,3.835,3.835,2525,9683.375
1788423300000,2026-09-03T08:15:00Z,3.83,3.835,3.82,3.829,15144,58077.24
1788423360000,2026-09-03T08:16:00Z,3.828,3.828,3.825,3.825,433,1656.5714
1788423420000,2026-09-03T08:17:00Z,3.82,3.829,3.82,3.826,360,1375.2
1788423480000,2026-09-03T08:18:00Z,3.825,3.825,3.825,3.825,0,0
1788423540000,2026-09-03T08:19:00Z,3.825,3.825,3.825,3.825,0,0
1788423660000,2026-09-03T08:21:00Z,3.81,3.825,3.81,3.825,2945,11264.625
1788423720000,2026-09-03T08:22:00Z,3.825,3.825,3.825,3.825,0,0
1788423840000,2026-09-03T08:24:00Z,3.825,3.825,3.825,3.825,104,397.8
1788423900000,2026-09-03T08:25:00Z,3.825,3.825,3.825,3.825,0,0
1788424020000,2026-09-03T08:27:00Z,3.825,3.825,3.82,3.825,2360,9017
1788424080000,2026-09-03T08:28:00Z,3.825,3.825,3.825,3.825,99,378.675
1788424140000,2026-09-03T08:29:00Z,3.825,3.828,3.825,3.828,5690,21772.216
1788424200000,2026-09-03T08:30:00Z,3.84,3.84,3.829,3.832,2063,7900.2585
1788424260000,2026-09-03T08:31:00Z,3.833,3.835,3.83,3.835,2840,10891.4
1788424320000,2026-09-03T08:32:00Z,3.835,3.835,3.835,3.835,5561,21326.435
1788424380000,2026-09-03T08:33:00Z,3.835,3.835,3.831,3.831,0,0
1788424560000,2026-09-03T08:36:00Z,3.83,3.83,3.83,3.83,2,7.66
1788424620000,2026-09-03T08:37:00Z,3.83,3.83,3.83,3.83,721,2761.43
1788424680000,2026-09-03T08:38:00Z,3.83,3.83,3.83,3.83,660,2527.8
1788424740000,2026-09-03T08:39:00Z,3.83,3.83,3.83,3.83,1610,6166.3
1788424800000,2026-09-03T08:40:00Z,3.83,3.83,3.83,3.83,25,95.75
1788424860000,2026-09-03T08:41:00Z,3.83,3.83,3.83,3.83,127,486.41
1788424920000,2026-09-03T08:42:00Z,3.83,3.83,3.83,3.83,0,0
1788425040000,2026-09-03T08:44:00Z,3.831,3.834,3.831,3.834,0,0
1788425220000,2026-09-03T08:47:00Z,3.835,3.835,3.835,3.835,0,0
1788425280000,2026-09-03T08:48:00Z,3.83,3.835,3.83,3.831,10017.52,38414.183944
1788425340000,2026-09-03T08:49:00Z,3.831,3.831,3.83,3.83,1670,6396.1
1788425400000,2026-09-03T08:50:00Z,3.83,3.833,3.83,3.833,3424,13113.92
1788425460000,2026-09-03T08:51:00Z,3.834,3.835,3.834,3.835,18,69.0228
1788425520000,2026-09-03T08:52:00Z,3.835,3.835,3.835,3.835,700,2684.5
1788425580000,2026-09-03T08:53:00Z,3.835,3.835,3.835,3.835,16,61.36
1788425640000,2026-09-03T08:54:00Z,3.835,3.835,3.835,3.835,697,2672.995
1788425700000,2026-09-03T08:55:00Z,3.835,3.835,3.835,3.835,0,0
1788425820000,2026-09-03T08:57:00Z,3.835,3.835,3.835,3.835,0,0
1788425940000,2026-09-03T08:59:00Z,3.835,3.84,3.835,3.835,720,2764.8
1788426060000,2026-09-03T09:01:00Z,3.835,3.835,3.835,3.835,11700,44869.5
1788426120000,2026-09-03T09:02:00Z,3.83,3.835,3.83,3.835,795,3048.825
1788426180000,2026-09-03T09:03:00Z,3.84,3.84,3.835,3.835,720,2764.8
1788426240000,2026-09-03T09:04:00Z,3.833,3.833,3.828,3.828,1500,5749.5
1788426300000,2026-09-03T09:05:00Z,3.827,3.827,3.825,3.825,2780,10634.334
1788426360000,2026-09-03T09:06:00Z,3.825,3.825,3.825,3.825,275,1051.875
1788426420000,2026-09-03T09:07:00Z,3.825,3.84,3.825,3.825,660,2524.5
1788426480000,2026-09-03T09:08:00Z,3.825,3.825,3.825,3.825,0,0
1788426540000,2026-09-03T09:09:00Z,3.83,3.83,3.83,3.83,720,2757.6
1788426660000,2026-09-03T09:11:00Z,3.827,3.833,3.827,3.833,60,229.62
1788426720000,2026-09-03T09:12:00Z,3.834,3.834,3.834,3.834,0,0
1788426780000,2026-09-03T09:13:00Z,3.835,3.835,3.835,3.835,604,2316.34
1788426840000,2026-09-03T09:14:00Z,3.835,3.835,3.835,3.835,0,0
1788426960000,2026-09-03T09:16:00Z,3.835,3.835,3.835,3.835,182,697.97
1788427020000,2026-09-03T09:17:00Z,3.835,3.835,3.835,3.835,0,0
1788427140000,2026-09-03T09:19:00Z,3.835,3.835,3.835,3.835,0,0
1788427260000,2026-09-03T09:21:00Z,3.835,3.835,3.835,3.835,4621,17721.535
1788427320000,2026-09-03T09:22:00Z,3.835,3.835,3.835,3.835,14,53.69
1788427380000,2026-09-03T09:23:00Z,3.835,3.835,3.835,3.835,30,115.05
1788427440000,2026-09-03T09:24:00Z,3.835,3.835,3.835,3.835,0,0
1788427560000,2026-09-03T09:26:00Z,3.835,3.835,3.835,3.835,50,191.75
1788427680000,2026-09-03T09:28:00Z,3.835,3.835,3.835,3.835,648,2485.08
1788427740000,2026-09-03T09:29:00Z,3.835,3.835,3.835,3.835,836,3206.06
1788427800000,2026-09-03T09:30:00Z,3.835,3.835,3.835,3.835,1,3.835
1788427860000,2026-09-03T09:31:00Z,3.835,3.835,3.835,3.835,33,126.555
1788427920000,2026-09-03T09:32:00Z,3.835,3.835,3.835,3.835,0,0
1788428220000,2026-09-03T09:37:00Z,3.835,3.835,3.835,3.835,0,0
1788428280000,2026-09-03T09:38:00Z,3.835,3.835,3.835,3.835,0,0
1788428460000,2026-09-03T09:41:00Z,3.835,3.835,3.835,3.835,11250,43143.75
1788428580000,2026-09-03T09:43:00Z,3.835,3.835,3.835,3.835,0,0
1788428640000,2026-09-03T09:44:00Z,3.835,3.835,3.835,3.835,50,191.75
1788428700000,2026-09-03T09:45:00Z,3.835,3.835,3.835,3.835,15100,57908.5
1788428760000,2026-09-03T09:46:00Z,3.835,3.84,3.82,3.835,85503,327904.005
1788428820000,2026-09-03T09:47:00Z,3.835,3.835,3.835,3.835,0,0
1788428880000,2026-09-03T09:48:00Z,3.835,3.835,3.835,3.835,50,191.75
1788428940000,2026-09-03T09:49:00Z,3.835,3.835,3.835,3.835,0,0
1788429060000,2026-09-03T09:51:00Z,3.835,3.835,3.835,3.835,644,2469.74
1788429180000,2026-09-03T09:53:00Z,3.835,3.835,3.835,3.835,0,0
1788429240000,2026-09-03T09:54:00Z,3.835,3.835,3.835,3.835,0,0
1788429360000,2026-09-03T09:56:00Z,3.833,3.833,3.827,3.829,14709,56319.2901
1788429420000,2026-09-03T09:57:00Z,3.829,3.829,3.829,3.829,0,0
1788429480000,2026-09-03T09:58:00Z,3.831,3.834,3.831,3.831,0,0
1788429540000,2026-09-03T09:59:00Z,3.829,3.829,3.826,3.826,1000,3829
1788429600000,2026-09-03T10:00:00Z,3.826,3.826,3.825,3.825,0,0
1788429720000,2026-09-03T10:02:00Z,3.825,3.825,3.825,3.825,0,0
1788429840000,2026-09-03T10:04:00Z,3.825,3.825,3.825,3.825,50,191.25
1788429900000,2026-09-03T10:05:00Z,3.825,3.825,3.825,3.825,118,451.35
1788429960000,2026-09-03T10:06:00Z,3.825,3.825,3.825,3.825,21,80.325
1788430020000,2026-09-03T10:07:00Z,3.825,3.825,3.825,3.825,0,0
1788430080000,2026-09-03T10:08:00Z,3.825,3.825,3.825,3.825,0,0
1788430140000,2026-09-03T10:09:00Z,3.825,3.825,3.825,3.825,2,7.65
1788430200000,2026-09-03T10:10:00Z,3.825,3.825,3.825,3.825,24,91.8
1788430260000,2026-09-03T10:11:00Z,3.825,3.825,3.825,3.825,0,0
1788430440000,2026-09-03T10:14:00Z,3.825,3.825,3.825,3.825,0,0
1788430620000,2026-09-03T10:17:00Z,3.825,3.825,3.825,3.825,0,0
1788430680000,2026-09-03T10:18:00Z,3.825,3.825,3.825,3.825,0,0
1788430800000,2026-09-03T10:20:00Z,3.825,3.825,3.825,3.825,100,382.5
1788430860000,2026-09-03T10:21:00Z,3.825,3.825,3.825,3.825,958,3664.35
1788430920000,2026-09-03T10:22:00Z,3.825,3.825,3.825,3.825,1500,5737.5
1788430980000,2026-09-03T10:23:00Z,3.825,3.825,3.825,3.825,735,2811.375
1788431040000,2026-09-03T10:24:00Z,3.825,3.825,3.825,3.825,119.149724,455.7476943
1788431100000,2026-09-03T10:25:00Z,3.825,3.825,3.825,3.825,0,0
1788431340000,2026-09-03T10:29:00Z,3.84,3.84,3.825,3.825,200,768
1788431460000,2026-09-03T10:31:00Z,3.825,3.825,3.825,3.825,330,1262.25
1788431580000,2026-09-03T10:33:00Z,3.825,3.825,3.825,3.825,0,0
1788431640000,2026-09-03T10:34:00Z,3.84,3.84,3.825,3.825,500,1920
1788431700000,2026-09-03T10:35:00Z,3.825,3.825,3.825,3.825,0,0
1788431820000,2026-09-03T10:37:00Z,3.825,3.825,3.825,3.825,0,0
1788431880000,2026-09-03T10:38:00Z,3.825,3.825,3.825,3.825,0,0
1788432180000,2026-09-03T10:43:00Z,3.825,3.825,3.825,3.825,50,191.25
1788432240000,2026-09-03T10:44:00Z,3.825,3.825,3.825,3.825,0,0
1788432300000,2026-09-03T10:45:00Z,3.825,3.825,3.825,3.825,7.94,30.3705
1788432360000,2026-09-03T10:46:00Z,3.825,3.825,3.825,3.825,2077,7944.525
1788432420000,2026-09-03T10:47:00Z,3.825,3.825,3.825,3.825,0,0
1788432480000,2026-09-03T10:48:00Z,3.825,3.825,3.825,3.825,0,0
1788432540000,2026-09-03T10:49:00Z,3.825,3.825,3.825,3.825,1,3.825
1788432600000,2026-09-03T10:50:00Z,3.825,3.825,3.825,3.825,0,0
1788432720000,2026-09-03T10:52:00Z,3.835,3.835,3.825,3.825,209,799.425
1788432780000,2026-09-03T10:53:00Z,3.825,3.825,3.825,3.825,2208.730628,8448.3946521
1788432840000,2026-09-03T10:54:00Z,3.825,3.825,3.825,3.825,0,0
1788432960000,2026-09-03T10:56:00Z,3.825,3.825,3.825,3.825,5010,19163.25
1788433020000,2026-09-03T10:57:00Z,3.825,3.825,3.825,3.825,160,612
1788433080000,2026-09-03T10:58:00Z,3.825,3.825,3.825,3.825,0,0
1788433140000,2026-09-03T10:59:00Z,3.825,3.825,3.825,3.825,2726,10426.95
1788433200000,2026-09-03T11:00:00Z,3.84,3.84,3.815,3.815,163801.960732,626313.1770548752
1788433260000,2026-09-03T11:01:00Z,3.815,3.815,3.815,3.815,10457.261834,39894.45389671
1788433320000,2026-09-03T11:02:00Z,3.815,3.815,3.815,3.815,25810,98465.15
1788433380000,2026-09-03T11:03:00Z,3.815,3.815,3.815,3.815,10711.618349,40864.824001435
1788433440000,2026-09-03T11:04:00Z,3.815,3.815,3.815,3.815,8426,32145.19
1788433500000,2026-09-03T11:05:00Z,3.815,3.815,3.815,3.815,6186,23599.59
1788433560000,2026-09-03T11:06:00Z,3.815,3.815,3.815,3.815,3231,12326.265
1788433620000,2026-09-03T11:07:00Z,3.815,3.815,3.815,3.815,39464,150555.16
1788433680000,2026-09-03T11:08:00Z,3.815,3.815,3.815,3.815,1345,5131.175
1788433740000,2026-09-03T11:09:00Z,3.815,3.815,3.815,3.815,5289,20177.535
1788433800000,2026-09-03T11:10:00Z,3.815,3.815,3.815,3.815,5695,21726.425
1788433860000,2026-09-03T11:11:00Z,3.815,3.82,3.81,3.815,13539,51651.285
1788433920000,2026-09-03T11:12:00Z,3.815,3.819,3.815,3.819,33881.309174,129257.19449881
1788433980000,2026-09-03T11:13:00Z,3.821,3.825,3.821,3.825,6781,25935.9688
1788434040000,2026-09-03T11:14:00Z,3.825,3.825,3.825,3.825,7747.344715,29633.593534875
1788434100000,2026-09-03T11:15:00Z,3.825,3.825,3.825,3.825,1226.114905,4689.889511625
1788434160000,2026-09-03T11:16:00Z,3.825,3.825,3.825,3.825,16150.5718,61775.937135
1788434220000,2026-09-03T11:17:00Z,3.825,3.825,3.825,3.825,31734,121382.55
1788434280000,2026-09-03T11:18:00Z,3.825,3.825,3.825,3.825,6257,23933.025
1788434340000,2026-09-03T11:19:00Z,3.825,3.825,3.825,3.825,10090,38594.25
1788434400000,2026-09-03T11:20:00Z,3.825,3.825,3.825,3.825,8155,31192.875
1788434460000,2026-09-03T11:21:00Z,3.825,3.825,3.825,3.825,6425.460042,24577.38466065
1788434520000,2026-09-03T11:22:00Z,3.825,3.825,3.825,3.825,7578,28985.85
1788434580000,2026-09-03T11:23:00Z,3.825,3.825,3.825,3.825,7586,29016.45
1788434640000,2026-09-03T11:24:00Z,3.825,3.825,3.825,3.825,5056,19339.2
1788434700000,2026-09-03T11:25:00Z,3.825,3.825,3.825,3.825,6257.260346,23934.02082345
1788434760000,2026-09-03T11:26:00Z,3.825,3.825,3.825,3.825,6200,23715
1788434820000,2026-09-03T11:27:00Z,3.825,3.825,3.825,3.825,6227.985793,23822.045658225
1788434880000,2026-09-03T11:28:00Z,3.825,3.825,3.825,3.825,1546,5913.45
1788434940000,2026-09-03T11:29:00Z,3.825,3.825,3.825,3.825,348,1331.1
1788435000000,2026-09-03T11:30:00Z,3.825,3.825,3.825,3.825,12281.2242,46975.682565
1788435060000,2026-09-03T11:31:00Z,3.825,3.825,3.825,3.825,1781,6812.325
1788435120000,2026-09-03T11:32:00Z,3.825,3.825,3.825,3.825,230.060051,879.979695075
1788435180000,2026-09-03T11:33:00Z,3.825,3.825,3.825,3.825,1140,4360.5
1788435240000,2026-09-03T11:34:00Z,3.825,3.825,3.825,3.825,11738.548411,44899.947672075
1788435300000,2026-09-03T11:35:00Z,3.825,3.825,3.825,3.825,1642,6280.65
1788435360000,2026-09-03T11:36:00Z,3.825,3.825,3.825,3.825,1971.697127,7541.741510775
1788435420000,2026-09-03T11:37:00Z,3.825,3.825,3.825,3.825,957.741514,3663.36129105
1788435480000,2026-09-03T11:38:00Z,3.825,3.825,3.825,3.825,52460,200659.5
1788435540000,2026-09-03T11:39:00Z,3.825,3.825,3.825,3.825,10339,39546.675
1788435600000,2026-09-03T11:40:00Z,3.825,3.83,3.81,3.825,27861,106568.325
1788435660000,2026-09-03T11:41:00Z,3.825,3.825,3.825,3.825,12172.057347,46558.119352275
1788435720000,2026-09-03T11:42:00Z,3.825,3.825,3.825,3.825,151,577.575
1788435780000,2026-09-03T11:43:00Z,3.825,3.825,3.825,3.825,404,1545.3
1788435840000,2026-09-03T11:44:00Z,3.825,3.825,3.825,3.825,1828,6992.1
1788435900000,2026-09-03T11:45:00Z,3.825,3.825,3.825,3.825,1328,5079.6
1788435960000,2026-09-03T11:46:00Z,3.825,3.825,3.825,3.825,1905,7286.625
1788436020000,2026-09-03T11:47:00Z,3.825,3.825,3.825,3.825,11444,43773.3
1788436080000,2026-09-03T11:48:00Z,3.825,3.825,3.825,3.825,4258,16286.85
1788436140000,2026-09-03T11:49:00Z,3.825,3.825,3.825,3.825,410,1568.25
1788436200000,2026-09-03T11:50:00Z,3.825,3.825,3.825,3.825,1072,4100.4
1788436260000,2026-09-03T11:51:00Z,3.825,3.825,3.825,3.825,5210,19928.25
1788436320000,2026-09-03T11:52:00Z,3.825,3.825,3.825,3.825,1363,5213.475
1788436380000,2026-09-03T11:53:00Z,3.825,3.825,3.81,3.81,44282.709677,169244.0881145263
1788436440000,2026-09-03T11:54:00Z,3.815,3.815,3.815,3.815,41886,159795.09
1788436500000,2026-09-03T11:55:00Z,3.815,3.815,3.815,3.815,12514,47740.91
1788436560000,2026-09-03T11:56:00Z,3.815,3.815,3.815,3.815,9183,35033.145
1788436620000,2026-09-03T11:57:00Z,3.815,3.815,3.8,3.815,83712.092854,319361.63423801
1788436680000,2026-09-03T11:58:00Z,3.815,3.815,3.815,3.815,2727,10403.505
1788436740000,2026-09-03T11:59:00Z,3.815,3.815,3.815,3.815,5282,20150.83
1788436800000,2026-09-03T12:00:00Z,3.815,3.815,3.815,3.815,2103,8022.945
1788436860000,2026-09-03T12:01:00Z,3.815,3.815,3.815,3.815,1735.630701,6621.431124315
1788436920000,2026-09-03T12:02:00Z,3.815,3.815,3.815,3.815,5326,20318.69
1788436980000,2026-09-03T12:03:00Z,3.815,3.815,3.815,3.815,9467,36116.605
1788437040000,2026-09-03T12:04:00Z,3.815,3.815,3.815,3.815,10201,38916.815
1788437100000,2026-09-03T12:05:00Z,3.815,3.815,3.815,3.815,19784,75475.96
1788437160000,2026-09-03T12:06:00Z,3.815,3.815,3.815,3.815,14456,55149.64
1788437220000,2026-09-03T12:07:00Z,3.815,3.815,3.815,3.815,11021,42045.115
1788437280000,2026-09-03T12:08:00Z,3.815,3.815,3.815,3.815,17473.55027,66661.59428005
1788437340000,2026-09-03T12:09:00Z,3.815,3.815,3.815,3.815,14905,56862.575
1788437400000,2026-09-03T12:10:00Z,3.815,3.815,3.815,3.815,16288,62138.72
1788437460000,2026-09-03T12:11:00Z,3.815,3.82,3.815,3.815,6747,25739.805
1788437520000,2026-09-03T12:12:00Z,3.82,3.82,3.796,3.796,222324.177965,847477.5339847835
1788437580000,2026-09-03T12:13:00Z,3.796,3.796,3.795,3.795,24320.999203,92305.4882751459
1788437640000,2026-09-03T12:14:00Z,3.795,3.795,3.795,3.795,26852.79,101906.33805
1788437700000,2026-09-03T12:15:00Z,3.795,3.795,3.795,3.795,61459.354736,233238.25122312
1788437760000,2026-09-03T12:16:00Z,3.795,3.81,3.795,3.795,18226.632133,69170.068944735
1788437820000,2026-09-03T12:17:00Z,3.795,3.795,3.795,3.795,11582.420193,43955.284632435
1788437880000,2026-09-03T12:18:00Z,3.795,3.795,3.795,3.795,11611,44063.745
1788437940000,2026-09-03T12:19:00Z,3.795,3.805,3.79,3.805,32912.756482,124956.5712595612
1788438000000,2026-09-03T12:20:00Z,3.805,3.805,3.805,3.805,6279.787566,23894.59168863
1788438060000,2026-09-03T12:21:00Z,3.805,3.805,3.805,3.805,9620,36604.1
1788438120000,2026-09-03T12:22:00Z,3.805,3.805,3.805,3.805,9528,36254.04
1788438180000,2026-09-03T12:23:00Z,3.805,3.805,3.805,3.805,9261,35238.105
1788438240000,2026-09-03T12:24:00Z,3.805,3.805,3.805,3.805,13437.872207,51131.103747635
1788438300000,2026-09-03T12:25:00Z,3.805,3.805,3.805,3.805,8770,33369.85
1788438360000,2026-09-03T12:26:00Z,3.805,3.805,3.805,3.805,11107.125903,42262.614060915
1788438420000,2026-09-03T12:27:00Z,3.805,3.805,3.805,3.805,24328,92568.04
1788438480000,2026-09-03T12:28:00Z,3.805,3.805,3.805,3.805,16985.502464,64629.83687552
1788438540000,2026-09-03T12:29:00Z,3.805,3.805,3.805,3.805,19506.125903,74220.809060915
1788438600000,2026-09-03T12:30:00Z,3.805,3.81,3.805,3.805,43241.252019,164532.963932295
1788438660000,2026-09-03T12:31:00Z,3.805,3.81,3.805,3.808,59962.575132,228241.5459824448
1788438720000,2026-09-03T12:32:00Z,3.809,3.815,3.809,3.815,23337,88923.3048
1788438780000,2026-09-03T12:33:00Z,3.815,3.815,3.815,3.815,9291,35445.165
1788438840000,2026-09-03T12:34:00Z,3.815,3.815,3.81,3.81,13445,51292.675
1788438900000,2026-09-03T12:35:00Z,3.815,3.815,3.81,3.815,17087.079286,65187.20747609
1788438960000,2026-09-03T12:36:00Z,3.815,3.82,3.815,3.815,20054,76506.01
1788439020000,2026-09-03T12:37:00Z,3.815,3.815,3.81,3.815,14883.036568,56778.78450692
1788439080000,2026-09-03T12:38:00Z,3.815,3.82,3.805,3.805,45826.236698,174772.1015188324
1788439140000,2026-09-03T12:39:00Z,3.805,3.805,3.805,3.805,56116,213521.38
1788439200000,2026-09-03T12:40:00Z,3.805,3.805,3.805,3.805,23105,87914.525
1788439260000,2026-09-03T12:41:00Z,3.805,3.805,3.805,3.805,15414.186,58650.97773
1788439320000,2026-09-03T12:42:00Z,3.805,3.805,3.805,3.805,63715,242435.575
1788439380000,2026-09-03T12:43:00Z,3.805,3.805,3.805,3.805,18115,68927.575
1788439440000,2026-09-03T12:44:00Z,3.805,3.805,3.805,3.805,45740.274624,174041.74494432
1788439500000,2026-09-03T12:45:00Z,3.805,3.805,3.805,3.805,14193,54004.365
1788439560000,2026-09-03T12:46:00Z,3.805,3.82,3.805,3.805,23867,90813.935
1788439620000,2026-09-03T12:47:00Z,3.805,3.805,3.805,3.805,21160,80513.8
1788439680000,2026-09-03T12:48:00Z,3.805,3.805,3.805,3.805,16517,62847.185
1788439740000,2026-09-03T12:49:00Z,3.805,3.805,3.805,3.805,16506.216055,62806.152089275
1788439800000,2026-09-03T12:50:00Z,3.805,3.805,3.805,3.805,17406,66229.83
1788439860000,2026-09-03T12:51:00Z,3.805,3.805,3.805,3.805,12449,47368.445
1788439920000,2026-09-03T12:52:00Z,3.805,3.82,3.805,3.813,62951,239541.1452
1788439980000,2026-09-03T12:53:00Z,3.813,3.815,3.813,3.815,16009,61071.1332
1788440040000,2026-09-03T12:54:00Z,3.815,3.815,3.815,3.815,14065.120327,53658.434047505
1788440100000,2026-09-03T12:55:00Z,3.815,3.815,3.815,3.815,18991,72450.665
1788440160000,2026-09-03T12:56:00Z,3.815,3.82,3.815,3.815,15272.818546,58265.80275299
1788440220000,2026-09-03T12:57:00Z,3.815,3.82,3.81,3.815,25319,96591.985
1788440280000,2026-09-03T12:58:00Z,3.81,3.815,3.81,3.815,9111,34758.465
1788440340000,2026-09-03T12:59:00Z,3.815,3.815,3.81,3.815,14229.339267,54284.929303605
1788440400000,2026-09-03T13:00:00Z,3.815,3.82,3.8,3.815,14716.545873,56143.622505495
1788440460000,2026-09-03T13:01:00Z,3.815,3.82,3.8,3.815,16929,64584.135
1788440520000,2026-09-03T13:02:00Z,3.815,3.82,3.805,3.805,60393.855607,230354.2440562194
1788440580000,2026-09-03T13:03:00Z,3.805,3.805,3.805,3.805,15418.775906,58668.44232233
1788440640000,2026-09-03T13:04:00Z,3.805,3.805,3.805,3.805,16094,61237.67
1788440700000,2026-09-03T13:05:00Z,3.805,3.805,3.805,3.805,18004,68505.22
1788440760000,2026-09-03T13:06:00Z,3.805,3.805,3.805,3.805,79943,304183.115
1788440820000,2026-09-03T13:07:00Z,3.805,3.805,3.805,3.805,20746.563057,78940.672431885
1788440880000,2026-09-03T13:08:00Z,3.805,3.805,3.805,3.805,10936,41611.48
1788440940000,2026-09-03T13:09:00Z,3.805,3.81,3.805,3.805,28492.377123,108413.494953015
1788441000000,2026-09-03T13:10:00Z,3.805,3.805,3.805,3.805,25471.560693,96919.288436865
1788441060000,2026-09-03T13:11:00Z,3.805,3.81,3.805,3.805,20104.109427,76496.136369735
1788441120000,2026-09-03T13:12:00Z,3.805,3.805,3.805,3.805,16051,61074.055
1788441180000,2026-09-03T13:13:00Z,3.805,3.805,3.805,3.805,25262,96121.91
1788441240000,2026-09-03T13:14:00Z,3.81,3.81,3.805,3.805,20771,79033.655
1788441300000,2026-09-03T13:15:00Z,3.805,3.805,3.805,3.805,10563.761409,40195.112161245
1788441360000,2026-09-03T13:16:00Z,3.805,3.805,3.805,3.805,5774.415013,21971.649124465
1788441420000,2026-09-03T13:17:00Z,3.805,3.805,3.805,3.805,1060.319631,4034.516195955
1788441480000,2026-09-03T13:18:00Z,3.805,3.805,3.805,3.805,8137.078923,30961.585302015
1788441540000,2026-09-03T13:19:00Z,3.805,3.805,3.805,3.805,117968.512968,448870.19184324
1788441600000,2026-09-03T13:20:00Z,3.805,3.805,3.805,3.805,5976.567535,22740.839470675
1788441660000,2026-09-03T13:21:00Z,3.805,3.805,3.8,3.805,97731.175698,371867.12353089
1788441720000,2026-09-03T13:22:00Z,3.803,3.803,3.795,3.795,22158.827671,84112.6939563489
1788441780000,2026-09-03T13:23:00Z,3.795,3.8,3.77,3.785,115039.828524,436403.589505794
1788441840000,2026-09-03T13:24:00Z,3.785,3.785,3.785,3.785,58291.737562,220634.22667217
1788441900000,2026-09-03T13:25:00Z,3.785,3.8,3.78,3.785,18275.173234,69171.53069069
1788441960000,2026-09-03T13:26:00Z,3.785,3.79,3.77,3.781,114081.598245,431776.033037676
1788442020000,2026-09-03T13:27:00Z,3.779,3.79,3.77,3.775,53178.554283,200759.6781291816
1788442080000,2026-09-03T13:28:00Z,3.775,3.78,3.77,3.775,46778.304601,176775.213087179
1788442140000,2026-09-03T13:29:00Z,3.775,3.782,3.77,3.782,72887.783595,275333.6025301125
1788442200000,2026-09-03T13:30:00Z,3.783,3.785,3.75,3.766,1514006.900573,5726731.1014173725
1788442260000,2026-09-03T13:31:00Z,3.766,3.78,3.755,3.77,591064.978046,2222877.1694353968
1788442320000,2026-09-03T13:32:00Z,3.771,3.78,3.765,3.765,239922.372411,904483.3517522289
1788442380000,2026-09-03T13:33:00Z,3.765,3.78,3.765,3.765,2715,10262.7
1788442440000,2026-09-03T13:34:00Z,3.765,3.77,3.74,3.765,606093.664846,2279518.273485806
1788442500000,2026-09-03T13:35:00Z,3.765,3.765,3.75,3.755,441071.268736,1657810.4706711296
1788442560000,2026-09-03T13:36:00Z,3.755,3.76,3.73,3.74,1152487.421037,4323556.5600203055
1788442620000,2026-09-03T13:37:00Z,3.739,3.745,3.73,3.74,452181.912653,1692878.6445903014
1788442680000,2026-09-03T13:38:00Z,3.743,3.75,3.73,3.735,580996.261111,2171938.3229112513
1788442740000,2026-09-03T13:39:00Z,3.735,3.735,3.73,3.735,387252.673562,1446388.73575407
1788442800000,2026-09-03T13:40:00Z,3.735,3.735,3.73,3.735,378643.733592,1414234.34496612
1788442860000,2026-09-03T13:41:00Z,3.735,3.74,3.72,3.73,257184.340299,960326.326676466
1788442920000,2026-09-03T13:42:00Z,3.729,3.74,3.725,3.725,637937.657406,2376509.1551345718
1788442980000,2026-09-03T13:43:00Z,3.725,3.73,3.725,3.725,232917.514057,867617.739862325
1788443040000,2026-09-03T13:44:00Z,3.725,3.73,3.705,3.725,421172.206575,1567855.656196095
1788443100000,2026-09-03T13:45:00Z,3.725,3.73,3.715,3.725,463342.860905,1725952.156871125
1788443160000,2026-09-03T13:46:00Z,3.725,3.75,3.725,3.745,305561.419922,1141027.4542727324
1788443220000,2026-09-03T13:47:00Z,3.745,3.75,3.745,3.745,254866.097357,954473.534601965
1788443280000,2026-09-03T13:48:00Z,3.745,3.76,3.74,3.745,398328.232359,1491739.230184455
1788443340000,2026-09-03T13:49:00Z,3.745,3.76,3.745,3.745,123002.557605,460644.578230725
1788443400000,2026-09-03T13:50:00Z,3.745,3.765,3.74,3.765,287181.086047,1078077.797020438
1788443460000,2026-09-03T13:51:00Z,3.765,3.765,3.75,3.765,208222.261109,783956.813075385
1788443520000,2026-09-03T13:52:00Z,3.765,3.77,3.745,3.755,309139.878954,1161376.6972543872
1788443580000,2026-09-03T13:53:00Z,3.755,3.77,3.755,3.765,449375.920712,1689518.6491009064
1788443640000,2026-09-03T13:54:00Z,3.765,3.79,3.765,3.772,476855.545474,1795599.556482347
1788443700000,2026-09-03T13:55:00Z,3.773,3.79,3.773,3.775,117487.230829,443490.7989333092
1788443760000,2026-09-03T13:56:00Z,3.775,3.79,3.775,3.775,139222.934952,525566.5794438
1788443820000,2026-09-03T13:57:00Z,3.775,3.79,3.775,3.775,180584.085822,681704.92397805
1788443880000,2026-09-03T13:58:00Z,3.775,3.79,3.775,3.778,288061.529688,1087518.6930311064
1788443940000,2026-09-03T13:59:00Z,3.779,3.8,3.76,3.774,299336.826767,1132151.7461981474
1788444000000,2026-09-03T14:00:00Z,3.772,3.772,3.765,3.765,72230.916889,271978.2944538406
1788444060000,2026-09-03T14:01:00Z,3.765,3.775,3.755,3.755,216902.455892,815531.5439083308
1788444120000,2026-09-03T14:02:00Z,3.755,3.76,3.755,3.755,62890.125815,236152.422435325
1788444180000,2026-09-03T14:03:00Z,3.755,3.76,3.755,3.755,79317.148656,297835.89320328
1788444240000,2026-09-03T14:04:00Z,3.755,3.78,3.755,3.755,244551.984428,919099.7230757524
1788444300000,2026-09-03T14:05:00Z,3.755,3.76,3.755,3.755,157582.068278,591720.66638389
1788444360000,2026-09-03T14:06:00Z,3.755,3.775,3.755,3.765,179562.779349,674599.4057362581
1788444420000,2026-09-03T14:07:00Z,3.765,3.78,3.76,3.775,122505.707681,461613.7571127761
1788444480000,2026-09-03T14:08:00Z,3.775,3.775,3.775,3.775,65810.535301,248434.770761275
1788444540000,2026-09-03T14:09:00Z,3.775,3.775,3.765,3.775,305945.519412,1154944.3357803
1788444600000,2026-09-03T14:10:00Z,3.775,3.775,3.75,3.75,110669.399288,417533.5096337664
1788444660000,2026-09-03T14:11:00Z,3.765,3.765,3.75,3.755,179614.01494,675276.850568424
1788444720000,2026-09-03T14:12:00Z,3.755,3.76,3.755,3.755,141859.145622,532681.09181061
1788444780000,2026-09-03T14:13:00Z,3.755,3.765,3.755,3.765,291478.850433,1095377.519927214
1788444840000,2026-09-03T14:14:00Z,3.765,3.77,3.765,3.765,143962.089717,542017.267784505
1788444900000,2026-09-03T14:15:00Z,3.765,3.765,3.76,3.76,62668.007281,235945.047412965
1788444960000,2026-09-03T14:16:00Z,3.765,3.765,3.76,3.76,6400,24064
1788445020000,2026-09-03T14:17:00Z,3.765,3.765,3.75,3.765,103635.07366,390186.0523299
1788445080000,2026-09-03T14:18:00Z,3.75,3.765,3.75,3.758,124427.109128,468318.7533359664
1788445140000,2026-09-03T14:19:00Z,3.757,3.757,3.755,3.755,52305.703022,196413.1454179122
1788445200000,2026-09-03T14:20:00Z,3.755,3.755,3.755,3.755,153629.665941,576879.395608455
1788445260000,2026-09-03T14:21:00Z,3.755,3.755,3.755,3.755,80270.438503,301415.496578765
1788445320000,2026-09-03T14:22:00Z,3.755,3.755,3.755,3.755,37068.326604,139191.56639802
1788445380000,2026-09-03T14:23:00Z,3.755,3.76,3.755,3.755,242847.696993,911893.102208715
1788445440000,2026-09-03T14:24:00Z,3.755,3.765,3.75,3.765,341149.151429,1282959.6137790403
1788445500000,2026-09-03T14:25:00Z,3.765,3.765,3.75,3.765,142007.819114,534659.43896421
1788445560000,2026-09-03T14:26:00Z,3.765,3.765,3.75,3.765,98516.2751,370913.7757515
1788445620000,2026-09-03T14:27:00Z,3.765,3.765,3.75,3.765,144363.88565,543530.02947225
1788445680000,2026-09-03T14:28:00Z,3.765,3.765,3.765,3.765,87441.67257,329217.89722605
1788445740000,2026-09-03T14:29:00Z,3.765,3.765,3.755,3.765,356828.283691,1343458.488096615
1788445800000,2026-09-03T14:30:00Z,3.765,3.765,3.76,3.765,200356.755384,754343.18402076
1788445860000,2026-09-03T14:31:00Z,3.765,3.765,3.76,3.765,95419.439258,359254.18880637
1788445920000,2026-09-03T14:32:00Z,3.765,3.765,3.765,3.765,51041.768268,192172.25752902
1788445980000,2026-09-03T14:33:00Z,3.765,3.78,3.76,3.765,128411.6366,483469.811799
1788446040000,2026-09-03T14:34:00Z,3.765,3.775,3.765,3.765,41808.757549,157409.972171985
1788446100000,2026-09-03T14:35:00Z,3.765,3.775,3.765,3.765,75891.449323,285731.306701095
1788446160000,2026-09-03T14:36:00Z,3.765,3.765,3.765,3.765,35461.149643,133511.228405895
1788446220000,2026-09-03T14:37:00Z,3.765,3.77,3.75,3.755,337220.269827,1269297.095628828
1788446280000,2026-09-03T14:38:00Z,3.755,3.755,3.755,3.755,154828.297477,581380.257026135
1788446340000,2026-09-03T14:39:00Z,3.755,3.755,3.745,3.755,34774.512009,130578.292593795
1788446400000,2026-09-03T14:40:00Z,3.755,3.755,3.74,3.74,67109.345409,251995.592010795
1788446460000,2026-09-03T14:41:00Z,3.755,3.755,3.74,3.755,55822.60362,209613.8765931
1788446520000,2026-09-03T14:42:00Z,3.755,3.755,3.745,3.755,57875.093434,217320.97584467
1788446580000,2026-09-03T14:43:00Z,3.755,3.755,3.755,3.755,59128.630026,222028.00574763
1788446640000,2026-09-03T14:44:00Z,3.755,3.755,3.745,3.755,61111.733243,229474.558327465
1788446700000,2026-09-03T14:45:00Z,3.755,3.755,3.745,3.755,40623.860864,152542.59754432
1788446760000,2026-09-03T14:46:00Z,3.755,3.755,3.755,3.755,56015.826267,210339.427632585
1788446820000,2026-09-03T14:47:00Z,3.755,3.755,3.745,3.755,144913.957715,544151.911219825
1788446880000,2026-09-03T14:48:00Z,3.755,3.765,3.75,3.765,237334.301645,892210.8401740485
1788446940000,2026-09-03T14:49:00Z,3.76,3.795,3.76,3.785,481953.699961,1816676.2766329934
1788447000000,2026-09-03T14:50:00Z,3.785,3.785,3.785,3.785,35499.022495,134363.800143575
1788447060000,2026-09-03T14:51:00Z,3.785,3.8,3.785,3.785,186877.425965,707331.057277525
1788447120000,2026-09-03T14:52:00Z,3.785,3.795,3.785,3.795,75329.511883,285122.202477155
1788447180000,2026-09-03T14:53:00Z,3.785,3.8,3.785,3.795,157456.445847,595972.647530895
1788447240000,2026-09-03T14:54:00Z,3.785,3.8,3.78,3.795,324381.578353,1229081.800379517
1788447300000,2026-09-03T14:55:00Z,3.795,3.795,3.795,3.795,74781.1618,283794.509031
1788447360000,2026-09-03T14:56:00Z,3.795,3.795,3.78,3.795,58729.3302,222877.808109
1788447420000,2026-09-03T14:57:00Z,3.795,3.795,3.78,3.795,63531.994254,241103.91819393
1788447480000,2026-09-03T14:58:00Z,3.795,3.795,3.78,3.795,66175.261495,251135.117373525
1788447540000,2026-09-03T14:59:00Z,3.795,3.795,3.78,3.795,64177.948943,243555.316238685
1788447600000,2026-09-03T15:00:00Z,3.795,3.795,3.795,3.795,52236.280096,198236.68296432
1788447660000,2026-09-03T15:01:00Z,3.795,3.795,3.78,3.795,44441,168653.595
1788447720000,2026-09-03T15:02:00Z,3.795,3.795,3.78,3.795,68176.926299,258731.435304705
1788447780000,2026-09-03T15:03:00Z,3.795,3.795,3.795,3.795,54883.325195,208282.219115025
1788447840000,2026-09-03T15:04:00Z,3.795,3.795,3.78,3.795,261226.78728,991355.6577276
1788447900000,2026-09-03T15:05:00Z,3.795,3.795,3.78,3.795,156986.635916,595764.28330122
1788447960000,2026-09-03T15:06:00Z,3.795,3.795,3.78,3.795,47693.448849,180996.638381955
1788448020000,2026-09-03T15:07:00Z,3.795,3.795,3.785,3.795,55672.89307,211278.62920065
1788448080000,2026-09-03T15:08:00Z,3.795,3.805,3.785,3.795,1127679.959521,4279545.446382195
1788448140000,2026-09-03T15:09:00Z,3.795,3.81,3.795,3.795,122634.994243,465399.803152185
1788448200000,2026-09-03T15:10:00Z,3.795,3.805,3.795,3.795,81378.11858,308829.9600111
1788448260000,2026-09-03T15:11:00Z,3.795,3.8,3.795,3.795,50180.538296,190435.14283332
1788448320000,2026-09-03T15:12:00Z,3.795,3.8,3.795,3.795,56268.141784,213537.59807028
1788448380000,2026-09-03T15:13:00Z,3.795,3.8,3.795,3.795,92068.512339,349400.004326505
1788448440000,2026-09-03T15:14:00Z,3.795,3.8,3.795,3.8,16266.861471,61732.739282445
1788448500000,2026-09-03T15:15:00Z,3.795,3.805,3.795,3.795,202713.93292,769299.3754314
1788448560000,2026-09-03T15:16:00Z,3.795,3.8,3.795,3.795,1008,3830.4
1788448620000,2026-09-03T15:17:00Z,3.795,3.805,3.795,3.795,45506.41643,172696.85035185
1788448680000,2026-09-03T15:18:00Z,3.795,3.805,3.78,3.785,193857.48446,734681.094606508
1788448740000,2026-09-03T15:19:00Z,3.785,3.79,3.785,3.79,108609.688329,411087.670325265
1788448800000,2026-09-03T15:20:00Z,3.785,3.79,3.785,3.785,41791.83039,158182.07802615
1788448860000,2026-09-03T15:21:00Z,3.785,3.79,3.785,3.785,39120.573946,148071.37238561
1788448920000,2026-09-03T15:22:00Z,3.79,3.79,3.785,3.785,40829.077237,154538.057342045
1788448980000,2026-09-03T15:23:00Z,3.785,3.785,3.785,3.785,26414.108775,99977.401713375
1788449040000,2026-09-03T15:24:00Z,3.785,3.79,3.765,3.783,532924.891607,2014882.4301877456
1788449100000,2026-09-03T15:25:00Z,3.783,3.785,3.783,3.785,43683.346331,165332.7291935688
1788449160000,2026-09-03T15:26:00Z,3.785,3.785,3.785,3.785,28346.767408,107292.51463928
1788449220000,2026-09-03T15:27:00Z,3.785,3.785,3.785,3.785,32794.22022,124126.1235327
1788449280000,2026-09-03T15:28:00Z,3.785,3.785,3.785,3.785,47512.841522,179836.10516077
1788449340000,2026-09-03T15:29:00Z,3.785,3.8,3.785,3.785,85440.820992,323393.50745472
1788449400000,2026-09-03T15:30:00Z,3.785,3.805,3.785,3.795,456627.021385,1729292.1926871335
1788449460000,2026-09-03T15:31:00Z,3.795,3.795,3.795,3.795,35546.538973,134899.115402535
1788449520000,2026-09-03T15:32:00Z,3.795,3.81,3.795,3.795,118761.145935,450698.548823325
1788449580000,2026-09-03T15:33:00Z,3.795,3.805,3.795,3.795,400,1522
1788449640000,2026-09-03T15:34:00Z,3.795,3.795,3.795,3.795,99571.291632,377873.05174344
1788449700000,2026-09-03T15:35:00Z,3.795,3.795,3.795,3.795,101212.667256,384102.07223652
1788449760000,2026-09-03T15:36:00Z,3.795,3.8,3.795,3.795,47146.769448,178921.99005516
1788449820000,2026-09-03T15:37:00Z,3.8,3.8,3.795,3.795,47193.075205,179097.720402975
1788449880000,2026-09-03T15:38:00Z,3.795,3.8,3.795,3.795,31222.817466,118490.59228347
1788449940000,2026-09-03T15:39:00Z,3.795,3.8,3.795,3.795,66175.292343,251135.234441685
1788450000000,2026-09-03T15:40:00Z,3.795,3.795,3.795,3.795,54000.34027,204931.29132465
1788450060000,2026-09-03T15:41:00Z,3.795,3.795,3.795,3.795,62068.63066,235550.4533547
1788450120000,2026-09-03T15:42:00Z,3.795,3.795,3.795,3.795,17056.745131,64730.347772145
1788450180000,2026-09-03T15:43:00Z,3.795,3.8,3.795,3.795,40971.43843,155486.60884185
1788450240000,2026-09-03T15:44:00Z,3.795,3.805,3.795,3.795,73973.493434,280729.40758203
1788450300000,2026-09-03T15:45:00Z,3.795,3.81,3.795,3.8,924767.142733,3511433.3176714743
1788450360000,2026-09-03T15:46:00Z,3.804,3.82,3.8,3.82,530484.861251,2020510.7395328088
1788450420000,2026-09-03T15:47:00Z,3.815,3.82,3.815,3.815,352001.366174,1342885.21195381
1788450480000,2026-09-03T15:48:00Z,3.815,3.82,3.815,3.815,80676.273324,307779.98273106
1788450540000,2026-09-03T15:49:00Z,3.815,3.82,3.815,3.815,49979.932666,190673.44312079
1788450600000,2026-09-03T15:50:00Z,3.815,3.83,3.815,3.825,324632.121222,1239737.6077346958
1788450660000,2026-09-03T15:51:00Z,3.825,3.825,3.825,3.825,160666.199092,614548.2115269
1788450720000,2026-09-03T15:52:00Z,3.825,3.825,3.825,3.825,96449.520569,368919.416176425
1788450780000,2026-09-03T15:53:00Z,3.825,3.84,3.825,3.84,81552.85512,311939.670834
1788450840000,2026-09-03T15:54:00Z,3.827,3.845,3.827,3.835,303959.019978,1164315.026025729
1788450900000,2026-09-03T15:55:00Z,3.835,3.84,3.825,3.825,225296.797041,863878.0385740104
1788450960000,2026-09-03T15:56:00Z,3.825,3.825,3.825,3.825,41235.133892,157724.3871369
1788451020000,2026-09-03T15:57:00Z,3.825,3.83,3.825,3.83,245646.776634,939598.92062505
1788451080000,2026-09-03T15:58:00Z,3.825,3.83,3.825,3.825,431126.16471,1649057.58001575
1788451140000,2026-09-03T15:59:00Z,3.825,3.834,3.82,3.834,469145.167518,1795934.6157756558
1788451200000,2026-09-03T16:00:00Z,3.834,3.86,3.825,3.844,355230.752721,1363055.9212657491
1788451260000,2026-09-03T16:01:00Z,3.844,3.86,3.844,3.845,203753.765793,783412.8540975057
1788451320000,2026-09-03T16:02:00Z,3.845,3.855,3.845,3.845,144266.831364,554705.96659458
1788451380000,2026-09-03T16:03:00Z,3.845,3.855,3.845,3.845,197333.508255,758747.339240475
1788451440000,2026-09-03T16:04:00Z,3.845,3.855,3.845,3.845,87170.725674,335171.44021653
1788451500000,2026-09-03T16:05:00Z,3.845,3.855,3.845,3.845,201768.675343,775800.556693835
1788451560000,2026-09-03T16:06:00Z,3.845,3.85,3.835,3.835,284208.084354,1091728.5144290202
1788451620000,2026-09-03T16:07:00Z,3.835,3.845,3.825,3.835,583464.04125,2236242.630898875
1788451680000,2026-09-03T16:08:00Z,3.825,3.84,3.825,3.827,270683.3341,1035363.7529325
1788451740000,2026-09-03T16:09:00Z,3.828,3.84,3.825,3.835,297831.226765,1142450.8027478635
1788451800000,2026-09-03T16:10:00Z,3.835,3.835,3.825,3.835,45464.083377,174354.759750795
1788451860000,2026-09-03T16:11:00Z,3.835,3.835,3.835,3.835,28306.678176,108556.11080496
1788451920000,2026-09-03T16:12:00Z,3.835,3.835,3.82,3.835,102962.444286,394860.97383681
1788451980000,2026-09-03T16:13:00Z,3.835,3.835,3.82,3.825,191406.0346,733180.8155353
1788452040000,2026-09-03T16:14:00Z,3.825,3.845,3.825,3.835,191651.642543,733757.4786401298
1788452100000,2026-09-03T16:15:00Z,3.835,3.835,3.835,3.835,57006.70019,218620.69522865
1788452160000,2026-09-03T16:16:00Z,3.835,3.835,3.835,3.835,11931.391882,45756.88786747
1788452220000,2026-09-03T16:17:00Z,3.835,3.845,3.835,3.835,56286.040417,215856.964999195
1788452280000,2026-09-03T16:18:00Z,3.835,3.835,3.835,3.835,33592.340446,128826.62561041
1788452340000,2026-09-03T16:19:00Z,3.835,3.835,3.835,3.835,11839.396863,45404.086969605
1788452400000,2026-09-03T16:20:00Z,3.835,3.845,3.835,3.835,21268.060018,81563.01016903
1788452460000,2026-09-03T16:21:00Z,3.835,3.85,3.835,3.835,197810.239547,758602.268662745
1788452520000,2026-09-03T16:22:00Z,3.835,3.85,3.835,3.85,210933.895728,808931.49011688
1788452580000,2026-09-03T16:23:00Z,3.835,3.845,3.835,3.835,117133.679137,449207.659490395
1788452640000,2026-09-03T16:24:00Z,3.845,3.845,3.835,3.835,53459.12395,205015.74034825
1788452700000,2026-09-03T16:25:00Z,3.835,3.845,3.835,3.835,27085.557386,103873.11257531
1788452760000,2026-09-03T16:26:00Z,3.835,3.845,3.835,3.835,23422.789887,89826.399216645
1788452820000,2026-09-03T16:27:00Z,3.835,3.845,3.835,3.835,25475.800598,97699.69529333
1788452880000,2026-09-03T16:28:00Z,3.835,3.835,3.835,3.835,38366.115165,147134.051657775
1788452940000,2026-09-03T16:29:00Z,3.835,3.855,3.835,3.845,158228.947375,607219.4084463
1788453000000,2026-09-03T16:30:00Z,3.845,3.845,3.845,3.845,16383.637645,62995.086745025
1788453060000,2026-09-03T16:31:00Z,3.845,3.845,3.845,3.845,27306.809847,104994.683861715
1788453120000,2026-09-03T16:32:00Z,3.845,3.855,3.845,3.845,46055.025288,177081.57223236
1788453180000,2026-09-03T16:33:00Z,3.845,3.855,3.845,3.845,21255.712207,81728.213435915
1788453240000,2026-09-03T16:34:00Z,3.845,3.855,3.845,3.845,63551.668253,244356.164432785
1788453300000,2026-09-03T16:35:00Z,3.845,3.855,3.845,3.845,132791.32543,510582.64627835
1788453360000,2026-09-03T16:36:00Z,3.845,3.855,3.845,3.845,14419.206548,55441.84917706
1788453420000,2026-09-03T16:37:00Z,3.845,3.855,3.845,3.845,65396.895011,251451.061317295
1788453480000,2026-09-03T16:38:00Z,3.845,3.845,3.845,3.845,49178.878424,189092.78754028
1788453540000,2026-09-03T16:39:00Z,3.845,3.845,3.845,3.845,25828.838643,99311.884582335
1788453600000,2026-09-03T16:40:00Z,3.845,3.86,3.845,3.845,68590.609333,263730.892885385
1788453660000,2026-09-03T16:41:00Z,3.845,3.855,3.845,3.845,56835.608105,218532.913163725
1788453720000,2026-09-03T16:42:00Z,3.845,3.855,3.845,3.845,39958.834318,153641.71795271
1788453780000,2026-09-03T16:43:00Z,3.845,3.86,3.845,3.845,17675.132467,67960.884335615
1788453840000,2026-09-03T16:44:00Z,3.845,3.855,3.845,3.845,14989.188453,57633.429601785
1788453900000,2026-09-03T16:45:00Z,3.845,3.855,3.845,3.845,26496.423039,101878.746584955
1788453960000,2026-09-03T16:46:00Z,3.845,3.86,3.845,3.845,80845.888402,310852.44090569
1788454020000,2026-09-03T16:47:00Z,3.845,3.855,3.845,3.845,93402.41722,359132.2942109
1788454080000,2026-09-03T16:48:00Z,3.845,3.86,3.845,3.855,372231.100236,1432308.0505981044
1788454140000,2026-09-03T16:49:00Z,3.855,3.855,3.855,3.855,17588.252428,67802.71310994
1788454200000,2026-09-03T16:50:00Z,3.855,3.865,3.855,3.865,203615.230663,785567.9214209203
1788454260000,2026-09-03T16:51:00Z,3.865,3.865,3.865,3.865,35055.12157,135488.04486805
1788454320000,2026-09-03T16:52:00Z,3.865,3.87,3.865,3.865,43793.412298,169261.53853177
1788454380000,2026-09-03T16:53:00Z,3.865,3.87,3.865,3.865,210267.258057,812682.952390305
1788454440000,2026-09-03T16:54:00Z,3.865,3.865,3.865,3.865,197787.33974,764448.0680951
1788454500000,2026-09-03T16:55:00Z,3.865,3.865,3.865,3.865,91723.000813,354509.398142245
1788454560000,2026-09-03T16:56:00Z,3.865,3.865,3.865,3.865,14448.80655,55844.63731575
1788454620000,2026-09-03T16:57:00Z,3.865,3.865,3.865,3.865,42111.006978,162759.04196997
1788454680000,2026-09-03T16:58:00Z,3.865,3.865,3.865,3.865,37664.266469,145572.389902685
1788454740000,2026-09-03T16:59:00Z,3.865,3.865,3.86,3.865,69428.310714,268340.42090961
1788454800000,2026-09-03T17:00:00Z,3.865,3.865,3.865,3.865,50367.489838,194670.34822387
1788454860000,2026-09-03T17:01:00Z,3.865,3.865,3.86,3.865,31231.812451,120710.955123115
1788454920000,2026-09-03T17:02:00Z,3.865,3.865,3.865,3.865,71197.804944,275179.51610856
1788454980000,2026-09-03T17:03:00Z,3.865,3.865,3.865,3.865,38386.637864,148364.35534436
1788455040000,2026-09-03T17:04:00Z,3.865,3.865,3.865,3.865,78329.940417,302745.219711705
1788455100000,2026-09-03T17:05:00Z,3.865,3.865,3.865,3.865,33241.41801,128478.08060865
1788455160000,2026-09-03T17:06:00Z,3.865,3.875,3.86,3.875,436132,1686827.7364
1788455220000,2026-09-03T17:07:00Z,3.875,3.875,3.86,3.875,194064.652087,752000.526837125
1788455280000,2026-09-03T17:08:00Z,3.875,3.875,3.865,3.875,139246.759399,539581.192671125
1788455340000,2026-09-03T17:09:00Z,3.875,3.875,3.875,3.875,40159.544838,155618.23624725
1788455400000,2026-09-03T17:10:00Z,3.875,3.875,3.86,3.875,192608.843906,746359.27013575
1788455460000,2026-09-03T17:11:00Z,3.873,3.873,3.865,3.865,22823.513786,88269.939567355
1788455520000,2026-09-03T17:12:00Z,3.865,3.865,3.865,3.865,46986.6923,181603.5657395
1788455580000,2026-09-03T17:13:00Z,3.865,3.865,3.86,3.865,60206.137809,232696.722631785
1788455640000,2026-09-03T17:14:00Z,3.865,3.87,3.85,3.856,326910.541724,1262724.6584631224
1788455700000,2026-09-03T17:15:00Z,3.856,3.86,3.855,3.855,34089.645257,131418.9914302607
1788455760000,2026-09-03T17:16:00Z,3.86,3.86,3.855,3.855,19857.44791,76550.46169305
1788455820000,2026-09-03T17:17:00Z,3.855,3.86,3.855,3.855,37488.477364,144518.08023822
1788455880000,2026-09-03T17:18:00Z,3.855,3.86,3.855,3.855,16273.2227,62733.2735085
1788455940000,2026-09-03T17:19:00Z,3.855,3.86,3.855,3.855,44479.389,171468.044595
1788456000000,2026-09-03T17:20:00Z,3.855,3.86,3.855,3.855,82919.257703,319653.738445065
1788456060000,2026-09-03T17:21:00Z,3.855,3.86,3.855,3.855,51626.228806,199019.11204713
1788456120000,2026-09-03T17:22:00Z,3.855,3.86,3.855,3.855,43348.212597,167107.359561435
1788456180000,2026-09-03T17:23:00Z,3.855,3.86,3.855,3.855,12102.331321,46654.487242455
1788456240000,2026-09-03T17:24:00Z,3.855,3.86,3.855,3.855,23395.695821,90190.407389955
1788456300000,2026-09-03T17:25:00Z,3.855,3.86,3.855,3.855,48361.051625,186431.854014375
1788456360000,2026-09-03T17:26:00Z,3.855,3.86,3.855,3.855,7665.790695,29551.623129225
1788456420000,2026-09-03T17:27:00Z,3.855,3.86,3.855,3.855,100866.720975,388841.209358625
1788456480000,2026-09-03T17:28:00Z,3.855,3.86,3.855,3.855,20721.671043,79882.041870765
1788456540000,2026-09-03T17:29:00Z,3.855,3.86,3.855,3.86,12645.863193,48749.802609015
1788456600000,2026-09-03T17:30:00Z,3.855,3.86,3.855,3.86,16681.138904,64305.79047492
1788456660000,2026-09-03T17:31:00Z,3.855,3.86,3.855,3.86,11312.695779,43610.442228045
1788456720000,2026-09-03T17:32:00Z,3.855,3.865,3.855,3.855,77355.472119,298205.345018745
1788456780000,2026-09-03T17:33:00Z,3.855,3.855,3.855,3.855,19534.14584,75304.1322132
1788456840000,2026-09-03T17:34:00Z,3.855,3.86,3.855,3.855,29107.833558,112210.69836609
1788456900000,2026-09-03T17:35:00Z,3.855,3.865,3.855,3.86,27099.619107,104469.031657485
1788456960000,2026-09-03T17:36:00Z,3.855,3.86,3.855,3.855,37459.938694,144408.06366537
1788457020000,2026-09-03T17:37:00Z,3.855,3.86,3.855,3.855,14163.277707,54599.435560485
1788457080000,2026-09-03T17:38:00Z,3.855,3.86,3.855,3.855,15580.815292,60064.04295066
1788457140000,2026-09-03T17:39:00Z,3.855,3.86,3.84,3.855,321122.769685,1237928.277135675
1788457200000,2026-09-03T17:40:00Z,3.855,3.855,3.855,3.855,47166.885685,181828.344315675
1788457260000,2026-09-03T17:41:00Z,3.855,3.855,3.855,3.855,30322.431354,116892.97286967
1788457320000,2026-09-03T17:42:00Z,3.855,3.855,3.855,3.855,160688.373173,619453.678581915
1788457380000,2026-09-03T17:43:00Z,3.855,3.855,3.855,3.855,76582.123303,295224.085333065
1788457440000,2026-09-03T17:44:00Z,3.855,3.855,3.845,3.855,43474.286785,167593.375556175
1788457500000,2026-09-03T17:45:00Z,3.855,3.865,3.85,3.865,260709.989232,1005766.9964592096
1788457560000,2026-09-03T17:46:00Z,3.865,3.865,3.865,3.865,13815.414755,53396.578028075
1788457620000,2026-09-03T17:47:00Z,3.865,3.865,3.865,3.865,28591.25839,110505.21367735
1788457680000,2026-09-03T17:48:00Z,3.865,3.865,3.855,3.865,201847.982082,780142.45074693
1788457740000,2026-09-03T17:49:00Z,3.865,3.865,3.865,3.865,8305.04,32098.9796
1788457800000,2026-09-03T17:50:00Z,3.865,3.865,3.865,3.865,39861.403119,154064.323054935
1788457860000,2026-09-03T17:51:00Z,3.865,3.865,3.865,3.865,36395,140666.675
1788457920000,2026-09-03T17:52:00Z,3.865,3.865,3.85,3.865,70278.705252,271627.19579898
1788457980000,2026-09-03T17:53:00Z,3.865,3.865,3.85,3.865,11737.824681,45366.692392065
1788458040000,2026-09-03T17:54:00Z,3.865,3.865,3.85,3.865,12880.871898,49784.56988577
1788458100000,2026-09-03T17:55:00Z,3.865,3.865,3.85,3.865,10232.791536,39549.73928664
1788458160000,2026-09-03T17:56:00Z,3.865,3.905,3.85,3.879,1479260.172697,5729618.4269072901
1788458220000,2026-09-03T17:57:00Z,3.878,3.89,3.86,3.883,363821.525438,1410499.6719705822
1788458280000,2026-09-03T17:58:00Z,3.884,3.885,3.884,3.885,170120.603688,660918.54532788
1788458340000,2026-09-03T17:59:00Z,3.885,3.89,3.885,3.885,178132.285255,692043.928215675
1788458400000,2026-09-03T18:00:00Z,3.885,3.885,3.885,3.885,27774.262849,107903.011168365
1788458460000,2026-09-03T18:01:00Z,3.885,3.885,3.885,3.885,15447.088193,60011.937629805
1788458520000,2026-09-03T18:02:00Z,3.885,3.885,3.86,3.873,454693.607252,1765848.0931238672
1788458580000,2026-09-03T18:03:00Z,3.872,3.872,3.865,3.865,67379.711587,260510.1789088181
1788458640000,2026-09-03T18:04:00Z,3.865,3.875,3.865,3.865,24038.783278,92909.89736947
1788458700000,2026-09-03T18:05:00Z,3.87,3.87,3.855,3.865,286855.264595,1108695.597659675
1788458760000,2026-09-03T18:06:00Z,3.865,3.865,3.855,3.865,82789.106616,319979.89707084
1788458820000,2026-09-03T18:07:00Z,3.865,3.865,3.85,3.855,60982.832788,235552.2899269288
1788458880000,2026-09-03T18:08:00Z,3.855,3.855,3.855,3.855,37371.89346,144068.6492883
1788458940000,2026-09-03T18:09:00Z,3.855,3.87,3.85,3.855,102445.585625,394927.732584375
1788459000000,2026-09-03T18:10:00Z,3.855,3.865,3.85,3.865,151518.270394,584436.2725637368
1788459060000,2026-09-03T18:11:00Z,3.865,3.865,3.865,3.865,25033.202881,96753.329135065
1788459120000,2026-09-03T18:12:00Z,3.865,3.865,3.865,3.865,64130.718429,247865.226728085
1788459180000,2026-09-03T18:13:00Z,3.865,3.865,3.865,3.865,19666.706351,76011.820046615
1788459240000,2026-09-03T18:14:00Z,3.865,3.865,3.865,3.865,45480.92907,175783.79085555
1788459300000,2026-09-03T18:15:00Z,3.865,3.865,3.865,3.865,8794.768028,33991.77842822
1788459360000,2026-09-03T18:16:00Z,3.865,3.865,3.865,3.865,22556.657255,87181.480290575
1788459420000,2026-09-03T18:17:00Z,3.865,3.865,3.865,3.865,35937.224488,138897.37264612
1788459480000,2026-09-03T18:18:00Z,3.865,3.87,3.865,3.865,26235.525227,101400.305002355
1788459540000,2026-09-03T18:19:00Z,3.87,3.875,3.865,3.865,107459.654496,415331.56462704
1788459600000,2026-09-03T18:20:00Z,3.865,3.865,3.865,3.865,9994.25873,38627.80999145
1788459660000,2026-09-03T18:21:00Z,3.865,3.87,3.865,3.865,11969.274069,46261.244276685
1788459720000,2026-09-03T18:22:00Z,3.865,3.87,3.865,3.865,18171.017796,70230.98378154
1788459780000,2026-09-03T18:23:00Z,3.87,3.87,3.865,3.865,22974.55855,88796.66879575
1788459840000,2026-09-03T18:24:00Z,3.865,3.865,3.865,3.865,25065.32107,96877.46593555
1788459900000,2026-09-03T18:25:00Z,3.865,3.88,3.865,3.865,25025.447731,96723.355480315
1788459960000,2026-09-03T18:26:00Z,3.865,3.865,3.865,3.865,21324.980809,82421.050826785
1788460020000,2026-09-03T18:27:00Z,3.865,3.875,3.865,3.865,113331.456276,438026.07850674
1788460080000,2026-09-03T18:28:00Z,3.865,3.865,3.865,3.865,76887.098399,297168.635312135
1788460140000,2026-09-03T18:29:00Z,3.865,3.865,3.865,3.865,123875.798442,478779.96097833
1788460200000,2026-09-03T18:30:00Z,3.865,3.87,3.865,3.865,10861.258972,41978.76592678
1788460260000,2026-09-03T18:31:00Z,3.865,3.87,3.865,3.865,27575.150269,106577.955789685
1788460320000,2026-09-03T18:32:00Z,3.865,3.875,3.865,3.865,25835,99852.275
1788460380000,2026-09-03T18:33:00Z,3.865,3.865,3.865,3.865,8887.018087,34348.324906255
1788460440000,2026-09-03T18:34:00Z,3.865,3.865,3.865,3.865,26024.460528,100584.53994072
1788460500000,2026-09-03T18:35:00Z,3.865,3.865,3.865,3.865,11098.120317,42894.235025205
1788460560000,2026-09-03T18:36:00Z,3.865,3.875,3.865,3.865,27875.428655,107738.531751575
1788460620000,2026-09-03T18:37:00Z,3.865,3.87,3.865,3.865,34671.644148,134005.90463202
1788460680000,2026-09-03T18:38:00Z,3.865,3.87,3.865,3.865,19472.484639,75261.153129735
1788460740000,2026-09-03T18:39:00Z,3.865,3.87,3.865,3.865,41646.53555,160963.85990075
1788460800000,2026-09-03T18:40:00Z,3.865,3.875,3.865,3.865,17884.6087,69124.0126255
1788460860000,2026-09-03T18:41:00Z,3.865,3.87,3.865,3.865,8934.19709,34530.67175285
1788460920000,2026-09-03T18:42:00Z,3.87,3.87,3.865,3.865,22179.34928,85723.1849672
1788460980000,2026-09-03T18:43:00Z,3.865,3.87,3.865,3.865,61389.833142,237271.70509383
1788461040000,2026-09-03T18:44:00Z,3.865,3.875,3.85,3.863,340639.892502,1315142.4969717216
1788461100000,2026-09-03T18:45:00Z,3.864,3.865,3.855,3.855,71609.968644,276622.1478749076
1788461160000,2026-09-03T18:46:00Z,3.855,3.855,3.855,3.855,48938.945856,188659.63627488
1788461220000,2026-09-03T18:47:00Z,3.855,3.855,3.85,3.85,43253.0758,166740.607209
1788461280000,2026-09-03T18:48:00Z,3.855,3.855,3.85,3.85,231465.086181,892228.4677019007
1788461340000,2026-09-03T18:49:00Z,3.849,3.849,3.845,3.845,63118.080236,242695.3303154436
1788461400000,2026-09-03T18:50:00Z,3.845,3.85,3.845,3.845,170829.209237,656838.309516265
1788461460000,2026-09-03T18:51:00Z,3.845,3.865,3.845,3.853,253315.940433,974379.7648755345
1788461520000,2026-09-03T18:52:00Z,3.853,3.865,3.853,3.855,56101.604448,216249.2445052608
1788461580000,2026-09-03T18:53:00Z,3.855,3.855,3.855,3.855,19893,76687.515
1788461640000,2026-09-03T18:54:00Z,3.855,3.86,3.855,3.855,164062.201879,632459.788243545
1788461700000,2026-09-03T18:55:00Z,3.855,3.855,3.855,3.855,14922.887605,57527.731717275
1788461760000,2026-09-03T18:56:00Z,3.855,3.865,3.85,3.854,189568.390728,730482.8368312752
1788461820000,2026-09-03T18:57:00Z,3.855,3.855,3.855,3.855,9046.193753,34873.076917815
1788461880000,2026-09-03T18:58:00Z,3.855,3.855,3.855,3.855,13585.639272,52372.63939356
1788461940000,2026-09-03T18:59:00Z,3.855,3.855,3.855,3.855,17683.835955,68171.187606525
1788462000000,2026-09-03T19:00:00Z,3.855,3.855,3.85,3.855,82242.360647,317044.300294185
1788462060000,2026-09-03T19:01:00Z,3.855,3.855,3.855,3.855,165670.178093,638658.536548515
1788462120000,2026-09-03T19:02:00Z,3.855,3.855,3.849,3.849,174516.247579,672585.618169466
1788462180000,2026-09-03T19:03:00Z,3.848,3.848,3.845,3.845,28758.50674,110587.961817996
1788462240000,2026-09-03T19:04:00Z,3.845,3.845,3.845,3.845,13145.931034,50546.10482573
1788462300000,2026-09-03T19:05:00Z,3.845,3.845,3.83,3.845,24413.252634,93868.95637773
1788462360000,2026-09-03T19:06:00Z,3.845,3.845,3.83,3.845,46013.884561,176923.386137045
1788462420000,2026-09-03T19:07:00Z,3.845,3.845,3.845,3.845,13241.847838,50914.90493711
1788462480000,2026-09-03T19:08:00Z,3.845,3.845,3.845,3.845,13248.054728,50938.77042916
1788462540000,2026-09-03T19:09:00Z,3.845,3.845,3.83,3.845,44228.84328,170059.9024116
1788462600000,2026-09-03T19:10:00Z,3.845,3.845,3.83,3.845,24971.345052,96014.82172494
1788462660000,2026-09-03T19:11:00Z,3.845,3.845,3.83,3.845,13717.753042,52744.76044649
1788462720000,2026-09-03T19:12:00Z,3.845,3.845,3.83,3.845,20160.948264,77518.84607508
1788462780000,2026-09-03T19:13:00Z,3.845,3.845,3.83,3.845,44552.052107,171302.640351415
1788462840000,2026-09-03T19:14:00Z,3.845,3.845,3.83,3.836,141642.140754,544529.0459146776
1788462900000,2026-09-03T19:15:00Z,3.835,3.835,3.83,3.835,94651.271992,362987.62808932
1788462960000,2026-09-03T19:16:00Z,3.835,3.835,3.83,3.835,77908.896355,298780.617521425
1788463020000,2026-09-03T19:17:00Z,3.835,3.835,3.815,3.825,247801.716654,948758.4325531698
1788463080000,2026-09-03T19:18:00Z,3.825,3.825,3.815,3.825,44584.544506,170535.88273545
1788463140000,2026-09-03T19:19:00Z,3.825,3.825,3.815,3.825,100354.709775,383856.764889375
1788463200000,2026-09-03T19:20:00Z,3.825,3.825,3.815,3.825,31698.26143,121245.84996975
1788463260000,2026-09-03T19:21:00Z,3.825,3.825,3.815,3.825,44444.643306,170000.76064545
1788463320000,2026-09-03T19:22:00Z,3.825,3.825,3.815,3.825,69120.27753,264385.06155225
1788463380000,2026-09-03T19:23:00Z,3.825,3.825,3.815,3.825,61912.132147,236813.905462275
1788463440000,2026-09-03T19:24:00Z,3.825,3.825,3.815,3.825,143664.439138,549516.47970285
1788463500000,2026-09-03T19:25:00Z,3.825,3.825,3.82,3.825,104667.900085,400354.717825125
1788463560000,2026-09-03T19:26:00Z,3.825,3.825,3.825,3.825,32120.117204,122859.4483053
1788463620000,2026-09-03T19:27:00Z,3.825,3.825,3.815,3.825,37692.235868,144172.8021951
1788463680000,2026-09-03T19:28:00Z,3.825,3.825,3.825,3.825,22577.456335,86358.770481375
1788463740000,2026-09-03T19:29:00Z,3.825,3.825,3.815,3.825,53013.227669,202775.595833925
1788463800000,2026-09-03T19:30:00Z,3.825,3.825,3.815,3.825,68826.204824,263260.2334518
1788463860000,2026-09-03T19:31:00Z,3.825,3.825,3.815,3.825,1242,4740.765
1788463920000,2026-09-03T19:32:00Z,3.825,3.825,3.81,3.825,90821.705103,347393.022018975
1788463980000,2026-09-03T19:33:00Z,3.825,3.835,3.815,3.835,205397.387747,785727.1670873738
1788464040000,2026-09-03T19:34:00Z,3.835,3.835,3.835,3.835,60087.2529,230434.6148715
1788464100000,2026-09-03T19:35:00Z,3.835,3.84,3.82,3.835,377543.39584,1447878.9230464
1788464160000,2026-09-03T19:36:00Z,3.835,3.855,3.835,3.843,212474.198486,815178.5099113876
1788464220000,2026-09-03T19:37:00Z,3.844,3.855,3.844,3.845,51993,199907.8857
1788464280000,2026-09-03T19:38:00Z,3.845,3.85,3.83,3.835,163875.757499,629414.0094021592
1788464340000,2026-09-03T19:39:00Z,3.835,3.835,3.82,3.835,27619.59693,105921.15422655
1788464400000,2026-09-03T19:40:00Z,3.835,3.835,3.835,3.835,54832.671816,210283.29641436
1788464460000,2026-09-03T19:41:00Z,3.835,3.835,3.82,3.835,36427.40751,139699.10780085
1788464520000,2026-09-03T19:42:00Z,3.835,3.835,3.82,3.835,99219.982949,380508.634609415
1788464580000,2026-09-03T19:43:00Z,3.835,3.835,3.825,3.835,119225.16085,457228.49185975
1788464640000,2026-09-03T19:44:00Z,3.825,3.835,3.825,3.835,136270.397506,522596.97443551
1788464700000,2026-09-03T19:45:00Z,3.835,3.835,3.82,3.835,59812.217161,229379.852812435
1788464760000,2026-09-03T19:46:00Z,3.835,3.835,3.82,3.835,152394.673413,584433.572538855
1788464820000,2026-09-03T19:47:00Z,3.835,3.835,3.82,3.835,237165.29255,909528.89692925
1788464880000,2026-09-03T19:48:00Z,3.835,3.835,3.825,3.835,64921.570563,248974.223109105
1788464940000,2026-09-03T19:49:00Z,3.835,3.835,3.835,3.835,43412.978455,166488.772374925
1788465000000,2026-09-03T19:50:00Z,3.835,3.845,3.825,3.845,607316.238394,2331669.2340660842
1788465060000,2026-09-03T19:51:00Z,3.845,3.845,3.83,3.845,164674.90039,633174.99199955
1788465120000,2026-09-03T19:52:00Z,3.845,3.845,3.845,3.845,69222.71311,266161.33190795
1788465180000,2026-09-03T19:53:00Z,3.845,3.845,3.83,3.835,324017.707677,1245686.0771642265
1788465240000,2026-09-03T19:54:00Z,3.835,3.845,3.83,3.845,474340.97313,1820520.65487294
1788465300000,2026-09-03T19:55:00Z,3.845,3.86,3.845,3.855,340014.075089,1308034.146867383
1788465360000,2026-09-03T19:56:00Z,3.855,3.865,3.835,3.848,805843.028802,3102576.2451905802
1788465420000,2026-09-03T19:57:00Z,3.847,3.85,3.845,3.845,308799.87173,1187366.386789023
1788465480000,2026-09-03T19:58:00Z,3.845,3.85,3.845,3.845,302421.806801,1162811.847149845
1788465540000,2026-09-03T19:59:00Z,3.845,3.85,3.84,3.845,630648.201968,2424842.33656696
1788465600000,2026-09-03T20:00:00Z,3.845,3.85,3.845,3.85,18154,69862.0382
1788465660000,2026-09-03T20:01:00Z,3.85,3.85,3.847,3.849,2091114.63401,8044727.108499871
1788465720000,2026-09-03T20:02:00Z,3.849,3.854,3.847,3.854,803491,3092717.2081
1788465780000,2026-09-03T20:03:00Z,3.854,3.855,3.854,3.855,2258,8703.461
1788465840000,2026-09-03T20:04:00Z,3.855,3.86,3.855,3.859,15148.792626,58398.59557323
1788465900000,2026-09-03T20:05:00Z,3.86,3.865,3.86,3.862,32853.51308,126890.123568884
1788465960000,2026-09-03T20:06:00Z,3.862,3.865,3.862,3.865,20998,81134.1722
1788466020000,2026-09-03T20:07:00Z,3.865,3.865,3.86,3.86,2919,11275.8051
1788466080000,2026-09-03T20:08:00Z,3.86,3.86,3.856,3.856,19013,73371.167
1788466140000,2026-09-03T20:09:00Z,3.856,3.859,3.856,3.859,11486.935147,44305.108861979
1788466200000,2026-09-03T20:10:00Z,3.859,3.859,3.856,3.856,98.376655,379.458433666
1788466260000,2026-09-03T20:11:00Z,3.856,3.86,3.856,3.86,1654,6380.305
1788466320000,2026-09-03T20:12:00Z,3.86,3.86,3.856,3.856,460,1775.6
1788466380000,2026-09-03T20:13:00Z,3.855,3.855,3.855,3.855,476.776751,1837.974375105
1788466440000,2026-09-03T20:14:00Z,3.855,3.855,3.855,3.855,4736.093953,18257.642188815
1788466500000,2026-09-03T20:15:00Z,3.855,3.855,3.855,3.855,6186.178413,23847.717782115
1788466560000,2026-09-03T20:16:00Z,3.855,3.855,3.855,3.855,22398.852371,86347.575890205
1788466620000,2026-09-03T20:17:00Z,3.855,3.855,3.855,3.855,14998.68783,57819.94158465
1788466680000,2026-09-03T20:18:00Z,3.855,3.855,3.855,3.855,9221.19303,35547.69913065
1788466740000,2026-09-03T20:19:00Z,3.855,3.855,3.855,3.855,8570,33037.35
1788466800000,2026-09-03T20:20:00Z,3.855,3.855,3.85,3.855,9853.3,37984.4715
1788466860000,2026-09-03T20:21:00Z,3.855,3.855,3.855,3.855,10100,38935.5
1788466920000,2026-09-03T20:22:00Z,3.855,3.855,3.855,3.855,13943.670248,53752.84880604
1788466980000,2026-09-03T20:23:00Z,3.855,3.855,3.855,3.855,20551.144197,79224.660879435
1788467040000,2026-09-03T20:24:00Z,3.855,3.855,3.855,3.855,24850.076981,95797.046761755
1788467100000,2026-09-03T20:25:00Z,3.855,3.855,3.855,3.855,20712.645556,79847.24861838
1788467160000,2026-09-03T20:26:00Z,3.855,3.855,3.855,3.855,42334,163197.57
1788467220000,2026-09-03T20:27:00Z,3.855,3.855,3.855,3.855,19814,76382.97
1788467280000,2026-09-03T20:28:00Z,3.855,3.855,3.855,3.855,30121,116116.455
1788467340000,2026-09-03T20:29:00Z,3.855,3.855,3.855,3.855,14545.423357,56072.607041235
1788467400000,2026-09-03T20:30:00Z,3.855,3.855,3.855,3.855,15283.559672,58918.12253556
1788467460000,2026-09-03T20:31:00Z,3.855,3.855,3.855,3.855,12408,47832.84
1788467520000,2026-09-03T20:32:00Z,3.855,3.855,3.855,3.855,10298.219736,39699.63708228
1788467580000,2026-09-03T20:33:00Z,3.855,3.855,3.855,3.855,10590,40824.45
1788467640000,2026-09-03T20:34:00Z,3.855,3.87,3.85,3.865,20991.639421,81038.2239847705
1788467700000,2026-09-03T20:35:00Z,3.865,3.865,3.85,3.865,16695,64526.175
1788467760000,2026-09-03T20:36:00Z,3.865,3.865,3.865,3.865,10630,41084.95
1788467820000,2026-09-03T20:37:00Z,3.86,3.865,3.86,3.865,11064,42762.36
1788467880000,2026-09-03T20:38:00Z,3.865,3.865,3.865,3.865,8102,31314.23
1788467940000,2026-09-03T20:39:00Z,3.865,3.865,3.855,3.855,7803,30129.7239
1788468000000,2026-09-03T20:40:00Z,3.855,3.88,3.855,3.865,8628,33306.6684
1788468060000,2026-09-03T20:41:00Z,3.865,3.865,3.855,3.855,8890.657049,34300.154895042
1788468120000,2026-09-03T20:42:00Z,3.855,3.855,3.855,3.855,8251.399181,31809.143842755
1788468180000,2026-09-03T20:43:00Z,3.855,3.855,3.855,3.855,7500,28912.5
1788468240000,2026-09-03T20:44:00Z,3.855,3.855,3.855,3.855,11300,43561.5
1788468300000,2026-09-03T20:45:00Z,3.855,3.855,3.855,3.855,14032.210667,54094.172121285
1788468360000,2026-09-03T20:46:00Z,3.855,3.855,3.855,3.855,18118.469885,69846.701406675
1788468420000,2026-09-03T20:47:00Z,3.855,3.855,3.855,3.855,9582.591076,36940.88859798
1788468480000,2026-09-03T20:48:00Z,3.855,3.855,3.855,3.855,10211,39363.405
1788468540000,2026-09-03T20:49:00Z,3.855,3.855,3.855,3.855,9025,34791.375
1788468600000,2026-09-03T20:50:00Z,3.855,3.855,3.855,3.855,11002,42412.71
1788468660000,2026-09-03T20:51:00Z,3.855,3.855,3.855,3.855,8492,32736.66
1788468720000,2026-09-03T20:52:00Z,3.855,3.855,3.855,3.855,8008,30870.84
1788468780000,2026-09-03T20:53:00Z,3.855,3.855,3.855,3.855,7095.910763,27354.735991365
1788468840000,2026-09-03T20:54:00Z,3.855,3.855,3.855,3.855,11008.89105,42439.27499775
1788468900000,2026-09-03T20:55:00Z,3.855,3.855,3.855,3.855,7330,28257.15
1788468960000,2026-09-03T20:56:00Z,3.855,3.855,3.84,3.855,13426,51757.23
1788469020000,2026-09-03T20:57:00Z,3.855,3.855,3.855,3.855,4221,16271.955
1788469080000,2026-09-03T20:58:00Z,3.855,3.855,3.855,3.855,5659.739825,21818.297025375
1788469140000,2026-09-03T20:59:00Z,3.855,3.855,3.855,3.855,16000,61680
1788469200000,2026-09-03T21:00:00Z,3.855,3.855,3.855,3.855,7354,28349.67
1788469260000,2026-09-03T21:01:00Z,3.855,3.855,3.855,3.855,7602,29305.71
1788469320000,2026-09-03T21:02:00Z,3.855,3.855,3.855,3.855,6270,24170.85
1788469380000,2026-09-03T21:03:00Z,3.855,3.855,3.855,3.855,7470.821368,28800.01637364
1788469440000,2026-09-03T21:04:00Z,3.855,3.855,3.855,3.855,8631,33272.505
1788469500000,2026-09-03T21:05:00Z,3.855,3.855,3.855,3.855,6070,23399.85
1788469560000,2026-09-03T21:06:00Z,3.855,3.855,3.855,3.855,6000,23130
1788469620000,2026-09-03T21:07:00Z,3.855,3.855,3.855,3.855,0.31352,1.2086196
1788469680000,2026-09-03T21:08:00Z,3.855,3.855,3.855,3.855,3010,11603.55
1788469740000,2026-09-03T21:09:00Z,3.855,3.855,3.855,3.855,5630,21703.65
1788469800000,2026-09-03T21:10:00Z,3.855,3.855,3.855,3.855,3530,13608.15
1788469860000,2026-09-03T21:11:00Z,3.855,3.855,3.855,3.855,3008.036296,11595.97992108
1788469920000,2026-09-03T21:12:00Z,3.855,3.855,3.855,3.855,1410,5435.55
1788469980000,2026-09-03T21:13:00Z,3.855,3.855,3.855,3.855,1579,6087.045
1788470040000,2026-09-03T21:14:00Z,3.855,3.855,3.855,3.855,833,3211.215
1788470100000,2026-09-03T21:15:00Z,3.855,3.855,3.855,3.855,1515,5840.325
1788470160000,2026-09-03T21:16:00Z,3.855,3.855,3.855,3.855,513,1977.615
1788470220000,2026-09-03T21:17:00Z,3.855,3.855,3.855,3.855,7473.606519,28810.753130745
1788470280000,2026-09-03T21:18:00Z,3.855,3.855,3.855,3.855,1150,4433.25
1788470340000,2026-09-03T21:19:00Z,3.855,3.855,3.855,3.855,802,3091.71
1788470400000,2026-09-03T21:20:00Z,3.855,3.855,3.855,3.855,80.235016,309.30598668
1788470460000,2026-09-03T21:21:00Z,3.855,3.855,3.855,3.855,1715,6611.325
1788470580000,2026-09-03T21:23:00Z,3.855,3.855,3.855,3.855,0,0
1788470640000,2026-09-03T21:24:00Z,3.855,3.855,3.855,3.855,59.662775,229.999997625
1788470700000,2026-09-03T21:25:00Z,3.855,3.855,3.855,3.855,1547,5963.685
1788470760000,2026-09-03T21:26:00Z,3.855,3.855,3.855,3.855,100,385.5
1788470820000,2026-09-03T21:27:00Z,3.855,3.855,3.855,3.855,30,115.65
1788470880000,2026-09-03T21:28:00Z,3.855,3.855,3.855,3.855,1073,4136.415
1788470940000,2026-09-03T21:29:00Z,3.855,3.855,3.855,3.855,220,848.1
1788471000000,2026-09-03T21:30:00Z,3.855,3.855,3.852,3.852,6435.192612,24799.9452881256
1788471060000,2026-09-03T21:31:00Z,3.851,3.851,3.851,3.851,10,38.51
1788471120000,2026-09-03T21:32:00Z,3.85,3.854,3.85,3.854,603,2323.5399
1788471180000,2026-09-03T21:33:00Z,3.854,3.854,3.854,3.854,29,111.766
1788471240000,2026-09-03T21:34:00Z,3.855,3.855,3.855,3.855,0,0
1788471300000,2026-09-03T21:35:00Z,3.855,3.855,3.855,3.855,25.910763,99.885991365
1788471360000,2026-09-03T21:36:00Z,3.855,3.855,3.855,3.855,310,1195.05
1788471420000,2026-09-03T21:37:00Z,3.855,3.855,3.855,3.855,1,3.855
1788471480000,2026-09-03T21:38:00Z,3.855,3.855,3.855,3.855,3054,11773.17
1788471540000,2026-09-03T21:39:00Z,3.855,3.855,3.855,3.855,100,385.5
1788471600000,2026-09-03T21:40:00Z,3.855,3.855,3.855,3.855,1865,7189.575
1788471660000,2026-09-03T21:41:00Z,3.855,3.855,3.855,3.855,943,3635.265
1788471720000,2026-09-03T21:42:00Z,3.855,3.855,3.855,3.855,54.611927,210.528978585
1788471780000,2026-09-03T21:43:00Z,3.855,3.855,3.85,3.855,13439,51807.345
1788471840000,2026-09-03T21:44:00Z,3.853,3.853,3.845,3.845,0,0
1788471960000,2026-09-03T21:46:00Z,3.845,3.845,3.845,3.845,6200,23839
1788472020000,2026-09-03T21:47:00Z,3.845,3.845,3.845,3.845,10,38.45
1788472080000,2026-09-03T21:48:00Z,3.845,3.845,3.845,3.845,0,0
1788472140000,2026-09-03T21:49:00Z,3.845,3.845,3.845,3.845,9,34.605
1788472200000,2026-09-03T21:50:00Z,3.845,3.845,3.845,3.845,92.28794,354.8471293
1788472260000,2026-09-03T21:51:00Z,3.845,3.845,3.845,3.845,8.597807,33.058567915
1788472320000,2026-09-03T21:52:00Z,3.845,3.845,3.845,3.845,2102.597807,8084.488567915
1788472380000,2026-09-03T21:53:00Z,3.845,3.845,3.845,3.845,17202.597807,66143.988567915
1788472440000,2026-09-03T21:54:00Z,3.845,3.845,3.845,3.845,2010,7728.45
1788472500000,2026-09-03T21:55:00Z,3.845,3.845,3.845,3.845,11,42.295
1788472560000,2026-09-03T21:56:00Z,3.845,3.845,3.845,3.845,1025,3941.125
1788472620000,2026-09-03T21:57:00Z,3.845,3.845,3.845,3.845,100,384.5
1788472680000,2026-09-03T21:58:00Z,3.845,3.845,3.845,3.845,101,388.345
1788472740000,2026-09-03T21:59:00Z,3.845,3.845,3.845,3.845,232,892.04
1788472800000,2026-09-03T22:00:00Z,3.845,3.845,3.845,3.845,644.368834,2477.59816673
1788472860000,2026-09-03T22:01:00Z,3.845,3.845,3.845,3.845,320,1230.4
1788472920000,2026-09-03T22:02:00Z,3.845,3.845,3.845,3.845,26,99.97
1788472980000,2026-09-03T22:03:00Z,3.845,3.849,3.845,3.849,0,0
1788473160000,2026-09-03T22:06:00Z,3.849,3.849,3.848,3.848,1400,5388.6
1788473220000,2026-09-03T22:07:00Z,3.846,3.846,3.845,3.845,0,0
1788473280000,2026-09-03T22:08:00Z,3.845,3.845,3.845,3.845,200,769
1788473340000,2026-09-03T22:09:00Z,3.845,3.845,3.845,3.845,35,134.575
1788473400000,2026-09-03T22:10:00Z,3.845,3.845,3.845,3.845,0,0
1788473580000,2026-09-03T22:13:00Z,3.845,3.845,3.845,3.845,0,0
1788473640000,2026-09-03T22:14:00Z,3.845,3.845,3.845,3.845,10,38.45
1788473700000,2026-09-03T22:15:00Z,3.845,3.845,3.845,3.845,8492,32651.74
1788473760000,2026-09-03T22:16:00Z,3.845,3.845,3.845,3.845,200,769
1788473820000,2026-09-03T22:17:00Z,3.845,3.845,3.845,3.845,489,1880.205
1788473880000,2026-09-03T22:18:00Z,3.845,3.845,3.845,3.845,320,1230.4
1788473940000,2026-09-03T22:19:00Z,3.845,3.845,3.845,3.845,0,0
1788474000000,2026-09-03T22:20:00Z,3.845,3.845,3.845,3.845,1,3.845
1788474060000,2026-09-03T22:21:00Z,3.845,3.845,3.845,3.845,232.39533,893.56004385
1788474120000,2026-09-03T22:22:00Z,3.845,3.845,3.845,3.845,0,0
1788474180000,2026-09-03T22:23:00Z,3.845,3.845,3.845,3.845,2.356211,9.059631295
1788474240000,2026-09-03T22:24:00Z,3.845,3.845,3.845,3.845,0,0
1788474300000,2026-09-03T22:25:00Z,3.845,3.845,3.845,3.845,15,57.675
1788474360000,2026-09-03T22:26:00Z,3.845,3.845,3.845,3.845,307,1180.415
1788474420000,2026-09-03T22:27:00Z,3.845,3.845,3.845,3.845,0,0
1788474540000,2026-09-03T22:29:00Z,3.845,3.845,3.845,3.845,0,0
1788474660000,2026-09-03T22:31:00Z,3.845,3.845,3.845,3.845,2061.946647,7928.184857715
1788474720000,2026-09-03T22:32:00Z,3.845,3.845,3.845,3.845,0,0
1788474780000,2026-09-03T22:33:00Z,3.845,3.845,3.845,3.845,375,1441.875
1788474840000,2026-09-03T22:34:00Z,3.845,3.845,3.845,3.845,0,0
1788474960000,2026-09-03T22:36:00Z,3.845,3.845,3.845,3.845,300,1153.5
1788475080000,2026-09-03T22:38:00Z,3.845,3.845,3.845,3.845,118,453.71
1788475140000,2026-09-03T22:39:00Z,3.845,3.845,3.845,3.845,0,0
1788475260000,2026-09-03T22:41:00Z,3.845,3.845,3.845,3.845,25,96.125
1788475320000,2026-09-03T22:42:00Z,3.845,3.845,3.845,3.845,100,384.5
1788475380000,2026-09-03T22:43:00Z,3.845,3.845,3.845,3.845,227,872.815
1788475440000,2026-09-03T22:44:00Z,3.845,3.845,3.845,3.845,151,580.595
1788475500000,2026-09-03T22:45:00Z,3.845,3.845,3.845,3.845,0,0
1788475560000,2026-09-03T22:46:00Z,3.845,3.845,3.845,3.845,92,353.74
1788475680000,2026-09-03T22:48:00Z,3.845,3.845,3.845,3.845,42,161.49
1788475740000,2026-09-03T22:49:00Z,3.845,3.845,3.845,3.845,1229,4725.505
1788475800000,2026-09-03T22:50:00Z,3.845,3.845,3.845,3.845,0,0
1788475920000,2026-09-03T22:52:00Z,3.845,3.845,3.845,3.845,965,3710.425
1788475980000,2026-09-03T22:53:00Z,3.845,3.845,3.845,3.845,0,0
1788476040000,2026-09-03T22:54:00Z,3.845,3.845,3.845,3.845,682,2622.29
1788476100000,2026-09-03T22:55:00Z,3.845,3.845,3.845,3.845,1,3.845
1788476160000,2026-09-03T22:56:00Z,3.845,3.845,3.845,3.845,106,407.57
1788476220000,2026-09-03T22:57:00Z,3.845,3.845,3.845,3.845,0,0
1788476280000,2026-09-03T22:58:00Z,3.845,3.845,3.845,3.845,0,0
1788476340000,2026-09-03T22:59:00Z,3.845,3.845,3.845,3.845,0,0
1788476460000,2026-09-03T23:01:00Z,3.845,3.845,3.845,3.845,21.398819,82.278459055
1788476520000,2026-09-03T23:02:00Z,3.845,3.845,3.845,3.845,500,1922.5
1788476580000,2026-09-03T23:03:00Z,3.845,3.845,3.845,3.845,125.685402,483.26037069
1788476640000,2026-09-03T23:04:00Z,3.845,3.845,3.845,3.845,2341,9001.145
1788476700000,2026-09-03T23:05:00Z,3.845,3.845,3.845,3.845,152.989037,588.242847265
1788476760000,2026-09-03T23:06:00Z,3.845,3.845,3.845,3.845,487,1872.515
1788476820000,2026-09-03T23:07:00Z,3.845,3.845,3.845,3.845,20513.762207,78875.415685915
1788476880000,2026-09-03T23:08:00Z,3.845,3.845,3.845,3.845,0,0
1788477000000,2026-09-03T23:10:00Z,3.845,3.845,3.845,3.845,4734.862134,18205.54490523
1788477060000,2026-09-03T23:11:00Z,3.845,3.845,3.845,3.845,8040,30913.8
1788477120000,2026-09-03T23:12:00Z,3.845,3.845,3.845,3.845,0,0
1788477180000,2026-09-03T23:13:00Z,3.845,3.845,3.845,3.845,8,30.76
1788477240000,2026-09-03T23:14:00Z,3.845,3.845,3.845,3.845,0,0
1788477300000,2026-09-03T23:15:00Z,3.845,3.845,3.845,3.845,0.25978,0.9988541
1788477360000,2026-09-03T23:16:00Z,3.845,3.845,3.845,3.845,2000,7690
1788477420000,2026-09-03T23:17:00Z,3.845,3.845,3.845,3.845,1556.629283,5985.239593135
1788477480000,2026-09-03T23:18:00Z,3.845,3.845,3.845,3.845,0,0
1788477540000,2026-09-03T23:19:00Z,3.845,3.845,3.845,3.845,0,0
1788477660000,2026-09-03T23:21:00Z,3.845,3.845,3.845,3.845,1275,4902.375
1788477780000,2026-09-03T23:23:00Z,3.845,3.845,3.845,3.845,439,1687.955
1788477840000,2026-09-03T23:24:00Z,3.845,3.845,3.845,3.845,0,0
1788477900000,2026-09-03T23:25:00Z,3.845,3.845,3.845,3.845,460.755485,1771.604839825
1788477960000,2026-09-03T23:26:00Z,3.845,3.845,3.845,3.845,605.779342,2329.22156999
1788478020000,2026-09-03T23:27:00Z,3.845,3.845,3.845,3.845,1300,4998.5
1788478080000,2026-09-03T23:28:00Z,3.845,3.845,3.845,3.845,2,7.69
1788478140000,2026-09-03T23:29:00Z,3.845,3.845,3.845,3.845,0,0
1788478200000,2026-09-03T23:30:00Z,3.845,3.845,3.845,3.845,1047,4025.715
1788478260000,2026-09-03T23:31:00Z,3.845,3.845,3.845,3.845,7.910529,30.415984005
1788478320000,2026-09-03T23:32:00Z,3.845,3.845,3.845,3.845,152,584.44
1788478380000,2026-09-03T23:33:00Z,3.845,3.845,3.845,3.845,0,0
1788478440000,2026-09-03T23:34:00Z,3.845,3.845,3.845,3.845,230,884.35
1788478500000,2026-09-03T23:35:00Z,3.845,3.845,3.845,3.845,0,0
1788478680000,2026-09-03T23:38:00Z,3.845,3.845,3.845,3.845,60,230.7
1788478740000,2026-09-03T23:39:00Z,3.845,3.845,3.845,3.845,3366,12942.27
1788478800000,2026-09-03T23:40:00Z,3.845,3.845,3.845,3.845,1902,7313.19
1788478860000,2026-09-03T23:41:00Z,3.845,3.845,3.845,3.845,553,2126.285
1788478920000,2026-09-03T23:42:00Z,3.845,3.845,3.845,3.845,0,0
1788478980000,2026-09-03T23:43:00Z,3.845,3.845,3.845,3.845,500,1922.5
1788479040000,2026-09-03T23:44:00Z,3.845,3.845,3.845,3.845,262,1007.39
1788479100000,2026-09-03T23:45:00Z,3.85,3.853,3.845,3.846,11214,43122.3156
1788479160000,2026-09-03T23:46:00Z,3.845,3.845,3.845,3.845,13175,50657.875
1788479220000,2026-09-03T23:47:00Z,3.847,3.849,3.847,3.849,261,1004.589
1788479280000,2026-09-03T23:48:00Z,3.85,3.85,3.85,3.85,13035,50184.75
1788479340000,2026-09-03T23:49:00Z,3.85,3.85,3.85,3.85,0,0
1788479460000,2026-09-03T23:51:00Z,3.85,3.85,3.85,3.85,6200,23870
1788479520000,2026-09-03T23:52:00Z,3.85,3.85,3.85,3.85,350,1347.5
1788479580000,2026-09-03T23:53:00Z,3.85,3.85,3.85,3.85,55.724938,214.5410113
1788479640000,2026-09-03T23:54:00Z,3.85,3.85,3.85,3.85,1092,4204.2
1788479700000,2026-09-03T23:55:00Z,3.849,3.849,3.846,3.846,4614,17758.3632
1788479760000,2026-09-03T23:56:00Z,3.845,3.845,3.845,3.845,36,138.42
1788479820000,2026-09-03T23:57:00Z,3.845,3.845,3.845,3.845,1850,7113.25
1788479880000,2026-09-03T23:58:00Z,3.845,3.845,3.845,3.845,1320,5075.4
1788479940000,2026-09-03T23:59:00Z,3.845,3.845,3.845,3.845,3372,12949.1544
1788480000000,2026-09-04T00:00:00Z,3.85,3.85,3.85,3.85,50,192.5
1788480060000,2026-09-04T00:01:00Z,3.85,3.85,3.85,3.85,2,7.7
1788480600000,2026-09-04T00:10:00Z,3.85,3.85,3.85,3.85,1,3.85
1788480780000,2026-09-04T00:13:00Z,3.85,3.85,3.85,3.85,55,211.75
1788480840000,2026-09-04T00:14:00Z,3.84,3.84,3.84,3.84,300,1152
1788480900000,2026-09-04T00:15:00Z,3.85,3.85,3.85,3.85,220,847
1788481080000,2026-09-04T00:18:00Z,3.84,3.84,3.84,3.84,20,76.8
1788481500000,2026-09-04T00:25:00Z,3.85,3.85,3.85,3.85,40,154
1788481680000,2026-09-04T00:28:00Z,3.85,3.85,3.85,3.85,9,34.65
1788481800000,2026-09-04T00:30:00Z,3.85,3.85,3.85,3.85,86,331.1
1788482460000,2026-09-04T00:41:00Z,3.85,3.85,3.85,3.85,1,3.85
1788483000000,2026-09-04T00:50:00Z,3.87,3.87,3.87,3.87,10,38.7
1788483300000,2026-09-04T00:55:00Z,3.87,3.87,3.87,3.87,218,843.66
1788483360000,2026-09-04T00:56:00Z,3.86,3.86,3.86,3.86,1,3.86
1788483600000,2026-09-04T01:00:00Z,3.85,3.85,3.85,3.85,46,177.1
1788483660000,2026-09-04T01:01:00Z,3.85,3.85,3.85,3.85,1,3.85
1788484800000,2026-09-04T01:20:00Z,3.87,3.87,3.87,3.87,8831,34175.97
1788484980000,2026-09-04T01:23:00Z,3.88,3.88,3.88,3.88,15,58.2
1788485040000,2026-09-04T01:24:00Z,3.88,3.88,3.86,3.86,812,3150.32
1788485100000,2026-09-04T01:25:00Z,3.86,3.86,3.86,3.86,1,3.86
1788485220000,2026-09-04T01:27:00Z,3.85,3.86,3.85,3.86,689,2656.68
1788485400000,2026-09-04T01:30:00Z,3.86,3.87,3.85,3.85,4580,17649.15
1788485460000,2026-09-04T01:31:00Z,3.88,3.88,3.88,3.88,5,19.4
1788485520000,2026-09-04T01:32:00Z,3.89,3.89,3.89,3.89,628,2442.92
1788485580000,2026-09-04T01:33:00Z,3.87,3.87,3.87,3.87,348,1346.76
1788485640000,2026-09-04T01:34:00Z,3.87,3.89,3.87,3.89,105,407.85
1788485700000,2026-09-04T01:35:00Z,3.88,3.88,3.88,3.88,45,174.6
1788485760000,2026-09-04T01:36:00Z,3.89,3.89,3.89,3.89,234,910.26
1788485940000,2026-09-04T01:39:00Z,3.87,3.87,3.87,3.87,1,3.87
1788486180000,2026-09-04T01:43:00Z,3.88,3.88,3.88,3.88,285,1105.8
1788486240000,2026-09-04T01:44:00Z,3.88,3.88,3.88,3.88,445,1726.6
1788486300000,2026-09-04T01:45:00Z,3.9,3.9,3.88,3.89,9891,38415.88
1788486480000,2026-09-04T01:48:00Z,3.88,3.88,3.88,3.88,50,194
1788486540000,2026-09-04T01:49:00Z,3.88,3.89,3.88,3.89,1906,7397.72
1788486600000,2026-09-04T01:50:00Z,3.88,3.88,3.88,3.88,16,62.08
1788486720000,2026-09-04T01:52:00Z,3.89,3.89,3.88,3.89,528,2052.94
1788486780000,2026-09-04T01:53:00Z,3.88,3.88,3.86,3.88,6674,25850.42
1788487200000,2026-09-04T02:00:00Z,3.88,3.88,3.88,3.88,2200,8536
1788487260000,2026-09-04T02:01:00Z,3.89,3.89,3.89,3.89,52,202.28
1788487380000,2026-09-04T02:03:00Z,3.89,3.89,3.89,3.89,446,1734.94
1788487440000,2026-09-04T02:04:00Z,3.89,3.89,3.87,3.89,12611,48939.89
1788487500000,2026-09-04T02:05:00Z,3.9,3.9,3.9,3.9,500,1950
1788487920000,2026-09-04T02:12:00Z,3.88,3.88,3.88,3.88,2014,7814.32
1788488040000,2026-09-04T02:14:00Z,3.9,3.9,3.88,3.88,1626,6335.36
1788488160000,2026-09-04T02:16:00Z,3.88,3.88,3.88,3.88,3900,15132
1788488220000,2026-09-04T02:17:00Z,3.88,3.88,3.86,3.86,35070,135764.21
1788488280000,2026-09-04T02:18:00Z,3.87,3.87,3.87,3.87,50,193.5
1788488340000,2026-09-04T02:19:00Z,3.89,3.89,3.89,3.89,1500,5835
1788488520000,2026-09-04T02:22:00Z,3.89,3.89,3.89,3.89,185,719.65
1788488580000,2026-09-04T02:23:00Z,3.89,3.89,3.89,3.89,145,564.05
1788488760000,2026-09-04T02:26:00Z,3.9,3.9,3.9,3.9,2,7.8
1788488880000,2026-09-04T02:28:00Z,3.89,3.89,3.86,3.87,8700,33702.5
1788489000000,2026-09-04T02:30:00Z,3.87,3.87,3.86,3.86,12200,47112
1788489060000,2026-09-04T02:31:00Z,3.88,3.88,3.88,3.88,300,1164
1788489480000,2026-09-04T02:38:00Z,3.89,3.89,3.89,3.89,7,27.23
1788489900000,2026-09-04T02:45:00Z,3.89,3.89,3.87,3.87,5106,19840.22
1788490020000,2026-09-04T02:47:00Z,3.89,3.89,3.89,3.89,100,389
1788490260000,2026-09-04T02:51:00Z,3.89,3.89,3.89,3.89,45,175.05
1788490980000,2026-09-04T03:03:00Z,3.89,3.89,3.89,3.89,3,11.67
1788491220000,2026-09-04T03:07:00Z,3.87,3.87,3.85,3.86,22620,87253.7
1788491460000,2026-09-04T03:11:00Z,3.86,3.86,3.86,3.86,1,3.86
1788491580000,2026-09-04T03:13:00Z,3.86,3.87,3.85,3.85,14900,57416.98
1788491820000,2026-09-04T03:17:00Z,3.86,3.86,3.86,3.86,3281,12664.66
1788492000000,2026-09-04T03:20:00Z,3.86,3.86,3.86,3.86,100,386
1788492120000,2026-09-04T03:22:00Z,3.86,3.86,3.86,3.86,234,903.24
1788492420000,2026-09-04T03:27:00Z,3.87,3.87,3.87,3.87,2,7.74
1788492660000,2026-09-04T03:31:00Z,3.86,3.86,3.86,3.86,260,1003.6
1788492960000,2026-09-04T03:36:00Z,3.86,3.87,3.85,3.87,6328,24468.72
1788493080000,2026-09-04T03:38:00Z,3.85,3.85,3.85,3.85,200,770
1788493260000,2026-09-04T03:41:00Z,3.85,3.85,3.85,3.85,1000,3850
1788493320000,2026-09-04T03:42:00Z,3.84,3.84,3.84,3.84,5,19.2
1788493440000,2026-09-04T03:44:00Z,3.85,3.85,3.85,3.85,10950,42157.5
1788493560000,2026-09-04T03:46:00Z,3.86,3.86,3.85,3.85,150,577.6
1788493680000,2026-09-04T03:48:00Z,3.86,3.86,3.86,3.86,40,154.4
1788493800000,2026-09-04T03:50:00Z,3.86,3.86,3.86,3.86,2000,7720
1788494280000,2026-09-04T03:58:00Z,3.85,3.85,3.83,3.83,6598,25294.34
1788494340000,2026-09-04T03:59:00Z,3.83,3.83,3.83,3.83,200,766
1788494400000,2026-09-04T04:00:00Z,3.83,3.83,3.83,3.83,500,1915
1788494460000,2026-09-04T04:01:00Z,3.85,3.85,3.85,3.85,1,3.85
1788494640000,2026-09-04T04:04:00Z,3.84,3.84,3.84,3.84,2000,7680
1788495000000,2026-09-04T04:10:00Z,3.84,3.84,3.84,3.84,10,38.4
1788495180000,2026-09-04T04:13:00Z,3.84,3.84,3.84,3.84,1,3.84
1788495540000,2026-09-04T04:19:00Z,3.84,3.84,3.84,3.84,1,3.84
1788495840000,2026-09-04T04:24:00Z,3.84,3.84,3.84,3.84,1721,6608.64
1788495960000,2026-09-04T04:26:00Z,3.87,3.87,3.87,3.87,10,38.7
1788496380000,2026-09-04T04:33:00Z,3.87,3.87,3.87,3.87,30,116.1
1788496500000,2026-09-04T04:35:00Z,3.86,3.86,3.86,3.86,11983,46254.38
1788497220000,2026-09-04T04:47:00Z,3.87,3.87,3.86,3.87,1039,4020.66
1788497460000,2026-09-04T04:51:00Z,3.86,3.87,3.86,3.86,4,15.45
1788498360000,2026-09-04T05:06:00Z,3.84,3.84,3.84,3.84,2,7.68
1788498660000,2026-09-04T05:11:00Z,3.83,3.85,3.83,3.85,8767,33644.81
1788498840000,2026-09-04T05:14:00Z,3.86,3.86,3.86,3.86,9,34.74
1788498960000,2026-09-04T05:16:00Z,3.85,3.85,3.85,3.85,200,770
1788499020000,2026-09-04T05:17:00Z,3.84,3.84,3.84,3.84,1086,4170.24
1788499080000,2026-09-04T05:18:00Z,3.85,3.85,3.85,3.85,67,257.95
1788499200000,2026-09-04T05:20:00Z,3.84,3.85,3.84,3.85,1000,3844.9
1788499380000,2026-09-04T05:23:00Z,3.85,3.85,3.85,3.85,52,200.2
1788499500000,2026-09-04T05:25:00Z,3.85,3.85,3.85,3.85,5,19.25
1788499560000,2026-09-04T05:26:00Z,3.85,3.85,3.85,3.85,5,19.25
1788499620000,2026-09-04T05:27:00Z,3.85,3.85,3.85,3.85,71,273.35
1788499800000,2026-09-04T05:30:00Z,3.85,3.85,3.85,3.85,100,385
1788499920000,2026-09-04T05:32:00Z,3.85,3.85,3.85,3.85,100,385
1788500100000,2026-09-04T05:35:00Z,3.84,3.84,3.84,3.84,3,11.52
1788500160000,2026-09-04T05:36:00Z,3.84,3.84,3.84,3.84,1501,5763.84
1788500220000,2026-09-04T05:37:00Z,3.85,3.85,3.85,3.85,499,1921.15
1788500400000,2026-09-04T05:40:00Z,3.86,3.86,3.86,3.86,37,142.82
1788500460000,2026-09-04T05:41:00Z,3.86,3.86,3.86,3.86,15,57.9
1788501300000,2026-09-04T05:55:00Z,3.84,3.84,3.82,3.84,5980,22962.06
1788501360000,2026-09-04T05:56:00Z,3.82,3.82,3.82,3.82,10,38.2
1788501480000,2026-09-04T05:58:00Z,3.83,3.83,3.83,3.83,2,7.66
1788501600000,2026-09-04T06:00:00Z,3.81,3.81,3.81,3.81,500,1905
1788501660000,2026-09-04T06:01:00Z,3.81,3.82,3.81,3.82,502,1912.64
1788501720000,2026-09-04T06:02:00Z,3.82,3.82,3.82,3.82,27,103.14
1788501840000,2026-09-04T06:04:00Z,3.84,3.84,3.84,3.84,574,2204.16
1788501900000,2026-09-04T06:05:00Z,3.85,3.85,3.85,3.85,18,69.3
1788502080000,2026-09-04T06:08:00Z,3.84,3.84,3.84,3.84,2000,7680
1788502140000,2026-09-04T06:09:00Z,3.83,3.83,3.83,3.83,1498,5737.34
1788502260000,2026-09-04T06:11:00Z,3.83,3.83,3.83,3.83,300,1149
1788502980000,2026-09-04T06:23:00Z,3.82,3.82,3.82,3.82,12032,45962.24
1788503100000,2026-09-04T06:25:00Z,3.82,3.82,3.82,3.82,450,1719
1788503160000,2026-09-04T06:26:00Z,3.82,3.82,3.82,3.82,3,11.46
1788503340000,2026-09-04T06:29:00Z,3.82,3.82,3.82,3.82,146,557.72
1788503580000,2026-09-04T06:33:00Z,3.83,3.83,3.83,3.83,514,1968.62
1788503640000,2026-09-04T06:34:00Z,3.83,3.83,3.8,3.8,10500,39915
1788503700000,2026-09-04T06:35:00Z,3.82,3.82,3.82,3.82,10000,38200
1788503760000,2026-09-04T06:36:00Z,3.81,3.81,3.81,3.81,35,133.35
1788503820000,2026-09-04T06:37:00Z,3.81,3.81,3.81,3.81,2354,8968.74
1788503940000,2026-09-04T06:39:00Z,3.81,3.81,3.81,3.81,5749,21903.69
1788504240000,2026-09-04T06:44:00Z,3.8,3.8,3.8,3.8,1128,4286.4
1788504360000,2026-09-04T06:46:00Z,3.8,3.8,3.8,3.8,4473,16997.4
1788504420000,2026-09-04T06:47:00Z,3.81,3.81,3.81,3.81,5,19.05
1788504480000,2026-09-04T06:48:00Z,3.81,3.81,3.81,3.81,1643,6259.83
1788504540000,2026-09-04T06:49:00Z,3.8,3.82,3.8,3.81,11046,42110.98
1788504600000,2026-09-04T06:50:00Z,3.81,3.81,3.81,3.81,2,7.62
1788504660000,2026-09-04T06:51:00Z,3.81,3.81,3.81,3.81,2,7.62
1788504780000,2026-09-04T06:53:00Z,3.81,3.81,3.81,3.81,205,781.05
1788504900000,2026-09-04T06:55:00Z,3.81,3.81,3.81,3.81,510,1943.1
1788504960000,2026-09-04T06:56:00Z,3.81,3.81,3.81,3.81,175,666.75
1788505080000,2026-09-04T06:58:00Z,3.81,3.81,3.81,3.81,20,76.2
1788505200000,2026-09-04T07:00:00Z,3.81,3.81,3.81,3.81,16,60.96
1788505320000,2026-09-04T07:02:00Z,3.81,3.81,3.81,3.81,104,396.24
1788505380000,2026-09-04T07:03:00Z,3.81,3.81,3.81,3.81,2,7.62
1788505440000,2026-09-04T07:04:00Z,3.82,3.83,3.82,3.83,5445,20815.17
1788505500000,2026-09-04T07:05:00Z,3.82,3.82,3.82,3.82,131,500.42
1788505560000,2026-09-04T07:06:00Z,3.82,3.82,3.82,3.82,920,3514.4
1788505620000,2026-09-04T07:07:00Z,3.82,3.82,3.82,3.82,92,351.44
1788505800000,2026-09-04T07:10:00Z,3.81,3.82,3.8,3.8,8869,33775.23
1788505860000,2026-09-04T07:11:00Z,3.81,3.81,3.81,3.81,7554,28780.74
1788505920000,2026-09-04T07:12:00Z,3.81,3.81,3.81,3.81,3,11.43
1788506100000,2026-09-04T07:15:00Z,3.81,3.81,3.81,3.81,128,487.68
1788506160000,2026-09-04T07:16:00Z,3.81,3.81,3.81,3.81,501,1908.81
1788506220000,2026-09-04T07:17:00Z,3.81,3.81,3.81,3.81,500,1905
1788506340000,2026-09-04T07:19:00Z,3.81,3.81,3.79,3.79,948,3602.92
1788506880000,2026-09-04T07:28:00Z,3.79,3.79,3.79,3.79,400,1516
1788507000000,2026-09-04T07:30:00Z,3.8,3.8,3.8,3.8,457,1736.6
1788507060000,2026-09-04T07:31:00Z,3.8,3.82,3.8,3.82,3434,13110.64
1788507180000,2026-09-04T07:33:00Z,3.82,3.82,3.82,3.82,2000,7640
1788507300000,2026-09-04T07:35:00Z,3.82,3.82,3.82,3.82,2600,9932
1788507360000,2026-09-04T07:36:00Z,3.82,3.82,3.82,3.82,1673,6390.86
1788507540000,2026-09-04T07:39:00Z,3.82,3.82,3.82,3.82,250,955
1788507840000,2026-09-04T07:44:00Z,3.82,3.82,3.82,3.82,6,22.92
1788507900000,2026-09-04T07:45:00Z,3.81,3.81,3.81,3.81,7,26.67
1788508080000,2026-09-04T07:48:00Z,3.81,3.81,3.81,3.81,1146,4366.26
1788508380000,2026-09-04T07:53:00Z,3.81,3.81,3.81,3.81,5,19.05
1788508440000,2026-09-04T07:54:00Z,3.81,3.81,3.81,3.81,2453,9345.93
1788508740000,2026-09-04T07:59:00Z,3.83,3.83,3.82,3.82,3200,12232.39
1788508800000,2026-09-04T08:00:00Z,3.838,3.838,3.805,3.805,110773.477134,421592.7766242906
1788508860000,2026-09-04T08:01:00Z,3.805,3.805,3.805,3.805,99169,377338.045
1788508920000,2026-09-04T08:02:00Z,3.805,3.805,3.805,3.805,8254.7,31409.1335
1788508980000,2026-09-04T08:03:00Z,3.805,3.805,3.805,3.805,48,182.64
1788509040000,2026-09-04T08:04:00Z,3.805,3.805,3.805,3.805,902,3432.11
1788509100000,2026-09-04T08:05:00Z,3.805,3.805,3.805,3.805,0,0
1788509160000,2026-09-04T08:06:00Z,3.805,3.805,3.805,3.805,445,1693.225
1788509220000,2026-09-04T08:07:00Z,3.805,3.805,3.8,3.805,1491,5673.255
1788509280000,2026-09-04T08:08:00Z,3.805,3.805,3.805,3.805,122,464.21
1788509340000,2026-09-04T08:09:00Z,3.805,3.805,3.805,3.805,13190,50187.95
1788509400000,2026-09-04T08:10:00Z,3.805,3.805,3.805,3.805,0,0
1788509520000,2026-09-04T08:12:00Z,3.805,3.81,3.796,3.796,18632.914857,70898.241030885
1788509580000,2026-09-04T08:13:00Z,3.795,3.795,3.795,3.795,2590,9829.05
1788509640000,2026-09-04T08:14:00Z,3.795,3.795,3.795,3.795,2420,9183.9
1788509700000,2026-09-04T08:15:00Z,3.795,3.795,3.795,3.795,1774,6732.33
1788509760000,2026-09-04T08:16:00Z,3.795,3.795,3.795,3.795,0,0
1788509820000,2026-09-04T08:17:00Z,3.795,3.795,3.795,3.795,0,0
1788509880000,2026-09-04T08:18:00Z,3.795,3.795,3.795,3.795,2469,9369.855
1788509940000,2026-09-04T08:19:00Z,3.795,3.795,3.795,3.795,476,1806.42
1788510000000,2026-09-04T08:20:00Z,3.795,3.795,3.795,3.795,50,189.75
1788510060000,2026-09-04T08:21:00Z,3.795,3.795,3.795,3.795,1103,4185.885
1788510180000,2026-09-04T08:23:00Z,3.795,3.795,3.795,3.795,47,178.365
1788510240000,2026-09-04T08:24:00Z,3.795,3.795,3.795,3.795,0,0
1788510300000,2026-09-04T08:25:00Z,3.795,3.795,3.795,3.795,300,1138.5
1788510360000,2026-09-04T08:26:00Z,3.795,3.795,3.795,3.795,206,781.77
1788510420000,2026-09-04T08:27:00Z,3.795,3.795,3.795,3.795,0,0
1788510540000,2026-09-04T08:29:00Z,3.795,3.795,3.795,3.795,2015,7646.925
1788510600000,2026-09-04T08:30:00Z,3.795,3.795,3.795,3.795,11066,41995.47
1788510720000,2026-09-04T08:32:00Z,3.795,3.795,3.795,3.795,14127,53611.965
1788510780000,2026-09-04T08:33:00Z,3.795,3.795,3.795,3.795,0,0
1788510840000,2026-09-04T08:34:00Z,3.795,3.795,3.795,3.795,4029,15290.055
1788510900000,2026-09-04T08:35:00Z,3.797,3.803,3.797,3.803,2,7.594
1788510960000,2026-09-04T08:36:00Z,3.804,3.805,3.804,3.805,2002,7615.608
1788511020000,2026-09-04T08:37:00Z,3.805,3.805,3.798,3.798,16667,63414.6016
1788511080000,2026-09-04T08:38:00Z,3.797,3.797,3.797,3.797,0,0
1788511140000,2026-09-04T08:39:00Z,3.796,3.796,3.795,3.795,0,0
1788511200000,2026-09-04T08:40:00Z,3.795,3.795,3.795,3.795,386,1464.87
1788511260000,2026-09-04T08:41:00Z,3.795,3.795,3.795,3.795,85,322.575
1788511320000,2026-09-04T08:42:00Z,3.795,3.795,3.795,3.795,0,0
1788511500000,2026-09-04T08:45:00Z,3.795,3.795,3.795,3.795,9,34.155
1788511560000,2026-09-04T08:46:00Z,3.795,3.795,3.795,3.795,200,759
1788511620000,2026-09-04T08:47:00Z,3.795,3.795,3.795,3.795,0,0
1788511680000,2026-09-04T08:48:00Z,3.795,3.795,3.795,3.795,51.015,193.601925
1788511740000,2026-09-04T08:49:00Z,3.795,3.795,3.795,3.795,2,7.59
1788511800000,2026-09-04T08:50:00Z,3.795,3.795,3.795,3.795,2147,8147.865
1788511860000,2026-09-04T08:51:00Z,3.795,3.803,3.795,3.803,60969,231383.4519
1788511920000,2026-09-04T08:52:00Z,3.804,3.804,3.804,3.804,0,0
1788512100000,2026-09-04T08:55:00Z,3.805,3.805,3.805,3.805,11509,43791.745
1788512160000,2026-09-04T08:56:00Z,3.805,3.805,3.805,3.805,16000,60880
1788512220000,2026-09-04T08:57:00Z,3.805,3.805,3.805,3.805,9502,36155.11
1788512280000,2026-09-04T08:58:00Z,3.805,3.805,3.805,3.805,9600,36528
1788512340000,2026-09-04T08:59:00Z,3.805,3.805,3.805,3.805,12730,48437.65
1788512400000,2026-09-04T09:00:00Z,3.805,3.805,3.805,3.805,5250,19976.25
1788512460000,2026-09-04T09:01:00Z,3.805,3.805,3.805,3.805,25005,95144.025
1788512520000,2026-09-04T09:02:00Z,3.805,3.805,3.805,3.805,13278,50522.79
1788512580000,2026-09-04T09:03:00Z,3.805,3.805,3.805,3.805,10000,38050
1788512640000,2026-09-04T09:04:00Z,3.805,3.805,3.805,3.805,0,0
1788512700000,2026-09-04T09:05:00Z,3.805,3.805,3.805,3.805,2500,9512.5
1788512760000,2026-09-04T09:06:00Z,3.805,3.805,3.805,3.805,129,490.845
1788512820000,2026-09-04T09:07:00Z,3.805,3.805,3.805,3.805,9000,34245
1788512880000,2026-09-04T09:08:00Z,3.805,3.805,3.805,3.805,8030,30554.15
1788512940000,2026-09-04T09:09:00Z,3.805,3.805,3.805,3.805,9000,34245
1788513000000,2026-09-04T09:10:00Z,3.805,3.805,3.795,3.795,30084,114409.452
1788513060000,2026-09-04T09:11:00Z,3.795,3.795,3.795,3.795,7802,29608.59
1788513120000,2026-09-04T09:12:00Z,3.795,3.795,3.795,3.795,5503,20883.885
1788513180000,2026-09-04T09:13:00Z,3.795,3.795,3.795,3.795,8185,31062.075
1788513240000,2026-09-04T09:14:00Z,3.795,3.795,3.795,3.795,10650,40416.75
1788513300000,2026-09-04T09:15:00Z,3.795,3.795,3.795,3.795,8950,33965.25
1788513360000,2026-09-04T09:16:00Z,3.795,3.795,3.795,3.795,27706,105144.27
1788513420000,2026-09-04T09:17:00Z,3.795,3.795,3.795,3.795,9528,36158.76
1788513480000,2026-09-04T09:18:00Z,3.795,3.795,3.795,3.795,10500,39847.5
1788513540000,2026-09-04T09:19:00Z,3.795,3.795,3.795,3.795,11975,45445.125
1788513600000,2026-09-04T09:20:00Z,3.795,3.795,3.795,3.795,10603,40238.385
1788513660000,2026-09-04T09:21:00Z,3.795,3.795,3.795,3.795,7025,26659.875
1788513720000,2026-09-04T09:22:00Z,3.795,3.795,3.795,3.795,5476,20781.42
1788513780000,2026-09-04T09:23:00Z,3.795,3.795,3.795,3.795,0,0
1788513900000,2026-09-04T09:25:00Z,3.795,3.795,3.795,3.795,403,1529.385
1788513960000,2026-09-04T09:26:00Z,3.795,3.795,3.795,3.795,6577,24959.715
1788514020000,2026-09-04T09:27:00Z,3.795,3.795,3.795,3.795,4200,15939
1788514080000,2026-09-04T09:28:00Z,3.795,3.795,3.795,3.795,0,0
1788514260000,2026-09-04T09:31:00Z,3.795,3.795,3.795,3.795,1,3.795
1788514320000,2026-09-04T09:32:00Z,3.795,3.795,3.795,3.795,56,212.52
1788514380000,2026-09-04T09:33:00Z,3.795,3.795,3.795,3.795,3600,13662
1788514440000,2026-09-04T09:34:00Z,3.795,3.795,3.795,3.795,5,18.975
1788514500000,2026-09-04T09:35:00Z,3.795,3.795,3.795,3.795,900,3415.5
1788514560000,2026-09-04T09:36:00Z,3.795,3.795,3.795,3.795,1,3.795
1788514620000,2026-09-04T09:37:00Z,3.795,3.795,3.795,3.795,0,0
1788514860000,2026-09-04T09:41:00Z,3.795,3.795,3.795,3.795,0,0
1788514980000,2026-09-04T09:43:00Z,3.795,3.795,3.795,3.795,0,0
1788515160000,2026-09-04T09:46:00Z,3.795,3.795,3.795,3.795,1009,3829.155
1788515220000,2026-09-04T09:47:00Z,3.795,3.795,3.795,3.795,0,0
1788515340000,2026-09-04T09:49:00Z,3.795,3.795,3.795,3.795,0,0
1788515580000,2026-09-04T09:53:00Z,3.795,3.795,3.795,3.795,0,0
1788515760000,2026-09-04T09:56:00Z,3.795,3.795,3.795,3.795,1000,3795
1788515820000,2026-09-04T09:57:00Z,3.795,3.795,3.795,3.795,0,0
1788515940000,2026-09-04T09:59:00Z,3.795,3.795,3.795,3.795,1672,6345.24
1788516000000,2026-09-04T10:00:00Z,3.795,3.795,3.795,3.795,147,557.865
1788516060000,2026-09-04T10:01:00Z,3.795,3.795,3.795,3.795,1000,3795
1788516120000,2026-09-04T10:02:00Z,3.795,3.795,3.795,3.795,35,132.825
1788516180000,2026-09-04T10:03:00Z,3.795,3.795,3.795,3.795,2500,9487.5
1788516300000,2026-09-04T10:05:00Z,3.795,3.795,3.795,3.795,101,383.295
1788516360000,2026-09-04T10:06:00Z,3.8,3.8,3.795,3.795,462,1753.29
1788516420000,2026-09-04T10:07:00Z,3.795,3.81,3.795,3.795,47373,179780.535
1788516480000,2026-09-04T10:08:00Z,3.795,3.795,3.79,3.795,8861.015,33627.551925
1788516540000,2026-09-04T10:09:00Z,3.795,3.795,3.795,3.795,0,0
1788516660000,2026-09-04T10:11:00Z,3.795,3.81,3.79,3.795,47804,181416.18
1788516780000,2026-09-04T10:13:00Z,3.795,3.795,3.795,3.795,0,0
1788516840000,2026-09-04T10:14:00Z,3.795,3.795,3.795,3.795,430,1631.85
1788516900000,2026-09-04T10:15:00Z,3.795,3.795,3.795,3.795,0,0
1788517020000,2026-09-04T10:17:00Z,3.795,3.795,3.795,3.795,19.3184,73.313328
1788517080000,2026-09-04T10:18:00Z,3.795,3.795,3.795,3.795,10534,39976.53
1788517140000,2026-09-04T10:19:00Z,3.795,3.795,3.795,3.795,11500,43642.5
1788517200000,2026-09-04T10:20:00Z,3.795,3.795,3.795,3.795,12000,45540
1788517260000,2026-09-04T10:21:00Z,3.795,3.795,3.795,3.795,10590,40189.05
1788517320000,2026-09-04T10:22:00Z,3.795,3.795,3.795,3.795,11050,41934.75
1788517380000,2026-09-04T10:23:00Z,3.795,3.795,3.795,3.795,14653,55608.135
1788517440000,2026-09-04T10:24:00Z,3.795,3.795,3.795,3.795,12501,47441.295
1788517500000,2026-09-04T10:25:00Z,3.795,3.795,3.795,3.795,12000,45540
1788517560000,2026-09-04T10:26:00Z,3.795,3.795,3.795,3.795,11500,43642.5
1788517620000,2026-09-04T10:27:00Z,3.795,3.795,3.795,3.795,12000,45540
1788517680000,2026-09-04T10:28:00Z,3.795,3.795,3.795,3.795,12000,45540
1788517740000,2026-09-04T10:29:00Z,3.795,3.795,3.795,3.795,8588.344736,32592.76827312
1788517800000,2026-09-04T10:30:00Z,3.795,3.795,3.795,3.795,3154,11969.43
1788517860000,2026-09-04T10:31:00Z,3.795,3.795,3.795,3.795,0.68421,2.59657695
1788517920000,2026-09-04T10:32:00Z,3.795,3.795,3.795,3.795,0,0
1788517980000,2026-09-04T10:33:00Z,3.795,3.795,3.795,3.795,200,759
1788518040000,2026-09-04T10:34:00Z,3.795,3.795,3.795,3.795,1530,5806.35
1788518100000,2026-09-04T10:35:00Z,3.795,3.795,3.795,3.795,0,0
1788518220000,2026-09-04T10:37:00Z,3.795,3.795,3.795,3.795,10001,37953.795
1788518280000,2026-09-04T10:38:00Z,3.795,3.795,3.795,3.795,0,0
1788518340000,2026-09-04T10:39:00Z,3.795,3.795,3.795,3.795,100,379.5
1788518400000,2026-09-04T10:40:00Z,3.795,3.795,3.795,3.795,0,0
1788518460000,2026-09-04T10:41:00Z,3.795,3.795,3.795,3.795,153,580.635
1788518520000,2026-09-04T10:42:00Z,3.795,3.795,3.795,3.795,1000,3795
1788518580000,2026-09-04T10:43:00Z,3.795,3.795,3.795,3.795,45,170.775
1788518640000,2026-09-04T10:44:00Z,3.795,3.795,3.795,3.795,0,0
1788518760000,2026-09-04T10:46:00Z,3.795,3.795,3.795,3.795,0,0
1788518940000,2026-09-04T10:49:00Z,3.8,3.81,3.79,3.81,2370,8994.15
1788519000000,2026-09-04T10:50:00Z,3.795,3.795,3.795,3.795,1219,4626.105
1788519060000,2026-09-04T10:51:00Z,3.795,3.795,3.795,3.795,205,777.975
1788519120000,2026-09-04T10:52:00Z,3.795,3.795,3.795,3.795,150,569.25
1788519180000,2026-09-04T10:53:00Z,3.795,3.795,3.795,3.795,1006,3817.77
1788519240000,2026-09-04T10:54:00Z,3.795,3.795,3.795,3.795,0,0
1788519300000,2026-09-04T10:55:00Z,3.795,3.795,3.795,3.795,23,87.285
1788519360000,2026-09-04T10:56:00Z,3.795,3.795,3.795,3.795,1505,5711.475
1788519420000,2026-09-04T10:57:00Z,3.795,3.8,3.795,3.795,10796,40970.82
1788519480000,2026-09-04T10:58:00Z,3.79,3.795,3.79,3.795,1570,5950.3
1788519540000,2026-09-04T10:59:00Z,3.795,3.795,3.795,3.795,3,11.385
1788519600000,2026-09-04T11:00:00Z,3.81,3.81,3.795,3.795,101086,383621.37
1788519660000,2026-09-04T11:01:00Z,3.795,3.795,3.795,3.795,10723,40693.785
1788519720000,2026-09-04T11:02:00Z,3.795,3.795,3.795,3.795,71336,270720.12
1788519780000,2026-09-04T11:03:00Z,3.795,3.795,3.795,3.795,16543,62780.685
1788519840000,2026-09-04T11:04:00Z,3.795,3.795,3.795,3.795,12049,45725.955
1788519900000,2026-09-04T11:05:00Z,3.795,3.795,3.795,3.795,12716,48257.22
1788519960000,2026-09-04T11:06:00Z,3.795,3.81,3.795,3.795,7404,28098.18
1788520020000,2026-09-04T11:07:00Z,3.795,3.795,3.795,3.795,276,1047.42
1788520080000,2026-09-04T11:08:00Z,3.795,3.795,3.795,3.795,1425,5407.875
1788520140000,2026-09-04T11:09:00Z,3.795,3.795,3.795,3.795,776,2944.92
1788520200000,2026-09-04T11:10:00Z,3.795,3.795,3.795,3.795,472,1791.24
1788520260000,2026-09-04T11:11:00Z,3.795,3.81,3.795,3.795,44538,169021.71
1788520320000,2026-09-04T11:12:00Z,3.795,3.795,3.795,3.795,2250,8538.75
1788520380000,2026-09-04T11:13:00Z,3.795,3.801,3.79,3.801,18927,71829.8577
1788520440000,2026-09-04T11:14:00Z,3.802,3.805,3.802,3.805,11462.625223,43615.288973515
1788520500000,2026-09-04T11:15:00Z,3.805,3.805,3.805,3.805,28255,107510.275
1788520560000,2026-09-04T11:16:00Z,3.805,3.805,3.805,3.805,58675,223258.375
1788520620000,2026-09-04T11:17:00Z,3.805,3.805,3.805,3.805,11061.03,42087.21915
1788520680000,2026-09-04T11:18:00Z,3.805,3.805,3.8,3.805,19676,74867.18
1788520740000,2026-09-04T11:19:00Z,3.805,3.805,3.805,3.805,11031,41972.955
1788520800000,2026-09-04T11:20:00Z,3.805,3.805,3.805,3.805,19870,75605.35
1788520860000,2026-09-04T11:21:00Z,3.805,3.805,3.805,3.805,11452,43574.86
1788520920000,2026-09-04T11:22:00Z,3.805,3.805,3.805,3.805,21488.165486,81762.46967423
1788520980000,2026-09-04T11:23:00Z,3.805,3.81,3.805,3.805,16054,61085.47
1788521040000,2026-09-04T11:24:00Z,3.805,3.805,3.805,3.805,15039,57223.395
1788521100000,2026-09-04T11:25:00Z,3.805,3.805,3.805,3.805,13205.649414,50247.49602027
1788521160000,2026-09-04T11:26:00Z,3.805,3.805,3.805,3.805,7385,28099.925
1788521220000,2026-09-04T11:27:00Z,3.805,3.805,3.805,3.805,2060,7838.3
1788521280000,2026-09-04T11:28:00Z,3.805,3.805,3.805,3.805,3019.090909,11487.640908745
1788521340000,2026-09-04T11:29:00Z,3.805,3.805,3.805,3.805,247,939.835
1788521400000,2026-09-04T11:30:00Z,3.805,3.82,3.805,3.805,8440,32114.2
1788521460000,2026-09-04T11:31:00Z,3.805,3.805,3.805,3.805,10793,41067.365
1788521520000,2026-09-04T11:32:00Z,3.805,3.805,3.805,3.805,0,0
1788521580000,2026-09-04T11:33:00Z,3.805,3.805,3.805,3.805,409,1556.245
1788521640000,2026-09-04T11:34:00Z,3.805,3.805,3.805,3.805,3800,14459
1788521700000,2026-09-04T11:35:00Z,3.805,3.805,3.805,3.805,1487,5658.035
1788521760000,2026-09-04T11:36:00Z,3.805,3.805,3.805,3.805,5615,21365.075
1788521820000,2026-09-04T11:37:00Z,3.805,3.805,3.805,3.805,3624,13789.32
1788521880000,2026-09-04T11:38:00Z,3.805,3.82,3.805,3.805,24488,93176.84
1788521940000,2026-09-04T11:39:00Z,3.805,3.805,3.805,3.805,5074,19306.57
1788522000000,2026-09-04T11:40:00Z,3.805,3.805,3.805,3.805,3430,13051.15
1788522060000,2026-09-04T11:41:00Z,3.805,3.805,3.805,3.805,187,711.535
1788522120000,2026-09-04T11:42:00Z,3.805,3.82,3.796,3.796,56257,214046.6336
1788522180000,2026-09-04T11:43:00Z,3.795,3.795,3.795,3.795,4557,17293.815
1788522240000,2026-09-04T11:44:00Z,3.795,3.795,3.795,3.795,9871,37460.445
1788522300000,2026-09-04T11:45:00Z,3.795,3.795,3.795,3.795,21353.648031,81037.094277645
1788522360000,2026-09-04T11:46:00Z,3.795,3.795,3.795,3.795,37109.264266,140829.65788947
1788522420000,2026-09-04T11:47:00Z,3.795,3.795,3.795,3.795,23389.828052,88764.39745734
1788522480000,2026-09-04T11:48:00Z,3.795,3.795,3.795,3.795,33602,127519.59
1788522540000,2026-09-04T11:49:00Z,3.795,3.795,3.795,3.795,26801,101709.795
1788522600000,2026-09-04T11:50:00Z,3.795,3.795,3.795,3.795,16699,63372.705
1788522660000,2026-09-04T11:51:00Z,3.795,3.795,3.795,3.795,12550,47627.25
1788522720000,2026-09-04T11:52:00Z,3.795,3.795,3.795,3.795,6311,23950.245
1788522780000,2026-09-04T11:53:00Z,3.795,3.795,3.795,3.795,4679,17756.805
1788522840000,2026-09-04T11:54:00Z,3.795,3.795,3.795,3.795,1393.159612,5287.04072754
1788522900000,2026-09-04T11:55:00Z,3.795,3.795,3.795,3.795,10908.97668,41399.5665006
1788522960000,2026-09-04T11:56:00Z,3.795,3.795,3.795,3.795,1166,4424.97
1788523020000,2026-09-04T11:57:00Z,3.795,3.795,3.795,3.795,1111,4216.245
1788523080000,2026-09-04T11:58:00Z,3.795,3.795,3.795,3.795,9114,34587.63
1788523140000,2026-09-04T11:59:00Z,3.795,3.795,3.795,3.795,5297,20102.115
1788523200000,2026-09-04T12:00:00Z,3.795,3.795,3.795,3.795,9015.567865,34214.080047675
1788523260000,2026-09-04T12:01:00Z,3.795,3.795,3.795,3.795,31027.478234,117749.27989803
1788523320000,2026-09-04T12:02:00Z,3.795,3.795,3.795,3.795,15720.184982,59658.10200669
1788523380000,2026-09-04T12:03:00Z,3.795,3.795,3.795,3.795,10019,38022.105
1788523440000,2026-09-04T12:04:00Z,3.795,3.795,3.78,3.795,21253.896399,80658.536834205
1788523500000,2026-09-04T12:05:00Z,3.795,3.795,3.78,3.786,73823,279981.1098
1788523560000,2026-09-04T12:06:00Z,3.786,3.786,3.785,3.785,0,0
1788523620000,2026-09-04T12:07:00Z,3.785,3.785,3.785,3.785,13567,51351.095
1788523680000,2026-09-04T12:08:00Z,3.785,3.785,3.785,3.785,10736,40635.76
1788523740000,2026-09-04T12:09:00Z,3.785,3.785,3.785,3.785,23201.27,87816.80695
1788523800000,2026-09-04T12:10:00Z,3.785,3.785,3.78,3.785,23372,88463.02
1788523860000,2026-09-04T12:11:00Z,3.785,3.785,3.785,3.785,26056.392165,98623.444344525
1788523920000,2026-09-04T12:12:00Z,3.785,3.785,3.785,3.785,32263,122115.455
1788523980000,2026-09-04T12:13:00Z,3.785,3.785,3.77,3.775,100042,378498.9028
1788524040000,2026-09-04T12:14:00Z,3.775,3.775,3.775,3.775,27820.135152,105021.0101988
1788524100000,2026-09-04T12:15:00Z,3.775,3.775,3.775,3.775,24698.231557,93235.824127675
1788524160000,2026-09-04T12:16:00Z,3.775,3.775,3.775,3.775,27766,104816.65
1788524220000,2026-09-04T12:17:00Z,3.775,3.775,3.775,3.775,28495,107568.625
1788524280000,2026-09-04T12:18:00Z,3.775,3.775,3.775,3.775,28443,107372.325
1788524340000,2026-09-04T12:19:00Z,3.775,3.775,3.775,3.775,35459.412899,133859.283693725
1788524400000,2026-09-04T12:20:00Z,3.775,3.775,3.775,3.775,27075,102208.125
1788524460000,2026-09-04T12:21:00Z,3.775,3.775,3.775,3.775,27727,104669.425
1788524520000,2026-09-04T12:22:00Z,3.775,3.775,3.775,3.775,27075,102208.125
1788524580000,2026-09-04T12:23:00Z,3.775,3.775,3.775,3.775,29432.760606,111108.67128765
1788524640000,2026-09-04T12:24:00Z,3.775,3.775,3.775,3.775,25215.571364,95188.7818991
1788524700000,2026-09-04T12:25:00Z,3.775,3.775,3.77,3.775,44599,168361.225
1788524760000,2026-09-04T12:26:00Z,3.775,3.775,3.775,3.775,24604.169334,92880.73923585
1788524820000,2026-09-04T12:27:00Z,3.775,3.775,3.775,3.775,23033,86949.575
1788524880000,2026-09-04T12:28:00Z,3.775,3.775,3.775,3.775,31804,120060.1
1788524940000,2026-09-04T12:29:00Z,3.775,3.775,3.775,3.775,26012.497507,98197.178088925
1788525000000,2026-09-04T12:30:00Z,3.775,3.775,3.775,3.775,50880.9213,192075.4779075
1788525060000,2026-09-04T12:31:00Z,3.775,3.775,3.775,3.775,24051.199922,90793.27970555
1788525120000,2026-09-04T12:32:00Z,3.775,3.775,3.775,3.775,20323.8877,76722.6760675
1788525180000,2026-09-04T12:33:00Z,3.775,3.775,3.775,3.775,15466.646062,58386.58888405
1788525240000,2026-09-04T12:34:00Z,3.775,3.775,3.775,3.775,28759.264606,108566.22388765
1788525300000,2026-09-04T12:35:00Z,3.775,3.775,3.775,3.775,25258,95348.95
1788525360000,2026-09-04T12:36:00Z,3.775,3.775,3.775,3.775,29479.05171,111283.42020525
1788525420000,2026-09-04T12:37:00Z,3.775,3.775,3.775,3.775,21555,81370.125
1788525480000,2026-09-04T12:38:00Z,3.775,3.775,3.775,3.775,928,3503.2
1788525540000,2026-09-04T12:39:00Z,3.775,3.775,3.76,3.775,42420,160135.5
1788525600000,2026-09-04T12:40:00Z,3.775,3.775,3.775,3.775,12291,46398.525
1788525660000,2026-09-04T12:41:00Z,3.775,3.775,3.775,3.775,10419,39331.725
1788525720000,2026-09-04T12:42:00Z,3.775,3.775,3.775,3.775,12213.441567,46105.741915425
1788525780000,2026-09-04T12:43:00Z,3.775,3.775,3.775,3.775,10481,39565.775
1788525840000,2026-09-04T12:44:00Z,3.775,3.775,3.775,3.775,5109,19286.475
1788525900000,2026-09-04T12:45:00Z,3.775,3.78,3.775,3.775,31877.615156,120337.9972139
1788525960000,2026-09-04T12:46:00Z,3.775,3.775,3.775,3.775,41822.323031,157879.269442025
1788526020000,2026-09-04T12:47:00Z,3.775,3.775,3.755,3.755,74446.443014,280886.429491822
1788526080000,2026-09-04T12:48:00Z,3.755,3.755,3.755,3.755,19994,75077.47
1788526140000,2026-09-04T12:49:00Z,3.755,3.755,3.755,3.755,19099.266014,71717.74388257
1788526200000,2026-09-04T12:50:00Z,3.755,3.755,3.755,3.755,22627,84964.385
1788526260000,2026-09-04T12:51:00Z,3.755,3.77,3.755,3.77,36739.064522,138072.7522865804
1788526320000,2026-09-04T12:52:00Z,3.765,3.775,3.765,3.775,23526,88655.3784
1788526380000,2026-09-04T12:53:00Z,3.775,3.775,3.775,3.775,26421,99739.275
1788526440000,2026-09-04T12:54:00Z,3.775,3.775,3.77,3.775,43177,162993.175
1788526500000,2026-09-04T12:55:00Z,3.775,3.775,3.775,3.775,8631,32582.025
1788526560000,2026-09-04T12:56:00Z,3.775,3.775,3.775,3.775,12624.426785,47657.211113375
1788526620000,2026-09-04T12:57:00Z,3.775,3.775,3.765,3.765,14972,56457.9148
1788526680000,2026-09-04T12:58:00Z,3.765,3.765,3.765,3.765,10406.5,39180.4725
1788526740000,2026-09-04T12:59:00Z,3.765,3.765,3.765,3.765,17883,67329.495
1788526800000,2026-09-04T13:00:00Z,3.765,3.78,3.765,3.775,27270,102720.636
1788526860000,2026-09-04T13:01:00Z,3.775,3.775,3.775,3.775,17590,66402.25
1788526920000,2026-09-04T13:02:00Z,3.775,3.775,3.775,3.775,17534.264606,66191.84888765
1788526980000,2026-09-04T13:03:00Z,3.775,3.78,3.76,3.76,806,3042.65
1788527040000,2026-09-04T13:04:00Z,3.775,3.775,3.775,3.775,15363.646062,57997.76388405
1788527100000,2026-09-04T13:05:00Z,3.775,3.775,3.77,3.775,52683.992853,198882.073020075
1788527160000,2026-09-04T13:06:00Z,3.775,3.775,3.775,3.775,18663,70452.825
1788527220000,2026-09-04T13:07:00Z,3.775,3.775,3.775,3.775,27454,103638.85
1788527280000,2026-09-04T13:08:00Z,3.775,3.775,3.775,3.775,35191,132846.025
1788527340000,2026-09-04T13:09:00Z,3.775,3.775,3.775,3.775,24850,93808.75
1788527400000,2026-09-04T13:10:00Z,3.775,3.775,3.775,3.775,15948,60203.7
1788527460000,2026-09-04T13:11:00Z,3.775,3.775,3.775,3.775,14165,53472.875
1788527520000,2026-09-04T13:12:00Z,3.775,3.775,3.775,3.775,31715.474381,119725.915788275
1788527580000,2026-09-04T13:13:00Z,3.775,3.775,3.775,3.775,23830.460411,89959.988051525
1788527640000,2026-09-04T13:14:00Z,3.775,3.775,3.775,3.775,22245,83974.875
1788527700000,2026-09-04T13:15:00Z,3.775,3.775,3.775,3.775,21957,82887.675
1788527760000,2026-09-04T13:16:00Z,3.775,3.775,3.76,3.765,47658.396936,179786.5366013664
1788527820000,2026-09-04T13:17:00Z,3.765,3.765,3.765,3.765,31596,118958.94
1788527880000,2026-09-04T13:18:00Z,3.765,3.77,3.765,3.77,14406.800292,54241.60309938
1788527940000,2026-09-04T13:19:00Z,3.7608,3.77,3.7608,3.77,20790.486183,78276.180478995
1788528000000,2026-09-04T13:20:00Z,3.7698,3.7698,3.76,3.76,11259,42390.135
1788528060000,2026-09-04T13:21:00Z,3.7608,3.77,3.76,3.7692,17435,65642.775
1788528120000,2026-09-04T13:22:00Z,3.7698,3.77,3.76,3.76,24974.29318,94028.2138227
1788528180000,2026-09-04T13:23:00Z,3.77,3.77,3.7603,3.7692,19794.265308,74525.40888462
1788528240000,2026-09-04T13:24:00Z,3.76,3.77,3.76,3.7693,24338.180191,91633.248419115
1788528300000,2026-09-04T13:25:00Z,3.77,3.77,3.77,3.77,34184,128736.944
1788528360000,2026-09-04T13:26:00Z,3.7792,3.78,3.77,3.77,6617.505605,24981.083658875
1788528420000,2026-09-04T13:27:00Z,3.77,3.79,3.77,3.7808,53153,200737.6198
1788528480000,2026-09-04T13:28:00Z,3.7801,3.7898,3.78,3.7808,1356,5132.46
1788528540000,2026-09-04T13:29:00Z,3.7892,3.79,3.78,3.7899,6505,24595.405
1788528600000,2026-09-04T13:30:00Z,3.7783,3.78,3.77,3.7743,370906.927726,1403437.6331296388
1788528660000,2026-09-04T13:31:00Z,3.77,3.78,3.77,3.775,113369,427699.4227
1788528720000,2026-09-04T13:32:00Z,3.7783,3.78,3.76,3.7715,169563.306116,639406.2710328244
1788528780000,2026-09-04T13:33:00Z,3.7792,3.78,3.7601,3.7699,116206.475162,438365.6862536126
1788528840000,2026-09-04T13:34:00Z,3.765,3.77,3.75,3.765,321511.533068,1208722.608569146
1788528900000,2026-09-04T13:35:00Z,3.7698,3.78,3.76,3.7787,306475.272898,1154584.2955886354
1788528960000,2026-09-04T13:36:00Z,3.775,3.79,3.775,3.785,223249.55673,843749.374705362
1788529020000,2026-09-04T13:37:00Z,3.785,3.79,3.78,3.785,183118.984048,693105.35462168
1788529080000,2026-09-04T13:38:00Z,3.785,3.79,3.775,3.775,150623.176027,569897.8488157572
1788529140000,2026-09-04T13:39:00Z,3.775,3.78,3.77,3.775,47867.645185,180714.7208669305
1788529200000,2026-09-04T13:40:00Z,3.775,3.78,3.77,3.7701,79726.450503,300967.350648825
1788529260000,2026-09-04T13:41:00Z,3.7784,3.78,3.77,3.775,110803.653418,418283.79165295
1788529320000,2026-09-04T13:42:00Z,3.775,3.78,3.77,3.7705,44177.202946,166768.94112115
1788529380000,2026-09-04T13:43:00Z,3.775,3.78,3.77,3.775,115461.065137,435865.520892175
1788529440000,2026-09-04T13:44:00Z,3.78,3.78,3.77,3.7781,204271.498791,771124.907936025
1788529500000,2026-09-04T13:45:00Z,3.78,3.78,3.77,3.78,166582.013531,628847.101079525
1788529560000,2026-09-04T13:46:00Z,3.77,3.78,3.77,3.775,163424.6137,616927.9167175
1788529620000,2026-09-04T13:47:00Z,3.775,3.78,3.77,3.775,65033.190618,245500.29458295
1788529680000,2026-09-04T13:48:00Z,3.775,3.78,3.77,3.775,46452.852235,175359.517187125
1788529740000,2026-09-04T13:49:00Z,3.7701,3.78,3.77,3.7799,37497.199716,141551.9289279
1788529800000,2026-09-04T13:50:00Z,3.7784,3.78,3.77,3.77,35918.14102,135590.9823505
1788529860000,2026-09-04T13:51:00Z,3.77,3.78,3.77,3.7701,209147.273085,789530.955895875
1788529920000,2026-09-04T13:52:00Z,3.7714,3.78,3.77,3.775,187339.942216,707208.2818654
1788529980000,2026-09-04T13:53:00Z,3.775,3.78,3.76,3.765,267881.042509,1010313.3518226935
1788530040000,2026-09-04T13:54:00Z,3.77,3.77,3.76,3.77,181197.640441,682209.116260365
1788530100000,2026-09-04T13:55:00Z,3.765,3.775,3.7601,3.77,249595.889193,940127.8762343538
1788530160000,2026-09-04T13:56:00Z,3.76,3.77,3.76,3.76,98720.783468,371683.74975702
1788530220000,2026-09-04T13:57:00Z,3.77,3.77,3.76,3.765,31424.458832,118313.08750248
1788530280000,2026-09-04T13:58:00Z,3.76,3.765,3.75,3.7586,420391.782009,1581976.3148780679
1788530340000,2026-09-04T13:59:00Z,3.7599,3.76,3.75,3.76,133511.999408,501337.55777704
1788530400000,2026-09-04T14:00:00Z,3.755,3.76,3.75,3.7586,72191.359277,271078.554085135
1788530460000,2026-09-04T14:01:00Z,3.7599,3.76,3.75,3.755,160433.595489,602428.151061195
1788530520000,2026-09-04T14:02:00Z,3.755,3.76,3.74,3.7462,612258.989512,2298114.117133292
1788530580000,2026-09-04T14:03:00Z,3.7499,3.75,3.74,3.745,122792.973434,459859.68551033
1788530640000,2026-09-04T14:04:00Z,3.74,3.75,3.74,3.745,195103.83552,730663.8640224
1788530700000,2026-09-04T14:05:00Z,3.745,3.75,3.74,3.745,230932,865758.1215
1788530760000,2026-09-04T14:06:00Z,3.74,3.75,3.74,3.745,110562.277568,414055.72949216
1788530820000,2026-09-04T14:07:00Z,3.745,3.75,3.74,3.745,96414.226033,361071.276493585
1788530880000,2026-09-04T14:08:00Z,3.745,3.75,3.74,3.75,105638.578404,395616.47612298
1788530940000,2026-09-04T14:09:00Z,3.75,3.75,3.74,3.74,96591.208058,361734.07417721
1788531000000,2026-09-04T14:10:00Z,3.748,3.75,3.74,3.7477,58168.429934,217840.77010283
1788531060000,2026-09-04T14:11:00Z,3.7477,3.75,3.74,3.7438,60688.470716,227278.32283142
1788531120000,2026-09-04T14:12:00Z,3.745,3.75,3.74,3.75,60165.263328,225318.91116336
1788531180000,2026-09-04T14:13:00Z,3.75,3.75,3.74,3.75,74479.459338,278925.57522081
1788531240000,2026-09-04T14:14:00Z,3.75,3.75,3.74,3.745,140565.020463,526416.001633935
1788531300000,2026-09-04T14:15:00Z,3.745,3.75,3.74,3.75,58552.769228,219280.12075886
1788531360000,2026-09-04T14:16:00Z,3.75,3.75,3.74,3.74,82836.510907,310222.733346715
1788531420000,2026-09-04T14:17:00Z,3.7485,3.75,3.74,3.745,93208.800474,349066.95777513
1788531480000,2026-09-04T14:18:00Z,3.745,3.75,3.74,3.75,142047.409208,531967.54748396
1788531540000,2026-09-04T14:19:00Z,3.74,3.75,3.74,3.745,109699.005049,410822.773908505
1788531600000,2026-09-04T14:20:00Z,3.75,3.75,3.74,3.75,180876.789463,677383.576538935
1788531660000,2026-09-04T14:21:00Z,3.7451,3.75,3.74,3.75,51527.723194,192971.32336153
1788531720000,2026-09-04T14:22:00Z,3.7499,3.755,3.74,3.755,418652.350325,1568564.7609626775
1788531780000,2026-09-04T14:23:00Z,3.76,3.76,3.75,3.755,49861.134311,187213.6009975117
1788531840000,2026-09-04T14:24:00Z,3.75,3.76,3.75,3.758,84671.46504,317941.3512252
1788531900000,2026-09-04T14:25:00Z,3.7527,3.76,3.75,3.75,28771.218098,108035.92395799
1788531960000,2026-09-04T14:26:00Z,3.76,3.76,3.74,3.7461,207404.77758,778141.244524644
1788532020000,2026-09-04T14:27:00Z,3.7438,3.75,3.74,3.74,69285.639861,259474.721279445
1788532080000,2026-09-04T14:28:00Z,3.7477,3.75,3.74,3.74,69826.883803,261501.679842235
1788532140000,2026-09-04T14:29:00Z,3.75,3.75,3.74,3.74,134929.2,505309.854
1788532200000,2026-09-04T14:30:00Z,3.74,3.75,3.74,3.74,37704.628233,141203.832732585
1788532260000,2026-09-04T14:31:00Z,3.745,3.75,3.74,3.745,86422.73352,323653.1370324
1788532320000,2026-09-04T14:32:00Z,3.7401,3.75,3.74,3.74,121179.136714,453815.86699393
1788532380000,2026-09-04T14:33:00Z,3.745,3.75,3.74,3.74,70558.7152,264242.388424
1788532440000,2026-09-04T14:34:00Z,3.745,3.75,3.74,3.74,41280.026815,154593.700422175
1788532500000,2026-09-04T14:35:00Z,3.745,3.75,3.74,3.74,40884.108031,153110.984576095
1788532560000,2026-09-04T14:36:00Z,3.75,3.75,3.74,3.745,111432.563351,417314.949749495
1788532620000,2026-09-04T14:37:00Z,3.74,3.75,3.74,3.74,36342.565037,136102.906063565
1788532680000,2026-09-04T14:38:00Z,3.745,3.75,3.74,3.745,32695.082461,122443.083816445
1788532740000,2026-09-04T14:39:00Z,3.75,3.75,3.74,3.745,35110.84795,131490.12557275
1788532800000,2026-09-04T14:40:00Z,3.74,3.75,3.74,3.74,188258.447922,705027.88746789
1788532860000,2026-09-04T14:41:00Z,3.745,3.75,3.74,3.745,55304.624025,207115.816973625
1788532920000,2026-09-04T14:42:00Z,3.745,3.75,3.74,3.745,35655.133714,133528.47575893
1788532980000,2026-09-04T14:43:00Z,3.745,3.75,3.73,3.735,753784.738944,2822848.4688713856
1788533040000,2026-09-04T14:44:00Z,3.7399,3.74,3.73,3.735,31914.558145,119200.874671575
1788533100000,2026-09-04T14:45:00Z,3.735,3.74,3.73,3.74,90154.052011,336725.384261085
1788533160000,2026-09-04T14:46:00Z,3.735,3.74,3.73,3.735,94542.8062,353117.381157
1788533220000,2026-09-04T14:47:00Z,3.735,3.74,3.73,3.735,108959.617701,406964.172113235
1788533280000,2026-09-04T14:48:00Z,3.73,3.74,3.73,3.735,88341.460944,329955.35662584
1788533340000,2026-09-04T14:49:00Z,3.74,3.74,3.73,3.73,189993.625338,709626.19063743
1788533400000,2026-09-04T14:50:00Z,3.73,3.74,3.73,3.73,37124.5595,138660.2297325
1788533460000,2026-09-04T14:51:00Z,3.73,3.74,3.73,3.73,93429.89264,348960.6490104
1788533520000,2026-09-04T14:52:00Z,3.74,3.74,3.73,3.7301,119842.707869,447612.513890715
1788533580000,2026-09-04T14:53:00Z,3.735,3.74,3.73,3.735,120890.153751,451524.724259985
1788533640000,2026-09-04T14:54:00Z,3.73,3.74,3.73,3.73,60662.447686,226574.24210721
1788533700000,2026-09-04T14:55:00Z,3.73,3.74,3.73,3.73,56599.014804,211397.32029294
1788533760000,2026-09-04T14:56:00Z,3.73,3.74,3.73,3.735,89919.758983,335850.299801505
1788533820000,2026-09-04T14:57:00Z,3.735,3.74,3.73,3.735,50160.863003,187350.823316205
1788533880000,2026-09-04T14:58:00Z,3.74,3.74,3.73,3.7381,36358.928091,135800.596419885
1788533940000,2026-09-04T14:59:00Z,3.7357,3.74,3.73,3.735,48673.737967,181796.411306745
1788534000000,2026-09-04T15:00:00Z,3.735,3.74,3.73,3.735,184078.132446,687531.82468581
1788534060000,2026-09-04T15:01:00Z,3.735,3.74,3.73,3.7399,211638.121282,790468.38298827
1788534120000,2026-09-04T15:02:00Z,3.735,3.74,3.72,3.7266,751533.469036,2805549.5932582916
1788534180000,2026-09-04T15:03:00Z,3.72,3.73,3.72,3.72,155461.58076,579141.026805228
1788534240000,2026-09-04T15:04:00Z,3.725,3.73,3.72,3.7201,182881.024298,681231.81551005
1788534300000,2026-09-04T15:05:00Z,3.725,3.73,3.72,3.725,102909.210992,383336.8109452
1788534360000,2026-09-04T15:06:00Z,3.725,3.74,3.72,3.73,506677.172695,1887676.474592492
1788534420000,2026-09-04T15:07:00Z,3.7301,3.74,3.73,3.74,87117.94965,325385.54194275
1788534480000,2026-09-04T15:08:00Z,3.7386,3.74,3.73,3.7301,55074.23742,205702.2767637
1788534540000,2026-09-04T15:09:00Z,3.73,3.74,3.73,3.74,33380.976056,124677.94556916
1788534600000,2026-09-04T15:10:00Z,3.7365,3.74,3.73,3.7346,139142.049405,519695.554527675
1788534660000,2026-09-04T15:11:00Z,3.74,3.75,3.735,3.7499,402600.799421,1504720.4878359875
1788534720000,2026-09-04T15:12:00Z,3.75,3.75,3.74,3.7443,8408.898825,31491.326099625
1788534780000,2026-09-04T15:13:00Z,3.745,3.75,3.74,3.74,41204.847253,154312.152962485
1788534840000,2026-09-04T15:14:00Z,3.74,3.75,3.74,3.75,63798.448574,238925.18990963
1788534900000,2026-09-04T15:15:00Z,3.7482,3.76,3.74,3.75,262815.411481,984532.8129489741
1788534960000,2026-09-04T15:16:00Z,3.76,3.76,3.75,3.7538,70013.31513,262892.996981637
1788535020000,2026-09-04T15:17:00Z,3.76,3.76,3.75,3.7524,25795.117231,96860.665202405
1788535080000,2026-09-04T15:18:00Z,3.75,3.76,3.75,3.755,35328.819152,132659.71591576
1788535140000,2026-09-04T15:19:00Z,3.7548,3.76,3.75,3.75,38787.051684,145645.37907342
1788535200000,2026-09-04T15:20:00Z,3.7599,3.76,3.75,3.76,20743.966118,77893.59277309
1788535260000,2026-09-04T15:21:00Z,3.755,3.76,3.75,3.76,21084.663047,79172.909741485
1788535320000,2026-09-04T15:22:00Z,3.76,3.76,3.75,3.7575,95324.696053,357944.233679015
1788535380000,2026-09-04T15:23:00Z,3.76,3.77,3.76,3.77,591439.799058,2222394.1889403408
1788535440000,2026-09-04T15:24:00Z,3.7659,3.77,3.76,3.7667,126216.345042,475204.53908313
1788535500000,2026-09-04T15:25:00Z,3.76,3.77,3.76,3.7658,139551.294057,525410.622124605
1788535560000,2026-09-04T15:26:00Z,3.76,3.77,3.76,3.76,117103.731971,440895.550870815
1788535620000,2026-09-04T15:27:00Z,3.76,3.77,3.76,3.7601,143675.308891,540937.537974615
1788535680000,2026-09-04T15:28:00Z,3.77,3.77,3.76,3.765,90849.31084,342047.6553126
1788535740000,2026-09-04T15:29:00Z,3.77,3.77,3.76,3.76,123248.659791,464031.204113115
1788535800000,2026-09-04T15:30:00Z,3.77,3.77,3.76,3.76,44453.131624,167366.04056436
1788535860000,2026-09-04T15:31:00Z,3.7662,3.77,3.76,3.7621,42096.345714,158492.74161321
1788535920000,2026-09-04T15:32:00Z,3.765,3.77,3.76,3.765,30567.801053,115087.770964545
1788535980000,2026-09-04T15:33:00Z,3.762,3.77,3.76,3.7605,52331.064124,197026.45642686
1788536040000,2026-09-04T15:34:00Z,3.7605,3.77,3.76,3.765,44483.821085,167481.586385025
1788536100000,2026-09-04T15:35:00Z,3.7624,3.77,3.76,3.765,31270.377446,117732.97108419
1788536160000,2026-09-04T15:36:00Z,3.765,3.77,3.76,3.765,49431.521342,186109.67785263
1788536220000,2026-09-04T15:37:00Z,3.76,3.77,3.76,3.765,44161.417014,166267.73505771
1788536280000,2026-09-04T15:38:00Z,3.765,3.77,3.76,3.7601,115128.645865,433459.351681725
1788536340000,2026-09-04T15:39:00Z,3.7618,3.77,3.76,3.765,51032.131422,192135.97480383
1788536400000,2026-09-04T15:40:00Z,3.765,3.7686,3.76,3.7686,27257.495152,102624.46924728
1788536460000,2026-09-04T15:41:00Z,3.7661,3.77,3.76,3.76,25537.469423,96148.572377595
1788536520000,2026-09-04T15:42:00Z,3.7626,3.77,3.76,3.765,27383.262583,103097.983624995
1788536580000,2026-09-04T15:43:00Z,3.765,3.77,3.76,3.77,35819.434654,134860.17147231
1788536640000,2026-09-04T15:44:00Z,3.76,3.77,3.76,3.765,36627.951236,137904.23640354
1788536700000,2026-09-04T15:45:00Z,3.76,3.777,3.76,3.775,658677.246957,2480776.1152141491
1788536760000,2026-09-04T15:46:00Z,3.775,3.78,3.77,3.77,28668.97389,108225.37643475
1788536820000,2026-09-04T15:47:00Z,3.77,3.78,3.77,3.77,49927.614391,188476.744326025
1788536880000,2026-09-04T15:48:00Z,3.775,3.78,3.77,3.775,29785.408194,112439.91593235
1788536940000,2026-09-04T15:49:00Z,3.775,3.7755,3.77,3.775,20584.953778,77708.20051195
1788537000000,2026-09-04T15:50:00Z,3.775,3.78,3.77,3.7716,98996.436443,373711.547572325
1788537060000,2026-09-04T15:51:00Z,3.7701,3.78,3.77,3.777,83097.307094,313692.33427985
1788537120000,2026-09-04T15:52:00Z,3.772,3.78,3.77,3.775,40794.17796,153998.021799
1788537180000,2026-09-04T15:53:00Z,3.77,3.7786,3.77,3.77,45630.029893,172253.362846075
1788537240000,2026-09-04T15:54:00Z,3.775,3.78,3.77,3.77,23393.712849,88311.266004975
1788537300000,2026-09-04T15:55:00Z,3.775,3.78,3.77,3.775,19103.19377,72114.55648175
1788537360000,2026-09-04T15:56:00Z,3.7795,3.78,3.77,3.775,16105.10661,60796.77745275
1788537420000,2026-09-04T15:57:00Z,3.775,3.78,3.77,3.7757,13864.162296,52337.2126674
1788537480000,2026-09-04T15:58:00Z,3.77,3.78,3.77,3.77,31990.577749,120764.431002475
1788537540000,2026-09-04T15:59:00Z,3.78,3.78,3.77,3.77,19243.950841,72645.914424775
1788537600000,2026-09-04T16:00:00Z,3.7758,3.78,3.77,3.7726,21037.032472,79414.7975818
1788537660000,2026-09-04T16:01:00Z,3.7726,3.78,3.77,3.775,27335.873849,103192.923779975
1788537720000,2026-09-04T16:02:00Z,3.775,3.78,3.77,3.775,49822.882121,188081.380006775
1788537780000,2026-09-04T16:03:00Z,3.77,3.78,3.77,3.775,28356,107043.9
1788537840000,2026-09-04T16:04:00Z,3.7701,3.78,3.77,3.775,13807.499179,52123.309400725
1788537900000,2026-09-04T16:05:00Z,3.78,3.78,3.77,3.775,57204.074979,215945.383045725
1788537960000,2026-09-04T16:06:00Z,3.77,3.78,3.77,3.775,16424.674952,62003.1479438
1788538020000,2026-09-04T16:07:00Z,3.7799,3.78,3.77,3.775,15107,57028.925
1788538080000,2026-09-04T16:08:00Z,3.77,3.78,3.77,3.78,33492.422484,126433.8948771
1788538140000,2026-09-04T16:09:00Z,3.775,3.78,3.77,3.775,851057.67083,3212742.70738325
1788538200000,2026-09-04T16:10:00Z,3.775,3.78,3.77,3.77,20655.212531,77973.427304525
1788538260000,2026-09-04T16:11:00Z,3.775,3.78,3.77,3.77,50673.324949,191291.801682475
1788538320000,2026-09-04T16:12:00Z,3.77,3.78,3.77,3.775,20810.537361,78559.778537775
1788538380000,2026-09-04T16:13:00Z,3.7786,3.78,3.77,3.78,31044.604672,117193.3826368
1788538440000,2026-09-04T16:14:00Z,3.7795,3.78,3.7728,3.775,25166.95188,95005.243347
1788538500000,2026-09-04T16:15:00Z,3.7701,3.78,3.77,3.77,12380.690904,46737.1081626
1788538560000,2026-09-04T16:16:00Z,3.78,3.78,3.77,3.775,33631.12923,126957.51284325
1788538620000,2026-09-04T16:17:00Z,3.77,3.78,3.77,3.77,13594.640211,51319.766796525
1788538680000,2026-09-04T16:18:00Z,3.77,3.78,3.77,3.775,33008.261873,124606.188570575
1788538740000,2026-09-04T16:19:00Z,3.78,3.78,3.77,3.78,61928.902206,233781.60582765
1788538800000,2026-09-04T16:20:00Z,3.78,3.78,3.77,3.775,19372.501865,73131.194540375
1788538860000,2026-09-04T16:21:00Z,3.7722,3.78,3.77,3.775,10982.43443,41458.68997325
1788538920000,2026-09-04T16:22:00Z,3.77,3.78,3.77,3.775,24319.840946,91807.39957115
1788538980000,2026-09-04T16:23:00Z,3.775,3.78,3.77,3.77,17170.660254,64819.24245885
1788539040000,2026-09-04T16:24:00Z,3.77,3.78,3.77,3.775,61059.172575,230498.376470625
1788539100000,2026-09-04T16:25:00Z,3.7725,3.78,3.77,3.77,43786.229292,165293.0155773
1788539160000,2026-09-04T16:26:00Z,3.775,3.78,3.77,3.77,63351.395467,239151.517887925
1788539220000,2026-09-04T16:27:00Z,3.78,3.78,3.77,3.7724,7324.024141,27648.191132275
1788539280000,2026-09-04T16:28:00Z,3.77,3.7767,3.77,3.775,49978.384557,188668.401702675
1788539340000,2026-09-04T16:29:00Z,3.775,3.78,3.77,3.7767,22892.766574,86420.19381685
1788539400000,2026-09-04T16:30:00Z,3.7785,3.78,3.77,3.7702,61917.085572,233736.9980343
1788539460000,2026-09-04T16:31:00Z,3.775,3.78,3.77,3.7763,35323.36832,133345.715408
1788539520000,2026-09-04T16:32:00Z,3.771,3.771,3.76,3.765,186433.193734,703188.7201259012
1788539580000,2026-09-04T16:33:00Z,3.765,3.7687,3.76,3.765,30112.054847,113371.886498955
1788539640000,2026-09-04T16:34:00Z,3.765,3.7695,3.76,3.76,30955.737294,116548.35091191
1788539700000,2026-09-04T16:35:00Z,3.76,3.77,3.76,3.76,21344.672213,80362.690881945
1788539760000,2026-09-04T16:36:00Z,3.7636,3.77,3.76,3.765,74394.373812,280094.81740218
1788539820000,2026-09-04T16:37:00Z,3.765,3.7695,3.76,3.765,18692.950083,70378.957062495
1788539880000,2026-09-04T16:38:00Z,3.765,3.7699,3.76,3.7686,65418.138748,246299.29238622
1788539940000,2026-09-04T16:39:00Z,3.7627,3.77,3.76,3.76,23871.316197,89875.505481705
1788540000000,2026-09-04T16:40:00Z,3.76,3.77,3.75,3.755,305045.140264,1148098.3944116168
1788540060000,2026-09-04T16:41:00Z,3.75,3.76,3.75,3.75,16690,62670.95
1788540120000,2026-09-04T16:42:00Z,3.7514,3.76,3.75,3.755,10933.461602,41055.14831551
1788540180000,2026-09-04T16:43:00Z,3.7595,3.765,3.75,3.7631,549215.88,2063019.610044
1788540240000,2026-09-04T16:44:00Z,3.7632,3.77,3.76,3.7661,8940.32706,33651.39105384
1788540300000,2026-09-04T16:45:00Z,3.7699,3.77,3.7625,3.765,20349.426748,76615.59170622
1788540360000,2026-09-04T16:46:00Z,3.765,3.77,3.76,3.766,23338.014025,87867.622804125
1788540420000,2026-09-04T16:47:00Z,3.7665,3.77,3.76,3.7695,6211.923512,23387.89202268
1788540480000,2026-09-04T16:48:00Z,3.765,3.77,3.76,3.765,7710.92824,29031.6448236
1788540540000,2026-09-04T16:49:00Z,3.7699,3.77,3.7636,3.7636,18457.94793,69494.17395645
1788540600000,2026-09-04T16:50:00Z,3.7635,3.77,3.76,3.765,10828.102941,40767.807572865
1788540660000,2026-09-04T16:51:00Z,3.7601,3.77,3.76,3.77,7997.060769,30108.933795285
1788540720000,2026-09-04T16:52:00Z,3.765,3.77,3.76,3.765,7623.52145,28702.55825925
1788540780000,2026-09-04T16:53:00Z,3.765,3.77,3.76,3.765,36472.646714,137319.51487821
1788540840000,2026-09-04T16:54:00Z,3.77,3.77,3.76,3.765,14181.729306,53394.21083709
1788540900000,2026-09-04T16:55:00Z,3.76,3.77,3.76,3.76,16136,60752.04
1788540960000,2026-09-04T16:56:00Z,3.765,3.77,3.76,3.77,110971.499027,417807.693836655
1788541020000,2026-09-04T16:57:00Z,3.77,3.77,3.76,3.765,3119.753289,11745.871133085
1788541080000,2026-09-04T16:58:00Z,3.765,3.77,3.76,3.76,34959.677451,131623.185603015
1788541140000,2026-09-04T16:59:00Z,3.765,3.77,3.76,3.7673,9622.287274,36227.91158661
1788541200000,2026-09-04T17:00:00Z,3.77,3.77,3.76,3.77,17917.661205,67459.994436825
1788541260000,2026-09-04T17:01:00Z,3.765,3.77,3.76,3.7665,5711.466812,21503.67254718
1788541320000,2026-09-04T17:02:00Z,3.765,3.77,3.76,3.7635,9843.570362,37061.04241293
1788541380000,2026-09-04T17:03:00Z,3.765,3.77,3.76,3.77,40798.822387,153607.566287055
1788541440000,2026-09-04T17:04:00Z,3.76,3.77,3.76,3.765,38591,145295.115
1788541500000,2026-09-04T17:05:00Z,3.76,3.77,3.76,3.77,23116.078742,87032.03646363
1788541560000,2026-09-04T17:06:00Z,3.765,3.77,3.76,3.765,18327.9,69004.5435
1788541620000,2026-09-04T17:07:00Z,3.765,3.77,3.7601,3.765,8748.079683,32936.520006495
1788541680000,2026-09-04T17:08:00Z,3.765,3.77,3.76,3.77,10984.35543,41356.09819395
1788541740000,2026-09-04T17:09:00Z,3.765,3.77,3.76,3.765,19502.08292,73425.3421938
1788541800000,2026-09-04T17:10:00Z,3.765,3.77,3.76,3.7677,35701.892277,134417.624422905
1788541860000,2026-09-04T17:11:00Z,3.765,3.77,3.76,3.765,22119.37267,83279.43810255
1788541920000,2026-09-04T17:12:00Z,3.765,3.77,3.76,3.765,15400.790992,57983.97808488
1788541980000,2026-09-04T17:13:00Z,3.765,3.77,3.76,3.765,13392.09413,50421.23439945
1788542040000,2026-09-04T17:14:00Z,3.7686,3.77,3.76,3.765,25219.950779,94953.114682935
1788542100000,2026-09-04T17:15:00Z,3.76,3.7686,3.76,3.765,4520.487339,17019.634831335
1788542160000,2026-09-04T17:16:00Z,3.76,3.77,3.76,3.7665,36186.29509,136241.40101385
1788542220000,2026-09-04T17:17:00Z,3.765,3.77,3.76,3.7698,78871.14702,296949.8685303
1788542280000,2026-09-04T17:18:00Z,3.765,3.77,3.76,3.765,14867.7847,55977.2093955
1788542340000,2026-09-04T17:19:00Z,3.765,3.7696,3.76,3.765,9649.63534,36330.8770551
1788542400000,2026-09-04T17:20:00Z,3.77,3.77,3.76,3.77,18926.332,71257.63998
1788542460000,2026-09-04T17:21:00Z,3.77,3.77,3.76,3.7686,12318.713527,46379.956429155
1788542520000,2026-09-04T17:22:00Z,3.7699,3.77,3.76,3.765,82613.529491,311039.938533615
1788542580000,2026-09-04T17:23:00Z,3.76,3.7686,3.76,3.7686,23132.079575,87092.279599875
1788542640000,2026-09-04T17:24:00Z,3.765,3.77,3.76,3.765,35297.44153,132894.86736045
1788542700000,2026-09-04T17:25:00Z,3.765,3.77,3.76,3.77,21924.679103,82546.416822795
1788542760000,2026-09-04T17:26:00Z,3.7669,3.77,3.76,3.765,17703.328021,66653.029999065
1788542820000,2026-09-04T17:27:00Z,3.76,3.77,3.76,3.7652,16780.68814,63179.2908471
1788542880000,2026-09-04T17:28:00Z,3.77,3.78,3.76,3.775,236234.132,889917.5986572
1788542940000,2026-09-04T17:29:00Z,3.775,3.78,3.7701,3.775,56790.339328,214383.5309632
1788543000000,2026-09-04T17:30:00Z,3.775,3.78,3.77,3.7775,20088.190676,75832.9198019
1788543060000,2026-09-04T17:31:00Z,3.775,3.78,3.77,3.775,19866.90767,74997.57645425
1788543120000,2026-09-04T17:32:00Z,3.775,3.78,3.772,3.7799,54304.766422,205000.49324305
1788543180000,2026-09-04T17:33:00Z,3.78,3.78,3.77,3.775,59177.740344,223395.9697986
1788543240000,2026-09-04T17:34:00Z,3.77,3.78,3.77,3.775,41492.788677,156635.277255675
1788543300000,2026-09-04T17:35:00Z,3.77,3.78,3.77,3.775,19861.704131,74977.933094525
1788543360000,2026-09-04T17:36:00Z,3.77,3.78,3.77,3.7701,41319.536544,155981.2504536
1788543420000,2026-09-04T17:37:00Z,3.7725,3.78,3.7635,3.765,231271.661781,872587.979899713
1788543480000,2026-09-04T17:38:00Z,3.76,3.78,3.76,3.775,231046.601222,870652.9073848626
1788543540000,2026-09-04T17:39:00Z,3.78,3.78,3.77,3.77,24051.534379,90794.542280725
1788543600000,2026-09-04T17:40:00Z,3.77,3.78,3.77,3.775,19693.38108,74342.513577
1788543660000,2026-09-04T17:41:00Z,3.775,3.78,3.77,3.78,32739.182727,123590.414794425
1788543720000,2026-09-04T17:42:00Z,3.775,3.78,3.77,3.7701,21119.144932,79724.7721183
1788543780000,2026-09-04T17:43:00Z,3.775,3.78,3.77,3.7734,57434.013212,216813.3998753
1788543840000,2026-09-04T17:44:00Z,3.77,3.78,3.77,3.7705,24811.511381,93663.455463275
1788543900000,2026-09-04T17:45:00Z,3.77,3.78,3.77,3.77,24723.83054,93332.4602885
1788543960000,2026-09-04T17:46:00Z,3.78,3.78,3.77,3.77,22071.125827,83318.499996925
1788544020000,2026-09-04T17:47:00Z,3.775,3.78,3.77,3.775,19992.42501,75471.40441275
1788544080000,2026-09-04T17:48:00Z,3.775,3.7799,3.77,3.77,15152.813245,57201.869999875
1788544140000,2026-09-04T17:49:00Z,3.775,3.78,3.77,3.775,16680.000388,62967.0014647
1788544200000,2026-09-04T17:50:00Z,3.775,3.78,3.77,3.77,21091.556168,79620.6245342
1788544260000,2026-09-04T17:51:00Z,3.77,3.78,3.77,3.7725,20389.363654,76969.84779385
1788544320000,2026-09-04T17:52:00Z,3.77,3.78,3.77,3.775,16218.407389,61224.487893475
1788544380000,2026-09-04T17:53:00Z,3.775,3.78,3.77,3.78,52756.603326,199156.17755565
1788544440000,2026-09-04T17:54:00Z,3.7701,3.78,3.77,3.775,87073.20741,328701.35797275
1788544500000,2026-09-04T17:55:00Z,3.7799,3.78,3.77,3.7786,40935.53077,154531.62865675
1788544560000,2026-09-04T17:56:00Z,3.775,3.78,3.77,3.775,20826.296036,78619.2675359
1788544620000,2026-09-04T17:57:00Z,3.7767,3.78,3.77,3.7777,21508.5445,81194.7554875
1788544680000,2026-09-04T17:58:00Z,3.775,3.78,3.77,3.775,26568.660937,100296.695037175
1788544740000,2026-09-04T17:59:00Z,3.775,3.7785,3.77,3.7737,21438.104111,80928.843019025
1788544800000,2026-09-04T18:00:00Z,3.775,3.78,3.77,3.775,20617.235287,77830.063208425
1788544860000,2026-09-04T18:01:00Z,3.775,3.78,3.77,3.78,11151.94791,42098.60336025
1788544920000,2026-09-04T18:02:00Z,3.775,3.78,3.77,3.775,20399.089882,77006.56430455
1788544980000,2026-09-04T18:03:00Z,3.775,3.78,3.77,3.77,20922.778568,78983.4890942
1788545040000,2026-09-04T18:04:00Z,3.78,3.78,3.77,3.775,15506.655921,58537.626101775
1788545100000,2026-09-04T18:05:00Z,3.775,3.78,3.77,3.775,61583.145584,232476.3745796
1788545160000,2026-09-04T18:06:00Z,3.775,3.78,3.77,3.775,39168.066351,147859.450475025
1788545220000,2026-09-04T18:07:00Z,3.77,3.78,3.77,3.77,15746,59450.1376
1788545280000,2026-09-04T18:08:00Z,3.77,3.78,3.77,3.77,88297.23556,333322.064239
1788545340000,2026-09-04T18:09:00Z,3.7799,3.78,3.77,3.77,39526.98792,149214.379398
1788545400000,2026-09-04T18:10:00Z,3.78,3.78,3.77,3.77,49413.1842,186534.770355
1788545460000,2026-09-04T18:11:00Z,3.78,3.78,3.77,3.78,45824,172985.6
1788545520000,2026-09-04T18:12:00Z,3.78,3.78,3.77,3.78,78371.16082,295851.1320955
1788545580000,2026-09-04T18:13:00Z,3.775,3.78,3.77,3.78,106754.582024,402998.5471406
1788545640000,2026-09-04T18:14:00Z,3.7778,3.785,3.77,3.785,503770.657577,1902590.6424710559
1788545700000,2026-09-04T18:15:00Z,3.785,3.79,3.78,3.785,37845.797289,143125.2361875402
1788545760000,2026-09-04T18:16:00Z,3.7886,3.79,3.78,3.785,47019.536346,177968.94506961
1788545820000,2026-09-04T18:17:00Z,3.785,3.79,3.78,3.79,19102.204884,72301.84548594
1788545880000,2026-09-04T18:18:00Z,3.78,3.79,3.78,3.79,153256.914057,580077.419705745
1788545940000,2026-09-04T18:19:00Z,3.7899,3.79,3.78,3.7881,212707.460207,805097.736883495
1788546000000,2026-09-04T18:20:00Z,3.79,3.79,3.78,3.785,165200.070058,625282.26516953
1788546060000,2026-09-04T18:21:00Z,3.7882,3.79,3.78,3.78,105915.28024,400889.3357084
1788546120000,2026-09-04T18:22:00Z,3.79,3.79,3.78,3.7801,57404.208729,217274.930039265
1788546180000,2026-09-04T18:23:00Z,3.79,3.79,3.78,3.7899,138907,525762.995
1788546240000,2026-09-04T18:24:00Z,3.7875,3.79,3.78,3.79,47450.228655,179599.115459175
1788546300000,2026-09-04T18:25:00Z,3.79,3.79,3.785,3.788,33199.889182,125661.58055387
1788546360000,2026-09-04T18:26:00Z,3.785,3.79,3.785,3.7879,70699.488808,267597.56513828
1788546420000,2026-09-04T18:27:00Z,3.7841,3.79,3.78,3.7899,64493.296784,244107.12832744
1788546480000,2026-09-04T18:28:00Z,3.7883,3.79,3.78,3.785,28542.26401,108032.46927785
1788546540000,2026-09-04T18:29:00Z,3.7893,3.79,3.78,3.79,118187.059082,447338.01862537
1788546600000,2026-09-04T18:30:00Z,3.78,3.79,3.78,3.7862,112166.75,424551.14875
1788546660000,2026-09-04T18:31:00Z,3.7879,3.79,3.78,3.79,107533.656205,407014.888735925
1788546720000,2026-09-04T18:32:00Z,3.79,3.79,3.78,3.79,103409.938906,391406.61875921
1788546780000,2026-09-04T18:33:00Z,3.79,3.79,3.78,3.79,142782.604083,540432.156454155
1788546840000,2026-09-04T18:34:00Z,3.79,3.79,3.78,3.785,169493.886421,641534.360103485
1788546900000,2026-09-04T18:35:00Z,3.785,3.79,3.78,3.7862,83860.219189,317410.929630365
1788546960000,2026-09-04T18:36:00Z,3.79,3.79,3.78,3.79,45628.15048,172702.5495668
1788547020000,2026-09-04T18:37:00Z,3.79,3.79,3.78,3.79,86447.416,327203.46956
1788547080000,2026-09-04T18:38:00Z,3.7899,3.79,3.78,3.79,215681.963059,816356.230178315
1788547140000,2026-09-04T18:39:00Z,3.785,3.79,3.78,3.785,77505.068572,293356.68454502
1788547200000,2026-09-04T18:40:00Z,3.78,3.8,3.78,3.795,283629.791186,1074276.1970960936
1788547260000,2026-09-04T18:41:00Z,3.795,3.8,3.79,3.7965,28296.049645,107383.508402775
1788547320000,2026-09-04T18:42:00Z,3.795,3.8,3.795,3.8,29398.870022,111568.71173349
1788547380000,2026-09-04T18:43:00Z,3.8,3.8,3.79,3.795,17142.263504,65054.88999768
1788547440000,2026-09-04T18:44:00Z,3.79,3.795,3.78,3.7899,450280.396923,1708588.9661243235
1788547500000,2026-09-04T18:45:00Z,3.785,3.79,3.78,3.785,12220.7249,46255.4437465
1788547560000,2026-09-04T18:46:00Z,3.7886,3.79,3.78,3.79,9581.469147,36265.860721395
1788547620000,2026-09-04T18:47:00Z,3.785,3.79,3.7801,3.785,28356.773752,107330.38865132
1788547680000,2026-09-04T18:48:00Z,3.78,3.79,3.78,3.7893,26412.308611,99970.588092635
1788547740000,2026-09-04T18:49:00Z,3.79,3.79,3.78,3.7887,106451.64012,402919.4578542
1788547800000,2026-09-04T18:50:00Z,3.79,3.79,3.78,3.79,171156.341434,647826.75232769
1788547860000,2026-09-04T18:51:00Z,3.79,3.7972,3.78,3.795,330334.764345,1251869.6564382465
1788547920000,2026-09-04T18:52:00Z,3.795,3.8,3.79,3.795,39766.533015,150913.992791925
1788547980000,2026-09-04T18:53:00Z,3.8,3.8,3.785,3.7895,205460.031577,779350.9917778764
1788548040000,2026-09-04T18:54:00Z,3.7899,3.7899,3.78,3.78,17292.91691,65474.442004642
1788548100000,2026-09-04T18:55:00Z,3.7899,3.7899,3.78,3.78,6926.642007,26217.339996495
1788548160000,2026-09-04T18:56:00Z,3.7895,3.79,3.78,3.79,16396.949743,62062.454777255
1788548220000,2026-09-04T18:57:00Z,3.79,3.79,3.78,3.785,35967.918994,136138.57339229
1788548280000,2026-09-04T18:58:00Z,3.79,3.79,3.78,3.785,19296.57952,73037.5534832
1788548340000,2026-09-04T18:59:00Z,3.79,3.79,3.78,3.7875,12727,48171.695
1788548400000,2026-09-04T19:00:00Z,3.79,3.79,3.78,3.7838,222611,842582.635
1788548460000,2026-09-04T19:01:00Z,3.785,3.79,3.78,3.7827,63895.831134,241845.72084219
1788548520000,2026-09-04T19:02:00Z,3.7886,3.79,3.78,3.785,66988,253668.6529
1788548580000,2026-09-04T19:03:00Z,3.785,3.79,3.78,3.7801,51348.260479,194353.165913015
1788548640000,2026-09-04T19:04:00Z,3.7837,3.79,3.78,3.78,67763.20002,256483.7120757
1788548700000,2026-09-04T19:05:00Z,3.7801,3.79,3.78,3.79,38790.297704,146821.27680964
1788548760000,2026-09-04T19:06:00Z,3.785,3.79,3.78,3.785,34169,129329.665
1788548820000,2026-09-04T19:07:00Z,3.78,3.79,3.78,3.78,33907.402135,128339.517080975
1788548880000,2026-09-04T19:08:00Z,3.7827,3.79,3.78,3.7864,48635.74636,184086.2999726
1788548940000,2026-09-04T19:09:00Z,3.78,3.79,3.78,3.785,36171.501,136909.131285
1788549000000,2026-09-04T19:10:00Z,3.78,3.79,3.78,3.785,26555.671596,100513.21699086
1788549060000,2026-09-04T19:11:00Z,3.785,3.79,3.78,3.7838,34118.753283,129139.481176155
1788549120000,2026-09-04T19:12:00Z,3.785,3.79,3.78,3.78,51225.920079,193890.107499015
1788549180000,2026-09-04T19:13:00Z,3.7837,3.79,3.78,3.785,34896.577047,132083.544122895
1788549240000,2026-09-04T19:14:00Z,3.785,3.79,3.7801,3.785,34623.902424,131051.47067484
1788549300000,2026-09-04T19:15:00Z,3.785,3.79,3.77,3.77,463050.964192,1751721.797538336
1788549360000,2026-09-04T19:16:00Z,3.77,3.78,3.77,3.775,28497.986404,107579.8986751
1788549420000,2026-09-04T19:17:00Z,3.775,3.7786,3.77,3.77,28203.420018,106467.91056795
1788549480000,2026-09-04T19:18:00Z,3.77,3.78,3.77,3.77,29885.025175,112815.970035625
1788549540000,2026-09-04T19:19:00Z,3.775,3.78,3.77,3.775,50954.774294,192354.27295985
1788549600000,2026-09-04T19:20:00Z,3.775,3.78,3.77,3.77,34614.017423,130667.915771825
1788549660000,2026-09-04T19:21:00Z,3.775,3.78,3.77,3.775,69974.832197,264154.991543675
1788549720000,2026-09-04T19:22:00Z,3.78,3.78,3.77,3.7767,43637.477915,164731.479129125
1788549780000,2026-09-04T19:23:00Z,3.775,3.78,3.77,3.775,131787.326142,497497.15618605
1788549840000,2026-09-04T19:24:00Z,3.775,3.78,3.77,3.775,45886.279186,173220.70392715
1788549900000,2026-09-04T19:25:00Z,3.775,3.78,3.77,3.775,35669.910958,134653.91386645
1788549960000,2026-09-04T19:26:00Z,3.775,3.78,3.77,3.77,33182.715583,125264.751325825
1788550020000,2026-09-04T19:27:00Z,3.775,3.78,3.77,3.775,82311.329196,310725.2677149
1788550080000,2026-09-04T19:28:00Z,3.775,3.78,3.77,3.77,50956.241278,192359.81082445
1788550140000,2026-09-04T19:29:00Z,3.775,3.78,3.77,3.775,53280,201132
1788550200000,2026-09-04T19:30:00Z,3.775,3.776,3.77,3.772,85384.529709,322326.599651475
1788550260000,2026-09-04T19:31:00Z,3.775,3.78,3.77,3.7799,44585,168308.375
1788550320000,2026-09-04T19:32:00Z,3.775,3.78,3.77,3.775,37039.216512,139823.0423328
1788550380000,2026-09-04T19:33:00Z,3.775,3.7899,3.77,3.785,600900.869728,2268941.5940059552
1788550440000,2026-09-04T19:34:00Z,3.785,3.79,3.78,3.7801,39966.486343,151249.1709164492
1788550500000,2026-09-04T19:35:00Z,3.785,3.79,3.78,3.785,81357.22251,307937.08720035
1788550560000,2026-09-04T19:36:00Z,3.7814,3.79,3.78,3.79,78907.983,298666.715655
1788550620000,2026-09-04T19:37:00Z,3.787,3.8,3.78,3.795,321325.597701,1217181.364091388
1788550680000,2026-09-04T19:38:00Z,3.795,3.8,3.79,3.795,38758.282072,147087.68046324
1788550740000,2026-09-04T19:39:00Z,3.795,3.8,3.79,3.795,59712.514425,226608.992242875
1788550800000,2026-09-04T19:40:00Z,3.8,3.8,3.7901,3.7901,26735.149522,101459.89243599
1788550860000,2026-09-04T19:41:00Z,3.795,3.8,3.79,3.795,55934.39704,212271.0367668
1788550920000,2026-09-04T19:42:00Z,3.795,3.8,3.79,3.8,210361.363376,798321.37401192
1788550980000,2026-09-04T19:43:00Z,3.795,3.8,3.7901,3.8,44253.16829,167940.77366055
1788551040000,2026-09-04T19:44:00Z,3.8,3.8,3.79,3.8,67948.384215,257864.118095925
1788551100000,2026-09-04T19:45:00Z,3.795,3.81,3.79,3.8,370132.867563,1404802.2855486102
1788551160000,2026-09-04T19:46:00Z,3.81,3.81,3.8,3.805,99610.514948,379018.00937714
1788551220000,2026-09-04T19:47:00Z,3.805,3.81,3.8,3.805,99943.794654,380286.13865847
1788551280000,2026-09-04T19:48:00Z,3.8,3.805,3.79,3.79,318775.252768,1211951.6334986592
1788551340000,2026-09-04T19:49:00Z,3.8,3.8,3.79,3.79,57993.928585,220086.958980075
1788551400000,2026-09-04T19:50:00Z,3.795,3.8,3.79,3.795,131842.565087,500342.534505165
1788551460000,2026-09-04T19:51:00Z,3.7928,3.8,3.79,3.795,403916.704554,1532863.89378243
1788551520000,2026-09-04T19:52:00Z,3.7939,3.8,3.79,3.795,141319.707893,536308.291453935
1788551580000,2026-09-04T19:53:00Z,3.795,3.8,3.79,3.795,217861.247648,826783.43482416
1788551640000,2026-09-04T19:54:00Z,3.798,3.8,3.79,3.795,179471.989823,681096.201378285
1788551700000,2026-09-04T19:55:00Z,3.8,3.8,3.79,3.8,250649.435235,951214.606716825
1788551760000,2026-09-04T19:56:00Z,3.8,3.8,3.79,3.8,722701.447547,2742651.993440865
1788551820000,2026-09-04T19:57:00Z,3.8,3.8,3.79,3.8,371263.603706,1408945.37606427
1788551880000,2026-09-04T19:58:00Z,3.795,3.8,3.79,3.795,590236.513564,2239947.56897538
1788551940000,2026-09-04T19:59:00Z,3.795,3.8,3.79,3.8,247492,940226.545
1788552000000,2026-09-04T20:00:00Z,3.8003,3.81,3.8,3.81,8807272.125004,33462349.7117401976
1788552060000,2026-09-04T20:01:00Z,3.805,3.81,3.7994,3.8,8627,32824.8723
1788552120000,2026-09-04T20:02:00Z,3.7915,3.7994,3.79,3.79,36,136.4727
1788552180000,2026-09-04T20:03:00Z,3.79,3.8,3.79,3.79,3210.325,12183.183375
1788552240000,2026-09-04T20:04:00Z,3.8,3.8,3.8,3.8,12522.24959,47521.93719405
1788552300000,2026-09-04T20:05:00Z,3.7906,3.7994,3.7906,3.7994,31101,118028.295
1788552420000,2026-09-04T20:07:00Z,3.7994,3.7994,3.7901,3.7994,9205.791279,34935.977903805
1788552480000,2026-09-04T20:08:00Z,3.7906,3.7906,3.7906,3.7906,10806.583714,41010.98519463
1788552540000,2026-09-04T20:09:00Z,3.79,3.7994,3.79,3.7906,7312.605464,27751.33773588
1788552600000,2026-09-04T20:10:00Z,3.8,3.8,3.8,3.8,8823.278994,33484.34378223
1788552660000,2026-09-04T20:11:00Z,3.79,3.8,3.79,3.8,29337,111480.5339
1788552780000,2026-09-04T20:13:00Z,3.7906,3.8,3.7906,3.8,7557,28679.5707
1788552840000,2026-09-04T20:14:00Z,3.8,3.8,3.7994,3.8,8369,31760.355
1788552900000,2026-09-04T20:15:00Z,3.8,3.8,3.8,3.8,3551.2501,13476.9941295
1788552960000,2026-09-04T20:16:00Z,3.8,3.8,3.7999,3.7999,9,34.1996
1788553080000,2026-09-04T20:18:00Z,3.7901,3.8,3.7901,3.8,21000,79602
1788553140000,2026-09-04T20:19:00Z,3.79,3.79,3.79,3.79,4759,18060.405
1788553200000,2026-09-04T20:20:00Z,3.79,3.7985,3.79,3.7985,15522,58905.99
1788553260000,2026-09-04T20:21:00Z,3.7994,3.7994,3.7994,3.7994,5744.159812,21799.08648654
1788553320000,2026-09-04T20:22:00Z,3.7994,3.8,3.7994,3.8,34,129.1874
1788553380000,2026-09-04T20:23:00Z,3.7994,3.7994,3.7985,3.7985,21,79.7784
1788553620000,2026-09-04T20:27:00Z,3.8,3.8,3.79,3.79,10909,41399.655
1788553680000,2026-09-04T20:28:00Z,3.8,3.8,3.8,3.8,9509,36086.655
1788553740000,2026-09-04T20:29:00Z,3.8,3.8,3.8,3.8,72151,274173.8
1788553860000,2026-09-04T20:31:00Z,3.81,3.81,3.81,3.81,3,11.43
1788554040000,2026-09-04T20:34:00Z,3.81,3.81,3.8006,3.8006,6783.514502,25811.27268011
1788554100000,2026-09-04T20:35:00Z,3.8094,3.8094,3.8094,3.8094,14364.464377,54656.786954485
1788554160000,2026-09-04T20:36:00Z,3.8006,3.8094,3.8006,3.8094,2,7.61
1788554340000,2026-09-04T20:39:00Z,3.81,3.81,3.8006,3.8006,132,502.0176
1788554520000,2026-09-04T20:42:00Z,3.8099,3.8099,3.8094,3.8094,5813.950648,22122.08221564
1788554580000,2026-09-04T20:43:00Z,3.81,3.81,3.81,3.81,10710,40751.55
1788554640000,2026-09-04T20:44:00Z,3.8097,3.8097,3.8097,3.8097,2,7.6194
1788555000000,2026-09-04T20:50:00Z,3.8094,3.8094,3.8094,3.8094,5773,21966.265
1788555060000,2026-09-04T20:51:00Z,3.81,3.81,3.8094,3.8094,5032,19146.76
1788555120000,2026-09-04T20:52:00Z,3.81,3.81,3.8094,3.8094,10010,38138.094
1788555180000,2026-09-04T20:53:00Z,3.8,3.8,3.8,3.8,8,30.4
1788555240000,2026-09-04T20:54:00Z,3.805,3.805,3.805,3.805,8019,30512.295
1788555300000,2026-09-04T20:55:00Z,3.8094,3.8094,3.8094,3.8094,6687.523388,25446.02649134
1788555360000,2026-09-04T20:56:00Z,3.81,3.81,3.81,3.81,6570,24998.85
1788555480000,2026-09-04T20:58:00Z,3.81,3.81,3.8,3.8001,52,198.0006
1788555600000,2026-09-04T21:00:00Z,3.8,3.8001,3.8,3.8001,2600,9893
1788555660000,2026-09-04T21:01:00Z,3.8,3.8,3.8,3.8,1125,4280.625
1788555720000,2026-09-04T21:02:00Z,3.8,3.8,3.8,3.8,3802.894736,14470.01447048
1788555780000,2026-09-04T21:03:00Z,3.81,3.81,3.81,3.81,10010,38088.05
1788555900000,2026-09-04T21:05:00Z,3.8094,3.8094,3.8094,3.8094,9304,35401.72
1788555960000,2026-09-04T21:06:00Z,3.8001,3.8001,3.8001,3.8001,9030.409098,34360.70661789
1788556020000,2026-09-04T21:07:00Z,3.8094,3.81,3.8,3.8,8516.125267,32403.856640935
1788556140000,2026-09-04T21:09:00Z,3.8094,3.81,3.8092,3.81,10089.252019,38389.603932295
1788556200000,2026-09-04T21:10:00Z,3.81,3.81,3.8,3.8,54,205.6984
1788556320000,2026-09-04T21:12:00Z,3.8097,3.8097,3.8097,3.8097,2150,8180.75
1788556380000,2026-09-04T21:13:00Z,3.81,3.81,3.8006,3.8006,550.068183,2093.009436315
1788556440000,2026-09-04T21:14:00Z,3.8098,3.8098,3.8094,3.8094,73,278.1065
1788556560000,2026-09-04T21:16:00Z,3.81,3.81,3.81,3.81,3,11.43
1788556740000,2026-09-04T21:19:00Z,3.81,3.81,3.8,3.8098,12,45.6794
1788556860000,2026-09-04T21:21:00Z,3.8097,3.81,3.8097,3.81,50,190.25
1788556920000,2026-09-04T21:22:00Z,3.8094,3.8094,3.8094,3.8094,3,11.4282
1788557160000,2026-09-04T21:26:00Z,3.8,3.8003,3.8,3.8003,34,129.2051
1788557280000,2026-09-04T21:28:00Z,3.8099,3.8099,3.8099,3.8099,7,26.6693
1788557340000,2026-09-04T21:29:00Z,3.81,3.81,3.8,3.81,568,2161.24
1788557400000,2026-09-04T21:30:00Z,3.81,3.81,3.81,3.81,171,650.655
1788557460000,2026-09-04T21:31:00Z,3.8094,3.8094,3.8094,3.8094,2288.475665,8707.649905325
1788557580000,2026-09-04T21:33:00Z,3.81,3.81,3.8,3.8,8,30.43
1788557700000,2026-09-04T21:35:00Z,3.81,3.81,3.81,3.81,10,38.1
1788557820000,2026-09-04T21:37:00Z,3.81,3.81,3.805,3.805,224,853.435
1788558000000,2026-09-04T21:40:00Z,3.8,3.8098,3.8,3.8098,42,159.9136
1788558240000,2026-09-04T21:44:00Z,3.8094,3.8094,3.8094,3.8094,5,19.047
1788558420000,2026-09-04T21:47:00Z,3.8094,3.8099,3.8094,3.8099,4,15.2386
1788558480000,2026-09-04T21:48:00Z,3.8,3.8,3.8,3.8,1012,3850.66
1788558540000,2026-09-04T21:49:00Z,3.8094,3.8094,3.8092,3.8092,26,99.0442
1788558660000,2026-09-04T21:51:00Z,3.805,3.805,3.805,3.805,367.812089,1399.524998645
1788558720000,2026-09-04T21:52:00Z,3.81,3.81,3.81,3.81,40,152.4
1788558780000,2026-09-04T21:53:00Z,3.8094,3.8094,3.8094,3.8094,2,7.6188
1788558840000,2026-09-04T21:54:00Z,3.8,3.81,3.8,3.81,535,2035.675
1788558900000,2026-09-04T21:55:00Z,3.8,3.8,3.8,3.8,12,45.6
1788559020000,2026-09-04T21:57:00Z,3.81,3.81,3.8,3.8,942.022045,3584.393881225
1788559080000,2026-09-04T21:58:00Z,3.81,3.81,3.81,3.81,4,15.24
1788559200000,2026-09-04T22:00:00Z,3.8099,3.8099,3.8091,3.8091,114.126592,434.25168256
1788559260000,2026-09-04T22:01:00Z,3.8094,3.8094,3.8002,3.8002,990,3766.95
1788559320000,2026-09-04T22:02:00Z,3.8,3.81,3.8,3.81,22.078521,84.008772405
1788559380000,2026-09-04T22:03:00Z,3.81,3.81,3.81,3.81,94,358.14
1788559500000,2026-09-04T22:05:00Z,3.8097,3.8097,3.8094,3.8094,20.35,77.43175
1788559560000,2026-09-04T22:06:00Z,3.8,3.8,3.8,3.8,1,3.8
1788559860000,2026-09-04T22:11:00Z,3.81,3.81,3.808,3.8094,61,232.105
1788559920000,2026-09-04T22:12:00Z,3.8003,3.8003,3.8003,3.8003,6240,23743.2
1788559980000,2026-09-04T22:13:00Z,3.8098,3.8098,3.8098,3.8098,20,76.196
1788560040000,2026-09-04T22:14:00Z,3.8006,3.8006,3.8006,3.8006,1,3.8006
1788560340000,2026-09-04T22:19:00Z,3.81,3.81,3.8094,3.8094,33,125.7132
1788560580000,2026-09-04T22:23:00Z,3.81,3.81,3.81,3.81,1,3.81
1788560700000,2026-09-04T22:25:00Z,3.8085,3.8085,3.8085,3.8085,2024,7701.32
1788560760000,2026-09-04T22:26:00Z,3.81,3.81,3.8,3.8,768,2922.24
1788560820000,2026-09-04T22:27:00Z,3.8,3.8,3.8,3.8,59,224.2
1788560940000,2026-09-04T22:29:00Z,3.81,3.81,3.81,3.81,50,190.5
1788561240000,2026-09-04T22:34:00Z,3.8099,3.8099,3.8099,3.8099,50,190.495
1788561300000,2026-09-04T22:35:00Z,3.8094,3.8094,3.8094,3.8094,70,266.658
1788561420000,2026-09-04T22:37:00Z,3.8002,3.8002,3.8002,3.8002,10,38.002
1788561480000,2026-09-04T22:38:00Z,3.8,3.8,3.8,3.8,2410,9170.05
1788561540000,2026-09-04T22:39:00Z,3.8094,3.8094,3.8094,3.8094,1,3.8094
1788561780000,2026-09-04T22:43:00Z,3.8094,3.8094,3.8094,3.8094,1206,4588.83
1788561840000,2026-09-04T22:44:00Z,3.8094,3.8094,3.808,3.808,454,1727.47
1788561900000,2026-09-04T22:45:00Z,3.8,3.8,3.8,3.8,2115.661858,8050.09336969
1788561960000,2026-09-04T22:46:00Z,3.8,3.8,3.8,3.8,20,76
1788562080000,2026-09-04T22:48:00Z,3.81,3.81,3.81,3.81,60,228.6
1788562140000,2026-09-04T22:49:00Z,3.8094,3.8094,3.8094,3.8094,10,38.094
1788562260000,2026-09-04T22:51:00Z,3.8094,3.8094,3.8094,3.8094,604,2298.22
1788562320000,2026-09-04T22:52:00Z,3.81,3.81,3.8,3.8,10002,38107.6
1788562380000,2026-09-04T22:53:00Z,3.81,3.81,3.81,3.81,10,38.1
1788562980000,2026-09-04T23:03:00Z,3.8099,3.8099,3.8099,3.8099,20,76.198
1788563160000,2026-09-04T23:06:00Z,3.81,3.81,3.8,3.81,601,2286.805
1788563280000,2026-09-04T23:08:00Z,3.81,3.81,3.8094,3.8094,26,99.0594
1788563400000,2026-09-04T23:10:00Z,3.8093,3.8093,3.8093,3.8093,1,3.8093
1788563520000,2026-09-04T23:12:00Z,3.8,3.8094,3.8,3.8094,7,26.6094
1788563820000,2026-09-04T23:17:00Z,3.8,3.81,3.8,3.81,118,448.585
1788563940000,2026-09-04T23:19:00Z,3.8,3.8,3.8,3.8,50,190
1788564000000,2026-09-04T23:20:00Z,3.8099,3.8099,3.8099,3.8099,4199.555129,15979.307265845
1788564060000,2026-09-04T23:21:00Z,3.8,3.8,3.8,3.8,1179,4486.095
1788564180000,2026-09-04T23:23:00Z,3.8085,3.8085,3.8085,3.8085,30,114.255
1788564240000,2026-09-04T23:24:00Z,3.8,3.8,3.8,3.8,1017.37801,3871.12332805
1788564300000,2026-09-04T23:25:00Z,3.8097,3.8097,3.8097,3.8097,341,1297.505
1788564360000,2026-09-04T23:26:00Z,3.8,3.8,3.8,3.8,2600,9893
1788564420000,2026-09-04T23:27:00Z,3.8094,3.8094,3.8094,3.8094,155,589.775
1788564480000,2026-09-04T23:28:00Z,3.8,3.8001,3.8,3.8001,100,380.005
1788564600000,2026-09-04T23:30:00Z,3.81,3.81,3.81,3.81,12.708871,48.357254155
1788564720000,2026-09-04T23:32:00Z,3.81,3.81,3.81,3.81,10,38.1
1788564900000,2026-09-04T23:35:00Z,3.8094,3.8094,3.8094,3.8094,10,38.094
1788564960000,2026-09-04T23:36:00Z,3.81,3.81,3.81,3.81,1164,4429.02
1788565020000,2026-09-04T23:37:00Z,3.81,3.81,3.81,3.81,4,15.24
1788565200000,2026-09-04T23:40:00Z,3.8,3.8,3.8,3.8,3,11.4
1788565320000,2026-09-04T23:42:00Z,3.8,3.802,3.8,3.8015,205,779.2125
1788565440000,2026-09-04T23:44:00Z,3.808,3.81,3.808,3.81,55,209.5
1788565560000,2026-09-04T23:46:00Z,3.8,3.8,3.8,3.8,19,72.2
1788565740000,2026-09-04T23:49:00Z,3.8002,3.8002,3.8002,3.8002,15,57.003
1788565800000,2026-09-04T23:50:00Z,3.8,3.8,3.8,3.8,8,30.4
1788565980000,2026-09-04T23:53:00Z,3.8003,3.8003,3.8003,3.8003,84,319.2252
1788566160000,2026-09-04T23:56:00Z,3.8087,3.8087,3.8087,3.8087,2827,10756.735
1788566220000,2026-09-04T23:57:00Z,3.8,3.8,3.8,3.8,3,11.4
1788566280000,2026-09-04T23:58:00Z,3.8098,3.8098,3.8015,3.8015,4,15.2143
1788566340000,2026-09-04T23:59:00Z,3.81,3.81,3.81,3.81,5,19.05
1788825600000,2026-09-08T00:00:00Z,3.81,3.82,3.8,3.8,11710,44525.28
1788825660000,2026-09-08T00:01:00Z,3.8,3.8,3.8,3.8,500,1900
1788825720000,2026-09-08T00:02:00Z,3.8,3.8,3.8,3.8,564,2143.2
1788825780000,2026-09-08T00:03:00Z,3.79,3.79,3.79,3.79,1707,6469.53
1788825840000,2026-09-08T00:04:00Z,3.79,3.8,3.79,3.8,5218,19779.07
1788825900000,2026-09-08T00:05:00Z,3.8,3.8,3.8,3.8,72,273.6
1788826020000,2026-09-08T00:07:00Z,3.8,3.8,3.8,3.8,570,2166
1788826080000,2026-09-08T00:08:00Z,3.8,3.8,3.8,3.8,570,2166
1788826140000,2026-09-08T00:09:00Z,3.8,3.8,3.8,3.8,71,269.8
1788826320000,2026-09-08T00:12:00Z,3.78,3.78,3.78,3.78,161,608.58
1788826440000,2026-09-08T00:14:00Z,3.79,3.79,3.79,3.79,300,1137
1788826500000,2026-09-08T00:15:00Z,3.79,3.79,3.79,3.79,131,496.49
1788826560000,2026-09-08T00:16:00Z,3.79,3.79,3.79,3.79,369,1398.51
1788826620000,2026-09-08T00:17:00Z,3.79,3.79,3.79,3.79,3,11.37
1788826740000,2026-09-08T00:19:00Z,3.79,3.79,3.79,3.79,320,1212.8
1788826800000,2026-09-08T00:20:00Z,3.8,3.8,3.8,3.8,500,1900
1788826920000,2026-09-08T00:22:00Z,3.79,3.79,3.79,3.79,20,75.8
1788827040000,2026-09-08T00:24:00Z,3.79,3.8,3.79,3.8,2009,7614.15
1788827340000,2026-09-08T00:29:00Z,3.78,3.78,3.78,3.78,375,1417.5
1788827400000,2026-09-08T00:30:00Z,3.78,3.78,3.78,3.78,530,2003.4
1788827760000,2026-09-08T00:36:00Z,3.79,3.8,3.79,3.79,704,2669.16
1788827820000,2026-09-08T00:37:00Z,3.79,3.79,3.79,3.79,300,1137
1788827940000,2026-09-08T00:39:00Z,3.8,3.8,3.8,3.8,3,11.4
1788828360000,2026-09-08T00:46:00Z,3.8,3.8,3.8,3.8,100,380
1788828540000,2026-09-08T00:49:00Z,3.8,3.8,3.8,3.8,20,76
1788828720000,2026-09-08T00:52:00Z,3.78,3.78,3.78,3.78,180,680.4
1788829140000,2026-09-08T00:59:00Z,3.78,3.78,3.78,3.78,5140,19429.2
1788829380000,2026-09-08T01:03:00Z,3.79,3.79,3.79,3.79,50,189.5
1788829440000,2026-09-08T01:04:00Z,3.79,3.79,3.79,3.79,50,189.5
1788829560000,2026-09-08T01:06:00Z,3.78,3.78,3.78,3.78,1,3.78
1788829620000,2026-09-08T01:07:00Z,3.79,3.79,3.79,3.79,100,379
1788830160000,2026-09-08T01:16:00Z,3.79,3.79,3.79,3.79,100,379
1788830220000,2026-09-08T01:17:00Z,3.78,3.78,3.78,3.78,348,1315.44
1788830280000,2026-09-08T01:18:00Z,3.79,3.79,3.78,3.78,1000,3789
1788830400000,2026-09-08T01:20:00Z,3.78,3.78,3.78,3.78,2600,9828
1788830700000,2026-09-08T01:25:00Z,3.78,3.78,3.78,3.78,1,3.78
1788831000000,2026-09-08T01:30:00Z,3.78,3.78,3.76,3.76,4788,18052.72
1788831060000,2026-09-08T01:31:00Z,3.75,3.76,3.75,3.76,11826,44424.02
1788831120000,2026-09-08T01:32:00Z,3.74,3.74,3.74,3.74,465,1739.1
1788831180000,2026-09-08T01:33:00Z,3.75,3.75,3.73,3.73,15340,57353.2
1788831240000,2026-09-08T01:34:00Z,3.73,3.73,3.73,3.73,12375,46158.75
1788831360000,2026-09-08T01:36:00Z,3.72,3.72,3.72,3.72,6838,25437.36
1788831480000,2026-09-08T01:38:00Z,3.72,3.73,3.72,3.73,194,723.48
1788831600000,2026-09-08T01:40:00Z,3.73,3.73,3.73,3.73,1118,4170.14
1788831660000,2026-09-08T01:41:00Z,3.73,3.73,3.73,3.73,27,100.71
1788831720000,2026-09-08T01:42:00Z,3.73,3.73,3.73,3.73,84125,313786.25
1788831780000,2026-09-08T01:43:00Z,3.73,3.73,3.72,3.72,27353,101963.26
1788831840000,2026-09-08T01:44:00Z,3.72,3.72,3.72,3.72,2914,10840.08
1788831900000,2026-09-08T01:45:00Z,3.72,3.72,3.72,3.72,87,323.64
1788831960000,2026-09-08T01:46:00Z,3.72,3.72,3.72,3.72,300,1116
1788832020000,2026-09-08T01:47:00Z,3.72,3.72,3.72,3.72,1000,3720
1788832080000,2026-09-08T01:48:00Z,3.72,3.72,3.72,3.72,718,2670.96
1788832140000,2026-09-08T01:49:00Z,3.72,3.73,3.72,3.73,15735,58656.05
1788832200000,2026-09-08T01:50:00Z,3.73,3.73,3.73,3.73,5,18.65
1788832440000,2026-09-08T01:54:00Z,3.73,3.75,3.73,3.75,7088,26494.84
1788832500000,2026-09-08T01:55:00Z,3.74,3.74,3.74,3.74,1000,3740
1788832740000,2026-09-08T01:59:00Z,3.73,3.73,3.73,3.73,22,82.06
1788832800000,2026-09-08T02:00:00Z,3.73,3.73,3.73,3.73,2624,9787.52
1788833040000,2026-09-08T02:04:00Z,3.74,3.74,3.74,3.74,300,1122
1788833280000,2026-09-08T02:08:00Z,3.74,3.74,3.74,3.74,46,172.04
1788833340000,2026-09-08T02:09:00Z,3.74,3.74,3.74,3.74,718,2685.32
1788833400000,2026-09-08T02:10:00Z,3.74,3.74,3.74,3.74,2000,7480
1788833460000,2026-09-08T02:11:00Z,3.74,3.74,3.74,3.74,717,2681.58
1788833520000,2026-09-08T02:12:00Z,3.74,3.74,3.74,3.74,1792,6702.08
1788833760000,2026-09-08T02:16:00Z,3.75,3.75,3.75,3.75,78,292.5
1788834000000,2026-09-08T02:20:00Z,3.74,3.74,3.74,3.74,2053,7678.22
1788834180000,2026-09-08T02:23:00Z,3.74,3.74,3.74,3.74,13,48.62
1788834300000,2026-09-08T02:25:00Z,3.75,3.75,3.75,3.75,509,1908.75
1788834360000,2026-09-08T02:26:00Z,3.75,3.75,3.75,3.75,1340,5025
1788834420000,2026-09-08T02:27:00Z,3.75,3.75,3.75,3.75,5800,21750
1788834720000,2026-09-08T02:32:00Z,3.75,3.75,3.75,3.75,1276,4785
1788834780000,2026-09-08T02:33:00Z,3.74,3.74,3.74,3.74,2492,9320.08
1788834840000,2026-09-08T02:34:00Z,3.74,3.74,3.74,3.74,4000,14960
1788834900000,2026-09-08T02:35:00Z,3.74,3.74,3.74,3.74,700,2618
1788835080000,2026-09-08T02:38:00Z,3.74,3.74,3.74,3.74,494,1847.56
1788835440000,2026-09-08T02:44:00Z,3.75,3.75,3.75,3.75,500,1875
1788835500000,2026-09-08T02:45:00Z,3.75,3.75,3.75,3.75,500,1875
1788835620000,2026-09-08T02:47:00Z,3.75,3.75,3.75,3.75,612,2295
1788836100000,2026-09-08T02:55:00Z,3.75,3.75,3.75,3.75,800,3000
1788836280000,2026-09-08T02:58:00Z,3.75,3.75,3.75,3.75,18,67.5
1788836340000,2026-09-08T02:59:00Z,3.75,3.75,3.75,3.75,4,15
1788836400000,2026-09-08T03:00:00Z,3.74,3.74,3.74,3.74,5100,19074
1788836460000,2026-09-08T03:01:00Z,3.74,3.74,3.74,3.74,280,1047.2
1788836640000,2026-09-08T03:04:00Z,3.74,3.74,3.74,3.74,3473,12989.02
1788836820000,2026-09-08T03:07:00Z,3.74,3.74,3.74,3.74,687,2569.38
1788836940000,2026-09-08T03:09:00Z,3.74,3.74,3.74,3.74,5020,18774.8
1788837060000,2026-09-08T03:11:00Z,3.74,3.74,3.74,3.74,30,112.2
1788837120000,2026-09-08T03:12:00Z,3.75,3.75,3.75,3.75,5,18.75
1788837240000,2026-09-08T03:14:00Z,3.75,3.75,3.75,3.75,10,37.5
1788837360000,2026-09-08T03:16:00Z,3.75,3.75,3.75,3.75,1740,6525
1788837420000,2026-09-08T03:17:00Z,3.75,3.75,3.75,3.75,100,375
1788837540000,2026-09-08T03:19:00Z,3.75,3.75,3.75,3.75,29,108.75
1788837600000,2026-09-08T03:20:00Z,3.75,3.75,3.75,3.75,500,1875
1788837660000,2026-09-08T03:21:00Z,3.74,3.74,3.74,3.74,536,2004.64
1788838200000,2026-09-08T03:30:00Z,3.74,3.74,3.74,3.74,1,3.74
1788838380000,2026-09-08T03:33:00Z,3.74,3.74,3.73,3.73,4,14.93
1788838560000,2026-09-08T03:36:00Z,3.74,3.74,3.74,3.74,20,74.8
1788838680000,2026-09-08T03:38:00Z,3.74,3.74,3.74,3.74,152,568.48
1788838740000,2026-09-08T03:39:00Z,3.74,3.74,3.74,3.74,254,949.96
1788839040000,2026-09-08T03:44:00Z,3.74,3.74,3.74,3.74,10,37.4
1788839280000,2026-09-08T03:48:00Z,3.75,3.75,3.75,3.75,327,1226.25
1788839340000,2026-09-08T03:49:00Z,3.75,3.75,3.75,3.75,2,7.5
1788839400000,2026-09-08T03:50:00Z,3.75,3.75,3.75,3.75,2,7.5
1788839460000,2026-09-08T03:51:00Z,3.75,3.75,3.75,3.75,10,37.5
1788839580000,2026-09-08T03:53:00Z,3.74,3.74,3.74,3.74,20,74.8
1788839640000,2026-09-08T03:54:00Z,3.74,3.74,3.74,3.74,970,3627.8
1788839700000,2026-09-08T03:55:00Z,3.74,3.74,3.74,3.74,10,37.4
1788840060000,2026-09-08T04:01:00Z,3.74,3.74,3.74,3.74,10000,37400
1788840120000,2026-09-08T04:02:00Z,3.74,3.74,3.74,3.74,1000,3740
1788840300000,2026-09-08T04:05:00Z,3.74,3.74,3.74,3.74,246,920.04
1788840360000,2026-09-08T04:06:00Z,3.75,3.75,3.75,3.75,1000,3750
1788840420000,2026-09-08T04:07:00Z,3.75,3.75,3.75,3.75,150,562.5
1788840480000,2026-09-08T04:08:00Z,3.75,3.75,3.75,3.75,20,75
1788840540000,2026-09-08T04:09:00Z,3.75,3.75,3.75,3.75,20,75
1788840660000,2026-09-08T04:11:00Z,3.74,3.74,3.74,3.74,50,187
1788840720000,2026-09-08T04:12:00Z,3.75,3.75,3.75,3.75,99,371.25
1788840840000,2026-09-08T04:14:00Z,3.75,3.75,3.75,3.75,12,45
1788841080000,2026-09-08T04:18:00Z,3.75,3.76,3.75,3.76,500,1875.08
1788841320000,2026-09-08T04:22:00Z,3.76,3.76,3.76,3.76,150,564
1788841380000,2026-09-08T04:23:00Z,3.76,3.76,3.76,3.76,3,11.28
1788841440000,2026-09-08T04:24:00Z,3.76,3.76,3.76,3.76,2000,7520
1788842160000,2026-09-08T04:36:00Z,3.76,3.76,3.76,3.76,68,255.68
1788842340000,2026-09-08T04:39:00Z,3.76,3.76,3.76,3.76,4,15.04
1788842400000,2026-09-08T04:40:00Z,3.76,3.76,3.76,3.76,3,11.28
1788842640000,2026-09-08T04:44:00Z,3.76,3.76,3.76,3.76,1,3.76
1788842940000,2026-09-08T04:49:00Z,3.76,3.76,3.76,3.76,1002,3767.52
1788843420000,2026-09-08T04:57:00Z,3.76,3.76,3.75,3.75,9590,35963.4
1788843480000,2026-09-08T04:58:00Z,3.75,3.75,3.75,3.75,1478,5542.5
1788843600000,2026-09-08T05:00:00Z,3.75,3.76,3.74,3.74,5681,21329.64
1788843660000,2026-09-08T05:01:00Z,3.74,3.74,3.74,3.74,300,1122
1788843720000,2026-09-08T05:02:00Z,3.74,3.74,3.74,3.74,7,26.18
1788843900000,2026-09-08T05:05:00Z,3.74,3.74,3.74,3.74,20000,74800
1788843960000,2026-09-08T05:06:00Z,3.74,3.74,3.74,3.74,1299,4858.26
1788844020000,2026-09-08T05:07:00Z,3.74,3.74,3.74,3.74,570,2131.8
1788844260000,2026-09-08T05:11:00Z,3.73,3.73,3.73,3.73,607,2264.11
1788844320000,2026-09-08T05:12:00Z,3.74,3.74,3.74,3.74,92,344.08
1788844380000,2026-09-08T05:13:00Z,3.74,3.74,3.74,3.74,400,1496
1788844440000,2026-09-08T05:14:00Z,3.73,3.73,3.73,3.73,8,29.84
1788844620000,2026-09-08T05:17:00Z,3.74,3.74,3.74,3.74,76,284.24
1788844740000,2026-09-08T05:19:00Z,3.74,3.74,3.74,3.74,3874,14488.76
1788845160000,2026-09-08T05:26:00Z,3.74,3.74,3.74,3.74,2680,10023.2
1788845220000,2026-09-08T05:27:00Z,3.74,3.74,3.73,3.73,7000,26134
1788845280000,2026-09-08T05:28:00Z,3.75,3.75,3.75,3.75,400,1500
1788845340000,2026-09-08T05:29:00Z,3.74,3.74,3.74,3.74,109,407.66
1788845460000,2026-09-08T05:31:00Z,3.74,3.74,3.73,3.73,1013,3788.49
1788845580000,2026-09-08T05:33:00Z,3.74,3.74,3.74,3.74,9,33.66
1788845700000,2026-09-08T05:35:00Z,3.74,3.74,3.74,3.74,2793,10445.82
1788845760000,2026-09-08T05:36:00Z,3.74,3.74,3.74,3.74,1400,5236
1788845820000,2026-09-08T05:37:00Z,3.74,3.74,3.74,3.74,10636,39778.64
1788845940000,2026-09-08T05:39:00Z,3.75,3.75,3.75,3.75,6272,23520
1788846000000,2026-09-08T05:40:00Z,3.75,3.75,3.75,3.75,50,187.5
1788846360000,2026-09-08T05:46:00Z,3.74,3.75,3.74,3.75,100,374.9
1788846660000,2026-09-08T05:51:00Z,3.74,3.74,3.74,3.74,1010,3777.4
1788846780000,2026-09-08T05:53:00Z,3.74,3.74,3.74,3.74,1050,3927
1788847080000,2026-09-08T05:58:00Z,3.73,3.74,3.73,3.74,9,33.58
1788847260000,2026-09-08T06:01:00Z,3.74,3.74,3.74,3.74,200,748
1788847320000,2026-09-08T06:02:00Z,3.74,3.74,3.74,3.74,3,11.22
1788847680000,2026-09-08T06:08:00Z,3.74,3.74,3.73,3.73,6,22.42
1788847920000,2026-09-08T06:12:00Z,3.73,3.73,3.73,3.73,18,67.14
1788848040000,2026-09-08T06:14:00Z,3.73,3.73,3.73,3.73,11,41.03
1788848340000,2026-09-08T06:19:00Z,3.73,3.73,3.73,3.73,5654,21089.42
1788848640000,2026-09-08T06:24:00Z,3.72,3.72,3.72,3.72,62,230.64
1788848700000,2026-09-08T06:25:00Z,3.72,3.72,3.72,3.72,3,11.16
1788848940000,2026-09-08T06:29:00Z,3.72,3.72,3.72,3.72,66,245.52
1788849180000,2026-09-08T06:33:00Z,3.74,3.74,3.74,3.74,7400,27676
1788850320000,2026-09-08T06:52:00Z,3.73,3.73,3.73,3.73,1,3.73
1788850620000,2026-09-08T06:57:00Z,3.73,3.73,3.73,3.73,100,373
1788850680000,2026-09-08T06:58:00Z,3.73,3.73,3.73,3.73,1557,5807.61
1788850800000,2026-09-08T07:00:00Z,3.75,3.75,3.74,3.74,1399,5245.42
1788850860000,2026-09-08T07:01:00Z,3.74,3.74,3.74,3.74,1,3.74
1788850920000,2026-09-08T07:02:00Z,3.74,3.74,3.74,3.74,2,7.48
1788850980000,2026-09-08T07:03:00Z,3.74,3.74,3.74,3.74,2,7.48
1788851040000,2026-09-08T07:04:00Z,3.74,3.74,3.74,3.74,1,3.74
1788851160000,2026-09-08T07:06:00Z,3.74,3.74,3.74,3.74,1,3.74
1788851220000,2026-09-08T07:07:00Z,3.74,3.74,3.74,3.74,1,3.74
1788851340000,2026-09-08T07:09:00Z,3.74,3.74,3.74,3.74,300,1122
1788851460000,2026-09-08T07:11:00Z,3.74,3.75,3.74,3.75,2259,8469.26
1788851700000,2026-09-08T07:15:00Z,3.74,3.74,3.73,3.73,1541,5759.93
1788852000000,2026-09-08T07:20:00Z,3.73,3.73,3.73,3.73,85,317.05
1788852060000,2026-09-08T07:21:00Z,3.73,3.73,3.73,3.73,2,7.46
1788852180000,2026-09-08T07:23:00Z,3.74,3.74,3.74,3.74,165,617.1
1788852240000,2026-09-08T07:24:00Z,3.74,3.74,3.74,3.74,176,658.24
1788852300000,2026-09-08T07:25:00Z,3.74,3.74,3.74,3.74,87,325.38
1788852900000,2026-09-08T07:35:00Z,3.75,3.75,3.75,3.75,24809,93033.75
1788853020000,2026-09-08T07:37:00Z,3.75,3.75,3.75,3.75,13,48.75
1788853140000,2026-09-08T07:39:00Z,3.74,3.74,3.74,3.74,2500,9350
1788853200000,2026-09-08T07:40:00Z,3.74,3.74,3.74,3.74,500,1870
1788853380000,2026-09-08T07:43:00Z,3.74,3.74,3.74,3.74,4700,17578
1788853440000,2026-09-08T07:44:00Z,3.73,3.73,3.73,3.73,1800,6714
1788853500000,2026-09-08T07:45:00Z,3.73,3.73,3.73,3.73,1001,3733.73
1788853740000,2026-09-08T07:49:00Z,3.73,3.73,3.73,3.73,80,298.4
1788853920000,2026-09-08T07:52:00Z,3.74,3.74,3.74,3.74,15,56.1
1788853980000,2026-09-08T07:53:00Z,3.73,3.73,3.73,3.73,722,2693.06
1788854040000,2026-09-08T07:54:00Z,3.73,3.73,3.73,3.73,1000,3730
1788854340000,2026-09-08T07:59:00Z,3.72,3.72,3.72,3.72,3667,13641.24
1788854400000,2026-09-08T08:00:00Z,3.75,3.76,3.73,3.7392,78335.448126,293601.259576248
1788854460000,2026-09-08T08:01:00Z,3.74,3.76,3.72,3.75,181531.685692,679563.865388002
1788854520000,2026-09-08T08:02:00Z,3.74,3.75,3.74,3.74,10097,37813.265
1788854580000,2026-09-08T08:03:00Z,3.74,3.74,3.73,3.73,41399,154832.26
1788854640000,2026-09-08T08:04:00Z,3.73,3.73,3.73,3.73,8306.023929,31022.999374815
1788854700000,2026-09-08T08:05:00Z,3.73,3.73,3.73,3.73,21771,81236.3094
1788854760000,2026-09-08T08:06:00Z,3.73,3.73,3.7295,3.7295,30082,112088.5402
1788854820000,2026-09-08T08:07:00Z,3.7208,3.74,3.7208,3.74,191,711.9
1788854880000,2026-09-08T08:08:00Z,3.72,3.72,3.72,3.72,85475,318394.375
1788854940000,2026-09-08T08:09:00Z,3.7293,3.7295,3.7293,3.7295,6,22.3768
1788855000000,2026-09-08T08:10:00Z,3.73,3.73,3.73,3.73,19962,74378.412
1788855060000,2026-09-08T08:11:00Z,3.7295,3.73,3.7295,3.73,446,1663.58
1788855120000,2026-09-08T08:12:00Z,3.73,3.73,3.73,3.73,8100,30213
1788855240000,2026-09-08T08:14:00Z,3.73,3.73,3.73,3.73,437,1630.01
1788855360000,2026-09-08T08:16:00Z,3.73,3.73,3.73,3.73,1612,6012.76
1788855420000,2026-09-08T08:17:00Z,3.7295,3.74,3.7295,3.74,6,22.3875
1788855540000,2026-09-08T08:19:00Z,3.73,3.73,3.73,3.73,2500,9337.5
1788855600000,2026-09-08T08:20:00Z,3.73,3.73,3.7295,3.7295,1978,7377.939
1788855660000,2026-09-08T08:21:00Z,3.72,3.7292,3.72,3.7292,6799,25326.9549
1788855720000,2026-09-08T08:22:00Z,3.7297,3.7297,3.7297,3.7297,3601,13413.725
1788855780000,2026-09-08T08:23:00Z,3.73,3.73,3.72,3.72,66001,245853.725
1788855840000,2026-09-08T08:24:00Z,3.72,3.72,3.72,3.72,11000,40975
1788855960000,2026-09-08T08:26:00Z,3.7208,3.7208,3.7208,3.7208,5,18.604
1788856020000,2026-09-08T08:27:00Z,3.73,3.73,3.73,3.73,6620,24659.5
1788856140000,2026-09-08T08:29:00Z,3.7292,3.73,3.72,3.73,2512,9363.276
1788856260000,2026-09-08T08:31:00Z,3.7208,3.7208,3.7208,3.7208,24,89.2992
1788856380000,2026-09-08T08:33:00Z,3.73,3.73,3.73,3.73,14573,54284.425
1788856440000,2026-09-08T08:34:00Z,3.73,3.73,3.73,3.73,52,193.96
1788857100000,2026-09-08T08:45:00Z,3.7308,3.7308,3.7308,3.7308,3714,13871.79
1788857160000,2026-09-08T08:46:00Z,3.7301,3.7397,3.7301,3.7397,21,78.3801
1788857340000,2026-09-08T08:49:00Z,3.73,3.73,3.73,3.73,3707,13845.645
1788857400000,2026-09-08T08:50:00Z,3.7392,3.7397,3.7392,3.7397,8,29.9141
1788857460000,2026-09-08T08:51:00Z,3.7397,3.74,3.7397,3.7397,1047.52686,3912.5128221
1788857520000,2026-09-08T08:52:00Z,3.7392,3.7392,3.7392,3.7392,1,3.7392
1788857580000,2026-09-08T08:53:00Z,3.73,3.73,3.73,3.73,602,2248.47
1788857640000,2026-09-08T08:54:00Z,3.7398,3.7398,3.7398,3.7398,1101,4112.235
1788857700000,2026-09-08T08:55:00Z,3.73,3.73,3.7292,3.7292,47,175.3092
1788857880000,2026-09-08T08:58:00Z,3.7295,3.7295,3.7295,3.7295,3503,13048.675
1788857940000,2026-09-08T08:59:00Z,3.72,3.72,3.72,3.72,33429,124523.025
1788858000000,2026-09-08T09:00:00Z,3.72,3.72,3.72,3.72,4017,14923.5567
1788858060000,2026-09-08T09:01:00Z,3.7192,3.7195,3.71,3.71,19624,72805.2653
1788858180000,2026-09-08T09:03:00Z,3.7195,3.7195,3.7195,3.7195,3503,13013.645
1788858240000,2026-09-08T09:04:00Z,3.7195,3.7195,3.7195,3.7195,9725,36128.375
1788858300000,2026-09-08T09:05:00Z,3.71,3.71,3.71,3.71,8025,29812.875
1788858360000,2026-09-08T09:06:00Z,3.7195,3.7195,3.7195,3.7195,5551,20621.965
1788858480000,2026-09-08T09:08:00Z,3.7108,3.7108,3.7108,3.7108,52,192.9616
1788858540000,2026-09-08T09:09:00Z,3.7108,3.7108,3.7108,3.7108,2007,7456.005
1788858660000,2026-09-08T09:11:00Z,3.7193,3.72,3.7192,3.7192,6769.06438,25147.0741717
1788858720000,2026-09-08T09:12:00Z,3.7192,3.72,3.71,3.72,9299.5081,34547.6725915
1788858780000,2026-09-08T09:13:00Z,3.7192,3.72,3.7108,3.72,911,3388.1836
1788858960000,2026-09-08T09:16:00Z,3.7192,3.72,3.7192,3.72,2409,8949.435
1788859020000,2026-09-08T09:17:00Z,3.7195,3.7195,3.7195,3.7195,1605,5962.575
1788859080000,2026-09-08T09:18:00Z,3.7108,3.72,3.7108,3.7195,1134,4212.81
1788859140000,2026-09-08T09:19:00Z,3.72,3.72,3.72,3.72,55,204.6
1788859260000,2026-09-08T09:21:00Z,3.72,3.72,3.72,3.72,15915,59124.225
1788859320000,2026-09-08T09:22:00Z,3.72,3.72,3.72,3.72,6,22.32
1788859380000,2026-09-08T09:23:00Z,3.7192,3.7192,3.7192,3.7192,1030,3826.45
1788859440000,2026-09-08T09:24:00Z,3.7195,3.7195,3.7195,3.7195,20,74.39
1788859500000,2026-09-08T09:25:00Z,3.72,3.72,3.72,3.72,2400,8916
1788859560000,2026-09-08T09:26:00Z,3.7195,3.72,3.7195,3.72,205,762.5975
1788859620000,2026-09-08T09:27:00Z,3.7195,3.7195,3.7195,3.7195,1020,3789.3
1788859680000,2026-09-08T09:28:00Z,3.72,3.72,3.72,3.72,220,818.4
1788859920000,2026-09-08T09:32:00Z,3.72,3.72,3.72,3.72,7,26.04
1788859980000,2026-09-08T09:33:00Z,3.7195,3.7195,3.7195,3.7195,2,7.43
1788860040000,2026-09-08T09:34:00Z,3.72,3.72,3.72,3.72,1,3.72
1788860160000,2026-09-08T09:36:00Z,3.7197,3.7197,3.7197,3.7197,6472,24043.48
1788860220000,2026-09-08T09:37:00Z,3.72,3.72,3.72,3.72,285,1058.775
1788860280000,2026-09-08T09:38:00Z,3.72,3.72,3.72,3.72,85,316.2
1788860400000,2026-09-08T09:40:00Z,3.72,3.72,3.72,3.72,75.604535,280.870847525
1788860460000,2026-09-08T09:41:00Z,3.72,3.72,3.72,3.72,14572,54134.98
1788860520000,2026-09-08T09:42:00Z,3.7195,3.7195,3.7195,3.7195,3,11.1585
1788860580000,2026-09-08T09:43:00Z,3.7195,3.7195,3.7195,3.7195,303,1125.645
1788860640000,2026-09-08T09:44:00Z,3.7195,3.72,3.7108,3.7108,3498.366972,12996.43330098
1788860700000,2026-09-08T09:45:00Z,3.72,3.72,3.72,3.72,85,316.2
1788860760000,2026-09-08T09:46:00Z,3.7198,3.72,3.7198,3.72,10066,37415.322
1788860820000,2026-09-08T09:47:00Z,3.7292,3.7292,3.7292,3.7292,50,186.46
1788860880000,2026-09-08T09:48:00Z,3.72,3.72,3.72,3.72,8,29.76
1788861060000,2026-09-08T09:51:00Z,3.73,3.73,3.73,3.73,5000,18625
1788861120000,2026-09-08T09:52:00Z,3.72,3.72,3.72,3.72,784,2916.48
1788861240000,2026-09-08T09:54:00Z,3.7298,3.7298,3.7203,3.7203,4002,14907.45
1788861300000,2026-09-08T09:55:00Z,3.73,3.73,3.73,3.73,100,373
1788861360000,2026-09-08T09:56:00Z,3.73,3.73,3.73,3.73,4110.932975,15313.225331875
1788861420000,2026-09-08T09:57:00Z,3.73,3.73,3.73,3.73,27,100.575
1788861480000,2026-09-08T09:58:00Z,3.7298,3.7298,3.7298,3.7298,50,186.49
1788861660000,2026-09-08T10:01:00Z,3.7297,3.7297,3.7297,3.7297,14,52.2158
1788861720000,2026-09-08T10:02:00Z,3.73,3.73,3.73,3.73,100,373
1788861900000,2026-09-08T10:05:00Z,3.73,3.73,3.73,3.73,250,932.5
1788862080000,2026-09-08T10:08:00Z,3.7297,3.7297,3.7297,3.7297,23,85.7831
1788862560000,2026-09-08T10:16:00Z,3.73,3.73,3.73,3.73,200,746
1788862680000,2026-09-08T10:18:00Z,3.73,3.73,3.73,3.73,1909,7111.025
1788862740000,2026-09-08T10:19:00Z,3.73,3.73,3.73,3.73,2,7.46
1788862800000,2026-09-08T10:20:00Z,3.73,3.74,3.73,3.74,77825,289937.0375
1788862860000,2026-09-08T10:21:00Z,3.7395,3.74,3.7395,3.74,450,1682.975
1788862920000,2026-09-08T10:22:00Z,3.74,3.74,3.7303,3.7303,5246.48,19595.6028
1788862980000,2026-09-08T10:23:00Z,3.7392,3.7392,3.7308,3.7308,60,223.932
1788863160000,2026-09-08T10:26:00Z,3.7392,3.7392,3.7392,3.7392,50,186.96
1788863220000,2026-09-08T10:27:00Z,3.74,3.7408,3.74,3.7408,65394.5732,244255.27035932
1788863280000,2026-09-08T10:28:00Z,3.7408,3.8,3.7408,3.7708,186998.660195,702497.8667545565
1788863340000,2026-09-08T10:29:00Z,3.7792,3.78,3.7792,3.78,135,510.292
1788863400000,2026-09-08T10:30:00Z,3.78,3.78,3.7692,3.7699,17147.2791,64718.97550713
1788863520000,2026-09-08T10:32:00Z,3.7692,3.7692,3.7692,3.7692,1607.4799,6052.1618235
1788863580000,2026-09-08T10:33:00Z,3.76,3.8,3.76,3.7792,153146.023775,576901.071560425
1788863640000,2026-09-08T10:34:00Z,3.7792,3.8,3.7792,3.79,43833.854887,165661.2877744391
1788863700000,2026-09-08T10:35:00Z,3.7708,3.7708,3.7708,3.7708,135,509.058
1788863760000,2026-09-08T10:36:00Z,3.7795,3.7795,3.7795,3.7795,110,415.25
1788863820000,2026-09-08T10:37:00Z,3.78,3.78,3.78,3.78,300,1134
1788864000000,2026-09-08T10:40:00Z,3.7708,3.7708,3.7708,3.7708,7519.118767,28384.673345425
1788864120000,2026-09-08T10:42:00Z,3.7792,3.7792,3.77,3.7708,6387.89947,24114.32049925
1788864180000,2026-09-08T10:43:00Z,3.78,3.78,3.7792,3.7792,9530.785714,35978.71607035
1788864240000,2026-09-08T10:44:00Z,3.7708,3.7792,3.7708,3.7792,38,143.45
1788864300000,2026-09-08T10:45:00Z,3.7701,3.7708,3.7701,3.7705,7535.624338,28446.98187595
1788864420000,2026-09-08T10:47:00Z,3.7705,3.7705,3.7705,3.7705,2,7.541
1788864660000,2026-09-08T10:51:00Z,3.7792,3.7792,3.7792,3.7792,7,26.4544
1788864780000,2026-09-08T10:53:00Z,3.7792,3.78,3.7792,3.78,16132,60898.3
1788864840000,2026-09-08T10:54:00Z,3.7792,3.7792,3.7792,3.7792,30,113.376
1788865020000,2026-09-08T10:57:00Z,3.7793,3.7793,3.7793,3.7793,14822.569444,55955.1996511
1788865140000,2026-09-08T10:59:00Z,3.77,3.77,3.76,3.76,47325,178509.9
1788865200000,2026-09-08T11:00:00Z,3.75,3.76,3.7301,3.7303,37748.0556,141547.65888888
1788865260000,2026-09-08T11:01:00Z,3.74,3.74,3.74,3.74,42121,157376.6923
1788865320000,2026-09-08T11:02:00Z,3.7408,3.7492,3.7408,3.7492,13032.5324,48806.833838
1788865380000,2026-09-08T11:03:00Z,3.75,3.75,3.74,3.74,15672,58683.804
1788865440000,2026-09-08T11:04:00Z,3.74,3.74,3.7385,3.74,18813,70268.4363
1788865560000,2026-09-08T11:06:00Z,3.7392,3.7392,3.7392,3.7392,13705,51188.175
1788865620000,2026-09-08T11:07:00Z,3.7397,3.7397,3.732,3.732,21449.077984,80112.30627024
1788865680000,2026-09-08T11:08:00Z,3.74,3.74,3.74,3.74,659,2464.66
1788865800000,2026-09-08T11:10:00Z,3.7392,3.74,3.7392,3.74,24155,90218.925
1788865860000,2026-09-08T11:11:00Z,3.74,3.74,3.7308,3.7308,31,115.7008
1788865920000,2026-09-08T11:12:00Z,3.7395,3.74,3.7395,3.74,18765,70087.275
1788866040000,2026-09-08T11:14:00Z,3.7305,3.74,3.7305,3.74,41,153.1673
1788866100000,2026-09-08T11:15:00Z,3.7397,3.74,3.7395,3.7395,1167,4358.745
1788866160000,2026-09-08T11:16:00Z,3.7395,3.7395,3.73,3.73,10560,39441.6
1788866220000,2026-09-08T11:17:00Z,3.7399,3.7399,3.7303,3.7303,46,171.8823
1788866400000,2026-09-08T11:20:00Z,3.74,3.74,3.74,3.74,668,2498.32
1788866460000,2026-09-08T11:21:00Z,3.75,3.75,3.75,3.75,112134,419941.83
1788866580000,2026-09-08T11:23:00Z,3.7497,3.75,3.74,3.74,14348,53733.26
1788866640000,2026-09-08T11:24:00Z,3.7497,3.75,3.74,3.74,45,168.641
1788866760000,2026-09-08T11:26:00Z,3.75,3.76,3.75,3.76,57005,213614.8365
1788866820000,2026-09-08T11:27:00Z,3.7592,3.7592,3.7592,3.7592,19637,73736.935
1788866880000,2026-09-08T11:28:00Z,3.76,3.76,3.76,3.76,20146,75648.23
1788866940000,2026-09-08T11:29:00Z,3.7508,3.7592,3.7508,3.7592,120,450.558
1788867000000,2026-09-08T11:30:00Z,3.75,3.75,3.75,3.75,43650,163905.75
1788867060000,2026-09-08T11:31:00Z,3.7408,3.7495,3.7408,3.7495,38427.859027,144150.5847820824
1788867120000,2026-09-08T11:32:00Z,3.7492,3.75,3.74,3.74,91,340.727
1788867180000,2026-09-08T11:33:00Z,3.7592,3.7592,3.7592,3.7592,29004.617365,108642.5952640805
1788867240000,2026-09-08T11:34:00Z,3.74,3.7497,3.74,3.7497,2,7.4897
1788867360000,2026-09-08T11:36:00Z,3.74,3.74,3.74,3.74,3408,12762.96
1788867420000,2026-09-08T11:37:00Z,3.7405,3.7405,3.74,3.74,20545.601835,76943.278872075
1788867480000,2026-09-08T11:38:00Z,3.7492,3.75,3.7492,3.7492,51919,194436.655
1788867540000,2026-09-08T11:39:00Z,3.75,3.75,3.75,3.75,20325,76117.125
1788867600000,2026-09-08T11:40:00Z,3.7405,3.75,3.74,3.74,20680,77446.6
1788867660000,2026-09-08T11:41:00Z,3.74,3.7492,3.74,3.7492,19102,71536.99
1788867720000,2026-09-08T11:42:00Z,3.7405,3.7405,3.7405,3.7405,44269,165787.405
1788867780000,2026-09-08T11:43:00Z,3.7405,3.7492,3.74,3.7492,16848,63095.76
1788867840000,2026-09-08T11:44:00Z,3.7405,3.7405,3.74,3.74,68,254.329
1788868020000,2026-09-08T11:47:00Z,3.75,3.75,3.7498,3.7498,70,262.496
1788868080000,2026-09-08T11:48:00Z,3.7492,3.7492,3.7492,3.7492,10843.971022,40610.67147739
1788868140000,2026-09-08T11:49:00Z,3.7492,3.7492,3.7492,3.7492,10309.309333,38608.363452085
1788868200000,2026-09-08T11:50:00Z,3.75,3.75,3.75,3.75,73,273.75
1788868260000,2026-09-08T11:51:00Z,3.7405,3.75,3.74,3.75,8181,30637.845
1788868380000,2026-09-08T11:53:00Z,3.7405,3.75,3.74,3.75,9402,35210.49
1788868440000,2026-09-08T11:54:00Z,3.7492,3.7492,3.7492,3.7492,14,52.4888
1788868500000,2026-09-08T11:55:00Z,3.75,3.75,3.7492,3.7492,5722.334471,21430.142593895
1788868560000,2026-09-08T11:56:00Z,3.7405,3.7405,3.74,3.74,133,497.453
1788868680000,2026-09-08T11:58:00Z,3.7492,3.75,3.7492,3.75,46611,174558.195
1788868740000,2026-09-08T11:59:00Z,3.7492,3.7492,3.7492,3.7492,10,37.492
1788868800000,2026-09-08T12:00:00Z,3.7492,3.75,3.7492,3.75,12370.106666,46326.04946417
1788868860000,2026-09-08T12:01:00Z,3.7492,3.75,3.74,3.74,38142,142822.719
1788868920000,2026-09-08T12:02:00Z,3.74,3.74,3.74,3.74,10066,37596.51
1788868980000,2026-09-08T12:03:00Z,3.7399,3.74,3.7392,3.7392,23483,87713.7016
1788869040000,2026-09-08T12:04:00Z,3.74,3.74,3.73,3.74,10817.348737,40402.797532695
1788869160000,2026-09-08T12:06:00Z,3.74,3.74,3.74,3.74,116,433.84
1788869220000,2026-09-08T12:07:00Z,3.74,3.74,3.74,3.74,841,3145.34
1788869340000,2026-09-08T12:09:00Z,3.7303,3.7392,3.7303,3.738,17819,66553.965
1788869400000,2026-09-08T12:10:00Z,3.74,3.74,3.7308,3.74,18889.830423,70553.516629905
1788869460000,2026-09-08T12:11:00Z,3.73,3.73,3.73,3.73,20869,77945.715
1788869520000,2026-09-08T12:12:00Z,3.7395,3.74,3.7395,3.74,13057,48767.895
1788869580000,2026-09-08T12:13:00Z,3.74,3.74,3.74,3.74,18321,68428.935
1788869640000,2026-09-08T12:14:00Z,3.7308,3.74,3.7308,3.74,22,82.2332
1788869700000,2026-09-08T12:15:00Z,3.74,3.74,3.73,3.74,19062.454545,71198.267725575
1788869760000,2026-09-08T12:16:00Z,3.7385,3.74,3.7385,3.74,32992,123225.12
1788869820000,2026-09-08T12:17:00Z,3.74,3.74,3.74,3.74,17409,65193.2232
1788869880000,2026-09-08T12:18:00Z,3.75,3.75,3.748,3.748,9111,34120.695
1788869940000,2026-09-08T12:19:00Z,3.74,3.75,3.74,3.7493,21974,82292.63
1788870000000,2026-09-08T12:20:00Z,3.74,3.75,3.74,3.75,74,276.9888
1788870060000,2026-09-08T12:21:00Z,3.75,3.75,3.748,3.748,10321.686205,38654.714837725
1788870180000,2026-09-08T12:23:00Z,3.7494,3.7494,3.749,3.749,8337.708537,31224.718471065
1788870240000,2026-09-08T12:24:00Z,3.75,3.75,3.7485,3.75,71,266.22
1788870300000,2026-09-08T12:25:00Z,3.75,3.75,3.7403,3.7492,3676,13766.62
1788870420000,2026-09-08T12:27:00Z,3.75,3.75,3.74,3.75,5195,19455.275
1788870480000,2026-09-08T12:28:00Z,3.75,3.75,3.75,3.75,570,2134.65
1788870540000,2026-09-08T12:29:00Z,3.7492,3.75,3.74,3.75,7,26.236
1788870600000,2026-09-08T12:30:00Z,3.74,3.75,3.74,3.75,2316.271461,8674.436621445
1788870660000,2026-09-08T12:31:00Z,3.75,3.75,3.75,3.75,26201,98122.745
1788870720000,2026-09-08T12:32:00Z,3.7405,3.7499,3.74,3.7499,216,809.0134
1788870840000,2026-09-08T12:34:00Z,3.7495,3.75,3.74,3.74,678.667235,2541.608795075
1788870900000,2026-09-08T12:35:00Z,3.7492,3.7492,3.7492,3.7492,13,48.7396
1788870960000,2026-09-08T12:36:00Z,3.7492,3.75,3.7492,3.75,200,749
1788871020000,2026-09-08T12:37:00Z,3.75,3.75,3.75,3.75,2376,8898.12
1788871080000,2026-09-08T12:38:00Z,3.75,3.75,3.7492,3.7492,3825,14324.625
1788871140000,2026-09-08T12:39:00Z,3.7492,3.75,3.7492,3.75,588,2204.9842
1788871380000,2026-09-08T12:43:00Z,3.75,3.75,3.7408,3.7408,5024.089691,18815.215892795
1788871440000,2026-09-08T12:44:00Z,3.7492,3.7492,3.7408,3.7408,26,97.2692
1788871500000,2026-09-08T12:45:00Z,3.75,3.75,3.75,3.75,1181,4422.845
1788871560000,2026-09-08T12:46:00Z,3.7492,3.7492,3.74,3.74,214.669796,803.93838602
1788871620000,2026-09-08T12:47:00Z,3.74,3.74,3.73,3.73,61616.72,230465.017816
1788871680000,2026-09-08T12:48:00Z,3.74,3.74,3.7385,3.7399,32237,120405.195
1788871740000,2026-09-08T12:49:00Z,3.7392,3.74,3.7385,3.7385,31665,118268.775
1788871800000,2026-09-08T12:50:00Z,3.7392,3.74,3.738,3.7388,32841.534873,122663.132750655
1788871860000,2026-09-08T12:51:00Z,3.7392,3.74,3.73,3.7395,10536.507821,39353.856711435
1788871920000,2026-09-08T12:52:00Z,3.74,3.74,3.74,3.74,545,2035.575
1788871980000,2026-09-08T12:53:00Z,3.7392,3.74,3.7392,3.74,10820.011552,40412.74314672
1788872040000,2026-09-08T12:54:00Z,3.7385,3.7385,3.73,3.73,327,1219.8092
1788872100000,2026-09-08T12:55:00Z,3.74,3.74,3.7385,3.7385,19027,71065.845
1788872160000,2026-09-08T12:56:00Z,3.7392,3.74,3.73,3.7301,31157,116371.395
1788872220000,2026-09-08T12:57:00Z,3.7392,3.74,3.73,3.7308,44892.703139,167674.246224165
1788872280000,2026-09-08T12:58:00Z,3.7308,3.74,3.7308,3.74,22530.037809,84149.691216615
1788872340000,2026-09-08T12:59:00Z,3.74,3.74,3.73,3.7392,5687,21212.9341
1788872400000,2026-09-08T13:00:00Z,3.7385,3.74,3.735,3.74,31539,117798.165
1788872460000,2026-09-08T13:01:00Z,3.7385,3.7385,3.7385,3.7385,24396,91119.06
1788872520000,2026-09-08T13:02:00Z,3.7392,3.74,3.73,3.7397,39174.046212,146315.06260182
1788872580000,2026-09-08T13:03:00Z,3.7392,3.7392,3.7305,3.7305,34276,128020.86
1788872640000,2026-09-08T13:04:00Z,3.74,3.74,3.7395,3.74,84185,314430.975
1788872700000,2026-09-08T13:05:00Z,3.7308,3.7392,3.7308,3.7385,33867.205419,126494.012239965
1788872760000,2026-09-08T13:06:00Z,3.7392,3.7398,3.7385,3.7392,32195,120248.325
1788872820000,2026-09-08T13:07:00Z,3.74,3.74,3.7301,3.7385,31441.253976,117433.08360036
1788872880000,2026-09-08T13:08:00Z,3.7392,3.7399,3.73,3.7392,38876.477712,145203.64425432
1788872940000,2026-09-08T13:09:00Z,3.7395,3.74,3.73,3.74,101,377.4179
1788873000000,2026-09-08T13:10:00Z,3.74,3.74,3.7397,3.7397,61279,228877.065
1788873060000,2026-09-08T13:11:00Z,3.7392,3.74,3.7392,3.74,26535,99108.225
1788873120000,2026-09-08T13:12:00Z,3.74,3.74,3.7385,3.7392,26188.866814,97815.41755029
1788873180000,2026-09-08T13:13:00Z,3.7392,3.7392,3.73,3.7392,14656.60462,54742.4182557
1788873240000,2026-09-08T13:14:00Z,3.7385,3.74,3.7385,3.74,2,7.4785
1788873300000,2026-09-08T13:15:00Z,3.7392,3.7392,3.7392,3.7392,2766,10331.01
1788873360000,2026-09-08T13:16:00Z,3.7392,3.74,3.7392,3.74,1501,5606.235
1788873420000,2026-09-08T13:17:00Z,3.74,3.74,3.7392,3.7399,62,231.8691
1788873480000,2026-09-08T13:18:00Z,3.7392,3.7392,3.7392,3.7392,8770.267436,32756.94887346
1788873540000,2026-09-08T13:19:00Z,3.7308,3.7392,3.7308,3.7392,10081.271281,37653.548234535
1788873600000,2026-09-08T13:20:00Z,3.7392,3.74,3.7392,3.74,23977.534873,89556.092750655
1788873660000,2026-09-08T13:21:00Z,3.7308,3.74,3.7308,3.74,17728.041655,66214.235581425
1788873720000,2026-09-08T13:22:00Z,3.7392,3.7392,3.7308,3.7308,4703.962795,17569.301039325
1788873780000,2026-09-08T13:23:00Z,3.7392,3.74,3.7392,3.74,41,153.3312
1788873960000,2026-09-08T13:26:00Z,3.7399,3.7399,3.7395,3.7395,3543,13233.105
1788874020000,2026-09-08T13:27:00Z,3.7308,3.74,3.7301,3.7392,32112.846096,119941.48016856
1788874080000,2026-09-08T13:28:00Z,3.7395,3.74,3.7308,3.7308,1246.41713,4655.36798055
1788874140000,2026-09-08T13:29:00Z,3.74,3.74,3.73,3.73,77928.801608,291025.109605076
1788874200000,2026-09-08T13:30:00Z,3.75,3.75,3.7277,3.73,833510.719089,3112662.4293659616
1788874260000,2026-09-08T13:31:00Z,3.735,3.75,3.73,3.74,104839.452399,392288.2629865782
1788874320000,2026-09-08T13:32:00Z,3.7414,3.7588,3.74,3.7501,330082.641479,1236291.5253954466
1788874380000,2026-09-08T13:33:00Z,3.755,3.76,3.75,3.76,74991.12886,281591.6888693
1788874440000,2026-09-08T13:34:00Z,3.75,3.77,3.75,3.76,218606.380117,821938.1286019083
1788874500000,2026-09-08T13:35:00Z,3.7598,3.76,3.75,3.7518,69188.204927,259801.709500885
1788874560000,2026-09-08T13:36:00Z,3.76,3.76,3.75,3.755,156602.246061,588041.433959055
1788874620000,2026-09-08T13:37:00Z,3.75,3.76,3.74,3.74,224804.910415,843895.1532068685
1788874680000,2026-09-08T13:38:00Z,3.7412,3.749,3.73,3.735,247758.502466,925799.1961647022
1788874740000,2026-09-08T13:39:00Z,3.735,3.74,3.73,3.7399,118450.233693,442411.622843355
1788874800000,2026-09-08T13:40:00Z,3.73,3.74,3.73,3.73,94611.934678,353375.57602233
1788874860000,2026-09-08T13:41:00Z,3.735,3.74,3.73,3.735,96339.999838,359829.89939493
1788874920000,2026-09-08T13:42:00Z,3.7399,3.74,3.73,3.7301,73485.491264,274468.30987104
1788874980000,2026-09-08T13:43:00Z,3.7318,3.75,3.73,3.75,92107.382135,344260.551467776
1788875040000,2026-09-08T13:44:00Z,3.745,3.75,3.74,3.74,60479.041057,226494.008758465
1788875100000,2026-09-08T13:45:00Z,3.75,3.77,3.74,3.765,309748.609193,1162455.5554404097
1788875160000,2026-09-08T13:46:00Z,3.7687,3.77,3.76,3.77,62321.120556,234639.01889334
1788875220000,2026-09-08T13:47:00Z,3.7699,3.775,3.76,3.76,165438.902816,623191.8030175904
1788875280000,2026-09-08T13:48:00Z,3.765,3.77,3.76,3.76,65516.152167,246668.312908755
1788875340000,2026-09-08T13:49:00Z,3.77,3.77,3.76,3.77,52908.156066,199199.20758849
1788875400000,2026-09-08T13:50:00Z,3.7684,3.77,3.76,3.77,70302.333722,264688.28646333
1788875460000,2026-09-08T13:51:00Z,3.76,3.77,3.75,3.752,87382.035756,328460.3342032284
1788875520000,2026-09-08T13:52:00Z,3.76,3.76,3.75,3.76,248962.392622,934853.78429561
1788875580000,2026-09-08T13:53:00Z,3.7586,3.76,3.75,3.75,56405.819497,211803.852211235
1788875640000,2026-09-08T13:54:00Z,3.75,3.76,3.75,3.7595,50892.07862,191099.7552181
1788875700000,2026-09-08T13:55:00Z,3.754,3.76,3.75,3.76,50503.947098,189642.32135299
1788875760000,2026-09-08T13:56:00Z,3.76,3.76,3.75,3.75,186656.090001,700893.617953755
1788875820000,2026-09-08T13:57:00Z,3.75,3.76,3.74,3.745,268997.809223,1009790.8760422197
1788875880000,2026-09-08T13:58:00Z,3.7419,3.75,3.74,3.745,29216.111764,109414.33855618
1788875940000,2026-09-08T13:59:00Z,3.75,3.75,3.74,3.745,53725.507249,201202.024647505
1788876000000,2026-09-08T14:00:00Z,3.7494,3.75,3.74,3.745,80322.434222,300807.51616139
1788876060000,2026-09-08T14:01:00Z,3.74,3.75,3.74,3.745,139231.232297,521420.964952265
1788876120000,2026-09-08T14:02:00Z,3.745,3.75,3.74,3.745,55057.523521,206190.425586145
1788876180000,2026-09-08T14:03:00Z,3.74,3.75,3.74,3.74,26906.637383,100765.356999335
1788876240000,2026-09-08T14:04:00Z,3.74,3.75,3.74,3.74,26200.810638,98122.03583931
1788876300000,2026-09-08T14:05:00Z,3.74,3.75,3.74,3.7497,74376.461391,278539.847909295
1788876360000,2026-09-08T14:06:00Z,3.7499,3.755,3.74,3.755,235281.230736,881128.20910632
1788876420000,2026-09-08T14:07:00Z,3.755,3.76,3.75,3.7574,87177.065236,327306.291428562
1788876480000,2026-09-08T14:08:00Z,3.75,3.75,3.74,3.74,52863.953569,198239.82588375
1788876540000,2026-09-08T14:09:00Z,3.74,3.75,3.73,3.736,241201.053358,902719.0622976508
1788876600000,2026-09-08T14:10:00Z,3.7398,3.74,3.73,3.74,70900.750873,264814.304510655
1788876660000,2026-09-08T14:11:00Z,3.73,3.74,3.72,3.735,360829.502221,1346760.0340896604
1788876720000,2026-09-08T14:12:00Z,3.7301,3.74,3.72,3.7299,170712.326236,637013.045349634
1788876780000,2026-09-08T14:13:00Z,3.72,3.74,3.72,3.735,148699.27333,554856.468503562
1788876840000,2026-09-08T14:14:00Z,3.735,3.74,3.73,3.735,45591.06815,170282.63954025
1788876900000,2026-09-08T14:15:00Z,3.735,3.74,3.73,3.73,82985.888972,309952.29531042
1788876960000,2026-09-08T14:16:00Z,3.7399,3.74,3.73,3.7399,25958.856962,96956.33075307
1788877020000,2026-09-08T14:17:00Z,3.73,3.74,3.73,3.74,83620.601779,312322.947644565
1788877080000,2026-09-08T14:18:00Z,3.7314,3.74,3.73,3.7377,20419.645791,76267.377029385
1788877140000,2026-09-08T14:19:00Z,3.735,3.75,3.73,3.745,171624.120031,641359.336555847
1788877200000,2026-09-08T14:20:00Z,3.7476,3.75,3.74,3.7415,34945.079182,130869.32153659
1788877260000,2026-09-08T14:21:00Z,3.74,3.75,3.74,3.7419,43501.485677,162913.063860365
1788877320000,2026-09-08T14:22:00Z,3.74,3.75,3.74,3.75,244431.806471,915397.115233895
1788877380000,2026-09-08T14:23:00Z,3.7401,3.75,3.7401,3.7419,33362.539425,124942.710146625
1788877440000,2026-09-08T14:24:00Z,3.75,3.75,3.74,3.7478,33580.086951,125757.425631495
1788877500000,2026-09-08T14:25:00Z,3.7481,3.76,3.74,3.7524,174223.406779,652832.5275415909
1788877560000,2026-09-08T14:26:00Z,3.7501,3.76,3.75,3.76,73699.89023,276743.08781365
1788877620000,2026-09-08T14:27:00Z,3.755,3.76,3.75,3.755,70654.997772,265309.51663386
1788877680000,2026-09-08T14:28:00Z,3.7519,3.76,3.75,3.755,41814.401274,157013.07678387
1788877740000,2026-09-08T14:29:00Z,3.755,3.76,3.75,3.755,22710.765121,85278.923029355
1788877800000,2026-09-08T14:30:00Z,3.755,3.76,3.75,3.755,40428.746218,151809.94204859
1788877860000,2026-09-08T14:31:00Z,3.7573,3.76,3.75,3.755,24197.552336,90861.80902168
1788877920000,2026-09-08T14:32:00Z,3.755,3.76,3.75,3.755,32618.489497,122482.428061235
1788877980000,2026-09-08T14:33:00Z,3.75,3.76,3.75,3.7586,42112.57947,158132.73590985
1788878040000,2026-09-08T14:34:00Z,3.755,3.77,3.75,3.7697,345872.99891,1299410.269604979
1788878100000,2026-09-08T14:35:00Z,3.77,3.77,3.76,3.7602,89771.081039,337988.120111835
1788878160000,2026-09-08T14:36:00Z,3.77,3.77,3.76,3.77,58677.3639,220920.2750835
1788878220000,2026-09-08T14:37:00Z,3.765,3.77,3.76,3.76,97136.481541,365718.853001865
1788878280000,2026-09-08T14:38:00Z,3.765,3.77,3.76,3.7699,34836.224956,131158.38695934
1788878340000,2026-09-08T14:39:00Z,3.76,3.77,3.76,3.77,79119.644458,297885.46138437
1788878400000,2026-09-08T14:40:00Z,3.76,3.7799,3.76,3.7784,178603.584022,672906.8631612872
1788878460000,2026-09-08T14:41:00Z,3.7701,3.78,3.77,3.77,110647.490066,417694.27499915
1788878520000,2026-09-08T14:42:00Z,3.78,3.79,3.77,3.785,250729.190705,946653.132425798
1788878580000,2026-09-08T14:43:00Z,3.79,3.8,3.78,3.795,238188.60839,902877.738963134
1788878640000,2026-09-08T14:44:00Z,3.79,3.8,3.79,3.795,155659.587567,590728.134816765
1788878700000,2026-09-08T14:45:00Z,3.795,3.8,3.79,3.79,86677.304966,328940.37234597
1788878760000,2026-09-08T14:46:00Z,3.8,3.8,3.79,3.795,116699.685378,442875.30600951
1788878820000,2026-09-08T14:47:00Z,3.795,3.8,3.79,3.795,34576.126288,131216.39926296
1788878880000,2026-09-08T14:48:00Z,3.7997,3.8,3.78,3.788,139570.113752,529347.5704272104
1788878940000,2026-09-08T14:49:00Z,3.79,3.79,3.78,3.7872,43697.389681,165394.619942585
1788879000000,2026-09-08T14:50:00Z,3.78,3.79,3.78,3.7885,155390.205545,588151.927987825
1788879060000,2026-09-08T14:51:00Z,3.7824,3.79,3.78,3.785,20940.461536,79259.64691376
1788879120000,2026-09-08T14:52:00Z,3.78,3.79,3.78,3.79,25471.445063,96409.419563455
1788879180000,2026-09-08T14:53:00Z,3.785,3.79,3.78,3.79,22403.786958,84798.33363603
1788879240000,2026-09-08T14:54:00Z,3.785,3.79,3.78,3.79,20456.39065,77427.43861025
1788879300000,2026-09-08T14:55:00Z,3.784,3.79,3.78,3.79,34857.933372,131937.27781302
1788879360000,2026-09-08T14:56:00Z,3.78,3.79,3.78,3.78,16508.185618,62483.48256413
1788879420000,2026-09-08T14:57:00Z,3.78,3.79,3.78,3.79,92301.492942,349361.15078547
1788879480000,2026-09-08T14:58:00Z,3.789,3.79,3.78,3.79,96696.513882,365996.30504337
1788879540000,2026-09-08T14:59:00Z,3.785,3.79,3.78,3.78,20113.912813,76131.159997205
1788879600000,2026-09-08T15:00:00Z,3.785,3.79,3.78,3.785,104554.055697,395737.100813145
1788879660000,2026-09-08T15:01:00Z,3.78,3.79,3.78,3.7827,32051.911993,121316.486893505
1788879720000,2026-09-08T15:02:00Z,3.78,3.79,3.78,3.78,76161.337783,288270.663508655
1788879780000,2026-09-08T15:03:00Z,3.78,3.79,3.78,3.78,70466.282017,266714.877434345
1788879840000,2026-09-08T15:04:00Z,3.78,3.79,3.77,3.7724,166155.238424,628598.4980056768
1788879900000,2026-09-08T15:05:00Z,3.77,3.78,3.77,3.78,74980.902489,283052.906895975
1788879960000,2026-09-08T15:06:00Z,3.77,3.78,3.77,3.775,60647.982906,228946.13547015
1788880020000,2026-09-08T15:07:00Z,3.77,3.78,3.77,3.77,54805.3819,206890.3166725
1788880080000,2026-09-08T15:08:00Z,3.775,3.78,3.77,3.7719,104305.182285,393752.063125875
1788880140000,2026-09-08T15:09:00Z,3.77,3.78,3.77,3.77,49598.377176,187233.8738394
1788880200000,2026-09-08T15:10:00Z,3.775,3.78,3.77,3.775,59044.858258,222894.33992395
1788880260000,2026-09-08T15:11:00Z,3.7717,3.78,3.77,3.775,123514.856876,466268.5847069
1788880320000,2026-09-08T15:12:00Z,3.775,3.78,3.77,3.7703,21605.258232,81559.8498258
1788880380000,2026-09-08T15:13:00Z,3.7701,3.78,3.77,3.775,14633.6892,55242.17673
1788880440000,2026-09-08T15:14:00Z,3.77,3.776,3.77,3.776,49957,188587.675
1788880500000,2026-09-08T15:15:00Z,3.77,3.78,3.77,3.7767,48323.91824,182422.791356
1788880560000,2026-09-08T15:16:00Z,3.775,3.78,3.77,3.775,95206,359402.65
1788880620000,2026-09-08T15:17:00Z,3.77,3.78,3.77,3.78,19852.806163,74944.343265325
1788880680000,2026-09-08T15:18:00Z,3.78,3.78,3.77,3.77,16313.113952,61582.0051688
1788880740000,2026-09-08T15:19:00Z,3.7722,3.78,3.77,3.775,16433.49,62036.42475
1788880800000,2026-09-08T15:20:00Z,3.78,3.78,3.77,3.775,11763.566913,44407.465096575
1788880860000,2026-09-08T15:21:00Z,3.775,3.78,3.77,3.7731,112359.957515,424158.839619125
1788880920000,2026-09-08T15:22:00Z,3.775,3.78,3.77,3.775,26488.291,99993.298525
1788880980000,2026-09-08T15:23:00Z,3.775,3.78,3.775,3.775,25441.754601,96042.623618775
1788881040000,2026-09-08T15:24:00Z,3.775,3.78,3.77,3.7786,58641.947436,221373.3515709
1788881100000,2026-09-08T15:25:00Z,3.778,3.78,3.77,3.775,10459.9422,39486.281805
1788881160000,2026-09-08T15:26:00Z,3.7722,3.78,3.77,3.775,19884.384604,75063.5518801
1788881220000,2026-09-08T15:27:00Z,3.772,3.78,3.77,3.7777,65997.10294,249139.0635985
1788881280000,2026-09-08T15:28:00Z,3.77,3.7779,3.77,3.775,17902.115795,67580.487126125
1788881340000,2026-09-08T15:29:00Z,3.7701,3.78,3.77,3.77,15200.956743,57383.611704825
1788881400000,2026-09-08T15:30:00Z,3.775,3.78,3.77,3.7701,19334.00053,72985.85200075
1788881460000,2026-09-08T15:31:00Z,3.77,3.78,3.77,3.78,24110.692586,91017.86451215
1788881520000,2026-09-08T15:32:00Z,3.77,3.78,3.77,3.77,8582.245,32397.974875
1788881580000,2026-09-08T15:33:00Z,3.775,3.78,3.765,3.775,167377.190711,631463.9273953897
1788881640000,2026-09-08T15:34:00Z,3.775,3.78,3.77,3.775,68325.352143,257928.204339825
1788881700000,2026-09-08T15:35:00Z,3.77,3.78,3.77,3.775,22603.276072,85327.3671718
1788881760000,2026-09-08T15:36:00Z,3.775,3.78,3.77,3.77,32961.235524,124428.6641031
1788881820000,2026-09-08T15:37:00Z,3.7724,3.78,3.77,3.77,15121.90099,57085.17623725
1788881880000,2026-09-08T15:38:00Z,3.775,3.78,3.77,3.7724,26579.006257,100335.748620175
1788881940000,2026-09-08T15:39:00Z,3.775,3.7797,3.771,3.775,13329.638086,50319.38377465
1788882000000,2026-09-08T15:40:00Z,3.77,3.78,3.77,3.77,56612,213450.7831
1788882060000,2026-09-08T15:41:00Z,3.78,3.78,3.77,3.775,16520.117096,62363.4420374
1788882120000,2026-09-08T15:42:00Z,3.775,3.78,3.77,3.78,12198.097872,46047.8194668
1788882180000,2026-09-08T15:43:00Z,3.775,3.78,3.77,3.775,14994.670718,56604.88196045
1788882240000,2026-09-08T15:44:00Z,3.775,3.78,3.77,3.775,38564,145579.1
1788882300000,2026-09-08T15:45:00Z,3.7701,3.785,3.77,3.785,240982.333005,909973.3876601805
1788882360000,2026-09-08T15:46:00Z,3.79,3.79,3.78,3.7862,117337.64869,444123.00029165
1788882420000,2026-09-08T15:47:00Z,3.7814,3.79,3.78,3.78,23823.61512,90172.3832292
1788882480000,2026-09-08T15:48:00Z,3.785,3.79,3.78,3.785,56733.36729,214735.79519265
1788882540000,2026-09-08T15:49:00Z,3.7801,3.79,3.78,3.7823,25891,97997.435
1788882600000,2026-09-08T15:50:00Z,3.78,3.79,3.78,3.79,71606.35365,271030.04856525
1788882660000,2026-09-08T15:51:00Z,3.785,3.79,3.78,3.7825,11439.659072,43299.10958752
1788882720000,2026-09-08T15:52:00Z,3.785,3.8,3.78,3.8,234780.673224,888668.3262201624
1788882780000,2026-09-08T15:53:00Z,3.795,3.8,3.79,3.795,23275.330422,88329.87895149
1788882840000,2026-09-08T15:54:00Z,3.8,3.8,3.79,3.795,34997.466269,132815.384490855
1788882900000,2026-09-08T15:55:00Z,3.8,3.8,3.79,3.8,36569.331245,138780.612074775
1788882960000,2026-09-08T15:56:00Z,3.8,3.8,3.79,3.8,22126.24069,83969.08341855
1788883020000,2026-09-08T15:57:00Z,3.8,3.8,3.79,3.8,58776.188258,223055.63443911
1788883080000,2026-09-08T15:58:00Z,3.795,3.8,3.79,3.8,38792.600107,147217.917406065
1788883140000,2026-09-08T15:59:00Z,3.7999,3.81,3.79,3.8,476122.218196,1807978.8991556708
1788883200000,2026-09-08T16:00:00Z,3.8,3.81,3.8,3.8077,24344.515146,92630.88013053
1788883260000,2026-09-08T16:01:00Z,3.805,3.81,3.8,3.81,29672.811365,112905.047243825
1788883320000,2026-09-08T16:02:00Z,3.8,3.81,3.8,3.8033,30526.975537,116155.141918285
1788883380000,2026-09-08T16:03:00Z,3.805,3.81,3.8,3.805,12232.847418,46545.98442549
1788883440000,2026-09-08T16:04:00Z,3.805,3.81,3.8,3.8086,128915.281555,490522.646316775
1788883500000,2026-09-08T16:05:00Z,3.8,3.81,3.8,3.8032,89810.081143,341727.358749115
1788883560000,2026-09-08T16:06:00Z,3.805,3.81,3.8,3.81,145262.816341,552725.016177505
1788883620000,2026-09-08T16:07:00Z,3.805,3.815,3.8,3.8,313125.846987,1191756.973632522
1788883680000,2026-09-08T16:08:00Z,3.81,3.81,3.8,3.81,19459.381201,74042.945469805
1788883740000,2026-09-08T16:09:00Z,3.8,3.81,3.8,3.8027,88870,338150.35
1788883800000,2026-09-08T16:10:00Z,3.8001,3.81,3.8,3.8001,24754.528905,94190.982483525
1788883860000,2026-09-08T16:11:00Z,3.8,3.81,3.8,3.8001,16666.78933,63417.13340065
1788883920000,2026-09-08T16:12:00Z,3.8037,3.8099,3.8,3.805,41618.032314,158356.61295477
1788883980000,2026-09-08T16:13:00Z,3.8,3.81,3.8,3.8,35234.374477,134066.794884985
1788884040000,2026-09-08T16:14:00Z,3.8,3.81,3.8,3.8086,36019.315775,137053.496523875
1788884100000,2026-09-08T16:15:00Z,3.8023,3.8099,3.8,3.8,78548.156435,298875.735235175
1788884160000,2026-09-08T16:16:00Z,3.81,3.81,3.8,3.8021,127686.239841,485846.142595005
1788884220000,2026-09-08T16:17:00Z,3.8,3.81,3.8,3.8,128849.848176,490273.67230968
1788884280000,2026-09-08T16:18:00Z,3.8,3.805,3.8,3.8018,64435.3943,245176.6753115
1788884340000,2026-09-08T16:19:00Z,3.8,3.81,3.8,3.8,169025.59318,643142.3820499
1788884400000,2026-09-08T16:20:00Z,3.805,3.81,3.8,3.805,111829.902637,425512.779533785
1788884460000,2026-09-08T16:21:00Z,3.8,3.81,3.8,3.8023,53423.083425,203274.832432125
1788884520000,2026-09-08T16:22:00Z,3.8058,3.81,3.8,3.8001,52162,198476.41
1788884580000,2026-09-08T16:23:00Z,3.8,3.81,3.8,3.8,19126.69889,72777.08927645
1788884640000,2026-09-08T16:24:00Z,3.8027,3.81,3.8,3.8,18990.342055,72258.251519275
1788884700000,2026-09-08T16:25:00Z,3.8,3.807,3.8,3.8,68909.403325,262200.279651625
1788884760000,2026-09-08T16:26:00Z,3.8,3.81,3.8,3.8001,49350.27521,187777.79717405
1788884820000,2026-09-08T16:27:00Z,3.805,3.81,3.8,3.805,15944.776689,60669.875301645
1788884880000,2026-09-08T16:28:00Z,3.805,3.81,3.8,3.81,17386.749809,66156.583023245
1788884940000,2026-09-08T16:29:00Z,3.8,3.81,3.8,3.8,57831,220046.955
1788885000000,2026-09-08T16:30:00Z,3.81,3.81,3.8,3.8099,22719,86445.795
1788885060000,2026-09-08T16:31:00Z,3.805,3.81,3.8,3.8,12706.093718,48346.68659699
1788885120000,2026-09-08T16:32:00Z,3.8,3.81,3.8,3.81,10562.525527,40190.409630235
1788885180000,2026-09-08T16:33:00Z,3.805,3.81,3.8,3.8,12337.283898,46943.36523189
1788885240000,2026-09-08T16:34:00Z,3.805,3.81,3.8,3.805,28160.358675,107150.164758375
1788885300000,2026-09-08T16:35:00Z,3.8,3.81,3.8,3.805,34878.918166,132714.28362163
1788885360000,2026-09-08T16:36:00Z,3.805,3.805,3.8,3.8001,10223.76,38901.4068
1788885420000,2026-09-08T16:37:00Z,3.805,3.81,3.8,3.8,18177.47648,69165.2980064
1788885480000,2026-09-08T16:38:00Z,3.81,3.81,3.8,3.805,107500.671411,409040.054718855
1788885540000,2026-09-08T16:39:00Z,3.805,3.81,3.8,3.805,15321.212674,58297.21422457
1788885600000,2026-09-08T16:40:00Z,3.805,3.81,3.8,3.805,21599.072277,82184.470013985
1788885660000,2026-09-08T16:41:00Z,3.8099,3.81,3.8,3.8067,23794.379413,90537.613666465
1788885720000,2026-09-08T16:42:00Z,3.8028,3.81,3.8,3.81,75517.56,287344.3158
1788885780000,2026-09-08T16:43:00Z,3.805,3.8074,3.8,3.805,12219.228286,46494.16362823
1788885840000,2026-09-08T16:44:00Z,3.8,3.81,3.8,3.8001,20444.946412,77793.02109766
1788885900000,2026-09-08T16:45:00Z,3.805,3.81,3.8,3.81,16494.19448,62760.4099964
1788885960000,2026-09-08T16:46:00Z,3.8,3.81,3.8,3.8068,11213.96516,42669.1374338
1788886020000,2026-09-08T16:47:00Z,3.81,3.81,3.8,3.805,7473.991723,28438.538506015
1788886080000,2026-09-08T16:48:00Z,3.81,3.81,3.8,3.805,23798.229038,90552.26148959
1788886140000,2026-09-08T16:49:00Z,3.8,3.81,3.8,3.805,39112,148700.5296
1788886200000,2026-09-08T16:50:00Z,3.81,3.81,3.8,3.8034,28411.225714,108104.71384177
1788886260000,2026-09-08T16:51:00Z,3.8,3.81,3.8,3.8011,10629.571288,40445.51875084
1788886320000,2026-09-08T16:52:00Z,3.8,3.808,3.8,3.8,9882.183381,37601.707764705
1788886380000,2026-09-08T16:53:00Z,3.809,3.81,3.8,3.8065,200085.437134,761325.08829487
1788886440000,2026-09-08T16:54:00Z,3.805,3.81,3.805,3.805,6375.883226,24260.23567493
1788886500000,2026-09-08T16:55:00Z,3.805,3.81,3.8,3.81,43596.990559,165886.549076995
1788886560000,2026-09-08T16:56:00Z,3.8025,3.81,3.8,3.81,50305.022635,191410.611126175
1788886620000,2026-09-08T16:57:00Z,3.8,3.83,3.8,3.8284,594567.263403,2264171.5957649643
1788886680000,2026-09-08T16:58:00Z,3.825,3.83,3.82,3.83,43977.655012,168214.5304209
1788886740000,2026-09-08T16:59:00Z,3.8277,3.83,3.82,3.825,120797.149428,462049.0965621
1788886800000,2026-09-08T17:00:00Z,3.82,3.83,3.82,3.825,95619.389013,365744.162974725
1788886860000,2026-09-08T17:01:00Z,3.8299,3.83,3.82,3.8299,44549.388943,170401.412706975
1788886920000,2026-09-08T17:02:00Z,3.825,3.83,3.82,3.825,19532.81388,74713.013091
1788886980000,2026-09-08T17:03:00Z,3.825,3.83,3.82,3.83,14794.749388,56589.9164091
1788887040000,2026-09-08T17:04:00Z,3.825,3.83,3.82,3.825,46104.76807,176350.73786775
1788887100000,2026-09-08T17:05:00Z,3.83,3.84,3.82,3.83,215837.926722,826249.1672844882
1788887160000,2026-09-08T17:06:00Z,3.84,3.84,3.83,3.84,69441.60355,266308.54961425
1788887220000,2026-09-08T17:07:00Z,3.8338,3.84,3.83,3.835,54570,209275.95
1788887280000,2026-09-08T17:08:00Z,3.83,3.84,3.83,3.835,72620.02995,278497.81485825
1788887340000,2026-09-08T17:09:00Z,3.84,3.84,3.83,3.84,75636.60525,290066.38113375
1788887400000,2026-09-08T17:10:00Z,3.84,3.84,3.83,3.84,67654.439471,259454.775371285
1788887460000,2026-09-08T17:11:00Z,3.8385,3.84,3.83,3.83,56445.803575,216469.656710125
1788887520000,2026-09-08T17:12:00Z,3.8301,3.84,3.83,3.84,12501.530068,47943.36781078
1788887580000,2026-09-08T17:13:00Z,3.84,3.84,3.83,3.8385,47387.426995,181730.782525825
1788887640000,2026-09-08T17:14:00Z,3.835,3.84,3.83,3.835,10390.215123,39846.474996705
1788887700000,2026-09-08T17:15:00Z,3.835,3.8399,3.83,3.8386,20945.302272,80325.23421312
1788887760000,2026-09-08T17:16:00Z,3.84,3.84,3.83,3.84,16004.6469,61377.8208615
1788887820000,2026-09-08T17:17:00Z,3.83,3.84,3.83,3.835,18521.328697,71029.295552995
1788887880000,2026-09-08T17:18:00Z,3.835,3.84,3.83,3.83,9909.10809,38001.42952515
1788887940000,2026-09-08T17:19:00Z,3.84,3.84,3.83,3.835,29465.826912,113001.44620752
1788888000000,2026-09-08T17:20:00Z,3.84,3.84,3.83,3.84,15403.351076,59071.85137646
1788888060000,2026-09-08T17:21:00Z,3.8301,3.84,3.8301,3.84,34860.112996,133688.53333966
1788888120000,2026-09-08T17:22:00Z,3.84,3.84,3.83,3.8356,14224.56281,54551.19837635
1788888180000,2026-09-08T17:23:00Z,3.8399,3.84,3.83,3.835,19094.750671,73228.368823285
1788888240000,2026-09-08T17:24:00Z,3.84,3.84,3.83,3.83,18921.884776,72565.42811596
1788888300000,2026-09-08T17:25:00Z,3.83,3.84,3.83,3.835,18082.886413,69347.869393855
1788888360000,2026-09-08T17:26:00Z,3.84,3.84,3.8332,3.84,37285.996024,142991.79475204
1788888420000,2026-09-08T17:27:00Z,3.835,3.84,3.83,3.84,35145.636304,134783.51522584
1788888480000,2026-09-08T17:28:00Z,3.83,3.84,3.83,3.835,10122.303222,38819.03285637
1788888540000,2026-09-08T17:29:00Z,3.84,3.84,3.83,3.8376,15212.422874,58339.64172179
1788888600000,2026-09-08T17:30:00Z,3.83,3.84,3.83,3.835,13053.06065,50058.48759275
1788888660000,2026-09-08T17:31:00Z,3.84,3.84,3.83,3.8329,15234.755125,58425.285904375
1788888720000,2026-09-08T17:32:00Z,3.83,3.84,3.83,3.835,40902.91385,156862.67461475
1788888780000,2026-09-08T17:33:00Z,3.84,3.84,3.8301,3.8377,12362.02139,47408.35203065
1788888840000,2026-09-08T17:34:00Z,3.8377,3.84,3.83,3.835,6692.216819,25664.651500865
1788888900000,2026-09-08T17:35:00Z,3.835,3.84,3.83,3.835,201537.814634,772897.51912139
1788888960000,2026-09-08T17:36:00Z,3.835,3.84,3.83,3.84,7958.025233,30519.026768555
1788889020000,2026-09-08T17:37:00Z,3.84,3.84,3.83,3.8303,19580.088962,75089.64116927
1788889080000,2026-09-08T17:38:00Z,3.835,3.85,3.83,3.845,541059.032056,2076151.7178052832
1788889140000,2026-09-08T17:39:00Z,3.8401,3.85,3.84,3.8425,58290.040312,224125.20499964
1788889200000,2026-09-08T17:40:00Z,3.845,3.85,3.84,3.85,18562.49985,71372.81192325
1788889260000,2026-09-08T17:41:00Z,3.84,3.85,3.83,3.835,225129.283427,865126.8103532756
1788889320000,2026-09-08T17:42:00Z,3.838,3.838,3.83,3.83,3763.875724,14434.46340154
1788889380000,2026-09-08T17:43:00Z,3.8397,3.84,3.83,3.83,11630.826874,44604.22106179
1788889440000,2026-09-08T17:44:00Z,3.84,3.84,3.83,3.8302,64614.902903,247798.152633005
1788889500000,2026-09-08T17:45:00Z,3.8323,3.835,3.82,3.8227,168521.953367,645860.3862790275
1788889560000,2026-09-08T17:46:00Z,3.83,3.83,3.82,3.825,13811.470157,52828.873350525
1788889620000,2026-09-08T17:47:00Z,3.825,3.8273,3.82,3.822,11869.311519,45400.116560175
1788889680000,2026-09-08T17:48:00Z,3.8299,3.83,3.82,3.825,16778.910374,64179.33218055
1788889740000,2026-09-08T17:49:00Z,3.8201,3.83,3.82,3.82,55053.298433,210578.866506225
1788889800000,2026-09-08T17:50:00Z,3.825,3.83,3.82,3.825,13261.549844,50725.4281533
1788889860000,2026-09-08T17:51:00Z,3.825,3.83,3.82,3.828,20176.660643,77175.726959475
1788889920000,2026-09-08T17:52:00Z,3.83,3.83,3.82,3.8231,39706.906231,151878.916333575
1788889980000,2026-09-08T17:53:00Z,3.83,3.83,3.82,3.82,28891.008597,110508.107883525
1788890040000,2026-09-08T17:54:00Z,3.8273,3.83,3.82,3.83,5660.857602,21652.78032765
1788890100000,2026-09-08T17:55:00Z,3.82,3.83,3.82,3.826,26889.371914,102851.84757105
1788890160000,2026-09-08T17:56:00Z,3.8201,3.83,3.82,3.82,58835.49457,225045.76673025
1788890220000,2026-09-08T17:57:00Z,3.8201,3.83,3.82,3.82,29803.101399,113996.862851175
1788890280000,2026-09-08T17:58:00Z,3.82,3.83,3.82,3.825,19060.14358,72905.0491935
1788890340000,2026-09-08T17:59:00Z,3.8201,3.83,3.82,3.82,18197.380458,69604.98025185
1788890400000,2026-09-08T18:00:00Z,3.82,3.83,3.82,3.8223,9513.084489,36387.548170425
1788890460000,2026-09-08T18:01:00Z,3.8271,3.83,3.82,3.82,26927,102995.775
1788890520000,2026-09-08T18:02:00Z,3.83,3.83,3.82,3.825,11780.12534,45058.9794255
1788890580000,2026-09-08T18:03:00Z,3.825,3.825,3.82,3.825,7797.95845,29827.19107125
1788890640000,2026-09-08T18:04:00Z,3.83,3.83,3.8226,3.825,8472.670411,32407.964322075
1788890700000,2026-09-08T18:05:00Z,3.825,3.83,3.8201,3.83,13611.744066,52064.92105245
1788890760000,2026-09-08T18:06:00Z,3.825,3.83,3.825,3.825,22725.12719,86923.61150175
1788890820000,2026-09-08T18:07:00Z,3.8201,3.83,3.82,3.8272,235205.313198,899660.32298235
1788890880000,2026-09-08T18:08:00Z,3.82,3.83,3.82,3.82,13206,50512.95
1788890940000,2026-09-08T18:09:00Z,3.8236,3.83,3.82,3.825,9467.836731,36214.475496075
1788891000000,2026-09-08T18:10:00Z,3.83,3.83,3.82,3.83,13616.35808,52082.569656
1788891060000,2026-09-08T18:11:00Z,3.8273,3.8273,3.82,3.82,3124.037514,11949.44349105
1788891120000,2026-09-08T18:12:00Z,3.825,3.83,3.82,3.825,34292.91694,131170.4072955
1788891180000,2026-09-08T18:13:00Z,3.8272,3.83,3.82,3.82,31485.668242,120432.68102565
1788891240000,2026-09-08T18:14:00Z,3.83,3.83,3.82,3.825,18141.853852,69392.5909839
1788891300000,2026-09-08T18:15:00Z,3.83,3.83,3.8223,3.825,8264.112272,31610.2294404
1788891360000,2026-09-08T18:16:00Z,3.825,3.83,3.825,3.825,7176.91644,27451.705383
1788891420000,2026-09-08T18:17:00Z,3.825,3.83,3.82,3.825,14414.956111,55137.207124575
1788891480000,2026-09-08T18:18:00Z,3.83,3.83,3.8231,3.825,25056.12402,95839.6743765
1788891540000,2026-09-08T18:19:00Z,3.8272,3.83,3.82,3.825,1613,6170.9745
1788891600000,2026-09-08T18:20:00Z,3.825,3.83,3.82,3.825,10970.691719,41962.895825175
1788891660000,2026-09-08T18:21:00Z,3.8299,3.83,3.82,3.83,27013.099704,103325.1063678
1788891720000,2026-09-08T18:22:00Z,3.82,3.83,3.82,3.8222,32326.780849,123649.936747425
1788891780000,2026-09-08T18:23:00Z,3.825,3.83,3.82,3.824,15082.113967,57689.085923775
1788891840000,2026-09-08T18:24:00Z,3.8222,3.83,3.82,3.82,51048.255977,195259.579112025
1788891900000,2026-09-08T18:25:00Z,3.825,3.83,3.82,3.825,27069.607247,103541.247719775
1788891960000,2026-09-08T18:26:00Z,3.825,3.83,3.82,3.82,77787.504183,297537.203499975
1788892020000,2026-09-08T18:27:00Z,3.82,3.83,3.82,3.8217,24440,93483
1788892080000,2026-09-08T18:28:00Z,3.82,3.83,3.82,3.82,31267.288996,119597.3804097
1788892140000,2026-09-08T18:29:00Z,3.83,3.83,3.8101,3.8101,152888,584506.1128
1788892200000,2026-09-08T18:30:00Z,3.82,3.82,3.81,3.82,46121,175960.8392
1788892260000,2026-09-08T18:31:00Z,3.81,3.82,3.81,3.82,21635.230213,82538.403262595
1788892320000,2026-09-08T18:32:00Z,3.8134,3.82,3.81,3.8131,34861,132994.715
1788892380000,2026-09-08T18:33:00Z,3.815,3.82,3.81,3.8102,345018.852664,1316246.92291316
1788892440000,2026-09-08T18:34:00Z,3.81,3.82,3.81,3.8101,111959.038558,427123.73209877
1788892500000,2026-09-08T18:35:00Z,3.8119,3.815,3.81,3.815,68212.925294,260232.30999661
1788892560000,2026-09-08T18:36:00Z,3.81,3.815,3.805,3.805,216227.900787,824585.0996512245
1788892620000,2026-09-08T18:37:00Z,3.805,3.805,3.79,3.795,213550.965722,812988.526503654
1788892680000,2026-09-08T18:38:00Z,3.7901,3.8,3.79,3.79,39584.950487,150224.887098165
1788892740000,2026-09-08T18:39:00Z,3.8,3.8,3.79,3.7971,8890.074978,33737.83454151
1788892800000,2026-09-08T18:40:00Z,3.795,3.8,3.79,3.795,9797.861115,37182.882931425
1788892860000,2026-09-08T18:41:00Z,3.79,3.8,3.79,3.795,10077.244506,38243.14290027
1788892920000,2026-09-08T18:42:00Z,3.795,3.8,3.79,3.8,48379,183598.305
1788892980000,2026-09-08T18:43:00Z,3.795,3.8,3.79,3.795,19351.809446,73440.11684757
1788893040000,2026-09-08T18:44:00Z,3.8,3.8,3.7901,3.796,5727,21733.965
1788893100000,2026-09-08T18:45:00Z,3.795,3.8,3.79,3.7977,56294,213635.73
1788893160000,2026-09-08T18:46:00Z,3.795,3.8099,3.79,3.8099,194901.979777,739730.9740456258
1788893220000,2026-09-08T18:47:00Z,3.8061,3.8099,3.79,3.7999,250592.941352,953481.0825502248
1788893280000,2026-09-08T18:48:00Z,3.7959,3.8,3.79,3.79,11723.266616,44509.7263609672
1788893340000,2026-09-08T18:49:00Z,3.79,3.8,3.79,3.79,28502.279178,108166.14948051
1788893400000,2026-09-08T18:50:00Z,3.792,3.8,3.79,3.79,31116.350349,118086.549574455
1788893460000,2026-09-08T18:51:00Z,3.795,3.8,3.79,3.795,49970.855374,189639.39614433
1788893520000,2026-09-08T18:52:00Z,3.79,3.8,3.79,3.7919,27525.373863,104458.793810085
1788893580000,2026-09-08T18:53:00Z,3.792,3.7986,3.79,3.795,14273.55769,54168.15143355
1788893640000,2026-09-08T18:54:00Z,3.79,3.8,3.79,3.7905,16870.490749,64023.512392455
1788893700000,2026-09-08T18:55:00Z,3.79,3.8,3.79,3.795,20162.749999,76517.636246205
1788893760000,2026-09-08T18:56:00Z,3.8,3.8,3.79,3.795,17149.196961,65081.202466995
1788893820000,2026-09-08T18:57:00Z,3.79,3.7999,3.79,3.795,24100.694742,91462.13654589
1788893880000,2026-09-08T18:58:00Z,3.79,3.8,3.79,3.795,10110,38367.45
1788893940000,2026-09-08T18:59:00Z,3.7919,3.7986,3.785,3.785,140151.175396,531677.4989822656
1788894000000,2026-09-08T19:00:00Z,3.785,3.79,3.78,3.78,20425.926882,77320.3036191228
1788894060000,2026-09-08T19:01:00Z,3.785,3.79,3.7825,3.79,116154.639149,439645.309178965
1788894120000,2026-09-08T19:02:00Z,3.785,3.79,3.78,3.789,13178,49878.73
1788894180000,2026-09-08T19:03:00Z,3.79,3.79,3.78,3.79,40198.56,152151.5496
1788894240000,2026-09-08T19:04:00Z,3.785,3.79,3.78,3.79,30960.234243,117184.486609755
1788894300000,2026-09-08T19:05:00Z,3.785,3.79,3.78,3.78,18160.239863,68736.507881455
1788894360000,2026-09-08T19:06:00Z,3.785,3.7986,3.78,3.79,96293.842211,364703.2979899414
1788894420000,2026-09-08T19:07:00Z,3.795,3.8,3.79,3.7901,65471.122305,248462.909147475
1788894480000,2026-09-08T19:08:00Z,3.8,3.8,3.79,3.795,23299.084222,88420.02462249
1788894540000,2026-09-08T19:09:00Z,3.7901,3.8,3.79,3.795,28316.172668,107459.87527506
1788894600000,2026-09-08T19:10:00Z,3.79,3.79,3.78,3.79,44219.319431,167661.9715545796
1788894660000,2026-09-08T19:11:00Z,3.785,3.79,3.78,3.785,7690.748662,29109.48368567
1788894720000,2026-09-08T19:12:00Z,3.785,3.79,3.785,3.7875,30654.735409,116028.173523065
1788894780000,2026-09-08T19:13:00Z,3.785,3.79,3.785,3.785,7270.31606,27518.1462871
1788894840000,2026-09-08T19:14:00Z,3.785,3.79,3.78,3.7899,17864.47,67617.01895
1788894900000,2026-09-08T19:15:00Z,3.79,3.79,3.78,3.785,6758.563331,25581.162207835
1788894960000,2026-09-08T19:16:00Z,3.79,3.79,3.78,3.79,246983.724056,934833.39555196
1788895020000,2026-09-08T19:17:00Z,3.785,3.79,3.78,3.785,22004.989095,83288.883724575
1788895080000,2026-09-08T19:18:00Z,3.785,3.79,3.78,3.7825,15924.815367,60275.426164095
1788895140000,2026-09-08T19:19:00Z,3.7801,3.79,3.78,3.7802,104896.209014,397032.15111799
1788895200000,2026-09-08T19:20:00Z,3.785,3.79,3.77,3.78,67219.7393,254312.43969369
1788895260000,2026-09-08T19:21:00Z,3.775,3.785,3.77,3.785,189122.377033,714277.3935782344
1788895320000,2026-09-08T19:22:00Z,3.785,3.79,3.78,3.785,39000.464472,147616.75802652
1788895380000,2026-09-08T19:23:00Z,3.79,3.79,3.78,3.785,11153.002275,42214.113610875
1788895440000,2026-09-08T19:24:00Z,3.785,3.79,3.7801,3.785,24945.145956,94417.37744346
1788895500000,2026-09-08T19:25:00Z,3.79,3.79,3.78,3.7899,78656.332919,297714.220098415
1788895560000,2026-09-08T19:26:00Z,3.785,3.79,3.78,3.785,67101.715857,253979.994518745
1788895620000,2026-09-08T19:27:00Z,3.7801,3.7899,3.78,3.785,16693.8173,63186.0984805
1788895680000,2026-09-08T19:28:00Z,3.785,3.7899,3.78,3.78,20790.614905,78692.477415425
1788895740000,2026-09-08T19:29:00Z,3.78,3.7861,3.78,3.785,48779.053963,184628.719249955
1788895800000,2026-09-08T19:30:00Z,3.7817,3.79,3.7724,3.78,107451.646167,406500.3226143777
1788895860000,2026-09-08T19:31:00Z,3.78,3.78,3.77,3.7714,21319.199869,80479.979505475
1788895920000,2026-09-08T19:32:00Z,3.775,3.78,3.77,3.775,92490.056321,349149.962611775
1788895980000,2026-09-08T19:33:00Z,3.7734,3.78,3.77,3.77,41447.046641,156462.601069775
1788896040000,2026-09-08T19:34:00Z,3.775,3.7754,3.77,3.772,39039,147372.225
1788896100000,2026-09-08T19:35:00Z,3.775,3.775,3.76,3.7686,167543.083208,631788.2124690472
1788896160000,2026-09-08T19:36:00Z,3.77,3.77,3.76,3.7643,22658.48836,85309.2086754
1788896220000,2026-09-08T19:37:00Z,3.76,3.77,3.76,3.7685,28290.249918,106512.79094127
1788896280000,2026-09-08T19:38:00Z,3.765,3.77,3.76,3.765,50707.386193,190913.309016645
1788896340000,2026-09-08T19:39:00Z,3.77,3.77,3.76,3.77,182352.913204,686558.71821306
1788896400000,2026-09-08T19:40:00Z,3.77,3.77,3.765,3.765,51811,195068.415
1788896460000,2026-09-08T19:41:00Z,3.7699,3.78,3.765,3.775,206063.922402,776613.7107486576
1788896520000,2026-09-08T19:42:00Z,3.78,3.78,3.76,3.7605,127380.3541,480644.29012553
1788896580000,2026-09-08T19:43:00Z,3.77,3.77,3.76,3.76,25004.631144,94142.43625716
1788896640000,2026-09-08T19:44:00Z,3.765,3.77,3.76,3.765,27364.04623,103025.63405595
1788896700000,2026-09-08T19:45:00Z,3.768,3.78,3.765,3.7798,825888,3111945.984
1788896760000,2026-09-08T19:46:00Z,3.775,3.78,3.77,3.775,72465.162625,273555.988909375
1788896820000,2026-09-08T19:47:00Z,3.7701,3.7799,3.77,3.775,104518,394555.45
1788896880000,2026-09-08T19:48:00Z,3.78,3.78,3.77,3.775,48723.059748,183929.5505487
1788896940000,2026-09-08T19:49:00Z,3.78,3.78,3.77,3.7719,114367.945251,431738.993322525
1788897000000,2026-09-08T19:50:00Z,3.775,3.78,3.77,3.772,133806.286044,505118.7298161
1788897060000,2026-09-08T19:51:00Z,3.77,3.78,3.77,3.772,84561.836606,319220.93318765
1788897120000,2026-09-08T19:52:00Z,3.78,3.78,3.76,3.77,210039.437016,792331.7682554568
1788897180000,2026-09-08T19:53:00Z,3.77,3.78,3.765,3.775,242239.630674,913025.3919733734
1788897240000,2026-09-08T19:54:00Z,3.7799,3.78,3.77,3.78,123762.037769,467201.692577975
1788897300000,2026-09-08T19:55:00Z,3.78,3.78,3.77,3.775,71344.418011,269325.177991525
1788897360000,2026-09-08T19:56:00Z,3.78,3.78,3.77,3.7741,534479.049934,2017658.41350085
1788897420000,2026-09-08T19:57:00Z,3.775,3.79,3.7701,3.785,401912.445957,1517862.5434012062
1788897480000,2026-09-08T19:58:00Z,3.7899,3.79,3.78,3.7801,174485.290759,660426.825522815
1788897540000,2026-09-08T19:59:00Z,3.785,3.79,3.78,3.79,416692.513655,1577181.164184175
1788897600000,2026-09-08T20:00:00Z,3.79,3.79,3.78,3.78,1232910.680366,4668169.7090697858
1788897660000,2026-09-08T20:01:00Z,3.78,3.79,3.78,3.78,401086,1519955.5056
1788897720000,2026-09-08T20:02:00Z,3.8,3.8,3.7831,3.8,10778,40848.62
1788897780000,2026-09-08T20:03:00Z,3.7995,3.7995,3.79,3.79,3730,14136.7
1788897840000,2026-09-08T20:04:00Z,3.79,3.79,3.7806,3.79,6495.544159,24613.5654816987
1788897900000,2026-09-08T20:05:00Z,3.8,3.8,3.79,3.7915,455,1726.3634
1788897960000,2026-09-08T20:06:00Z,3.79,3.79,3.79,3.79,13851.26582,52565.5537869
1788898020000,2026-09-08T20:07:00Z,3.8,3.8,3.79,3.79,14092,53479.14
1788898140000,2026-09-08T20:09:00Z,3.7992,3.7992,3.7992,3.7992,14842.17622,56326.0587549
1788898200000,2026-09-08T20:10:00Z,3.79,3.7915,3.79,3.79,19129.151879,72595.131380805
1788898260000,2026-09-08T20:11:00Z,3.79,3.79,3.79,3.79,12701,48200.295
1788898320000,2026-09-08T20:12:00Z,3.79,3.7994,3.79,3.7994,11589,43976.7783
1788898380000,2026-09-08T20:13:00Z,3.79,3.8,3.79,3.8,15479.171622,58734.1688025168
1788898440000,2026-09-08T20:14:00Z,3.79,3.7985,3.79,3.79,9076.185428,34444.12369926
1788898500000,2026-09-08T20:15:00Z,3.79,3.79,3.79,3.79,13012.2501,49381.4891295
1788898560000,2026-09-08T20:16:00Z,3.7998,3.8,3.79,3.8,13639.427741,51761.628277095
1788898620000,2026-09-08T20:17:00Z,3.79,3.8,3.79,3.8,16026,60818.67
1788898680000,2026-09-08T20:18:00Z,3.79,3.8,3.79,3.7985,9758.083402,37031.92651059
1788898740000,2026-09-08T20:19:00Z,3.795,3.8,3.79,3.8,15,56.905
1788898800000,2026-09-08T20:20:00Z,3.79,3.7994,3.79,3.7994,14067.282255,53385.336157725
1788898860000,2026-09-08T20:21:00Z,3.8,3.8094,3.8,3.8,24175,91823.9025
1788898920000,2026-09-08T20:22:00Z,3.81,3.81,3.81,3.81,12734,48452.87
1788899040000,2026-09-08T20:24:00Z,3.8,3.8,3.8,3.8,10,38
1788899100000,2026-09-08T20:25:00Z,3.8098,3.8098,3.8098,3.8098,11581,44065.705
1788899160000,2026-09-08T20:26:00Z,3.81,3.81,3.8,3.8093,16181,61568.705
1788899220000,2026-09-08T20:27:00Z,3.8,3.8,3.8,3.8,9793.514502,37264.32268011
1788899280000,2026-09-08T20:28:00Z,3.8094,3.8094,3.8094,3.8094,10501.333543,39957.574131115
1788899400000,2026-09-08T20:30:00Z,3.8,3.8094,3.8,3.8094,18,68.4188
1788899460000,2026-09-08T20:31:00Z,3.81,3.81,3.81,3.81,7197,27384.585
1788899520000,2026-09-08T20:32:00Z,3.81,3.81,3.81,3.81,6033,22955.565
1788899580000,2026-09-08T20:33:00Z,3.81,3.81,3.8,3.8,297,1128.85
1788899700000,2026-09-08T20:35:00Z,3.8094,3.8099,3.8094,3.8099,8537,32483.285
1788899760000,2026-09-08T20:36:00Z,3.81,3.81,3.8099,3.8099,45,171.448
1788899820000,2026-09-08T20:37:00Z,3.81,3.81,3.81,3.81,10314,39244.77
1788899880000,2026-09-08T20:38:00Z,3.8,3.8,3.8,3.8,5,19
1788900000000,2026-09-08T20:40:00Z,3.79,3.79,3.79,3.79,148955,566773.775
1788900120000,2026-09-08T20:42:00Z,3.8,3.8,3.8,3.8,7023.841175,26725.715670875
1788900180000,2026-09-08T20:43:00Z,3.8,3.81,3.8,3.81,8416.263157,32023.881312385
1788900240000,2026-09-08T20:44:00Z,3.8,3.8,3.8,3.8,8556.489671,32557.443198155
1788900300000,2026-09-08T20:45:00Z,3.8094,3.8094,3.8,3.8,13,49.4188
1788900420000,2026-09-08T20:47:00Z,3.8094,3.8094,3.8094,3.8094,5769.5,21952.9475
1788900480000,2026-09-08T20:48:00Z,3.8006,3.81,3.8006,3.81,7522,28621.21
1788900540000,2026-09-08T20:49:00Z,3.8094,3.8094,3.8094,3.8094,13,49.5222
1788900600000,2026-09-08T20:50:00Z,3.8,3.8,3.8,3.8,50,190
1788900780000,2026-09-08T20:53:00Z,3.8094,3.8094,3.8094,3.8094,40,152.376
1788900900000,2026-09-08T20:55:00Z,3.8094,3.8094,3.8094,3.8094,2503.625085,9526.293448425
1788900960000,2026-09-08T20:56:00Z,3.8006,3.81,3.8006,3.81,4501.055005,17126.514294025
1788901020000,2026-09-08T20:57:00Z,3.8094,3.81,3.8094,3.81,106,403.8432
1788901140000,2026-09-08T20:59:00Z,3.8,3.8015,3.8,3.8,1967.015248,7484.49301864
1788901200000,2026-09-08T21:00:00Z,3.8,3.8015,3.8,3.8,8,30.4032
1788901260000,2026-09-08T21:01:00Z,3.8,3.8099,3.8,3.8099,383,1457.315
1788901320000,2026-09-08T21:02:00Z,3.8,3.8,3.8,3.8,52,197.86
1788901380000,2026-09-08T21:03:00Z,3.8,3.8,3.8,3.8,131,498.455
1788901440000,2026-09-08T21:04:00Z,3.8,3.8,3.8,3.8,27,102.6
1788901740000,2026-09-08T21:09:00Z,3.81,3.81,3.81,3.81,2011,7651.855
1788901800000,2026-09-08T21:10:00Z,3.8094,3.81,3.8094,3.81,52,198.1194
1788901860000,2026-09-08T21:11:00Z,3.81,3.81,3.8097,3.8097,31,118.1097
1788901920000,2026-09-08T21:12:00Z,3.81,3.81,3.81,3.81,100,381
1788902160000,2026-09-08T21:16:00Z,3.81,3.81,3.81,3.81,1390,5288.95
1788902280000,2026-09-08T21:18:00Z,3.81,3.81,3.81,3.81,1026,3903.93
1788902340000,2026-09-08T21:19:00Z,3.8094,3.81,3.8094,3.8094,52.501547,199.768386335
1788902460000,2026-09-08T21:21:00Z,3.8012,3.8012,3.8,3.8001,22,83.6023
1788902700000,2026-09-08T21:25:00Z,3.8,3.81,3.8,3.8,5009,19059.245
1788902760000,2026-09-08T21:26:00Z,3.8,3.81,3.8,3.81,51,194.3
1788902820000,2026-09-08T21:27:00Z,3.8,3.81,3.8,3.81,16,60.9
1788903000000,2026-09-08T21:30:00Z,3.8,3.8094,3.8,3.8094,1071,4075.155
1788903060000,2026-09-08T21:31:00Z,3.8,3.8,3.8,3.8,2,7.6
1788903300000,2026-09-08T21:35:00Z,3.81,3.81,3.81,3.81,50,190.5
1788903420000,2026-09-08T21:37:00Z,3.8094,3.8094,3.8094,3.8094,1500.265133,5708.508831065
1788903480000,2026-09-08T21:38:00Z,3.81,3.81,3.8093,3.8093,4,15.2393
1788903600000,2026-09-08T21:40:00Z,3.801,3.801,3.801,3.801,15,57.015
1788903720000,2026-09-08T21:42:00Z,3.81,3.81,3.81,3.81,250,951.25
1788903780000,2026-09-08T21:43:00Z,3.81,3.81,3.81,3.81,195,741.975
1788903840000,2026-09-08T21:44:00Z,3.8,3.8,3.8,3.8,154,585.97
1788903900000,2026-09-08T21:45:00Z,3.81,3.81,3.81,3.81,10,38.1
1788904080000,2026-09-08T21:48:00Z,3.81,3.81,3.81,3.81,45,171.45
1788904200000,2026-09-08T21:50:00Z,3.81,3.81,3.8097,3.8097,406,1544.83
1788904320000,2026-09-08T21:52:00Z,3.8001,3.8001,3.8,3.8,6565.614677,24982.163845985
1788904380000,2026-09-08T21:53:00Z,3.8,3.8,3.8,3.8,54,205.2
1788904500000,2026-09-08T21:55:00Z,3.8094,3.81,3.8094,3.81,12.875255,48.990345275
1788904560000,2026-09-08T21:56:00Z,3.81,3.81,3.81,3.81,115,437.575
1788904620000,2026-09-08T21:57:00Z,3.81,3.81,3.8094,3.8094,43,163.806
1788904680000,2026-09-08T21:58:00Z,3.8,3.8,3.8,3.8,101,384.305
1788904740000,2026-09-08T21:59:00Z,3.81,3.81,3.81,3.81,1025,3900.125
1788904800000,2026-09-08T22:00:00Z,3.8,3.8,3.8,3.8,3,11.4
1788904920000,2026-09-08T22:02:00Z,3.81,3.81,3.81,3.81,25,95.25
1788905040000,2026-09-08T22:04:00Z,3.8,3.8,3.8,3.8,746,2838.53
1788905100000,2026-09-08T22:05:00Z,3.8,3.81,3.8,3.81,540,2054.7
1788905220000,2026-09-08T22:07:00Z,3.79,3.79,3.79,3.79,20,75.8
1788905580000,2026-09-08T22:13:00Z,3.7994,3.7994,3.7994,3.7994,3645,13839.336
1788905640000,2026-09-08T22:14:00Z,3.8,3.8,3.79,3.79,60,227.7
1788905820000,2026-09-08T22:17:00Z,3.795,3.795,3.79,3.79,281,1067.3785
1788905940000,2026-09-08T22:19:00Z,3.8,3.8,3.8,3.8,50,190
1788906000000,2026-09-08T22:20:00Z,3.7989,3.7989,3.7989,3.7989,40,151.956
1788906180000,2026-09-08T22:23:00Z,3.791,3.791,3.791,3.791,100,379.1
1788906300000,2026-09-08T22:25:00Z,3.7981,3.7981,3.79,3.79,121.974874,462.89464683
1788906480000,2026-09-08T22:28:00Z,3.7902,3.7902,3.7902,3.7902,3.727555,14.146071225
1788906540000,2026-09-08T22:29:00Z,3.7985,3.7985,3.7985,3.7985,3,11.3955
1788906720000,2026-09-08T22:32:00Z,3.791,3.791,3.79,3.79,2,7.581
1788906900000,2026-09-08T22:35:00Z,3.8,3.8,3.8,3.8,101,383.295
1788906960000,2026-09-08T22:36:00Z,3.8,3.8,3.7993,3.7993,397.205642,1507.39541139
1788907020000,2026-09-08T22:37:00Z,3.7903,3.8,3.7902,3.8,206,781.77
1788907140000,2026-09-08T22:39:00Z,3.7901,3.7901,3.7901,3.7901,6,22.7406
1788907200000,2026-09-08T22:40:00Z,3.8,3.8,3.8,3.8,40,151.8
1788907260000,2026-09-08T22:41:00Z,3.8,3.8,3.8,3.8,5026,19073.67
1788907320000,2026-09-08T22:42:00Z,3.79,3.79,3.79,3.79,393.458518,1493.17507581
1788907380000,2026-09-08T22:43:00Z,3.79,3.7906,3.79,3.7906,333.984013,1267.469329335
1788907500000,2026-09-08T22:45:00Z,3.8,3.8,3.8,3.8,1,3.8
1788907560000,2026-09-08T22:46:00Z,3.7994,3.7994,3.7994,3.7994,2,7.5988
1788907740000,2026-09-08T22:49:00Z,3.8,3.8,3.8,3.8,10,38
1788907800000,2026-09-08T22:50:00Z,3.79,3.79,3.79,3.79,50,189.5
1788907920000,2026-09-08T22:52:00Z,3.79,3.79,3.79,3.79,104,394.68
1788908040000,2026-09-08T22:54:00Z,3.8,3.8,3.8,3.8,25,95
1788908100000,2026-09-08T22:55:00Z,3.79,3.79,3.79,3.79,10.174041,38.610485595
1788908160000,2026-09-08T22:56:00Z,3.8,3.8,3.8,3.8,10,37.95
1788908220000,2026-09-08T22:57:00Z,3.7906,3.7906,3.7906,3.7906,1,3.7906
1788908340000,2026-09-08T22:59:00Z,3.7997,3.7997,3.7997,3.7997,160,607.952
1788908700000,2026-09-08T23:05:00Z,3.7998,3.8,3.7998,3.8,134,508.53
1788908760000,2026-09-08T23:06:00Z,3.8,3.8,3.8,3.8,10,38
1788908820000,2026-09-08T23:07:00Z,3.7901,3.7901,3.7901,3.7901,1003,3806.385
1788908940000,2026-09-08T23:09:00Z,3.79,3.7999,3.79,3.7999,19,72.0481
1788909060000,2026-09-08T23:11:00Z,3.7999,3.7999,3.7999,3.7999,3,11.3997
1788909300000,2026-09-08T23:15:00Z,3.7998,3.7998,3.7998,3.7998,10,37.998
1788909480000,2026-09-08T23:18:00Z,3.79,3.79,3.79,3.79,50,189.5
1788909660000,2026-09-08T23:21:00Z,3.8,3.8,3.8,3.8,2,7.6
1788909780000,2026-09-08T23:23:00Z,3.79,3.79,3.79,3.79,17,64.43
1788909900000,2026-09-08T23:25:00Z,3.7999,3.7999,3.7999,3.7999,3,11.3997
1788909960000,2026-09-08T23:26:00Z,3.7915,3.7915,3.7915,3.7915,9,34.1235
1788910080000,2026-09-08T23:28:00Z,3.8,3.8,3.8,3.8,400,1518
1788910200000,2026-09-08T23:30:00Z,3.7998,3.8,3.7998,3.8,11,41.7988
1788910260000,2026-09-08T23:31:00Z,3.7994,3.7994,3.7915,3.7915,13,49.3132
1788910320000,2026-09-08T23:32:00Z,3.7901,3.7901,3.7901,3.7901,20,75.9
1788910380000,2026-09-08T23:33:00Z,3.8,3.8,3.8,3.8,26,98.8
1788910440000,2026-09-08T23:34:00Z,3.7999,3.7999,3.7915,3.7915,65,246.9095
1788910500000,2026-09-08T23:35:00Z,3.7903,3.7916,3.79,3.7916,1051,3988.545
1788910560000,2026-09-08T23:36:00Z,3.7994,3.7994,3.7994,3.7994,225,853.875
1788910620000,2026-09-08T23:37:00Z,3.8,3.8,3.795,3.795,118,447.81
1788910680000,2026-09-08T23:38:00Z,3.79,3.795,3.79,3.795,240,910.8
1788910740000,2026-09-08T23:39:00Z,3.79,3.79,3.79,3.79,31,117.49
1788910800000,2026-09-08T23:40:00Z,3.7998,3.7998,3.7998,3.7998,30,113.85
1788910860000,2026-09-08T23:41:00Z,3.8,3.8,3.8,3.8,1001,3798.795
1788910920000,2026-09-08T23:42:00Z,3.7994,3.7998,3.7915,3.7998,41,155.7084
1788911100000,2026-09-08T23:45:00Z,3.7994,3.7994,3.79,3.7985,62,235.1505
1788911580000,2026-09-08T23:53:00Z,3.79,3.79,3.79,3.79,29,110.055
1788911640000,2026-09-08T23:54:00Z,3.8,3.8,3.8,3.8,5,19
1788911700000,2026-09-08T23:55:00Z,3.8,3.8,3.799,3.799,23,87.285
1788911760000,2026-09-08T23:56:00Z,3.7994,3.8,3.7994,3.8,16,60.7965
1788911880000,2026-09-08T23:58:00Z,3.7901,3.7901,3.7901,3.7901,650,2469.22
1788911940000,2026-09-08T23:59:00Z,3.79,3.7903,3.79,3.7903,11120,42158.144
1788912000000,2026-09-09T00:00:00Z,3.72,3.79,3.72,3.72,444,1655.58
1788912540000,2026-09-09T00:09:00Z,3.78,3.78,3.78,3.78,1,3.78
1788912600000,2026-09-09T00:10:00Z,3.79,3.79,3.79,3.79,6,22.74
1788912900000,2026-09-09T00:15:00Z,3.8,3.81,3.79,3.8,4966,18912.52
1788913200000,2026-09-09T00:20:00Z,3.8,3.8,3.8,3.8,146,554.8
1788913440000,2026-09-09T00:24:00Z,3.8,3.8,3.8,3.8,500,1900
1788913500000,2026-09-09T00:25:00Z,3.8,3.8,3.79,3.79,5004,18973.2
1788913560000,2026-09-09T00:26:00Z,3.78,3.78,3.78,3.78,150,567
1788913680000,2026-09-09T00:28:00Z,3.79,3.79,3.79,3.79,107,405.53
1788913920000,2026-09-09T00:32:00Z,3.79,3.79,3.79,3.79,40,151.6
1788914040000,2026-09-09T00:34:00Z,3.79,3.79,3.79,3.79,3,11.37
1788914220000,2026-09-09T00:37:00Z,3.79,3.79,3.79,3.79,133,504.07
1788914580000,2026-09-09T00:43:00Z,3.79,3.79,3.79,3.79,263,996.77
1788915180000,2026-09-09T00:53:00Z,3.79,3.79,3.79,3.79,420,1591.8
1788915360000,2026-09-09T00:56:00Z,3.8,3.8,3.78,3.78,3,11.36
1788915780000,2026-09-09T01:03:00Z,3.79,3.79,3.79,3.79,2,7.58
1788916020000,2026-09-09T01:07:00Z,3.79,3.8,3.79,3.8,1512,5730.54
1788916620000,2026-09-09T01:17:00Z,3.79,3.79,3.79,3.79,100,379
1788916920000,2026-09-09T01:22:00Z,3.79,3.79,3.79,3.79,2914,11044.06
1788917400000,2026-09-09T01:30:00Z,3.78,3.78,3.78,3.78,1269,4796.82
1788917460000,2026-09-09T01:31:00Z,3.77,3.78,3.77,3.78,3458,13051.24
1788917520000,2026-09-09T01:32:00Z,3.77,3.77,3.77,3.77,3224,12154.48
1788917580000,2026-09-09T01:33:00Z,3.77,3.77,3.77,3.77,3,11.31
1788917880000,2026-09-09T01:38:00Z,3.79,3.79,3.79,3.79,1,3.79
1788918180000,2026-09-09T01:43:00Z,3.78,3.78,3.78,3.78,335,1266.3
1788918240000,2026-09-09T01:44:00Z,3.79,3.8,3.79,3.8,2526,9573.55
1788918300000,2026-09-09T01:45:00Z,3.79,3.8,3.79,3.8,2173,8235.75
1788918600000,2026-09-09T01:50:00Z,3.79,3.79,3.79,3.79,61,231.19
1788918780000,2026-09-09T01:53:00Z,3.8,3.8,3.8,3.8,41,155.8
1788918840000,2026-09-09T01:54:00Z,3.8,3.8,3.8,3.8,53,201.4
1788919200000,2026-09-09T02:00:00Z,3.8,3.8,3.8,3.8,52,197.6
1788919560000,2026-09-09T02:06:00Z,3.8,3.8,3.8,3.8,1536,5836.8
1788919620000,2026-09-09T02:07:00Z,3.79,3.79,3.79,3.79,3509,13299.11
1788919740000,2026-09-09T02:09:00Z,3.79,3.79,3.79,3.79,5000,18950
1788919800000,2026-09-09T02:10:00Z,3.79,3.79,3.79,3.79,5000,18950
1788919980000,2026-09-09T02:13:00Z,3.78,3.78,3.78,3.78,6051,22872.78
1788920100000,2026-09-09T02:15:00Z,3.78,3.78,3.78,3.78,29228,110481.84
1788920280000,2026-09-09T02:18:00Z,3.78,3.78,3.78,3.78,1653,6248.34
1788920460000,2026-09-09T02:21:00Z,3.78,3.78,3.78,3.78,1654,6252.12
1788920640000,2026-09-09T02:24:00Z,3.78,3.78,3.78,3.78,1654,6252.12
1788920880000,2026-09-09T02:28:00Z,3.79,3.79,3.79,3.79,19,72.01
1788921720000,2026-09-09T02:42:00Z,3.79,3.79,3.79,3.79,84,318.36
1788922620000,2026-09-09T02:57:00Z,3.78,3.78,3.78,3.78,1926,7280.28
1788922980000,2026-09-09T03:03:00Z,3.79,3.79,3.79,3.79,274,1038.46
1788923220000,2026-09-09T03:07:00Z,3.79,3.79,3.79,3.79,32,121.28
1788923340000,2026-09-09T03:09:00Z,3.79,3.79,3.79,3.79,1,3.79
1788923400000,2026-09-09T03:10:00Z,3.79,3.79,3.79,3.79,693,2626.47
1788923460000,2026-09-09T03:11:00Z,3.79,3.79,3.79,3.79,2786,10558.94
1788923760000,2026-09-09T03:16:00Z,3.78,3.78,3.78,3.78,3,11.34
1788924120000,2026-09-09T03:22:00Z,3.8,3.8,3.8,3.8,7,26.6
1788924480000,2026-09-09T03:28:00Z,3.79,3.79,3.78,3.78,622,2353.71
1788924600000,2026-09-09T03:30:00Z,3.79,3.79,3.79,3.79,2,7.58
1788924840000,2026-09-09T03:34:00Z,3.79,3.79,3.79,3.79,50,189.5
1788924900000,2026-09-09T03:35:00Z,3.78,3.78,3.78,3.78,1,3.78
1788925080000,2026-09-09T03:38:00Z,3.77,3.77,3.77,3.77,217,818.09
1788925440000,2026-09-09T03:44:00Z,3.77,3.77,3.77,3.77,92,346.84
1788925620000,2026-09-09T03:47:00Z,3.78,3.78,3.78,3.78,12,45.36
1788926400000,2026-09-09T04:00:00Z,3.77,3.77,3.77,3.77,10000,37700
1788927000000,2026-09-09T04:10:00Z,3.77,3.77,3.77,3.77,27,101.79
1788927060000,2026-09-09T04:11:00Z,3.77,3.77,3.77,3.77,8,30.16
1788927300000,2026-09-09T04:15:00Z,3.78,3.79,3.78,3.79,9,34.08
1788927540000,2026-09-09T04:19:00Z,3.77,3.77,3.77,3.77,29,109.33
1788928140000,2026-09-09T04:29:00Z,3.79,3.79,3.79,3.79,4,15.16
1788928200000,2026-09-09T04:30:00Z,3.78,3.78,3.78,3.78,5,18.9
1788928320000,2026-09-09T04:32:00Z,3.78,3.78,3.78,3.78,4,15.12
1788928560000,2026-09-09T04:36:00Z,3.78,3.78,3.78,3.78,26,98.28
1788928680000,2026-09-09T04:38:00Z,3.78,3.78,3.78,3.78,98,370.44
1788928860000,2026-09-09T04:41:00Z,3.78,3.78,3.78,3.78,7,26.46
1788928980000,2026-09-09T04:43:00Z,3.79,3.79,3.79,3.79,455,1724.45
1788929100000,2026-09-09T04:45:00Z,3.79,3.79,3.79,3.79,50,189.5
1788929340000,2026-09-09T04:49:00Z,3.77,3.79,3.77,3.79,39,147.11
1788929460000,2026-09-09T04:51:00Z,3.77,3.78,3.77,3.77,10,37.71
1788929640000,2026-09-09T04:54:00Z,3.79,3.79,3.79,3.79,165,625.35
1788930180000,2026-09-09T05:03:00Z,3.77,3.77,3.77,3.77,1005,3788.85
1788930300000,2026-09-09T05:05:00Z,3.76,3.76,3.76,3.76,12262,46105.12
1788930360000,2026-09-09T05:06:00Z,3.76,3.76,3.76,3.76,232,872.32
1788930420000,2026-09-09T05:07:00Z,3.76,3.76,3.76,3.76,2515,9456.4
1788930480000,2026-09-09T05:08:00Z,3.76,3.76,3.76,3.76,8,30.08
1788930600000,2026-09-09T05:10:00Z,3.76,3.76,3.76,3.76,2670,10039.2
1788930780000,2026-09-09T05:13:00Z,3.77,3.77,3.77,3.77,350,1319.5
1788930840000,2026-09-09T05:14:00Z,3.78,3.78,3.78,3.78,19,71.82
1788931020000,2026-09-09T05:17:00Z,3.77,3.77,3.77,3.77,68,256.36
1788931380000,2026-09-09T05:23:00Z,3.77,3.77,3.77,3.77,81,305.37
1788931800000,2026-09-09T05:30:00Z,3.76,3.76,3.75,3.75,3000,11256.99
1788931860000,2026-09-09T05:31:00Z,3.75,3.75,3.75,3.75,4,15
1788932340000,2026-09-09T05:39:00Z,3.77,3.77,3.77,3.77,14,52.78
1788932520000,2026-09-09T05:42:00Z,3.78,3.78,3.78,3.78,50,189
1788932760000,2026-09-09T05:46:00Z,3.79,3.79,3.79,3.79,18,68.22
1788932880000,2026-09-09T05:48:00Z,3.78,3.78,3.78,3.78,6000,22680
1788933000000,2026-09-09T05:50:00Z,3.78,3.78,3.78,3.78,3000,11340
1788933060000,2026-09-09T05:51:00Z,3.8,3.8,3.8,3.8,10,38
1788933480000,2026-09-09T05:58:00Z,3.8,3.8,3.8,3.8,2022,7683.6
1788933600000,2026-09-09T06:00:00Z,3.8,3.8,3.8,3.8,596,2264.8
1788933660000,2026-09-09T06:01:00Z,3.8,3.8,3.8,3.8,3000,11400
1788933720000,2026-09-09T06:02:00Z,3.79,3.81,3.78,3.78,16008,60648.48
1788933900000,2026-09-09T06:05:00Z,3.78,3.78,3.78,3.78,5,18.9
1788934020000,2026-09-09T06:07:00Z,3.8,3.8,3.8,3.8,30,114
1788934320000,2026-09-09T06:12:00Z,3.8,3.8,3.8,3.8,2,7.6
1788934800000,2026-09-09T06:20:00Z,3.8,3.8,3.79,3.79,345,1308
1788934980000,2026-09-09T06:23:00Z,3.79,3.79,3.79,3.79,1,3.79
1788935160000,2026-09-09T06:26:00Z,3.8,3.8,3.8,3.8,264,1003.2
1788935400000,2026-09-09T06:30:00Z,3.79,3.79,3.79,3.79,12,45.48
1788935520000,2026-09-09T06:32:00Z,3.79,3.79,3.79,3.79,3,11.37
1788935580000,2026-09-09T06:33:00Z,3.8,3.8,3.8,3.8,60,228
1788936000000,2026-09-09T06:40:00Z,3.8,3.8,3.8,3.8,27,102.6
1788936120000,2026-09-09T06:42:00Z,3.79,3.79,3.79,3.79,1,3.79
1788936360000,2026-09-09T06:46:00Z,3.8,3.8,3.8,3.8,859,3264.2
1788936660000,2026-09-09T06:51:00Z,3.8,3.8,3.8,3.8,3000,11400
1788936720000,2026-09-09T06:52:00Z,3.8,3.81,3.8,3.81,3022,11483.81
1788936840000,2026-09-09T06:54:00Z,3.81,3.81,3.8,3.8,271,1029.81
1788937140000,2026-09-09T06:59:00Z,3.81,3.81,3.81,3.81,6811,25949.91
1788937260000,2026-09-09T07:01:00Z,3.81,3.81,3.81,3.81,149,567.69
1788937320000,2026-09-09T07:02:00Z,3.82,3.82,3.82,3.82,653,2494.46
1788937440000,2026-09-09T07:04:00Z,3.81,3.82,3.81,3.82,1204,4599.24
1788937500000,2026-09-09T07:05:00Z,3.82,3.82,3.82,3.82,20,76.4
1788937560000,2026-09-09T07:06:00Z,3.81,3.81,3.81,3.81,498,1897.38
1788937740000,2026-09-09T07:09:00Z,3.81,3.81,3.81,3.81,503,1916.43
1788937800000,2026-09-09T07:10:00Z,3.82,3.82,3.82,3.82,8,30.56
1788937860000,2026-09-09T07:11:00Z,3.82,3.82,3.82,3.82,1,3.82
1788937980000,2026-09-09T07:13:00Z,3.81,3.81,3.81,3.81,100,381
1788938040000,2026-09-09T07:14:00Z,3.81,3.81,3.81,3.81,12,45.72
1788938100000,2026-09-09T07:15:00Z,3.82,3.82,3.81,3.82,8583,32767.91
1788938220000,2026-09-09T07:17:00Z,3.82,3.82,3.82,3.82,3985,15222.7
1788938340000,2026-09-09T07:19:00Z,3.82,3.82,3.82,3.82,6,22.92
1788938400000,2026-09-09T07:20:00Z,3.83,3.83,3.83,3.83,3,11.49
1788938460000,2026-09-09T07:21:00Z,3.82,3.83,3.82,3.83,13,49.69
1788938580000,2026-09-09T07:23:00Z,3.82,3.83,3.82,3.83,8791,33581.73
1788938760000,2026-09-09T07:26:00Z,3.83,3.83,3.83,3.83,100,383
1788938940000,2026-09-09T07:29:00Z,3.82,3.83,3.82,3.83,4075,15607.24
1788939000000,2026-09-09T07:30:00Z,3.83,3.83,3.83,3.83,10,38.3
1788939060000,2026-09-09T07:31:00Z,3.83,3.83,3.83,3.83,855,3274.65
1788939120000,2026-09-09T07:32:00Z,3.83,3.83,3.83,3.83,600,2298
1788939240000,2026-09-09T07:34:00Z,3.82,3.82,3.81,3.82,6697,25577.91
1788939300000,2026-09-09T07:35:00Z,3.82,3.83,3.82,3.83,260,993.45
1788939480000,2026-09-09T07:38:00Z,3.83,3.83,3.83,3.83,712,2726.96
1788939600000,2026-09-09T07:40:00Z,3.83,3.83,3.83,3.83,22,84.26
1788939840000,2026-09-09T07:44:00Z,3.83,3.83,3.82,3.82,561,2145.78
1788939900000,2026-09-09T07:45:00Z,3.83,3.83,3.83,3.83,290,1110.7
1788940260000,2026-09-09T07:51:00Z,3.82,3.83,3.82,3.83,6485,24834.7
1788940560000,2026-09-09T07:56:00Z,3.82,3.82,3.82,3.82,4000,15280
1788940620000,2026-09-09T07:57:00Z,3.82,3.82,3.82,3.82,285,1088.7
1788940680000,2026-09-09T07:58:00Z,3.83,3.83,3.83,3.83,4000,15320
1788940740000,2026-09-09T07:59:00Z,3.84,3.85,3.82,3.82,5734,22022.69
1788940800000,2026-09-09T08:00:00Z,3.79,3.84,3.76,3.83,141273.86385,541474.46536428
1788940860000,2026-09-09T08:01:00Z,3.82,3.83,3.76,3.83,23831,91275.1131
1788940980000,2026-09-09T08:03:00Z,3.84,3.85,3.83,3.85,35938.707965,137918.385686484
1788941100000,2026-09-09T08:05:00Z,3.84,3.84,3.84,3.84,71,272.995
1788941160000,2026-09-09T08:06:00Z,3.84,3.84,3.84,3.84,32664,125593.08
1788941220000,2026-09-09T08:07:00Z,3.84,3.84,3.8308,3.8308,34553.92439,132776.909861014
1788941280000,2026-09-09T08:08:00Z,3.8392,3.8395,3.8308,3.8395,6647,25498.5567
1788941340000,2026-09-09T08:09:00Z,3.83,3.83,3.83,3.83,25,95.75
1788941460000,2026-09-09T08:11:00Z,3.8392,3.8392,3.83,3.83,20978,80410.7718
1788941520000,2026-09-09T08:12:00Z,3.83,3.83,3.82,3.83,2135,8157.05
1788941640000,2026-09-09T08:14:00Z,3.8292,3.8292,3.8292,3.8292,12938,49487.85
1788941700000,2026-09-09T08:15:00Z,3.83,3.83,3.83,3.83,40,153.2
1788942240000,2026-09-09T08:24:00Z,3.82,3.82,3.82,3.82,215,821.3
1788942300000,2026-09-09T08:25:00Z,3.82,3.82,3.82,3.82,6818,26012.0336
1788942360000,2026-09-09T08:26:00Z,3.82,3.82,3.82,3.82,7010,26743.15
1788942420000,2026-09-09T08:27:00Z,3.82,3.82,3.81,3.81,24,91.57
1788942540000,2026-09-09T08:29:00Z,3.8108,3.8108,3.8108,3.8108,6502,24805.13
1788942600000,2026-09-09T08:30:00Z,3.81,3.81,3.81,3.81,2018,7688.58
1788942720000,2026-09-09T08:32:00Z,3.8095,3.8095,3.8095,3.8095,5502,20935.11
1788942780000,2026-09-09T08:33:00Z,3.8,3.8,3.8,3.8,36,136.8
1788942900000,2026-09-09T08:35:00Z,3.8095,3.8095,3.8005,3.8005,15,57.0255
1788942960000,2026-09-09T08:36:00Z,3.8,3.8,3.8,3.8,26,98.8
1788943200000,2026-09-09T08:40:00Z,3.8092,3.8092,3.8092,3.8092,2026.3,7710.0715
1788943260000,2026-09-09T08:41:00Z,3.8095,3.8095,3.8095,3.8095,1,3.8095
1788943320000,2026-09-09T08:42:00Z,3.8,3.8,3.8,3.8,8,30.4
1788943500000,2026-09-09T08:45:00Z,3.8005,3.8005,3.8005,3.8005,1,3.8005
1788943560000,2026-09-09T08:46:00Z,3.81,3.81,3.81,3.81,100,381
1788943620000,2026-09-09T08:47:00Z,3.8097,3.8097,3.8097,3.8097,80,304.4
1788943680000,2026-09-09T08:48:00Z,3.8095,3.8095,3.8095,3.8095,1,3.8095
1788943800000,2026-09-09T08:50:00Z,3.8005,3.8005,3.8005,3.8005,1,3.8005
1788943920000,2026-09-09T08:52:00Z,3.81,3.81,3.8095,3.8095,2301,8755.305
1788943980000,2026-09-09T08:53:00Z,3.8005,3.8005,3.8005,3.8005,1,3.8005
1788944100000,2026-09-09T08:55:00Z,3.801,3.801,3.801,3.801,1,3.801
1788944220000,2026-09-09T08:57:00Z,3.8,3.81,3.8,3.81,7,26.635
1788944280000,2026-09-09T08:58:00Z,3.8005,3.81,3.8005,3.81,304,1156.72
1788944340000,2026-09-09T08:59:00Z,3.81,3.81,3.81,3.81,100,381
1788944460000,2026-09-09T09:01:00Z,3.81,3.81,3.81,3.81,5271,20056.155
1788944520000,2026-09-09T09:02:00Z,3.8001,3.8001,3.8,3.8,5029.707965,19138.038806825
1788944580000,2026-09-09T09:03:00Z,3.8092,3.8092,3.8092,3.8092,50,190.46
1788944640000,2026-09-09T09:04:00Z,3.81,3.81,3.81,3.81,731,2781.455
1788944700000,2026-09-09T09:05:00Z,3.81,3.81,3.81,3.81,100,381
1788944760000,2026-09-09T09:06:00Z,3.8,3.81,3.8,3.81,460,1750.3
1788944940000,2026-09-09T09:09:00Z,3.81,3.81,3.81,3.81,37,140.97
1788945060000,2026-09-09T09:11:00Z,3.81,3.81,3.81,3.81,27,102.735
1788945120000,2026-09-09T09:12:00Z,3.8,3.8,3.8,3.8,19,72.2
1788945240000,2026-09-09T09:14:00Z,3.81,3.81,3.81,3.81,10,38.1
1788945480000,2026-09-09T09:18:00Z,3.81,3.81,3.81,3.81,2,7.62
1788945540000,2026-09-09T09:19:00Z,3.8,3.8092,3.8,3.802,176,669.1892
1788945600000,2026-09-09T09:20:00Z,3.8,3.8,3.8,3.8,2,7.6
1788945780000,2026-09-09T09:23:00Z,3.81,3.81,3.8092,3.8092,19,72.3764
1788946140000,2026-09-09T09:29:00Z,3.8092,3.8092,3.8092,3.8092,10,38.092
1788946380000,2026-09-09T09:33:00Z,3.8095,3.8095,3.8095,3.8095,1,3.8095
1788946800000,2026-09-09T09:40:00Z,3.81,3.81,3.81,3.81,56,213.08
1788946920000,2026-09-09T09:42:00Z,3.8092,3.8092,3.8,3.8,346,1315.076
1788947040000,2026-09-09T09:44:00Z,3.8,3.8,3.8,3.8,30270,115131.945
1788947100000,2026-09-09T09:45:00Z,3.8,3.8,3.8,3.8,482,1831.6
1788947220000,2026-09-09T09:47:00Z,3.79,3.79,3.79,3.79,18000,68220
1788947400000,2026-09-09T09:50:00Z,3.7997,3.7997,3.7997,3.7997,10,37.997
1788947520000,2026-09-09T09:52:00Z,3.79,3.79,3.79,3.79,1167,4428.765
1788947640000,2026-09-09T09:54:00Z,3.8,3.8,3.8,3.8,50,190
1788947700000,2026-09-09T09:55:00Z,3.7992,3.7992,3.7992,3.7992,25,94.98
1788947940000,2026-09-09T09:59:00Z,3.7901,3.7901,3.7901,3.7901,1,3.7901
1788948060000,2026-09-09T10:01:00Z,3.7992,3.7992,3.7992,3.7992,36,136.62
1788948180000,2026-09-09T10:03:00Z,3.7992,3.7992,3.7992,3.7992,1,3.7992
1788948480000,2026-09-09T10:08:00Z,3.7995,3.7995,3.7995,3.7995,39,148.1805
1788948540000,2026-09-09T10:09:00Z,3.8,3.8,3.8,3.8,7,26.6
1788948600000,2026-09-09T10:10:00Z,3.79,3.79,3.79,3.79,40,151.6
1788948900000,2026-09-09T10:15:00Z,3.79,3.79,3.79,3.79,4000,15160
1788949200000,2026-09-09T10:20:00Z,3.79,3.79,3.79,3.79,1,3.79
1788949500000,2026-09-09T10:25:00Z,3.79,3.79,3.79,3.79,24,91.08
1788949560000,2026-09-09T10:26:00Z,3.7992,3.7992,3.7992,3.7992,50,189.96
1788949860000,2026-09-09T10:31:00Z,3.7999,3.8,3.7999,3.8,210,796.95
1788950040000,2026-09-09T10:34:00Z,3.79,3.7901,3.79,3.7901,121,458.596
1788950460000,2026-09-09T10:41:00Z,3.7905,3.8,3.7905,3.8,2,7.5905
1788950640000,2026-09-09T10:44:00Z,3.79,3.7998,3.79,3.7998,955,3619.6362
1788950700000,2026-09-09T10:45:00Z,3.79,3.79,3.79,3.79,42,159.18
1788950760000,2026-09-09T10:46:00Z,3.8,3.8,3.8,3.8,20200,76659
1788950940000,2026-09-09T10:49:00Z,3.79,3.79,3.79,3.79,51,193.29
1788951120000,2026-09-09T10:52:00Z,3.7901,3.7901,3.79,3.79,1901,7214.295
1788951240000,2026-09-09T10:54:00Z,3.79,3.79,3.79,3.79,468,1773.72
1788951600000,2026-09-09T11:00:00Z,3.79,3.79,3.7896,3.7896,9834,37272.8268
1788951660000,2026-09-09T11:01:00Z,3.79,3.79,3.7899,3.79,67,253.595
1788951720000,2026-09-09T11:02:00Z,3.79,3.79,3.79,3.79,1520,5753.2
1788951780000,2026-09-09T11:03:00Z,3.79,3.79,3.79,3.79,1,3.79
1788951840000,2026-09-09T11:04:00Z,3.7807,3.79,3.7807,3.79,396.826783,1501.989373655
1788951900000,2026-09-09T11:05:00Z,3.79,3.79,3.7885,3.7885,954,3610.89
1788952080000,2026-09-09T11:08:00Z,3.78,3.78,3.78,3.78,509,1926.565
1788952140000,2026-09-09T11:09:00Z,3.79,3.79,3.7899,3.7899,134,507.8533
1788952200000,2026-09-09T11:10:00Z,3.79,3.79,3.79,3.79,13,49.27
1788952500000,2026-09-09T11:15:00Z,3.79,3.79,3.7897,3.7897,50,189.494
1788952560000,2026-09-09T11:16:00Z,3.78,3.78,3.7796,3.78,59978,226566.895
1788952620000,2026-09-09T11:17:00Z,3.7705,3.7795,3.77,3.77,27889.031098,105281.09239495
1788952680000,2026-09-09T11:18:00Z,3.77,3.77,3.77,3.77,338,1274.26
1788952800000,2026-09-09T11:20:00Z,3.77,3.78,3.77,3.78,9012,34020.3
1788952860000,2026-09-09T11:21:00Z,3.7792,3.78,3.7792,3.7792,11704,44182.6
1788952920000,2026-09-09T11:22:00Z,3.78,3.78,3.77,3.7792,14033.615156,52976.8972139
1788952980000,2026-09-09T11:23:00Z,3.7708,3.7708,3.7708,3.7708,11725,44261.875
1788953040000,2026-09-09T11:24:00Z,3.78,3.78,3.78,3.78,60,226.8
1788953100000,2026-09-09T11:25:00Z,3.78,3.78,3.78,3.78,17103,64563.825
1788953220000,2026-09-09T11:27:00Z,3.78,3.78,3.78,3.78,7,26.46
1788953400000,2026-09-09T11:30:00Z,3.78,3.78,3.7798,3.7798,17,64.259
1788953460000,2026-09-09T11:31:00Z,3.77,3.77,3.77,3.77,34389,129818.475
1788953520000,2026-09-09T11:32:00Z,3.7792,3.78,3.7792,3.78,18767,70845.425
1788953580000,2026-09-09T11:33:00Z,3.77,3.78,3.77,3.78,14736,55628.4
1788953640000,2026-09-09T11:34:00Z,3.7797,3.7797,3.7708,3.7708,6,22.6693
1788953760000,2026-09-09T11:36:00Z,3.7799,3.7799,3.7799,3.7799,80,302.392
1788953820000,2026-09-09T11:37:00Z,3.78,3.78,3.78,3.78,25,94.5
1788954000000,2026-09-09T11:40:00Z,3.7791,3.78,3.77,3.77,8255,31162.625
1788954060000,2026-09-09T11:41:00Z,3.78,3.78,3.7705,3.7705,18089.358256,68287.3274164
1788954120000,2026-09-09T11:42:00Z,3.77,3.77,3.77,3.77,88,331.76
1788954240000,2026-09-09T11:44:00Z,3.7795,3.78,3.77,3.77,13867,52347.925
1788954300000,2026-09-09T11:45:00Z,3.78,3.78,3.78,3.78,78,294.84
1788954360000,2026-09-09T11:46:00Z,3.77,3.78,3.77,3.7792,1603,6051.325
1788954420000,2026-09-09T11:47:00Z,3.78,3.78,3.7799,3.7799,2053,7750.075
1788954480000,2026-09-09T11:48:00Z,3.78,3.78,3.78,3.78,6246,23581.773
1788954540000,2026-09-09T11:49:00Z,3.7897,3.7897,3.7897,3.7897,58,219.8026
1788954600000,2026-09-09T11:50:00Z,3.789,3.7899,3.789,3.7899,16,60.56
1788954660000,2026-09-09T11:51:00Z,3.79,3.79,3.79,3.79,3,11.37
1788954720000,2026-09-09T11:52:00Z,3.79,3.79,3.79,3.79,1506,5700.21
1788954780000,2026-09-09T11:53:00Z,3.78,3.79,3.78,3.79,2005,7588.925
1788954840000,2026-09-09T11:54:00Z,3.79,3.79,3.7892,3.7892,2,7.5792
1788955020000,2026-09-09T11:57:00Z,3.79,3.79,3.7895,3.7895,20310,76873.35
1788955080000,2026-09-09T11:58:00Z,3.79,3.79,3.79,3.79,251,950.035
1788955200000,2026-09-09T12:00:00Z,3.7892,3.7892,3.7892,3.7892,35,132.622
1788955260000,2026-09-09T12:01:00Z,3.7892,3.7892,3.7892,3.7892,206,779.71
1788955380000,2026-09-09T12:03:00Z,3.7892,3.7892,3.78,3.78,1625,6150.625
1788955440000,2026-09-09T12:04:00Z,3.7892,3.7892,3.7892,3.7892,1320.278158,4997.25282803
1788955500000,2026-09-09T12:05:00Z,3.79,3.79,3.79,3.79,1830,6926.55
1788955560000,2026-09-09T12:06:00Z,3.79,3.79,3.7892,3.7892,26.278158,99.46282803
1788955680000,2026-09-09T12:08:00Z,3.7892,3.7892,3.7892,3.7892,272.5329,1031.5370265
1788955740000,2026-09-09T12:09:00Z,3.78,3.78,3.78,3.78,4,15.12
1788955920000,2026-09-09T12:12:00Z,3.7892,3.79,3.7892,3.79,526,1990.91
1788955980000,2026-09-09T12:13:00Z,3.79,3.79,3.7892,3.7892,2266,8576.81
1788956040000,2026-09-09T12:14:00Z,3.79,3.79,3.7892,3.7892,5021,19004.485
1788956100000,2026-09-09T12:15:00Z,3.7892,3.79,3.7892,3.79,841,3183.185
1788956160000,2026-09-09T12:16:00Z,3.7808,3.79,3.7808,3.79,5891.026388,22297.53487858
1788956220000,2026-09-09T12:17:00Z,3.7802,3.79,3.7802,3.7897,1080.279683,4088.858600155
1788956340000,2026-09-09T12:19:00Z,3.79,3.79,3.79,3.79,3,11.37
1788956460000,2026-09-09T12:21:00Z,3.78,3.79,3.78,3.79,21,79.39
1788956520000,2026-09-09T12:22:00Z,3.79,3.79,3.79,3.79,6185,23410.225
1788956580000,2026-09-09T12:23:00Z,3.78,3.7892,3.78,3.7892,286.639079,1084.928914015
1788956640000,2026-09-09T12:24:00Z,3.7808,3.7808,3.7808,3.7808,2,7.5616
1788956700000,2026-09-09T12:25:00Z,3.7808,3.7808,3.7808,3.7808,520.122267,1968.662780595
1788956760000,2026-09-09T12:26:00Z,3.79,3.79,3.7892,3.7892,1802.263907,6821.568887995
1788956820000,2026-09-09T12:27:00Z,3.7899,3.79,3.7899,3.79,536,2028.76
1788956880000,2026-09-09T12:28:00Z,3.7805,3.7805,3.78,3.78,501,1896.285
1788957000000,2026-09-09T12:30:00Z,3.7892,3.7892,3.7892,3.7892,22,83.3624
1788957060000,2026-09-09T12:31:00Z,3.7802,3.7802,3.7802,3.7802,1000.279683,3786.058600155
1788957120000,2026-09-09T12:32:00Z,3.7898,3.7898,3.78,3.78,16810.730158,63606.7596988246
1788957180000,2026-09-09T12:33:00Z,3.7885,3.79,3.7885,3.7892,57.961363,219.383758955
1788957240000,2026-09-09T12:34:00Z,3.79,3.79,3.79,3.79,1101,4167.285
1788957300000,2026-09-09T12:35:00Z,3.7892,3.7892,3.7808,3.7808,299.268788,1132.73236258
1788957420000,2026-09-09T12:37:00Z,3.7899,3.7899,3.7899,3.7899,4,15.1596
1788957480000,2026-09-09T12:38:00Z,3.7897,3.7897,3.7897,3.7897,1431,5416.335
1788957540000,2026-09-09T12:39:00Z,3.7898,3.79,3.7898,3.79,9,34.109
1788957600000,2026-09-09T12:40:00Z,3.79,3.79,3.79,3.79,50,189.5
1788957780000,2026-09-09T12:43:00Z,3.79,3.79,3.79,3.79,10000,37900
1788957840000,2026-09-09T12:44:00Z,3.79,3.79,3.79,3.79,30,113.7
1788957960000,2026-09-09T12:46:00Z,3.7892,3.7892,3.7808,3.7808,20913.013377,79155.755631945
1788958020000,2026-09-09T12:47:00Z,3.79,3.79,3.79,3.79,17569,66521.5047
1788958080000,2026-09-09T12:48:00Z,3.79,3.79,3.79,3.79,25050,94839.3
1788958140000,2026-09-09T12:49:00Z,3.79,3.79,3.79,3.79,48,181.92
1788958260000,2026-09-09T12:51:00Z,3.79,3.79,3.79,3.79,18396,69805.4616
1788958320000,2026-09-09T12:52:00Z,3.7992,3.8,3.7992,3.8,33415.544858,126811.99273611
1788958380000,2026-09-09T12:53:00Z,3.8,3.8,3.8,3.8,14,53.2
1788958500000,2026-09-09T12:55:00Z,3.7992,3.7992,3.7992,3.7992,23890,90662.55
1788958620000,2026-09-09T12:57:00Z,3.7992,3.7992,3.79,3.79,60,227.584
1788958740000,2026-09-09T12:59:00Z,3.78,3.78,3.78,3.78,24347,92160.6991
1788958800000,2026-09-09T13:00:00Z,3.7892,3.7892,3.7892,3.7892,6,22.7352
1788958860000,2026-09-09T13:01:00Z,3.79,3.79,3.79,3.79,3120,11809.2
1788958920000,2026-09-09T13:02:00Z,3.78,3.78,3.78,3.78,3214,12164.99
1788958980000,2026-09-09T13:03:00Z,3.79,3.79,3.79,3.79,310,1173.35
1788959100000,2026-09-09T13:05:00Z,3.79,3.79,3.7892,3.7892,1417.639079,5365.763914015
1788959280000,2026-09-09T13:08:00Z,3.7892,3.7892,3.7892,3.7892,5000.263907,18925.998887995
1788959400000,2026-09-09T13:10:00Z,3.79,3.79,3.79,3.79,33,124.905
1788959460000,2026-09-09T13:11:00Z,3.78,3.78,3.78,3.78,2141,8103.685
1788959520000,2026-09-09T13:12:00Z,3.78,3.78,3.78,3.78,301,1139.285
1788959580000,2026-09-09T13:13:00Z,3.7899,3.7899,3.7892,3.7892,502.475034,1901.86800369
1788959700000,2026-09-09T13:15:00Z,3.7808,3.7808,3.7808,3.7808,102,385.6416
1788959820000,2026-09-09T13:17:00Z,3.78,3.78,3.78,3.78,25,94.5
1788960000000,2026-09-09T13:20:00Z,3.7792,3.7792,3.7705,3.7705,614,2317.85
1788960060000,2026-09-09T13:21:00Z,3.78,3.78,3.78,3.78,202,762.55
1788960120000,2026-09-09T13:22:00Z,3.7792,3.78,3.7708,3.7708,575.391635,2172.103422125
1788960180000,2026-09-09T13:23:00Z,3.7708,3.7708,3.7708,3.7708,3101,11706.275
1788960240000,2026-09-09T13:24:00Z,3.7708,3.78,3.7708,3.78,11,41.534
1788960300000,2026-09-09T13:25:00Z,3.7799,3.7799,3.7799,3.7799,21,79.275
1788960360000,2026-09-09T13:26:00Z,3.7708,3.7799,3.7708,3.7799,61.800224,233.2958456
1788960480000,2026-09-09T13:28:00Z,3.78,3.78,3.7795,3.7795,18100,68327.5
1788960540000,2026-09-09T13:29:00Z,3.78,3.78,3.7797,3.7797,6030.455026,22764.96772315
1788960600000,2026-09-09T13:30:00Z,3.7788,3.7798,3.74,3.76,807967.407207,3043451.6294673276
1788960660000,2026-09-09T13:31:00Z,3.76,3.76,3.73,3.7398,25.665398,96.37356949
1788960720000,2026-09-09T13:32:00Z,3.735,3.74,3.725,3.735,380789.903193,1421717.1825613848
1788960780000,2026-09-09T13:33:00Z,3.73,3.74,3.72,3.7207,190887.121569,711951.6973158993
1788960840000,2026-09-09T13:34:00Z,3.725,3.74,3.72,3.74,132735.735103,494812.2733169634
1788960900000,2026-09-09T13:35:00Z,3.735,3.74,3.7201,3.73,196625.532305,733904.7993284125
1788960960000,2026-09-09T13:36:00Z,3.735,3.74,3.72,3.725,92110.971855,343555.502824779
1788961020000,2026-09-09T13:37:00Z,3.726,3.73,3.71,3.72,553344.130586,2060155.5325847366
1788961080000,2026-09-09T13:38:00Z,3.7167,3.72,3.71,3.72,188182.042821,699190.3801014255
1788961140000,2026-09-09T13:39:00Z,3.7187,3.73,3.71,3.7213,322129.184577,1197772.9470126591
1788961200000,2026-09-09T13:40:00Z,3.73,3.73,3.72,3.7299,67059.240969,249795.672609525
1788961260000,2026-09-09T13:41:00Z,3.7299,3.73,3.72,3.725,201024.472367,748816.159567075
1788961320000,2026-09-09T13:42:00Z,3.72,3.74,3.72,3.735,164350.326587,612681.5824836773
1788961380000,2026-09-09T13:43:00Z,3.7399,3.74,3.73,3.7385,55128.129617,205903.564119495
1788961440000,2026-09-09T13:44:00Z,3.73,3.74,3.72,3.735,165002.575923,615080.1022681671
1788961500000,2026-09-09T13:45:00Z,3.7399,3.75,3.73,3.74,154403.326457,577267.7166247859
1788961560000,2026-09-09T13:46:00Z,3.74,3.75,3.74,3.74,138377.024792,518221.95784604
1788961620000,2026-09-09T13:47:00Z,3.74,3.75,3.73,3.735,125057.611707,468028.1118134475
1788961680000,2026-09-09T13:48:00Z,3.73,3.74,3.725,3.725,95088.942405,355119.164305713
1788961740000,2026-09-09T13:49:00Z,3.725,3.73,3.72,3.72,37393.153949,139330.6309293689
1788961800000,2026-09-09T13:50:00Z,3.73,3.73,3.72,3.725,78718.813339,293227.579687775
1788961860000,2026-09-09T13:51:00Z,3.725,3.73,3.72,3.72,110583.929407,411925.137041075
1788961920000,2026-09-09T13:52:00Z,3.725,3.73,3.72,3.725,52534.115377,195689.579779325
1788961980000,2026-09-09T13:53:00Z,3.7299,3.73,3.72,3.725,98412.097812,366585.0643497
1788962040000,2026-09-09T13:54:00Z,3.73,3.73,3.72,3.725,249063.269721,927760.679710725
1788962100000,2026-09-09T13:55:00Z,3.7286,3.74,3.725,3.7367,74833.26644,279075.700534692
1788962160000,2026-09-09T13:56:00Z,3.73,3.74,3.73,3.74,53628.490921,200302.413589935
1788962220000,2026-09-09T13:57:00Z,3.74,3.74,3.73,3.735,92272.681358,344638.46487213
1788962280000,2026-09-09T13:58:00Z,3.735,3.74,3.73,3.73,23760.856757,88746.799987395
1788962340000,2026-09-09T13:59:00Z,3.73,3.74,3.725,3.725,103541.069341,386560.2282776894
1788962400000,2026-09-09T14:00:00Z,3.725,3.73,3.72,3.7299,49666.220732,185006.6722267
1788962460000,2026-09-09T14:01:00Z,3.73,3.73,3.72,3.725,43790.065731,163117.994847975
1788962520000,2026-09-09T14:02:00Z,3.72,3.73,3.72,3.725,75858.529713,282573.023180925
1788962580000,2026-09-09T14:03:00Z,3.7232,3.73,3.72,3.73,57164.360074,212937.24127565
1788962640000,2026-09-09T14:04:00Z,3.7285,3.73,3.72,3.725,59077.85671,220065.01624475
1788962700000,2026-09-09T14:05:00Z,3.725,3.73,3.72,3.7274,27560.709798,102663.64399755
1788962760000,2026-09-09T14:06:00Z,3.725,3.73,3.72,3.7277,56860.237363,211804.384177175
1788962820000,2026-09-09T14:07:00Z,3.725,3.73,3.71,3.715,449379.710082,1672591.280925204
1788962880000,2026-09-09T14:08:00Z,3.72,3.72,3.71,3.72,167919.122819,623819.541272585
1788962940000,2026-09-09T14:09:00Z,3.715,3.72,3.71,3.7169,74417.490114,276460.97577351
1788963000000,2026-09-09T14:10:00Z,3.715,3.72,3.71,3.72,102069.493316,379188.16766894
1788963060000,2026-09-09T14:11:00Z,3.715,3.72,3.71,3.715,91588.640811,340251.800612865
1788963120000,2026-09-09T14:12:00Z,3.72,3.7277,3.71,3.7277,255933.683687,951203.1287911042
1788963180000,2026-09-09T14:13:00Z,3.725,3.73,3.72,3.725,121565.155335,452830.203622875
1788963240000,2026-09-09T14:14:00Z,3.73,3.74,3.725,3.7379,123406.668721,460183.467660609
1788963300000,2026-09-09T14:15:00Z,3.735,3.74,3.73,3.73,57349.913527,214201.927023345
1788963360000,2026-09-09T14:16:00Z,3.735,3.74,3.72,3.725,136468.275968,509586.1892921088
1788963420000,2026-09-09T14:17:00Z,3.725,3.73,3.72,3.7299,51144.089166,190521.9609611832
1788963480000,2026-09-09T14:18:00Z,3.72,3.73,3.72,3.7227,25127.240024,93598.9690894
1788963540000,2026-09-09T14:19:00Z,3.7279,3.73,3.72,3.725,46865.961441,174575.706367725
1788963600000,2026-09-09T14:20:00Z,3.73,3.73,3.725,3.727,32185.545681,119891.157661725
1788963660000,2026-09-09T14:21:00Z,3.73,3.73,3.72,3.73,38147.148295,142098.127398875
1788963720000,2026-09-09T14:22:00Z,3.73,3.73,3.72,3.7286,63942.918305,238187.370686125
1788963780000,2026-09-09T14:23:00Z,3.7299,3.73,3.72,3.73,91229.248874,339828.95205565
1788963840000,2026-09-09T14:24:00Z,3.73,3.73,3.71,3.715,374733.948175,1395659.11658297
1788963900000,2026-09-09T14:25:00Z,3.72,3.72,3.71,3.715,47640.946311,176995.6437346272
1788963960000,2026-09-09T14:26:00Z,3.7187,3.725,3.71,3.72,191863.707449,712984.7232512289
1788964020000,2026-09-09T14:27:00Z,3.725,3.73,3.72,3.725,55023.345858,204928.9493135352
1788964080000,2026-09-09T14:28:00Z,3.73,3.73,3.72,3.73,18776.912218,69943.99801205
1788964140000,2026-09-09T14:29:00Z,3.73,3.73,3.72,3.73,36174.268254,134749.14924615
1788964200000,2026-09-09T14:30:00Z,3.725,3.73,3.72,3.7299,36041.364926,134254.08434935
1788964260000,2026-09-09T14:31:00Z,3.73,3.73,3.72,3.725,31153.705751,116047.553922475
1788964320000,2026-09-09T14:32:00Z,3.73,3.73,3.72,3.725,27902.684937,103937.501390325
1788964380000,2026-09-09T14:33:00Z,3.73,3.73,3.72,3.725,46514.194461,173265.374367225
1788964440000,2026-09-09T14:34:00Z,3.7298,3.73,3.72,3.73,79912.513091,297674.111263975
1788964500000,2026-09-09T14:35:00Z,3.73,3.73,3.72,3.725,12275.339687,45725.640334075
1788964560000,2026-09-09T14:36:00Z,3.72,3.73,3.72,3.7201,29927.53956,111480.084861
1788964620000,2026-09-09T14:37:00Z,3.725,3.73,3.72,3.73,18986.694024,70725.4352394
1788964680000,2026-09-09T14:38:00Z,3.725,3.73,3.72,3.72,64037.678936,238540.3540366
1788964740000,2026-09-09T14:39:00Z,3.725,3.73,3.72,3.725,34077.337006,126938.08034735
1788964800000,2026-09-09T14:40:00Z,3.725,3.73,3.72,3.72,26207.862963,97624.289537175
1788964860000,2026-09-09T14:41:00Z,3.73,3.73,3.72,3.72,21393.873703,79692.179543675
1788964920000,2026-09-09T14:42:00Z,3.72,3.73,3.72,3.73,35864,133593.4
1788964980000,2026-09-09T14:43:00Z,3.73,3.73,3.72,3.7227,64462.606985,240123.211019125
1788965040000,2026-09-09T14:44:00Z,3.73,3.73,3.72,3.725,11989.060938,44659.25199405
1788965100000,2026-09-09T14:45:00Z,3.725,3.73,3.72,3.725,24849.048085,92562.704116625
1788965160000,2026-09-09T14:46:00Z,3.7299,3.7299,3.72,3.725,33976,126560.6
1788965220000,2026-09-09T14:47:00Z,3.725,3.73,3.72,3.7299,8791.791226,32749.42231685
1788965280000,2026-09-09T14:48:00Z,3.7297,3.73,3.72,3.7286,8552.726669,31858.906842025
1788965340000,2026-09-09T14:49:00Z,3.725,3.73,3.72,3.72,8752.986324,32604.8740569
1788965400000,2026-09-09T14:50:00Z,3.725,3.73,3.72,3.7272,15279.373369,56915.665799525
1788965460000,2026-09-09T14:51:00Z,3.725,3.73,3.72,3.72,22259.514097,82916.690011325
1788965520000,2026-09-09T14:52:00Z,3.73,3.73,3.72,3.72,53954.894947,200981.983677575
1788965580000,2026-09-09T14:53:00Z,3.73,3.73,3.71,3.7101,374918.541845,1395746.747580566
1788965640000,2026-09-09T14:54:00Z,3.72,3.72,3.71,3.715,68234.329621,253490.534542015
1788965700000,2026-09-09T14:55:00Z,3.71,3.72,3.71,3.715,59278.122476,220218.22499834
1788965760000,2026-09-09T14:56:00Z,3.7169,3.72,3.71,3.715,30323.644227,112652.338303305
1788965820000,2026-09-09T14:57:00Z,3.715,3.72,3.71,3.71,29204.18073,108493.53141195
1788965880000,2026-09-09T14:58:00Z,3.71,3.72,3.71,3.715,23012.917536,85492.98864624
1788965940000,2026-09-09T14:59:00Z,3.715,3.7199,3.71,3.71,18689.37909,69431.04331935
1788966000000,2026-09-09T15:00:00Z,3.71,3.72,3.71,3.7167,115805.110524,430215.98559666
1788966060000,2026-09-09T15:01:00Z,3.72,3.72,3.71,3.715,40201.594451,149348.923385465
1788966120000,2026-09-09T15:02:00Z,3.7167,3.72,3.71,3.71,31311.589119,116322.553577085
1788966180000,2026-09-09T15:03:00Z,3.714,3.72,3.71,3.715,18365.926213,68229.415881295
1788966240000,2026-09-09T15:04:00Z,3.71,3.72,3.71,3.71,70543.41,262068.76815
1788966300000,2026-09-09T15:05:00Z,3.72,3.72,3.7,3.7,806448.347448,2995633.0314303408
1788966360000,2026-09-09T15:06:00Z,3.71,3.71,3.7,3.7,114515.619461,424280.370103005
1788966420000,2026-09-09T15:07:00Z,3.7,3.71,3.7,3.7,37839.558949,140195.565906045
1788966480000,2026-09-09T15:08:00Z,3.71,3.71,3.7,3.71,41634.861013,154257.160053165
1788966540000,2026-09-09T15:09:00Z,3.7,3.71,3.7,3.7066,39007.279018,144521.96876169
1788966600000,2026-09-09T15:10:00Z,3.7,3.71,3.7,3.7,36748.571033,136153.455677265
1788966660000,2026-09-09T15:11:00Z,3.705,3.71,3.7,3.705,2616270.418562,9693281.90077221
1788966720000,2026-09-09T15:12:00Z,3.7,3.705,3.7,3.7044,33055.428159,122470.361329095
1788966780000,2026-09-09T15:13:00Z,3.7,3.71,3.69,3.6901,1117636.321739,4138719.0630316909
1788966840000,2026-09-09T15:14:00Z,3.7,3.7,3.69,3.69,200727.484213,741808.4906575628
1788966900000,2026-09-09T15:15:00Z,3.7,3.7,3.69,3.69,286813.797356,1059776.98123042
1788966960000,2026-09-09T15:16:00Z,3.6905,3.705,3.69,3.7,675191.767979,2496116.4470415651
1788967020000,2026-09-09T15:17:00Z,3.7,3.71,3.7,3.71,58451.634657,216557.4612407193
1788967080000,2026-09-09T15:18:00Z,3.705,3.71,3.7,3.705,19434.841755,72006.088702275
1788967140000,2026-09-09T15:19:00Z,3.7,3.71,3.7,3.705,13733.472105,50882.514149025
1788967200000,2026-09-09T15:20:00Z,3.7097,3.71,3.7,3.7,40982.546609,151840.335186345
1788967260000,2026-09-09T15:21:00Z,3.7099,3.71,3.7,3.702,19943.334604,73890.05470782
1788967320000,2026-09-09T15:22:00Z,3.705,3.71,3.7,3.705,27915.591265,103427.265636825
1788967380000,2026-09-09T15:23:00Z,3.71,3.71,3.6936,3.695,219115.078981,811426.9604824392
1788967440000,2026-09-09T15:24:00Z,3.7,3.7,3.69,3.695,29156.63151,107733.75342945
1788967500000,2026-09-09T15:25:00Z,3.6941,3.7,3.69,3.7,86927.52618,321197.2092351
1788967560000,2026-09-09T15:26:00Z,3.6901,3.7,3.69,3.7,253944.645097,938325.463633415
1788967620000,2026-09-09T15:27:00Z,3.7,3.7,3.69,3.6999,31685.803365,117079.043433675
1788967680000,2026-09-09T15:28:00Z,3.695,3.7,3.69,3.695,143746.092209,531141.810712255
1788967740000,2026-09-09T15:29:00Z,3.6958,3.7,3.69,3.695,92365.532835,341290.643825325
1788967800000,2026-09-09T15:30:00Z,3.7,3.71,3.69,3.7086,360652.320534,1332970.976693664
1788967860000,2026-09-09T15:31:00Z,3.7,3.7099,3.7,3.705,40242.109689,149097.016397745
1788967920000,2026-09-09T15:32:00Z,3.705,3.71,3.7,3.71,33747.1112,125033.046996
1788967980000,2026-09-09T15:33:00Z,3.7051,3.71,3.7,3.703,25340.554599,93886.754789295
1788968040000,2026-09-09T15:34:00Z,3.7,3.71,3.7,3.7031,289594.613965,1072948.044740325
1788968100000,2026-09-09T15:35:00Z,3.71,3.71,3.7,3.705,40992.110833,151875.770636265
1788968160000,2026-09-09T15:36:00Z,3.71,3.71,3.7,3.705,9795.850795,36293.627195475
1788968220000,2026-09-09T15:37:00Z,3.705,3.71,3.7,3.71,54825.930885,203130.073928925
1788968280000,2026-09-09T15:38:00Z,3.7068,3.71,3.7,3.705,51844.065745,192082.263585225
1788968340000,2026-09-09T15:39:00Z,3.7,3.71,3.7,3.71,55397.049852,205246.06970166
1788968400000,2026-09-09T15:40:00Z,3.71,3.71,3.7,3.7,39770.715262,147350.50004571
1788968460000,2026-09-09T15:41:00Z,3.71,3.71,3.7,3.705,25666.136019,95093.033950395
1788968520000,2026-09-09T15:42:00Z,3.7099,3.71,3.7,3.71,12437.049648,46079.26894584
1788968580000,2026-09-09T15:43:00Z,3.7,3.71,3.7,3.71,62906.441182,233068.36457931
1788968640000,2026-09-09T15:44:00Z,3.7,3.71,3.7,3.7,12534.90578,46441.8259149
1788968700000,2026-09-09T15:45:00Z,3.71,3.71,3.7,3.705,16021.163765,59358.411749325
1788968760000,2026-09-09T15:46:00Z,3.7001,3.71,3.7,3.705,12530.355294,46424.96636427
1788968820000,2026-09-09T15:47:00Z,3.705,3.71,3.7,3.7099,26662.91829,98786.11226445
1788968880000,2026-09-09T15:48:00Z,3.705,3.71,3.7,3.705,44884.517115,166297.135911075
1788968940000,2026-09-09T15:49:00Z,3.7001,3.71,3.7,3.705,28868.668882,106958.41820781
1788969000000,2026-09-09T15:50:00Z,3.705,3.7099,3.7,3.705,5856.637739,21698.842822995
1788969060000,2026-09-09T15:51:00Z,3.705,3.7099,3.7,3.7,17089.178141,63315.405012405
1788969120000,2026-09-09T15:52:00Z,3.705,3.7099,3.7,3.7,15112.886454,55993.24431207
1788969180000,2026-09-09T15:53:00Z,3.7,3.705,3.69,3.695,323872.609756,1199105.9503606144
1788969240000,2026-09-09T15:54:00Z,3.695,3.7,3.69,3.69,9598.786571,35467.516379845
1788969300000,2026-09-09T15:55:00Z,3.6941,3.7,3.69,3.695,13870.069799,51249.907907305
1788969360000,2026-09-09T15:56:00Z,3.695,3.7,3.69,3.695,36403.267419,134510.073113205
1788969420000,2026-09-09T15:57:00Z,3.695,3.7,3.69,3.695,28090.577412,103794.68353734
1788969480000,2026-09-09T15:58:00Z,3.695,3.7,3.68,3.6857,476657.323034,1760295.493964562
1788969540000,2026-09-09T15:59:00Z,3.685,3.69,3.68,3.685,79404.12297,292604.19314445
1788969600000,2026-09-09T16:00:00Z,3.68,3.69,3.68,3.685,64077.63482,236126.0843117
1788969660000,2026-09-09T16:01:00Z,3.69,3.7,3.685,3.7,301237.7135,1111024.9349307
1788969720000,2026-09-09T16:02:00Z,3.6986,3.7,3.69,3.6914,23331.438037,86209.663546715
1788969780000,2026-09-09T16:03:00Z,3.7,3.71,3.6901,3.705,201159.011584,743825.6771341568
1788969840000,2026-09-09T16:04:00Z,3.71,3.71,3.7,3.7,51935.018924,192419.24511342
1788969900000,2026-09-09T16:05:00Z,3.705,3.71,3.7,3.7,44026.635238,163118.68355679
1788969960000,2026-09-09T16:06:00Z,3.7,3.7077,3.7,3.705,9380.219677,34753.713903285
1788970020000,2026-09-09T16:07:00Z,3.7,3.71,3.7,3.71,10770.367347,39904.211020635
1788970080000,2026-09-09T16:08:00Z,3.7059,3.7059,3.6901,3.6964,79037.01992,292618.758849816
1788970140000,2026-09-09T16:09:00Z,3.695,3.7,3.69,3.695,10816.791046,39968.04291497
1788970200000,2026-09-09T16:10:00Z,3.695,3.6999,3.69,3.6935,34307.790816,126767.28706512
1788970260000,2026-09-09T16:11:00Z,3.7,3.7,3.6935,3.695,31174.42742,115189.5093169
1788970320000,2026-09-09T16:12:00Z,3.6963,3.7,3.69,3.7,12980.62543,47963.41096385
1788970380000,2026-09-09T16:13:00Z,3.7,3.7,3.69,3.7,31842.358713,117657.515444535
1788970440000,2026-09-09T16:14:00Z,3.695,3.7,3.69,3.69,24421.417316,90237.13698262
1788970500000,2026-09-09T16:15:00Z,3.695,3.7,3.69,3.7,12426.506859,45915.942844005
1788970560000,2026-09-09T16:16:00Z,3.695,3.7,3.69,3.69,39757.762239,146904.931473105
1788970620000,2026-09-09T16:17:00Z,3.695,3.7,3.69,3.7,31843.171159,117660.517432505
1788970680000,2026-09-09T16:18:00Z,3.7,3.7,3.69,3.695,36565.79804,135110.6237578
1788970740000,2026-09-09T16:19:00Z,3.695,3.72,3.695,3.715,793191.512957,2935284.5128486742
1788970800000,2026-09-09T16:20:00Z,3.71,3.72,3.71,3.7149,216908.268117,805814.216054655
1788970860000,2026-09-09T16:21:00Z,3.72,3.74,3.71,3.735,510156.450261,1899822.620771964
1788970920000,2026-09-09T16:22:00Z,3.7379,3.76,3.72,3.755,1410771.458328,5264152.6196050992
1788970980000,2026-09-09T16:23:00Z,3.76,3.76,3.74,3.755,1012932.558778,3799510.027976278
1788971040000,2026-09-09T16:24:00Z,3.755,3.77,3.75,3.765,414434.373231,1557278.6008528056
1788971100000,2026-09-09T16:25:00Z,3.765,3.77,3.76,3.76,203173.567478,764948.48155467
1788971160000,2026-09-09T16:26:00Z,3.76,3.7699,3.745,3.745,432270.304253,1624515.0304131993
1788971220000,2026-09-09T16:27:00Z,3.7435,3.75,3.73,3.735,340964.099343,1276808.2628097321
1788971280000,2026-09-09T16:28:00Z,3.73,3.74,3.72,3.735,305050.140392,1138203.0838306304
1788971340000,2026-09-09T16:29:00Z,3.73,3.74,3.73,3.74,136428.25203,509559.52133205
1788971400000,2026-09-09T16:30:00Z,3.74,3.74,3.73,3.74,52789.102323,197241.2019196572
1788971460000,2026-09-09T16:31:00Z,3.7499,3.77,3.74,3.76,459848.36361,1723557.651646641
1788971520000,2026-09-09T16:32:00Z,3.755,3.76,3.745,3.755,174435.852553,654518.2059493666
1788971580000,2026-09-09T16:33:00Z,3.76,3.76,3.7422,3.745,113824.504237,427251.6591040032
1788971640000,2026-09-09T16:34:00Z,3.74,3.75,3.74,3.75,72791.82672,272619.949431744
1788971700000,2026-09-09T16:35:00Z,3.745,3.75,3.7423,3.745,34031.82884,127449.1990058
1788971760000,2026-09-09T16:36:00Z,3.7472,3.75,3.7401,3.7498,23248.535951,87065.767136495
1788971820000,2026-09-09T16:37:00Z,3.7474,3.75,3.74,3.74,38942.675567,145840.319998415
1788971880000,2026-09-09T16:38:00Z,3.7474,3.75,3.74,3.74,62271.013445,233204.945351525
1788971940000,2026-09-09T16:39:00Z,3.7418,3.75,3.74,3.75,44651.139735,167218.518307575
1788972000000,2026-09-09T16:40:00Z,3.74,3.7499,3.74,3.74,14100.301208,52805.62802396
1788972060000,2026-09-09T16:41:00Z,3.74,3.75,3.74,3.74,36456.913842,136531.14233829
1788972120000,2026-09-09T16:42:00Z,3.74,3.75,3.74,3.74,279472,1046622.64
1788972180000,2026-09-09T16:43:00Z,3.7415,3.745,3.725,3.73,379557.038312,1418556.4749872688
1788972240000,2026-09-09T16:44:00Z,3.74,3.74,3.73,3.735,12168.53378,45449.4736683
1788972300000,2026-09-09T16:45:00Z,3.735,3.74,3.73,3.7335,40633.167141,151764.879271635
1788972360000,2026-09-09T16:46:00Z,3.735,3.74,3.73,3.735,19348.13113,72265.26977055
1788972420000,2026-09-09T16:47:00Z,3.73,3.74,3.73,3.74,29675.411764,110837.66293854
1788972480000,2026-09-09T16:48:00Z,3.74,3.74,3.73,3.735,66472.931155,248276.397863925
1788972540000,2026-09-09T16:49:00Z,3.7383,3.74,3.73,3.735,21619.438664,80748.60341004
1788972600000,2026-09-09T16:50:00Z,3.735,3.74,3.73,3.735,43195,161333.325
1788972660000,2026-09-09T16:51:00Z,3.74,3.74,3.73,3.7395,28751.671678,107387.49371733
1788972720000,2026-09-09T16:52:00Z,3.735,3.75,3.73,3.742,100042.772612,373889.8540828276
1788972780000,2026-09-09T16:53:00Z,3.7401,3.7499,3.74,3.7489,13022.716946,48770.07496277
1788972840000,2026-09-09T16:54:00Z,3.745,3.75,3.74,3.745,63173.8,236585.881
1788972900000,2026-09-09T16:55:00Z,3.745,3.75,3.74,3.74,10169.3408,38084.181296
1788972960000,2026-09-09T16:56:00Z,3.74,3.75,3.74,3.7499,45428.412551,170129.405003495
1788973020000,2026-09-09T16:57:00Z,3.75,3.76,3.74,3.7599,326950.736505,1225019.019536934
1788973080000,2026-09-09T16:58:00Z,3.7579,3.76,3.7527,3.7538,40150.190296,150763.96456148
1788973140000,2026-09-09T16:59:00Z,3.75,3.7664,3.75,3.76,240323.080771,902413.168295105
1788973200000,2026-09-09T17:00:00Z,3.7614,3.77,3.76,3.76,243902.052215,917608.300843273
1788973260000,2026-09-09T17:01:00Z,3.762,3.77,3.76,3.765,391748.729652,1474933.96713978
1788973320000,2026-09-09T17:02:00Z,3.7678,3.77,3.76,3.769,77025.86422,290002.3787883
1788973380000,2026-09-09T17:03:00Z,3.7685,3.77,3.76,3.765,46561,175302.165
1788973440000,2026-09-09T17:04:00Z,3.765,3.77,3.76,3.765,103765.343194,390676.51712541
1788973500000,2026-09-09T17:05:00Z,3.7699,3.77,3.75,3.7503,239864.30601,902441.478501423
1788973560000,2026-09-09T17:06:00Z,3.755,3.76,3.75,3.76,44386.10644,166669.8296822
1788973620000,2026-09-09T17:07:00Z,3.76,3.76,3.75,3.75,29084.5,109212.2975
1788973680000,2026-09-09T17:08:00Z,3.75,3.7599,3.74,3.745,129243.225826,485049.826524978
1788973740000,2026-09-09T17:09:00Z,3.745,3.75,3.74,3.75,8450.930699,31648.735467755
1788973800000,2026-09-09T17:10:00Z,3.75,3.75,3.74,3.7499,10723.205,40158.402725
1788973860000,2026-09-09T17:11:00Z,3.745,3.75,3.74,3.7414,12452.714022,46635.41401239
1788973920000,2026-09-09T17:12:00Z,3.745,3.75,3.74,3.745,40501.41888,151677.8137056
1788973980000,2026-09-09T17:13:00Z,3.75,3.75,3.74,3.74,18081.209292,67714.12879854
1788974040000,2026-09-09T17:14:00Z,3.7469,3.75,3.7336,3.735,81974.261141,306755.8826157361
1788974100000,2026-09-09T17:15:00Z,3.735,3.74,3.73,3.74,15715.257029,58698.0565290179
1788974160000,2026-09-09T17:16:00Z,3.74,3.74,3.73,3.74,40928.456585,152867.785344975
1788974220000,2026-09-09T17:17:00Z,3.735,3.74,3.73,3.735,34730.605907,129718.813062645
1788974280000,2026-09-09T17:18:00Z,3.735,3.75,3.73,3.75,176939.33877,661151.533247982
1788974340000,2026-09-09T17:19:00Z,3.7487,3.75,3.74,3.74,8543,32006.6066
1788974400000,2026-09-09T17:20:00Z,3.74,3.75,3.74,3.7423,10666.20157,39944.92487965
1788974460000,2026-09-09T17:21:00Z,3.745,3.75,3.74,3.7425,131245.844203,491515.686540235
1788974520000,2026-09-09T17:22:00Z,3.74,3.75,3.74,3.74,6398.810692,23963.54604154
1788974580000,2026-09-09T17:23:00Z,3.745,3.75,3.7414,3.745,10671.2531,39963.8428595
1788974640000,2026-09-09T17:24:00Z,3.7479,3.75,3.74,3.744,14069.679468,52690.94960766
1788974700000,2026-09-09T17:25:00Z,3.75,3.75,3.74,3.745,23830.732534,89246.09333983
1788974760000,2026-09-09T17:26:00Z,3.7433,3.75,3.74,3.7423,22268.77854,83396.5756323
1788974820000,2026-09-09T17:27:00Z,3.7499,3.75,3.74,3.75,8018,30027.41
1788974880000,2026-09-09T17:28:00Z,3.745,3.75,3.74,3.75,91471.480802,342560.69560349
1788974940000,2026-09-09T17:29:00Z,3.752,3.7599,3.74,3.74,104233.238991,391260.3092005167
1788975000000,2026-09-09T17:30:00Z,3.7421,3.75,3.74,3.7499,59927.34542,224427.9085979
1788975060000,2026-09-09T17:31:00Z,3.75,3.75,3.74,3.74,65209.414619,244209.257748155
1788975120000,2026-09-09T17:32:00Z,3.74,3.75,3.74,3.74,12643.074075,47348.312410875
1788975180000,2026-09-09T17:33:00Z,3.75,3.75,3.74,3.7484,65420.52828,244999.8784086
1788975240000,2026-09-09T17:34:00Z,3.7499,3.75,3.74,3.74,45693.086626,171120.60941437
1788975300000,2026-09-09T17:35:00Z,3.7428,3.75,3.74,3.75,72366.733334,271013.41633583
1788975360000,2026-09-09T17:36:00Z,3.7433,3.75,3.74,3.7499,15340.68303,57450.85794735
1788975420000,2026-09-09T17:37:00Z,3.75,3.75,3.74,3.74,47576.213,178172.917685
1788975480000,2026-09-09T17:38:00Z,3.7499,3.75,3.74,3.7401,32928,123315.36
1788975540000,2026-09-09T17:39:00Z,3.74,3.75,3.74,3.75,51783.036049,193927.470003505
1788975600000,2026-09-09T17:40:00Z,3.748,3.75,3.74,3.75,47805.625688,179032.06820156
1788975660000,2026-09-09T17:41:00Z,3.75,3.75,3.74,3.75,24309.383028,91038.63943986
1788975720000,2026-09-09T17:42:00Z,3.745,3.75,3.73,3.73,303746.203208,1136466.419302732
1788975780000,2026-09-09T17:43:00Z,3.73,3.74,3.73,3.732,14774.560138,55182.98211543
1788975840000,2026-09-09T17:44:00Z,3.73,3.74,3.73,3.73,16769.96199,62635.80803265
1788975900000,2026-09-09T17:45:00Z,3.74,3.74,3.73,3.74,3951.3649,14758.3479015
1788975960000,2026-09-09T17:46:00Z,3.7364,3.74,3.73,3.74,9192.26416,34333.1066376
1788976020000,2026-09-09T17:47:00Z,3.735,3.7369,3.73,3.735,22578.749152,84331.62808272
1788976080000,2026-09-09T17:48:00Z,3.7399,3.7399,3.73,3.7369,12904.282606,48197.49553341
1788976140000,2026-09-09T17:49:00Z,3.73,3.74,3.73,3.7318,50433.445756,188368.91989866
1788976200000,2026-09-09T17:50:00Z,3.73,3.7399,3.73,3.732,48041.572786,179435.27435571
1788976260000,2026-09-09T17:51:00Z,3.73,3.735,3.73,3.73,14743.955001,55068.671928735
1788976320000,2026-09-09T17:52:00Z,3.73,3.7386,3.72,3.72,226921.486499,846190.223154771
1788976380000,2026-09-09T17:53:00Z,3.725,3.73,3.72,3.725,39986.312931,148949.015667975
1788976440000,2026-09-09T17:54:00Z,3.72,3.7286,3.72,3.725,21294.60924,79322.419419
1788976500000,2026-09-09T17:55:00Z,3.72,3.7285,3.72,3.72,15695.738183,58466.624731675
1788976560000,2026-09-09T17:56:00Z,3.7214,3.73,3.72,3.7214,29500.700429,109890.109098025
1788976620000,2026-09-09T17:57:00Z,3.725,3.7299,3.72,3.725,22098.618312,82317.3532122
1788976680000,2026-09-09T17:58:00Z,3.725,3.73,3.72,3.725,20347.378294,75793.98414515
1788976740000,2026-09-09T17:59:00Z,3.72,3.7266,3.72,3.725,22272.009859,82963.236724775
1788976800000,2026-09-09T18:00:00Z,3.725,3.7299,3.72,3.725,25235.226493,94001.218686425
1788976860000,2026-09-09T18:01:00Z,3.72,3.73,3.72,3.72,49134.548633,183026.193657925
1788976920000,2026-09-09T18:02:00Z,3.725,3.73,3.72,3.73,16438.8572,61234.74307
1788976980000,2026-09-09T18:03:00Z,3.725,3.73,3.72,3.725,20910.883621,77893.041488225
1788977040000,2026-09-09T18:04:00Z,3.725,3.73,3.72,3.7216,43089.820205,160509.580263625
1788977100000,2026-09-09T18:05:00Z,3.72,3.73,3.72,3.725,48097.225186,179162.16381785
1788977160000,2026-09-09T18:06:00Z,3.72,3.73,3.72,3.7217,47638.638615,177453.928840875
1788977220000,2026-09-09T18:07:00Z,3.72,3.73,3.71,3.715,289016.820227,1074766.8493781449
1788977280000,2026-09-09T18:08:00Z,3.715,3.7199,3.71,3.7182,14089.51069,52342.53221335
1788977340000,2026-09-09T18:09:00Z,3.7101,3.72,3.71,3.72,36543.046077,135757.416176055
1788977400000,2026-09-09T18:10:00Z,3.71,3.72,3.71,3.717,32171.083568,119515.57545512
1788977460000,2026-09-09T18:11:00Z,3.718,3.72,3.71,3.715,32517.440176,120802.29025384
1788977520000,2026-09-09T18:12:00Z,3.71,3.72,3.71,3.71,27941.60692,103803.0697078
1788977580000,2026-09-09T18:13:00Z,3.7105,3.72,3.71,3.715,11755.07537,43670.10499955
1788977640000,2026-09-09T18:14:00Z,3.7199,3.72,3.71,3.71,13031,48410.165
1788977700000,2026-09-09T18:15:00Z,3.715,3.72,3.71,3.71,24399.049536,90642.46902624
1788977760000,2026-09-09T18:16:00Z,3.715,3.715,3.71,3.715,16113,59859.795
1788977820000,2026-09-09T18:17:00Z,3.72,3.72,3.71,3.715,19053.053,70782.091895
1788977880000,2026-09-09T18:18:00Z,3.71,3.72,3.71,3.715,23161.6,86045.344
1788977940000,2026-09-09T18:19:00Z,3.7163,3.7186,3.715,3.7186,17615.6716,65442.219994
1788978000000,2026-09-09T18:20:00Z,3.7199,3.7199,3.71,3.7101,21164.313585,78625.424968275
1788978060000,2026-09-09T18:21:00Z,3.715,3.715,3.71,3.71,16390.365041,60890.206127315
1788978120000,2026-09-09T18:22:00Z,3.7113,3.72,3.71,3.715,78147.150651,290316.664668465
1788978180000,2026-09-09T18:23:00Z,3.7158,3.7199,3.71,3.7112,56932.94984,211505.9086556
1788978240000,2026-09-09T18:24:00Z,3.7114,3.7199,3.71,3.7199,17768.02526,66008.2138409
1788978300000,2026-09-09T18:25:00Z,3.7101,3.72,3.7101,3.7159,17184.231938,63839.42164967
1788978360000,2026-09-09T18:26:00Z,3.715,3.72,3.71,3.7101,28276.113572,105045.76191998
1788978420000,2026-09-09T18:27:00Z,3.7101,3.72,3.7101,3.715,53187.071192,197589.96947828
1788978480000,2026-09-09T18:28:00Z,3.715,3.72,3.71,3.715,22004.830459,81747.945155185
1788978540000,2026-09-09T18:29:00Z,3.715,3.72,3.71,3.71,107282.826916,398555.70199294
1788978600000,2026-09-09T18:30:00Z,3.7133,3.715,3.71,3.715,62205.12745,231092.04847675
1788978660000,2026-09-09T18:31:00Z,3.71,3.72,3.71,3.71,34911.076716,129694.64999994
1788978720000,2026-09-09T18:32:00Z,3.72,3.72,3.71,3.715,71160.826874,264362.47183691
1788978780000,2026-09-09T18:33:00Z,3.71,3.7186,3.71,3.7101,22436.330625,83350.968271875
1788978840000,2026-09-09T18:34:00Z,3.71,3.72,3.71,3.7112,19103.353774,70968.95927041
1788978900000,2026-09-09T18:35:00Z,3.71,3.72,3.71,3.715,34767.9,129162.7485
1788978960000,2026-09-09T18:36:00Z,3.72,3.72,3.71,3.71,39346.580067,146172.544948905
1788979020000,2026-09-09T18:37:00Z,3.7113,3.7176,3.7,3.7,124435.571892,462004.3913206176
1788979080000,2026-09-09T18:38:00Z,3.705,3.72,3.7046,3.72,340329.36912,1261158.543147984
1788979140000,2026-09-09T18:39:00Z,3.715,3.72,3.71,3.72,21604,80258.86
1788979200000,2026-09-09T18:40:00Z,3.7119,3.72,3.71,3.715,27767.602902,103156.64478093
1788979260000,2026-09-09T18:41:00Z,3.715,3.72,3.71,3.715,11621.6972,43174.605098
1788979320000,2026-09-09T18:42:00Z,3.72,3.72,3.712,3.715,7148.86218,26558.0229987
1788979380000,2026-09-09T18:43:00Z,3.7162,3.72,3.715,3.715,12778.143864,47470.80445476
1788979440000,2026-09-09T18:44:00Z,3.715,3.715,3.7101,3.7101,8782,32625.13
1788979500000,2026-09-09T18:45:00Z,3.7101,3.715,3.71,3.712,55901.505966,207674.09466369
1788979560000,2026-09-09T18:46:00Z,3.71,3.7101,3.7,3.7059,193981.354403,720039.3894084957
1788979620000,2026-09-09T18:47:00Z,3.705,3.71,3.7,3.705,57427,212767.035
1788979680000,2026-09-09T18:48:00Z,3.7,3.71,3.7,3.705,35702.760613,132278.728071165
1788979740000,2026-09-09T18:49:00Z,3.7,3.71,3.7,3.705,42860.395468,158797.76520894
1788979800000,2026-09-09T18:50:00Z,3.71,3.71,3.7,3.7048,43615.508996,161595.46083018
1788979860000,2026-09-09T18:51:00Z,3.705,3.71,3.7,3.705,19016.83828,70457.3858274
1788979920000,2026-09-09T18:52:00Z,3.7,3.71,3.7,3.7,22194.0886,82229.098263
1788979980000,2026-09-09T18:53:00Z,3.7033,3.705,3.7,3.705,43634.836811,161667.070384755
1788980040000,2026-09-09T18:54:00Z,3.7099,3.71,3.7,3.705,23870.121233,88438.799168265
1788980100000,2026-09-09T18:55:00Z,3.7,3.71,3.7,3.705,142459.414625,527812.131185625
1788980160000,2026-09-09T18:56:00Z,3.705,3.7099,3.7,3.7005,32834.786936,121652.88559788
1788980220000,2026-09-09T18:57:00Z,3.7,3.71,3.7,3.7001,86950.543424,322151.76338592
1788980280000,2026-09-09T18:58:00Z,3.7,3.705,3.7,3.705,23383.172106,86634.65265273
1788980340000,2026-09-09T18:59:00Z,3.7032,3.7099,3.7,3.705,26756.614035,99133.254999675
1788980400000,2026-09-09T19:00:00Z,3.7,3.7,3.69,3.695,470699.6374,1742577.12761854
1788980460000,2026-09-09T19:01:00Z,3.695,3.7,3.69,3.695,46962.728075,173527.280237125
1788980520000,2026-09-09T19:02:00Z,3.695,3.7,3.69,3.695,60211.577592,222481.77920244
1788980580000,2026-09-09T19:03:00Z,3.69,3.7,3.69,3.692,34355.46306,126943.4360067
1788980640000,2026-09-09T19:04:00Z,3.69,3.7,3.69,3.69,31466.78444,116269.7685058
1788980700000,2026-09-09T19:05:00Z,3.69,3.7,3.69,3.695,85710.757036,316701.24724802
1788980760000,2026-09-09T19:06:00Z,3.69,3.7,3.69,3.6956,52062,192369.09
1788980820000,2026-09-09T19:07:00Z,3.695,3.7,3.69,3.7,62499.176206,230934.45608117
1788980880000,2026-09-09T19:08:00Z,3.695,3.7,3.69,3.695,58228.023397,215152.546451915
1788980940000,2026-09-09T19:09:00Z,3.695,3.7,3.69,3.6986,37093.751763,137061.412764285
1788981000000,2026-09-09T19:10:00Z,3.695,3.7,3.69,3.695,51999.26704,192137.2917128
1788981060000,2026-09-09T19:11:00Z,3.695,3.7,3.69,3.695,387486.082543,1431761.074996385
1788981120000,2026-09-09T19:12:00Z,3.695,3.7,3.69,3.695,27160.447637,100357.854018715
1788981180000,2026-09-09T19:13:00Z,3.695,3.7,3.69,3.695,51303.233365,189565.447283675
1788981240000,2026-09-09T19:14:00Z,3.695,3.7,3.69,3.695,29337.27027,108401.21364765
1788981300000,2026-09-09T19:15:00Z,3.69,3.7,3.69,3.69,40317.310816,148972.46346512
1788981360000,2026-09-09T19:16:00Z,3.7,3.7,3.69,3.69,35420.412719,130878.424996705
1788981420000,2026-09-09T19:17:00Z,3.7,3.7,3.69,3.695,30962.664042,114407.04363519
1788981480000,2026-09-09T19:18:00Z,3.69,3.6986,3.69,3.6962,26720.897806,98733.71739317
1788981540000,2026-09-09T19:19:00Z,3.6926,3.7,3.69,3.695,122469.122136,452523.40629252
1788981600000,2026-09-09T19:20:00Z,3.695,3.7,3.69,3.6901,43386.21919,160312.07990705
1788981660000,2026-09-09T19:21:00Z,3.69,3.7,3.69,3.695,240770.217524,889645.95375118
1788981720000,2026-09-09T19:22:00Z,3.6999,3.7,3.69,3.69,31509.5317,116427.7196315
1788981780000,2026-09-09T19:23:00Z,3.69,3.7,3.685,3.69,605193.782516,2235283.235722846
1788981840000,2026-09-09T19:24:00Z,3.695,3.7,3.69,3.695,31774.756756,117407.72621342
1788981900000,2026-09-09T19:25:00Z,3.695,3.7,3.69,3.69,34381.3893,127039.2334635
1788981960000,2026-09-09T19:26:00Z,3.6924,3.7,3.69,3.695,83282.959624,307730.53581068
1788982020000,2026-09-09T19:27:00Z,3.69,3.7,3.69,3.69,35976.015541,132931.377423995
1788982080000,2026-09-09T19:28:00Z,3.695,3.7,3.69,3.695,48545.874314,179377.00559023
1788982140000,2026-09-09T19:29:00Z,3.69,3.7,3.69,3.69,47430.349743,175255.142300385
1788982200000,2026-09-09T19:30:00Z,3.69,3.695,3.68,3.685,209649.774356,773754.4222156892
1788982260000,2026-09-09T19:31:00Z,3.6898,3.7,3.685,3.7,370154,1366216.1227
1788982320000,2026-09-09T19:32:00Z,3.695,3.7,3.69,3.695,15210.213883,56201.740297685
1788982380000,2026-09-09T19:33:00Z,3.695,3.7,3.69,3.7,21196.49007,78321.03080865
1788982440000,2026-09-09T19:34:00Z,3.6997,3.7,3.69,3.69,37063.730461,136950.484053395
1788982500000,2026-09-09T19:35:00Z,3.69,3.7,3.69,3.695,27621.633889,102061.937219855
1788982560000,2026-09-09T19:36:00Z,3.695,3.7,3.69,3.69,63899.507672,236108.68084804
1788982620000,2026-09-09T19:37:00Z,3.6997,3.7,3.69,3.69,16097.019833,59478.488282935
1788982680000,2026-09-09T19:38:00Z,3.69,3.7,3.69,3.69,100646.201247,371887.713607665
1788982740000,2026-09-09T19:39:00Z,3.69,3.7,3.69,3.695,90475.654173,334307.542169235
1788982800000,2026-09-09T19:40:00Z,3.69,3.7,3.69,3.69,79434,293508.63
1788982860000,2026-09-09T19:41:00Z,3.69,3.7,3.68,3.685,733335.386661,2706447.5780110866
1788982920000,2026-09-09T19:42:00Z,3.69,3.69,3.68,3.685,164734.13989,607045.30549465
1788982980000,2026-09-09T19:43:00Z,3.685,3.69,3.68,3.6899,75612.988379,278633.862176615
1788983040000,2026-09-09T19:44:00Z,3.6899,3.69,3.68,3.6868,88932.310496,327715.56417776
1788983100000,2026-09-09T19:45:00Z,3.68,3.7,3.68,3.695,436639.446576,1609802.3116363968
1788983160000,2026-09-09T19:46:00Z,3.7,3.7,3.69,3.6927,129005.810069,476676.468204955
1788983220000,2026-09-09T19:47:00Z,3.695,3.7,3.69,3.69,41614.466399,153765.453344305
1788983280000,2026-09-09T19:48:00Z,3.7,3.7,3.69,3.695,53510.824101,197722.495053195
1788983340000,2026-09-09T19:49:00Z,3.7,3.7,3.69,3.695,57535.000839,212591.828100105
1788983400000,2026-09-09T19:50:00Z,3.695,3.7,3.69,3.695,47662,176111.09
1788983460000,2026-09-09T19:51:00Z,3.695,3.7,3.69,3.695,94011.370584,347372.01430788
1788983520000,2026-09-09T19:52:00Z,3.6995,3.7,3.695,3.6995,400019.015681,1478070.262941295
1788983580000,2026-09-09T19:53:00Z,3.6999,3.7,3.69,3.6999,305108.594285,1127376.255883075
1788983640000,2026-09-09T19:54:00Z,3.695,3.71,3.695,3.6995,886405.361814,3278902.0738861674
1788983700000,2026-09-09T19:55:00Z,3.695,3.7,3.69,3.695,135400.570207,500305.106914865
1788983760000,2026-09-09T19:56:00Z,3.6952,3.7,3.69,3.695,376398.20076,1390791.3518082
1788983820000,2026-09-09T19:57:00Z,3.695,3.7,3.69,3.69,616937.12371,2279582.67210845
1788983880000,2026-09-09T19:58:00Z,3.69,3.7,3.68,3.685,279117,1029361.0211
1788983940000,2026-09-09T19:59:00Z,3.685,3.7,3.68,3.7,863745.533379,3182902.290501615
1788984000000,2026-09-09T20:00:00Z,3.7,3.7,3.68,3.69,1413670.755337,5209376.733416845
1788984060000,2026-09-09T20:01:00Z,3.6803,3.7,3.6803,3.69,72898.070912,268862.6651376384
1788984120000,2026-09-09T20:02:00Z,3.68,3.7,3.68,3.7,16464.307171,60753.29346099
1788984180000,2026-09-09T20:03:00Z,3.69,3.7,3.69,3.69,29505,108997.371
1788984240000,2026-09-09T20:04:00Z,3.7,3.7,3.69,3.7,23810.605406,87961.1384908452
1788984300000,2026-09-09T20:05:00Z,3.7,3.7,3.6901,3.6901,67293,248647.635
1788984360000,2026-09-09T20:06:00Z,3.7,3.7,3.6992,3.6994,35064.032601,129561.600460695
1788984420000,2026-09-09T20:07:00Z,3.7,3.7,3.6906,3.6906,32061.307171,118466.529996845
1788984480000,2026-09-09T20:08:00Z,3.7,3.7,3.6994,3.6994,41217.116397,152297.245086915
1788984540000,2026-09-09T20:09:00Z,3.7,3.7,3.69,3.7,32416.11007,119777.52670865
1788984600000,2026-09-09T20:10:00Z,3.7,3.7,3.69,3.6997,44316.166681,163748.235886295
1788984660000,2026-09-09T20:11:00Z,3.6994,3.7,3.69,3.7,33053.918409,122134.228521255
1788984720000,2026-09-09T20:12:00Z,3.7,3.7095,3.7,3.7,37723.131178,139530.3176011864
1788984780000,2026-09-09T20:13:00Z,3.71,3.71,3.7,3.71,20017,74162.985
1788984840000,2026-09-09T20:14:00Z,3.71,3.71,3.7097,3.7097,30630,113484.15
1788984900000,2026-09-09T20:15:00Z,3.7,3.71,3.7,3.71,30,111.2047
1788984960000,2026-09-09T20:16:00Z,3.7,3.72,3.7,3.7106,50385.296916,186722.8718410044
1788985020000,2026-09-09T20:17:00Z,3.7194,3.7194,3.7194,3.7194,17210,63897.288
1788985080000,2026-09-09T20:18:00Z,3.7106,3.7106,3.71,3.71,26908,99963.22
1788985140000,2026-09-09T20:19:00Z,3.7198,3.72,3.7102,3.7102,100,371.9178
1788985200000,2026-09-09T20:20:00Z,3.711,3.711,3.711,3.711,18408,68385.72
1788985260000,2026-09-09T20:21:00Z,3.7185,3.72,3.71,3.72,143,531.609
1788985380000,2026-09-09T20:23:00Z,3.72,3.72,3.72,3.72,27430,101902.45
1788985440000,2026-09-09T20:24:00Z,3.71,3.7106,3.71,3.7106,48,178.086
1788985500000,2026-09-09T20:25:00Z,3.715,3.72,3.71,3.72,11273.179004,41879.85999986
1788985560000,2026-09-09T20:26:00Z,3.7194,3.7194,3.7194,3.7194,4606.688605,17113.848167575
1788985620000,2026-09-09T20:27:00Z,3.7194,3.7194,3.71,3.7194,7130.165735,26488.565705525
1788985680000,2026-09-09T20:28:00Z,3.7194,3.7194,3.7194,3.7194,17900.647953,66500.907145395
1788985740000,2026-09-09T20:29:00Z,3.72,3.72,3.72,3.72,15120,56170.8
1788985800000,2026-09-09T20:30:00Z,3.7106,3.7106,3.71,3.71,6,22.2606
1788985860000,2026-09-09T20:31:00Z,3.71,3.71,3.71,3.71,14989.277125,55685.164519375
1788985920000,2026-09-09T20:32:00Z,3.71,3.7115,3.71,3.7115,25694,95453.21
1788985980000,2026-09-09T20:33:00Z,3.7198,3.7198,3.7102,3.7114,15541.437067,57736.438703905
1788986040000,2026-09-09T20:34:00Z,3.71,3.71,3.71,3.71,27500,102162.5
1788986100000,2026-09-09T20:35:00Z,3.71,3.7101,3.71,3.7101,26030,96662.405
1788986160000,2026-09-09T20:36:00Z,3.71,3.71,3.7094,3.71,101,374.6572
1788986280000,2026-09-09T20:38:00Z,3.71,3.71,3.71,3.71,9232,34204.56
1788986340000,2026-09-09T20:39:00Z,3.71,3.71,3.7099,3.7099,104,385.83
1788986400000,2026-09-09T20:40:00Z,3.71,3.71,3.705,3.705,85,315.1
1788986580000,2026-09-09T20:43:00Z,3.71,3.71,3.705,3.705,9529.045038,35305.11186579
1788986640000,2026-09-09T20:44:00Z,3.705,3.71,3.705,3.71,9540.566038,35347.79717079
1788986700000,2026-09-09T20:45:00Z,3.71,3.71,3.7094,3.7094,10,37.097
1788986760000,2026-09-09T20:46:00Z,3.7098,3.71,3.7094,3.7094,7756,28735.98
1788986880000,2026-09-09T20:48:00Z,3.705,3.705,3.705,3.705,1,3.705
1788987000000,2026-09-09T20:50:00Z,3.71,3.71,3.71,3.71,2910,10781.55
1788987060000,2026-09-09T20:51:00Z,3.705,3.71,3.705,3.71,8570.112522,31752.26689401
1788987120000,2026-09-09T20:52:00Z,3.709,3.709,3.709,3.709,2457,9103.185
1788987180000,2026-09-09T20:53:00Z,3.7094,3.7094,3.7094,3.7094,1,3.7094
1788987360000,2026-09-09T20:56:00Z,3.7097,3.7097,3.7097,3.7097,352,1304.16
1788987420000,2026-09-09T20:57:00Z,3.7,3.7098,3.7,3.7098,3046,11285.43
1788987480000,2026-09-09T20:58:00Z,3.7099,3.7099,3.7099,3.7099,820,3038.1
1788987600000,2026-09-09T21:00:00Z,3.71,3.71,3.7099,3.7099,7830,29010.15
1788987660000,2026-09-09T21:01:00Z,3.7001,3.71,3.7001,3.7099,1049.5329,3888.5193945
1788987720000,2026-09-09T21:02:00Z,3.71,3.71,3.71,3.71,11,40.755
1788987780000,2026-09-09T21:03:00Z,3.7003,3.7003,3.7003,3.7003,13,48.1039
1788987840000,2026-09-09T21:04:00Z,3.7015,3.71,3.7015,3.71,7,25.935
1788987900000,2026-09-09T21:05:00Z,3.71,3.71,3.71,3.71,1,3.71
1788987960000,2026-09-09T21:06:00Z,3.71,3.71,3.7,3.71,9023,33430.215
1788988020000,2026-09-09T21:07:00Z,3.71,3.71,3.7099,3.7099,1012,3749.46
1788988140000,2026-09-09T21:09:00Z,3.71,3.71,3.71,3.71,1,3.71
1788988260000,2026-09-09T21:11:00Z,3.71,3.71,3.7,3.71,40443.081081,149861.8369456455
1788988320000,2026-09-09T21:12:00Z,3.72,3.72,3.72,3.72,25,93
1788988380000,2026-09-09T21:13:00Z,3.7185,3.72,3.7185,3.72,689,2559.0838
1788988440000,2026-09-09T21:14:00Z,3.72,3.72,3.72,3.72,147,546.105
1788988500000,2026-09-09T21:15:00Z,3.71,3.71,3.71,3.71,45653,169600.895
1788988560000,2026-09-09T21:16:00Z,3.7094,3.7094,3.7094,3.7094,505,1871.5805
1788988620000,2026-09-09T21:17:00Z,3.7094,3.7094,3.7094,3.7094,144,533.52
1788988680000,2026-09-09T21:18:00Z,3.71,3.71,3.71,3.71,588,2181.48
1788988800000,2026-09-09T21:20:00Z,3.7106,3.72,3.7106,3.7106,63,233.8148
1788988980000,2026-09-09T21:23:00Z,3.7194,3.7194,3.7194,3.7194,610,2263.1
1788989040000,2026-09-09T21:24:00Z,3.7106,3.7106,3.7106,3.7106,34,126.1604
1788989100000,2026-09-09T21:25:00Z,3.72,3.72,3.72,3.72,3,11.16
1788989160000,2026-09-09T21:26:00Z,3.72,3.72,3.71,3.71,4,14.85
1788989220000,2026-09-09T21:27:00Z,3.7197,3.7197,3.71,3.71,4410,16383.15
1788989280000,2026-09-09T21:28:00Z,3.7199,3.7199,3.7199,3.7199,3711,13786.365
1788989340000,2026-09-09T21:29:00Z,3.72,3.72,3.7197,3.7197,34,126.4773
1788989400000,2026-09-09T21:30:00Z,3.72,3.72,3.71,3.7193,116,431.2134
1788989520000,2026-09-09T21:32:00Z,3.7199,3.7199,3.71,3.71,1821.001836,6765.02182074
1788989640000,2026-09-09T21:34:00Z,3.72,3.72,3.72,3.72,65,241.8
1788989880000,2026-09-09T21:38:00Z,3.71,3.71,3.71,3.71,229,849.59
1788990000000,2026-09-09T21:40:00Z,3.7,3.7,3.7,3.7,11,40.755
1788990060000,2026-09-09T21:41:00Z,3.7086,3.7086,3.7086,3.7086,288,1067.04
1788990120000,2026-09-09T21:42:00Z,3.7,3.71,3.7,3.71,107,396.8835
1788990240000,2026-09-09T21:44:00Z,3.71,3.71,3.7,3.7099,414.90566,1537.2254703
1788990300000,2026-09-09T21:45:00Z,3.7,3.7,3.7,3.7,6,22.2
1788990420000,2026-09-09T21:47:00Z,3.7,3.7,3.7,3.7,2552.236645,9456.036769725
1788990540000,2026-09-09T21:49:00Z,3.7,3.71,3.7,3.71,5,18.53
1788990660000,2026-09-09T21:51:00Z,3.71,3.71,3.71,3.71,6,22.26
1788990720000,2026-09-09T21:52:00Z,3.71,3.71,3.7085,3.71,128,474.877
1788990900000,2026-09-09T21:55:00Z,3.71,3.71,3.71,3.71,2121,7858.305
1788991080000,2026-09-09T21:58:00Z,3.71,3.71,3.709,3.709,27,100.035
1788991140000,2026-09-09T21:59:00Z,3.71,3.71,3.71,3.71,35,129.85
1788991200000,2026-09-09T22:00:00Z,3.71,3.71,3.71,3.71,60,222.6
1788991380000,2026-09-09T22:03:00Z,3.71,3.71,3.7,3.7,106,393.25
1788991440000,2026-09-09T22:04:00Z,3.71,3.71,3.71,3.71,10,37.1
1788991740000,2026-09-09T22:09:00Z,3.7094,3.71,3.7,3.7,33,122.3594
1788992040000,2026-09-09T22:14:00Z,3.71,3.71,3.7098,3.71,61,226.005
1788992100000,2026-09-09T22:15:00Z,3.7098,3.71,3.7098,3.71,63,233.7296
1788992160000,2026-09-09T22:16:00Z,3.71,3.71,3.71,3.71,1155,4279.275
1788992220000,2026-09-09T22:17:00Z,3.71,3.71,3.71,3.71,1,3.71
1788992580000,2026-09-09T22:23:00Z,3.7085,3.7094,3.705,3.7094,1220.67725,4522.60921125
1788992640000,2026-09-09T22:24:00Z,3.71,3.71,3.7,3.7,75,277.653
1788992760000,2026-09-09T22:26:00Z,3.71,3.71,3.71,3.71,110,407.55
1788992820000,2026-09-09T22:27:00Z,3.7098,3.71,3.7098,3.71,26,96.455
1788992880000,2026-09-09T22:28:00Z,3.71,3.71,3.71,3.71,1816,6728.28
1788993000000,2026-09-09T22:30:00Z,3.71,3.71,3.71,3.71,25,92.75
1788993060000,2026-09-09T22:31:00Z,3.71,3.71,3.71,3.71,10,37.1
1788993120000,2026-09-09T22:32:00Z,3.7,3.7,3.7,3.7,79,292.3
1788993180000,2026-09-09T22:33:00Z,3.71,3.71,3.71,3.71,557.16981,2064.31414605
1788993240000,2026-09-09T22:34:00Z,3.71,3.71,3.71,3.71,55,204.05
1788993300000,2026-09-09T22:35:00Z,3.7099,3.7099,3.7099,3.7099,2060,7632.3
1788993420000,2026-09-09T22:37:00Z,3.7099,3.7099,3.7,3.7,10789,39973.245
1788993480000,2026-09-09T22:38:00Z,3.71,3.71,3.71,3.71,1382,5120.31
1788993540000,2026-09-09T22:39:00Z,3.71,3.71,3.7099,3.7099,99,367.2896
1788993600000,2026-09-09T22:40:00Z,3.7098,3.71,3.7098,3.71,1003,3716.115
1788993720000,2026-09-09T22:42:00Z,3.7006,3.7006,3.7006,3.7006,1,3.7006
1788993900000,2026-09-09T22:45:00Z,3.71,3.71,3.71,3.71,1,3.71
1788993960000,2026-09-09T22:46:00Z,3.71,3.71,3.71,3.71,45,166.95
1788994020000,2026-09-09T22:47:00Z,3.7094,3.7094,3.7094,3.7094,1,3.7094
1788994080000,2026-09-09T22:48:00Z,3.7099,3.7099,3.7099,3.7099,50,185.495
1788994200000,2026-09-09T22:50:00Z,3.7098,3.7098,3.7098,3.7098,1040,3853.2
1788994260000,2026-09-09T22:51:00Z,3.71,3.71,3.71,3.71,1,3.71
1788994320000,2026-09-09T22:52:00Z,3.71,3.71,3.71,3.71,1140,4223.7
1788994440000,2026-09-09T22:54:00Z,3.71,3.71,3.7,3.7,20302,75120.42
1788994500000,2026-09-09T22:55:00Z,3.71,3.71,3.71,3.71,1,3.71
1788994560000,2026-09-09T22:56:00Z,3.71,3.71,3.7,3.7,26,96.45
1788994800000,2026-09-09T23:00:00Z,3.7099,3.7099,3.7001,3.7001,51,188.7149
1788994920000,2026-09-09T23:02:00Z,3.7,3.7,3.7,3.7,4.431818,16.41988569
1788994980000,2026-09-09T23:03:00Z,3.7,3.7,3.7,3.7,58,214.6
1788995160000,2026-09-09T23:06:00Z,3.7,3.7,3.7,3.7,50,185
1788995220000,2026-09-09T23:07:00Z,3.7094,3.7094,3.7094,3.7094,1150,4260.75
1788995280000,2026-09-09T23:08:00Z,3.7094,3.7094,3.7094,3.7094,26.958537,99.881379585
1788995340000,2026-09-09T23:09:00Z,3.7,3.7094,3.7,3.7094,29,107.535
1788995460000,2026-09-09T23:11:00Z,3.7094,3.7094,3.7094,3.7094,27,100.1538
1788995520000,2026-09-09T23:12:00Z,3.71,3.71,3.71,3.71,10,37.1
1788995580000,2026-09-09T23:13:00Z,3.7,3.7,3.7,3.7,10250,37976.25
1788995640000,2026-09-09T23:14:00Z,3.7006,3.7006,3.7006,3.7006,0.153886,0.57014763
1788995700000,2026-09-09T23:15:00Z,3.7085,3.7085,3.7,3.7015,742,2749.11
1788995760000,2026-09-09T23:16:00Z,3.708,3.708,3.7,3.702,1400,5187
1788995880000,2026-09-09T23:18:00Z,3.7094,3.7094,3.7094,3.7094,26.958537,99.881379585
1788995940000,2026-09-09T23:19:00Z,3.71,3.71,3.71,3.71,9000,33345
1788996000000,2026-09-09T23:20:00Z,3.7094,3.7094,3.7094,3.7094,13,48.165
1788996060000,2026-09-09T23:21:00Z,3.7,3.71,3.7,3.7093,62,229.4493
1788996360000,2026-09-09T23:26:00Z,3.71,3.71,3.71,3.71,40,148.4
1788996540000,2026-09-09T23:29:00Z,3.7,3.71,3.7,3.71,113.053261,418.862332005
1788996600000,2026-09-09T23:30:00Z,3.7099,3.71,3.7099,3.71,26,96.458
1788996720000,2026-09-09T23:32:00Z,3.71,3.71,3.71,3.71,10,37.1
1788996900000,2026-09-09T23:35:00Z,3.7001,3.7094,3.7001,3.7094,456,1689.48
1788996960000,2026-09-09T23:36:00Z,3.7099,3.7099,3.7099,3.7099,5,18.5495
1788997140000,2026-09-09T23:39:00Z,3.71,3.71,3.71,3.71,29,107.59
1788997200000,2026-09-09T23:40:00Z,3.71,3.71,3.71,3.71,310,1148.55
1788997260000,2026-09-09T23:41:00Z,3.7,3.7,3.7,3.7,3,11.1
1788997320000,2026-09-09T23:42:00Z,3.7094,3.71,3.7094,3.7094,100,370.9429
1788997500000,2026-09-09T23:45:00Z,3.7,3.7,3.7,3.7,4,14.8
1788997560000,2026-09-09T23:46:00Z,3.7097,3.7097,3.7097,3.7097,2052,7602.66
1788997620000,2026-09-09T23:47:00Z,3.71,3.71,3.71,3.71,2559,9481.095
1788997680000,2026-09-09T23:48:00Z,3.7099,3.7099,3.7099,3.7099,4549,16854.045
1788997740000,2026-09-09T23:49:00Z,3.7099,3.7099,3.7099,3.7099,35,129.8465
1788997800000,2026-09-09T23:50:00Z,3.71,3.71,3.7097,3.7097,171,633.555
1788997860000,2026-09-09T23:51:00Z,3.71,3.71,3.7,3.7085,165,610.785
1788998040000,2026-09-09T23:54:00Z,3.71,3.71,3.71,3.71,10,37.1
1788998100000,2026-09-09T23:55:00Z,3.7,3.7,3.7,3.7,8591,31829.655
1788998160000,2026-09-09T23:56:00Z,3.71,3.71,3.7,3.7,1041,3856.905
1788998280000,2026-09-09T23:58:00Z,3.7097,3.7097,3.7097,3.7097,23,85.3231
1788998340000,2026-09-09T23:59:00Z,3.7097,3.7097,3.7097,3.7097,865,3201.365
1788998760000,2026-09-10T00:06:00Z,3.71,3.71,3.71,3.71,22,81.62
1788998820000,2026-09-10T00:07:00Z,3.72,3.72,3.71,3.71,4635,17233.85
1788998880000,2026-09-10T00:08:00Z,3.71,3.71,3.71,3.71,300,1113
1788999360000,2026-09-10T00:16:00Z,3.71,3.71,3.71,3.71,50,185.5
1788999420000,2026-09-10T00:17:00Z,3.73,3.73,3.73,3.73,100,373
1788999600000,2026-09-10T00:20:00Z,3.72,3.73,3.72,3.73,5024,18701.52
1788999960000,2026-09-10T00:26:00Z,3.71,3.71,3.71,3.71,100,371
1789000080000,2026-09-10T00:28:00Z,3.71,3.71,3.71,3.71,50,185.5
1789000440000,2026-09-10T00:34:00Z,3.71,3.71,3.71,3.71,500,1855
1789000500000,2026-09-10T00:35:00Z,3.71,3.71,3.71,3.71,48,178.08
1789000620000,2026-09-10T00:37:00Z,3.72,3.72,3.71,3.72,1000,3719.8
1789000800000,2026-09-10T00:40:00Z,3.72,3.72,3.72,3.72,10,37.2
1789000860000,2026-09-10T00:41:00Z,3.71,3.71,3.71,3.71,100,371
1789000980000,2026-09-10T00:43:00Z,3.72,3.72,3.72,3.72,12,44.64
1789001040000,2026-09-10T00:44:00Z,3.71,3.71,3.71,3.71,100,371
1789001640000,2026-09-10T00:54:00Z,3.71,3.71,3.71,3.71,14,51.94
1789001700000,2026-09-10T00:55:00Z,3.7,3.7,3.7,3.7,271,1002.7
1789002060000,2026-09-10T01:01:00Z,3.7,3.7,3.7,3.7,200,740
1789002480000,2026-09-10T01:08:00Z,3.72,3.72,3.72,3.72,10,37.2
1789003080000,2026-09-10T01:18:00Z,3.72,3.72,3.72,3.72,742,2760.24
1789003200000,2026-09-10T01:20:00Z,3.71,3.71,3.71,3.71,320,1187.2
1789003260000,2026-09-10T01:21:00Z,3.7,3.7,3.7,3.7,3947,14603.9
1789003380000,2026-09-10T01:23:00Z,3.7,3.7,3.7,3.7,1010,3737
1789003440000,2026-09-10T01:24:00Z,3.7,3.7,3.7,3.7,200,740
1789003560000,2026-09-10T01:26:00Z,3.7,3.7,3.7,3.7,7,25.9
1789003620000,2026-09-10T01:27:00Z,3.7,3.7,3.7,3.7,2,7.4
1789003740000,2026-09-10T01:29:00Z,3.7,3.7,3.7,3.7,2,7.4
1789003800000,2026-09-10T01:30:00Z,3.69,3.69,3.66,3.67,35317,129716.47
1789003860000,2026-09-10T01:31:00Z,3.66,3.66,3.65,3.66,12986,47503.06
1789003920000,2026-09-10T01:32:00Z,3.66,3.66,3.66,3.66,20,73.2
1789003980000,2026-09-10T01:33:00Z,3.66,3.66,3.66,3.66,185,677.1
1789004040000,2026-09-10T01:34:00Z,3.66,3.66,3.66,3.66,3165,11583.9
1789004220000,2026-09-10T01:37:00Z,3.66,3.66,3.66,3.66,5,18.3
1789004280000,2026-09-10T01:38:00Z,3.66,3.66,3.66,3.66,7,25.62
1789004340000,2026-09-10T01:39:00Z,3.65,3.65,3.65,3.65,4038,14738.7
1789004460000,2026-09-10T01:41:00Z,3.65,3.65,3.65,3.65,2950,10767.5
1789004520000,2026-09-10T01:42:00Z,3.65,3.65,3.65,3.65,1449,5288.85
1789004580000,2026-09-10T01:43:00Z,3.65,3.65,3.64,3.64,726,2647.64
1789004640000,2026-09-10T01:44:00Z,3.65,3.65,3.65,3.65,4,14.6
1789004820000,2026-09-10T01:47:00Z,3.65,3.65,3.65,3.65,200,730
1789004880000,2026-09-10T01:48:00Z,3.65,3.65,3.65,3.65,105,383.25
1789004940000,2026-09-10T01:49:00Z,3.65,3.65,3.65,3.65,100,365
1789005060000,2026-09-10T01:51:00Z,3.65,3.65,3.65,3.65,439,1602.35
1789005120000,2026-09-10T01:52:00Z,3.65,3.65,3.65,3.65,320,1168
1789005180000,2026-09-10T01:53:00Z,3.64,3.65,3.64,3.65,6000,21850
1789005300000,2026-09-10T01:55:00Z,3.65,3.66,3.65,3.66,362,1321.42
1789005420000,2026-09-10T01:57:00Z,3.66,3.66,3.65,3.65,1250,4563.5
1789005480000,2026-09-10T01:58:00Z,3.65,3.65,3.65,3.65,10,36.5
1789005540000,2026-09-10T01:59:00Z,3.65,3.65,3.65,3.65,1692,6175.8
1789005600000,2026-09-10T02:00:00Z,3.65,3.65,3.65,3.65,1640,5986
1789005720000,2026-09-10T02:02:00Z,3.65,3.65,3.65,3.65,530,1934.5
1789005840000,2026-09-10T02:04:00Z,3.65,3.65,3.65,3.65,75,273.75
1789005960000,2026-09-10T02:06:00Z,3.65,3.65,3.65,3.65,100,365
1789006020000,2026-09-10T02:07:00Z,3.65,3.65,3.65,3.65,2000,7300
1789006080000,2026-09-10T02:08:00Z,3.65,3.65,3.65,3.65,556,2029.4
1789006200000,2026-09-10T02:10:00Z,3.65,3.65,3.65,3.65,200,730
1789006260000,2026-09-10T02:11:00Z,3.65,3.65,3.65,3.65,361,1317.65
1789006440000,2026-09-10T02:14:00Z,3.65,3.65,3.65,3.65,65,237.25
1789006680000,2026-09-10T02:18:00Z,3.65,3.65,3.65,3.65,5589,20399.85
1789006740000,2026-09-10T02:19:00Z,3.65,3.66,3.65,3.66,440,1606.2
1789006920000,2026-09-10T02:22:00Z,3.66,3.66,3.66,3.66,130,475.8
1789007040000,2026-09-10T02:24:00Z,3.66,3.66,3.66,3.66,200,732
1789007640000,2026-09-10T02:34:00Z,3.66,3.66,3.65,3.65,8028,29313.5
1789007760000,2026-09-10T02:36:00Z,3.65,3.65,3.65,3.65,6921,25261.65
1789007880000,2026-09-10T02:38:00Z,3.66,3.66,3.65,3.65,137,500.76
1789008000000,2026-09-10T02:40:00Z,3.66,3.66,3.66,3.66,909,3326.94
1789008060000,2026-09-10T02:41:00Z,3.67,3.67,3.67,3.67,45,165.15
1789008120000,2026-09-10T02:42:00Z,3.67,3.67,3.67,3.67,10,36.7
1789008240000,2026-09-10T02:44:00Z,3.67,3.68,3.67,3.68,503,1850.44
1789008300000,2026-09-10T02:45:00Z,3.68,3.68,3.68,3.68,51,187.68
1789008540000,2026-09-10T02:49:00Z,3.68,3.68,3.68,3.68,2315,8519.2
1789008600000,2026-09-10T02:50:00Z,3.67,3.67,3.67,3.67,10,36.7
1789008720000,2026-09-10T02:52:00Z,3.67,3.67,3.67,3.67,123,451.41
1789008780000,2026-09-10T02:53:00Z,3.67,3.67,3.67,3.67,1518,5571.06
1789008840000,2026-09-10T02:54:00Z,3.67,3.67,3.67,3.67,25,91.75
1789008900000,2026-09-10T02:55:00Z,3.67,3.67,3.67,3.67,4,14.68
1789009140000,2026-09-10T02:59:00Z,3.67,3.67,3.67,3.67,1,3.67
1789009380000,2026-09-10T03:03:00Z,3.67,3.67,3.67,3.67,2,7.34
1789009680000,2026-09-10T03:08:00Z,3.66,3.67,3.66,3.67,3000,10981
1789009860000,2026-09-10T03:11:00Z,3.67,3.67,3.67,3.67,100,367
1789010040000,2026-09-10T03:14:00Z,3.67,3.67,3.67,3.67,200,734
1789010280000,2026-09-10T03:18:00Z,3.67,3.67,3.67,3.67,108,396.36
1789010340000,2026-09-10T03:19:00Z,3.68,3.68,3.68,3.68,200,736
1789010400000,2026-09-10T03:20:00Z,3.68,3.68,3.68,3.68,259,953.12
1789010820000,2026-09-10T03:27:00Z,3.68,3.68,3.68,3.68,2000,7360
1789010940000,2026-09-10T03:29:00Z,3.67,3.67,3.67,3.67,367,1346.89
1789011120000,2026-09-10T03:32:00Z,3.67,3.67,3.67,3.67,589,2161.63
1789011480000,2026-09-10T03:38:00Z,3.67,3.67,3.67,3.67,2937,10778.79
1789012020000,2026-09-10T03:47:00Z,3.67,3.67,3.67,3.67,800,2936
1789012320000,2026-09-10T03:52:00Z,3.67,3.67,3.67,3.67,20,73.4
1789012440000,2026-09-10T03:54:00Z,3.67,3.67,3.67,3.67,3000,11010
1789012680000,2026-09-10T03:58:00Z,3.67,3.67,3.67,3.67,144,528.48
1789012740000,2026-09-10T03:59:00Z,3.68,3.68,3.67,3.67,804,2950.72
1789012800000,2026-09-10T04:00:00Z,3.66,3.68,3.66,3.67,11290,41340.73
1789012920000,2026-09-10T04:02:00Z,3.67,3.67,3.67,3.67,1468,5387.56
1789013160000,2026-09-10T04:06:00Z,3.67,3.67,3.67,3.67,1532,5622.44
1789013400000,2026-09-10T04:10:00Z,3.68,3.68,3.68,3.68,639,2351.52
1789013580000,2026-09-10T04:13:00Z,3.68,3.68,3.68,3.68,100,368
1789014060000,2026-09-10T04:21:00Z,3.68,3.68,3.68,3.68,55,202.4
1789014960000,2026-09-10T04:36:00Z,3.68,3.68,3.68,3.68,5,18.4
1789015140000,2026-09-10T04:39:00Z,3.68,3.68,3.68,3.68,100,368
1789015200000,2026-09-10T04:40:00Z,3.68,3.68,3.68,3.68,1,3.68
1789015320000,2026-09-10T04:42:00Z,3.68,3.68,3.68,3.68,72,264.96
1789015740000,2026-09-10T04:49:00Z,3.68,3.68,3.68,3.68,80,294.4
1789015860000,2026-09-10T04:51:00Z,3.68,3.68,3.68,3.68,2,7.36
1789016040000,2026-09-10T04:54:00Z,3.68,3.68,3.68,3.68,1110,4084.8
1789016100000,2026-09-10T04:55:00Z,3.67,3.67,3.67,3.67,941,3453.47
1789016220000,2026-09-10T04:57:00Z,3.67,3.67,3.67,3.67,300,1101
1789016340000,2026-09-10T04:59:00Z,3.67,3.67,3.67,3.67,22,80.74
1789016400000,2026-09-10T05:00:00Z,3.67,3.67,3.67,3.67,50,183.5
1789016640000,2026-09-10T05:04:00Z,3.66,3.66,3.66,3.66,301,1101.66
1789016700000,2026-09-10T05:05:00Z,3.66,3.66,3.66,3.66,5000,18300
1789016760000,2026-09-10T05:06:00Z,3.66,3.66,3.66,3.66,5760,21081.6
1789016820000,2026-09-10T05:07:00Z,3.66,3.66,3.66,3.66,500,1830
1789016880000,2026-09-10T05:08:00Z,3.66,3.67,3.66,3.67,250,915.5
1789017000000,2026-09-10T05:10:00Z,3.66,3.66,3.66,3.66,51,186.66
1789017060000,2026-09-10T05:11:00Z,3.66,3.66,3.66,3.66,50,183
1789017120000,2026-09-10T05:12:00Z,3.66,3.66,3.66,3.66,200,732
1789017420000,2026-09-10T05:17:00Z,3.66,3.66,3.66,3.66,44,161.04
1789017480000,2026-09-10T05:18:00Z,3.66,3.66,3.66,3.66,64,234.24
1789017540000,2026-09-10T05:19:00Z,3.66,3.66,3.66,3.66,191,699.06
1789017600000,2026-09-10T05:20:00Z,3.66,3.66,3.66,3.66,2310,8454.6
1789017960000,2026-09-10T05:26:00Z,3.66,3.66,3.66,3.66,160,585.6
1789018020000,2026-09-10T05:27:00Z,3.65,3.66,3.65,3.66,345,1261.7
1789018140000,2026-09-10T05:29:00Z,3.65,3.65,3.65,3.65,895,3266.75
1789018260000,2026-09-10T05:31:00Z,3.66,3.66,3.66,3.66,300,1098
1789018320000,2026-09-10T05:32:00Z,3.66,3.66,3.65,3.65,203,742.95
1789018560000,2026-09-10T05:36:00Z,3.66,3.66,3.66,3.66,200,732
1789018620000,2026-09-10T05:37:00Z,3.66,3.66,3.66,3.66,614,2247.24
1789018680000,2026-09-10T05:38:00Z,3.66,3.66,3.66,3.66,281,1028.46
1789018800000,2026-09-10T05:40:00Z,3.66,3.66,3.66,3.66,27,98.82
1789018920000,2026-09-10T05:42:00Z,3.65,3.65,3.65,3.65,5222,19060.3
1789018980000,2026-09-10T05:43:00Z,3.65,3.65,3.65,3.65,1454,5307.1
1789019040000,2026-09-10T05:44:00Z,3.65,3.66,3.65,3.66,848,3095.32
1789019400000,2026-09-10T05:50:00Z,3.65,3.65,3.65,3.65,1230,4489.5
1789019640000,2026-09-10T05:54:00Z,3.65,3.65,3.65,3.65,205,748.25
1789019700000,2026-09-10T05:55:00Z,3.65,3.65,3.65,3.65,151,551.15
1789019880000,2026-09-10T05:58:00Z,3.65,3.65,3.65,3.65,500,1825
1789020000000,2026-09-10T06:00:00Z,3.64,3.65,3.64,3.65,5006,18271.84
1789020060000,2026-09-10T06:01:00Z,3.65,3.65,3.65,3.65,2965,10822.25
1789020120000,2026-09-10T06:02:00Z,3.65,3.65,3.65,3.65,3340,12191
1789020480000,2026-09-10T06:08:00Z,3.65,3.65,3.65,3.65,2032,7416.8
1789020540000,2026-09-10T06:09:00Z,3.65,3.65,3.65,3.65,1000,3650
1789020600000,2026-09-10T06:10:00Z,3.65,3.65,3.65,3.65,4,14.6
1789021260000,2026-09-10T06:21:00Z,3.65,3.65,3.65,3.65,100,365
1789021500000,2026-09-10T06:25:00Z,3.65,3.65,3.65,3.65,3,10.95
1789021560000,2026-09-10T06:26:00Z,3.65,3.65,3.65,3.65,500,1825
1789021920000,2026-09-10T06:32:00Z,3.64,3.64,3.64,3.64,1,3.64
1789022040000,2026-09-10T06:34:00Z,3.65,3.65,3.65,3.65,50,182.5
1789022100000,2026-09-10T06:35:00Z,3.65,3.65,3.65,3.65,760,2774
1789022280000,2026-09-10T06:38:00Z,3.65,3.65,3.65,3.65,2752,10044.8
1789022460000,2026-09-10T06:41:00Z,3.65,3.65,3.65,3.65,500,1825
1789022580000,2026-09-10T06:43:00Z,3.66,3.66,3.66,3.66,48,175.68
1789022880000,2026-09-10T06:48:00Z,3.66,3.66,3.66,3.66,100,366
1789022940000,2026-09-10T06:49:00Z,3.66,3.66,3.66,3.66,2501,9153.66
1789023000000,2026-09-10T06:50:00Z,3.66,3.66,3.66,3.66,334,1222.44
1789023060000,2026-09-10T06:51:00Z,3.67,3.67,3.67,3.67,6,22.02
1789023600000,2026-09-10T07:00:00Z,3.67,3.68,3.65,3.66,12839,46974.63
1789023720000,2026-09-10T07:02:00Z,3.67,3.67,3.67,3.67,1500,5505
1789023780000,2026-09-10T07:03:00Z,3.67,3.67,3.67,3.67,2000,7340
1789023960000,2026-09-10T07:06:00Z,3.67,3.67,3.67,3.67,300,1101
1789024500000,2026-09-10T07:15:00Z,3.67,3.67,3.67,3.67,378,1387.26
1789024560000,2026-09-10T07:16:00Z,3.67,3.67,3.66,3.66,43,157.8
1789024620000,2026-09-10T07:17:00Z,3.67,3.67,3.67,3.67,300,1101
1789025040000,2026-09-10T07:24:00Z,3.66,3.66,3.66,3.66,327,1196.82
1789025160000,2026-09-10T07:26:00Z,3.67,3.67,3.67,3.67,6934,25447.78
1789025220000,2026-09-10T07:27:00Z,3.67,3.67,3.67,3.67,5,18.35
1789025400000,2026-09-10T07:30:00Z,3.67,3.67,3.67,3.67,250,917.5
1789025580000,2026-09-10T07:33:00Z,3.66,3.66,3.66,3.66,3,10.98
1789025700000,2026-09-10T07:35:00Z,3.67,3.67,3.67,3.67,1,3.67
1789025760000,2026-09-10T07:36:00Z,3.67,3.67,3.67,3.67,100,367
1789026000000,2026-09-10T07:40:00Z,3.67,3.67,3.67,3.67,380,1394.6
1789026180000,2026-09-10T07:43:00Z,3.67,3.67,3.67,3.67,201,737.67
1789026240000,2026-09-10T07:44:00Z,3.67,3.67,3.67,3.67,21,77.07
1789026300000,2026-09-10T07:45:00Z,3.67,3.67,3.67,3.67,4,14.68
1789026420000,2026-09-10T07:47:00Z,3.67,3.67,3.67,3.67,1000,3670
1789026540000,2026-09-10T07:49:00Z,3.67,3.67,3.67,3.67,394,1445.98
1789026600000,2026-09-10T07:50:00Z,3.68,3.68,3.66,3.66,53,194.98
1789026840000,2026-09-10T07:54:00Z,3.66,3.66,3.66,3.66,10,36.6
1789027140000,2026-09-10T07:59:00Z,3.68,3.68,3.67,3.67,1178,4334.39
1789027200000,2026-09-10T08:00:00Z,3.67,3.68,3.64,3.68,22292.586321,81887.3573329293
1789027260000,2026-09-10T08:01:00Z,3.67,3.68,3.65,3.67,108399,397325.6946
1789027320000,2026-09-10T08:02:00Z,3.67,3.67,3.67,3.67,8495,31134.175
1789027380000,2026-09-10T08:03:00Z,3.67,3.68,3.67,3.68,956.8,3509.35104
1789027440000,2026-09-10T08:04:00Z,3.68,3.68,3.68,3.68,4206,15457.05
1789027500000,2026-09-10T08:05:00Z,3.671,3.671,3.671,3.671,30,110.13
1789027560000,2026-09-10T08:06:00Z,3.65,3.68,3.65,3.65,345,1264.75
1789027740000,2026-09-10T08:09:00Z,3.67,3.67,3.67,3.67,8292,30390.18
1789027920000,2026-09-10T08:12:00Z,3.68,3.68,3.68,3.68,77,283.36
1789028040000,2026-09-10T08:14:00Z,3.6799,3.6799,3.6799,3.6799,74,272.3126
1789028160000,2026-09-10T08:16:00Z,3.67,3.67,3.67,3.67,14575,53523.7725
1789028220000,2026-09-10T08:17:00Z,3.67,3.67,3.67,3.67,3001,11013.67
1789028280000,2026-09-10T08:18:00Z,3.67,3.67,3.67,3.67,2907,10668.69
1789028340000,2026-09-10T08:19:00Z,3.66,3.66,3.66,3.66,1799,6584.34
1789028460000,2026-09-10T08:21:00Z,3.66,3.66,3.66,3.66,2600,9503
1789028520000,2026-09-10T08:22:00Z,3.66,3.66,3.66,3.66,60,219.3
1789028580000,2026-09-10T08:23:00Z,3.66,3.66,3.66,3.66,6374,23296.97
1789028640000,2026-09-10T08:24:00Z,3.66,3.66,3.66,3.66,7531,27525.805
1789028700000,2026-09-10T08:25:00Z,3.66,3.66,3.66,3.66,7.136528,26.08400984
1789028760000,2026-09-10T08:26:00Z,3.66,3.66,3.66,3.66,100,366
1789028940000,2026-09-10T08:29:00Z,3.6595,3.6595,3.6595,3.6595,4,14.638
1789029000000,2026-09-10T08:30:00Z,3.6502,3.6502,3.6502,3.6502,62,226.3124
1789029120000,2026-09-10T08:32:00Z,3.66,3.66,3.66,3.66,312,1140.36
1789029180000,2026-09-10T08:33:00Z,3.6508,3.6508,3.6508,3.6508,288,1052.64
1789029240000,2026-09-10T08:34:00Z,3.65,3.65,3.65,3.65,20,73
1789029360000,2026-09-10T08:36:00Z,3.66,3.66,3.66,3.66,5,18.3
1789029600000,2026-09-10T08:40:00Z,3.66,3.66,3.66,3.66,333,1217.115
1789029720000,2026-09-10T08:42:00Z,3.65,3.65,3.65,3.65,686,2503.9
1789029780000,2026-09-10T08:43:00Z,3.6492,3.6492,3.6492,3.6492,4244.632876,15475.931465896
1789029840000,2026-09-10T08:44:00Z,3.65,3.65,3.6492,3.6492,1001,3648.645
1789029900000,2026-09-10T08:45:00Z,3.65,3.65,3.65,3.65,6609,24089.805
1789029960000,2026-09-10T08:46:00Z,3.65,3.65,3.65,3.65,6028,21982.3076
1789030080000,2026-09-10T08:48:00Z,3.66,3.66,3.66,3.66,400,1464
1789030200000,2026-09-10T08:50:00Z,3.66,3.66,3.66,3.66,1177,4307.82
1789030380000,2026-09-10T08:53:00Z,3.67,3.67,3.67,3.67,359,1317.53
1789030560000,2026-09-10T08:56:00Z,3.67,3.67,3.67,3.67,19595,71815.675
1789030680000,2026-09-10T08:58:00Z,3.67,3.67,3.67,3.67,4891,17925.515
1789030740000,2026-09-10T08:59:00Z,3.67,3.67,3.67,3.67,7577,27769.705
1789030800000,2026-09-10T09:00:00Z,3.67,3.67,3.67,3.67,1004,3684.68
1789030920000,2026-09-10T09:02:00Z,3.67,3.67,3.67,3.67,28052,102838.632
1789030980000,2026-09-10T09:03:00Z,3.68,3.68,3.68,3.68,200,736
1789031220000,2026-09-10T09:07:00Z,3.6708,3.68,3.6708,3.68,1074,3952.228
1789031400000,2026-09-10T09:10:00Z,3.68,3.68,3.68,3.68,10206,37507.05
1789031580000,2026-09-10T09:13:00Z,3.6708,3.68,3.6708,3.68,120,441.468
1789032000000,2026-09-10T09:20:00Z,3.68,3.68,3.68,3.68,10000,36800
1789032120000,2026-09-10T09:22:00Z,3.68,3.68,3.68,3.68,4,14.72
1789032420000,2026-09-10T09:27:00Z,3.68,3.68,3.68,3.68,60,220.8
1789032780000,2026-09-10T09:33:00Z,3.68,3.68,3.68,3.68,50,184
1789032900000,2026-09-10T09:35:00Z,3.6799,3.6799,3.6795,3.6795,12,44.1552
1789033020000,2026-09-10T09:37:00Z,3.67,3.67,3.67,3.67,82,300.94
1789033080000,2026-09-10T09:38:00Z,3.68,3.68,3.68,3.68,2001,7353.675
1789033140000,2026-09-10T09:39:00Z,3.68,3.68,3.68,3.68,500,1840
1789033200000,2026-09-10T09:40:00Z,3.68,3.68,3.68,3.68,500,1840
1789033560000,2026-09-10T09:46:00Z,3.68,3.7,3.68,3.69,374106.016802,1375961.929797756
1789033620000,2026-09-10T09:47:00Z,3.7,3.7,3.7,3.7,5145,19010.775
1789033740000,2026-09-10T09:49:00Z,3.69,3.69,3.69,3.69,6,22.14
1789033800000,2026-09-10T09:50:00Z,3.6905,3.6905,3.6905,3.6905,9002,33262.39
1789033860000,2026-09-10T09:51:00Z,3.6905,3.7,3.6905,3.6905,7018.997297,25935.195012415
1789033920000,2026-09-10T09:52:00Z,3.6907,3.6993,3.6907,3.6993,16373.808994,60501.22423283
1789033980000,2026-09-10T09:53:00Z,3.6907,3.6993,3.6907,3.6907,9593.978376,35442.0749166192
1789034040000,2026-09-10T09:54:00Z,3.6993,3.7,3.69,3.6993,7105.737837,26255.701307715
1789034160000,2026-09-10T09:56:00Z,3.6908,3.6908,3.6908,3.6908,9561.131027,35328.379144765
1789034220000,2026-09-10T09:57:00Z,3.7,3.7,3.7,3.7,700,2590
1789034520000,2026-09-10T10:02:00Z,3.7,3.7,3.7,3.7,7012,25909.34
1789034580000,2026-09-10T10:03:00Z,3.7,3.7,3.7,3.7,12522,46268.79
1789034700000,2026-09-10T10:05:00Z,3.69,3.69,3.69,3.69,5,18.45
1789035120000,2026-09-10T10:12:00Z,3.7,3.7,3.7,3.7,100,370
1789035360000,2026-09-10T10:16:00Z,3.7,3.7,3.7,3.7,700,2586.5
1789035420000,2026-09-10T10:17:00Z,3.69,3.69,3.69,3.69,598,2209.61
1789035480000,2026-09-10T10:18:00Z,3.6905,3.6992,3.6905,3.6992,25,92.4365
1789035600000,2026-09-10T10:20:00Z,3.69,3.69,3.69,3.69,10849,40085.9701
1789035660000,2026-09-10T10:21:00Z,3.68,3.68,3.68,3.68,400,1472
1789035840000,2026-09-10T10:24:00Z,3.6792,3.6792,3.6792,3.6792,11523.220108,42347.8338969
1789035900000,2026-09-10T10:25:00Z,3.6708,3.6792,3.6708,3.6792,11047.236412,40598.5938141
1789035960000,2026-09-10T10:26:00Z,3.6708,3.6792,3.6708,3.6708,16573.641304,60908.1317922
1789036020000,2026-09-10T10:27:00Z,3.6792,3.6792,3.6792,3.6792,23,84.6216
1789036380000,2026-09-10T10:33:00Z,3.67,3.67,3.67,3.67,6,22.02
1789036680000,2026-09-10T10:38:00Z,3.6708,3.6708,3.67,3.67,100,367.008
1789036740000,2026-09-10T10:39:00Z,3.6705,3.6705,3.6705,3.6705,65.455007,240.547150725
1789036920000,2026-09-10T10:42:00Z,3.68,3.68,3.68,3.68,43,158.24
1789037100000,2026-09-10T10:45:00Z,3.6708,3.68,3.6708,3.68,47.038042,172.86480435
1789037160000,2026-09-10T10:46:00Z,3.6707,3.68,3.6707,3.68,309.57191,1137.67676925
1789037220000,2026-09-10T10:47:00Z,3.6702,3.6702,3.6702,3.6702,40.071793,147.263839275
1789037280000,2026-09-10T10:48:00Z,3.68,3.68,3.68,3.68,39.717391,145.961411925
1789037340000,2026-09-10T10:49:00Z,3.68,3.68,3.6708,3.6708,53,194.856
1789037520000,2026-09-10T10:52:00Z,3.6795,3.6795,3.6795,3.6795,20,73.59
1789037820000,2026-09-10T10:57:00Z,3.68,3.68,3.68,3.68,1,3.68
1789038000000,2026-09-10T11:00:00Z,3.68,3.68,3.67,3.68,456,1677.7966
1789038060000,2026-09-10T11:01:00Z,3.67,3.68,3.67,3.68,156,573.3
1789038120000,2026-09-10T11:02:00Z,3.6785,3.6785,3.6785,3.6785,31650,116313.75
1789038180000,2026-09-10T11:03:00Z,3.68,3.68,3.67,3.67,24896,91492.8
1789038240000,2026-09-10T11:04:00Z,3.68,3.68,3.6799,3.68,4292,15773.1
1789038300000,2026-09-10T11:05:00Z,3.68,3.68,3.67,3.67,18526,68083.05
1789038480000,2026-09-10T11:08:00Z,3.67,3.68,3.67,3.68,52,191.11
1789038600000,2026-09-10T11:10:00Z,3.68,3.68,3.68,3.68,9005,33093.375
1789038660000,2026-09-10T11:11:00Z,3.68,3.68,3.67,3.67,17,62.4
1789038780000,2026-09-10T11:13:00Z,3.67,3.68,3.67,3.68,12,44.1
1789038840000,2026-09-10T11:14:00Z,3.68,3.68,3.68,3.68,3311,12167.925
1789038900000,2026-09-10T11:15:00Z,3.68,3.68,3.6799,3.68,123,452.634
1789039020000,2026-09-10T11:17:00Z,3.68,3.68,3.68,3.68,9193.717391,33786.911411925
1789039080000,2026-09-10T11:18:00Z,3.68,3.68,3.68,3.68,1316,4836.3
1789039140000,2026-09-10T11:19:00Z,3.68,3.68,3.6795,3.6797,271,995.925
1789039200000,2026-09-10T11:20:00Z,3.68,3.68,3.6799,3.6799,14,51.5198
1789039260000,2026-09-10T11:21:00Z,3.68,3.68,3.6799,3.68,524,1925.7
1789039320000,2026-09-10T11:22:00Z,3.68,3.68,3.68,3.68,67,246.56
1789039380000,2026-09-10T11:23:00Z,3.6799,3.6799,3.6799,3.6799,3,11.0397
1789039440000,2026-09-10T11:24:00Z,3.68,3.68,3.67,3.6799,10808,39773.4093
1789039500000,2026-09-10T11:25:00Z,3.6808,3.6898,3.6808,3.6898,39,143.7312
1789039620000,2026-09-10T11:27:00Z,3.69,3.69,3.69,3.69,356,1311.86
1789039680000,2026-09-10T11:28:00Z,3.6895,3.69,3.6895,3.69,515,1897.775
1789039740000,2026-09-10T11:29:00Z,3.68,3.68,3.67,3.67,123276,454272.06
1789039800000,2026-09-10T11:30:00Z,3.68,3.68,3.6797,3.6797,56,206.0788
1789039860000,2026-09-10T11:31:00Z,3.67,3.67,3.67,3.67,13749,50527.575
1789039920000,2026-09-10T11:32:00Z,3.67,3.67,3.67,3.67,28560,104958
1789039980000,2026-09-10T11:33:00Z,3.6799,3.68,3.6799,3.68,19958,73345.65
1789040040000,2026-09-10T11:34:00Z,3.68,3.68,3.6797,3.6797,33590,123443.25
1789040100000,2026-09-10T11:35:00Z,3.68,3.68,3.68,3.68,31475,115670.625
1789040160000,2026-09-10T11:36:00Z,3.68,3.68,3.6785,3.68,29672,109044.6
1789040220000,2026-09-10T11:37:00Z,3.67,3.68,3.67,3.6708,104,382.234
1789040400000,2026-09-10T11:40:00Z,3.67,3.67,3.67,3.67,20133,73988.775
1789040460000,2026-09-10T11:41:00Z,3.67,3.68,3.67,3.68,7971.923913,29296.820380275
1789040520000,2026-09-10T11:42:00Z,3.6792,3.6792,3.6792,3.6792,50,183.75
1789040580000,2026-09-10T11:43:00Z,3.68,3.68,3.6792,3.6797,670.89484,2465.538537
1789040640000,2026-09-10T11:44:00Z,3.68,3.68,3.6703,3.68,123,452.446
1789040760000,2026-09-10T11:46:00Z,3.68,3.68,3.68,3.68,29,106.72
1789040880000,2026-09-10T11:48:00Z,3.6799,3.68,3.6799,3.68,36,132.477
1789041000000,2026-09-10T11:50:00Z,3.68,3.68,3.68,3.68,31805,116883.375
1789041060000,2026-09-10T11:51:00Z,3.68,3.6805,3.6799,3.6805,52789,194020.6906
1789041120000,2026-09-10T11:52:00Z,3.69,3.69,3.6892,3.6892,3545.32961,13064.53961285
1789041180000,2026-09-10T11:53:00Z,3.6808,3.6808,3.6808,3.6808,946,3486.01
1789041240000,2026-09-10T11:54:00Z,3.69,3.69,3.68,3.69,90,331.4
1789041300000,2026-09-10T11:55:00Z,3.6892,3.6892,3.6792,3.6797,22305.510246,82186.8830524116
1789041360000,2026-09-10T11:56:00Z,3.68,3.68,3.6785,3.6785,1528,5615.4
1789041420000,2026-09-10T11:57:00Z,3.67,3.6792,3.67,3.6792,263,966.525
1789041480000,2026-09-10T11:58:00Z,3.68,3.68,3.6708,3.6708,6066.433858,22294.14442815
1789041540000,2026-09-10T11:59:00Z,3.6799,3.6799,3.6799,3.6799,6965,25596.375
1789041600000,2026-09-10T12:00:00Z,3.6703,3.68,3.6703,3.6793,16548.933117,60817.329204975
1789041660000,2026-09-10T12:01:00Z,3.6792,3.68,3.67,3.68,14991,55091.925
1789041720000,2026-09-10T12:02:00Z,3.68,3.68,3.68,3.68,13540,49759.5
1789041780000,2026-09-10T12:03:00Z,3.68,3.68,3.68,3.68,15738,57837.15
1789041900000,2026-09-10T12:05:00Z,3.68,3.68,3.6708,3.6708,12001.3184,44104.84512
1789041960000,2026-09-10T12:06:00Z,3.67,3.67,3.67,3.67,35912,131929.9144
1789042020000,2026-09-10T12:07:00Z,3.67,3.67,3.66,3.66,11674,42785.21
1789042080000,2026-09-10T12:08:00Z,3.66,3.66,3.6592,3.6592,57607,210922.2698
1789042140000,2026-09-10T12:09:00Z,3.66,3.66,3.65,3.66,18604,67997.62
1789042200000,2026-09-10T12:10:00Z,3.66,3.66,3.65,3.6597,18252,66711.06
1789042260000,2026-09-10T12:11:00Z,3.65,3.6592,3.65,3.6592,23817.342802,87052.38794131
1789042380000,2026-09-10T12:13:00Z,3.66,3.66,3.6508,3.6508,23832.377195,87107.338647725
1789042440000,2026-09-10T12:14:00Z,3.65,3.6505,3.65,3.65,28430,103911.65
1789042500000,2026-09-10T12:15:00Z,3.65,3.66,3.65,3.66,26470,96747.85
1789042560000,2026-09-10T12:16:00Z,3.65,3.66,3.65,3.66,11690,42726.95
1789042620000,2026-09-10T12:17:00Z,3.66,3.66,3.66,3.66,3489,12752.295
1789042680000,2026-09-10T12:18:00Z,3.65,3.66,3.65,3.6592,13476.328156,49255.97941018
1789042740000,2026-09-10T12:19:00Z,3.66,3.66,3.6592,3.6592,328,1200.476
1789042800000,2026-09-10T12:20:00Z,3.65,3.6508,3.65,3.6508,28790,105227.45
1789042860000,2026-09-10T12:21:00Z,3.6599,3.6599,3.6501,3.6592,44354.923913,162117.246902015
1789042920000,2026-09-10T12:22:00Z,3.66,3.66,3.6592,3.6592,972.434426,3554.24782703
1789042980000,2026-09-10T12:23:00Z,3.65,3.65,3.65,3.65,11641,42547.855
1789043040000,2026-09-10T12:24:00Z,3.66,3.66,3.6592,3.6592,63,230.5345
1789043100000,2026-09-10T12:25:00Z,3.66,3.66,3.6508,3.6595,8501.63291,31073.46828605
1789043160000,2026-09-10T12:26:00Z,3.66,3.66,3.6501,3.66,12583.434426,45992.45282703
1789043220000,2026-09-10T12:27:00Z,3.65,3.6592,3.65,3.6592,3018,11030.79
1789043280000,2026-09-10T12:28:00Z,3.6592,3.6592,3.6507,3.6507,124.568028,455.29614234
1789043340000,2026-09-10T12:29:00Z,3.6592,3.6592,3.6592,3.6592,152,555.56
1789043400000,2026-09-10T12:30:00Z,3.65,3.66,3.65,3.6599,20101,73368.9396
1789043460000,2026-09-10T12:31:00Z,3.6501,3.66,3.6501,3.6595,16254,59408.37
1789043520000,2026-09-10T12:32:00Z,3.6508,3.66,3.6508,3.66,620.678404,2268.57956662
1789043580000,2026-09-10T12:33:00Z,3.66,3.66,3.65,3.65,67777,247704.6019
1789043640000,2026-09-10T12:34:00Z,3.65,3.65,3.64,3.64,464,1691.7423
1789043700000,2026-09-10T12:35:00Z,3.6392,3.64,3.62,3.62,154674,562162.653
1789043760000,2026-09-10T12:36:00Z,3.63,3.63,3.62,3.63,59069.901731,214128.393774875
1789043820000,2026-09-10T12:37:00Z,3.63,3.63,3.6203,3.6297,31607.809025,114578.307715625
1789043880000,2026-09-10T12:38:00Z,3.63,3.63,3.6292,3.63,32200.110799,116725.401646375
1789043940000,2026-09-10T12:39:00Z,3.63,3.63,3.62,3.63,91526.361643,331783.060955875
1789044000000,2026-09-10T12:40:00Z,3.6292,3.63,3.62,3.6208,56166.161927,203602.336985375
1789044060000,2026-09-10T12:41:00Z,3.6208,3.63,3.6201,3.6201,71029.273031,257481.114737375
1789044120000,2026-09-10T12:42:00Z,3.62,3.63,3.62,3.62,97452.167372,353000.9858715956
1789044180000,2026-09-10T12:43:00Z,3.62,3.63,3.6185,3.6185,107528.729281,389522.8218204225
1789044240000,2026-09-10T12:44:00Z,3.6192,3.6208,3.6101,3.62,125469.060773,454059.9840314097
1789044300000,2026-09-10T12:45:00Z,3.6192,3.62,3.61,3.6108,51517,186233.955
1789044360000,2026-09-10T12:46:00Z,3.62,3.62,3.6192,3.62,63742,230427.33
1789044420000,2026-09-10T12:47:00Z,3.6195,3.62,3.61,3.611,62504.920332,225955.28700018
1789044480000,2026-09-10T12:48:00Z,3.6192,3.62,3.61,3.6108,72091.543173,260610.928570395
1789044540000,2026-09-10T12:49:00Z,3.6192,3.62,3.61,3.62,365,1320.3334
1789044600000,2026-09-10T12:50:00Z,3.6192,3.62,3.6102,3.6192,60674.87569,219339.67561935
1789044660000,2026-09-10T12:51:00Z,3.6192,3.62,3.6101,3.6195,37696.418723,136272.553683645
1789044720000,2026-09-10T12:52:00Z,3.62,3.62,3.6193,3.62,32719.147679,118279.718859585
1789044780000,2026-09-10T12:53:00Z,3.62,3.62,3.61,3.61,40590,146732.85
1789044840000,2026-09-10T12:54:00Z,3.61,3.6198,3.61,3.6198,44239,159923.985
1789044900000,2026-09-10T12:55:00Z,3.62,3.62,3.62,3.62,49179,177782.085
1789044960000,2026-09-10T12:56:00Z,3.6185,3.62,3.6185,3.62,31669,114483.435
1789045020000,2026-09-10T12:57:00Z,3.62,3.62,3.62,3.62,14025,50700.375
1789045080000,2026-09-10T12:58:00Z,3.62,3.62,3.62,3.62,32564,117718.86
1789045140000,2026-09-10T12:59:00Z,3.63,3.63,3.63,3.63,6232,22571.0576
1789045200000,2026-09-10T13:00:00Z,3.6203,3.6203,3.6203,3.6203,2356,8540.5
1789045260000,2026-09-10T13:01:00Z,3.63,3.63,3.62,3.63,11610.673616,42088.691858
1789045320000,2026-09-10T13:02:00Z,3.6292,3.63,3.6208,3.6285,13149.971378,47668.64624525
1789045380000,2026-09-10T13:03:00Z,3.6292,3.6297,3.62,3.62,4561.554281,16535.634268625
1789045440000,2026-09-10T13:04:00Z,3.62,3.62,3.62,3.62,426,1542.12
1789045500000,2026-09-10T13:05:00Z,3.63,3.63,3.63,3.63,8459,30663.875
1789045560000,2026-09-10T13:06:00Z,3.6294,3.63,3.6208,3.6292,4192.800238,15198.90086275
1789045620000,2026-09-10T13:07:00Z,3.62,3.63,3.62,3.6208,1495.513794,5421.23750325
1789045680000,2026-09-10T13:08:00Z,3.6285,3.6292,3.62,3.62,13582,49234.75
1789045740000,2026-09-10T13:09:00Z,3.6192,3.6192,3.61,3.61,27269,98582.8888
1789045800000,2026-09-10T13:10:00Z,3.6185,3.6197,3.6185,3.6197,25695.151828,92887.97385822
1789045860000,2026-09-10T13:11:00Z,3.62,3.62,3.6192,3.6197,4679.38152,16915.9641948
1789045920000,2026-09-10T13:12:00Z,3.6192,3.62,3.6192,3.62,90,325.784
1789045980000,2026-09-10T13:13:00Z,3.6198,3.62,3.6101,3.62,332,1200.18
1789046040000,2026-09-10T13:14:00Z,3.62,3.62,3.6108,3.62,6149.336142,22229.85015333
1789046100000,2026-09-10T13:15:00Z,3.6108,3.62,3.6108,3.62,79,285.4712
1789046160000,2026-09-10T13:16:00Z,3.62,3.62,3.6199,3.62,7087,25619.505
1789046220000,2026-09-10T13:17:00Z,3.6192,3.62,3.6192,3.62,3962,14322.63
1789046280000,2026-09-10T13:18:00Z,3.61,3.61,3.61,3.61,1431,5173.065
1789046340000,2026-09-10T13:19:00Z,3.6197,3.62,3.6195,3.6199,50021,181071.0186
1789046400000,2026-09-10T13:20:00Z,3.62,3.62,3.6192,3.6192,39677.944957,143435.771019555
1789046460000,2026-09-10T13:21:00Z,3.6192,3.62,3.6185,3.62,3653,13205.595
1789046520000,2026-09-10T13:22:00Z,3.6101,3.62,3.6101,3.62,82243,297308.445
1789046580000,2026-09-10T13:23:00Z,3.62,3.62,3.6107,3.6107,11492.954607,41547.030904305
1789046640000,2026-09-10T13:24:00Z,3.61,3.61,3.61,3.61,15040,54369.6
1789046700000,2026-09-10T13:25:00Z,3.6198,3.62,3.61,3.6197,10734.954607,38806.860904305
1789046760000,2026-09-10T13:26:00Z,3.62,3.62,3.6192,3.6192,1333.5,4820.6025
1789046820000,2026-09-10T13:27:00Z,3.62,3.62,3.6192,3.6197,3782.325,13673.104875
1789046880000,2026-09-10T13:28:00Z,3.6192,3.62,3.6192,3.62,113309,410133.2564
1789046940000,2026-09-10T13:29:00Z,3.6192,3.6201,3.6192,3.6201,35910,129832.605
1789047000000,2026-09-10T13:30:00Z,3.62,3.63,3.6,3.605,1362051.465754,4926812.5619253688
1789047060000,2026-09-10T13:31:00Z,3.6087,3.62,3.605,3.6199,151854,549402.7696
1789047120000,2026-09-10T13:32:00Z,3.62,3.63,3.61,3.6197,253533.857597,917108.0230856281
1789047180000,2026-09-10T13:33:00Z,3.615,3.62,3.61,3.6183,76661.948708,277171.275553774
1789047240000,2026-09-10T13:34:00Z,3.6188,3.62,3.61,3.615,265695.087312,960487.74063288
1789047300000,2026-09-10T13:35:00Z,3.61,3.62,3.6,3.6199,372244.614188,1344882.5665998252
1789047360000,2026-09-10T13:36:00Z,3.62,3.62,3.61,3.615,159232.754821,575626.408677915
1789047420000,2026-09-10T13:37:00Z,3.61,3.62,3.6,3.605,118209.739088,426819.9049250416
1789047480000,2026-09-10T13:38:00Z,3.605,3.61,3.6,3.61,83664.740627,301611.389960335
1789047540000,2026-09-10T13:39:00Z,3.6,3.61,3.6,3.61,236054.724911,850977.283304155
1789047600000,2026-09-10T13:40:00Z,3.61,3.62,3.6,3.62,347595.511274,1254993.593454777
1789047660000,2026-09-10T13:41:00Z,3.615,3.62,3.6101,3.6198,65739.120149,237646.919338635
1789047720000,2026-09-10T13:42:00Z,3.62,3.62,3.61,3.615,47032.134354,170021.16568971
1789047780000,2026-09-10T13:43:00Z,3.615,3.62,3.61,3.61,94658.29624,342189.7409076
1789047840000,2026-09-10T13:44:00Z,3.61,3.62,3.61,3.62,108117.621576,390845.20199724
1789047900000,2026-09-10T13:45:00Z,3.6199,3.63,3.61,3.62,257866.429037,932780.2337555401
1789047960000,2026-09-10T13:46:00Z,3.625,3.63,3.62,3.6262,51728.168859,187514.612113875
1789048020000,2026-09-10T13:47:00Z,3.62,3.6299,3.61,3.6186,136611.889734,494849.2481834682
1789048080000,2026-09-10T13:48:00Z,3.615,3.62,3.61,3.6167,40382.764058,145983.69206967
1789048140000,2026-09-10T13:49:00Z,3.62,3.63,3.61,3.6282,165690.483282,599136.787547712
1789048200000,2026-09-10T13:50:00Z,3.625,3.63,3.615,3.62,198962.207055,720939.5572637925
1789048260000,2026-09-10T13:51:00Z,3.6177,3.62,3.61,3.62,114196.959867,412844.8493111784
1789048320000,2026-09-10T13:52:00Z,3.615,3.62,3.61,3.615,110369.684906,398986.41093519
1789048380000,2026-09-10T13:53:00Z,3.615,3.63,3.615,3.625,140353.443926,507812.7954686606
1789048440000,2026-09-10T13:54:00Z,3.62,3.63,3.615,3.615,88743.756,321536.3767392
1789048500000,2026-09-10T13:55:00Z,3.615,3.62,3.61,3.61,44328.850565,160262.0934476445
1789048560000,2026-09-10T13:56:00Z,3.6101,3.62,3.61,3.615,75077.304815,271404.456906225
1789048620000,2026-09-10T13:57:00Z,3.615,3.62,3.61,3.615,75671.999022,273554.27646453
1789048680000,2026-09-10T13:58:00Z,3.61,3.62,3.61,3.615,178000.117424,643470.42448776
1789048740000,2026-09-10T13:59:00Z,3.6119,3.62,3.61,3.6186,104962.936524,379441.01553426
1789048800000,2026-09-10T14:00:00Z,3.61,3.62,3.61,3.61,30022.422998,108531.05913777
1789048860000,2026-09-10T14:01:00Z,3.615,3.62,3.61,3.61,167870.480685,606851.787676275
1789048920000,2026-09-10T14:02:00Z,3.615,3.62,3.61,3.61,76105.854592,275122.66435008
1789048980000,2026-09-10T14:03:00Z,3.62,3.62,3.61,3.61,32766.571502,118451.15597973
1789049040000,2026-09-10T14:04:00Z,3.615,3.62,3.61,3.615,38340.581432,138601.20187668
1789049100000,2026-09-10T14:05:00Z,3.62,3.62,3.6,3.605,298609.710439,1079056.0496423704
1789049160000,2026-09-10T14:06:00Z,3.61,3.61,3.6,3.6099,43640.461632,157323.86418336
1789049220000,2026-09-10T14:07:00Z,3.6,3.61,3.6,3.601,157703.860065,568522.415534325
1789049280000,2026-09-10T14:08:00Z,3.605,3.61,3.6,3.605,105726.249132,381143.12812086
1789049340000,2026-09-10T14:09:00Z,3.6,3.6,3.59,3.595,1106916.630296,3986006.785695896
1789049400000,2026-09-10T14:10:00Z,3.595,3.61,3.59,3.61,353452.001608,1272497.8961891216
1789049460000,2026-09-10T14:11:00Z,3.602,3.61,3.6,3.6077,66697.140776,240443.19249748
1789049520000,2026-09-10T14:12:00Z,3.605,3.6162,3.6,3.6162,316992.355155,1142789.1395692905
1789049580000,2026-09-10T14:13:00Z,3.6121,3.62,3.61,3.615,168853.203833,610336.7905747618
1789049640000,2026-09-10T14:14:00Z,3.6199,3.62,3.61,3.615,128402.797628,464176.11342522
1789049700000,2026-09-10T14:15:00Z,3.62,3.62,3.6,3.605,276922.537247,999773.4362228441
1789049760000,2026-09-10T14:16:00Z,3.605,3.61,3.59,3.595,200843.672891,723780.3439972967
1789049820000,2026-09-10T14:17:00Z,3.5997,3.6,3.59,3.59,160111,575179.6376
1789049880000,2026-09-10T14:18:00Z,3.595,3.6,3.59,3.595,51560.395906,185359.62328207
1789049940000,2026-09-10T14:19:00Z,3.595,3.6,3.59,3.59,65867.383228,236793.24270466
1789050000000,2026-09-10T14:20:00Z,3.595,3.6,3.59,3.5999,69653.088332,250402.85255354
1789050060000,2026-09-10T14:21:00Z,3.5999,3.605,3.59,3.605,170054.998262,611585.7957494568
1789050120000,2026-09-10T14:22:00Z,3.6022,3.61,3.6,3.6,36592.385219,131900.9117604074
1789050180000,2026-09-10T14:23:00Z,3.605,3.61,3.6,3.6068,39116.755333,141015.902975465
1789050240000,2026-09-10T14:24:00Z,3.6068,3.62,3.6,3.6102,570505.662617,2056729.9643005467
1789050300000,2026-09-10T14:25:00Z,3.615,3.6199,3.61,3.615,27493.256974,99388.12396101
1789050360000,2026-09-10T14:26:00Z,3.6101,3.62,3.61,3.61,35455.742995,128172.510926925
1789050420000,2026-09-10T14:27:00Z,3.61,3.6199,3.6,3.6072,285272.251577,1029576.0831665507
1789050480000,2026-09-10T14:28:00Z,3.6086,3.61,3.6,3.605,92736.691354,334325.0460003054
1789050540000,2026-09-10T14:29:00Z,3.61,3.61,3.6,3.605,44938.052567,162001.679504035
1789050600000,2026-09-10T14:30:00Z,3.605,3.61,3.6,3.605,38732.369929,139630.193594045
1789050660000,2026-09-10T14:31:00Z,3.6099,3.61,3.6,3.6077,54495.284784,196455.50164632
1789050720000,2026-09-10T14:32:00Z,3.6073,3.61,3.6,3.605,45519.411266,164097.47761393
1789050780000,2026-09-10T14:33:00Z,3.61,3.61,3.6,3.605,27686.113634,99808.43965057
1789050840000,2026-09-10T14:34:00Z,3.605,3.61,3.6,3.605,50441.30516,181840.9051018
1789050900000,2026-09-10T14:35:00Z,3.605,3.6199,3.605,3.612,540369.132275,1949327.607768835
1789050960000,2026-09-10T14:36:00Z,3.61,3.62,3.61,3.62,21735.027985,78572.126165775
1789051020000,2026-09-10T14:37:00Z,3.61,3.62,3.61,3.615,26134.22,94475.2053
1789051080000,2026-09-10T14:38:00Z,3.615,3.625,3.61,3.625,168091.073648,607918.1769553568
1789051140000,2026-09-10T14:39:00Z,3.625,3.63,3.62,3.625,69633.126526,252392.2304061396
1789051200000,2026-09-10T14:40:00Z,3.625,3.63,3.62,3.6279,56548.678551,204988.959747375
1789051260000,2026-09-10T14:41:00Z,3.63,3.63,3.62,3.6282,81674.40686,296069.7248675
1789051320000,2026-09-10T14:42:00Z,3.6282,3.63,3.62,3.62,45983.92238,166691.7186275
1789051380000,2026-09-10T14:43:00Z,3.63,3.63,3.62,3.6287,29046.251508,105292.6617165
1789051440000,2026-09-10T14:44:00Z,3.62,3.63,3.62,3.62,26094.320082,94591.91029725
1789051500000,2026-09-10T14:45:00Z,3.6214,3.63,3.62,3.62,56804.313288,205915.635669
1789051560000,2026-09-10T14:46:00Z,3.625,3.63,3.62,3.6279,52808.248017,191429.899061625
1789051620000,2026-09-10T14:47:00Z,3.625,3.63,3.62,3.6278,14464.738892,52434.6784835
1789051680000,2026-09-10T14:48:00Z,3.62,3.63,3.62,3.625,28355.016325,102786.934178125
1789051740000,2026-09-10T14:49:00Z,3.625,3.63,3.62,3.625,22838.982344,82791.310997
1789051800000,2026-09-10T14:50:00Z,3.625,3.63,3.62,3.63,64167.349624,232606.642387
1789051860000,2026-09-10T14:51:00Z,3.63,3.63,3.61,3.62,228588,827854.3008
1789051920000,2026-09-10T14:52:00Z,3.61,3.62,3.61,3.6176,137235.58851,496106.65246365
1789051980000,2026-09-10T14:53:00Z,3.615,3.62,3.61,3.61,50938.57804,184142.9596146
1789052040000,2026-09-10T14:54:00Z,3.615,3.62,3.61,3.615,98632.525764,356556.58063686
1789052100000,2026-09-10T14:55:00Z,3.61,3.62,3.61,3.615,20941.67961,75704.17179015
1789052160000,2026-09-10T14:56:00Z,3.615,3.6198,3.61,3.61,20867.945622,75437.62342353
1789052220000,2026-09-10T14:57:00Z,3.615,3.62,3.61,3.62,19928.614104,72041.93998596
1789052280000,2026-09-10T14:58:00Z,3.615,3.62,3.61,3.62,89718.920519,324333.897676185
1789052340000,2026-09-10T14:59:00Z,3.618,3.62,3.615,3.6186,143001.328728,516949.80335172
1789052400000,2026-09-10T15:00:00Z,3.6176,3.63,3.615,3.624,257628.25082,932768.844918892
1789052460000,2026-09-10T15:01:00Z,3.62,3.6263,3.61,3.61,76392.685675,276755.42166339
1789052520000,2026-09-10T15:02:00Z,3.6173,3.62,3.61,3.615,19344.401293,69930.010674195
1789052580000,2026-09-10T15:03:00Z,3.61,3.6199,3.61,3.615,10582.057384,38254.13744316
1789052640000,2026-09-10T15:04:00Z,3.61,3.62,3.61,3.61,13557.207461,49009.304971515
1789052700000,2026-09-10T15:05:00Z,3.6126,3.6199,3.61,3.6127,55958.896077,202291.409318355
1789052760000,2026-09-10T15:06:00Z,3.61,3.62,3.61,3.6101,83861.042424,303157.66836276
1789052820000,2026-09-10T15:07:00Z,3.61,3.6186,3.6,3.605,346117.971949,1250420.3972601523
1789052880000,2026-09-10T15:08:00Z,3.61,3.61,3.6,3.6098,35469.305145,127866.845047725
1789052940000,2026-09-10T15:09:00Z,3.61,3.61,3.6,3.6,95313.75665,343606.09272325
1789053000000,2026-09-10T15:10:00Z,3.605,3.61,3.6,3.6073,65575.287871,236398.912774955
1789053060000,2026-09-10T15:11:00Z,3.605,3.61,3.6,3.61,29635.453112,106835.80846876
1789053120000,2026-09-10T15:12:00Z,3.605,3.61,3.6,3.6078,57602.554785,207657.209999925
1789053180000,2026-09-10T15:13:00Z,3.605,3.62,3.605,3.615,158353.796207,571324.6613352353
1789053240000,2026-09-10T15:14:00Z,3.618,3.62,3.61,3.615,34505.043269,124735.731417435
1789053300000,2026-09-10T15:15:00Z,3.615,3.62,3.61,3.61,42593.339774,153974.92328301
1789053360000,2026-09-10T15:16:00Z,3.6101,3.62,3.61,3.615,51098.40463,184720.73273745
1789053420000,2026-09-10T15:17:00Z,3.62,3.62,3.61,3.61,25974,93896.01
1789053480000,2026-09-10T15:18:00Z,3.62,3.62,3.61,3.62,54956.499082,198667.74418143
1789053540000,2026-09-10T15:19:00Z,3.6101,3.62,3.61,3.62,27574,99680.01
1789053600000,2026-09-10T15:20:00Z,3.6137,3.62,3.61,3.615,31157,112651.524
1789053660000,2026-09-10T15:21:00Z,3.6167,3.62,3.61,3.615,32344.152908,116924.11276242
1789053720000,2026-09-10T15:22:00Z,3.62,3.62,3.61,3.61,34576.509691,124994.082532965
1789053780000,2026-09-10T15:23:00Z,3.6101,3.62,3.61,3.6101,20888.067805,75510.365115075
1789053840000,2026-09-10T15:24:00Z,3.612,3.62,3.61,3.6171,16078.811454,58124.90340621
1789053900000,2026-09-10T15:25:00Z,3.62,3.62,3.61,3.615,28480.094089,102955.540131735
1789053960000,2026-09-10T15:26:00Z,3.615,3.62,3.61,3.617,26651.037578,96343.50084447
1789054020000,2026-09-10T15:27:00Z,3.6127,3.62,3.61,3.615,53277.036535,192596.487074025
1789054080000,2026-09-10T15:28:00Z,3.62,3.62,3.61,3.615,24172.55325,87383.77999875
1789054140000,2026-09-10T15:29:00Z,3.61,3.62,3.61,3.617,12360,44681.4
1789054200000,2026-09-10T15:30:00Z,3.61,3.62,3.61,3.61,38193.236107,138068.548526805
1789054260000,2026-09-10T15:31:00Z,3.6123,3.62,3.61,3.615,13043.704732,47152.99260618
1789054320000,2026-09-10T15:32:00Z,3.615,3.62,3.6125,3.615,94706.570169,342364.251160935
1789054380000,2026-09-10T15:33:00Z,3.615,3.62,3.61,3.615,42942.265979,155236.291514085
1789054440000,2026-09-10T15:34:00Z,3.617,3.62,3.61,3.615,46858.110975,169392.071174625
1789054500000,2026-09-10T15:35:00Z,3.615,3.62,3.61,3.62,55100.575448,199188.58024452
1789054560000,2026-09-10T15:36:00Z,3.615,3.62,3.61,3.6127,78911.956019,285266.721008685
1789054620000,2026-09-10T15:37:00Z,3.6176,3.62,3.61,3.6181,25197.163262,91087.74519213
1789054680000,2026-09-10T15:38:00Z,3.615,3.62,3.61,3.6184,271929.962257,983026.813559055
1789054740000,2026-09-10T15:39:00Z,3.615,3.62,3.61,3.6125,430842.028986,1557493.93478439
1789054800000,2026-09-10T15:40:00Z,3.61,3.62,3.61,3.62,31324.581024,113238.36040176
1789054860000,2026-09-10T15:41:00Z,3.615,3.63,3.61,3.625,219933.860755,795610.7412812125
1789054920000,2026-09-10T15:42:00Z,3.625,3.63,3.62,3.625,63338.025619,229600.342868875
1789054980000,2026-09-10T15:43:00Z,3.6201,3.63,3.6201,3.625,9118.275318,33053.74802775
1789055040000,2026-09-10T15:44:00Z,3.625,3.63,3.62,3.6297,22182.537471,80411.698332375
1789055100000,2026-09-10T15:45:00Z,3.62,3.63,3.62,3.63,13501,48941.125
1789055160000,2026-09-10T15:46:00Z,3.6221,3.63,3.62,3.62,21292.291955,77184.558336875
1789055220000,2026-09-10T15:47:00Z,3.6223,3.63,3.62,3.625,37402.572947,135584.326932875
1789055280000,2026-09-10T15:48:00Z,3.63,3.63,3.61,3.61,124305.578093,450321.8177575111
1789055340000,2026-09-10T15:49:00Z,3.6124,3.62,3.61,3.6173,102788.272465,371579.604960975
1789055400000,2026-09-10T15:50:00Z,3.6101,3.62,3.61,3.6173,24605.997286,88950.68018889
1789055460000,2026-09-10T15:51:00Z,3.61,3.62,3.61,3.6186,31143.251487,112582.854125505
1789055520000,2026-09-10T15:52:00Z,3.62,3.62,3.61,3.61,145060.721902,524394.50967573
1789055580000,2026-09-10T15:53:00Z,3.61,3.62,3.61,3.615,17679.789449,63912.438858135
1789055640000,2026-09-10T15:54:00Z,3.61,3.62,3.61,3.61,62919.90922,227455.4718303
1789055700000,2026-09-10T15:55:00Z,3.62,3.62,3.61,3.6129,31600.701657,114236.536490055
1789055760000,2026-09-10T15:56:00Z,3.615,3.62,3.61,3.615,34744.326712,125600.74106388
1789055820000,2026-09-10T15:57:00Z,3.61,3.62,3.61,3.617,19018.147885,68750.604604275
1789055880000,2026-09-10T15:58:00Z,3.62,3.62,3.61,3.615,17608.173092,63653.54572758
1789055940000,2026-09-10T15:59:00Z,3.6166,3.62,3.61,3.62,34853.06402,125993.8264323
1789056000000,2026-09-10T16:00:00Z,3.615,3.62,3.61,3.6131,37673.274066,136188.88574859
1789056060000,2026-09-10T16:01:00Z,3.615,3.62,3.605,3.61,254815.651808,920725.3946778464
1789056120000,2026-09-10T16:02:00Z,3.6099,3.62,3.6,3.615,191696.561562,691794.5513649456
1789056180000,2026-09-10T16:03:00Z,3.6199,3.62,3.61,3.6167,13808.648002,49918.26252723
1789056240000,2026-09-10T16:04:00Z,3.6168,3.62,3.61,3.6167,23791.55248,86006.4622152
1789056300000,2026-09-10T16:05:00Z,3.615,3.63,3.61,3.6271,303627.886451,1098130.9769273317
1789056360000,2026-09-10T16:06:00Z,3.6233,3.63,3.62,3.625,15259.087659,55314.192763875
1789056420000,2026-09-10T16:07:00Z,3.625,3.63,3.62,3.62,16291.033764,59054.9973945
1789056480000,2026-09-10T16:08:00Z,3.63,3.63,3.62,3.625,36108.192489,130892.197772625
1789056540000,2026-09-10T16:09:00Z,3.625,3.63,3.62,3.62,18163,65840.875
1789056600000,2026-09-10T16:10:00Z,3.6224,3.63,3.62,3.625,11063.623283,40105.634400875
1789056660000,2026-09-10T16:11:00Z,3.62,3.63,3.62,3.62,9606.26059,34822.69463875
1789056720000,2026-09-10T16:12:00Z,3.62,3.63,3.62,3.62,22170.252878,80367.16668275
1789056780000,2026-09-10T16:13:00Z,3.62,3.63,3.62,3.62,33359.030484,120926.4855045
1789056840000,2026-09-10T16:14:00Z,3.62,3.63,3.62,3.625,18910.546655,68550.731624375
1789056900000,2026-09-10T16:15:00Z,3.62,3.63,3.62,3.62,21360.739532,77432.6808035
1789056960000,2026-09-10T16:16:00Z,3.625,3.63,3.62,3.62,21801.784673,79031.469439625
1789057020000,2026-09-10T16:17:00Z,3.62,3.63,3.61,3.6199,175517.671844,635970.7321595496
1789057080000,2026-09-10T16:18:00Z,3.615,3.6186,3.61,3.6129,9377.345892,33899.10539958
1789057140000,2026-09-10T16:19:00Z,3.615,3.62,3.61,3.615,88418.21468,319631.8460682
1789057200000,2026-09-10T16:20:00Z,3.615,3.62,3.61,3.618,175970.582283,636133.654953045
1789057260000,2026-09-10T16:21:00Z,3.62,3.63,3.61,3.6228,288388.546412,1042784.1449711508
1789057320000,2026-09-10T16:22:00Z,3.6228,3.63,3.62,3.6271,14503.420426,52569.0976760796
1789057380000,2026-09-10T16:23:00Z,3.63,3.63,3.62,3.6224,17280.5,62641.8125
1789057440000,2026-09-10T16:24:00Z,3.63,3.63,3.62,3.62,8011.838847,29042.915820375
1789057500000,2026-09-10T16:25:00Z,3.6299,3.63,3.62,3.62,22634.430939,82049.812153875
1789057560000,2026-09-10T16:26:00Z,3.62,3.63,3.62,3.62,12406.575763,44973.837140875
1789057620000,2026-09-10T16:27:00Z,3.62,3.63,3.62,3.625,17664.817475,64034.963346875
1789057680000,2026-09-10T16:28:00Z,3.62,3.6273,3.62,3.625,6626,24019.25
1789057740000,2026-09-10T16:29:00Z,3.63,3.63,3.62,3.6272,21232.933037,76969.382259125
1789057800000,2026-09-10T16:30:00Z,3.62,3.63,3.62,3.62,23713.788788,85962.4843565
1789057860000,2026-09-10T16:31:00Z,3.6228,3.63,3.62,3.62,17176.733682,62265.65959725
1789057920000,2026-09-10T16:32:00Z,3.62,3.6299,3.62,3.6201,134737.821515,488424.602991875
1789057980000,2026-09-10T16:33:00Z,3.625,3.63,3.62,3.63,24465.505554,88687.45763325
1789058040000,2026-09-10T16:34:00Z,3.63,3.63,3.62,3.625,152157.551495,551571.124169375
1789058100000,2026-09-10T16:35:00Z,3.62,3.625,3.61,3.615,79007,286210.7582
1789058160000,2026-09-10T16:36:00Z,3.61,3.62,3.61,3.615,8559.361255,30942.090936825
1789058220000,2026-09-10T16:37:00Z,3.6199,3.62,3.61,3.615,60053.887939,217094.804899485
1789058280000,2026-09-10T16:38:00Z,3.615,3.62,3.61,3.61,78344.225923,283214.376711645
1789058340000,2026-09-10T16:39:00Z,3.615,3.62,3.61,3.615,15545.455817,56196.822778455
1789058400000,2026-09-10T16:40:00Z,3.62,3.62,3.61,3.6199,18839.906268,68106.26115882
1789058460000,2026-09-10T16:41:00Z,3.6185,3.62,3.61,3.615,60043.29695,217056.51847425
1789058520000,2026-09-10T16:42:00Z,3.62,3.62,3.61,3.62,24895,89995.425
1789058580000,2026-09-10T16:43:00Z,3.6177,3.62,3.61,3.615,9526.168285,34437.098350275
1789058640000,2026-09-10T16:44:00Z,3.61,3.62,3.61,3.616,24662.165055,89153.726673825
1789058700000,2026-09-10T16:45:00Z,3.615,3.62,3.61,3.62,33465.38,120977.3487
1789058760000,2026-09-10T16:46:00Z,3.62,3.62,3.61,3.62,68467.514198,247510.06382577
1789058820000,2026-09-10T16:47:00Z,3.62,3.62,3.61,3.6181,177718.188199,642451.250339385
1789058880000,2026-09-10T16:48:00Z,3.62,3.62,3.61,3.6183,143638.109034,519251.76415791
1789058940000,2026-09-10T16:49:00Z,3.615,3.62,3.61,3.6177,34015.244139,122965.107562485
1789059000000,2026-09-10T16:50:00Z,3.615,3.62,3.61,3.61,37551.291649,135747.919311135
1789059060000,2026-09-10T16:51:00Z,3.62,3.62,3.61,3.61,11637.7126,42070.331049
1789059120000,2026-09-10T16:52:00Z,3.6175,3.62,3.61,3.615,17069.541989,61706.394290235
1789059180000,2026-09-10T16:53:00Z,3.6172,3.62,3.61,3.6199,9673.271245,34968.875550675
1789059240000,2026-09-10T16:54:00Z,3.62,3.62,3.61,3.615,133734.381215,483449.788092225
1789059300000,2026-09-10T16:55:00Z,3.61,3.62,3.61,3.62,35211.466113,127289.449998495
1789059360000,2026-09-10T16:56:00Z,3.61,3.62,3.61,3.6101,10707.148293,38706.341079195
1789059420000,2026-09-10T16:57:00Z,3.615,3.62,3.61,3.618,9197.4037,33248.6143755
1789059480000,2026-09-10T16:58:00Z,3.61,3.62,3.61,3.6152,9288,33601.4006
1789059540000,2026-09-10T16:59:00Z,3.615,3.62,3.61,3.615,66543.624392,240555.20217708
1789059600000,2026-09-10T17:00:00Z,3.6126,3.62,3.61,3.6101,60141.262517,217410.663998955
1789059660000,2026-09-10T17:01:00Z,3.615,3.62,3.61,3.61,51566.10306,186411.4625619
1789059720000,2026-09-10T17:02:00Z,3.615,3.62,3.61,3.61,63428.29,229293.26835
1789059780000,2026-09-10T17:03:00Z,3.62,3.62,3.61,3.615,52936.30237,191364.73306755
1789059840000,2026-09-10T17:04:00Z,3.61,3.62,3.61,3.61,39364.734859,142303.516515285
1789059900000,2026-09-10T17:05:00Z,3.62,3.62,3.61,3.61,114371.76418,413453.9275107
1789059960000,2026-09-10T17:06:00Z,3.615,3.62,3.61,3.61,161423.819108,583547.10607542
1789060020000,2026-09-10T17:07:00Z,3.612,3.615,3.61,3.615,8213.801249,29692.891515135
1789060080000,2026-09-10T17:08:00Z,3.615,3.62,3.61,3.61,24912,90056.88
1789060140000,2026-09-10T17:09:00Z,3.61,3.6177,3.61,3.61,16318.05624,58989.7733076
1789060200000,2026-09-10T17:10:00Z,3.6199,3.62,3.61,3.61,11867.369396,42900.54036654
1789060260000,2026-09-10T17:11:00Z,3.617,3.6188,3.61,3.61,9305.691326,33640.07414349
1789060320000,2026-09-10T17:12:00Z,3.62,3.62,3.61,3.615,71359.911607,257966.080459305
1789060380000,2026-09-10T17:13:00Z,3.615,3.62,3.61,3.615,18388.671852,66475.04874498
1789060440000,2026-09-10T17:14:00Z,3.6162,3.6199,3.61,3.6186,16069.382911,58090.819223265
1789060500000,2026-09-10T17:15:00Z,3.61,3.62,3.61,3.6101,14453.85311,52250.67899265
1789060560000,2026-09-10T17:16:00Z,3.61,3.62,3.61,3.6199,18105.845729,65452.632310335
1789060620000,2026-09-10T17:17:00Z,3.61,3.6186,3.61,3.6186,188828.634631,682615.514191065
1789060680000,2026-09-10T17:18:00Z,3.615,3.62,3.61,3.61,15194.639359,54928.621282785
1789060740000,2026-09-10T17:19:00Z,3.61,3.6199,3.61,3.61,13517.851056,48867.03156744
1789060800000,2026-09-10T17:20:00Z,3.61,3.6199,3.61,3.61,20606,74490.69
1789060860000,2026-09-10T17:21:00Z,3.62,3.62,3.61,3.61,17030.080033,61563.739319295
1789060920000,2026-09-10T17:22:00Z,3.61,3.62,3.61,3.61,49004.526337,177151.362708255
1789060980000,2026-09-10T17:23:00Z,3.6138,3.62,3.61,3.61,18466.180964,66755.24418486
1789061040000,2026-09-10T17:24:00Z,3.615,3.62,3.61,3.62,31450.51852,113693.6244498
1789061100000,2026-09-10T17:25:00Z,3.61,3.6159,3.61,3.61,11805.831258,42678.07999767
1789061160000,2026-09-10T17:26:00Z,3.6199,3.6199,3.61,3.6116,13366,48318.09
1789061220000,2026-09-10T17:27:00Z,3.6101,3.62,3.61,3.615,33934,122671.41
1789061280000,2026-09-10T17:28:00Z,3.61,3.6199,3.61,3.61,34835.273352,125929.51316748
1789061340000,2026-09-10T17:29:00Z,3.6199,3.62,3.61,3.61,11613.426,41982.53499
1789061400000,2026-09-10T17:30:00Z,3.61,3.62,3.61,3.62,16239.962415,58707.464130225
1789061460000,2026-09-10T17:31:00Z,3.6186,3.62,3.61,3.61,6784.91528,24527.4687372
1789061520000,2026-09-10T17:32:00Z,3.61,3.62,3.61,3.61,16357.702882,59133.09591843
1789061580000,2026-09-10T17:33:00Z,3.62,3.62,3.61,3.6173,24043.916254,86918.75725821
1789061640000,2026-09-10T17:34:00Z,3.62,3.62,3.61,3.61,28125.221694,101672.67642381
1789061700000,2026-09-10T17:35:00Z,3.61,3.62,3.61,3.615,56983.29197,205994.60047155
1789061760000,2026-09-10T17:36:00Z,3.615,3.62,3.61,3.615,15304.4363,55325.5372245
1789061820000,2026-09-10T17:37:00Z,3.615,3.62,3.61,3.61,13948.152251,50422.570387365
1789061880000,2026-09-10T17:38:00Z,3.615,3.62,3.61,3.615,54007.347913,195236.562705495
1789061940000,2026-09-10T17:39:00Z,3.61,3.62,3.61,3.6158,43102.421629,155815.254188835
1789062000000,2026-09-10T17:40:00Z,3.61,3.62,3.61,3.61,19300.433846,69771.06835329
1789062060000,2026-09-10T17:41:00Z,3.61,3.62,3.61,3.6115,17965.848724,64946.54313726
1789062120000,2026-09-10T17:42:00Z,3.6152,3.62,3.61,3.62,26987.90514,97561.2770811
1789062180000,2026-09-10T17:43:00Z,3.62,3.62,3.61,3.615,22396.136478,80962.03336797
1789062240000,2026-09-10T17:44:00Z,3.615,3.62,3.61,3.62,14449.046656,52233.30366144
1789062300000,2026-09-10T17:45:00Z,3.615,3.62,3.61,3.615,10878.59344,39326.1152856
1789062360000,2026-09-10T17:46:00Z,3.62,3.62,3.61,3.61,34969.40551,126414.40091865
1789062420000,2026-09-10T17:47:00Z,3.615,3.62,3.61,3.615,6279.433825,22700.153277375
1789062480000,2026-09-10T17:48:00Z,3.61,3.62,3.61,3.615,17832.740757,64465.357836555
1789062540000,2026-09-10T17:49:00Z,3.615,3.615,3.61,3.615,30126.042769,108905.644609935
1789062600000,2026-09-10T17:50:00Z,3.615,3.62,3.61,3.61,14276.892443,51610.966181445
1789062660000,2026-09-10T17:51:00Z,3.615,3.62,3.61,3.615,20971.155052,75810.72551298
1789062720000,2026-09-10T17:52:00Z,3.615,3.62,3.61,3.615,35589.969789,128657.740787235
1789062780000,2026-09-10T17:53:00Z,3.61,3.615,3.61,3.615,4569.424619,16518.469997685
1789062840000,2026-09-10T17:54:00Z,3.615,3.6199,3.61,3.61,240720.829623,870205.799087145
1789062900000,2026-09-10T17:55:00Z,3.615,3.62,3.61,3.615,55580.63357,200923.99035555
1789062960000,2026-09-10T17:56:00Z,3.6122,3.62,3.61,3.6161,54854.44,198298.8006
1789063020000,2026-09-10T17:57:00Z,3.6121,3.62,3.61,3.61,35748.917181,129232.335609315
1789063080000,2026-09-10T17:58:00Z,3.61,3.6199,3.61,3.61,23243.496188,84025.23871962
1789063140000,2026-09-10T17:59:00Z,3.61,3.62,3.61,3.6101,46127.728071,166751.736976665
1789063200000,2026-09-10T18:00:00Z,3.61,3.62,3.61,3.615,20886.389017,75504.296296455
1789063260000,2026-09-10T18:01:00Z,3.61,3.62,3.61,3.611,74374.111485,268862.413018275
1789063320000,2026-09-10T18:02:00Z,3.611,3.62,3.61,3.6186,90712.632016,327926.16473784
1789063380000,2026-09-10T18:03:00Z,3.6112,3.62,3.61,3.6113,57594.976415,208205.839740225
1789063440000,2026-09-10T18:04:00Z,3.6101,3.62,3.6,3.605,140997.76418,509114.726901144
1789063500000,2026-09-10T18:05:00Z,3.61,3.61,3.6,3.605,107038.7735,385874.7784675
1789063560000,2026-09-10T18:06:00Z,3.61,3.61,3.6,3.61,16557.99,59691.55395
1789063620000,2026-09-10T18:07:00Z,3.605,3.61,3.6,3.605,36748.653112,132478.89446876
1789063680000,2026-09-10T18:08:00Z,3.6,3.61,3.6,3.605,50057.319711,180456.637558155
1789063740000,2026-09-10T18:09:00Z,3.6097,3.61,3.6,3.6069,15704.952631,56616.354234755
1789063800000,2026-09-10T18:10:00Z,3.6,3.61,3.6,3.605,40730,146831.65
1789063860000,2026-09-10T18:11:00Z,3.605,3.61,3.6,3.6,22716.678906,81893.62745613
1789063920000,2026-09-10T18:12:00Z,3.605,3.61,3.6,3.6085,16339.294022,58903.15494931
1789063980000,2026-09-10T18:13:00Z,3.6,3.6099,3.6,3.605,45215.21747,163000.85897935
1789064040000,2026-09-10T18:14:00Z,3.61,3.61,3.6,3.6,20470.752542,73797.06291391
1789064100000,2026-09-10T18:15:00Z,3.61,3.61,3.6,3.6,14467.590974,52155.66546127
1789064160000,2026-09-10T18:16:00Z,3.6086,3.61,3.6,3.6,54425.135481,196202.613409005
1789064220000,2026-09-10T18:17:00Z,3.61,3.61,3.6,3.6,13739.530833,49531.008652965
1789064280000,2026-09-10T18:18:00Z,3.61,3.61,3.6,3.6,12247.77184,44153.2174832
1789064340000,2026-09-10T18:19:00Z,3.605,3.606,3.6,3.6,64683.3,233183.2965
1789064400000,2026-09-10T18:20:00Z,3.6036,3.61,3.6,3.61,15616.557889,56297.691189845
1789064460000,2026-09-10T18:21:00Z,3.6023,3.61,3.6,3.605,27197.903919,98048.443627995
1789064520000,2026-09-10T18:22:00Z,3.61,3.61,3.6,3.6,27099.941747,97695.289997935
1789064580000,2026-09-10T18:23:00Z,3.6,3.61,3.6,3.605,35353.183589,127448.226838345
1789064640000,2026-09-10T18:24:00Z,3.605,3.61,3.6,3.6,52813.520852,190392.74267146
1789064700000,2026-09-10T18:25:00Z,3.61,3.61,3.6,3.605,20554.22,74097.9631
1789064760000,2026-09-10T18:26:00Z,3.6,3.61,3.6,3.6,21440.27441,77292.18924805
1789064820000,2026-09-10T18:27:00Z,3.605,3.61,3.6,3.6099,20011.55,72141.63775
1789064880000,2026-09-10T18:28:00Z,3.605,3.61,3.6,3.605,35008,126324.88
1789064940000,2026-09-10T18:29:00Z,3.6,3.605,3.6,3.605,16680.913369,60134.692695245
1789065000000,2026-09-10T18:30:00Z,3.605,3.61,3.6,3.6047,22367.114251,80633.446874855
1789065060000,2026-09-10T18:31:00Z,3.6099,3.61,3.6,3.6,21743.243078,78384.39129619
1789065120000,2026-09-10T18:32:00Z,3.61,3.61,3.6,3.6,19180.870074,69147.03661677
1789065180000,2026-09-10T18:33:00Z,3.605,3.61,3.6,3.605,26728.81042,96357.3615641
1789065240000,2026-09-10T18:34:00Z,3.605,3.61,3.6,3.6,12635.081453,45549.468638065
1789065300000,2026-09-10T18:35:00Z,3.6,3.61,3.6,3.605,20402.277392,73550.20999816
1789065360000,2026-09-10T18:36:00Z,3.6,3.61,3.6,3.6067,19939.21324,71880.8637302
1789065420000,2026-09-10T18:37:00Z,3.6,3.61,3.6,3.6059,19690.940281,70985.839713005
1789065480000,2026-09-10T18:38:00Z,3.61,3.61,3.6,3.6,9277.759524,33446.32308402
1789065540000,2026-09-10T18:39:00Z,3.605,3.605,3.59,3.595,613521.079408,2210209.68856732
1789065600000,2026-09-10T18:40:00Z,3.595,3.6,3.59,3.595,51592.481033,185474.969313635
1789065660000,2026-09-10T18:41:00Z,3.595,3.6,3.59,3.595,61385.708846,220681.62330137
1789065720000,2026-09-10T18:42:00Z,3.59,3.6,3.59,3.59,53154.389429,191090.029997255
1789065780000,2026-09-10T18:43:00Z,3.595,3.61,3.59,3.605,703476.159376,2530403.745275472
1789065840000,2026-09-10T18:44:00Z,3.605,3.61,3.6,3.605,38657.75379,139349.605086813
1789065900000,2026-09-10T18:45:00Z,3.6,3.61,3.6,3.6015,46508.692361,167663.835961405
1789065960000,2026-09-10T18:46:00Z,3.6014,3.61,3.6,3.61,15129.578998,54542.13228779
1789066020000,2026-09-10T18:47:00Z,3.605,3.61,3.6,3.61,11360.967166,40956.28663343
1789066080000,2026-09-10T18:48:00Z,3.6,3.6099,3.6,3.605,70409.351233,253825.711194965
1789066140000,2026-09-10T18:49:00Z,3.6,3.6099,3.6,3.6,95859.292607,345572.749848235
1789066200000,2026-09-10T18:50:00Z,3.605,3.605,3.59,3.595,299599.447881,1078977.4515986334
1789066260000,2026-09-10T18:51:00Z,3.6,3.6099,3.59,3.605,349016.338213,1255237.2603830545
1789066320000,2026-09-10T18:52:00Z,3.605,3.61,3.6,3.605,10441.49149,37641.57682145
1789066380000,2026-09-10T18:53:00Z,3.61,3.61,3.6,3.6,29461.931323,106210.262419415
1789066440000,2026-09-10T18:54:00Z,3.605,3.6099,3.6,3.605,69533.144991,250666.987692555
1789066500000,2026-09-10T18:55:00Z,3.6,3.61,3.6,3.6001,94574.385041,340940.658072805
1789066560000,2026-09-10T18:56:00Z,3.605,3.61,3.6,3.6083,16657.939742,60051.87276991
1789066620000,2026-09-10T18:57:00Z,3.605,3.61,3.6,3.605,26920.102853,97046.970785065
1789066680000,2026-09-10T18:58:00Z,3.6024,3.61,3.6,3.6,6291,22679.055
1789066740000,2026-09-10T18:59:00Z,3.6,3.61,3.6,3.6,16388.456196,59080.38458658
1789066800000,2026-09-10T19:00:00Z,3.61,3.61,3.6,3.605,18431,66443.755
1789066860000,2026-09-10T19:01:00Z,3.6,3.61,3.6,3.605,103021.730825,371393.339624125
1789066920000,2026-09-10T19:02:00Z,3.6023,3.6058,3.6,3.6,82767.758975,298377.771104875
1789066980000,2026-09-10T19:03:00Z,3.6,3.605,3.6,3.605,107831.33966,388731.9794743
1789067040000,2026-09-10T19:04:00Z,3.6,3.608,3.59,3.5999,130142.331265,468980.904946554
1789067100000,2026-09-10T19:05:00Z,3.595,3.6,3.59,3.595,37809.926489,135941.8096985506
1789067160000,2026-09-10T19:06:00Z,3.595,3.5998,3.59,3.595,139881,502246.6026
1789067220000,2026-09-10T19:07:00Z,3.595,3.6,3.59,3.5901,48190.346505,173244.295685475
1789067280000,2026-09-10T19:08:00Z,3.59,3.6,3.59,3.5966,79280.157761,285012.167150795
1789067340000,2026-09-10T19:09:00Z,3.59,3.6,3.59,3.59,41295.867465,148458.643536675
1789067400000,2026-09-10T19:10:00Z,3.59,3.6,3.59,3.59,33687.338706,121105.98264807
1789067460000,2026-09-10T19:11:00Z,3.6,3.6,3.59,3.5999,82814.213372,297717.09707234
1789067520000,2026-09-10T19:12:00Z,3.595,3.6,3.59,3.59,21119.122346,75923.24483387
1789067580000,2026-09-10T19:13:00Z,3.59,3.6,3.59,3.5944,12250.4738,44040.453311
1789067640000,2026-09-10T19:14:00Z,3.6,3.6,3.59,3.6,14787.118589,53159.691327455
1789067700000,2026-09-10T19:15:00Z,3.595,3.6,3.59,3.6,30157.182287,108415.070321765
1789067760000,2026-09-10T19:16:00Z,3.5943,3.6,3.59,3.5965,37812,135934.14
1789067820000,2026-09-10T19:17:00Z,3.6,3.6,3.59,3.595,34920.82005,125540.34807975
1789067880000,2026-09-10T19:18:00Z,3.6,3.6,3.59,3.59,35675.410297,128253.100017715
1789067940000,2026-09-10T19:19:00Z,3.595,3.6,3.59,3.595,46554,167361.63
1789068000000,2026-09-10T19:20:00Z,3.595,3.6,3.59,3.59,59047.553,212275.953035
1789068060000,2026-09-10T19:21:00Z,3.6,3.6,3.59,3.595,79563.584133,286031.084958135
1789068120000,2026-09-10T19:22:00Z,3.59,3.6,3.59,3.59,78375.806733,281761.025205135
1789068180000,2026-09-10T19:23:00Z,3.6,3.6,3.59,3.6,36753.560073,132129.048462435
1789068240000,2026-09-10T19:24:00Z,3.6,3.6,3.59,3.595,22983.074643,82624.153341585
1789068300000,2026-09-10T19:25:00Z,3.6,3.6,3.59,3.6,29156.027886,104815.92025017
1789068360000,2026-09-10T19:26:00Z,3.595,3.6,3.59,3.59,21509.688888,77327.33155236
1789068420000,2026-09-10T19:27:00Z,3.6,3.6,3.59,3.599,478379.434502,1719774.06703469
1789068480000,2026-09-10T19:28:00Z,3.6,3.6,3.59,3.6,142774.163961,513273.119439795
1789068540000,2026-09-10T19:29:00Z,3.5986,3.6,3.59,3.5946,20167.605786,72502.54280067
1789068600000,2026-09-10T19:30:00Z,3.6,3.6,3.59,3.6,94336.293013,339138.973381735
1789068660000,2026-09-10T19:31:00Z,3.6,3.6,3.59,3.595,56038.462812,201458.27380914
1789068720000,2026-09-10T19:32:00Z,3.6,3.6,3.59,3.6,32765.903071,117793.421540245
1789068780000,2026-09-10T19:33:00Z,3.6,3.6,3.59,3.59,64365.874805,231395.319923975
1789068840000,2026-09-10T19:34:00Z,3.595,3.6,3.59,3.6,28685.22531,103123.38498945
1789068900000,2026-09-10T19:35:00Z,3.6,3.6,3.59,3.59,62306.979547,223993.591471465
1789068960000,2026-09-10T19:36:00Z,3.595,3.6,3.59,3.59,32233.075183,115877.905282885
1789069020000,2026-09-10T19:37:00Z,3.5963,3.6,3.59,3.595,29226.535707,105069.395866665
1789069080000,2026-09-10T19:38:00Z,3.595,3.6,3.59,3.595,65851.390356,236735.74832982
1789069140000,2026-09-10T19:39:00Z,3.59,3.6,3.59,3.595,110649.93225,397786.50643875
1789069200000,2026-09-10T19:40:00Z,3.595,3.6,3.59,3.59,500558.099716,1799506.36847902
1789069260000,2026-09-10T19:41:00Z,3.59,3.6,3.59,3.595,76475.683333,274930.081582135
1789069320000,2026-09-10T19:42:00Z,3.595,3.6,3.59,3.59,41475.316766,149103.76377377
1789069380000,2026-09-10T19:43:00Z,3.59,3.6,3.59,3.59,155652.808628,559571.84701766
1789069440000,2026-09-10T19:44:00Z,3.59,3.6,3.59,3.59,62688.781004,225366.16770938
1789069500000,2026-09-10T19:45:00Z,3.59,3.6,3.59,3.595,151104.559508,543220.89143126
1789069560000,2026-09-10T19:46:00Z,3.595,3.6,3.59,3.59,132659.221765,476909.902245175
1789069620000,2026-09-10T19:47:00Z,3.59,3.6,3.59,3.59,186926.275422,671999.96014209
1789069680000,2026-09-10T19:48:00Z,3.5985,3.6,3.59,3.59,134750.730936,484428.87771492
1789069740000,2026-09-10T19:49:00Z,3.5938,3.6,3.59,3.595,656026.467831,2358415.151852445
1789069800000,2026-09-10T19:50:00Z,3.59,3.6,3.59,3.59,93726,336732.567
1789069860000,2026-09-10T19:51:00Z,3.595,3.6,3.59,3.595,90134.751722,324034.43244059
1789069920000,2026-09-10T19:52:00Z,3.59,3.6,3.59,3.5935,125138.88977,449874.30872315
1789069980000,2026-09-10T19:53:00Z,3.595,3.6,3.59,3.595,85780.489841,308380.860978395
1789070040000,2026-09-10T19:54:00Z,3.59,3.6,3.59,3.5901,67333.21974,242062.9249653
1789070100000,2026-09-10T19:55:00Z,3.595,3.6,3.59,3.595,129896.813744,466979.04540968
1789070160000,2026-09-10T19:56:00Z,3.59,3.6,3.59,3.5901,248764.160332,894307.15639354
1789070220000,2026-09-10T19:57:00Z,3.5923,3.595,3.58,3.585,544793.787154,1956082.092776437
1789070280000,2026-09-10T19:58:00Z,3.59,3.59,3.58,3.58,555486.239222,1991418.16761087
1789070340000,2026-09-10T19:59:00Z,3.585,3.59,3.57,3.58,884448.928466,3170130.2943006838
1789070400000,2026-09-10T20:00:00Z,3.58,3.59,3.5794,3.5894,2040170.885999,7300955.5326360214
1789070460000,2026-09-10T20:01:00Z,3.5894,3.59,3.5894,3.59,26301.986624,94292.62204704
1789070520000,2026-09-10T20:02:00Z,3.5803,3.59,3.5803,3.5898,8814.003287,31598.201783895
1789070580000,2026-09-10T20:03:00Z,3.58,3.5801,3.58,3.5801,27444,98386.74
1789070640000,2026-09-10T20:04:00Z,3.5801,3.59,3.58,3.5894,7242.98337,25966.09538145
1789070700000,2026-09-10T20:05:00Z,3.5897,3.5899,3.5749,3.5749,16813.112323,60219.5244072891
1789070760000,2026-09-10T20:06:00Z,3.58,3.58,3.57,3.57,10607.799016,37949.40097974
1789070820000,2026-09-10T20:07:00Z,3.5799,3.58,3.5701,3.5701,48105,171975.375
1789070880000,2026-09-10T20:08:00Z,3.58,3.58,3.5703,3.58,17958,64199.85
1789070940000,2026-09-10T20:09:00Z,3.5794,3.5794,3.5785,3.5794,11165.365703,39916.182388225
1789071000000,2026-09-10T20:10:00Z,3.58,3.58,3.58,3.58,15352.157934,54883.96461405
1789071060000,2026-09-10T20:11:00Z,3.5703,3.58,3.57,3.58,162765,581884.875
1789071120000,2026-09-10T20:12:00Z,3.58,3.58,3.57,3.58,244101,872661.075
1789071180000,2026-09-10T20:13:00Z,3.58,3.58,3.5701,3.5706,20316.87,72632.81025
1789071240000,2026-09-10T20:14:00Z,3.58,3.58,3.58,3.58,29351,104929.825
1789071300000,2026-09-10T20:15:00Z,3.58,3.58,3.57,3.57,19972.2501,71400.7941075
1789071360000,2026-09-10T20:16:00Z,3.5794,3.5799,3.5794,3.5799,2,7.1593
1789071420000,2026-09-10T20:17:00Z,3.58,3.58,3.5794,3.5794,27421,98030.075
1789071540000,2026-09-10T20:19:00Z,3.58,3.58,3.5794,3.58,24813,88706.475
1789071600000,2026-09-10T20:20:00Z,3.58,3.58,3.58,3.58,18076,64621.7
1789071660000,2026-09-10T20:21:00Z,3.58,3.58,3.58,3.58,25090,89696.75
1789071720000,2026-09-10T20:22:00Z,3.58,3.58,3.58,3.58,22859,81720.925
1789071780000,2026-09-10T20:23:00Z,3.5793,3.58,3.5793,3.58,19506.312053,69735.065589475
1789071840000,2026-09-10T20:24:00Z,3.58,3.58,3.5797,3.5797,35,125.297
1789071960000,2026-09-10T20:26:00Z,3.58,3.58,3.58,3.58,34682,123988.15
1789072020000,2026-09-10T20:27:00Z,3.5794,3.58,3.57,3.58,38182.750232,136503.3320794
1789072080000,2026-09-10T20:28:00Z,3.5794,3.58,3.5794,3.58,39143,139936.225
1789072140000,2026-09-10T20:29:00Z,3.57,3.58,3.57,3.57,28048,100271.6
1789072260000,2026-09-10T20:31:00Z,3.5706,3.58,3.5706,3.58,32956.096262,117818.04413665
1789072320000,2026-09-10T20:32:00Z,3.58,3.58,3.58,3.58,29005,103692.875
1789072380000,2026-09-10T20:33:00Z,3.5794,3.58,3.5794,3.58,26553.968821,94930.438535075
1789072440000,2026-09-10T20:34:00Z,3.58,3.58,3.5798,3.58,29590,105784.25
1789072500000,2026-09-10T20:35:00Z,3.58,3.58,3.575,3.58,33793,120809.975
1789072560000,2026-09-10T20:36:00Z,3.58,3.58,3.5794,3.5794,28314,101222.55
1789072620000,2026-09-10T20:37:00Z,3.58,3.58,3.579,3.5797,22129,79111.175
1789072680000,2026-09-10T20:38:00Z,3.5794,3.58,3.57,3.58,25646,91684.45
1789072740000,2026-09-10T20:39:00Z,3.58,3.58,3.57,3.5794,153,547.5602
1789072800000,2026-09-10T20:40:00Z,3.58,3.58,3.5706,3.5706,25679,91802.425
1789072860000,2026-09-10T20:41:00Z,3.58,3.58,3.5794,3.5794,30052.165342,107436.49109765
1789072920000,2026-09-10T20:42:00Z,3.5794,3.58,3.5701,3.58,102720.98441,367227.51926575
1789072980000,2026-09-10T20:43:00Z,3.5899,3.59,3.5894,3.59,29288,104971.1208
1789073040000,2026-09-10T20:44:00Z,3.59,3.59,3.59,3.59,22967,82336.695
1789073100000,2026-09-10T20:45:00Z,3.58,3.58,3.58,3.58,1,3.58
1789073160000,2026-09-10T20:46:00Z,3.58,3.58,3.58,3.58,7216,25869.36
1789073220000,2026-09-10T20:47:00Z,3.59,3.59,3.5706,3.5794,14070.256963,50377.1480303252
1789073340000,2026-09-10T20:49:00Z,3.58,3.58,3.58,3.58,4,14.32
1789073400000,2026-09-10T20:50:00Z,3.5794,3.58,3.575,3.58,2046,7314.45
1789073460000,2026-09-10T20:51:00Z,3.5706,3.58,3.5706,3.58,3782.011127,13520.689779025
1789073520000,2026-09-10T20:52:00Z,3.58,3.58,3.5797,3.58,3365,12029.875
1789073580000,2026-09-10T20:53:00Z,3.58,3.58,3.5793,3.5793,11,39.3793
1789073700000,2026-09-10T20:55:00Z,3.58,3.58,3.58,3.58,5840,20900.776
1789073760000,2026-09-10T20:56:00Z,3.58,3.58,3.5794,3.5794,538,1924.5336
1789073820000,2026-09-10T20:57:00Z,3.575,3.58,3.5706,3.58,3261,11669.8146
1789073880000,2026-09-10T20:58:00Z,3.5706,3.58,3.5706,3.58,246.015486,880.73543988
1789073940000,2026-09-10T20:59:00Z,3.58,3.58,3.5799,3.5799,4277,15311.66
1789074000000,2026-09-10T21:00:00Z,3.58,3.5897,3.58,3.58,1187,4250.647
1789074060000,2026-09-10T21:01:00Z,3.5893,3.59,3.5893,3.59,11598.999409,41582.412881265
1789074120000,2026-09-10T21:02:00Z,3.58,3.59,3.58,3.59,277,993.045
1789074180000,2026-09-10T21:03:00Z,3.5892,3.5899,3.5892,3.5899,388.611859,1393.173514515
1789074240000,2026-09-10T21:04:00Z,3.5894,3.59,3.5894,3.59,3324.859809,11919.622415265
1789074300000,2026-09-10T21:05:00Z,3.58,3.58,3.5793,3.5793,84397.691528,302548.8445895744
1789074360000,2026-09-10T21:06:00Z,3.58,3.58,3.5794,3.5794,10710,38319.309
1789074420000,2026-09-10T21:07:00Z,3.5794,3.5897,3.5794,3.5897,19640,70309.236
1789074480000,2026-09-10T21:08:00Z,3.59,3.59,3.59,3.59,11,39.3844
1789074540000,2026-09-10T21:09:00Z,3.59,3.59,3.59,3.59,42,150.78
1789074600000,2026-09-10T21:10:00Z,3.5894,3.59,3.5894,3.5894,8534,30594.39
1789074660000,2026-09-10T21:11:00Z,3.59,3.59,3.5894,3.5894,95,340.575
1789074720000,2026-09-10T21:12:00Z,3.5803,3.59,3.5803,3.59,21567,77317.695
1789074780000,2026-09-10T21:13:00Z,3.5899,3.59,3.5894,3.5894,9553.859809,34250.587415265
1789074960000,2026-09-10T21:16:00Z,3.5803,3.5803,3.58,3.58,24017,86100.945
1789075020000,2026-09-10T21:17:00Z,3.59,3.59,3.59,3.59,1025,3674.625
1789075140000,2026-09-10T21:19:00Z,3.59,3.59,3.5892,3.5892,5,17.9492
1789075200000,2026-09-10T21:20:00Z,3.59,3.59,3.59,3.59,1075,3853.875
1789075260000,2026-09-10T21:21:00Z,3.5895,3.5895,3.5894,3.5894,55,197.4175
1789075320000,2026-09-10T21:22:00Z,3.59,3.59,3.59,3.59,4,14.36
1789075380000,2026-09-10T21:23:00Z,3.5894,3.5894,3.5894,3.5894,5107,18308.595
1789075440000,2026-09-10T21:24:00Z,3.5894,3.59,3.58,3.5894,73,261.8998
1789075500000,2026-09-10T21:25:00Z,3.58,3.59,3.58,3.59,49,175.7482
1789075560000,2026-09-10T21:26:00Z,3.59,3.59,3.59,3.59,1005,3602.925
1789075620000,2026-09-10T21:27:00Z,3.5892,3.5898,3.5892,3.5898,31,111.2832
1789075680000,2026-09-10T21:28:00Z,3.5802,3.59,3.5802,3.59,41,146.9842
1789075740000,2026-09-10T21:29:00Z,3.58,3.58,3.58,3.58,823,2950.455
1789075800000,2026-09-10T21:30:00Z,3.5894,3.5894,3.5894,3.5894,5,17.947
1789075860000,2026-09-10T21:31:00Z,3.5803,3.5803,3.5803,3.5803,17,60.8651
1789075920000,2026-09-10T21:32:00Z,3.58,3.58,3.58,3.58,14.099329,50.546094465
1789076040000,2026-09-10T21:34:00Z,3.59,3.59,3.59,3.59,2,7.18
1789076100000,2026-09-10T21:35:00Z,3.5894,3.5894,3.5894,3.5894,11500,41227.5
1789076160000,2026-09-10T21:36:00Z,3.59,3.59,3.59,3.59,83,297.97
1789076220000,2026-09-10T21:37:00Z,3.59,3.59,3.59,3.59,20,71.8
1789076280000,2026-09-10T21:38:00Z,3.5894,3.5894,3.5894,3.5894,10,35.894
1789076400000,2026-09-10T21:40:00Z,3.59,3.59,3.59,3.59,52,186.42
1789076520000,2026-09-10T21:42:00Z,3.5894,3.5894,3.5894,3.5894,6.964952,24.96935292
1789076580000,2026-09-10T21:43:00Z,3.59,3.59,3.59,3.59,2059,7381.515
1789076640000,2026-09-10T21:44:00Z,3.59,3.59,3.59,3.59,50,179.5
1789076700000,2026-09-10T21:45:00Z,3.59,3.59,3.59,3.59,1782,6388.47
1789076760000,2026-09-10T21:46:00Z,3.5894,3.5894,3.5894,3.5894,18,64.6092
1789076820000,2026-09-10T21:47:00Z,3.59,3.59,3.58,3.58,65.617977,235.240447545
1789076880000,2026-09-10T21:48:00Z,3.5897,3.59,3.5897,3.59,483,1731.555
1789076940000,2026-09-10T21:49:00Z,3.5897,3.5897,3.58,3.581,104,372.4538
1789077000000,2026-09-10T21:50:00Z,3.58,3.58,3.58,3.58,579,2075.715
1789077060000,2026-09-10T21:51:00Z,3.59,3.59,3.59,3.59,2,7.18
1789077120000,2026-09-10T21:52:00Z,3.59,3.59,3.59,3.59,2045,7331.325
1789077180000,2026-09-10T21:53:00Z,3.59,3.59,3.59,3.59,891,3194.235
1789077240000,2026-09-10T21:54:00Z,3.58,3.58,3.58,3.58,1,3.58
1789077300000,2026-09-10T21:55:00Z,3.58,3.58,3.58,3.58,8000,28640
1789077360000,2026-09-10T21:56:00Z,3.57,3.57,3.57,3.57,1,3.57
1789077540000,2026-09-10T21:59:00Z,3.57,3.5794,3.57,3.5794,225,803.5222
1789077660000,2026-09-10T22:01:00Z,3.58,3.58,3.5701,3.5701,1026,3667.95
1789077720000,2026-09-10T22:02:00Z,3.58,3.58,3.579,3.579,5457,19508.775
1789077780000,2026-09-10T22:03:00Z,3.579,3.5799,3.57,3.57,52,185.6589
1789077900000,2026-09-10T22:05:00Z,3.5794,3.58,3.5793,3.5793,337.383062,1206.14444665
1789077960000,2026-09-10T22:06:00Z,3.58,3.58,3.5706,3.5794,31,110.8794
1789078080000,2026-09-10T22:08:00Z,3.579,3.579,3.579,3.579,50,178.95
1789078260000,2026-09-10T22:11:00Z,3.5706,3.5794,3.5706,3.5794,107.343542,383.75316265
1789078320000,2026-09-10T22:12:00Z,3.5798,3.5798,3.5794,3.5794,1019.885176,3646.0895042
1789078380000,2026-09-10T22:13:00Z,3.57,3.57,3.57,3.57,10,35.7
1789078500000,2026-09-10T22:15:00Z,3.5799,3.5799,3.5799,3.5799,10,35.799
1789078560000,2026-09-10T22:16:00Z,3.58,3.58,3.58,3.58,6001,21453.575
1789078620000,2026-09-10T22:17:00Z,3.58,3.58,3.58,3.58,210,750.75
1789078680000,2026-09-10T22:18:00Z,3.57,3.5799,3.57,3.5799,140,500.5
1789078740000,2026-09-10T22:19:00Z,3.5706,3.5797,3.57,3.5794,69,246.559
1789078800000,2026-09-10T22:20:00Z,3.5706,3.5706,3.5706,3.5706,3010,10760.75
1789078860000,2026-09-10T22:21:00Z,3.579,3.5797,3.579,3.5797,20100,71951.9
1789078980000,2026-09-10T22:23:00Z,3.5785,3.5785,3.5785,3.5785,1,3.5785
1789079040000,2026-09-10T22:24:00Z,3.5706,3.5799,3.5706,3.5799,3,10.7211
1789079100000,2026-09-10T22:25:00Z,3.579,3.58,3.579,3.579,201,718.575
1789079220000,2026-09-10T22:27:00Z,3.57,3.57,3.57,3.57,1521,5437.575
1789079280000,2026-09-10T22:28:00Z,3.5798,3.5798,3.5798,3.5798,2450,8758.75
1789079340000,2026-09-10T22:29:00Z,3.58,3.58,3.58,3.58,155,554.125
1789079400000,2026-09-10T22:30:00Z,3.5794,3.58,3.5794,3.5794,11,39.3758
1789079460000,2026-09-10T22:31:00Z,3.58,3.58,3.58,3.58,5040,18018
1789079520000,2026-09-10T22:32:00Z,3.58,3.58,3.58,3.58,578,2066.35
1789079580000,2026-09-10T22:33:00Z,3.5794,3.5794,3.5794,3.5794,5,17.897
1789079640000,2026-09-10T22:34:00Z,3.58,3.58,3.58,3.58,1,3.58
1789079700000,2026-09-10T22:35:00Z,3.57,3.58,3.57,3.58,242,864.44
1789079820000,2026-09-10T22:37:00Z,3.58,3.58,3.58,3.58,701,2506.075
1789079880000,2026-09-10T22:38:00Z,3.58,3.58,3.58,3.58,152,543.4
1789079940000,2026-09-10T22:39:00Z,3.579,3.58,3.579,3.5799,40,143.1698
1789080000000,2026-09-10T22:40:00Z,3.5798,3.58,3.5798,3.58,57,203.775
1789080060000,2026-09-10T22:41:00Z,3.57,3.5794,3.57,3.5794,3,10.7288
1789080300000,2026-09-10T22:45:00Z,3.5701,3.5706,3.5701,3.5706,3,10.7108
1789080360000,2026-09-10T22:46:00Z,3.5785,3.5798,3.5785,3.5798,5362,19169.15
1789080420000,2026-09-10T22:47:00Z,3.58,3.58,3.58,3.58,2054,7343.05
1789080480000,2026-09-10T22:48:00Z,3.58,3.58,3.58,3.58,3,10.74
1789080600000,2026-09-10T22:50:00Z,3.5797,3.5797,3.5797,3.5797,0.555865,1.987217375
1789080720000,2026-09-10T22:52:00Z,3.58,3.58,3.58,3.58,115,411.125
1789080780000,2026-09-10T22:53:00Z,3.58,3.58,3.5794,3.5794,220,786.5
1789080840000,2026-09-10T22:54:00Z,3.5706,3.5794,3.5706,3.5794,110.338928,394.4616676
1789080900000,2026-09-10T22:55:00Z,3.5706,3.5706,3.5706,3.5706,301.018387,1076.140733525
1789080960000,2026-09-10T22:56:00Z,3.58,3.58,3.5797,3.5797,2504,8951.8
1789081020000,2026-09-10T22:57:00Z,3.5703,3.5703,3.5703,3.5703,35,124.9605
1789081080000,2026-09-10T22:58:00Z,3.5794,3.5794,3.5794,3.5794,291.587528,1042.4254126
1789081140000,2026-09-10T22:59:00Z,3.5794,3.5794,3.5794,3.5794,50,178.97
1789081200000,2026-09-10T23:00:00Z,3.5794,3.5794,3.5794,3.5794,506.98441,1812.46926575
1789081260000,2026-09-10T23:01:00Z,3.57,3.5799,3.57,3.5706,7475,26723.125
1789081380000,2026-09-10T23:03:00Z,3.58,3.58,3.58,3.58,70,250.25
1789081500000,2026-09-10T23:05:00Z,3.5785,3.5794,3.5706,3.5794,1187,4243.525
1789081560000,2026-09-10T23:06:00Z,3.58,3.58,3.5794,3.58,13.793764,49.3127063
1789081620000,2026-09-10T23:07:00Z,3.5794,3.58,3.5794,3.58,1387,4958.525
1789081680000,2026-09-10T23:08:00Z,3.5785,3.5785,3.5785,3.5785,223,797.225
1789081740000,2026-09-10T23:09:00Z,3.58,3.58,3.58,3.58,1,3.58
1789081800000,2026-09-10T23:10:00Z,3.5794,3.58,3.5794,3.58,6220,22236.5
1789081860000,2026-09-10T23:11:00Z,3.5785,3.5785,3.5706,3.5706,186.1,665.3075
1789081920000,2026-09-10T23:12:00Z,3.58,3.58,3.58,3.58,2312,8265.4
1789081980000,2026-09-10T23:13:00Z,3.58,3.58,3.5798,3.5798,65,232.697
1789082160000,2026-09-10T23:16:00Z,3.5794,3.58,3.5794,3.58,32.937643,117.752073725
1789082220000,2026-09-10T23:17:00Z,3.58,3.58,3.58,3.58,20,71.6
1789082340000,2026-09-10T23:19:00Z,3.58,3.58,3.58,3.58,1,3.58
1789082400000,2026-09-10T23:20:00Z,3.5794,3.5794,3.5794,3.5794,210,750.75
1789082460000,2026-09-10T23:21:00Z,3.5794,3.58,3.5794,3.58,540,1930.5
1789082520000,2026-09-10T23:22:00Z,3.5794,3.58,3.5794,3.58,12,42.9588
1789082760000,2026-09-10T23:26:00Z,3.5785,3.5785,3.5785,3.5785,770,2752.75
1789082820000,2026-09-10T23:27:00Z,3.58,3.58,3.58,3.58,16,57.28
1789082940000,2026-09-10T23:29:00Z,3.58,3.58,3.5702,3.5702,478,1708.85
1789083000000,2026-09-10T23:30:00Z,3.5794,3.5794,3.5794,3.5794,6,21.4764
1789083060000,2026-09-10T23:31:00Z,3.58,3.58,3.58,3.58,45,161.1
1789083120000,2026-09-10T23:32:00Z,3.58,3.58,3.58,3.58,26,93.08
1789083300000,2026-09-10T23:35:00Z,3.58,3.58,3.57,3.57,156,557.7
1789083360000,2026-09-10T23:36:00Z,3.5706,3.5794,3.5706,3.5794,25,89.441
1789083420000,2026-09-10T23:37:00Z,3.57,3.57,3.57,3.57,1,3.57
1789083480000,2026-09-10T23:38:00Z,3.58,3.58,3.58,3.58,104,371.8
1789083540000,2026-09-10T23:39:00Z,3.5785,3.5785,3.5702,3.5706,17,60.7784
1789083660000,2026-09-10T23:41:00Z,3.5799,3.58,3.5799,3.58,122,436.7503
1789083780000,2026-09-10T23:43:00Z,3.5715,3.5715,3.5715,3.5715,1101,3936.075
1789083840000,2026-09-10T23:44:00Z,3.58,3.58,3.5794,3.5794,116,414.7
1789083900000,2026-09-10T23:45:00Z,3.58,3.58,3.57,3.5797,164,585.727
1789083960000,2026-09-10T23:46:00Z,3.58,3.58,3.5794,3.5799,5912,21135.4
1789084020000,2026-09-10T23:47:00Z,3.57,3.5785,3.57,3.5785,30,107.25
1789084080000,2026-09-10T23:48:00Z,3.58,3.58,3.58,3.58,325,1161.875
1789084140000,2026-09-10T23:49:00Z,3.58,3.58,3.5715,3.5715,15,53.6575
1789084260000,2026-09-10T23:51:00Z,3.58,3.58,3.58,3.58,5252,18775.9
1789084320000,2026-09-10T23:52:00Z,3.58,3.58,3.58,3.58,5408,19333.6
1789084380000,2026-09-10T23:53:00Z,3.5703,3.5785,3.5703,3.5785,7633,27287.975
1789084440000,2026-09-10T23:54:00Z,3.57,3.5794,3.57,3.5794,13,46.5228
1789084500000,2026-09-10T23:55:00Z,3.5799,3.5799,3.5794,3.5794,14644,52352.3
1789084560000,2026-09-10T23:56:00Z,3.57,3.5794,3.57,3.5794,1079,3857.425
1789084620000,2026-09-10T23:57:00Z,3.575,3.58,3.575,3.58,5069,18121.675
1789084680000,2026-09-10T23:58:00Z,3.575,3.5794,3.575,3.5794,5171,18469.7778
1789084740000,2026-09-10T23:59:00Z,3.57,3.57,3.569,3.569,41851,149403.8849
1789084860000,2026-09-11T00:01:00Z,3.6,3.6,3.6,3.6,50,180
1789084920000,2026-09-11T00:02:00Z,3.59,3.6,3.58,3.58,928,3326.72
1789085400000,2026-09-11T00:10:00Z,3.57,3.58,3.57,3.58,5878,20985.39
1789085760000,2026-09-11T00:16:00Z,3.58,3.58,3.58,3.58,3,10.74
1789087020000,2026-09-11T00:37:00Z,3.57,3.58,3.57,3.58,1140,4069.91
1789087200000,2026-09-11T00:40:00Z,3.58,3.58,3.58,3.58,2000,7160
1789087860000,2026-09-11T00:51:00Z,3.57,3.57,3.57,3.57,2858,10203.06
1789087920000,2026-09-11T00:52:00Z,3.58,3.58,3.58,3.58,257,920.06
1789088040000,2026-09-11T00:54:00Z,3.59,3.6,3.59,3.6,1732,6230.16
1789088100000,2026-09-11T00:55:00Z,3.59,3.59,3.59,3.59,1000,3590
1789088280000,2026-09-11T00:58:00Z,3.59,3.59,3.59,3.59,2000,7180
1789088580000,2026-09-11T01:03:00Z,3.59,3.6,3.59,3.6,711,2552.6
1789088940000,2026-09-11T01:09:00Z,3.59,3.59,3.59,3.59,1,3.59
1789089180000,2026-09-11T01:13:00Z,3.59,3.59,3.59,3.59,2,7.18
1789089300000,2026-09-11T01:15:00Z,3.58,3.58,3.58,3.58,142,508.36
1789089720000,2026-09-11T01:22:00Z,3.58,3.58,3.58,3.58,261,934.38
1789089780000,2026-09-11T01:23:00Z,3.58,3.58,3.58,3.58,20,71.6
1789090080000,2026-09-11T01:28:00Z,3.58,3.58,3.58,3.58,2020,7231.6
1789090200000,2026-09-11T01:30:00Z,3.58,3.59,3.57,3.59,13076,46917.67
1789090260000,2026-09-11T01:31:00Z,3.58,3.59,3.58,3.58,6476,23184.47
1789090320000,2026-09-11T01:32:00Z,3.6,3.6,3.59,3.59,4244,15255.96
1789090380000,2026-09-11T01:33:00Z,3.6,3.62,3.6,3.62,11301,40788.72
1789090440000,2026-09-11T01:34:00Z,3.63,3.63,3.63,3.63,17344,62958.72
1789090500000,2026-09-11T01:35:00Z,3.62,3.64,3.62,3.63,3400,12335.5
1789090560000,2026-09-11T01:36:00Z,3.63,3.63,3.63,3.63,2140,7768.2
1789090620000,2026-09-11T01:37:00Z,3.64,3.65,3.64,3.64,7105,25865
1789090740000,2026-09-11T01:39:00Z,3.64,3.65,3.64,3.65,10050,36582.5
1789090800000,2026-09-11T01:40:00Z,3.64,3.64,3.64,3.64,2000,7280
1789090860000,2026-09-11T01:41:00Z,3.64,3.65,3.64,3.65,2004,7314.56
1789090920000,2026-09-11T01:42:00Z,3.64,3.65,3.64,3.65,2001,7303.64
1789090980000,2026-09-11T01:43:00Z,3.65,3.66,3.65,3.66,27769,101376.85
1789091040000,2026-09-11T01:44:00Z,3.65,3.65,3.65,3.65,2725,9946.25
1789091100000,2026-09-11T01:45:00Z,3.65,3.65,3.65,3.65,539,1967.35
1789091160000,2026-09-11T01:46:00Z,3.65,3.65,3.65,3.65,4733,17275.45
1789091220000,2026-09-11T01:47:00Z,3.65,3.65,3.65,3.65,7346,26812.9
1789091280000,2026-09-11T01:48:00Z,3.65,3.66,3.65,3.66,5266,19272.71
1789091340000,2026-09-11T01:49:00Z,3.66,3.67,3.66,3.67,6025,22071.5
1789091400000,2026-09-11T01:50:00Z,3.66,3.66,3.66,3.66,3073,11247.18
1789091460000,2026-09-11T01:51:00Z,3.66,3.66,3.65,3.65,3129,11449.64
1789091520000,2026-09-11T01:52:00Z,3.66,3.67,3.66,3.67,5485,20096
1789091580000,2026-09-11T01:53:00Z,3.66,3.66,3.66,3.66,9000,32940
1789091760000,2026-09-11T01:56:00Z,3.66,3.67,3.66,3.67,4730,17313.09
1789091820000,2026-09-11T01:57:00Z,3.67,3.67,3.67,3.67,6075,22295.25
1789091940000,2026-09-11T01:59:00Z,3.66,3.66,3.66,3.66,400,1464
1789092180000,2026-09-11T02:03:00Z,3.65,3.65,3.65,3.65,2000,7300
1789092240000,2026-09-11T02:04:00Z,3.64,3.64,3.64,3.64,1000,3640
1789092300000,2026-09-11T02:05:00Z,3.64,3.64,3.64,3.64,7,25.48
1789092360000,2026-09-11T02:06:00Z,3.64,3.64,3.64,3.64,2506,9121.84
1789092420000,2026-09-11T02:07:00Z,3.64,3.64,3.64,3.64,2100,7644
1789092780000,2026-09-11T02:13:00Z,3.62,3.62,3.62,3.62,4200,15204
1789092900000,2026-09-11T02:15:00Z,3.62,3.62,3.62,3.62,1,3.62
1789093200000,2026-09-11T02:20:00Z,3.63,3.63,3.63,3.63,100,363
1789093500000,2026-09-11T02:25:00Z,3.63,3.63,3.63,3.63,539,1956.57
1789093620000,2026-09-11T02:27:00Z,3.63,3.63,3.63,3.63,3,10.89
1789093680000,2026-09-11T02:28:00Z,3.63,3.63,3.63,3.63,615,2232.45
1789093740000,2026-09-11T02:29:00Z,3.63,3.63,3.63,3.63,9950,36118.5
1789093800000,2026-09-11T02:30:00Z,3.63,3.63,3.63,3.63,1222,4435.86
1789093860000,2026-09-11T02:31:00Z,3.63,3.63,3.63,3.63,500,1815
1789093920000,2026-09-11T02:32:00Z,3.63,3.63,3.63,3.63,1044,3789.72
1789094340000,2026-09-11T02:39:00Z,3.63,3.63,3.63,3.63,5,18.15
1789094640000,2026-09-11T02:44:00Z,3.63,3.63,3.63,3.63,1,3.63
1789094940000,2026-09-11T02:49:00Z,3.63,3.63,3.63,3.63,41,148.83
1789095300000,2026-09-11T02:55:00Z,3.63,3.63,3.63,3.63,250,907.5
1789095420000,2026-09-11T02:57:00Z,3.63,3.63,3.63,3.63,1000,3630
1789095480000,2026-09-11T02:58:00Z,3.63,3.63,3.63,3.63,1000,3630
1789095540000,2026-09-11T02:59:00Z,3.63,3.63,3.63,3.63,5,18.15
1789095660000,2026-09-11T03:01:00Z,3.63,3.63,3.63,3.63,5995,21761.85
1789095780000,2026-09-11T03:03:00Z,3.63,3.63,3.63,3.63,6900,25047
1789096380000,2026-09-11T03:13:00Z,3.63,3.63,3.63,3.63,211,765.93
1789096620000,2026-09-11T03:17:00Z,3.63,3.63,3.63,3.63,2000,7260
1789097040000,2026-09-11T03:24:00Z,3.64,3.65,3.64,3.65,906,3298.21
1789097640000,2026-09-11T03:34:00Z,3.65,3.65,3.65,3.65,1000,3650
1789097700000,2026-09-11T03:35:00Z,3.65,3.65,3.65,3.65,4085,14910.25
1789097880000,2026-09-11T03:38:00Z,3.65,3.65,3.65,3.65,7,25.55
1789097940000,2026-09-11T03:39:00Z,3.66,3.66,3.66,3.66,10,36.6
1789098000000,2026-09-11T03:40:00Z,3.65,3.65,3.65,3.65,300,1095
1789098060000,2026-09-11T03:41:00Z,3.65,3.65,3.65,3.65,2022,7380.3
1789098240000,2026-09-11T03:44:00Z,3.65,3.65,3.65,3.65,37148,135590.2
1789098420000,2026-09-11T03:47:00Z,3.65,3.65,3.65,3.65,8001,29203.65
1789098480000,2026-09-11T03:48:00Z,3.65,3.66,3.65,3.66,2000,7300.01
1789098540000,2026-09-11T03:49:00Z,3.65,3.65,3.65,3.65,5200,18980
1789098600000,2026-09-11T03:50:00Z,3.65,3.65,3.65,3.65,2000,7300
1789098960000,2026-09-11T03:56:00Z,3.65,3.65,3.65,3.65,320,1168
1789099020000,2026-09-11T03:57:00Z,3.65,3.65,3.65,3.65,4980,18177
1789099080000,2026-09-11T03:58:00Z,3.65,3.65,3.65,3.65,100,365
1789099140000,2026-09-11T03:59:00Z,3.65,3.65,3.64,3.64,1806,6591.84
1789099200000,2026-09-11T04:00:00Z,3.64,3.64,3.64,3.64,2000,7280
1789099380000,2026-09-11T04:03:00Z,3.64,3.64,3.64,3.64,100,364
1789099500000,2026-09-11T04:05:00Z,3.65,3.65,3.65,3.65,48,175.2
1789099620000,2026-09-11T04:07:00Z,3.64,3.64,3.64,3.64,64,232.96
1789099740000,2026-09-11T04:09:00Z,3.64,3.64,3.64,3.64,2003,7290.92
1789100880000,2026-09-11T04:28:00Z,3.64,3.64,3.64,3.64,400,1456
1789101060000,2026-09-11T04:31:00Z,3.64,3.64,3.64,3.64,101,367.64
1789101720000,2026-09-11T04:42:00Z,3.65,3.65,3.65,3.65,50,182.5
1789102680000,2026-09-11T04:58:00Z,3.65,3.65,3.65,3.65,549,2003.85
1789102740000,2026-09-11T04:59:00Z,3.65,3.65,3.65,3.65,3201,11683.65
1789102800000,2026-09-11T05:00:00Z,3.65,3.66,3.65,3.66,16204,59145.24
1789103040000,2026-09-11T05:04:00Z,3.66,3.67,3.66,3.67,2996,10968.86
1789103340000,2026-09-11T05:09:00Z,3.66,3.67,3.66,3.67,2457,9009.97
1789103400000,2026-09-11T05:10:00Z,3.67,3.68,3.67,3.68,18263,67202.84
1789103520000,2026-09-11T05:12:00Z,3.67,3.67,3.67,3.67,361,1324.87
1789103580000,2026-09-11T05:13:00Z,3.67,3.67,3.67,3.67,25,91.75
1789103760000,2026-09-11T05:16:00Z,3.67,3.67,3.67,3.67,2000,7340
1789104420000,2026-09-11T05:27:00Z,3.67,3.67,3.67,3.67,285,1045.95
1789104660000,2026-09-11T05:31:00Z,3.66,3.66,3.66,3.66,492,1800.72
1789104960000,2026-09-11T05:36:00Z,3.66,3.66,3.66,3.66,160,585.6
1789105260000,2026-09-11T05:41:00Z,3.67,3.67,3.67,3.67,1940,7119.8
1789105320000,2026-09-11T05:42:00Z,3.66,3.66,3.66,3.66,50,183
1789105440000,2026-09-11T05:44:00Z,3.67,3.67,3.67,3.67,200,734
1789105560000,2026-09-11T05:46:00Z,3.67,3.67,3.67,3.67,2996,10995.32
1789105680000,2026-09-11T05:48:00Z,3.67,3.67,3.67,3.67,500,1835
1789105740000,2026-09-11T05:49:00Z,3.68,3.68,3.68,3.68,20547,75612.96
1789105800000,2026-09-11T05:50:00Z,3.67,3.67,3.67,3.67,59,216.53
1789105980000,2026-09-11T05:53:00Z,3.68,3.68,3.67,3.68,1345,4949.15
1789106040000,2026-09-11T05:54:00Z,3.68,3.68,3.68,3.68,8,29.44
1789106160000,2026-09-11T05:56:00Z,3.68,3.68,3.68,3.68,1000,3680
1789106280000,2026-09-11T05:58:00Z,3.68,3.68,3.68,3.68,1000,3680
1789106580000,2026-09-11T06:03:00Z,3.68,3.68,3.68,3.68,1951,7179.68
1789106640000,2026-09-11T06:04:00Z,3.69,3.69,3.68,3.68,180,662.71
1789106940000,2026-09-11T06:09:00Z,3.67,3.67,3.67,3.67,5,18.35
1789107240000,2026-09-11T06:14:00Z,3.67,3.67,3.67,3.67,400,1468
1789107480000,2026-09-11T06:18:00Z,3.67,3.67,3.67,3.67,1,3.67
1789107720000,2026-09-11T06:22:00Z,3.68,3.68,3.68,3.68,500,1840
1789107840000,2026-09-11T06:24:00Z,3.68,3.68,3.68,3.68,200,736
1789107900000,2026-09-11T06:25:00Z,3.68,3.68,3.68,3.68,1050,3864
1789108080000,2026-09-11T06:28:00Z,3.68,3.69,3.68,3.69,50,184.25
1789108740000,2026-09-11T06:39:00Z,3.68,3.69,3.68,3.68,5,18.41
1789108800000,2026-09-11T06:40:00Z,3.68,3.68,3.68,3.68,4,14.72
1789109040000,2026-09-11T06:44:00Z,3.68,3.68,3.68,3.68,62,228.16
1789109100000,2026-09-11T06:45:00Z,3.68,3.68,3.68,3.68,459,1689.12
1789109520000,2026-09-11T06:52:00Z,3.68,3.68,3.68,3.68,41,150.88
1789109640000,2026-09-11T06:54:00Z,3.68,3.68,3.68,3.68,259,953.12
1789109760000,2026-09-11T06:56:00Z,3.67,3.67,3.67,3.67,190,697.3
1789110180000,2026-09-11T07:03:00Z,3.68,3.69,3.68,3.69,6093,22442.7
1789110360000,2026-09-11T07:06:00Z,3.68,3.68,3.68,3.68,113,415.84
1789110540000,2026-09-11T07:09:00Z,3.67,3.67,3.67,3.67,150,550.5
1789111320000,2026-09-11T07:22:00Z,3.67,3.67,3.67,3.67,203,745.01
1789111620000,2026-09-11T07:27:00Z,3.67,3.67,3.67,3.67,4,14.68
1789111680000,2026-09-11T07:28:00Z,3.67,3.67,3.67,3.67,143,524.81
1789112160000,2026-09-11T07:36:00Z,3.68,3.68,3.68,3.68,70,257.6
1789112580000,2026-09-11T07:43:00Z,3.67,3.67,3.67,3.67,100,367
1789112880000,2026-09-11T07:48:00Z,3.68,3.68,3.68,3.68,400,1472
1789113120000,2026-09-11T07:52:00Z,3.66,3.66,3.66,3.66,739,2704.74
1789113480000,2026-09-11T07:58:00Z,3.67,3.67,3.67,3.67,140,513.8
1789113540000,2026-09-11T07:59:00Z,3.66,3.67,3.66,3.67,1074,3930.89
1789113600000,2026-09-11T08:00:00Z,3.67,3.68,3.64,3.68,18530.731519,67060.8642941091
1789113660000,2026-09-11T08:01:00Z,3.66,3.68,3.66,3.66,119618,438160.734
1789113720000,2026-09-11T08:02:00Z,3.66,3.67,3.66,3.66,11564,42305.7376
1789113780000,2026-09-11T08:03:00Z,3.66,3.66,3.66,3.66,2280,8333.4
1789113840000,2026-09-11T08:04:00Z,3.66,3.66,3.66,3.66,4731,17291.805
1789113900000,2026-09-11T08:05:00Z,3.66,3.67,3.66,3.66,75347,275898.1099
1789113960000,2026-09-11T08:06:00Z,3.66,3.67,3.66,3.67,147,538.99
1789114140000,2026-09-11T08:09:00Z,3.66,3.66,3.66,3.66,15472,56704.88
1789114200000,2026-09-11T08:10:00Z,3.66,3.66,3.66,3.66,4487,16444.855
1789114260000,2026-09-11T08:11:00Z,3.66,3.66,3.66,3.66,3712,13592.2304
1789114380000,2026-09-11T08:13:00Z,3.66,3.66,3.66,3.66,6600,24156
1789114440000,2026-09-11T08:14:00Z,3.66,3.6603,3.66,3.6603,1860,6807.6
1789114500000,2026-09-11T08:15:00Z,3.6695,3.6699,3.66,3.66,642.43,2353.413819
1789114560000,2026-09-11T08:16:00Z,3.66,3.66,3.66,3.66,8209,30085.985
1789114680000,2026-09-11T08:18:00Z,3.66,3.66,3.66,3.66,26,95.16
1789115100000,2026-09-11T08:25:00Z,3.6695,3.6695,3.6695,3.6695,6864.431938,25158.14305277
1789115160000,2026-09-11T08:26:00Z,3.67,3.67,3.67,3.67,13863,50807.895
1789115220000,2026-09-11T08:27:00Z,3.6697,3.6697,3.6697,3.6697,6,22.0182
1789115400000,2026-09-11T08:30:00Z,3.66,3.66,3.66,3.66,27000,98955
1789115460000,2026-09-11T08:31:00Z,3.67,3.67,3.67,3.67,3254,11925.91
1789115580000,2026-09-11T08:33:00Z,3.6695,3.6695,3.6695,3.6695,1005,3683.325
1789115640000,2026-09-11T08:34:00Z,3.6695,3.6695,3.6695,3.6695,6,22.017
1789115880000,2026-09-11T08:38:00Z,3.66,3.66,3.66,3.66,1062,3886.92
1789116000000,2026-09-11T08:40:00Z,3.6696,3.67,3.6696,3.67,44,161.4796
1789116240000,2026-09-11T08:44:00Z,3.67,3.67,3.67,3.67,4,14.68
1789116720000,2026-09-11T08:52:00Z,3.6696,3.6699,3.6696,3.6696,192,704.5776
1789117200000,2026-09-11T09:00:00Z,3.66,3.66,3.66,3.66,116,424.56
1789117260000,2026-09-11T09:01:00Z,3.67,3.67,3.66,3.66,164,600.36
1789117440000,2026-09-11T09:04:00Z,3.67,3.67,3.67,3.67,40,146.8
1789117500000,2026-09-11T09:05:00Z,3.66,3.66,3.66,3.66,1654,6061.91
1789117680000,2026-09-11T09:08:00Z,3.66,3.66,3.66,3.66,9,32.94
1789117980000,2026-09-11T09:13:00Z,3.67,3.67,3.67,3.67,13824,50664.96
1789118160000,2026-09-11T09:16:00Z,3.66,3.66,3.66,3.66,50,183
1789118400000,2026-09-11T09:20:00Z,3.67,3.67,3.67,3.67,10844,39743.26
1789118580000,2026-09-11T09:23:00Z,3.6795,3.6795,3.67,3.67,27.447158,100.86830565
1789118640000,2026-09-11T09:24:00Z,3.68,3.68,3.68,3.68,25,92
1789118880000,2026-09-11T09:28:00Z,3.67,3.67,3.67,3.67,10103,37128.525
1789118940000,2026-09-11T09:29:00Z,3.67,3.67,3.67,3.67,20,73.4
1789119060000,2026-09-11T09:31:00Z,3.68,3.68,3.68,3.68,5090,18705.75
1789119120000,2026-09-11T09:32:00Z,3.68,3.68,3.68,3.68,19,69.92
1789119180000,2026-09-11T09:33:00Z,3.68,3.68,3.68,3.68,50,184
1789119540000,2026-09-11T09:39:00Z,3.67,3.67,3.67,3.67,500,1835
1789119960000,2026-09-11T09:46:00Z,3.68,3.68,3.68,3.68,10,36.8
1789120020000,2026-09-11T09:47:00Z,3.6799,3.6799,3.6799,3.6799,25,91.9975
1789120320000,2026-09-11T09:52:00Z,3.6795,3.6795,3.6795,3.6795,5,18.3975
1789120500000,2026-09-11T09:55:00Z,3.6701,3.6701,3.67,3.67,30,110.25
1789120560000,2026-09-11T09:56:00Z,3.67,3.67,3.67,3.67,1377,5060.475
1789120620000,2026-09-11T09:57:00Z,3.67,3.6701,3.67,3.6701,14395,52829.6544
1789120800000,2026-09-11T10:00:00Z,3.6702,3.6798,3.6702,3.6798,25,91.8166
1789120920000,2026-09-11T10:02:00Z,3.68,3.68,3.6706,3.6706,34669,127408.575
1789120980000,2026-09-11T10:03:00Z,3.6797,3.6797,3.6797,3.6797,25505,93730.875
1789121280000,2026-09-11T10:08:00Z,3.6705,3.6705,3.6705,3.6705,514,1888.95
1789121340000,2026-09-11T10:09:00Z,3.68,3.68,3.68,3.68,51,187.425
1789121460000,2026-09-11T10:11:00Z,3.68,3.68,3.68,3.68,2276,8375.68
1789121760000,2026-09-11T10:16:00Z,3.68,3.68,3.68,3.68,1,3.68
1789122000000,2026-09-11T10:20:00Z,3.6795,3.6795,3.6795,3.6795,10,36.795
1789122240000,2026-09-11T10:24:00Z,3.68,3.68,3.68,3.68,2203,8096.025
1789122300000,2026-09-11T10:25:00Z,3.68,3.68,3.68,3.68,2409,8853.075
1789122360000,2026-09-11T10:26:00Z,3.68,3.68,3.68,3.68,9000,33120
1789122420000,2026-09-11T10:27:00Z,3.6701,3.6701,3.67,3.6701,201,737.6806
1789122600000,2026-09-11T10:30:00Z,3.67,3.67,3.67,3.67,10,36.7
1789122720000,2026-09-11T10:32:00Z,3.6796,3.68,3.6796,3.68,17,62.554
1789122780000,2026-09-11T10:33:00Z,3.68,3.68,3.68,3.68,20,73.6
1789122960000,2026-09-11T10:36:00Z,3.6796,3.6796,3.6796,3.6796,50,183.98
1789123080000,2026-09-11T10:38:00Z,3.6795,3.6795,3.6795,3.6795,100,367.9
1789123140000,2026-09-11T10:39:00Z,3.6796,3.6796,3.6796,3.6796,20,73.5
1789123200000,2026-09-11T10:40:00Z,3.6796,3.6796,3.6796,3.6796,2,7.3592
1789123320000,2026-09-11T10:42:00Z,3.68,3.68,3.68,3.68,1153,4237.275
1789123380000,2026-09-11T10:43:00Z,3.68,3.68,3.6795,3.6795,30180,111062.38
1789123440000,2026-09-11T10:44:00Z,3.6795,3.6795,3.6795,3.6795,570,2094.75
1789123500000,2026-09-11T10:45:00Z,3.6795,3.6795,3.6795,3.6795,30,110.385
1789123560000,2026-09-11T10:46:00Z,3.68,3.69,3.68,3.69,24588,90466.6284
1789123620000,2026-09-11T10:47:00Z,3.68,3.68,3.68,3.68,2400,8844
1789123800000,2026-09-11T10:50:00Z,3.68,3.68,3.68,3.68,5149,18974.065
1789123860000,2026-09-11T10:51:00Z,3.6796,3.6796,3.6796,3.6796,3031,11146.8056
1789123920000,2026-09-11T10:52:00Z,3.6795,3.6795,3.6795,3.6795,20,73.59
1789124280000,2026-09-11T10:58:00Z,3.68,3.68,3.68,3.68,2,7.36
1789124400000,2026-09-11T11:00:00Z,3.67,3.675,3.66,3.6601,86159.6699,315990.58935825
1789124460000,2026-09-11T11:01:00Z,3.6601,3.6603,3.6601,3.6603,7245.871,26551.7696924
1789124640000,2026-09-11T11:04:00Z,3.66,3.67,3.66,3.67,41545,152262.425
1789124700000,2026-09-11T11:05:00Z,3.6601,3.67,3.6601,3.67,15466.945908,56686.35675282
1789124820000,2026-09-11T11:07:00Z,3.67,3.67,3.6604,3.6604,16,58.672
1789125000000,2026-09-11T11:10:00Z,3.67,3.67,3.6695,3.6695,19603,71844.995
1789125060000,2026-09-11T11:11:00Z,3.6696,3.67,3.6696,3.6697,13280.501429,48673.037737285
1789125180000,2026-09-11T11:13:00Z,3.66,3.67,3.66,3.67,32628,119581.62
1789125300000,2026-09-11T11:15:00Z,3.6603,3.6603,3.6603,3.6603,9211.303672,33759.42795788
1789125420000,2026-09-11T11:17:00Z,3.6696,3.67,3.6696,3.67,908,3327.82
1789125480000,2026-09-11T11:18:00Z,3.67,3.67,3.67,3.67,10,36.65
1789125540000,2026-09-11T11:19:00Z,3.6696,3.67,3.66,3.66,13208,48341.3896
1789125660000,2026-09-11T11:21:00Z,3.67,3.67,3.6686,3.67,1070,3921.55
1789125720000,2026-09-11T11:22:00Z,3.6687,3.67,3.66,3.6696,12500,45812.5
1789125780000,2026-09-11T11:23:00Z,3.67,3.67,3.6686,3.6686,10650,39032.25
1789125900000,2026-09-11T11:25:00Z,3.67,3.67,3.67,3.67,12917,47340.805
1789125960000,2026-09-11T11:26:00Z,3.67,3.67,3.66,3.6696,20170.997655,73926.706405575
1789126140000,2026-09-11T11:29:00Z,3.6601,3.6601,3.66,3.66,2637,9664.605
1789126260000,2026-09-11T11:31:00Z,3.6687,3.67,3.6687,3.67,111,407.2933
1789126320000,2026-09-11T11:32:00Z,3.66,3.66,3.6584,3.6597,11923,43673.949
1789126440000,2026-09-11T11:34:00Z,3.6503,3.6503,3.65,3.65,4680,17105.4
1789126500000,2026-09-11T11:35:00Z,3.6586,3.66,3.6586,3.6587,216,789.48
1789126620000,2026-09-11T11:37:00Z,3.6503,3.66,3.65,3.65,3832.535231,14007.1497622588
1789126680000,2026-09-11T11:38:00Z,3.65,3.66,3.65,3.65,6851,25018.4818
1789126800000,2026-09-11T11:40:00Z,3.6596,3.6596,3.6596,3.6596,9912,36228.36
1789126860000,2026-09-11T11:41:00Z,3.66,3.66,3.66,3.66,1647,6019.785
1789126920000,2026-09-11T11:42:00Z,3.6598,3.6598,3.6598,3.6598,50,182.99
1789127040000,2026-09-11T11:44:00Z,3.6515,3.6515,3.6515,3.6515,3310,12098.05
1789127100000,2026-09-11T11:45:00Z,3.6596,3.6596,3.658,3.658,7934.70259,29001.33796645
1789127220000,2026-09-11T11:47:00Z,3.66,3.66,3.6595,3.6595,3689.24603,13484.19423965
1789127280000,2026-09-11T11:48:00Z,3.66,3.66,3.66,3.66,2345,8570.975
1789127340000,2026-09-11T11:49:00Z,3.6595,3.66,3.6595,3.66,52,190.06
1789127400000,2026-09-11T11:50:00Z,3.6505,3.66,3.65,3.66,13506,49364.43
1789127460000,2026-09-11T11:51:00Z,3.65,3.6595,3.65,3.6595,6558,23969.49
1789127580000,2026-09-11T11:53:00Z,3.6598,3.6598,3.6505,3.6505,16,58.5475
1789127760000,2026-09-11T11:56:00Z,3.66,3.66,3.66,3.66,6702,24495.81
1789127820000,2026-09-11T11:57:00Z,3.651,3.66,3.65,3.651,783,2861.865
1789127880000,2026-09-11T11:58:00Z,3.6597,3.6597,3.6597,3.6597,554,2024.87
1789127940000,2026-09-11T11:59:00Z,3.6597,3.6597,3.6597,3.6597,1196.875,4374.578125
1789128000000,2026-09-11T12:00:00Z,3.6597,3.66,3.6597,3.66,307.464928,1123.78431184
1789128060000,2026-09-11T12:01:00Z,3.65,3.66,3.65,3.66,2,7.31
1789128180000,2026-09-11T12:03:00Z,3.67,3.67,3.66,3.67,19851,72736.0491
1789128300000,2026-09-11T12:05:00Z,3.6615,3.6615,3.66,3.66,2951,10815.415
1789128420000,2026-09-11T12:07:00Z,3.66,3.66,3.66,3.66,25,91.5
1789128480000,2026-09-11T12:08:00Z,3.6699,3.6699,3.6699,3.6699,1601,5867.665
1789128600000,2026-09-11T12:10:00Z,3.6688,3.6688,3.66,3.66,9038.363824,33083.1231049872
1789128660000,2026-09-11T12:11:00Z,3.65,3.66,3.65,3.66,14562,53224.11
1789128780000,2026-09-11T12:13:00Z,3.6597,3.6597,3.6597,3.6597,95,347.6715
1789128840000,2026-09-11T12:14:00Z,3.65,3.6505,3.65,3.6501,1209,4418.895
1789128900000,2026-09-11T12:15:00Z,3.66,3.66,3.66,3.66,29274,106996.47
1789129020000,2026-09-11T12:17:00Z,3.6587,3.6587,3.6587,3.6587,1762,6440.11
1789129080000,2026-09-11T12:18:00Z,3.65,3.66,3.65,3.65,25662,93794.61
1789129140000,2026-09-11T12:19:00Z,3.6503,3.6503,3.6503,3.6503,75,273.7725
1789129200000,2026-09-11T12:20:00Z,3.65,3.65,3.65,3.65,1006,3676.93
1789129260000,2026-09-11T12:21:00Z,3.65,3.6599,3.65,3.65,98,358.19
1789129320000,2026-09-11T12:22:00Z,3.6503,3.6503,3.6503,3.6503,6993,25553.1213
1789129380000,2026-09-11T12:23:00Z,3.66,3.66,3.65,3.66,2401,8775.655
1789129440000,2026-09-11T12:24:00Z,3.65,3.66,3.65,3.6588,5040.36624,18422.5386072
1789129500000,2026-09-11T12:25:00Z,3.66,3.66,3.65,3.66,9913.81994,36235.0118807
1789129560000,2026-09-11T12:26:00Z,3.65,3.66,3.65,3.65,996,3640.38
1789129620000,2026-09-11T12:27:00Z,3.66,3.66,3.65,3.652,1534,5606.77
1789129680000,2026-09-11T12:28:00Z,3.65,3.6596,3.65,3.6588,151.81985,554.90155175
1789129740000,2026-09-11T12:29:00Z,3.66,3.66,3.66,3.66,2432,8888.96
1789129800000,2026-09-11T12:30:00Z,3.66,3.66,3.65,3.65,21765,79496.6625
1789129860000,2026-09-11T12:31:00Z,3.65,3.66,3.65,3.65,8611,31445.6498
1789129920000,2026-09-11T12:32:00Z,3.6588,3.66,3.65,3.65,11071.466273,40466.209227815
1789129980000,2026-09-11T12:33:00Z,3.65,3.66,3.65,3.66,3694.366605,13502.909941275
1789130040000,2026-09-11T12:34:00Z,3.65,3.66,3.65,3.65,4523.457868,16533.23850754
1789130100000,2026-09-11T12:35:00Z,3.65,3.66,3.65,3.65,10814.833028,39528.21471734
1789130160000,2026-09-11T12:36:00Z,3.65,3.65,3.65,3.65,13968,51053.04
1789130220000,2026-09-11T12:37:00Z,3.65,3.66,3.65,3.65,140,511.5
1789130340000,2026-09-11T12:39:00Z,3.66,3.66,3.6503,3.6503,16142.366598,59000.34991569
1789130400000,2026-09-11T12:40:00Z,3.66,3.66,3.66,3.66,12587,46005.485
1789130460000,2026-09-11T12:41:00Z,3.6585,3.66,3.65,3.6588,2470.816999,9030.836131345
1789130520000,2026-09-11T12:42:00Z,3.65,3.65,3.65,3.65,10822,39554.41
1789130580000,2026-09-11T12:43:00Z,3.65,3.65,3.65,3.65,4125,15076.875
1789130640000,2026-09-11T12:44:00Z,3.65,3.66,3.65,3.65,3636.739743,13292.283760665
1789130700000,2026-09-11T12:45:00Z,3.65,3.66,3.65,3.66,7283,26619.365
1789130760000,2026-09-11T12:46:00Z,3.6598,3.66,3.65,3.6598,5369.267457,19624.672555335
1789130820000,2026-09-11T12:47:00Z,3.66,3.66,3.66,3.66,376,1374.28
1789130880000,2026-09-11T12:48:00Z,3.6597,3.66,3.65,3.66,566.01,2068.76655
1789130940000,2026-09-11T12:49:00Z,3.66,3.66,3.65,3.6586,8557.446006,31277.46515193
1789131000000,2026-09-11T12:50:00Z,3.66,3.66,3.65,3.65,2839,10376.545
1789131060000,2026-09-11T12:51:00Z,3.65,3.65,3.65,3.65,2159.479452,7892.89739706
1789131120000,2026-09-11T12:52:00Z,3.65,3.65,3.65,3.65,1664,6081.92
1789131180000,2026-09-11T12:53:00Z,3.6502,3.6599,3.65,3.65,137,500.735
1789131240000,2026-09-11T12:54:00Z,3.6598,3.6615,3.6585,3.6615,45574.5,166574.7975
1789131300000,2026-09-11T12:55:00Z,3.67,3.67,3.6604,3.6696,8888.937319,32577.955274135
1789131360000,2026-09-11T12:56:00Z,3.66,3.6699,3.66,3.6699,27884,102194.86
1789131420000,2026-09-11T12:57:00Z,3.66,3.67,3.66,3.6697,11340,41561.1
1789131480000,2026-09-11T12:58:00Z,3.6695,3.6695,3.6695,3.6695,12257,44921.905
1789131540000,2026-09-11T12:59:00Z,3.6685,3.67,3.66,3.6699,22710,83232.15
1789131600000,2026-09-11T13:00:00Z,3.67,3.67,3.66,3.67,38378,140655.37
1789131660000,2026-09-11T13:01:00Z,3.6612,3.67,3.66,3.67,19079.719722,69927.17278113
1789131720000,2026-09-11T13:02:00Z,3.67,3.68,3.67,3.68,17851.68,65531.732112
1789131780000,2026-09-11T13:03:00Z,3.69,3.69,3.68,3.68,24299,89541.815
1789131840000,2026-09-11T13:04:00Z,3.68,3.69,3.68,3.68,25157,92703.545
1789131900000,2026-09-11T13:05:00Z,3.69,3.69,3.68,3.68,13729,50591.365
1789131960000,2026-09-11T13:06:00Z,3.69,3.69,3.69,3.69,21990,81033.15
1789132020000,2026-09-11T13:07:00Z,3.69,3.69,3.68,3.6893,32142.084216,118443.58033596
1789132080000,2026-09-11T13:08:00Z,3.6893,3.69,3.68,3.6893,28871.105412,106390.02344322
1789132140000,2026-09-11T13:09:00Z,3.69,3.69,3.68,3.68,18382,67737.67
1789132200000,2026-09-11T13:10:00Z,3.69,3.69,3.68,3.6899,22649,83461.565
1789132260000,2026-09-11T13:11:00Z,3.68,3.69,3.68,3.69,29118,107299.83
1789132320000,2026-09-11T13:12:00Z,3.6898,3.6898,3.6801,3.6801,31025,114327.125
1789132380000,2026-09-11T13:13:00Z,3.6815,3.6893,3.6815,3.6893,7672.360501,28272.648446185
1789132440000,2026-09-11T13:14:00Z,3.68,3.69,3.68,3.68,15874.76515,58498.50957775
1789132500000,2026-09-11T13:15:00Z,3.6805,3.6892,3.6805,3.6892,2149.804706,7922.03034161
1789132560000,2026-09-11T13:16:00Z,3.6805,3.69,3.68,3.68,4740.51,17468.77935
1789132620000,2026-09-11T13:17:00Z,3.6801,3.69,3.6801,3.6891,3364.748562,12399.09845097
1789132680000,2026-09-11T13:18:00Z,3.69,3.69,3.68,3.69,456,1680.36
1789132740000,2026-09-11T13:19:00Z,3.68,3.69,3.68,3.6891,599.524162,2209.24653697
1789132800000,2026-09-11T13:20:00Z,3.6803,3.6803,3.68,3.68,13167,48520.395
1789132860000,2026-09-11T13:21:00Z,3.6801,3.6815,3.68,3.68,6124,22566.94
1789132920000,2026-09-11T13:22:00Z,3.68,3.68,3.68,3.68,2505,9230.925
1789132980000,2026-09-11T13:23:00Z,3.6801,3.69,3.68,3.6801,14347.785142,52871.58824827
1789133040000,2026-09-11T13:24:00Z,3.68,3.6802,3.68,3.6802,35394,130370.2596
1789133100000,2026-09-11T13:25:00Z,3.68,3.6815,3.68,3.6803,2971.346185,10949.410691725
1789133160000,2026-09-11T13:26:00Z,3.6881,3.6881,3.68,3.68,1512.557116,5573.77297246
1789133220000,2026-09-11T13:27:00Z,3.6804,3.6897,3.68,3.6897,14035,51718.975
1789133280000,2026-09-11T13:28:00Z,3.68,3.69,3.68,3.68,1644,6058.14
1789133340000,2026-09-11T13:29:00Z,3.6805,3.7,3.6805,3.7,116962.388941,431053.1882031614
1789133400000,2026-09-11T13:30:00Z,3.69,3.7,3.68,3.685,731341.285885,2699965.759230243
1789133460000,2026-09-11T13:31:00Z,3.685,3.69,3.68,3.685,106440.672895,392233.879618075
1789133520000,2026-09-11T13:32:00Z,3.685,3.69,3.68,3.6801,157522,580880.4484
1789133580000,2026-09-11T13:33:00Z,3.68,3.69,3.68,3.685,112279.278178,413749.14008593
1789133640000,2026-09-11T13:34:00Z,3.685,3.69,3.68,3.685,96859.647723,356927.801859255
1789133700000,2026-09-11T13:35:00Z,3.69,3.71,3.69,3.695,421114.082565,1556016.535077675
1789133760000,2026-09-11T13:36:00Z,3.695,3.7,3.68,3.685,149422.051975,551606.44707091
1789133820000,2026-09-11T13:37:00Z,3.685,3.6889,3.68,3.685,36178.271033,133316.928756605
1789133880000,2026-09-11T13:38:00Z,3.6825,3.69,3.68,3.685,84702.275504,312127.88523224
1789133940000,2026-09-11T13:39:00Z,3.685,3.69,3.68,3.6885,45377.94507,167217.72758295
1789134000000,2026-09-11T13:40:00Z,3.6839,3.7,3.68,3.6928,139386.925042,513877.7765523414
1789134060000,2026-09-11T13:41:00Z,3.7,3.71,3.69,3.71,127627.372714,471914.9733472864
1789134120000,2026-09-11T13:42:00Z,3.71,3.71,3.7,3.7011,91042.656946,337313.04398493
1789134180000,2026-09-11T13:43:00Z,3.7015,3.71,3.69,3.7048,162131.672735,600097.9602940555
1789134240000,2026-09-11T13:44:00Z,3.7086,3.7086,3.69,3.6999,90097.880386,333290.0791238912
1789134300000,2026-09-11T13:45:00Z,3.695,3.71,3.69,3.7078,250528.112446,925776.5339217038
1789134360000,2026-09-11T13:46:00Z,3.7,3.72,3.7,3.712,153103.543138,567508.9033496246
1789134420000,2026-09-11T13:47:00Z,3.715,3.72,3.71,3.71,109080.020933,405232.277766095
1789134480000,2026-09-11T13:48:00Z,3.7115,3.72,3.71,3.715,67813,251693.289
1789134540000,2026-09-11T13:49:00Z,3.7178,3.72,3.7101,3.7122,33226.22486,123435.4253549
1789134600000,2026-09-11T13:50:00Z,3.72,3.73,3.71,3.7188,242306.619422,901283.7016020712
1789134660000,2026-09-11T13:51:00Z,3.7101,3.715,3.7,3.7,174073.425055,645603.518843984
1789134720000,2026-09-11T13:52:00Z,3.705,3.72,3.7,3.715,49011.991289,181746.2660978698
1789134780000,2026-09-11T13:53:00Z,3.72,3.73,3.715,3.725,61393.223704,228370.5135341392
1789134840000,2026-09-11T13:54:00Z,3.725,3.73,3.72,3.725,72894.46253,271531.87292425
1789134900000,2026-09-11T13:55:00Z,3.725,3.73,3.715,3.73,115192.907819,429093.581625775
1789134960000,2026-09-11T13:56:00Z,3.725,3.73,3.72,3.72,61101.428069,227602.819557025
1789135020000,2026-09-11T13:57:00Z,3.725,3.73,3.72,3.72,57962.9918,215912.144455
1789135080000,2026-09-11T13:58:00Z,3.72,3.73,3.72,3.725,39508.309929,147168.454485525
1789135140000,2026-09-11T13:59:00Z,3.725,3.73,3.72,3.725,70375.550173,262148.924394425
1789135200000,2026-09-11T14:00:00Z,3.72,3.73,3.715,3.715,93833.766986,349483.865139357
1789135260000,2026-09-11T14:01:00Z,3.715,3.72,3.705,3.72,163262.085033,606518.645897595
1789135320000,2026-09-11T14:02:00Z,3.72,3.72,3.7,3.7111,147671.807929,547891.9417781758
1789135380000,2026-09-11T14:03:00Z,3.7115,3.72,3.71,3.7124,77654.269405,288485.610839575
1789135440000,2026-09-11T14:04:00Z,3.7115,3.72,3.71,3.72,180163.685059,669308.089994185
1789135500000,2026-09-11T14:05:00Z,3.7115,3.73,3.7115,3.725,116273.602341,432433.1544664131
1789135560000,2026-09-11T14:06:00Z,3.728,3.74,3.7229,3.735,234866.795163,875606.8990471803
1789135620000,2026-09-11T14:07:00Z,3.73,3.74,3.73,3.7374,47372.852156,176937.60280266
1789135680000,2026-09-11T14:08:00Z,3.735,3.74,3.73,3.74,77417.231437,289153.359417195
1789135740000,2026-09-11T14:09:00Z,3.73,3.74,3.73,3.74,67922.309985,253689.827793975
1789135800000,2026-09-11T14:10:00Z,3.738,3.74,3.73,3.735,48118.468394,179722.47945159
1789135860000,2026-09-11T14:11:00Z,3.74,3.74,3.72,3.72,312654.691383,1167546.4140315369
1789135920000,2026-09-11T14:12:00Z,3.725,3.73,3.72,3.72,380891.330435,1418820.205870375
1789135980000,2026-09-11T14:13:00Z,3.72,3.73,3.72,3.725,20109.722326,74908.71566435
1789136040000,2026-09-11T14:14:00Z,3.725,3.73,3.72,3.725,38683.09271,144094.52034475
1789136100000,2026-09-11T14:15:00Z,3.72,3.73,3.71,3.7193,190265.68983,707902.525581498
1789136160000,2026-09-11T14:16:00Z,3.71,3.725,3.71,3.7199,249695.876656,928544.0565206672
1789136220000,2026-09-11T14:17:00Z,3.7198,3.72,3.71,3.715,75594.613358,280886.9048543206
1789136280000,2026-09-11T14:18:00Z,3.715,3.72,3.71,3.715,66863.521396,248397.98198614
1789136340000,2026-09-11T14:19:00Z,3.7199,3.72,3.71,3.715,89022.286185,330717.793177275
1789136400000,2026-09-11T14:20:00Z,3.7188,3.72,3.71,3.7101,133159.809203,494688.691189145
1789136460000,2026-09-11T14:21:00Z,3.7125,3.72,3.71,3.7199,309237.080923,1148815.755628945
1789136520000,2026-09-11T14:22:00Z,3.7128,3.72,3.71,3.7124,24947.24347,92679.00949105
1789136580000,2026-09-11T14:23:00Z,3.715,3.72,3.71,3.715,47597.375644,176824.25051746
1789136640000,2026-09-11T14:24:00Z,3.715,3.72,3.71,3.7181,143571.403666,533367.76461919
1789136700000,2026-09-11T14:25:00Z,3.7174,3.72,3.71,3.715,33063.575546,122831.18315339
1789136760000,2026-09-11T14:26:00Z,3.7121,3.72,3.7,3.705,214918.351525,798206.75756385
1789136820000,2026-09-11T14:27:00Z,3.705,3.71,3.7,3.7014,49330.124942,182768.11291011
1789136880000,2026-09-11T14:28:00Z,3.705,3.71,3.705,3.705,9970.509878,36940.73909799
1789136940000,2026-09-11T14:29:00Z,3.7,3.71,3.7,3.705,58817.127933,217917.458991765
1789137000000,2026-09-11T14:30:00Z,3.705,3.71,3.701,3.705,20987.231916,77757.69424878
1789137060000,2026-09-11T14:31:00Z,3.7062,3.71,3.7,3.705,9561.980165,35427.136511325
1789137120000,2026-09-11T14:32:00Z,3.705,3.7086,3.69,3.6901,169609.659049,627827.1139357784
1789137180000,2026-09-11T14:33:00Z,3.69,3.7,3.69,3.69,23972.327479,88577.750034905
1789137240000,2026-09-11T14:34:00Z,3.695,3.7,3.69,3.6942,63234.215095,233650.424776025
1789137300000,2026-09-11T14:35:00Z,3.6901,3.7,3.69,3.69,22175.254348,81937.56481586
1789137360000,2026-09-11T14:36:00Z,3.6918,3.695,3.68,3.685,77823.065408,287369.4513255808
1789137420000,2026-09-11T14:37:00Z,3.685,3.69,3.68,3.6898,13055.009587,48107.710328095
1789137480000,2026-09-11T14:38:00Z,3.685,3.69,3.68,3.6886,25694.179178,94683.05027093
1789137540000,2026-09-11T14:39:00Z,3.68,3.69,3.68,3.6899,28070.524577,103439.883066245
1789137600000,2026-09-11T14:40:00Z,3.68,3.6895,3.68,3.68,29856.39757,110020.82504545
1789137660000,2026-09-11T14:41:00Z,3.685,3.687,3.68,3.68,8066.104051,29723.593427935
1789137720000,2026-09-11T14:42:00Z,3.685,3.69,3.68,3.685,17530.763702,64600.86424187
1789137780000,2026-09-11T14:43:00Z,3.6868,3.69,3.68,3.6869,32263.48919,118890.95766515
1789137840000,2026-09-11T14:44:00Z,3.68,3.6899,3.68,3.68,24525.674521,90377.110609885
1789137900000,2026-09-11T14:45:00Z,3.69,3.7,3.6833,3.6931,108310.655954,399438.8680927566
1789137960000,2026-09-11T14:46:00Z,3.695,3.7,3.69,3.6901,22002.145645,81297.928158275
1789138020000,2026-09-11T14:47:00Z,3.695,3.7,3.695,3.695,11974.897148,44247.24496186
1789138080000,2026-09-11T14:48:00Z,3.695,3.7,3.69,3.699,62108.208105,229489.828947975
1789138140000,2026-09-11T14:49:00Z,3.69,3.7,3.69,3.695,55188.783904,203922.55652528
1789138200000,2026-09-11T14:50:00Z,3.69,3.7,3.69,3.69,32272.935248,119248.49574136
1789138260000,2026-09-11T14:51:00Z,3.695,3.7,3.69,3.6998,62442.687036,230725.72859802
1789138320000,2026-09-11T14:52:00Z,3.6999,3.71,3.695,3.71,135469.744483,501102.584842617
1789138380000,2026-09-11T14:53:00Z,3.7001,3.71,3.7,3.7003,32001,118563.705
1789138440000,2026-09-11T14:54:00Z,3.7,3.71,3.7,3.7,268516.86501,994854.98486205
1789138500000,2026-09-11T14:55:00Z,3.7,3.71,3.7,3.7,22791.462979,84442.370337195
1789138560000,2026-09-11T14:56:00Z,3.7,3.71,3.6901,3.7,54803.778496,202954.8329042368
1789138620000,2026-09-11T14:57:00Z,3.7,3.7,3.69,3.6958,19648.237076,72600.23599582
1789138680000,2026-09-11T14:58:00Z,3.69,3.7,3.69,3.693,38626.031585,142723.186706575
1789138740000,2026-09-11T14:59:00Z,3.6929,3.7,3.6929,3.6997,8150.905773,30117.596831235
1789138800000,2026-09-11T15:00:00Z,3.6999,3.6999,3.69,3.69,13687.869745,50576.678707775
1789138860000,2026-09-11T15:01:00Z,3.695,3.7,3.69,3.692,45696.11412,168847.1416734
1789138920000,2026-09-11T15:02:00Z,3.695,3.698,3.69,3.695,15905.275761,58769.993936895
1789138980000,2026-09-11T15:03:00Z,3.695,3.7,3.69,3.695,14298.5241,52833.0465495
1789139040000,2026-09-11T15:04:00Z,3.695,3.6981,3.69,3.69,16070.612586,59380.91350527
1789139100000,2026-09-11T15:05:00Z,3.692,3.7,3.69,3.69,35826.679794,132379.58183883
1789139160000,2026-09-11T15:06:00Z,3.6971,3.6971,3.69,3.695,14701.080275,54320.491616125
1789139220000,2026-09-11T15:07:00Z,3.69,3.7,3.69,3.69,43132.551351,159374.777241945
1789139280000,2026-09-11T15:08:00Z,3.7,3.7,3.69,3.7,33117.188834,122368.01274163
1789139340000,2026-09-11T15:09:00Z,3.695,3.7,3.69,3.6999,194873.197263,720056.463886785
1789139400000,2026-09-11T15:10:00Z,3.6985,3.7,3.69,3.695,18709.576279,69131.884350905
1789139460000,2026-09-11T15:11:00Z,3.69,3.7,3.69,3.69,111570.202512,412251.89828184
1789139520000,2026-09-11T15:12:00Z,3.6985,3.7,3.69,3.695,20439.681595,75524.623493525
1789139580000,2026-09-11T15:13:00Z,3.69,3.7,3.69,3.6901,14860.33173,54908.92574235
1789139640000,2026-09-11T15:14:00Z,3.695,3.7,3.69,3.695,11525.820819,42587.907926205
1789139700000,2026-09-11T15:15:00Z,3.695,3.7,3.69,3.695,46004.644708,169987.16219606
1789139760000,2026-09-11T15:16:00Z,3.695,3.7,3.69,3.69,59834.322502,221087.82164489
1789139820000,2026-09-11T15:17:00Z,3.69,3.7,3.69,3.695,180886.740142,668376.50482469
1789139880000,2026-09-11T15:18:00Z,3.695,3.71,3.69,3.705,335234.050009,1239762.5637432838
1789139940000,2026-09-11T15:19:00Z,3.71,3.71,3.7001,3.705,20985.028641,77749.531114905
1789140000000,2026-09-11T15:20:00Z,3.71,3.71,3.7,3.7,21305.992071,78938.700623055
1789140060000,2026-09-11T15:21:00Z,3.705,3.71,3.7,3.7,98352.93064,364397.6080212
1789140120000,2026-09-11T15:22:00Z,3.7001,3.71,3.7,3.705,237768.362008,880931.78123964
1789140180000,2026-09-11T15:23:00Z,3.7022,3.705,3.69,3.69,151901.529467,562491.363616301
1789140240000,2026-09-11T15:24:00Z,3.6901,3.7,3.69,3.695,12472.756271,46086.834421345
1789140300000,2026-09-11T15:25:00Z,3.6901,3.6986,3.68,3.685,134297.906031,495868.1584382613
1789140360000,2026-09-11T15:26:00Z,3.685,3.6899,3.68,3.685,20940.245952,77164.80633312
1789140420000,2026-09-11T15:27:00Z,3.68,3.69,3.68,3.6889,36453.079145,134329.596649325
1789140480000,2026-09-11T15:28:00Z,3.69,3.69,3.68,3.685,80126.768386,295267.14150241
1789140540000,2026-09-11T15:29:00Z,3.6899,3.69,3.68,3.6899,247540.466913,912186.620574405
1789140600000,2026-09-11T15:30:00Z,3.6887,3.69,3.68,3.683,165269.393175,609017.713849875
1789140660000,2026-09-11T15:31:00Z,3.685,3.69,3.68,3.68,35288.772651,130039.127218935
1789140720000,2026-09-11T15:32:00Z,3.685,3.69,3.68,3.685,7876.383334,29024.47258579
1789140780000,2026-09-11T15:33:00Z,3.69,3.69,3.68,3.685,26627.76986,98123.3319341
1789140840000,2026-09-11T15:34:00Z,3.6801,3.69,3.68,3.6886,25670.48463,94595.73586155
1789140900000,2026-09-11T15:35:00Z,3.685,3.69,3.68,3.685,18033.070878,66451.86618543
1789140960000,2026-09-11T15:36:00Z,3.6871,3.69,3.68,3.685,19489.292515,71818.042917775
1789141020000,2026-09-11T15:37:00Z,3.685,3.6899,3.68,3.68,16931.077876,62391.02197306
1789141080000,2026-09-11T15:38:00Z,3.685,3.69,3.68,3.685,31585.61111,116392.97694035
1789141140000,2026-09-11T15:39:00Z,3.685,3.69,3.68,3.683,16808.605645,61939.711801825
1789141200000,2026-09-11T15:40:00Z,3.68,3.69,3.68,3.6829,14137.130461,52095.325748785
1789141260000,2026-09-11T15:41:00Z,3.685,3.6899,3.68,3.6824,65590.788983,241702.057402355
1789141320000,2026-09-11T15:42:00Z,3.685,3.6886,3.68,3.6869,9672.822028,35644.34917318
1789141380000,2026-09-11T15:43:00Z,3.69,3.69,3.685,3.69,14634.372182,53927.66149067
1789141440000,2026-09-11T15:44:00Z,3.685,3.69,3.68,3.685,11204,41286.74
1789141500000,2026-09-11T15:45:00Z,3.685,3.69,3.68,3.68,25035.811391,92256.964975835
1789141560000,2026-09-11T15:46:00Z,3.6869,3.69,3.68,3.68,16908.812677,62308.974714745
1789141620000,2026-09-11T15:47:00Z,3.685,3.685,3.67,3.67,182664.266781,672588.0967143201
1789141680000,2026-09-11T15:48:00Z,3.675,3.68,3.67,3.67,41916.742519,154044.028757325
1789141740000,2026-09-11T15:49:00Z,3.67,3.68,3.67,3.672,115522.72548,424546.016139
1789141800000,2026-09-11T15:50:00Z,3.67,3.68,3.67,3.675,108256.186916,397841.4869163
1789141860000,2026-09-11T15:51:00Z,3.675,3.68,3.67,3.6764,23606.854748,86755.1911989
1789141920000,2026-09-11T15:52:00Z,3.675,3.68,3.67,3.68,8652.147465,31796.641933875
1789141980000,2026-09-11T15:53:00Z,3.68,3.68,3.67,3.67,10788.014694,39645.95400045
1789142040000,2026-09-11T15:54:00Z,3.67,3.675,3.67,3.67,114004,418964.7
1789142100000,2026-09-11T15:55:00Z,3.68,3.68,3.67,3.67,52489.068057,192897.325109475
1789142160000,2026-09-11T15:56:00Z,3.67,3.6763,3.67,3.675,21601.17094,79384.3032045
1789142220000,2026-09-11T15:57:00Z,3.675,3.68,3.67,3.68,22349.366552,82133.9220786
1789142280000,2026-09-11T15:58:00Z,3.68,3.68,3.67,3.67,41787.60139,153569.43510825
1789142340000,2026-09-11T15:59:00Z,3.675,3.68,3.67,3.67,20966.1867,77050.7361225
1789142400000,2026-09-11T16:00:00Z,3.67,3.68,3.67,3.68,13923.150493,51167.578061775
1789142460000,2026-09-11T16:01:00Z,3.67,3.68,3.67,3.6726,102779.651268,377715.2184099
1789142520000,2026-09-11T16:02:00Z,3.67,3.68,3.67,3.67,20562.039912,75565.4966766
1789142580000,2026-09-11T16:03:00Z,3.6727,3.6764,3.67,3.67,13193.20087,48485.01319725
1789142640000,2026-09-11T16:04:00Z,3.675,3.68,3.67,3.675,32364.00085,118937.70312375
1789142700000,2026-09-11T16:05:00Z,3.68,3.68,3.67,3.675,35933.6863,132056.2971525
1789142760000,2026-09-11T16:06:00Z,3.67,3.6799,3.67,3.67,5916.53605,21743.26998375
1789142820000,2026-09-11T16:07:00Z,3.6727,3.6799,3.665,3.675,411688.432658,1512954.99001815
1789142880000,2026-09-11T16:08:00Z,3.6701,3.68,3.67,3.675,18214.28754,66937.5067095
1789142940000,2026-09-11T16:09:00Z,3.677,3.68,3.67,3.675,8663.096228,31836.8786379
1789143000000,2026-09-11T16:10:00Z,3.6799,3.68,3.67,3.675,21687.544217,79701.724997475
1789143060000,2026-09-11T16:11:00Z,3.675,3.68,3.67,3.68,109518.104077,402479.032482975
1789143120000,2026-09-11T16:12:00Z,3.6734,3.68,3.6734,3.675,20501.1734,75341.812245
1789143180000,2026-09-11T16:13:00Z,3.6773,3.68,3.6735,3.68,8542.940212,31395.3052791
1789143240000,2026-09-11T16:14:00Z,3.68,3.68,3.67,3.675,6032.524513,22169.527585275
1789143300000,2026-09-11T16:15:00Z,3.67,3.68,3.67,3.6787,78172.299315,287283.199982625
1789143360000,2026-09-11T16:16:00Z,3.67,3.68,3.67,3.68,12531.052646,46051.61847405
1789143420000,2026-09-11T16:17:00Z,3.6788,3.68,3.67,3.68,41846.494851,153785.868577425
1789143480000,2026-09-11T16:18:00Z,3.67,3.68,3.67,3.68,23853.83533,87662.84483775
1789143540000,2026-09-11T16:19:00Z,3.6788,3.68,3.67,3.68,83450.107867,306679.146411225
1789143600000,2026-09-11T16:20:00Z,3.6701,3.68,3.67,3.6784,232949.2257,856088.4044475
1789143660000,2026-09-11T16:21:00Z,3.675,3.68,3.67,3.6799,112934.503625,415034.300821875
1789143720000,2026-09-11T16:22:00Z,3.68,3.68,3.67,3.675,60115.58833,220924.78711275
1789143780000,2026-09-11T16:23:00Z,3.675,3.68,3.67,3.675,32812.478,120585.85665
1789143840000,2026-09-11T16:24:00Z,3.67,3.68,3.67,3.67,16349.872531,60085.781551425
1789143900000,2026-09-11T16:25:00Z,3.67,3.68,3.67,3.67,11601.152554,42634.23563595
1789143960000,2026-09-11T16:26:00Z,3.67,3.675,3.67,3.675,8531.053933,31351.623203775
1789144020000,2026-09-11T16:27:00Z,3.67,3.68,3.67,3.6777,34836.97013,128025.86522775
1789144080000,2026-09-11T16:28:00Z,3.68,3.68,3.67,3.68,85846.751743,315486.812655525
1789144140000,2026-09-11T16:29:00Z,3.6796,3.68,3.67,3.6778,171875.513524,631642.5122007
1789144200000,2026-09-11T16:30:00Z,3.67,3.68,3.67,3.6701,253030.9482,929888.734635
1789144260000,2026-09-11T16:31:00Z,3.68,3.68,3.67,3.68,181078,665461.65
1789144320000,2026-09-11T16:32:00Z,3.679,3.68,3.67,3.68,196125.271864,720760.3741002
1789144380000,2026-09-11T16:33:00Z,3.67,3.68,3.67,3.6799,203569.18647,748116.76027725
1789144440000,2026-09-11T16:34:00Z,3.68,3.68,3.67,3.68,202130.16047,742828.33972725
1789144500000,2026-09-11T16:35:00Z,3.68,3.68,3.67,3.68,199451.591214,732984.59771145
1789144560000,2026-09-11T16:36:00Z,3.6799,3.68,3.67,3.6799,158329.482426,581860.84791555
1789144620000,2026-09-11T16:37:00Z,3.6784,3.68,3.67,3.675,185536.7789,681847.6624575
1789144680000,2026-09-11T16:38:00Z,3.675,3.68,3.67,3.68,4232.92395,15555.99551625
1789144740000,2026-09-11T16:39:00Z,3.675,3.68,3.67,3.678,39983,146937.525
1789144800000,2026-09-11T16:40:00Z,3.675,3.68,3.67,3.675,70967.700926,260806.30090305
1789144860000,2026-09-11T16:41:00Z,3.675,3.68,3.67,3.6799,20037.019028,73636.0449279
1789144920000,2026-09-11T16:42:00Z,3.675,3.68,3.67,3.67,28944.618,106371.47115
1789144980000,2026-09-11T16:43:00Z,3.67,3.68,3.67,3.68,10547.4374,38761.832445
1789145040000,2026-09-11T16:44:00Z,3.678,3.68,3.67,3.68,20640.09304,75852.341922
1789145100000,2026-09-11T16:45:00Z,3.68,3.68,3.6748,3.6795,40141.8351,147521.2439925
1789145160000,2026-09-11T16:46:00Z,3.675,3.68,3.6701,3.6799,74520.52727,273862.93771725
1789145220000,2026-09-11T16:47:00Z,3.6765,3.68,3.67,3.67,160298.921189,589098.535369575
1789145280000,2026-09-11T16:48:00Z,3.68,3.68,3.67,3.6723,134588.79443,494613.81953025
1789145340000,2026-09-11T16:49:00Z,3.68,3.68,3.67,3.675,74883.111061,275195.433149175
1789145400000,2026-09-11T16:50:00Z,3.68,3.68,3.675,3.6779,184945.530608,679674.8249844
1789145460000,2026-09-11T16:51:00Z,3.675,3.68,3.6706,3.6799,195827.148455,719664.770572125
1789145520000,2026-09-11T16:52:00Z,3.675,3.68,3.67,3.6794,163661,601454.175
1789145580000,2026-09-11T16:53:00Z,3.68,3.685,3.67,3.68,444034.048333,1631825.127623775
1789145640000,2026-09-11T16:54:00Z,3.68,3.68,3.67,3.6786,384532.711233,1413157.713781275
1789145700000,2026-09-11T16:55:00Z,3.67,3.68,3.67,3.6787,187836.209521,690298.069989675
1789145760000,2026-09-11T16:56:00Z,3.6799,3.68,3.67,3.68,91719.323615,337068.514285125
1789145820000,2026-09-11T16:57:00Z,3.68,3.68,3.67,3.6783,177919.687951,653854.853219925
1789145880000,2026-09-11T16:58:00Z,3.6786,3.68,3.67,3.68,131293,482501.775
1789145940000,2026-09-11T16:59:00Z,3.6799,3.69,3.67,3.69,355780.519991,1308204.972006907
1789146000000,2026-09-11T17:00:00Z,3.69,3.69,3.68,3.68,26500.680556,97655.00784886
1789146060000,2026-09-11T17:01:00Z,3.68,3.69,3.68,3.6801,322650.7055,1188967.8497675
1789146120000,2026-09-11T17:02:00Z,3.68,3.69,3.68,3.6802,246684.373442,909031.91613377
1789146180000,2026-09-11T17:03:00Z,3.6801,3.69,3.68,3.68,338279,1245137.7686
1789146240000,2026-09-11T17:04:00Z,3.6817,3.69,3.674,3.6785,257321.239145,947585.4631514625
1789146300000,2026-09-11T17:05:00Z,3.68,3.68,3.67,3.6784,26272.93478,96553.0353165
1789146360000,2026-09-11T17:06:00Z,3.67,3.68,3.67,3.67,15562.33695,57191.58829125
1789146420000,2026-09-11T17:07:00Z,3.675,3.68,3.67,3.675,14517.230362,53350.82158035
1789146480000,2026-09-11T17:08:00Z,3.68,3.68,3.67,3.6784,140568.17391,516588.03911925
1789146540000,2026-09-11T17:09:00Z,3.6799,3.68,3.67,3.6788,257334,945702.45
1789146600000,2026-09-11T17:10:00Z,3.67,3.69,3.67,3.683,322079.178877,1184059.6853055151
1789146660000,2026-09-11T17:11:00Z,3.6828,3.69,3.68,3.68,61787.164351,227660.9857676946
1789146720000,2026-09-11T17:12:00Z,3.685,3.69,3.68,3.69,28523.026028,105107.35091318
1789146780000,2026-09-11T17:13:00Z,3.6868,3.69,3.68,3.68,20712.90098,76327.0401113
1789146840000,2026-09-11T17:14:00Z,3.69,3.69,3.68,3.685,26257.6716,96759.519846
1789146900000,2026-09-11T17:15:00Z,3.68,3.69,3.68,3.69,16554.717925,61004.135553625
1789146960000,2026-09-11T17:16:00Z,3.6869,3.69,3.68,3.6867,17543.137042,64646.45999977
1789147020000,2026-09-11T17:17:00Z,3.685,3.69,3.68,3.6828,59987.243083,221052.990760855
1789147080000,2026-09-11T17:18:00Z,3.68,3.6863,3.68,3.6813,203765.5503,750876.0528555
1789147140000,2026-09-11T17:19:00Z,3.6801,3.69,3.68,3.68,321454.4058,1184559.485373
1789147200000,2026-09-11T17:20:00Z,3.6825,3.685,3.68,3.6838,10295.065155,37937.315096175
1789147260000,2026-09-11T17:21:00Z,3.68,3.685,3.67,3.675,182533.861423,672016.6642149168
1789147320000,2026-09-11T17:22:00Z,3.68,3.68,3.67,3.675,74704.30009,274538.30283075
1789147380000,2026-09-11T17:23:00Z,3.68,3.68,3.67,3.68,105471.2369,387606.7956075
1789147440000,2026-09-11T17:24:00Z,3.68,3.68,3.67,3.6799,52030.449,191211.900075
1789147500000,2026-09-11T17:25:00Z,3.6799,3.68,3.67,3.68,68898.821771,253203.170008425
1789147560000,2026-09-11T17:26:00Z,3.67,3.68,3.67,3.675,16250.543972,59720.7490971
1789147620000,2026-09-11T17:27:00Z,3.68,3.68,3.67,3.6788,83529.026094,306969.17089545
1789147680000,2026-09-11T17:28:00Z,3.675,3.68,3.67,3.67,57827.371275,212515.589435625
1789147740000,2026-09-11T17:29:00Z,3.68,3.68,3.67,3.6788,30798.547769,113184.663051075
1789147800000,2026-09-11T17:30:00Z,3.675,3.68,3.67,3.68,75541.537469,277615.150198575
1789147860000,2026-09-11T17:31:00Z,3.675,3.68,3.67,3.68,51845.35936,190531.695648
1789147920000,2026-09-11T17:32:00Z,3.67,3.68,3.67,3.6701,25037.489604,92012.7742947
1789147980000,2026-09-11T17:33:00Z,3.67,3.68,3.67,3.675,11960.49636,43954.824123
1789148040000,2026-09-11T17:34:00Z,3.67,3.675,3.67,3.67,4466.71953,16415.19427275
1789148100000,2026-09-11T17:35:00Z,3.67,3.68,3.67,3.67,12945.177112,47573.5258866
1789148160000,2026-09-11T17:36:00Z,3.67,3.6799,3.67,3.67,8589.53189,31566.52969575
1789148220000,2026-09-11T17:37:00Z,3.68,3.68,3.67,3.675,43928.456209,161437.076568075
1789148280000,2026-09-11T17:38:00Z,3.675,3.68,3.67,3.67,9887.014553,36334.778482275
1789148340000,2026-09-11T17:39:00Z,3.675,3.68,3.67,3.67,7640.109168,28077.4011924
1789148400000,2026-09-11T17:40:00Z,3.68,3.68,3.67,3.675,11234.527786,41286.88961355
1789148460000,2026-09-11T17:41:00Z,3.6754,3.68,3.67,3.68,8516.543247,31298.296432725
1789148520000,2026-09-11T17:42:00Z,3.68,3.68,3.67,3.67,469086.825479,1723894.083635325
1789148580000,2026-09-11T17:43:00Z,3.675,3.68,3.67,3.68,16466.473221,60514.289087175
1789148640000,2026-09-11T17:44:00Z,3.675,3.68,3.67,3.68,12948,47583.9
1789148700000,2026-09-11T17:45:00Z,3.68,3.68,3.67,3.68,49413.684706,181595.29129455
1789148760000,2026-09-11T17:46:00Z,3.68,3.68,3.67,3.68,6190.976785,22751.839684875
1789148820000,2026-09-11T17:47:00Z,3.68,3.68,3.67,3.67,9799.734584,36014.0245962
1789148880000,2026-09-11T17:48:00Z,3.67,3.68,3.67,3.679,26059.943192,95770.2912306
1789148940000,2026-09-11T17:49:00Z,3.68,3.68,3.67,3.68,77070.13,283232.72775
1789149000000,2026-09-11T17:50:00Z,3.6799,3.68,3.674,3.6793,642464.170182,2361055.82541885
1789149060000,2026-09-11T17:51:00Z,3.68,3.69,3.67,3.6823,223647.193585,822350.730812045
1789149120000,2026-09-11T17:52:00Z,3.6869,3.69,3.685,3.685,10230.78426,37700.4399981
1789149180000,2026-09-11T17:53:00Z,3.6869,3.69,3.68,3.69,10545.072864,38858.59350384
1789149240000,2026-09-11T17:54:00Z,3.69,3.69,3.68,3.685,9736.13451,35877.65566935
1789149300000,2026-09-11T17:55:00Z,3.6865,3.69,3.68,3.68,17804,65607.74
1789149360000,2026-09-11T17:56:00Z,3.69,3.69,3.68,3.6886,5709.552691,21039.701666335
1789149420000,2026-09-11T17:57:00Z,3.68,3.6865,3.68,3.68,51703,190525.555
1789149480000,2026-09-11T17:58:00Z,3.685,3.69,3.68,3.68,6585.453244,24267.39520414
1789149540000,2026-09-11T17:59:00Z,3.69,3.69,3.68,3.68,7075.137042,26071.87999977
1789149600000,2026-09-11T18:00:00Z,3.685,3.685,3.68,3.68,14561.96667,53660.84717895
1789149660000,2026-09-11T18:01:00Z,3.685,3.685,3.67,3.675,100097.94059,368670.724987029
1789149720000,2026-09-11T18:02:00Z,3.675,3.68,3.67,3.6769,23167.604506,85140.94655955
1789149780000,2026-09-11T18:03:00Z,3.68,3.68,3.67,3.67,8057.08843,29609.79998025
1789149840000,2026-09-11T18:04:00Z,3.6772,3.68,3.67,3.675,8560.800085,31460.940312375
1789149900000,2026-09-11T18:05:00Z,3.675,3.68,3.67,3.675,8159.51154,29986.2049095
1789149960000,2026-09-11T18:06:00Z,3.67,3.68,3.67,3.67,21326.26861,78374.03714175
1789150020000,2026-09-11T18:07:00Z,3.6736,3.68,3.67,3.67,116787.04988,429192.408309
1789150080000,2026-09-11T18:08:00Z,3.67,3.68,3.67,3.67,10455.586534,38424.28051245
1789150140000,2026-09-11T18:09:00Z,3.6785,3.68,3.67,3.675,10181.75,37417.93125
1789150200000,2026-09-11T18:10:00Z,3.68,3.68,3.67,3.6735,10164.55358,37354.7344065
1789150260000,2026-09-11T18:11:00Z,3.67,3.6799,3.67,3.67,8189.46798,30096.2948265
1789150320000,2026-09-11T18:12:00Z,3.68,3.68,3.67,3.675,11587.343108,42583.4859219
1789150380000,2026-09-11T18:13:00Z,3.68,3.68,3.67,3.68,9631.857024,35397.0745632
1789150440000,2026-09-11T18:14:00Z,3.67,3.6771,3.67,3.6771,5185.396657,19056.332714475
1789150500000,2026-09-11T18:15:00Z,3.67,3.68,3.67,3.67,9035.23807,33204.49990725
1789150560000,2026-09-11T18:16:00Z,3.6771,3.6771,3.67,3.675,5846.65871,21486.47075925
1789150620000,2026-09-11T18:17:00Z,3.67,3.675,3.67,3.675,17304.40136,63593.674998
1789150680000,2026-09-11T18:18:00Z,3.678,3.68,3.67,3.675,104806.40136,385163.524998
1789150740000,2026-09-11T18:19:00Z,3.6787,3.68,3.67,3.675,133861.465898,491940.88717515
1789150800000,2026-09-11T18:20:00Z,3.68,3.68,3.67,3.67,84324.59965,309892.90371375
1789150860000,2026-09-11T18:21:00Z,3.67,3.68,3.67,3.6739,21755.73799,79952.33711325
1789150920000,2026-09-11T18:22:00Z,3.672,3.68,3.67,3.67,23998.451402,88194.30890235
1789150980000,2026-09-11T18:23:00Z,3.67,3.68,3.67,3.6778,20332.65442,74722.5049935
1789151040000,2026-09-11T18:24:00Z,3.68,3.68,3.67,3.6783,42851.36054,157478.7499845
1789151100000,2026-09-11T18:25:00Z,3.67,3.68,3.67,3.6786,36638.093448,134644.9934214
1789151160000,2026-09-11T18:26:00Z,3.67,3.675,3.67,3.6741,13297.36054,48867.7999845
1789151220000,2026-09-11T18:27:00Z,3.675,3.6797,3.67,3.6741,3240.871533,11910.202883775
1789151280000,2026-09-11T18:28:00Z,3.675,3.68,3.675,3.68,17689.271739,65008.073640825
1789151340000,2026-09-11T18:29:00Z,3.6794,3.68,3.67,3.68,3513.3,12911.3775
1789151400000,2026-09-11T18:30:00Z,3.675,3.6799,3.67,3.675,40850.643905,150126.116350875
1789151460000,2026-09-11T18:31:00Z,3.675,3.675,3.67,3.675,30866.45348,113434.216539
1789151520000,2026-09-11T18:32:00Z,3.675,3.6799,3.67,3.675,12130.310375,44578.890628125
1789151580000,2026-09-11T18:33:00Z,3.67,3.68,3.67,3.675,37360.761541,137300.798663175
1789151640000,2026-09-11T18:34:00Z,3.68,3.68,3.67,3.68,7450.346414,27380.02307145
1789151700000,2026-09-11T18:35:00Z,3.675,3.68,3.67,3.675,31287,114979.725
1789151760000,2026-09-11T18:36:00Z,3.675,3.68,3.67,3.675,9567.312681,35159.874102675
1789151820000,2026-09-11T18:37:00Z,3.675,3.68,3.6705,3.68,7958.095763,29246.001929025
1789151880000,2026-09-11T18:38:00Z,3.68,3.68,3.67,3.6737,11427.389311,41995.655717925
1789151940000,2026-09-11T18:39:00Z,3.67,3.68,3.67,3.68,14222,52265.85
1789152000000,2026-09-11T18:40:00Z,3.673,3.68,3.67,3.6737,16152.662545,59361.034852875
1789152060000,2026-09-11T18:41:00Z,3.67,3.675,3.67,3.675,5471,20105.925
1789152120000,2026-09-11T18:42:00Z,3.68,3.68,3.67,3.675,9564.895194,35150.98983795
1789152180000,2026-09-11T18:43:00Z,3.67,3.68,3.67,3.6786,27990.078705,102863.539240875
1789152240000,2026-09-11T18:44:00Z,3.67,3.68,3.67,3.675,13358.26915,49091.63912625
1789152300000,2026-09-11T18:45:00Z,3.6794,3.68,3.67,3.675,14001.04176,51453.828468
1789152360000,2026-09-11T18:46:00Z,3.67,3.68,3.67,3.67,10479,38510.325
1789152420000,2026-09-11T18:47:00Z,3.675,3.68,3.67,3.67,8906.171521,32730.180339675
1789152480000,2026-09-11T18:48:00Z,3.6799,3.68,3.67,3.67,13383.641665,49184.883118875
1789152540000,2026-09-11T18:49:00Z,3.68,3.68,3.67,3.675,10274.720007,37759.596025725
1789152600000,2026-09-11T18:50:00Z,3.68,3.68,3.67,3.6786,23652,86921.1
1789152660000,2026-09-11T18:51:00Z,3.68,3.68,3.67,3.6786,56454,207468.45
1789152720000,2026-09-11T18:52:00Z,3.6775,3.68,3.67,3.6776,13134.467629,48269.168536575
1789152780000,2026-09-11T18:53:00Z,3.675,3.68,3.67,3.67,13638.992052,50123.2957911
1789152840000,2026-09-11T18:54:00Z,3.6701,3.6799,3.67,3.67,9342.925262,34335.25033785
1789152900000,2026-09-11T18:55:00Z,3.67,3.68,3.67,3.68,8898.59917,32702.35194975
1789152960000,2026-09-11T18:56:00Z,3.675,3.68,3.67,3.67,10654.474308,39155.1930819
1789153020000,2026-09-11T18:57:00Z,3.676,3.68,3.67,3.67,15171.576514,55755.54368895
1789153080000,2026-09-11T18:58:00Z,3.67,3.68,3.67,3.6739,21004.890046,77192.97091905
1789153140000,2026-09-11T18:59:00Z,3.68,3.68,3.67,3.67,7267,26706.225
1789153200000,2026-09-11T19:00:00Z,3.6776,3.68,3.67,3.6738,42049.12396,154530.530553
1789153260000,2026-09-11T19:01:00Z,3.6731,3.68,3.67,3.67,144576.785486,531319.68666105
1789153320000,2026-09-11T19:02:00Z,3.68,3.68,3.67,3.67,13910.85817,51122.40377475
1789153380000,2026-09-11T19:03:00Z,3.67,3.675,3.67,3.67,12859.822692,47259.8483931
1789153440000,2026-09-11T19:04:00Z,3.6701,3.68,3.67,3.6732,19649.82423,72213.10404525
1789153500000,2026-09-11T19:05:00Z,3.68,3.68,3.67,3.6701,41031.991742,150792.56965185
1789153560000,2026-09-11T19:06:00Z,3.6701,3.68,3.67,3.6727,14664.047723,53890.375382025
1789153620000,2026-09-11T19:07:00Z,3.67,3.68,3.67,3.67,13989.35954,51410.8963095
1789153680000,2026-09-11T19:08:00Z,3.67,3.68,3.67,3.68,20993.076005,77149.554318375
1789153740000,2026-09-11T19:09:00Z,3.67,3.68,3.67,3.68,14234.384784,52311.3640812
1789153800000,2026-09-11T19:10:00Z,3.68,3.68,3.67,3.67,10094,37095.45
1789153860000,2026-09-11T19:11:00Z,3.68,3.68,3.67,3.6768,11820.503231,43440.349373925
1789153920000,2026-09-11T19:12:00Z,3.6735,3.68,3.66,3.665,212477.571665,780451.3684827115
1789153980000,2026-09-11T19:13:00Z,3.665,3.67,3.66,3.66,57301.396012,210336.2343412484
1789154040000,2026-09-11T19:14:00Z,3.67,3.67,3.66,3.665,17332.285,63522.824525
1789154100000,2026-09-11T19:15:00Z,3.66,3.67,3.66,3.67,26426.47503,96853.03098495
1789154160000,2026-09-11T19:16:00Z,3.67,3.67,3.66,3.6699,11202.71131,41057.93695115
1789154220000,2026-09-11T19:17:00Z,3.67,3.67,3.66,3.665,54476.365811,199655.880697315
1789154280000,2026-09-11T19:18:00Z,3.665,3.67,3.66,3.665,13100.006209,48011.522755985
1789154340000,2026-09-11T19:19:00Z,3.665,3.67,3.66,3.665,39373.136,144302.54344
1789154400000,2026-09-11T19:20:00Z,3.665,3.67,3.66,3.665,13528.13096,49580.5999684
1789154460000,2026-09-11T19:21:00Z,3.665,3.67,3.66,3.67,8880.718768,32547.83428472
1789154520000,2026-09-11T19:22:00Z,3.6636,3.67,3.66,3.6618,23896.7107,87581.4447155
1789154580000,2026-09-11T19:23:00Z,3.67,3.67,3.66,3.66,13154.180144,48210.07022776
1789154640000,2026-09-11T19:24:00Z,3.67,3.67,3.66,3.665,21395,78412.675
1789154700000,2026-09-11T19:25:00Z,3.66,3.67,3.66,3.6663,13585.594053,49791.202204245
1789154760000,2026-09-11T19:26:00Z,3.66,3.67,3.66,3.67,11435,41909.275
1789154820000,2026-09-11T19:27:00Z,3.665,3.67,3.66,3.66,10514.39,38535.23935
1789154880000,2026-09-11T19:28:00Z,3.665,3.6699,3.66,3.6699,10143.906215,37177.416277975
1789154940000,2026-09-11T19:29:00Z,3.67,3.67,3.66,3.66,17404,63785.66
1789155000000,2026-09-11T19:30:00Z,3.67,3.67,3.655,3.665,334859.817059,1227261.229521235
1789155060000,2026-09-11T19:31:00Z,3.665,3.67,3.66,3.66,10141.73451,37169.45697915
1789155120000,2026-09-11T19:32:00Z,3.6636,3.67,3.66,3.66,27219.0076,99757.662854
1789155180000,2026-09-11T19:33:00Z,3.665,3.67,3.6641,3.665,46678.600833,171077.072052945
1789155240000,2026-09-11T19:34:00Z,3.665,3.675,3.66,3.675,502134.07903,1840371.613052853
1789155300000,2026-09-11T19:35:00Z,3.675,3.68,3.67,3.675,24830.319,91251.422325
1789155360000,2026-09-11T19:36:00Z,3.68,3.68,3.67,3.6701,33464.461049,122981.894355075
1789155420000,2026-09-11T19:37:00Z,3.675,3.68,3.67,3.67,25294.654136,92957.8539498
1789155480000,2026-09-11T19:38:00Z,3.6701,3.68,3.6701,3.6726,21690.212759,79711.531889325
1789155540000,2026-09-11T19:39:00Z,3.675,3.68,3.675,3.6758,25601,94083.675
1789155600000,2026-09-11T19:40:00Z,3.68,3.68,3.67,3.675,57849.71739,212597.71140825
1789155660000,2026-09-11T19:41:00Z,3.675,3.68,3.665,3.675,303658.10025,1115214.73897815
1789155720000,2026-09-11T19:42:00Z,3.67,3.68,3.67,3.675,35253.499261,129556.609784175
1789155780000,2026-09-11T19:43:00Z,3.675,3.6776,3.67,3.67,31345.937289,115196.319537075
1789155840000,2026-09-11T19:44:00Z,3.6764,3.68,3.67,3.68,44894.815134,164988.44561745
1789155900000,2026-09-11T19:45:00Z,3.67,3.68,3.67,3.6799,60398.065941,221962.892333175
1789155960000,2026-09-11T19:46:00Z,3.67,3.68,3.67,3.67,31482.929735,115699.766776125
1789156020000,2026-09-11T19:47:00Z,3.68,3.68,3.67,3.67,34051.077785,125137.710859875
1789156080000,2026-09-11T19:48:00Z,3.6701,3.68,3.67,3.67,50392.408594,185192.10158295
1789156140000,2026-09-11T19:49:00Z,3.675,3.68,3.67,3.675,38813.838389,142640.856079575
1789156200000,2026-09-11T19:50:00Z,3.675,3.68,3.67,3.675,141444.818518,519809.70805365
1789156260000,2026-09-11T19:51:00Z,3.68,3.68,3.67,3.675,150344.728873,552516.878608275
1789156320000,2026-09-11T19:52:00Z,3.68,3.68,3.67,3.675,25403.99613,93359.68577775
1789156380000,2026-09-11T19:53:00Z,3.6795,3.68,3.6723,3.675,102816.239464,377849.6800302
1789156440000,2026-09-11T19:54:00Z,3.68,3.69,3.67,3.685,311274.581502,1145116.9304295576
1789156500000,2026-09-11T19:55:00Z,3.69,3.69,3.67,3.67,466232.240358,1717413.0805827288
1789156560000,2026-09-11T19:56:00Z,3.675,3.68,3.67,3.675,194585.860641,715103.037855675
1789156620000,2026-09-11T19:57:00Z,3.675,3.69,3.6743,3.6833,559011.84123,2056157.354412186
1789156680000,2026-09-11T19:58:00Z,3.685,3.69,3.68,3.685,290837.39479,1071735.79980115
1789156740000,2026-09-11T19:59:00Z,3.685,3.69,3.68,3.69,508774.076696,1874832.47262476
1789156800000,2026-09-11T20:00:00Z,3.69,3.69,3.6802,3.6802,1802120.072419,6640812.466864015
1789156860000,2026-09-11T20:01:00Z,3.6815,3.69,3.6815,3.69,7477,27552.745
1789156920000,2026-09-11T20:02:00Z,3.68,3.68,3.68,3.68,6005,22128.425
1789157040000,2026-09-11T20:04:00Z,3.69,3.69,3.6808,3.6899,3506.428042,12921.18733477
1789157100000,2026-09-11T20:05:00Z,3.7,3.71,3.7,3.7,65490,241900.413
1789157160000,2026-09-11T20:06:00Z,3.7,3.7085,3.7,3.7,51173,188829.0565
1789157340000,2026-09-11T20:09:00Z,3.6998,3.6998,3.69,3.69,7039,26009.105
1789157400000,2026-09-11T20:10:00Z,3.69,3.7,3.69,3.7,5525.5886,20417.049877
1789157460000,2026-09-11T20:11:00Z,3.69,3.69,3.69,3.69,13116,48463.62
1789157520000,2026-09-11T20:12:00Z,3.7,3.7,3.7,3.7,14417,53270.815
1789157580000,2026-09-11T20:13:00Z,3.7,3.7,3.69,3.69,8186,30247.27
1789157640000,2026-09-11T20:14:00Z,3.7,3.7,3.69,3.69,9014,33306.73
1789157700000,2026-09-11T20:15:00Z,3.69,3.6901,3.69,3.69,49701.805,183648.169475
1789157760000,2026-09-11T20:16:00Z,3.69,3.7,3.69,3.7,8272,30565.04
1789157820000,2026-09-11T20:17:00Z,3.7,3.7,3.7,3.7,8214,30350.73
1789157880000,2026-09-11T20:18:00Z,3.695,3.7,3.695,3.7,7305.431382,26993.56895649
1789157940000,2026-09-11T20:19:00Z,3.6901,3.6901,3.6901,3.6901,9827,36310.765
1789158000000,2026-09-11T20:20:00Z,3.69,3.7,3.69,3.7,5877,21715.515
1789158180000,2026-09-11T20:23:00Z,3.6993,3.6993,3.6993,3.6993,5208,19243.56
1789158240000,2026-09-11T20:24:00Z,3.6993,3.6993,3.6993,3.6993,8400.992079,31041.665731905
1789158300000,2026-09-11T20:25:00Z,3.69,3.7,3.69,3.7,12002.997486,44351.07571077
1789158360000,2026-09-11T20:26:00Z,3.6993,3.7,3.6993,3.6993,18032.031951,66628.358058945
1789158480000,2026-09-11T20:28:00Z,3.6999,3.6999,3.6999,3.6999,6950,25680.25
1789158540000,2026-09-11T20:29:00Z,3.7,3.7,3.7,3.7,7425,27435.375
1789158660000,2026-09-11T20:31:00Z,3.6985,3.6985,3.6985,3.6985,5603,20703.085
1789158720000,2026-09-11T20:32:00Z,3.69,3.7,3.69,3.7,43892,162180.94
1789158780000,2026-09-11T20:33:00Z,3.6993,3.6993,3.6993,3.6993,6402,23655.39
1789158960000,2026-09-11T20:36:00Z,3.6993,3.6993,3.69,3.6993,15498.5,57266.9575
1789159020000,2026-09-11T20:37:00Z,3.7,3.7,3.7,3.7,13513,49998.1
1789159200000,2026-09-11T20:40:00Z,3.69,3.69,3.69,3.69,6202.355013,22917.701773035
1789159260000,2026-09-11T20:41:00Z,3.7,3.7,3.6985,3.6985,4418,16324.51
1789159320000,2026-09-11T20:42:00Z,3.6993,3.6993,3.69,3.69,7407.289266,27369.93383787
1789159380000,2026-09-11T20:43:00Z,3.69,3.69,3.69,3.69,6015.571933,22227.538292435
1789159440000,2026-09-11T20:44:00Z,3.7,3.7,3.7,3.7,6876.24054,25407.7087953
1789159680000,2026-09-11T20:48:00Z,3.6985,3.6993,3.6985,3.6993,5338,19723.91
1789159740000,2026-09-11T20:49:00Z,3.69,3.6901,3.69,3.6901,5960,22022.2
1789159800000,2026-09-11T20:50:00Z,3.7,3.7,3.6793,3.6793,47240,174249.464
1789159860000,2026-09-11T20:51:00Z,3.69,3.69,3.69,3.69,36100,133028.5
1789159920000,2026-09-11T20:52:00Z,3.6899,3.69,3.6899,3.69,45138,166333.53
1789159980000,2026-09-11T20:53:00Z,3.69,3.69,3.68,3.68,2,7.37
1789160220000,2026-09-11T20:57:00Z,3.6898,3.6898,3.6898,3.6898,9501,35011.185
1789160280000,2026-09-11T20:58:00Z,3.6893,3.6893,3.6885,3.6893,8012,29524.22
1789160340000,2026-09-11T20:59:00Z,3.68,3.6898,3.68,3.6898,8598,31683.63
1789160400000,2026-09-11T21:00:00Z,3.6893,3.6893,3.6893,3.6893,12001.837746,44226.77209401
1789160460000,2026-09-11T21:01:00Z,3.68,3.68,3.68,3.68,17600,64768
1789160580000,2026-09-11T21:03:00Z,3.69,3.69,3.69,3.69,10705,39447.925
1789160640000,2026-09-11T21:04:00Z,3.6893,3.6893,3.6893,3.6893,10977,40450.245
1789160700000,2026-09-11T21:05:00Z,3.6885,3.6893,3.6885,3.6893,9230,34012.55
1789160760000,2026-09-11T21:06:00Z,3.6801,3.6801,3.6801,3.6801,1,3.6801
1789161180000,2026-09-11T21:13:00Z,3.6885,3.6893,3.6885,3.6893,3,11.0663
1789161300000,2026-09-11T21:15:00Z,3.6885,3.69,3.6885,3.6897,706.021871,2601.690594635
1789161360000,2026-09-11T21:16:00Z,3.69,3.69,3.68,3.68,516,1901.46
1789161420000,2026-09-11T21:17:00Z,3.6801,3.6897,3.6801,3.6897,9,33.1593
1789161480000,2026-09-11T21:18:00Z,3.6807,3.69,3.6807,3.69,1.080703,3.982390555
1789161540000,2026-09-11T21:19:00Z,3.69,3.69,3.69,3.69,1,3.69
1789161720000,2026-09-11T21:22:00Z,3.6803,3.6803,3.6803,3.6803,706,2601.61
1789161780000,2026-09-11T21:23:00Z,3.68,3.69,3.68,3.68,48,176.88
1789161840000,2026-09-11T21:24:00Z,3.6807,3.6807,3.6807,3.6807,401.019043,1477.755173455
1789161900000,2026-09-11T21:25:00Z,3.6893,3.6893,3.6893,3.6893,75,276.6975
1789162260000,2026-09-11T21:31:00Z,3.68,3.68,3.68,3.68,2,7.37
1789162320000,2026-09-11T21:32:00Z,3.69,3.69,3.69,3.69,250,921.25
1789162380000,2026-09-11T21:33:00Z,3.6807,3.6807,3.6807,3.6807,54.33749,200.23365065
1789162500000,2026-09-11T21:35:00Z,3.69,3.69,3.69,3.69,11,40.535
1789162560000,2026-09-11T21:36:00Z,3.68,3.68,3.68,3.68,114,420.09
1789162620000,2026-09-11T21:37:00Z,3.69,3.69,3.68,3.68,10,36.82
1789162740000,2026-09-11T21:39:00Z,3.69,3.69,3.69,3.69,7,25.83
1789162860000,2026-09-11T21:41:00Z,3.68,3.68,3.68,3.68,43,158.24
1789162920000,2026-09-11T21:42:00Z,3.6892,3.6892,3.6892,3.6892,1000.542122,3686.99771957
1789162980000,2026-09-11T21:43:00Z,3.6892,3.69,3.6807,3.6807,47.908673,176.543460005
1789163160000,2026-09-11T21:46:00Z,3.69,3.69,3.69,3.69,50,184.5
1789163460000,2026-09-11T21:51:00Z,3.69,3.69,3.69,3.69,2,7.38
1789163520000,2026-09-11T21:52:00Z,3.6892,3.6892,3.6892,3.6892,1.084245,3.995442825
1789163580000,2026-09-11T21:53:00Z,3.69,3.69,3.69,3.69,50,184.5
1789163700000,2026-09-11T21:55:00Z,3.6892,3.6892,3.6892,3.6892,188,692.78
1789163820000,2026-09-11T21:57:00Z,3.6892,3.6892,3.68,3.68,90.609888,333.89743728
1789163880000,2026-09-11T21:58:00Z,3.6899,3.6899,3.6899,3.6899,22,81.1778
1789164120000,2026-09-11T22:02:00Z,3.6892,3.6892,3.6892,3.6892,104,383.24
1789164180000,2026-09-11T22:03:00Z,3.69,3.69,3.69,3.69,10,36.9
1789164240000,2026-09-11T22:04:00Z,3.69,3.69,3.6892,3.69,8.35,30.76975
1789164300000,2026-09-11T22:05:00Z,3.69,3.69,3.69,3.69,9,33.165
1789164360000,2026-09-11T22:06:00Z,3.69,3.69,3.68,3.68,9,33.1791
1789164480000,2026-09-11T22:08:00Z,3.69,3.69,3.68,3.68,160,589.6
1789164600000,2026-09-11T22:10:00Z,3.69,3.69,3.6801,3.6807,90.074668,331.92515158
1789164660000,2026-09-11T22:11:00Z,3.6802,3.6802,3.6802,3.6802,3,11.0406
1789164900000,2026-09-11T22:15:00Z,3.68,3.6801,3.68,3.6801,29808,109696.4188
1789164960000,2026-09-11T22:16:00Z,3.68,3.68,3.68,3.68,1340,4937.9
1789165080000,2026-09-11T22:18:00Z,3.6809,3.6809,3.6809,3.6809,361.887148,1333.55414038
1789165140000,2026-09-11T22:19:00Z,3.6807,3.6807,3.6807,3.6807,5,18.4035
1789165380000,2026-09-11T22:23:00Z,3.6807,3.6807,3.6807,3.6807,58.384734,215.14774479
1789165500000,2026-09-11T22:25:00Z,3.68,3.68,3.68,3.68,403,1485.055
1789165620000,2026-09-11T22:27:00Z,3.6898,3.69,3.6885,3.6885,47,173.3964
1789165680000,2026-09-11T22:28:00Z,3.6899,3.6899,3.6801,3.6801,50,184.25
1789165740000,2026-09-11T22:29:00Z,3.68,3.68,3.68,3.68,501,1846.185
1789165860000,2026-09-11T22:31:00Z,3.69,3.69,3.69,3.69,2,7.38
1789165980000,2026-09-11T22:33:00Z,3.6892,3.69,3.6892,3.6892,54.212077,199.771503745
1789166040000,2026-09-11T22:34:00Z,3.69,3.69,3.6807,3.685,60,221.3242
1789166760000,2026-09-11T22:46:00Z,3.68,3.68,3.68,3.68,50,184
1789166820000,2026-09-11T22:47:00Z,3.6892,3.6892,3.6892,3.6892,1405,5177.425
1789167180000,2026-09-11T22:53:00Z,3.6807,3.69,3.6807,3.69,51.949697,191.434633445
1789167480000,2026-09-11T22:58:00Z,3.68,3.68,3.68,3.68,5,18.4
1789167600000,2026-09-11T23:00:00Z,3.68,3.68,3.68,3.68,60,221.1
1789167720000,2026-09-11T23:02:00Z,3.6898,3.6898,3.6898,3.6898,2,7.3796
1789167840000,2026-09-11T23:04:00Z,3.69,3.69,3.69,3.69,45,166.05
1789167960000,2026-09-11T23:06:00Z,3.6899,3.6899,3.6899,3.6899,2004,7384.74
1789168020000,2026-09-11T23:07:00Z,3.6897,3.6897,3.6897,3.6897,80,294.8
1789168080000,2026-09-11T23:08:00Z,3.69,3.69,3.69,3.69,1500,5527.5
1789168140000,2026-09-11T23:09:00Z,3.6898,3.6898,3.6898,3.6898,5,18.449
1789168380000,2026-09-11T23:13:00Z,3.6892,3.69,3.6892,3.69,55.421229,204.227228865
1789168500000,2026-09-11T23:15:00Z,3.6807,3.69,3.6807,3.69,12,44.1777
1789168620000,2026-09-11T23:17:00Z,3.6807,3.681,3.68,3.68,1115,4108.775
1789168860000,2026-09-11T23:21:00Z,3.6807,3.6807,3.6807,3.6807,51,187.7157
1789168920000,2026-09-11T23:22:00Z,3.6802,3.6802,3.6802,3.6802,15,55.203
1789169220000,2026-09-11T23:27:00Z,3.6807,3.6807,3.6807,3.6807,74,272.3718
1789169400000,2026-09-11T23:30:00Z,3.69,3.69,3.69,3.69,6,22.14
1789169580000,2026-09-11T23:33:00Z,3.685,3.685,3.685,3.685,2,7.37
1789169640000,2026-09-11T23:34:00Z,3.685,3.685,3.685,3.685,2,7.37
1789169820000,2026-09-11T23:37:00Z,3.69,3.69,3.69,3.69,82,302.58
1789170240000,2026-09-11T23:44:00Z,3.6815,3.69,3.6815,3.69,209,770.165
1789170540000,2026-09-11T23:49:00Z,3.6892,3.6892,3.6892,3.6892,1,3.6892
1789170660000,2026-09-11T23:51:00Z,3.69,3.69,3.69,3.69,46,169.74
1789170720000,2026-09-11T23:52:00Z,3.69,3.69,3.68,3.6897,3015,11110.275
1789170780000,2026-09-11T23:53:00Z,3.6897,3.69,3.6897,3.69,2389,8803.465
1789170840000,2026-09-11T23:54:00Z,3.69,3.69,3.6892,3.6892,590,2174.15
1789170900000,2026-09-11T23:55:00Z,3.6899,3.6899,3.6899,3.6899,3508,12914.0004
1789170960000,2026-09-11T23:56:00Z,3.6803,3.6803,3.6801,3.6801,191,703.8923
1789171020000,2026-09-11T23:57:00Z,3.68,3.6885,3.68,3.6885,3041,11197.8743
1789171140000,2026-09-11T23:59:00Z,3.69,3.69,3.6892,3.6892,8386,30883.9608
